subseq_start_index,matrix_profile_value,gt_subseq,pred_label_best,score
0,2.1763604987479717,0,0,2.1763604987479717
1,1.8106561560925478,0,0,1.8106561560925478
2,2.304508773043039,0,0,2.304508773043039
3,2.304508773043039,0,0,2.304508773043039
4,2.304508773043039,0,0,2.304508773043039
5,2.4897769552245523,0,0,2.4897769552245523
6,2.4897769552245523,0,0,2.4897769552245523
7,2.3403886953231536,0,0,2.3403886953231536
8,2.3403886953231536,0,0,2.3403886953231536
9,2.3403886953231536,0,0,2.3403886953231536
10,2.3403886953231536,0,0,2.3403886953231536
11,3.154710168111334,0,0,3.154710168111334
12,3.345689442969373,0,0,3.345689442969373
13,3.4670760211415783,0,0,3.4670760211415783
14,3.4670760211415783,0,0,3.4670760211415783
15,3.4670760211415783,0,0,3.4670760211415783
16,3.4670760211415783,0,0,3.4670760211415783
17,3.4670760211415783,0,0,3.4670760211415783
18,4.047904293203214,0,0,4.047904293203214
19,4.610811282886936,0,0,4.610811282886936
20,4.200788034676364,0,0,4.200788034676364
21,4.200788034676364,0,0,4.200788034676364
22,4.200788034676364,0,0,4.200788034676364
23,4.714704965651165,0,0,4.714704965651165
24,4.91499444566195,0,0,4.91499444566195
25,4.8419911181367885,0,0,4.8419911181367885
26,4.43373632222035,0,0,4.43373632222035
27,4.43373632222035,0,0,4.43373632222035
28,4.433736322220349,0,0,4.433736322220349
29,4.9186022039976045,0,0,4.9186022039976045
30,5.0041858892799125,0,0,5.0041858892799125
31,5.111567308719384,0,0,5.111567308719384
32,5.038048537078088,0,0,5.038048537078088
33,5.038048537078088,0,0,5.038048537078088
34,5.038048537078088,0,0,5.038048537078088
35,5.038048537078086,0,0,5.038048537078086
36,5.038048537078086,0,0,5.038048537078086
37,4.852241479324886,0,0,4.852241479324886
38,4.168991186379784,0,0,4.168991186379784
39,4.168991186379784,0,0,4.168991186379784
40,4.168991186379784,0,0,4.168991186379784
41,4.168991186379783,0,0,4.168991186379783
42,4.168991186379783,0,0,4.168991186379783
43,4.146569449523858,0,0,4.146569449523858
44,4.256459373624284,0,0,4.256459373624284
45,4.256459373624285,0,0,4.256459373624285
46,4.256459373624285,0,0,4.256459373624285
47,4.256459373624285,0,0,4.256459373624285
48,4.256459373624285,0,0,4.256459373624285
49,4.0137529390544,0,0,4.0137529390544
50,4.445130038922294,0,0,4.445130038922294
51,5.46494949972683,0,0,5.46494949972683
52,5.46494949972683,0,0,5.46494949972683
53,5.46494949972683,0,0,5.46494949972683
54,5.462673925176985,0,0,5.462673925176985
55,5.001743232364359,0,0,5.001743232364359
56,4.596888564501997,0,0,4.596888564501997
57,5.356022947891334,0,0,5.356022947891334
58,5.355803356850786,0,0,5.355803356850786
59,5.233216517605154,0,0,5.233216517605154
60,5.233216517605154,0,0,5.233216517605154
61,5.233216517605154,0,0,5.233216517605154
62,5.204035822994264,0,0,5.204035822994264
63,5.601965993111648,0,1,5.601965993111648
64,5.845382242828559,0,1,5.845382242828559
65,5.794486529062325,0,1,5.794486529062325
66,5.411112611420712,0,0,5.411112611420712
67,5.411112611420712,0,0,5.411112611420712
68,5.5680205875928355,0,0,5.5680205875928355
69,5.182109650277624,0,0,5.182109650277624
70,5.182109650277624,0,0,5.182109650277624
71,5.182109650277624,0,0,5.182109650277624
72,5.182109650277624,0,0,5.182109650277624
73,5.182109650277624,0,0,5.182109650277624
74,5.299442505900524,0,0,5.299442505900524
75,5.558119608078481,0,0,5.558119608078481
76,5.645815330409122,0,1,5.645815330409122
77,5.454881738875712,0,0,5.454881738875712
78,5.628963876978397,0,1,5.628963876978397
79,5.628963876978397,0,1,5.628963876978397
80,5.58361759854979,0,1,5.58361759854979
81,5.23732379360611,0,0,5.23732379360611
82,5.23732379360611,0,0,5.23732379360611
83,5.23732379360611,0,0,5.23732379360611
84,4.8580405950627545,0,0,4.8580405950627545
85,3.966985388042082,0,0,3.966985388042082
86,3.966985388042082,0,0,3.966985388042082
87,2.871469810240915,0,0,2.871469810240915
88,2.871469810240917,0,0,2.871469810240917
89,2.871469810240917,0,0,2.871469810240917
90,2.6998076986072954,0,0,2.6998076986072954
91,2.6998076986072954,0,0,2.6998076986072954
92,2.6998076986072936,0,0,2.6998076986072936
93,2.319702122262827,0,0,2.319702122262827
94,1.8323058776865608,0,0,1.8323058776865608
95,1.8323058776865608,0,0,1.8323058776865608
96,2.215925786678048,0,0,2.215925786678048
97,2.6294813273573823,0,0,2.6294813273573823
98,2.6294813273573823,0,0,2.6294813273573823
99,2.6294813273573823,0,0,2.6294813273573823
100,2.62948132735738,0,0,2.62948132735738
101,2.7605656411459885,0,0,2.7605656411459885
102,3.915319042829549,0,0,3.915319042829549
103,4.581830621459669,0,0,4.581830621459669
104,4.581830621459669,0,0,4.581830621459669
105,4.5818306214596705,0,0,4.5818306214596705
106,4.5818306214596705,0,0,4.5818306214596705
107,4.793931737177353,0,0,4.793931737177353
108,4.7939317371773535,0,0,4.7939317371773535
109,4.6453786013874945,0,0,4.6453786013874945
110,4.604677857889343,0,0,4.604677857889343
111,4.604677857889343,0,0,4.604677857889343
112,4.604677857889343,0,0,4.604677857889343
113,4.25351734052651,0,0,4.25351734052651
114,4.25351734052651,0,0,4.25351734052651
115,4.081966620996348,0,0,4.081966620996348
116,3.8046530771509244,0,0,3.8046530771509244
117,3.804653077150927,0,0,3.804653077150927
118,3.804653077150927,0,0,3.804653077150927
119,2.9812527269615097,0,0,2.9812527269615097
120,2.9812527269615097,0,0,2.9812527269615097
121,3.04753132919813,0,0,3.04753132919813
122,2.6505670497721066,0,0,2.6505670497721066
123,2.6505670497721066,0,0,2.6505670497721066
124,2.6505670497721066,0,0,2.6505670497721066
125,2.577569322573243,0,0,2.577569322573243
126,2.577569322573243,0,0,2.577569322573243
127,2.644721290965564,0,0,2.644721290965564
128,2.634157164143251,0,0,2.634157164143251
129,2.634157164143251,0,0,2.634157164143251
130,2.634157164143251,0,0,2.634157164143251
131,2.634157164143251,0,0,2.634157164143251
132,2.634157164143251,0,0,2.634157164143251
133,2.679306402144505,0,0,2.679306402144505
134,2.84242405750312,0,0,2.84242405750312
135,2.84242405750312,0,0,2.84242405750312
136,3.2043327287575463,0,0,3.2043327287575463
137,3.2043327287575463,0,0,3.2043327287575463
138,3.2040800564963705,0,0,3.2040800564963705
139,3.1915423466379993,0,0,3.1915423466379993
140,2.331835054720908,0,0,2.331835054720908
141,1.8407901057448322,0,0,1.8407901057448322
142,1.8407901057448322,0,0,1.8407901057448322
143,1.8407901057448322,0,0,1.8407901057448322
144,1.8407901057448322,0,0,1.8407901057448322
145,1.739352984172518,0,0,1.739352984172518
146,1.3384853913620822,0,0,1.3384853913620822
147,0.5090101036116133,0,0,0.5090101036116133
148,0.5090101036116133,0,0,0.5090101036116133
149,0.5090101036116133,0,0,0.5090101036116133
150,0.5090101036116133,0,0,0.5090101036116133
151,1.2560345733260436,0,0,1.2560345733260436
152,1.2560345733260436,0,0,1.2560345733260436
153,0.7824485055370529,0,0,0.7824485055370529
154,0.7824485055370529,0,0,0.7824485055370529
155,0.7824485055370529,0,0,0.7824485055370529
156,0.7824485055370529,0,0,0.7824485055370529
157,0.8923664149113738,0,0,0.8923664149113738
158,0.8923664149113738,0,0,0.8923664149113738
159,0.9324325802144849,0,0,0.9324325802144849
160,0.9324325802144849,0,0,0.9324325802144849
161,0.9324325802144849,0,0,0.9324325802144849
162,0.9324325802144849,0,0,0.9324325802144849
163,0.8923664149113738,0,0,0.8923664149113738
164,0.8923664149113738,0,0,0.8923664149113738
165,0.9324325802144849,0,0,0.9324325802144849
166,0.9324325802144849,0,0,0.9324325802144849
167,0.9324325802144849,0,0,0.9324325802144849
168,0.9324325802144849,0,0,0.9324325802144849
169,1.0656649851955398,0,0,1.0656649851955398
170,1.0656649851955398,0,0,1.0656649851955398
171,1.07846843691514,0,0,1.07846843691514
172,1.0784684369151452,0,0,1.0784684369151452
173,1.0784684369151452,0,0,1.0784684369151452
174,1.0784684369151452,0,0,1.0784684369151452
175,1.606683292696394,0,0,1.606683292696394
176,1.606683292696394,0,0,1.606683292696394
177,1.6816558708721132,0,0,1.6816558708721132
178,1.6817534750820182,0,0,1.6817534750820182
179,1.6817534750820182,0,0,1.6817534750820182
180,1.6817534750820182,0,0,1.6817534750820182
181,1.9920983272521888,0,0,1.9920983272521888
182,1.9920983272521888,0,0,1.9920983272521888
183,1.8106561560925478,0,0,1.8106561560925478
184,2.1327908618332234,0,0,2.1327908618332234
185,2.1327908618332234,0,0,2.1327908618332234
186,2.1327908618332234,0,0,2.1327908618332234
187,2.9885889549413025,0,0,2.9885889549413025
188,2.9885889549413025,0,0,2.9885889549413025
189,2.9479498433700604,0,0,2.9479498433700604
190,3.180425118476875,0,0,3.180425118476875
191,3.180425118476875,0,0,3.180425118476875
192,3.1804251184768715,0,0,3.1804251184768715
193,3.475731336646789,0,0,3.475731336646789
194,3.475731336646789,0,0,3.475731336646789
195,3.1428487227085036,0,0,3.1428487227085036
196,3.128598536231114,0,0,3.128598536231114
197,3.128598536231114,0,0,3.128598536231114
198,3.1285985362311104,0,0,3.1285985362311104
199,3.4482923630589424,0,0,3.4482923630589424
200,3.4482923630589424,0,0,3.4482923630589424
201,3.697160530168876,0,0,3.697160530168876
202,3.670237347393037,0,0,3.670237347393037
203,3.670237347393037,0,0,3.670237347393037
204,3.6702373473930328,0,0,3.6702373473930328
205,3.760768551242075,0,0,3.760768551242075
206,3.760768551242075,0,0,3.760768551242075
207,3.4039673677985314,0,0,3.4039673677985314
208,3.4545899268121483,0,0,3.4545899268121483
209,3.4545899268121483,0,0,3.4545899268121483
210,3.4545899268121483,0,0,3.4545899268121483
211,3.336669946977746,0,0,3.336669946977746
212,3.336669946977746,0,0,3.336669946977746
213,3.4330001398882817,0,0,3.4330001398882817
214,3.4521133645294966,0,0,3.4521133645294966
215,3.4521133645294966,0,0,3.4521133645294966
216,3.4521133645295015,0,0,3.4521133645295015
217,3.4647600516138675,0,0,3.4647600516138675
218,3.4647600516138692,0,0,3.4647600516138692
219,3.4521133645294966,0,0,3.4521133645294966
220,3.4647600516138692,0,0,3.4647600516138692
221,3.4647600516138692,0,0,3.4647600516138692
222,3.4647600516138692,0,0,3.4647600516138692
223,3.4501831280980046,0,0,3.4501831280980046
224,3.4501831280980046,0,0,3.4501831280980046
225,3.0884478151351256,0,0,3.0884478151351256
226,2.838746195932226,0,0,2.838746195932226
227,2.635854238023571,0,0,2.635854238023571
228,2.635481929485436,0,0,2.635481929485436
229,2.5834838955715203,0,0,2.5834838955715203
230,2.5834838955715203,0,0,2.5834838955715203
231,2.444939308567198,0,0,2.444939308567198
232,2.397345388198709,0,0,2.397345388198709
233,2.397345388198709,0,0,2.397345388198709
234,2.4449393085671915,0,0,2.4449393085671915
235,2.3973453881987066,0,0,2.3973453881987066
236,2.3973453881987066,0,0,2.3973453881987066
237,2.1783763527179527,0,0,2.1783763527179527
238,2.136702113096646,0,0,2.136702113096646
239,2.136702113096646,0,0,2.136702113096646
240,1.8855570629067648,0,0,1.8855570629067648
241,3.1509006363566336,0,0,3.1509006363566336
242,3.189969675024095,0,0,3.189969675024095
243,3.234231148104293,0,0,3.234231148104293
244,3.456810237300455,0,0,3.456810237300455
245,4.06910859760822,0,0,4.06910859760822
246,4.493715357754674,0,0,4.493715357754674
247,4.626018415871865,0,0,4.626018415871865
248,4.718129808121903,0,0,4.718129808121903
249,4.42246150222045,0,0,4.42246150222045
250,4.7335686250327855,0,0,4.7335686250327855
251,4.762014585557467,0,0,4.762014585557467
252,5.023313331558334,0,0,5.023313331558334
253,5.040494369262082,0,0,5.040494369262082
254,5.194470353047642,0,0,5.194470353047642
255,5.194470353047638,0,0,5.194470353047638
256,5.450012604156913,0,0,5.450012604156913
257,5.683247136881211,0,1,5.683247136881211
258,5.589831533467885,0,1,5.589831533467885
259,5.810555727690538,0,1,5.810555727690538
260,5.924919084402385,0,1,5.924919084402385
261,6.238736448256164,0,1,6.238736448256164
262,6.258980559980182,0,1,6.258980559980182
263,5.549923081017563,0,0,5.549923081017563
264,5.6202154150928845,0,1,5.6202154150928845
265,5.921990943577236,0,1,5.921990943577236
266,5.929294027348296,0,1,5.929294027348296
267,5.929294027348293,0,1,5.929294027348293
268,5.711025459584392,0,1,5.711025459584392
269,5.711025459584392,0,1,5.711025459584392
270,5.721504240244176,0,1,5.721504240244176
271,5.721504240244176,0,1,5.721504240244176
272,5.783173468785743,0,1,5.783173468785743
273,6.357010415667204,0,1,6.357010415667204
274,6.345526362755837,0,1,6.345526362755837
275,6.3480870896855235,0,1,6.3480870896855235
276,6.334897706971136,0,1,6.334897706971136
277,6.339136058563617,0,1,6.339136058563617
278,6.17569161611561,0,1,6.17569161611561
279,6.116562316936423,0,1,6.116562316936423
280,6.116562316936423,0,1,6.116562316936423
281,6.116562316936423,0,1,6.116562316936423
282,6.117623600799663,0,1,6.117623600799663
283,6.192236439579009,0,1,6.192236439579009
284,6.192236439579009,0,1,6.192236439579009
285,6.162689378528801,0,1,6.162689378528801
286,6.399866367480708,0,1,6.399866367480708
287,6.399866367480709,0,1,6.399866367480709
288,6.373450767870048,0,1,6.373450767870048
289,6.373450767870048,0,1,6.373450767870048
290,6.373450767870048,0,1,6.373450767870048
291,6.373450767870046,0,1,6.373450767870046
292,6.382308294900948,0,1,6.382308294900948
293,6.455670446844137,0,1,6.455670446844137
294,6.590654309700176,0,1,6.590654309700176
295,6.535961818378286,0,1,6.535961818378286
296,6.478180962568771,0,1,6.478180962568771
297,6.461824949953591,0,1,6.461824949953591
298,6.198085851931314,0,1,6.198085851931314
299,6.163514582498526,0,1,6.163514582498526
300,6.039662607895416,0,1,6.039662607895416
301,6.218732835021663,0,1,6.218732835021663
302,6.190708613247092,0,1,6.190708613247092
303,6.186402869413193,0,1,6.186402869413193
304,6.079812599592205,0,1,6.079812599592205
305,5.96129028715626,0,1,5.96129028715626
306,5.95564163931973,0,1,5.95564163931973
307,5.871703113430646,0,1,5.871703113430646
308,5.806784711844969,0,1,5.806784711844969
309,5.707150567319317,0,1,5.707150567319317
310,5.689860519535439,0,1,5.689860519535439
311,5.792514491925278,0,1,5.792514491925278
312,5.626956328594898,0,1,5.626956328594898
313,4.638110017515375,0,0,4.638110017515375
314,4.2854590161113615,0,0,4.2854590161113615
315,4.1366163514556415,0,0,4.1366163514556415
316,3.8507467794514896,0,0,3.8507467794514896
317,3.877788198630214,0,0,3.877788198630214
318,3.6015943584585766,0,0,3.6015943584585766
319,3.6020410421471225,0,0,3.6020410421471225
320,2.9764566655637097,0,0,2.9764566655637097
321,2.9874027117727975,0,0,2.9874027117727975
322,2.466036574984399,0,0,2.466036574984399
323,2.466036574984399,0,0,2.466036574984399
324,2.466036574984399,0,0,2.466036574984399
325,1.7222361884967399,0,0,1.7222361884967399
326,2.4154610300932666,0,0,2.4154610300932666
327,2.4788388612531618,0,0,2.4788388612531618
328,2.2383741991101704,0,0,2.2383741991101704
329,2.2383741991101704,0,0,2.2383741991101704
330,2.2383741991101704,0,0,2.2383741991101704
331,2.2383741991101704,0,0,2.2383741991101704
332,2.2383741991101704,0,0,2.2383741991101704
333,2.2383741991101704,0,0,2.2383741991101704
334,2.4614481315200596,0,0,2.4614481315200596
335,2.4614481315200596,0,0,2.4614481315200596
336,2.0790117772759507,0,0,2.0790117772759507
337,2.0790117772759507,0,0,2.0790117772759507
338,2.0790117772759507,0,0,2.0790117772759507
339,2.0790117772759507,0,0,2.0790117772759507
340,2.0790117772759507,0,0,2.0790117772759507
341,2.0790117772759507,0,0,2.0790117772759507
342,1.849507006549047,0,0,1.849507006549047
343,1.849507006549047,0,0,1.849507006549047
344,1.9638991239495853,0,0,1.9638991239495853
345,1.9638991239495853,0,0,1.9638991239495853
346,1.9638991239495853,0,0,1.9638991239495853
347,1.9638991239495853,0,0,1.9638991239495853
348,1.9638991239495853,0,0,1.9638991239495853
349,1.9638991239495853,0,0,1.9638991239495853
350,2.872388579796087,0,0,2.872388579796087
351,2.872388579796087,0,0,2.872388579796087
352,2.9629262021443816,0,0,2.9629262021443816
353,2.9629262021443816,0,0,2.9629262021443816
354,2.9629262021443816,0,0,2.9629262021443816
355,2.9629262021443816,0,0,2.9629262021443816
356,2.9629262021443856,0,0,2.9629262021443856
357,2.9629262021443856,0,0,2.9629262021443856
358,3.1807239604354827,0,0,3.1807239604354827
359,3.1807239604354827,0,0,3.1807239604354827
360,2.2153634739780927,0,0,2.2153634739780927
361,2.215136476610374,0,0,2.215136476610374
362,2.2158586556789537,0,0,2.2158586556789537
363,3.155196260914987,0,0,3.155196260914987
364,3.1551962609149924,0,0,3.1551962609149924
365,3.1550993803858125,0,0,3.1550993803858125
366,2.987340563216301,0,0,2.987340563216301
367,2.987340563216301,0,0,2.987340563216301
368,2.5670976011588107,0,0,2.5670976011588107
369,2.5670976011588107,0,0,2.5670976011588107
370,2.5670976011588107,0,0,2.5670976011588107
371,2.5670976011588107,0,0,2.5670976011588107
372,2.5670976011588107,0,0,2.5670976011588107
373,2.5670976011588107,0,0,2.5670976011588107
374,2.817667517055328,0,0,2.817667517055328
375,2.8176500005701963,0,0,2.8176500005701963
376,2.7604348903033955,0,0,2.7604348903033955
377,2.7604348903033955,0,0,2.7604348903033955
378,2.7604348903033955,0,0,2.7604348903033955
379,2.7604348903033977,0,0,2.7604348903033977
380,2.7604348903033977,0,0,2.7604348903033977
381,2.7604348903033977,0,0,2.7604348903033977
382,2.8482213571130823,0,0,2.8482213571130823
383,2.848221357113084,0,0,2.848221357113084
384,3.8031818870082006,0,0,3.8031818870082006
385,3.8031818870082006,0,0,3.8031818870082006
386,3.7293773586250576,0,0,3.7293773586250576
387,3.729377358625055,0,0,3.729377358625055
388,3.8031818870082006,0,0,3.8031818870082006
389,3.8031818870082006,0,0,3.8031818870082006
390,3.5163951127064332,0,0,3.5163951127064332
391,3.5163951127064332,0,0,3.5163951127064332
392,2.7723703842562175,0,0,2.7723703842562175
393,2.7723703842562175,0,0,2.7723703842562175
394,2.7723703842562175,0,0,2.7723703842562175
395,2.7723703842562215,0,0,2.7723703842562215
396,2.7723703842562215,0,0,2.7723703842562215
397,2.7723703842562215,0,0,2.7723703842562215
398,3.101653714094403,0,0,3.101653714094403
399,3.101653714094403,0,0,3.101653714094403
400,2.959512098280135,0,0,2.959512098280135
401,2.862963672430447,0,0,2.862963672430447
402,2.862963672430447,0,0,2.862963672430447
403,2.862963672430447,0,0,2.862963672430447
404,2.862963672430447,0,0,2.862963672430447
405,2.862963672430447,0,0,2.862963672430447
406,2.803864776817765,0,0,2.803864776817765
407,2.7285264289996483,0,0,2.7285264289996483
408,1.9381568816041312,0,0,1.9381568816041312
409,1.9381568816041312,0,0,1.9381568816041312
410,1.9381568816041312,0,0,1.9381568816041312
411,1.9381568816041312,0,0,1.9381568816041312
412,1.9381568816041312,0,0,1.9381568816041312
413,1.9381568816041312,0,0,1.9381568816041312
414,1.8035935926971471,0,0,1.8035935926971471
415,1.8035935926971471,0,0,1.8035935926971471
416,1.2204871980523566,0,0,1.2204871980523566
417,1.2204871980523566,0,0,1.2204871980523566
418,1.2204871980523566,0,0,1.2204871980523566
419,1.2204871980523566,0,0,1.2204871980523566
420,1.2204871980523566,0,0,1.2204871980523566
421,1.2204871980523566,0,0,1.2204871980523566
422,1.1188049626799108,0,0,1.1188049626799108
423,1.1188049626799108,0,0,1.1188049626799108
424,0.7808757380667781,0,0,0.7808757380667781
425,0.7808757380667781,0,0,0.7808757380667781
426,0.7808757380667781,0,0,0.7808757380667781
427,0.7808757380667781,0,0,0.7808757380667781
428,0.7808757380667781,0,0,0.7808757380667781
429,0.7808757380667781,0,0,0.7808757380667781
430,0.7303589713519543,0,0,0.7303589713519543
431,0.7303589713519543,0,0,0.7303589713519543
432,0.0,0,0,0.0
433,0.0,0,0,0.0
434,0.0,0,0,0.0
435,0.0,0,0,0.0
436,0.0,0,0,0.0
437,0.0,0,0,0.0
438,0.0,0,0,0.0
439,0.0,0,0,0.0
440,0.0,0,0,0.0
441,0.0,0,0,0.0
442,0.0,0,0,0.0
443,0.0,0,0,0.0
444,0.0,0,0,0.0
445,0.0,0,0,0.0
446,0.0,0,0,0.0
447,0.0,0,0,0.0
448,0.0,0,0,0.0
449,0.0,0,0,0.0
450,0.0,0,0,0.0
451,0.0,0,0,0.0
452,0.0,0,0,0.0
453,0.0,0,0,0.0
454,0.0,0,0,0.0
455,0.0,0,0,0.0
456,0.0,0,0,0.0
457,0.0,0,0,0.0
458,0.0,0,0,0.0
459,0.0,0,0,0.0
460,0.0,0,0,0.0
461,0.0,0,0,0.0
462,0.0,0,0,0.0
463,0.0,0,0,0.0
464,0.0,0,0,0.0
465,0.0,0,0,0.0
466,0.0,0,0,0.0
467,0.0,0,0,0.0
468,0.0,0,0,0.0
469,0.0,0,0,0.0
470,0.0,0,0,0.0
471,0.0,0,0,0.0
472,0.0,0,0,0.0
473,0.0,0,0,0.0
474,0.0,0,0,0.0
475,0.0,0,0,0.0
476,0.0,0,0,0.0
477,0.0,0,0,0.0
478,2.1073424255447017e-07,0,0,2.1073424255447017e-07
479,2.580956827951785e-07,0,0,2.580956827951785e-07
480,2.1073424255447017e-07,0,0,2.1073424255447017e-07
481,2.1073424255447017e-07,0,0,2.1073424255447017e-07
482,2.1073424255447017e-07,0,0,2.1073424255447017e-07
483,2.1073424255447017e-07,0,0,2.1073424255447017e-07
484,2.1073424255447017e-07,0,0,2.1073424255447017e-07
485,2.7877519926234645e-07,0,0,2.7877519926234645e-07
486,0.709169867894926,0,0,0.709169867894926
487,0.7091698678949416,0,0,0.7091698678949416
488,0.35392809810337156,0,0,0.35392809810337156
489,0.35392809810337156,0,0,0.35392809810337156
490,0.35392809810337156,0,0,0.35392809810337156
491,0.35392809810337156,0,0,0.35392809810337156
492,0.3539280981034029,0,0,0.3539280981034029
493,0.3539280981034029,0,0,0.3539280981034029
494,0.9431659042990972,0,0,0.9431659042990972
495,0.9431659042991031,0,0,0.9431659042991031
496,0.9371744656668602,0,0,0.9371744656668602
497,0.9371744656668602,0,0,0.9371744656668602
498,0.9371744656668602,0,0,0.9371744656668602
499,0.9371744656668602,0,0,0.9371744656668602
500,0.9371744656668721,0,0,0.9371744656668721
501,0.9371744656668721,0,0,0.9371744656668721
502,0.9660718612475994,0,0,0.9660718612475994
503,0.9660718612475994,0,0,0.9660718612475994
504,0.8178654096638779,0,0,0.8178654096638779
505,0.8178654096638779,0,0,0.8178654096638779
506,0.8178654096638779,0,0,0.8178654096638779
507,0.8178654096638779,0,0,0.8178654096638779
508,0.8178654096638779,0,0,0.8178654096638779
509,0.8178654096638779,0,0,0.8178654096638779
510,1.0777749761556603,0,0,1.0777749761556603
511,1.0777749761556603,0,0,1.0777749761556603
512,0.9784509699426817,0,0,0.9784509699426817
513,0.9784509699426817,0,0,0.9784509699426817
514,0.9784509699426817,0,0,0.9784509699426817
515,0.9784509699426817,0,0,0.9784509699426817
516,0.9784509699426817,0,0,0.9784509699426817
517,0.9784509699426873,0,0,0.9784509699426873
518,1.0124560904158495,0,0,1.0124560904158495
519,1.0124560904158495,0,0,1.0124560904158495
520,0.35392809810337156,0,0,0.35392809810337156
521,0.35392809810337156,0,0,0.35392809810337156
522,0.35392809810337156,0,0,0.35392809810337156
523,0.35392809810337156,0,0,0.35392809810337156
524,0.3539280981034029,0,0,0.3539280981034029
525,0.3539280981034029,0,0,0.3539280981034029
526,0.8017840111884189,0,0,0.8017840111884189
527,0.8017840111884189,0,0,0.8017840111884189
528,0.7952411612974295,0,0,0.7952411612974295
529,0.7952411612974295,0,0,0.7952411612974295
530,0.7952411612974295,0,0,0.7952411612974295
531,0.7952411612974295,0,0,0.7952411612974295
532,0.7952411612974295,0,0,0.7952411612974295
533,0.7952411612974295,0,0,0.7952411612974295
534,1.085067566172845,0,0,1.085067566172845
535,1.085067566172845,0,0,1.085067566172845
536,1.040729200068101,0,0,1.040729200068101
537,1.040729200068101,0,0,1.040729200068101
538,1.040729200068101,0,0,1.040729200068101
539,1.040729200068101,0,0,1.040729200068101
540,1.040729200068101,0,0,1.040729200068101
541,1.040729200068101,0,0,1.040729200068101
542,1.0850675661728553,0,0,1.0850675661728553
543,1.0850675661728553,0,0,1.0850675661728553
544,1.040729200068101,0,0,1.040729200068101
545,1.040729200068101,0,0,1.040729200068101
546,1.040729200068101,0,0,1.040729200068101
547,1.040729200068101,0,0,1.040729200068101
548,1.040729200068101,0,0,1.040729200068101
549,1.040729200068101,0,0,1.040729200068101
550,1.598249594844209,0,0,1.598249594844209
551,1.598249594844209,0,0,1.598249594844209
552,1.6923245604230608,0,0,1.6923245604230608
553,1.6923245604230608,0,0,1.6923245604230608
554,1.6923245604230575,0,0,1.6923245604230575
555,1.6923245604230575,0,0,1.6923245604230575
556,1.6923245604230575,0,0,1.6923245604230575
557,1.6923245604230575,0,0,1.6923245604230575
558,1.662028831007133,0,0,1.662028831007133
559,1.662028831007133,0,0,1.662028831007133
560,1.6341187666612491,0,0,1.6341187666612491
561,1.6341187666612491,0,0,1.6341187666612491
562,1.6341187666612524,0,0,1.6341187666612524
563,1.6341187666612524,0,0,1.6341187666612524
564,1.6340281581593148,0,0,1.6340281581593148
565,1.6340281581593148,0,0,1.6340281581593148
566,1.7908611056259456,0,0,1.7908611056259456
567,1.7908611056259518,0,0,1.7908611056259518
568,1.2555787426383926,0,0,1.2555787426383926
569,1.2555787426383838,0,0,1.2555787426383838
570,1.2555787426383838,0,0,1.2555787426383838
571,1.2555787426383838,0,0,1.2555787426383838
572,1.2553970485928645,0,0,1.2553970485928645
573,1.2553970485928645,0,0,1.2553970485928645
574,2.233023766498172,0,0,2.233023766498172
575,2.233023766498172,0,0,2.233023766498172
576,1.5421748362378236,0,0,1.5421748362378236
577,3.609542768353058,0,0,3.609542768353058
578,3.609542768353058,0,0,3.609542768353058
579,3.57182833397073,0,0,3.57182833397073
580,3.8560811045160004,0,0,3.8560811045160004
581,3.8560811045160004,0,0,3.8560811045160004
582,3.8560811045160004,0,0,3.8560811045160004
583,4.261093299526238,0,0,4.261093299526238
584,4.57803594001084,0,0,4.57803594001084
585,5.613956446236724,0,1,5.613956446236724
586,5.613956446236724,0,1,5.613956446236724
587,5.758288030076496,0,1,5.758288030076496
588,5.758288030076496,0,1,5.758288030076496
589,5.4837339196176105,0,0,5.4837339196176105
590,5.4837339196176105,0,0,5.4837339196176105
591,5.483733919617612,0,0,5.483733919617612
592,5.373141321562232,0,0,5.373141321562232
593,5.279764671724114,0,0,5.279764671724114
594,5.149210786802357,0,0,5.149210786802357
595,4.728935968175711,0,0,4.728935968175711
596,4.750817511829127,0,0,4.750817511829127
597,4.750817511829127,0,0,4.750817511829127
598,4.750817511829127,0,0,4.750817511829127
599,4.750817511829127,0,0,4.750817511829127
600,4.4185471384818396,0,0,4.4185471384818396
601,4.242321335434156,0,0,4.242321335434156
602,4.242321335434156,0,0,4.242321335434156
603,4.012100207147365,0,0,4.012100207147365
604,3.918357541096476,0,0,3.918357541096476
605,3.682742037328507,0,0,3.682742037328507
606,4.226679361890197,0,0,4.226679361890197
607,4.384035495118835,0,0,4.384035495118835
608,4.140474443557113,0,0,4.140474443557113
609,4.140474443557113,0,0,4.140474443557113
610,3.8118776755468193,0,0,3.8118776755468193
611,3.748513909799155,0,0,3.748513909799155
612,3.7710519418082997,0,0,3.7710519418082997
613,4.089972307954228,0,0,4.089972307954228
614,4.090605933446895,0,0,4.090605933446895
615,4.03928618114989,0,0,4.03928618114989
616,3.919147591244096,0,0,3.919147591244096
617,3.919147591244096,0,0,3.919147591244096
618,3.7970525174840137,0,0,3.7970525174840137
619,3.793547198650477,0,0,3.793547198650477
620,3.5156477798301826,0,0,3.5156477798301826
621,3.070774745507762,0,0,3.070774745507762
622,3.0697800371484942,0,0,3.0697800371484942
623,3.1693588544658007,0,0,3.1693588544658007
624,3.9139571115115235,0,0,3.9139571115115235
625,3.914267549031235,0,0,3.914267549031235
626,3.8206308880497732,0,0,3.8206308880497732
627,4.897602717156381,0,0,4.897602717156381
628,4.897602717156381,0,0,4.897602717156381
629,4.897602717156381,0,0,4.897602717156381
630,5.199334434762998,0,0,5.199334434762998
631,5.199334434762997,0,0,5.199334434762997
632,5.199334434762997,0,0,5.199334434762997
633,5.274344661664599,0,0,5.274344661664599
634,5.274344661664599,0,0,5.274344661664599
635,5.274344661664599,0,0,5.274344661664599
636,4.835180471773222,0,0,4.835180471773222
637,4.835180471773222,0,0,4.835180471773222
638,4.835180471773222,0,0,4.835180471773222
639,5.207497834194229,0,0,5.207497834194229
640,5.207497834194229,0,0,5.207497834194229
641,5.153149264728346,0,0,5.153149264728346
642,4.548784830500346,0,0,4.548784830500346
643,4.548784830500346,0,0,4.548784830500346
644,4.548784830500346,0,0,4.548784830500346
645,3.1878810323530065,0,0,3.1878810323530065
646,3.166165126598598,0,0,3.166165126598598
647,3.166165126598598,0,0,3.166165126598598
648,3.166165126598598,0,0,3.166165126598598
649,3.1656364003579265,0,0,3.1656364003579265
650,3.1656364003579265,0,0,3.1656364003579265
651,2.8274616424478562,0,0,2.8274616424478562
652,2.8274616424478562,0,0,2.8274616424478562
653,2.8274616424478562,0,0,2.8274616424478562
654,2.7650262789308213,0,0,2.7650262789308213
655,2.8943359719722683,0,0,2.8943359719722683
656,2.642545820280862,0,0,2.642545820280862
657,2.2751118180808625,0,0,2.2751118180808625
658,2.275111818080868,0,0,2.275111818080868
659,1.9722517027119582,0,0,1.9722517027119582
660,1.9722517027119582,0,0,1.9722517027119582
661,1.9722517027119582,0,0,1.9722517027119582
662,1.5072064220521857,0,0,1.5072064220521857
663,2.202085897852676,0,0,2.202085897852676
664,2.2321524377196753,0,0,2.2321524377196753
665,2.618271298628845,0,0,2.618271298628845
666,2.6496507616634557,0,0,2.6496507616634557
667,2.725657785795031,0,0,2.725657785795031
668,2.9634156405532646,0,0,2.9634156405532646
669,3.1176239486498023,0,0,3.1176239486498023
670,3.1176239486498023,0,0,3.1176239486498023
671,3.1176239486498023,0,0,3.1176239486498023
672,3.1176239486498023,0,0,3.1176239486498023
673,3.1176239486498023,0,0,3.1176239486498023
674,3.1176239486498023,0,0,3.1176239486498023
675,3.651262120451999,0,0,3.651262120451999
676,3.651262120451999,0,0,3.651262120451999
677,3.7348074958308954,0,0,3.7348074958308954
678,3.949245479882194,0,0,3.949245479882194
679,4.889699539819231,0,0,4.889699539819231
680,4.889699539819231,0,0,4.889699539819231
681,4.889699539819231,0,0,4.889699539819231
682,4.889699539819231,0,0,4.889699539819231
683,4.889699539819231,0,0,4.889699539819231
684,4.942394364738138,0,0,4.942394364738138
685,4.864854194435253,0,0,4.864854194435253
686,4.912534973986486,0,0,4.912534973986486
687,4.9120042911345125,0,0,4.9120042911345125
688,4.896608411154022,0,0,4.896608411154022
689,5.078016595128576,0,0,5.078016595128576
690,5.220555945454604,0,0,5.220555945454604
691,5.220555945454605,0,0,5.220555945454605
692,5.220555945454605,0,0,5.220555945454605
693,5.220555945454605,0,0,5.220555945454605
694,4.906452890563156,0,0,4.906452890563156
695,2.7439869508856534,0,0,2.7439869508856534
696,2.7439869508856534,0,0,2.7439869508856534
697,2.5493912850114784,0,0,2.5493912850114784
698,2.548913205024462,0,0,2.548913205024462
699,4.319107383435212,0,0,4.319107383435212
700,4.25419091155548,0,0,4.25419091155548
701,4.25419091155548,0,0,4.25419091155548
702,4.1712881609911205,0,0,4.1712881609911205
703,4.1712881609911205,0,0,4.1712881609911205
704,3.4055766921032955,0,0,3.4055766921032955
705,3.2202849009827266,0,0,3.2202849009827266
706,3.8839867048745416,0,0,3.8839867048745416
707,3.22024543347606,0,0,3.22024543347606
708,3.22024543347606,0,0,3.22024543347606
709,3.22024543347606,0,0,3.22024543347606
710,3.22024543347606,0,0,3.22024543347606
711,3.203072954847767,0,0,3.203072954847767
712,2.6690456243571288,0,0,2.6690456243571288
713,2.6690456243571288,0,0,2.6690456243571288
714,2.6690456243571288,0,0,2.6690456243571288
715,2.4972565953745445,0,0,2.4972565953745445
716,2.4972565953745445,0,0,2.4972565953745445
717,2.658022577675674,0,0,2.658022577675674
718,3.0863887415369455,0,0,3.0863887415369455
719,2.958876597629775,0,0,2.958876597629775
720,2.5451614935842435,0,0,2.5451614935842435
721,2.5451614935842435,0,0,2.5451614935842435
722,2.5451614935842435,0,0,2.5451614935842435
723,2.5451614935842435,0,0,2.5451614935842435
724,2.545161493584248,0,0,2.545161493584248
725,2.545161493584248,0,0,2.545161493584248
726,2.545161493584248,0,0,2.545161493584248
727,3.8304417091196785,0,0,3.8304417091196785
728,3.991228630353823,0,0,3.991228630353823
729,3.8812038287230104,0,0,3.8812038287230104
730,3.8812038287230104,0,0,3.8812038287230104
731,3.8812038287230104,0,0,3.8812038287230104
732,3.4536314378289408,0,0,3.4536314378289408
733,4.0521000885566085,0,0,4.0521000885566085
734,4.0521000885566085,0,0,4.0521000885566085
735,4.0521000885566085,0,0,4.0521000885566085
736,4.04821772461768,0,0,4.04821772461768
737,4.04821772461768,0,0,4.04821772461768
738,3.9204149747840855,0,0,3.9204149747840855
739,3.8116922024394686,0,0,3.8116922024394686
740,3.8116922024394686,0,0,3.8116922024394686
741,3.8116922024394686,0,0,3.8116922024394686
742,3.8116922024394686,0,0,3.8116922024394686
743,3.8114076212435597,0,0,3.8114076212435597
744,3.9059509278179925,0,0,3.9059509278179925
745,3.8816002654342796,0,0,3.8816002654342796
746,3.8816002654342796,0,0,3.8816002654342796
747,3.3212410768952045,0,0,3.3212410768952045
748,3.3212410768952045,0,0,3.3212410768952045
749,3.3212410768952045,0,0,3.3212410768952045
750,3.3212410768952045,0,0,3.3212410768952045
751,3.3212410768952045,0,0,3.3212410768952045
752,3.3212410768952076,0,0,3.3212410768952076
753,3.4485101097864197,0,0,3.4485101097864197
754,3.784504882543448,0,0,3.784504882543448
755,3.784504882543448,0,0,3.784504882543448
756,2.575689164142603,0,0,2.575689164142603
757,2.575689164142603,0,0,2.575689164142603
758,2.575689164142603,0,0,2.575689164142603
759,2.254495260608567,0,0,2.254495260608567
760,2.254495260608567,0,0,2.254495260608567
761,2.254495260608567,0,0,2.254495260608567
762,2.925535897764858,0,0,2.925535897764858
763,3.0890635729359235,0,0,3.0890635729359235
764,3.0890635729359235,0,0,3.0890635729359235
765,3.051931229847205,0,0,3.051931229847205
766,3.0401886545635524,0,0,3.0401886545635524
767,2.8704013739838645,0,0,2.8704013739838645
768,2.5958530418942014,0,0,2.5958530418942014
769,2.5958530418942014,0,0,2.5958530418942014
770,2.5958530418942014,0,0,2.5958530418942014
771,3.314227433812423,0,0,3.314227433812423
772,3.8416429434920323,0,0,3.8416429434920323
773,3.8416429434920323,0,0,3.8416429434920323
774,3.8416429434920323,0,0,3.8416429434920323
775,4.0554935823650675,0,0,4.0554935823650675
776,4.0554935823650675,0,0,4.0554935823650675
777,3.408249218191858,0,0,3.408249218191858
778,3.3267260365810234,0,0,3.3267260365810234
779,3.3267260365810234,0,0,3.3267260365810234
780,3.327024868852281,0,0,3.327024868852281
781,3.247729694200066,0,0,3.247729694200066
782,3.863272953454184,0,0,3.863272953454184
783,3.863272953454184,0,0,3.863272953454184
784,3.863272953454184,0,0,3.863272953454184
785,3.863272953454184,0,0,3.863272953454184
786,3.6287793082571462,0,0,3.6287793082571462
787,3.6287793082571462,0,0,3.6287793082571462
788,3.6287793082571462,0,0,3.6287793082571462
789,3.6287793082571462,0,0,3.6287793082571462
790,4.349956360853206,0,0,4.349956360853206
791,4.349956360853206,0,0,4.349956360853206
792,4.349956360853206,0,0,4.349956360853206
793,4.349956360853206,0,0,4.349956360853206
794,3.963790752761118,0,0,3.963790752761118
795,4.107515137370948,0,0,4.107515137370948
796,4.107515137370947,0,0,4.107515137370947
797,4.107241057381115,0,0,4.107241057381115
798,3.9915794595597083,0,0,3.9915794595597083
799,3.9921910742742357,0,0,3.9921910742742357
800,3.9921910742742357,0,0,3.9921910742742357
801,3.8933069341006075,0,0,3.8933069341006075
802,3.8933069341006075,0,0,3.8933069341006075
803,3.4921407428114484,0,0,3.4921407428114484
804,3.3618901653046387,0,0,3.3618901653046387
805,3.361890165304637,0,0,3.361890165304637
806,3.429396410872488,0,0,3.429396410872488
807,3.5432481242582226,0,0,3.5432481242582226
808,3.5432481242582226,0,0,3.5432481242582226
809,3.5432481242582226,0,0,3.5432481242582226
810,3.543467754185821,0,0,3.543467754185821
811,3.543467754185821,0,0,3.543467754185821
812,3.509283795163884,0,0,3.509283795163884
813,3.363117255169622,0,0,3.363117255169622
814,3.411446735909953,0,0,3.411446735909953
815,3.9379750373108138,0,0,3.9379750373108138
816,4.050039558782046,0,0,4.050039558782046
817,4.050039558782046,0,0,4.050039558782046
818,4.050039558782046,0,0,4.050039558782046
819,4.050039558782046,0,0,4.050039558782046
820,4.050039558782046,0,0,4.050039558782046
821,4.366730846636361,0,0,4.366730846636361
822,4.446975963313294,0,0,4.446975963313294
823,4.446975963313294,0,0,4.446975963313294
824,4.651238353729128,0,0,4.651238353729128
825,4.651238353729128,0,0,4.651238353729128
826,4.651238353729128,0,0,4.651238353729128
827,5.186553610065474,0,0,5.186553610065474
828,5.186553610065474,0,0,5.186553610065474
829,5.418132061443784,0,0,5.418132061443784
830,5.5002358598912755,0,0,5.5002358598912755
831,5.353479318310577,0,0,5.353479318310577
832,5.299322528170065,0,0,5.299322528170065
833,5.14391756236014,0,0,5.14391756236014
834,5.14391756236014,0,0,5.14391756236014
835,5.143917562360137,0,0,5.143917562360137
836,5.143917562360137,0,0,5.143917562360137
837,5.143917562360137,0,0,5.143917562360137
838,5.379766060027015,0,0,5.379766060027015
839,5.1551592089627905,0,0,5.1551592089627905
840,3.5328446876880952,0,0,3.5328446876880952
841,3.5328446876880952,0,0,3.5328446876880952
842,3.1497439438708557,0,0,3.1497439438708557
843,2.8669586367646733,0,0,2.8669586367646733
844,2.8669586367646733,0,0,2.8669586367646733
845,2.6550781144570585,0,0,2.6550781144570585
846,2.6550781144570585,0,0,2.6550781144570585
847,2.6550781144570585,0,0,2.6550781144570585
848,2.633266575978544,0,0,2.633266575978544
849,2.5607751873432534,0,0,2.5607751873432534
850,1.4771001885662123,0,0,1.4771001885662123
851,2.1526542445480916,0,0,2.1526542445480916
852,2.1526542445480916,0,0,2.1526542445480916
853,1.531157142261184,0,0,1.531157142261184
854,1.531157142261184,0,0,1.531157142261184
855,1.531157142261184,0,0,1.531157142261184
856,0.9214736175132751,0,0,0.9214736175132751
857,0.8856217223384896,0,0,0.8856217223384896
858,0.8856217223384896,0,0,0.8856217223384896
859,0.8856217223384456,0,0,0.8856217223384456
860,0.8856217223384456,0,0,0.8856217223384456
861,0.8856217223384456,0,0,0.8856217223384456
862,0.8856217223384456,0,0,0.8856217223384456
863,0.8546218508808339,0,0,0.8546218508808339
864,0.8546218508808339,0,0,0.8546218508808339
865,0.6730387486084176,0,0,0.6730387486084176
866,0.6730387486084176,0,0,0.6730387486084176
867,0.6730387486084176,0,0,0.6730387486084176
868,0.6730387486084176,0,0,0.6730387486084176
869,0.6434522204841477,0,0,0.6434522204841477
870,0.6434522204841477,0,0,0.6434522204841477
871,2.980232238769531e-07,0,0,2.980232238769531e-07
872,2.980232238769531e-07,0,0,2.980232238769531e-07
873,2.980232238769531e-07,0,0,2.980232238769531e-07
874,3.1610136383170525e-07,0,0,3.1610136383170525e-07
875,0.9407867633301179,0,0,0.9407867633301179
876,0.9407867633301238,0,0,0.9407867633301238
877,0.7134876294898683,0,0,0.7134876294898683
878,0.7134876294898916,0,0,0.7134876294898916
879,0.7134876294898916,0,0,0.7134876294898916
880,0.7134876294898916,0,0,0.7134876294898916
881,1.7112544022539937,0,0,1.7112544022539937
882,1.7112544022539937,0,0,1.7112544022539937
883,2.3420063588165623,0,0,2.3420063588165623
884,2.34200635881657,0,0,2.34200635881657
885,2.879026803761933,0,0,2.879026803761933
886,2.879026803761933,0,0,2.879026803761933
887,3.882102853426001,0,0,3.882102853426001
888,3.882102853426001,0,0,3.882102853426001
889,4.503151512490185,0,0,4.503151512490185
890,4.463270609902693,0,0,4.463270609902693
891,4.230420060766403,0,0,4.230420060766403
892,4.230420060766403,0,0,4.230420060766403
893,4.2926833439925876,0,0,4.2926833439925876
894,4.2926833439925876,0,0,4.2926833439925876
895,4.079336253034302,0,0,4.079336253034302
896,4.586107776173518,0,0,4.586107776173518
897,4.190472556599312,0,0,4.190472556599312
898,4.190472556599315,0,0,4.190472556599315
899,4.190472556599315,0,0,4.190472556599315
900,4.190472556599315,0,0,4.190472556599315
901,3.361656476479651,0,0,3.361656476479651
902,4.512582878776867,0,0,4.512582878776867
903,4.291976863765626,0,0,4.291976863765626
904,4.29207076613543,0,0,4.29207076613543
905,4.292070766135427,0,0,4.292070766135427
906,4.292070766135427,0,0,4.292070766135427
907,4.338582286996939,0,0,4.338582286996939
908,4.338582286996939,0,0,4.338582286996939
909,4.351506014893735,0,0,4.351506014893735
910,4.351506014893735,0,0,4.351506014893735
911,4.351506014893735,0,0,4.351506014893735
912,4.203043747566257,0,0,4.203043747566257
913,3.586262469502578,0,0,3.586262469502578
914,3.586262469502578,0,0,3.586262469502578
915,4.338663738127883,0,0,4.338663738127883
916,4.338663738127883,0,0,4.338663738127883
917,4.338663738127883,0,0,4.338663738127883
918,4.6157286376775835,0,0,4.6157286376775835
919,3.666404599498714,0,0,3.666404599498714
920,3.666404599498714,0,0,3.666404599498714
921,2.871469810240915,0,0,2.871469810240915
922,2.871469810240917,0,0,2.871469810240917
923,2.871469810240917,0,0,2.871469810240917
924,2.6998076986072954,0,0,2.6998076986072954
925,2.6998076986072954,0,0,2.6998076986072954
926,2.6998076986072936,0,0,2.6998076986072936
927,2.319702122262827,0,0,2.319702122262827
928,1.8323058776865608,0,0,1.8323058776865608
929,1.8323058776865608,0,0,1.8323058776865608
930,2.215925786678048,0,0,2.215925786678048
931,2.6294813273573823,0,0,2.6294813273573823
932,2.6294813273573823,0,0,2.6294813273573823
933,2.6294813273573823,0,0,2.6294813273573823
934,2.62948132735738,0,0,2.62948132735738
935,2.3997795991288973,0,0,2.3997795991288973
936,2.2575770030447044,0,0,2.2575770030447044
937,2.2575770030447044,0,0,2.2575770030447044
938,2.2575770030447044,0,0,2.2575770030447044
939,2.2575770030447044,0,0,2.2575770030447044
940,2.2574227721760285,0,0,2.2574227721760285
941,2.3564246268577302,0,0,2.3564246268577302
942,2.324141031608234,0,0,2.324141031608234
943,2.324141031608234,0,0,2.324141031608234
944,2.324141031608234,0,0,2.324141031608234
945,2.324141031608234,0,0,2.324141031608234
946,2.323980350456851,0,0,2.323980350456851
947,2.097053720059694,0,0,2.097053720059694
948,1.9902620082240308,0,0,1.9902620082240308
949,1.9902620082240308,0,0,1.9902620082240308
950,1.8185908765274519,0,0,1.8185908765274519
951,1.8185908765274519,0,0,1.8185908765274519
952,1.8185908765274519,0,0,1.8185908765274519
953,1.4771001885662123,0,0,1.4771001885662123
954,2.1760703189469055,0,0,2.1760703189469055
955,2.1760703189469055,0,0,2.1760703189469055
956,1.9739433507194086,0,0,1.9739433507194086
957,1.974029006566343,0,0,1.974029006566343
958,1.974029006566343,0,0,1.974029006566343
959,1.4351855789331993,0,0,1.4351855789331993
960,1.5956041134932266,0,0,1.5956041134932266
961,1.5956041134932266,0,0,1.5956041134932266
962,1.8863218727144706,0,0,1.8863218727144706
963,1.8863218727144706,0,0,1.8863218727144706
964,2.86434467761367,0,0,2.86434467761367
965,2.86434467761367,0,0,2.86434467761367
966,2.7208201863715935,0,0,2.7208201863715935
967,2.7208201863715935,0,0,2.7208201863715935
968,3.518864898076128,0,0,3.518864898076128
969,3.518864898076128,0,0,3.518864898076128
970,3.3374437759986337,0,0,3.3374437759986337
971,3.3374437759986337,0,0,3.3374437759986337
972,4.101676411162744,0,0,4.101676411162744
973,4.101676411162744,0,0,4.101676411162744
974,4.701835783193849,0,0,4.701835783193849
975,5.021989425549729,0,0,5.021989425549729
976,5.021989425549729,0,0,5.021989425549729
977,5.021989425549729,0,0,5.021989425549729
978,4.8350848864338865,0,0,4.8350848864338865
979,4.8350848864338865,0,0,4.8350848864338865
980,5.021989425549729,0,0,5.021989425549729
981,5.371376261910289,0,0,5.371376261910289
982,5.371376261910289,0,0,5.371376261910289
983,5.371376261910289,0,0,5.371376261910289
984,5.335681767624016,0,0,5.335681767624016
985,5.335681767624016,0,0,5.335681767624016
986,5.32274053176366,0,0,5.32274053176366
987,5.656451636815508,0,1,5.656451636815508
988,5.6564516368155076,0,1,5.6564516368155076
989,5.6564516368155076,0,1,5.6564516368155076
990,5.2478417300377345,0,0,5.2478417300377345
991,5.2478417300377345,0,0,5.2478417300377345
992,5.340765533060458,0,0,5.340765533060458
993,5.163198794326437,0,0,5.163198794326437
994,5.165088849057428,0,0,5.165088849057428
995,5.008250143366611,0,0,5.008250143366611
996,4.809410738519137,0,0,4.809410738519137
997,4.809880835616257,0,0,4.809880835616257
998,4.577668262495914,0,0,4.577668262495914
999,4.771453374167185,0,0,4.771453374167185
1000,4.771838853491589,0,0,4.771838853491589
1001,4.771838853491589,0,0,4.771838853491589
1002,4.682081419658887,0,0,4.682081419658887
1003,4.499439357932981,0,0,4.499439357932981
1004,4.483385695285231,0,0,4.483385695285231
1005,4.365430945829074,0,0,4.365430945829074
1006,4.365430945829075,0,0,4.365430945829075
1007,4.365346664537855,0,0,4.365346664537855
1008,4.426394918189304,0,0,4.426394918189304
1009,4.426857087245601,0,0,4.426857087245601
1010,4.208316357545454,0,0,4.208316357545454
1011,4.326057066066681,0,0,4.326057066066681
1012,4.200716137331074,0,0,4.200716137331074
1013,4.112803682136951,0,0,4.112803682136951
1014,4.095781309666671,0,0,4.095781309666671
1015,4.095781309666673,0,0,4.095781309666673
1016,3.9235732614230483,0,0,3.9235732614230483
1017,3.941035914967098,0,0,3.941035914967098
1018,3.8115822660505816,0,0,3.8115822660505816
1019,3.9696940821707254,0,0,3.9696940821707254
1020,3.450101624472898,0,0,3.450101624472898
1021,3.450101624472898,0,0,3.450101624472898
1022,3.8106444901924865,0,0,3.8106444901924865
1023,3.9267198992145893,0,0,3.9267198992145893
1024,4.172775636226504,0,0,4.172775636226504
1025,4.152782595523558,0,0,4.152782595523558
1026,4.6103224292220775,0,0,4.6103224292220775
1027,4.6103224292220775,0,0,4.6103224292220775
1028,4.6226800626626705,0,0,4.6226800626626705
1029,4.983998106727751,0,0,4.983998106727751
1030,4.983998106727751,0,0,4.983998106727751
1031,4.993997823439172,0,0,4.993997823439172
1032,5.04856182784971,0,0,5.04856182784971
1033,4.8317613527482095,0,0,4.8317613527482095
1034,4.650030155143226,0,0,4.650030155143226
1035,4.37658750185243,0,0,4.37658750185243
1036,4.650630275954468,0,0,4.650630275954468
1037,4.78552159274918,0,0,4.78552159274918
1038,4.771180299904809,0,0,4.771180299904809
1039,4.771180299904809,0,0,4.771180299904809
1040,4.797720543112034,0,0,4.797720543112034
1041,4.6783900574054735,0,0,4.6783900574054735
1042,4.905622556426246,0,0,4.905622556426246
1043,4.569702423725298,0,0,4.569702423725298
1044,4.630406323885902,0,0,4.630406323885902
1045,4.630406323885902,0,0,4.630406323885902
1046,4.906518805552941,0,0,4.906518805552941
1047,4.981632871753128,0,0,4.981632871753128
1048,4.98163287175313,0,0,4.98163287175313
1049,4.81534562934451,0,0,4.81534562934451
1050,5.28486383112385,0,0,5.28486383112385
1051,5.28486383112385,0,0,5.28486383112385
1052,5.218187892125178,0,0,5.218187892125178
1053,4.914920420933089,0,0,4.914920420933089
1054,4.914920420933089,0,0,4.914920420933089
1055,4.945634602291013,0,0,4.945634602291013
1056,4.916443309821711,0,0,4.916443309821711
1057,4.916443309821711,0,0,4.916443309821711
1058,4.881764282168356,0,0,4.881764282168356
1059,4.839415516217948,0,0,4.839415516217948
1060,4.839415516217948,0,0,4.839415516217948
1061,4.734097873499953,0,0,4.734097873499953
1062,4.690047240568846,0,0,4.690047240568846
1063,4.690047240568846,0,0,4.690047240568846
1064,4.643756952019779,0,0,4.643756952019779
1065,5.120265803149787,0,0,5.120265803149787
1066,5.120265803149787,0,0,5.120265803149787
1067,5.014071625415265,0,0,5.014071625415265
1068,4.88553426125929,0,0,4.88553426125929
1069,4.885534261259291,0,0,4.885534261259291
1070,4.639616381561681,0,0,4.639616381561681
1071,4.7258511364402525,0,0,4.7258511364402525
1072,4.540140218562515,0,0,4.540140218562515
1073,4.467409796115135,0,0,4.467409796115135
1074,4.090249961018429,0,0,4.090249961018429
1075,4.3911591373944905,0,0,4.3911591373944905
1076,4.595000960756458,0,0,4.595000960756458
1077,4.798387964809791,0,0,4.798387964809791
1078,4.979281679108311,0,0,4.979281679108311
1079,4.559810599923404,0,0,4.559810599923404
1080,4.7335686250327855,0,0,4.7335686250327855
1081,4.299473175281492,0,0,4.299473175281492
1082,4.244125570535325,0,0,4.244125570535325
1083,4.7014487200873125,0,0,4.7014487200873125
1084,4.714738268207477,0,0,4.714738268207477
1085,4.710866153193871,0,0,4.710866153193871
1086,4.763041372022582,0,0,4.763041372022582
1087,4.736300832889626,0,0,4.736300832889626
1088,4.651496934039382,0,0,4.651496934039382
1089,4.596442755410853,0,0,4.596442755410853
1090,4.677286934622236,0,0,4.677286934622236
1091,4.690524809784052,0,0,4.690524809784052
1092,4.639909258707475,0,0,4.639909258707475
1093,4.68708187266915,0,0,4.68708187266915
1094,4.693354789647724,0,0,4.693354789647724
1095,4.768028975623756,0,0,4.768028975623756
1096,4.830327481617104,0,0,4.830327481617104
1097,4.831029742813529,0,0,4.831029742813529
1098,4.845282647397622,0,0,4.845282647397622
1099,4.856099449811823,0,0,4.856099449811823
1100,4.85988767357824,0,0,4.85988767357824
1101,4.809781231066299,0,0,4.809781231066299
1102,4.810093392201103,0,0,4.810093392201103
1103,4.826118054451666,0,0,4.826118054451666
1104,4.8218188665065815,0,0,4.8218188665065815
1105,4.809369415056035,0,0,4.809369415056035
1106,4.819092177632639,0,0,4.819092177632639
1107,4.804273430023113,0,0,4.804273430023113
1108,4.784902519855565,0,0,4.784902519855565
1109,4.750012688952496,0,0,4.750012688952496
1110,4.714943075905069,0,0,4.714943075905069
1111,4.71494307590507,0,0,4.71494307590507
1112,0.35889094885638867,1,0,0.35889094885638867
1113,0.3598715388379268,1,0,0.3598715388379268
1114,0.3584182806691234,1,0,0.3584182806691234
1115,0.3532246564983067,1,0,0.3532246564983067
1116,0.35073147184172626,1,0,0.35073147184172626
1117,0.34776186047168595,1,0,0.34776186047168595
1118,0.34188697923004197,1,0,0.34188697923004197
1119,0.33907877611292725,1,0,0.33907877611292725
1120,0.3358725905684045,1,0,0.3358725905684045
1121,0.33509348292961527,1,0,0.33509348292961527
1122,0.33171934705465356,1,0,0.33171934705465356
1123,0.32809708162631074,1,0,0.32809708162631074
1124,0.3298888114504474,1,0,0.3298888114504474
1125,0.33366366479307286,1,0,0.33366366479307286
1126,0.3371414982830216,1,0,0.3371414982830216
1127,0.34081941267904076,1,0,0.34081941267904076
1128,0.34457121911986816,1,0,0.34457121911986816
1129,0.3478812166014146,1,0,0.3478812166014146
1130,0.3510905338016685,1,0,0.3510905338016685
1131,0.21812238025687664,1,0,0.21812238025687664
1132,0.2226372305780165,1,0,0.2226372305780165
1133,0.1825299741872563,1,0,0.1825299741872563
1134,0.1812407486886281,1,0,0.1812407486886281
1135,0.18281455813474767,1,0,0.18281455813474767
1136,0.18754263927224787,1,0,0.18754263927224787
1137,0.18956540909423295,1,0,0.18956540909423295
1138,0.1917032665171887,1,0,0.1917032665171887
1139,0.19476091171318502,1,0,0.19476091171318502
1140,0.19581740034612918,1,0,0.19581740034612918
1141,0.19633630798994164,1,0,0.19633630798994164
1142,0.19650256731163326,1,0,0.19650256731163326
1143,0.19631744410503227,1,0,0.19631744410503227
1144,0.19631744410503227,1,0,0.19631744410503227
1145,0.19856094760829263,1,0,0.19856094760829263
1146,0.19856094760829263,1,0,0.19856094760829263
1147,0.20023795142792097,1,0,0.20023795142792097
1148,0.19913915348757694,1,0,0.19913915348757694
1149,0.20043395584155604,1,0,0.20043395584155604
1150,0.20087860927470888,1,0,0.20087860927470888
1151,0.19899069916249307,1,0,0.19899069916249307
1152,0.1970535771217069,1,0,0.1970535771217069
1153,0.1929689103184453,1,0,0.1929689103184453
1154,0.19035888175139584,1,0,0.19035888175139584
1155,0.18887460667192138,1,0,0.18887460667192138
1156,0.18715672163130803,1,0,0.18715672163130803
1157,0.18353355304749744,1,0,0.18353355304749744
1158,0.18118733757490868,1,0,0.18118733757490868
1159,0.17926793788779818,1,0,0.17926793788779818
1160,0.17683056476728776,1,0,0.17683056476728776
1161,0.17582270668372496,1,0,0.17582270668372496
1162,6.316458797952712,0,1,6.316458797952712
1163,6.334348551144202,0,1,6.334348551144202
1164,6.2444229238267965,0,1,6.2444229238267965
1165,6.282320772050744,0,1,6.282320772050744
1166,6.19045691381005,0,1,6.19045691381005
1167,6.001574909747364,0,1,6.001574909747364
1168,6.121652308946459,0,1,6.121652308946459
1169,5.8650325063419695,0,1,5.8650325063419695
1170,5.978875123906046,0,1,5.978875123906046
1171,5.978875123906048,0,1,5.978875123906048
1172,5.680610024209285,0,1,5.680610024209285
1173,5.327232385904476,0,0,5.327232385904476
1174,4.195417643830094,0,0,4.195417643830094
1175,4.778411005305655,0,0,4.778411005305655
1176,5.217174186396433,0,0,5.217174186396433
1177,5.217174186396433,0,0,5.217174186396433
1178,5.313792199578323,0,0,5.313792199578323
1179,5.674804194289051,0,1,5.674804194289051
1180,5.674316473502124,0,1,5.674316473502124
1181,5.629845332973186,0,1,5.629845332973186
1182,5.629845332973188,0,1,5.629845332973188
1183,6.116325215822701,0,1,6.116325215822701
1184,5.997880276167206,0,1,5.997880276167206
1185,5.9540675182420175,0,1,5.9540675182420175
1186,5.9540675182420175,0,1,5.9540675182420175
1187,5.797484051449629,0,1,5.797484051449629
1188,5.797484051449629,0,1,5.797484051449629
1189,5.433858282728261,0,0,5.433858282728261
1190,4.7398670846750335,0,0,4.7398670846750335
1191,4.349250346200417,0,0,4.349250346200417
1192,4.349968842263681,0,0,4.349968842263681
1193,3.737944203068602,0,0,3.737944203068602
1194,3.737944203068602,0,0,3.737944203068602
1195,3.982056260690989,0,0,3.982056260690989
1196,3.4610900234812263,0,0,3.4610900234812263
1197,2.4536734311613113,0,0,2.4536734311613113
1198,2.4536734311613113,0,0,2.4536734311613113
1199,2.4576077093965942,0,0,2.4576077093965942
1200,2.4576077093965942,0,0,2.4576077093965942
1201,2.4576077093965942,0,0,2.4576077093965942
1202,2.0842552964089163,0,0,2.0842552964089163
1203,2.99292063205825,0,0,2.99292063205825
1204,2.992920632058246,0,0,2.992920632058246
1205,2.992920632058248,0,0,2.992920632058248
1206,2.992920632058248,0,0,2.992920632058248
1207,3.274930409189594,0,0,3.274930409189594
1208,3.274930409189594,0,0,3.274930409189594
1209,2.9617042979580077,0,0,2.9617042979580077
1210,2.9282170902735647,0,0,2.9282170902735647
1211,2.9133817287684427,0,0,2.9133817287684427
1212,2.9133817287684427,0,0,2.9133817287684427
1213,2.5843494929416826,0,0,2.5843494929416826
1214,2.5843494929416826,0,0,2.5843494929416826
1215,3.0371818887875364,0,0,3.0371818887875364
1216,3.0371818887875364,0,0,3.0371818887875364
1217,5.041340920051948,0,0,5.041340920051948
1218,5.041340920051948,0,0,5.041340920051948
1219,5.0516103874444225,0,0,5.0516103874444225
1220,0.4457427768575139,0,0,0.4457427768575139
1221,0.4387372072398032,0,0,0.4387372072398032
1222,0.44829276538561563,0,0,0.44829276538561563
1223,0.44106063441593835,0,0,0.44106063441593835
1224,0.44106063441593835,0,0,0.44106063441593835
1225,0.4338830855240944,0,0,0.4338830855240944
1226,0.4410785214764246,0,0,0.4410785214764246
1227,0.4410785214764246,0,0,0.4410785214764246
1228,0.4410785214764246,0,0,0.4410785214764246
1229,0.4410195496402475,0,0,0.4410195496402475
1230,0.4510319343210262,0,0,0.4510319343210262
1231,0.4510361533962665,0,0,0.4510361533962665
1232,0.4534310367575877,0,0,0.4534310367575877
1233,0.4476875334664561,0,0,0.4476875334664561
1234,0.4503370937223657,0,0,0.4503370937223657
1235,0.4564477629577653,0,0,0.4564477629577653
1236,0.4567511470497729,0,0,0.4567511470497729
1237,0.45039011501102366,0,0,0.45039011501102366
1238,0.4567511470497972,0,0,0.4567511470497972
1239,0.4567511470497972,0,0,0.4567511470497972
1240,0.4514758923662861,0,0,0.4514758923662861
1241,0.44722090905663603,0,0,0.44722090905663603
1242,0.44722090905663603,0,0,0.44722090905663603
1243,0.43982046746597403,0,0,0.43982046746597403
1244,0.4405054105902837,0,0,0.4405054105902837
1245,0.4288925262032775,0,0,0.4288925262032775
1246,0.4211740550023264,0,0,0.4211740550023264
1247,0.421880353834816,0,0,0.421880353834816
1248,0.4218803538348423,0,0,0.4218803538348423
1249,0.42182159524216206,0,0,0.42182159524216206
1250,0.4251749194372547,0,0,0.4251749194372547
1251,0.4251749194372286,0,0,0.4251749194372286
1252,0.41717681215040553,0,0,0.41717681215040553
1253,0.33064969249602144,0,0,0.33064969249602144
1254,0.3397402071186873,0,0,0.3397402071186873
1255,0.3187766418738686,0,0,0.3187766418738686
1256,0.3285992493337453,0,0,0.3285992493337453
1257,0.29218883040343874,0,0,0.29218883040343874
1258,0.28153552842267354,0,0,0.28153552842267354
1259,0.320728734455154,0,0,0.320728734455154
1260,0.3374414666303253,0,0,0.3374414666303253
1261,0.3373721779551596,0,0,0.3373721779551596
1262,0.3703146830315329,0,0,0.3703146830315329
1263,0.3931376277359114,0,0,0.3931376277359114
1264,0.3852359810610211,0,0,0.3852359810610211
1265,0.3852359810610211,0,0,0.3852359810610211
1266,0.40288391183913475,0,0,0.40288391183913475
1267,0.3385251832939212,0,0,0.3385251832939212
1268,0.3385251832939212,0,0,0.3385251832939212
1269,0.3602056120086886,0,0,0.3602056120086886
1270,5.774150047606967,0,1,5.774150047606967
1271,5.774150047606967,0,1,5.774150047606967
1272,5.9330696598288695,0,1,5.9330696598288695
1273,5.797522279469243,0,1,5.797522279469243
1274,5.784792825247676,0,1,5.784792825247676
1275,5.681868285261093,0,1,5.681868285261093
1276,5.41372614043329,0,0,5.41372614043329
1277,5.281099512664269,0,0,5.281099512664269
1278,5.069383598789202,0,0,5.069383598789202
1279,4.8025299329445685,0,0,4.8025299329445685
1280,4.8025299329445685,0,0,4.8025299329445685
1281,4.766986254916249,0,0,4.766986254916249
1282,4.496839821954737,0,0,4.496839821954737
1283,4.496839821954737,0,0,4.496839821954737
1284,4.445590275538379,0,0,4.445590275538379
1285,4.291062811520104,0,0,4.291062811520104
1286,4.291062811520104,0,0,4.291062811520104
1287,4.296788773411271,0,0,4.296788773411271
1288,3.955239075361418,0,0,3.955239075361418
1289,3.9629787439807367,0,0,3.9629787439807367
1290,3.9629787439807367,0,0,3.9629787439807367
1291,3.966855499983159,0,0,3.966855499983159
1292,3.9934314807457443,0,0,3.9934314807457443
1293,4.000264254639944,0,0,4.000264254639944
1294,3.5706293748341333,0,0,3.5706293748341333
1295,3.5706293748341333,0,0,3.5706293748341333
1296,3.5706293748341333,0,0,3.5706293748341333
1297,3.5759642356127803,0,0,3.5759642356127803
1298,4.335883259306844,0,0,4.335883259306844
1299,4.335883259306844,0,0,4.335883259306844
1300,3.908230921410107,0,0,3.908230921410107
1301,4.0715473664388195,0,0,4.0715473664388195
1302,4.104543390618869,0,0,4.104543390618869
1303,4.0715473664388195,0,0,4.0715473664388195
1304,4.018427410222045,0,0,4.018427410222045
1305,4.017829146238493,0,0,4.017829146238493
1306,4.017539974760019,0,0,4.017539974760019
1307,4.063700687991,0,0,4.063700687991
1308,4.110670274882525,0,0,4.110670274882525
1309,4.110670274882525,0,0,4.110670274882525
1310,4.559767752714946,0,0,4.559767752714946
1311,4.556826972597596,0,0,4.556826972597596
1312,4.888391652384633,0,0,4.888391652384633
1313,5.041800008288734,0,0,5.041800008288734
1314,5.321682730710781,0,0,5.321682730710781
1315,5.321682730710781,0,0,5.321682730710781
1316,5.635660082103355,0,1,5.635660082103355
1317,5.805304253443049,0,1,5.805304253443049
1318,5.684350466851153,0,1,5.684350466851153
1319,5.928908694088585,0,1,5.928908694088585
1320,5.928487323534404,0,1,5.928487323534404
1321,5.928487323534404,0,1,5.928487323534404
1322,6.112485750330015,0,1,6.112485750330015
1323,6.221125482843595,0,1,6.221125482843595
1324,6.362705514441221,0,1,6.362705514441221
1325,6.221125482843595,0,1,6.221125482843595
1326,6.311878713191112,0,1,6.311878713191112
1327,6.311878713191112,0,1,6.311878713191112
1328,6.433812134640305,0,1,6.433812134640305
1329,6.414856624011496,0,1,6.414856624011496
1330,6.54033571132764,0,1,6.54033571132764
1331,6.3322153490974085,0,1,6.3322153490974085
1332,6.205121701521054,0,1,6.205121701521054
1333,6.205121701521052,0,1,6.205121701521052
1334,6.164037661261209,0,1,6.164037661261209
1335,6.164037661261209,0,1,6.164037661261209
1336,6.16365124722693,0,1,6.16365124722693
1337,6.084123963187001,0,1,6.084123963187001
1338,6.145821408861339,0,1,6.145821408861339
1339,6.143067220851025,0,1,6.143067220851025
1340,6.143067220851025,0,1,6.143067220851025
1341,6.143067220851025,0,1,6.143067220851025
1342,6.038031507498289,0,1,6.038031507498289
1343,6.035991997116997,0,1,6.035991997116997
1344,6.030172754481493,0,1,6.030172754481493
1345,6.344508449790541,0,1,6.344508449790541
1346,6.228578730134455,0,1,6.228578730134455
1347,6.006698507551612,0,1,6.006698507551612
1348,6.006698507551612,0,1,6.006698507551612
1349,6.006698507551612,0,1,6.006698507551612
1350,6.0072719636199485,0,1,6.0072719636199485
1351,5.866400896703661,0,1,5.866400896703661
1352,5.773031963563092,0,1,5.773031963563092
1353,5.773031963563092,0,1,5.773031963563092
1354,5.773031963563091,0,1,5.773031963563091
1355,5.773031963563091,0,1,5.773031963563091
1356,5.773013915821927,0,1,5.773013915821927
1357,5.773013915821927,0,1,5.773013915821927
1358,5.8658142920713905,0,1,5.8658142920713905
1359,5.865814292071391,0,1,5.865814292071391
1360,5.577054871576421,0,1,5.577054871576421
1361,5.577054871576421,0,1,5.577054871576421
1362,5.318536513419242,0,0,5.318536513419242
1363,5.318536513419242,0,0,5.318536513419242
1364,5.398519893071111,0,0,5.398519893071111
1365,5.3985198930711125,0,0,5.3985198930711125
1366,4.961664276314089,0,0,4.961664276314089
1367,4.96166427631409,0,0,4.96166427631409
1368,4.648750661196786,0,0,4.648750661196786
1369,4.648750661196786,0,0,4.648750661196786
1370,5.851240395600405,0,1,5.851240395600405
1371,5.604142038485213,0,1,5.604142038485213
1372,4.896055472371247,0,0,4.896055472371247
1373,4.896055472371247,0,0,4.896055472371247
1374,3.009779652469328,0,0,3.009779652469328
1375,3.009779652469328,0,0,3.009779652469328
1376,2.681403166033241,0,0,2.681403166033241
1377,2.6814031660332427,0,0,2.6814031660332427
1378,2.6814031660332427,0,0,2.6814031660332427
1379,2.6814031660332427,0,0,2.6814031660332427
1380,2.735500801317291,0,0,2.735500801317291
1381,2.735500801317291,0,0,2.735500801317291
1382,2.479701445809749,0,0,2.479701445809749
1383,2.479701445809749,0,0,2.479701445809749
1384,2.479701445809749,0,0,2.479701445809749
1385,2.479701445809749,0,0,2.479701445809749
1386,2.479701445809749,0,0,2.479701445809749
1387,2.479701445809749,0,0,2.479701445809749
1388,2.5673001369258253,0,0,2.5673001369258253
1389,2.751401881396588,0,0,2.751401881396588
1390,2.751401881396588,0,0,2.751401881396588
1391,2.751401881396588,0,0,2.751401881396588
1392,2.75140188139659,0,0,2.75140188139659
1393,2.75140188139659,0,0,2.75140188139659
1394,2.91411455010818,0,0,2.91411455010818
1395,2.8274616424478562,0,0,2.8274616424478562
1396,2.8274616424478562,0,0,2.8274616424478562
1397,2.8274616424478562,0,0,2.8274616424478562
1398,2.7650262789308213,0,0,2.7650262789308213
1399,2.8943359719722683,0,0,2.8943359719722683
1400,2.9662496787749326,0,0,2.9662496787749326
1401,2.6850379126751838,0,0,2.6850379126751838
1402,2.685037912675188,0,0,2.685037912675188
1403,2.685037912675188,0,0,2.685037912675188
1404,2.685037912675188,0,0,2.685037912675188
1405,2.685037912675188,0,0,2.685037912675188
1406,1.7206072028811785,0,0,1.7206072028811785
1407,1.6653466848102974,0,0,1.6653466848102974
1408,1.6653466848102974,0,0,1.6653466848102974
1409,1.6653466848102974,0,0,1.6653466848102974
1410,1.6653466848102974,0,0,1.6653466848102974
1411,1.6653466848102974,0,0,1.6653466848102974
1412,0.0,0,0,0.0
1413,0.0,0,0,0.0
1414,0.0,0,0,0.0
1415,0.0,0,0,0.0
1416,0.0,0,0,0.0
1417,0.0,0,0,0.0
1418,0.0,0,0,0.0
1419,0.0,0,0,0.0
1420,0.0,0,0,0.0
1421,0.0,0,0,0.0
1422,0.0,0,0,0.0
1423,0.0,0,0,0.0
1424,0.0,0,0,0.0
1425,0.0,0,0,0.0
1426,0.0,0,0,0.0
1427,0.0,0,0,0.0
1428,0.0,0,0,0.0
1429,0.0,0,0,0.0
1430,0.0,0,0,0.0
1431,0.0,0,0,0.0
1432,0.0,0,0,0.0
1433,0.0,0,0,0.0
1434,0.0,0,0,0.0
1435,0.0,0,0,0.0
1436,0.0,0,0,0.0
1437,0.0,0,0,0.0
1438,0.0,0,0,0.0
1439,0.0,0,0,0.0
1440,0.0,0,0,0.0
1441,0.0,0,0,0.0
1442,0.0,0,0,0.0
1443,0.0,0,0,0.0
1444,0.0,0,0,0.0
1445,0.0,0,0,0.0
1446,0.0,0,0,0.0
1447,0.0,0,0,0.0
1448,0.0,0,0,0.0
1449,0.0,0,0,0.0
1450,0.0,0,0,0.0
1451,0.0,0,0,0.0
1452,0.0,0,0,0.0
1453,0.0,0,0,0.0
1454,0.0,0,0,0.0
1455,0.0,0,0,0.0
1456,0.0,0,0,0.0
1457,0.0,0,0,0.0
1458,0.0,0,0,0.0
1459,0.0,0,0,0.0
1460,0.0,0,0,0.0
1461,0.5443111979268147,0,0,0.5443111979268147
1462,0.5443111979268453,0,0,0.5443111979268453
1463,0.5443111979268453,0,0,0.5443111979268453
1464,0.5443111979268453,0,0,0.5443111979268453
1465,0.5443111979268453,0,0,0.5443111979268453
1466,0.2600384068099849,0,0,0.2600384068099849
1467,0.2600384068100276,0,0,0.2600384068100276
1468,0.2600384068100276,0,0,0.2600384068100276
1469,0.2600384068100276,0,0,0.2600384068100276
1470,0.7914473535811076,0,0,0.7914473535811076
1471,0.7914473535811076,0,0,0.7914473535811076
1472,0.7914473535811076,0,0,0.7914473535811076
1473,0.7914473535811076,0,0,0.7914473535811076
1474,0.7914473535811146,0,0,0.7914473535811146
1475,0.6134928517501204,0,0,0.6134928517501204
1476,0.6134928517501295,0,0,0.6134928517501295
1477,0.6134928517501295,0,0,0.6134928517501295
1478,0.6134928517501295,0,0,0.6134928517501295
1479,1.478825407052669,0,0,1.478825407052669
1480,1.478825407052669,0,0,1.478825407052669
1481,1.478825407052669,0,0,1.478825407052669
1482,1.478825407052669,0,0,1.478825407052669
1483,1.478825407052669,0,0,1.478825407052669
1484,1.3407541328618493,0,0,1.3407541328618493
1485,1.3407541328618493,0,0,1.3407541328618493
1486,1.3407541328618493,0,0,1.3407541328618493
1487,1.340754132861845,0,0,1.340754132861845
1488,1.477659707249324,0,0,1.477659707249324
1489,1.342268650504091,0,0,1.342268650504091
1490,1.342268650504091,0,0,1.342268650504091
1491,1.342268650504091,0,0,1.342268650504091
1492,1.342268650504091,0,0,1.342268650504091
1493,1.026363269826864,0,0,1.026363269826864
1494,1.026363269826864,0,0,1.026363269826864
1495,1.026363269826864,0,0,1.026363269826864
1496,1.026363269826864,0,0,1.026363269826864
1497,1.4920667029861945,0,0,1.4920667029861945
1498,1.3689541768058147,0,0,1.3689541768058147
1499,1.3689541768058147,0,0,1.3689541768058147
1500,1.3689541768058147,0,0,1.3689541768058147
1501,1.3689541768058147,0,0,1.3689541768058147
1502,1.2491023540211872,0,0,1.2491023540211872
1503,1.2491023540211872,0,0,1.2491023540211872
1504,1.2491023540212005,0,0,1.2491023540212005
1505,1.2491023540212005,0,0,1.2491023540212005
1506,1.2012362240585606,0,0,1.2012362240585606
1507,1.2012362240585606,0,0,1.2012362240585606
1508,1.2012362240585652,0,0,1.2012362240585652
1509,1.2012362240585652,0,0,1.2012362240585652
1510,1.2012362240585746,0,0,1.2012362240585746
1511,0.0,0,0,0.0
1512,0.0,0,0,0.0
1513,0.0,0,0,0.0
1514,0.0,0,0,0.0
1515,0.0,0,0,0.0
1516,0.0,0,0,0.0
1517,0.0,0,0,0.0
1518,0.0,0,0,0.0
1519,0.0,0,0,0.0
1520,0.0,0,0,0.0
1521,0.0,0,0,0.0
1522,0.0,0,0,0.0
1523,0.0,0,0,0.0
1524,0.0,0,0,0.0
1525,0.0,0,0,0.0
1526,0.0,0,0,0.0
1527,0.0,0,0,0.0
1528,0.0,0,0,0.0
1529,0.0,0,0,0.0
1530,0.0,0,0,0.0
1531,0.0,0,0,0.0
1532,0.0,0,0,0.0
1533,0.0,0,0,0.0
1534,0.0,0,0,0.0
1535,0.0,0,0,0.0
1536,0.0,0,0,0.0
1537,0.0,0,0,0.0
1538,0.0,0,0,0.0
1539,0.0,0,0,0.0
1540,0.0,0,0,0.0
1541,0.0,0,0,0.0
1542,0.0,0,0,0.0
1543,0.0,0,0,0.0
1544,0.0,0,0,0.0
1545,0.0,0,0,0.0
1546,0.0,0,0,0.0
1547,0.0,0,0,0.0
1548,0.0,0,0,0.0
1549,0.0,0,0,0.0
1550,0.0,0,0,0.0
1551,0.0,0,0,0.0
1552,0.0,0,0,0.0
1553,0.0,0,0,0.0
1554,0.0,0,0,0.0
1555,0.0,0,0,0.0
1556,0.0,0,0,0.0
1557,0.0,0,0,0.0
1558,0.0,0,0,0.0
1559,0.0,0,0,0.0
1560,0.0,0,0,0.0
1561,0.0,0,0,0.0
1562,0.0,0,0,0.0
1563,0.0,0,0,0.0
1564,0.0,0,0,0.0
1565,0.0,0,0,0.0
1566,0.0,0,0,0.0
1567,0.0,0,0,0.0
1568,0.0,0,0,0.0
1569,0.0,0,0,0.0
1570,0.0,0,0,0.0
1571,0.0,0,0,0.0
1572,0.0,0,0,0.0
1573,0.0,0,0,0.0
1574,0.0,0,0,0.0
1575,0.0,0,0,0.0
1576,0.0,0,0,0.0
1577,0.0,0,0,0.0
1578,0.0,0,0,0.0
1579,0.0,0,0,0.0
1580,0.0,0,0,0.0
1581,0.0,0,0,0.0
1582,0.0,0,0,0.0
1583,0.0,0,0,0.0
1584,0.0,0,0,0.0
1585,0.0,0,0,0.0
1586,0.0,0,0,0.0
1587,0.0,0,0,0.0
1588,0.0,0,0,0.0
1589,0.0,0,0,0.0
1590,0.0,0,0,0.0
1591,0.0,0,0,0.0
1592,0.0,0,0,0.0
1593,0.0,0,0,0.0
1594,0.0,0,0,0.0
1595,0.0,0,0,0.0
1596,1.7452394534178444,0,0,1.7452394534178444
1597,1.7452394534178444,0,0,1.7452394534178444
1598,1.7452394534178444,0,0,1.7452394534178444
1599,1.7452394534178444,0,0,1.7452394534178444
1600,1.7452394534178444,0,0,1.7452394534178444
1601,1.7094704956485578,0,0,1.7094704956485578
1602,1.7094704956485578,0,0,1.7094704956485578
1603,1.7094704956485578,0,0,1.7094704956485578
1604,1.9419707120639023,0,0,1.9419707120639023
1605,2.9763541461751,0,0,2.9763541461751
1606,2.9763541461750984,0,0,2.9763541461750984
1607,2.9763541461751,0,0,2.9763541461751
1608,2.9763541461751,0,0,2.9763541461751
1609,2.9763541461751,0,0,2.9763541461751
1610,2.333170394836523,0,0,2.333170394836523
1611,2.333170394836523,0,0,2.333170394836523
1612,2.333170394836523,0,0,2.333170394836523
1613,2.8780779156505196,0,0,2.8780779156505196
1614,2.9457683065745526,0,0,2.9457683065745526
1615,2.9457683065745544,0,0,2.9457683065745544
1616,2.9457683065745544,0,0,2.9457683065745544
1617,2.945768306574556,0,0,2.945768306574556
1618,2.945768306574556,0,0,2.945768306574556
1619,2.8780779156505196,0,0,2.8780779156505196
1620,2.8780779156505196,0,0,2.8780779156505196
1621,2.8780779156505196,0,0,2.8780779156505196
1622,2.8780779156505196,0,0,2.8780779156505196
1623,2.945768306574556,0,0,2.945768306574556
1624,2.8391421807357466,0,0,2.8391421807357466
1625,2.8391421807357466,0,0,2.8391421807357466
1626,2.8391845763371024,0,0,2.8391845763371024
1627,2.8391845763371024,0,0,2.8391845763371024
1628,2.529967622864941,0,0,2.529967622864941
1629,2.529967622864941,0,0,2.529967622864941
1630,2.529967622864941,0,0,2.529967622864941
1631,2.8780779156505196,0,0,2.8780779156505196
1632,3.0367764666754526,0,0,3.0367764666754526
1633,3.0367764666754526,0,0,3.0367764666754526
1634,2.8816130649983216,0,0,2.8816130649983216
1635,2.8816130649983216,0,0,2.8816130649983216
1636,2.453594143200561,0,0,2.453594143200561
1637,2.4517897606920744,0,0,2.4517897606920744
1638,1.953941919416338,0,0,1.953941919416338
1639,1.953941919416338,0,0,1.953941919416338
1640,2.4517897606920744,0,0,2.4517897606920744
1641,2.5782244980632196,0,0,2.5782244980632196
1642,2.5782244980632196,0,0,2.5782244980632196
1643,2.5782244980632196,0,0,2.5782244980632196
1644,2.5782244980632196,0,0,2.5782244980632196
1645,2.550244063624291,0,0,2.550244063624291
1646,1.2203916999085362,0,0,1.2203916999085362
1647,1.2203916999085362,0,0,1.2203916999085362
1648,1.2203916999085362,0,0,1.2203916999085362
1649,1.2203916999085362,0,0,1.2203916999085362
1650,1.8818276644944225,0,0,1.8818276644944225
1651,1.8818276644944225,0,0,1.8818276644944225
1652,1.8818276644944225,0,0,1.8818276644944225
1653,1.8818276644944225,0,0,1.8818276644944225
1654,1.8818276644944165,0,0,1.8818276644944165
1655,1.9421447916350527,0,0,1.9421447916350527
1656,1.9421447916350527,0,0,1.9421447916350527
1657,1.9421447916350527,0,0,1.9421447916350527
1658,2.375721727459958,0,0,2.375721727459958
1659,2.3899729572302846,0,0,2.3899729572302846
1660,2.3899729572302846,0,0,2.3899729572302846
1661,2.3899729572302846,0,0,2.3899729572302846
1662,2.3899729572302846,0,0,2.3899729572302846
1663,2.3899729572302846,0,0,2.3899729572302846
1664,2.073060981529189,0,0,2.073060981529189
1665,1.772747948747026,0,0,1.772747948747026
1666,1.772747948747026,0,0,1.772747948747026
1667,1.7727479487470321,0,0,1.7727479487470321
1668,2.6925040613590534,0,0,2.6925040613590534
1669,2.6925040613590534,0,0,2.6925040613590534
1670,2.575689164142603,0,0,2.575689164142603
1671,2.575689164142603,0,0,2.575689164142603
1672,2.575689164142603,0,0,2.575689164142603
1673,2.254495260608567,0,0,2.254495260608567
1674,2.254495260608567,0,0,2.254495260608567
1675,2.254495260608567,0,0,2.254495260608567
1676,2.375721727459958,0,0,2.375721727459958
1677,2.6925040613590534,0,0,2.6925040613590534
1678,2.6925040613590534,0,0,2.6925040613590534
1679,2.6925040613590534,0,0,2.6925040613590534
1680,2.6925040613590534,0,0,2.6925040613590534
1681,2.6925040613590534,0,0,2.6925040613590534
1682,2.820629708090104,0,0,2.820629708090104
1683,3.0838595201336716,0,0,3.0838595201336716
1684,3.0838595201336716,0,0,3.0838595201336716
1685,3.0838595201336716,0,0,3.0838595201336716
1686,3.1425114392060216,0,0,3.1425114392060216
1687,3.141555248293674,0,0,3.141555248293674
1688,3.141555248293674,0,0,3.141555248293674
1689,3.1799581124651666,0,0,3.1799581124651666
1690,3.1799601238948934,0,0,3.1799601238948934
1691,3.140234173074422,0,0,3.140234173074422
1692,3.1838928878669415,0,0,3.1838928878669415
1693,3.1838928878669415,0,0,3.1838928878669415
1694,3.1798459145376947,0,0,3.1798459145376947
1695,3.1798459145376947,0,0,3.1798459145376947
1696,3.1798459145376947,0,0,3.1798459145376947
1697,3.1757619728814968,0,0,3.1757619728814968
1698,3.4760494768432695,0,0,3.4760494768432695
1699,3.4760494768432695,0,0,3.4760494768432695
1700,3.8812038287230104,0,0,3.8812038287230104
1701,3.8812038287230104,0,0,3.8812038287230104
1702,3.8812038287230104,0,0,3.8812038287230104
1703,3.8812038287230104,0,0,3.8812038287230104
1704,4.810261279915518,0,0,4.810261279915518
1705,4.810261279915518,0,0,4.810261279915518
1706,4.810261279915518,0,0,4.810261279915518
1707,4.859138927815121,0,0,4.859138927815121
1708,4.859138927815124,0,0,4.859138927815124
1709,4.685735415995929,0,0,4.685735415995929
1710,4.345573511542152,0,0,4.345573511542152
1711,4.345573511542152,0,0,4.345573511542152
1712,3.0447959425922666,0,0,3.0447959425922666
1713,3.0447959425922666,0,0,3.0447959425922666
1714,3.0447959425922666,0,0,3.0447959425922666
1715,3.0447959425922684,0,0,3.0447959425922684
1716,3.2069134097241956,0,0,3.2069134097241956
1717,3.2069134097241956,0,0,3.2069134097241956
1718,3.2884274510717186,0,0,3.2884274510717186
1719,3.2884274510717186,0,0,3.2884274510717186
1720,3.2884274510717186,0,0,3.2884274510717186
1721,2.3564246268577302,0,0,2.3564246268577302
1722,2.6126616015506254,0,0,2.6126616015506254
1723,2.6126616015506254,0,0,2.6126616015506254
1724,2.6126616015506254,0,0,2.6126616015506254
1725,2.6126616015506254,0,0,2.6126616015506254
1726,2.6126616015506254,0,0,2.6126616015506254
1727,2.433043260051351,0,0,2.433043260051351
1728,2.261142736001345,0,0,2.261142736001345
1729,2.475017912991755,0,0,2.475017912991755
1730,2.343592248892187,0,0,2.343592248892187
1731,2.343592248892182,0,0,2.343592248892182
1732,2.343592248892182,0,0,2.343592248892182
1733,2.3816861624518575,0,0,2.3816861624518575
1734,2.843131865555282,0,0,2.843131865555282
1735,4.030944462930733,0,0,4.030944462930733
1736,3.2254697052091976,0,0,3.2254697052091976
1737,3.2254697052091976,0,0,3.2254697052091976
1738,3.2254697052091976,0,0,3.2254697052091976
1739,3.093109507446576,0,0,3.093109507446576
1740,3.09189321976474,0,0,3.09189321976474
1741,4.135778808462294,0,0,4.135778808462294
1742,4.032715689693199,0,0,4.032715689693199
1743,3.4713749687784787,0,0,3.4713749687784787
1744,3.4713749687784787,0,0,3.4713749687784787
1745,3.4713749687784787,0,0,3.4713749687784787
1746,4.13369523157788,0,0,4.13369523157788
1747,4.081966620996348,0,0,4.081966620996348
1748,3.8046530771509244,0,0,3.8046530771509244
1749,3.804653077150927,0,0,3.804653077150927
1750,3.804653077150927,0,0,3.804653077150927
1751,2.9812527269615097,0,0,2.9812527269615097
1752,2.9812527269615097,0,0,2.9812527269615097
1753,3.04753132919813,0,0,3.04753132919813
1754,2.6505670497721066,0,0,2.6505670497721066
1755,2.6505670497721066,0,0,2.6505670497721066
1756,2.6505670497721066,0,0,2.6505670497721066
1757,2.577569322573243,0,0,2.577569322573243
1758,2.577569322573243,0,0,2.577569322573243
1759,2.644721290965564,0,0,2.644721290965564
1760,2.634157164143251,0,0,2.634157164143251
1761,2.634157164143251,0,0,2.634157164143251
1762,2.634157164143251,0,0,2.634157164143251
1763,2.634157164143251,0,0,2.634157164143251
1764,2.634157164143251,0,0,2.634157164143251
1765,2.679306402144505,0,0,2.679306402144505
1766,2.84242405750312,0,0,2.84242405750312
1767,2.84242405750312,0,0,2.84242405750312
1768,3.2597118267445553,0,0,3.2597118267445553
1769,3.2597118267445553,0,0,3.2597118267445553
1770,3.259711826744557,0,0,3.259711826744557
1771,3.1915423466379993,0,0,3.1915423466379993
1772,3.2597118267445553,0,0,3.2597118267445553
1773,3.2597118267445553,0,0,3.2597118267445553
1774,4.39273408367551,0,0,4.39273408367551
1775,4.39273408367551,0,0,4.39273408367551
1776,4.39273408367551,0,0,4.39273408367551
1777,4.26042250408616,0,0,4.26042250408616
1778,3.8462342718366247,0,0,3.8462342718366247
1779,3.1428487227085036,0,0,3.1428487227085036
1780,3.128598536231114,0,0,3.128598536231114
1781,3.128598536231114,0,0,3.128598536231114
1782,3.1285985362311104,0,0,3.1285985362311104
1783,3.4482923630589424,0,0,3.4482923630589424
1784,3.4482923630589424,0,0,3.4482923630589424
1785,3.697160530168876,0,0,3.697160530168876
1786,3.670237347393037,0,0,3.670237347393037
1787,3.670237347393037,0,0,3.670237347393037
1788,3.6702373473930328,0,0,3.6702373473930328
1789,3.760768551242075,0,0,3.760768551242075
1790,3.760768551242075,0,0,3.760768551242075
1791,3.4039673677985314,0,0,3.4039673677985314
1792,3.4545899268121483,0,0,3.4545899268121483
1793,3.4545899268121483,0,0,3.4545899268121483
1794,3.3648393378900012,0,0,3.3648393378900012
1795,3.292397460035407,0,0,3.292397460035407
1796,3.292397460035407,0,0,3.292397460035407
1797,3.4330001398882817,0,0,3.4330001398882817
1798,3.4521133645294966,0,0,3.4521133645294966
1799,3.4521133645294966,0,0,3.4521133645294966
1800,2.96550271234794,0,0,2.96550271234794
1801,3.297445659167398,0,0,3.297445659167398
1802,3.297445659167398,0,0,3.297445659167398
1803,3.3287206914183423,0,0,3.3287206914183423
1804,3.297445659167398,0,0,3.297445659167398
1805,3.297445659167398,0,0,3.297445659167398
1806,2.7326857528386275,0,0,2.7326857528386275
1807,2.8343956446937772,0,0,2.8343956446937772
1808,2.875106217341621,0,0,2.875106217341621
1809,2.8957593062448153,0,0,2.8957593062448153
1810,0.27939601470629954,0,0,0.27939601470629954
1811,0.27939601470629954,0,0,0.27939601470629954
1812,0.26429279594489596,0,0,0.26429279594489596
1813,0.2700923506965183,0,0,0.2700923506965183
1814,0.2700923506965183,0,0,0.2700923506965183
1815,0.26429279594483296,0,0,0.26429279594483296
1816,0.3018113984501735,0,0,0.3018113984501735
1817,0.3037154259358259,0,0,0.3037154259358259
1818,0.3046843651580411,0,0,0.3046843651580411
1819,0.304280945344718,0,0,0.304280945344718
1820,0.3042865572165601,0,0,0.3042865572165601
1821,0.2756244507488277,0,0,0.2756244507488277
1822,0.27649366732019326,0,0,0.27649366732019326
1823,0.2771258898028343,0,0,0.2771258898028343
1824,0.24789478770932413,0,0,0.24789478770932413
1825,0.2803268740305222,0,0,0.2803268740305222
1826,0.2807127454350024,0,0,0.2807127454350024
1827,0.264772351152898,0,0,0.264772351152898
1828,0.2956124443650731,0,0,0.2956124443650731
1829,0.2956124443650731,0,0,0.2956124443650731
1830,0.29618885112187227,0,0,0.29618885112187227
1831,0.32191731165593146,0,0,0.32191731165593146
1832,0.321673324408725,0,0,0.321673324408725
1833,0.31888531742149706,0,0,0.31888531742149706
1834,0.31986432963140937,0,0,0.31986432963140937
1835,0.31986432963140937,0,0,0.31986432963140937
1836,0.3160593327471833,0,0,0.3160593327471833
1837,0.31986432963140937,0,0,0.31986432963140937
1838,0.31986963558400916,0,0,0.31986963558400916
1839,0.3160643429505247,0,0,0.3160643429505247
1840,0.3407540780661553,0,0,0.3407540780661553
1841,0.3407540780661716,0,0,0.3407540780661716
1842,0.33752681869853723,0,0,0.33752681869853723
1843,0.33064969249602144,0,0,0.33064969249602144
1844,0.33872148626707305,0,0,0.33872148626707305
1845,0.3187766418738686,0,0,0.3187766418738686
1846,0.3285992493337453,0,0,0.3285992493337453
1847,0.29218883040343874,0,0,0.29218883040343874
1848,0.28153552842267354,0,0,0.28153552842267354
1849,0.320728734455154,0,0,0.320728734455154
1850,0.3374414666303253,0,0,0.3374414666303253
1851,0.3373721779551596,0,0,0.3373721779551596
1852,0.3703146830315329,0,0,0.3703146830315329
1853,0.37222160302052065,0,0,0.37222160302052065
1854,0.3716148145790616,0,0,0.3716148145790616
1855,0.3716148145790616,0,0,0.3716148145790616
1856,0.36948058961524644,0,0,0.36948058961524644
1857,0.3618315706976533,0,0,0.3618315706976533
1858,0.3618315706976533,0,0,0.3618315706976533
1859,0.36993942770303434,0,0,0.36993942770303434
1860,3.2648435215416667,0,0,3.2648435215416667
1861,3.5490903964633738,0,0,3.5490903964633738
1862,3.5490903964633738,0,0,3.5490903964633738
1863,3.5557390623668255,0,0,3.5557390623668255
1864,3.9463008234000045,0,0,3.9463008234000045
1865,3.9716441962303706,0,0,3.9716441962303706
1866,3.975666739259741,0,0,3.975666739259741
1867,4.194058350114228,0,0,4.194058350114228
1868,4.194058350114228,0,0,4.194058350114228
1869,4.157679805559406,0,0,4.157679805559406
1870,4.566886182593957,0,0,4.566886182593957
1871,4.566886182593957,0,0,4.566886182593957
1872,4.541726435207523,0,0,4.541726435207523
1873,4.498676345408787,0,0,4.498676345408787
1874,4.498676345408787,0,0,4.498676345408787
1875,4.541726435207523,0,0,4.541726435207523
1876,4.853397348151074,0,0,4.853397348151074
1877,4.853397348151074,0,0,4.853397348151074
1878,4.448536148084084,0,0,4.448536148084084
1879,4.255851446686917,0,0,4.255851446686917
1880,4.255851446686917,0,0,4.255851446686917
1881,3.9040584632784454,0,0,3.9040584632784454
1882,3.9040584632784454,0,0,3.9040584632784454
1883,3.9040584632784454,0,0,3.9040584632784454
1884,3.701015700019766,0,0,3.701015700019766
1885,3.509802333803686,0,0,3.509802333803686
1886,3.509802333803686,0,0,3.509802333803686
1887,3.288815392983584,0,0,3.288815392983584
1888,3.288815392983584,0,0,3.288815392983584
1889,3.288815392983584,0,0,3.288815392983584
1890,3.472924783683405,0,0,3.472924783683405
1891,3.288815392983584,0,0,3.288815392983584
1892,3.2888153929835857,0,0,3.2888153929835857
1893,3.0382593629972905,0,0,3.0382593629972905
1894,3.0382593629972905,0,0,3.0382593629972905
1895,3.0382593629972945,0,0,3.0382593629972945
1896,2.748942806271584,0,0,2.748942806271584
1897,2.7907778290011542,0,0,2.7907778290011542
1898,2.7907778290011542,0,0,2.7907778290011542
1899,1.531157142261184,0,0,1.531157142261184
1900,1.531157142261184,0,0,1.531157142261184
1901,1.531157142261184,0,0,1.531157142261184
1902,0.9214736175132751,0,0,0.9214736175132751
1903,0.8856217223384896,0,0,0.8856217223384896
1904,0.8856217223384896,0,0,0.8856217223384896
1905,0.0,0,0,0.0
1906,0.0,0,0,0.0
1907,0.0,0,0,0.0
1908,0.0,0,0,0.0
1909,0.0,0,0,0.0
1910,0.0,0,0,0.0
1911,0.0,0,0,0.0
1912,0.0,0,0,0.0
1913,0.0,0,0,0.0
1914,0.0,0,0,0.0
1915,0.0,0,0,0.0
1916,0.0,0,0,0.0
1917,0.0,0,0,0.0
1918,0.0,0,0,0.0
1919,0.0,0,0,0.0
1920,0.0,0,0,0.0
1921,0.0,0,0,0.0
1922,0.0,0,0,0.0
1923,0.0,0,0,0.0
1924,0.0,0,0,0.0
1925,0.0,0,0,0.0
1926,0.0,0,0,0.0
1927,0.0,0,0,0.0
1928,0.0,0,0,0.0
1929,0.0,0,0,0.0
1930,0.0,0,0,0.0
1931,0.0,0,0,0.0
1932,0.0,0,0,0.0
1933,0.0,0,0,0.0
1934,0.0,0,0,0.0
1935,0.0,0,0,0.0
1936,0.0,0,0,0.0
1937,0.0,0,0,0.0
1938,0.0,0,0,0.0
1939,0.0,0,0,0.0
1940,0.0,0,0,0.0
1941,0.0,0,0,0.0
1942,0.0,0,0,0.0
1943,0.0,0,0,0.0
1944,0.0,0,0,0.0
1945,0.0,0,0,0.0
1946,0.0,0,0,0.0
1947,0.0,0,0,0.0
1948,0.0,0,0,0.0
1949,0.0,0,0,0.0
1950,0.0,0,0,0.0
1951,0.0,0,0,0.0
1952,0.0,0,0,0.0
1953,0.0,0,0,0.0
1954,0.0,0,0,0.0
1955,0.0,0,0,0.0
1956,0.0,0,0,0.0
1957,0.18114270603155727,0,0,0.18114270603155727
1958,0.18114270603155727,0,0,0.18114270603155727
1959,0.16852059270024314,0,0,0.16852059270024314
1960,0.16861923855533825,0,0,0.16861923855533825
1961,0.16871444946071343,0,0,0.16871444946071343
1962,0.17025965774054297,0,0,0.17025965774054297
1963,3.254196510820119,0,0,3.254196510820119
1964,3.9647382707300936,0,0,3.9647382707300936
1965,3.9623772679805023,0,0,3.9623772679805023
1966,3.957395680176908,0,0,3.957395680176908
1967,3.9573686825016265,0,0,3.9573686825016265
1968,3.957368682501629,0,0,3.957368682501629
1969,3.9572628313991602,0,0,3.9572628313991602
1970,3.9586143325799408,0,0,3.9586143325799408
1971,3.9586861722561633,0,0,3.9586861722561633
1972,3.954410057870601,0,0,3.954410057870601
1973,3.956307678754239,0,0,3.956307678754239
1974,3.9575322873518353,0,0,3.9575322873518353
1975,3.957572528624921,0,0,3.957572528624921
1976,3.957585876409298,0,0,3.957585876409298
1977,3.9629531698834763,0,0,3.9629531698834763
1978,3.9621060159975876,0,0,3.9621060159975876
1979,3.958842665569034,0,0,3.958842665569034
1980,3.9628494259521907,0,0,3.9628494259521907
1981,3.962875651777442,0,0,3.962875651777442
1982,3.962875651777442,0,0,3.962875651777442
1983,3.967823911779091,0,0,3.967823911779091
1984,3.9674106363996113,0,0,3.9674106363996113
1985,3.9642112075280824,0,0,3.9642112075280824
1986,3.9688115860591107,0,0,3.9688115860591107
1987,3.9688758697858884,0,0,3.9688758697858884
1988,3.9688758697858897,0,0,3.9688758697858897
1989,3.9718566708737657,0,0,3.9718566708737657
1990,3.971881658016988,0,0,3.971881658016988
1991,3.970597702099092,0,0,3.970597702099092
1992,3.9745052409683375,0,0,3.9745052409683375
1993,3.9745052409683375,0,0,3.9745052409683375
1994,3.974581216932265,0,0,3.974581216932265
1995,3.9797111969335175,0,0,3.9797111969335175
1996,3.9797231018812846,0,0,3.9797231018812846
1997,3.9782868358836776,0,0,3.9782868358836776
1998,3.982433987308995,0,0,3.982433987308995
1999,3.9768467327683776,0,0,3.9768467327683776
2000,3.97698863060007,0,0,3.97698863060007
2001,3.9752660618492137,0,0,3.9752660618492137
2002,3.9752660618492164,0,0,3.9752660618492164
2003,3.973402894553937,0,0,3.973402894553937
2004,3.973678273009004,0,0,3.973678273009004
2005,3.9691056280659125,0,0,3.9691056280659125
2006,3.9719746284035056,0,0,3.9719746284035056
2007,4.44900619881429,0,0,4.44900619881429
2008,4.44900619881429,0,0,4.44900619881429
2009,4.453137742809053,0,0,4.453137742809053
2010,4.453137742809053,0,0,4.453137742809053
2011,4.453124954695481,0,0,4.453124954695481
2012,4.453124954695481,0,0,4.453124954695481
2013,0.44906604642419284,0,0,0.44906604642419284
2014,1.8720862176007746,0,0,1.8720862176007746
2015,1.8720862176007746,0,0,1.8720862176007746
2016,1.8720862176007718,0,0,1.8720862176007718
2017,1.8720862176007718,0,0,1.8720862176007718
2018,1.2285873542263415,0,0,1.2285873542263415
2019,0.0,0,0,0.0
2020,0.0,0,0,0.0
2021,0.0,0,0,0.0
2022,0.0,0,0,0.0
2023,0.0,0,0,0.0
2024,0.0,0,0,0.0
2025,0.0,0,0,0.0
2026,0.0,0,0,0.0
2027,0.0,0,0,0.0
2028,0.0,0,0,0.0
2029,0.0,0,0,0.0
2030,0.0,0,0,0.0
2031,0.0,0,0,0.0
2032,0.0,0,0,0.0
2033,0.0,0,0,0.0
2034,0.0,0,0,0.0
2035,0.0,0,0,0.0
2036,0.0,0,0,0.0
2037,0.0,0,0,0.0
2038,0.0,0,0,0.0
2039,1.8250120749944285e-07,0,0,1.8250120749944285e-07
2040,1.8250120749944285e-07,0,0,1.8250120749944285e-07
2041,1.8250120749944285e-07,0,0,1.8250120749944285e-07
2042,1.8250120749944285e-07,0,0,1.8250120749944285e-07
2043,1.8250120749944285e-07,0,0,1.8250120749944285e-07
2044,0.0,0,0,0.0
2045,0.0,0,0,0.0
2046,0.0,0,0,0.0
2047,0.0,0,0,0.0
2048,0.0,0,0,0.0
2049,0.0,0,0,0.0
2050,0.0,0,0,0.0
2051,0.0,0,0,0.0
2052,0.0,0,0,0.0
2053,0.0,0,0,0.0
2054,0.0,0,0,0.0
2055,0.0,0,0,0.0
2056,0.0,0,0,0.0
2057,0.0,0,0,0.0
2058,0.0,0,0,0.0
2059,0.0,0,0,0.0
2060,0.0,0,0,0.0
2061,0.0,0,0,0.0
2062,0.0,0,0,0.0
2063,0.0,0,0,0.0
2064,0.5770199134160523,0,0,0.5770199134160523
2065,0.5770199134160523,0,0,0.5770199134160523
2066,0.5770199134160523,0,0,0.5770199134160523
2067,0.5770199134160523,0,0,0.5770199134160523
2068,0.5770199134160523,0,0,0.5770199134160523
2069,1.6354907304219348,0,0,1.6354907304219348
2070,1.6354907304219348,0,0,1.6354907304219348
2071,1.6354907304219348,0,0,1.6354907304219348
2072,1.6354907304219348,0,0,1.6354907304219348
2073,1.6354479426252384,0,0,1.6354479426252384
2074,1.6437131893079573,0,0,1.6437131893079573
2075,1.6437131893079573,0,0,1.6437131893079573
2076,1.6437131893079642,0,0,1.6437131893079642
2077,1.6437131893079642,0,0,1.6437131893079642
2078,1.6437131893079642,0,0,1.6437131893079642
2079,1.661851749643347,0,0,1.661851749643347
2080,1.661851749643347,0,0,1.661851749643347
2081,1.661851749643347,0,0,1.661851749643347
2082,1.661851749643347,0,0,1.661851749643347
2083,1.661851749643347,0,0,1.661851749643347
2084,3.078377328162358,0,0,3.078377328162358
2085,3.078377328162358,0,0,3.078377328162358
2086,3.078377328162358,0,0,3.078377328162358
2087,3.0880501119878923,0,0,3.0880501119878923
2088,3.0880501119878923,0,0,3.0880501119878923
2089,2.9812858890550102,0,0,2.9812858890550102
2090,3.1407555592951777,0,0,3.1407555592951777
2091,3.1407555592951777,0,0,3.1407555592951777
2092,3.1407555592951777,0,0,3.1407555592951777
2093,3.1407555592951777,0,0,3.1407555592951777
2094,3.0165650934740342,0,0,3.0165650934740342
2095,3.1777091959036774,0,0,3.1777091959036774
2096,3.1777091959036774,0,0,3.1777091959036774
2097,3.1777091959036774,0,0,3.1777091959036774
2098,3.1777091959036774,0,0,3.1777091959036774
2099,1.8255445002183763,0,0,1.8255445002183763
2100,1.8255445002183763,0,0,1.8255445002183763
2101,2.180935849875425,0,0,2.180935849875425
2102,2.1809358498754277,0,0,2.1809358498754277
2103,2.4155572801672034,0,0,2.4155572801672034
2104,2.4622144704132265,0,0,2.4622144704132265
2105,2.4622144704132265,0,0,2.4622144704132265
2106,2.4622144704132265,0,0,2.4622144704132265
2107,2.4622144704132265,0,0,2.4622144704132265
2108,2.462214470413231,0,0,2.462214470413231
2109,2.534016680392885,0,0,2.534016680392885
2110,2.534016680392885,0,0,2.534016680392885
2111,2.7510635905069893,0,0,2.7510635905069893
2112,3.0300120608718832,0,0,3.0300120608718832
2113,3.0300120608718832,0,0,3.0300120608718832
2114,2.96108356495735,0,0,2.96108356495735
2115,2.9558031795019586,0,0,2.9558031795019586
2116,2.9569098625004617,0,0,2.9569098625004617
2117,2.9569098625004635,0,0,2.9569098625004635
2118,2.9600133711341767,0,0,2.9600133711341767
2119,5.367663229171906,0,0,5.367663229171906
2120,5.363286676268553,0,0,5.363286676268553
2121,5.364176100970074,0,0,5.364176100970074
2122,5.227272521040521,0,0,5.227272521040521
2123,5.227272521040521,0,0,5.227272521040521
2124,3.57182833397073,0,0,3.57182833397073
2125,3.8560811045160004,0,0,3.8560811045160004
2126,3.8560811045160004,0,0,3.8560811045160004
2127,3.8560811045160004,0,0,3.8560811045160004
2128,4.478521310967349,0,0,4.478521310967349
2129,4.957447753246954,0,0,4.957447753246954
2130,4.3643115258697645,0,0,4.3643115258697645
2131,4.364762709392569,0,0,4.364762709392569
2132,4.364829457335047,0,0,4.364829457335047
2133,4.364016262915458,0,0,4.364016262915458
2134,4.364016262915458,0,0,4.364016262915458
2135,4.364500427357513,0,0,4.364500427357513
2136,4.36450390355037,0,0,4.36450390355037
2137,4.3467228071984785,0,0,4.3467228071984785
2138,4.896416598198996,0,0,4.896416598198996
2139,4.896416598198996,0,0,4.896416598198996
2140,3.933600855483552,0,0,3.933600855483552
2141,3.933600855483552,0,0,3.933600855483552
2142,3.933600855483552,0,0,3.933600855483552
2143,3.933600855483552,0,0,3.933600855483552
2144,3.933600855483552,0,0,3.933600855483552
2145,3.5016160175293836,0,0,3.5016160175293836
2146,3.3062090681190397,0,0,3.3062090681190397
2147,3.3062090681190397,0,0,3.3062090681190397
2148,2.9333567620864627,0,0,2.9333567620864627
2149,2.9333567620864627,0,0,2.9333567620864627
2150,2.9333567620864627,0,0,2.9333567620864627
2151,2.9333567620864627,0,0,2.9333567620864627
2152,2.9333567620864627,0,0,2.9333567620864627
2153,2.330295772822959,0,0,2.330295772822959
2154,2.2576182049286384,0,0,2.2576182049286384
2155,1.9807960246414162,0,0,1.9807960246414162
2156,1.9592603689876258,0,0,1.9592603689876258
2157,1.9592603689876258,0,0,1.9592603689876258
2158,1.9592603689876258,0,0,1.9592603689876258
2159,1.9592603689876258,0,0,1.9592603689876258
2160,1.9592603689876258,0,0,1.9592603689876258
2161,1.1484646092214366,0,0,1.1484646092214366
2162,1.0661420552995275,0,0,1.0661420552995275
2163,1.0661420552995275,0,0,1.0661420552995275
2164,1.0380982916069739,0,0,1.0380982916069739
2165,1.0380982916069739,0,0,1.0380982916069739
2166,1.0380982916069739,0,0,1.0380982916069739
2167,1.0380982916069739,0,0,1.0380982916069739
2168,1.0380982916069739,0,0,1.0380982916069739
2169,1.0380982916069739,0,0,1.0380982916069739
2170,0.9832696222679234,0,0,0.9832696222679234
2171,0.9832696222679234,0,0,0.9832696222679234
2172,0.9655653556653047,0,0,0.9655653556653047
2173,0.9655653556653047,0,0,0.9655653556653047
2174,0.965768106577612,0,0,0.965768106577612
2175,0.965768106577612,0,0,0.965768106577612
2176,0.9657681065776005,0,0,0.9657681065776005
2177,0.9657681065776005,0,0,0.9657681065776005
2178,0.9060126287096316,0,0,0.9060126287096316
2179,0.9060126287096316,0,0,0.9060126287096316
2180,0.8962218285370308,0,0,0.8962218285370308
2181,0.8962218285370308,0,0,0.8962218285370308
2182,0.8962218285370308,0,0,0.8962218285370308
2183,0.8962218285370308,0,0,0.8962218285370308
2184,0.8962218285370308,0,0,0.8962218285370308
2185,0.8962218285370308,0,0,0.8962218285370308
2186,0.9342167792334545,0,0,0.9342167792334545
2187,0.9342167792334545,0,0,0.9342167792334545
2188,0.689451104668439,0,0,0.689451104668439
2189,0.689451104668439,0,0,0.689451104668439
2190,0.689451104668439,0,0,0.689451104668439
2191,0.689451104668439,0,0,0.689451104668439
2192,0.689451104668439,0,0,0.689451104668439
2193,0.689451104668439,0,0,0.689451104668439
2194,0.6572477099350137,0,0,0.6572477099350137
2195,0.6572477099350137,0,0,0.6572477099350137
2196,0.6719148564598032,0,0,0.6719148564598032
2197,0.6719148564598032,0,0,0.6719148564598032
2198,0.6719148564598032,0,0,0.6719148564598032
2199,0.6719148564598032,0,0,0.6719148564598032
2200,0.6719148564598032,0,0,0.6719148564598032
2201,0.6719148564598032,0,0,0.6719148564598032
2202,0.6420479459444854,0,0,0.6420479459444854
2203,0.6420479459444854,0,0,0.6420479459444854
2204,0.0,0,0,0.0
2205,0.0,0,0,0.0
2206,0.0,0,0,0.0
2207,0.0,0,0,0.0
2208,0.0,0,0,0.0
2209,0.0,0,0,0.0
2210,0.0,0,0,0.0
2211,0.0,0,0,0.0
2212,0.0,0,0,0.0
2213,0.0,0,0,0.0
2214,0.0,0,0,0.0
2215,0.0,0,0,0.0
2216,0.0,0,0,0.0
2217,0.0,0,0,0.0
2218,0.0,0,0,0.0
2219,0.0,0,0,0.0
2220,0.0,0,0,0.0
2221,0.0,0,0,0.0
2222,0.0,0,0,0.0
2223,0.0,0,0,0.0
2224,0.0,0,0,0.0
2225,0.0,0,0,0.0
2226,0.0,0,0,0.0
2227,0.0,0,0,0.0
2228,0.0,0,0,0.0
2229,0.0,0,0,0.0
2230,0.0,0,0,0.0
2231,0.0,0,0,0.0
2232,0.0,0,0,0.0
2233,0.0,0,0,0.0
2234,0.0,0,0,0.0
2235,0.0,0,0,0.0
2236,0.0,0,0,0.0
2237,0.0,0,0,0.0
2238,0.0,0,0,0.0
2239,0.0,0,0,0.0
2240,0.0,0,0,0.0
2241,0.0,0,0,0.0
2242,0.7275372024092518,0,0,0.7275372024092518
2243,0.727537202409267,0,0,0.727537202409267
2244,0.7783300477231656,0,0,0.7783300477231656
2245,0.7783300477231656,0,0,0.7783300477231656
2246,0.7783300477231869,0,0,0.7783300477231869
2247,0.7783300477231869,0,0,0.7783300477231869
2248,0.7783300477231869,0,0,0.7783300477231869
2249,0.778330047723194,0,0,0.778330047723194
2250,1.0254530379163447,0,0,1.0254530379163447
2251,1.0254530379163447,0,0,1.0254530379163447
2252,0.5188800482731544,0,0,0.5188800482731544
2253,0.5188800482731544,0,0,0.5188800482731544
2254,0.5188800482731544,0,0,0.5188800482731544
2255,0.5188800482731544,0,0,0.5188800482731544
2256,0.5188800482731544,0,0,0.5188800482731544
2257,0.5188800482731544,0,0,0.5188800482731544
2258,1.0254530379163447,0,0,1.0254530379163447
2259,1.0254530379163447,0,0,1.0254530379163447
2260,1.0531341782158758,0,0,1.0531341782158758
2261,1.0531341782158758,0,0,1.0531341782158758
2262,1.0531341782158758,0,0,1.0531341782158758
2263,1.0531341782158758,0,0,1.0531341782158758
2264,1.0531341782158758,0,0,1.0531341782158758
2265,1.0531341782158758,0,0,1.0531341782158758
2266,1.085067566172845,0,0,1.085067566172845
2267,1.085067566172845,0,0,1.085067566172845
2268,1.040729200068101,0,0,1.040729200068101
2269,1.040729200068101,0,0,1.040729200068101
2270,1.040729200068101,0,0,1.040729200068101
2271,1.040729200068101,0,0,1.040729200068101
2272,1.040729200068101,0,0,1.040729200068101
2273,1.040729200068101,0,0,1.040729200068101
2274,1.0850675661728553,0,0,1.0850675661728553
2275,1.0850675661728553,0,0,1.0850675661728553
2276,1.0315623078305474,0,0,1.0315623078305474
2277,1.0315623078305474,0,0,1.0315623078305474
2278,1.0316241274197628,0,0,1.0316241274197628
2279,1.0316241274197628,0,0,1.0316241274197628
2280,1.0316241274197628,0,0,1.0316241274197628
2281,1.0316241274197628,0,0,1.0316241274197628
2282,1.0518610900905137,0,0,1.0518610900905137
2283,1.0518610900905137,0,0,1.0518610900905137
2284,1.1447916711026536,0,0,1.1447916711026536
2285,1.1447916711026536,0,0,1.1447916711026536
2286,1.1447916711026438,0,0,1.1447916711026438
2287,1.1447916711026438,0,0,1.1447916711026438
2288,1.1447916711026438,0,0,1.1447916711026438
2289,1.1447916711026438,0,0,1.1447916711026438
2290,1.1188049626799108,0,0,1.1188049626799108
2291,1.1188049626799108,0,0,1.1188049626799108
2292,0.720423481961676,0,0,0.720423481961676
2293,0.720423481961676,0,0,0.720423481961676
2294,0.720423481961676,0,0,0.720423481961676
2295,0.720423481961676,0,0,0.720423481961676
2296,0.720423481961676,0,0,0.720423481961676
2297,0.720423481961676,0,0,0.720423481961676
2298,0.7090279369841825,0,0,0.7090279369841825
2299,0.7090279369841825,0,0,0.7090279369841825
2300,0.0,0,0,0.0
2301,0.0,0,0,0.0
2302,0.0,0,0,0.0
2303,0.0,0,0,0.0
2304,0.0,0,0,0.0
2305,0.0,0,0,0.0
2306,0.0,0,0,0.0
2307,0.0,0,0,0.0
2308,0.0,0,0,0.0
2309,0.0,0,0,0.0
2310,0.0,0,0,0.0
2311,0.0,0,0,0.0
2312,0.0,0,0,0.0
2313,0.0,0,0,0.0
2314,0.0,0,0,0.0
2315,0.0,0,0,0.0
2316,0.0,0,0,0.0
2317,0.0,0,0,0.0
2318,0.0,0,0,0.0
2319,0.0,0,0,0.0
2320,0.0,0,0,0.0
2321,0.0,0,0,0.0
2322,0.0,0,0,0.0
2323,0.0,0,0,0.0
2324,0.0,0,0,0.0
2325,0.0,0,0,0.0
2326,0.0,0,0,0.0
2327,0.0,0,0,0.0
2328,0.0,0,0,0.0
2329,0.0,0,0,0.0
2330,0.0,0,0,0.0
2331,0.0,0,0,0.0
2332,0.0,0,0,0.0
2333,0.0,0,0,0.0
2334,0.0,0,0,0.0
2335,0.0,0,0,0.0
2336,0.0,0,0,0.0
2337,0.0,0,0,0.0
2338,0.0,0,0,0.0
2339,0.0,0,0,0.0
2340,0.0,0,0,0.0
2341,0.0,0,0,0.0
2342,0.0,0,0,0.0
2343,0.0,0,0,0.0
2344,0.0,0,0,0.0
2345,0.0,0,0,0.0
2346,0.0,0,0,0.0
2347,0.0,0,0,0.0
2348,0.0,0,0,0.0
2349,0.0,0,0,0.0
2350,0.0,0,0,0.0
2351,0.0,0,0,0.0
2352,0.0,0,0,0.0
2353,0.0,0,0,0.0
2354,0.0,0,0,0.0
2355,0.0,0,0,0.0
2356,0.0,0,0,0.0
2357,0.0,0,0,0.0
2358,0.0,0,0,0.0
2359,0.0,0,0,0.0
2360,0.0,0,0,0.0
2361,0.0,0,0,0.0
2362,0.0,0,0,0.0
2363,0.0,0,0,0.0
2364,0.0,0,0,0.0
2365,0.0,0,0,0.0
2366,0.0,0,0,0.0
2367,0.0,0,0,0.0
2368,0.0,0,0,0.0
2369,0.0,0,0,0.0
2370,0.0,0,0,0.0
2371,0.0,0,0,0.0
2372,0.0,0,0,0.0
2373,0.0,0,0,0.0
2374,0.0,0,0,0.0
2375,0.0,0,0,0.0
2376,0.0,0,0,0.0
2377,0.0,0,0,0.0
2378,0.0,0,0,0.0
2379,0.0,0,0,0.0
2380,0.0,0,0,0.0
2381,0.0,0,0,0.0
2382,0.0,0,0,0.0
2383,0.0,0,0,0.0
2384,0.0,0,0,0.0
2385,0.0,0,0,0.0
2386,0.0,0,0,0.0
2387,0.0,0,0,0.0
2388,0.0,0,0,0.0
2389,0.0,0,0,0.0
2390,0.0,0,0,0.0
2391,0.0,0,0,0.0
2392,0.0,0,0,0.0
2393,0.0,0,0,0.0
2394,0.0,0,0,0.0
2395,0.0,0,0,0.0
2396,0.0,0,0,0.0
2397,0.0,0,0,0.0
2398,0.0,0,0,0.0
2399,0.0,0,0,0.0
2400,0.0,0,0,0.0
2401,0.0,0,0,0.0
2402,0.0,0,0,0.0
2403,0.0,0,0,0.0
2404,0.0,0,0,0.0
2405,0.0,0,0,0.0
2406,0.0,0,0,0.0
2407,0.0,0,0,0.0
2408,0.0,0,0,0.0
2409,0.0,0,0,0.0
2410,0.0,0,0,0.0
2411,0.0,0,0,0.0
2412,0.0,0,0,0.0
2413,0.0,0,0,0.0
2414,0.0,0,0,0.0
2415,0.0,0,0,0.0
2416,0.0,0,0,0.0
2417,0.0,0,0,0.0
2418,0.0,0,0,0.0
2419,0.0,0,0,0.0
2420,0.0,0,0,0.0
2421,0.0,0,0,0.0
2422,0.0,0,0,0.0
2423,0.0,0,0,0.0
2424,0.0,0,0,0.0
2425,0.0,0,0,0.0
2426,0.0,0,0,0.0
2427,0.0,0,0,0.0
2428,0.0,0,0,0.0
2429,0.0,0,0,0.0
2430,0.0,0,0,0.0
2431,0.0,0,0,0.0
2432,0.0,0,0,0.0
2433,0.0,0,0,0.0
2434,2.1073424255447017e-07,0,0,2.1073424255447017e-07
2435,2.580956827951785e-07,0,0,2.580956827951785e-07
2436,2.1073424255447017e-07,0,0,2.1073424255447017e-07
2437,2.1073424255447017e-07,0,0,2.1073424255447017e-07
2438,2.1073424255447017e-07,0,0,2.1073424255447017e-07
2439,2.1073424255447017e-07,0,0,2.1073424255447017e-07
2440,2.1073424255447017e-07,0,0,2.1073424255447017e-07
2441,2.7877519926234645e-07,0,0,2.7877519926234645e-07
2442,0.7303589713525471,0,0,0.7303589713525471
2443,0.7303589713525471,0,0,0.7303589713525471
2444,0.7808757380674464,0,0,0.7808757380674464
2445,0.9514747746695449,0,0,0.9514747746695449
2446,0.9514747746695449,0,0,0.9514747746695449
2447,0.9514747746695449,0,0,0.9514747746695449
2448,0.9514747746695449,0,0,0.9514747746695449
2449,0.9514747746695449,0,0,0.9514747746695449
2450,1.132445656049358,0,0,1.132445656049358
2451,1.132445656049358,0,0,1.132445656049358
2452,1.235640407453942,0,0,1.235640407453942
2453,1.235640407453942,0,0,1.235640407453942
2454,1.235640407453942,0,0,1.235640407453942
2455,1.235640407453942,0,0,1.235640407453942
2456,1.235640407453942,0,0,1.235640407453942
2457,1.235640407453942,0,0,1.235640407453942
2458,1.1324456560493483,0,0,1.1324456560493483
2459,1.1324456560493483,0,0,1.1324456560493483
2460,1.235640407453933,0,0,1.235640407453933
2461,1.235640407453933,0,0,1.235640407453933
2462,1.235640407453933,0,0,1.235640407453933
2463,1.235640407453933,0,0,1.235640407453933
2464,1.235640407453933,0,0,1.235640407453933
2465,1.235640407453933,0,0,1.235640407453933
2466,2.2784289308666863,0,0,2.2784289308666863
2467,2.2783686995746852,0,0,2.2783686995746852
2468,1.853145156396372,0,0,1.853145156396372
2469,1.853145156396372,0,0,1.853145156396372
2470,1.853145156396372,0,0,1.853145156396372
2471,1.853145156396372,0,0,1.853145156396372
2472,1.853145156396372,0,0,1.853145156396372
2473,1.853145156396372,0,0,1.853145156396372
2474,1.7757193763953745,0,0,1.7757193763953745
2475,1.7757193763953745,0,0,1.7757193763953745
2476,1.7585636553671238,0,0,1.7585636553671238
2477,1.7585636553671238,0,0,1.7585636553671238
2478,1.7585665094572314,0,0,1.7585665094572314
2479,1.7585665094572314,0,0,1.7585665094572314
2480,1.7585665094572376,0,0,1.7585665094572376
2481,1.7585665094572376,0,0,1.7585665094572376
2482,2.245846361094527,0,0,2.245846361094527
2483,2.245846361094527,0,0,2.245846361094527
2484,2.0715708735333536,0,0,2.0715708735333536
2485,2.0715708735333536,0,0,2.0715708735333536
2486,2.0715708735333536,0,0,2.0715708735333536
2487,2.0715708735333536,0,0,2.0715708735333536
2488,2.0715708735333536,0,0,2.0715708735333536
2489,2.0715708735333536,0,0,2.0715708735333536
2490,2.263830568955934,0,0,2.263830568955934
2491,2.160714561975024,0,0,2.160714561975024
2492,1.2356404074544272,0,0,1.2356404074544272
2493,1.2356404074544272,0,0,1.2356404074544272
2494,1.2356404074544272,0,0,1.2356404074544272
2495,1.2356404074544272,0,0,1.2356404074544272
2496,1.2356404074544272,0,0,1.2356404074544272
2497,1.2356404074544272,0,0,1.2356404074544272
2498,1.1324456560497895,0,0,1.1324456560497895
2499,1.1324456560497895,0,0,1.1324456560497895
2500,1.2356404074544183,0,0,1.2356404074544183
2501,1.2356404074544183,0,0,1.2356404074544183
2502,1.2356404074544183,0,0,1.2356404074544183
2503,1.2356404074544183,0,0,1.2356404074544183
2504,1.2356404074544183,0,0,1.2356404074544183
2505,1.2356404074544183,0,0,1.2356404074544183
2506,1.1324456560497798,0,0,1.1324456560497798
2507,1.1324456560497798,0,0,1.1324456560497798
2508,0.7808757380667781,0,0,0.7808757380667781
2509,0.7808757380667781,0,0,0.7808757380667781
2510,0.7808757380667781,0,0,0.7808757380667781
2511,0.7808757380667781,0,0,0.7808757380667781
2512,0.7808757380667781,0,0,0.7808757380667781
2513,0.7808757380667781,0,0,0.7808757380667781
2514,0.7303589713519543,0,0,0.7303589713519543
2515,0.7303589713519543,0,0,0.7303589713519543
2516,0.689451104668439,0,0,0.689451104668439
2517,0.689451104668439,0,0,0.689451104668439
2518,0.689451104668439,0,0,0.689451104668439
2519,0.689451104668439,0,0,0.689451104668439
2520,0.689451104668439,0,0,0.689451104668439
2521,0.689451104668439,0,0,0.689451104668439
2522,0.6572477099350137,0,0,0.6572477099350137
2523,0.6572477099350137,0,0,0.6572477099350137
2524,0.0,0,0,0.0
2525,0.0,0,0,0.0
2526,0.0,0,0,0.0
2527,0.0,0,0,0.0
2528,0.0,0,0,0.0
2529,0.0,0,0,0.0
2530,0.0,0,0,0.0
2531,0.0,0,0,0.0
2532,0.0,0,0,0.0
2533,0.0,0,0,0.0
2534,0.0,0,0,0.0
2535,0.0,0,0,0.0
2536,0.0,0,0,0.0
2537,0.0,0,0,0.0
2538,1.4745844156147376,0,0,1.4745844156147376
2539,1.4745844156147376,0,0,1.4745844156147376
2540,1.4233799457857572,0,0,1.4233799457857572
2541,1.4233799457857572,0,0,1.4233799457857572
2542,2.2893427324781532,0,0,2.2893427324781532
2543,2.2893427324781532,0,0,2.2893427324781532
2544,2.2893427324781603,0,0,2.2893427324781603
2545,2.2893427324781603,0,0,2.2893427324781603
2546,2.66369810198628,0,0,2.66369810198628
2547,2.66369810198628,0,0,2.66369810198628
2548,2.6396990782994254,0,0,2.6396990782994254
2549,2.6396990782994254,0,0,2.6396990782994254
2550,2.6396990782994254,0,0,2.6396990782994254
2551,2.6396990782994254,0,0,2.6396990782994254
2552,2.6396990782994254,0,0,2.6396990782994254
2553,2.6396990782994254,0,0,2.6396990782994254
2554,2.8707017349689536,0,0,2.8707017349689536
2555,2.8707017349689536,0,0,2.8707017349689536
2556,2.8557151727300187,0,0,2.8557151727300187
2557,2.8557151727300187,0,0,2.8557151727300187
2558,2.8557151727300187,0,0,2.8557151727300187
2559,2.8557151727300227,0,0,2.8557151727300227
2560,2.8557151727300267,0,0,2.8557151727300267
2561,2.8557151727300267,0,0,2.8557151727300267
2562,2.7968624494211185,0,0,2.7968624494211185
2563,2.7968624494211185,0,0,2.7968624494211185
2564,2.6734337960251753,0,0,2.6734337960251753
2565,2.6734337960251753,0,0,2.6734337960251753
2566,2.6734337960251753,0,0,2.6734337960251753
2567,2.6734337960251793,0,0,2.6734337960251793
2568,2.6734337960251815,0,0,2.6734337960251815
2569,2.6734337960251815,0,0,2.6734337960251815
2570,2.605446929425723,0,0,2.605446929425723
2571,2.605446929425723,0,0,2.605446929425723
2572,2.0792873126544382,0,0,2.0792873126544382
2573,1.8221167265546543,0,0,1.8221167265546543
2574,1.8221167265546543,0,0,1.8221167265546543
2575,1.8221167265546543,0,0,1.8221167265546543
2576,1.8221167265546543,0,0,1.8221167265546543
2577,1.8221167265546543,0,0,1.8221167265546543
2578,2.653762277290246,0,0,2.653762277290246
2579,2.6540428571928745,0,0,2.6540428571928745
2580,2.2893427324781923,0,0,2.2893427324781923
2581,2.2893427324781923,0,0,2.2893427324781923
2582,2.2893427324781923,0,0,2.2893427324781923
2583,2.2893427324781923,0,0,2.2893427324781923
2584,2.2893427324781923,0,0,2.2893427324781923
2585,2.2893427324781923,0,0,2.2893427324781923
2586,2.5193143084668876,0,0,2.5193143084668876
2587,2.5193143084668876,0,0,2.5193143084668876
2588,0.0,0,0,0.0
2589,0.0,0,0,0.0
2590,0.0,0,0,0.0
2591,0.0,0,0,0.0
2592,0.0,0,0,0.0
2593,0.0,0,0,0.0
2594,0.7303589713525471,0,0,0.7303589713525471
2595,0.7303589713525471,0,0,0.7303589713525471
2596,0.7808757380674464,0,0,0.7808757380674464
2597,1.8051268658104425,0,0,1.8051268658104425
2598,1.8051268658104425,0,0,1.8051268658104425
2599,2.38926615533593,0,0,2.38926615533593
2600,2.38926615533593,0,0,2.38926615533593
2601,2.8252503646449214,0,0,2.8252503646449214
2602,3.274171257519234,0,0,3.274171257519234
2603,4.022514448635633,0,0,4.022514448635633
2604,4.525064529360345,0,0,4.525064529360345
2605,4.310052459794968,0,0,4.310052459794968
2606,4.310052459794968,0,0,4.310052459794968
2607,4.310052459794967,0,0,4.310052459794967
2608,4.564697221779965,0,0,4.564697221779965
2609,4.564697221779965,0,0,4.564697221779965
2610,4.72058280221919,0,0,4.72058280221919
2611,4.720582802219191,0,0,4.720582802219191
2612,4.957447753246954,0,0,4.957447753246954
2613,5.613956446236724,0,1,5.613956446236724
2614,5.613956446236724,0,1,5.613956446236724
2615,5.758288030076496,0,1,5.758288030076496
2616,5.758288030076496,0,1,5.758288030076496
2617,6.093388035765572,0,1,6.093388035765572
2618,6.093388035765572,0,1,6.093388035765572
2619,6.09302788786212,0,1,6.09302788786212
2620,6.036517329183735,0,1,6.036517329183735
2621,6.142675984221282,0,1,6.142675984221282
2622,6.100024164340985,0,1,6.100024164340985
2623,6.0046707410543725,0,1,6.0046707410543725
2624,5.968804297873756,0,1,5.968804297873756
2625,6.057211357068883,0,1,6.057211357068883
2626,5.476431646269541,0,0,5.476431646269541
2627,5.476431646269541,0,0,5.476431646269541
2628,4.85078958711046,0,0,4.85078958711046
2629,4.85078958711046,0,0,4.85078958711046
2630,4.790556254808428,0,0,4.790556254808428
2631,4.789756973487489,0,0,4.789756973487489
2632,4.789756973487489,0,0,4.789756973487489
2633,4.789756973487489,0,0,4.789756973487489
2634,4.789756973487489,0,0,4.789756973487489
2635,4.9572847233550945,0,0,4.9572847233550945
2636,5.403888588981322,0,0,5.403888588981322
2637,5.403888588981322,0,0,5.403888588981322
2638,5.403888588981322,0,0,5.403888588981322
2639,5.403888588981322,0,0,5.403888588981322
2640,5.144594730109471,0,0,5.144594730109471
2641,5.144594730109471,0,0,5.144594730109471
2642,5.144594730109471,0,0,5.144594730109471
2643,5.144594730109471,0,0,5.144594730109471
2644,5.085149586996917,0,0,5.085149586996917
2645,3.6172789161694343,0,0,3.6172789161694343
2646,3.6172789161694343,0,0,3.6172789161694343
2647,3.450060525996849,0,0,3.450060525996849
2648,3.6624759933068542,0,0,3.6624759933068542
2649,3.482167727651789,0,0,3.482167727651789
2650,3.3879224572998052,0,0,3.3879224572998052
2651,3.1905869477830273,0,0,3.1905869477830273
2652,3.1905869477830273,0,0,3.1905869477830273
2653,2.158939758674274,0,0,2.158939758674274
2654,2.6409843942552436,0,0,2.6409843942552436
2655,2.096056899290091,0,0,2.096056899290091
2656,2.096056899290091,0,0,2.096056899290091
2657,2.096056899290091,0,0,2.096056899290091
2658,2.096056899290091,0,0,2.096056899290091
2659,2.096056899290091,0,0,2.096056899290091
2660,2.946155449580324,0,0,2.946155449580324
2661,2.946155449580324,0,0,2.946155449580324
2662,2.945722176864097,0,0,2.945722176864097
2663,2.945722176864097,0,0,2.945722176864097
2664,2.945722176864097,0,0,2.945722176864097
2665,2.1059184799866695,0,0,2.1059184799866695
2666,1.5741745316750277,0,0,1.5741745316750277
2667,1.5741745316750277,0,0,1.5741745316750277
2668,1.5741745316750277,0,0,1.5741745316750277
2669,1.5741745316750277,0,0,1.5741745316750277
2670,1.52567576441527,0,0,1.52567576441527
2671,1.52567576441527,0,0,1.52567576441527
2672,1.52567576441527,0,0,1.52567576441527
2673,1.52567576441527,0,0,1.52567576441527
2674,1.52567576441527,0,0,1.52567576441527
2675,2.4285495175875296,0,0,2.4285495175875296
2676,2.4285495175875296,0,0,2.4285495175875296
2677,2.501374916085854,0,0,2.501374916085854
2678,3.0071981360790265,0,0,3.0071981360790265
2679,3.1705293179333416,0,0,3.1705293179333416
2680,3.078377328162358,0,0,3.078377328162358
2681,3.078377328162358,0,0,3.078377328162358
2682,3.078377328162358,0,0,3.078377328162358
2683,3.0880501119878923,0,0,3.0880501119878923
2684,3.0880501119878923,0,0,3.0880501119878923
2685,2.9812858890550102,0,0,2.9812858890550102
2686,3.1407555592951777,0,0,3.1407555592951777
2687,3.1407555592951777,0,0,3.1407555592951777
2688,3.1407555592951777,0,0,3.1407555592951777
2689,3.1407555592951777,0,0,3.1407555592951777
2690,3.0165650934740342,0,0,3.0165650934740342
2691,3.1777091959036774,0,0,3.1777091959036774
2692,3.1777091959036774,0,0,3.1777091959036774
2693,3.1777091959036774,0,0,3.1777091959036774
2694,3.1777091959036774,0,0,3.1777091959036774
2695,1.8255445002183763,0,0,1.8255445002183763
2696,1.8255445002183763,0,0,1.8255445002183763
2697,2.180935849875425,0,0,2.180935849875425
2698,2.1809358498754277,0,0,2.1809358498754277
2699,2.4155572801672034,0,0,2.4155572801672034
2700,2.4622144704132265,0,0,2.4622144704132265
2701,2.4622144704132265,0,0,2.4622144704132265
2702,2.4622144704132265,0,0,2.4622144704132265
2703,2.4622144704132265,0,0,2.4622144704132265
2704,2.462214470413231,0,0,2.462214470413231
2705,2.534016680392885,0,0,2.534016680392885
2706,2.534016680392885,0,0,2.534016680392885
2707,2.7510635905069893,0,0,2.7510635905069893
2708,3.0300120608718832,0,0,3.0300120608718832
2709,3.0300120608718832,0,0,3.0300120608718832
2710,3.3951160295492566,0,0,3.3951160295492566
2711,3.3951160295492566,0,0,3.3951160295492566
2712,3.3951160295492566,0,0,3.3951160295492566
2713,3.3951160295492566,0,0,3.3951160295492566
2714,3.3951160295492566,0,0,3.3951160295492566
2715,4.815009240380215,0,0,4.815009240380215
2716,4.724011218516554,0,0,4.724011218516554
2717,4.724011218516554,0,0,4.724011218516554
2718,4.724011218516554,0,0,4.724011218516554
2719,4.853950656812201,0,0,4.853950656812201
2720,3.984594207014865,0,0,3.984594207014865
2721,3.984594207014865,0,0,3.984594207014865
2722,4.2081489055434025,0,0,4.2081489055434025
2723,4.2081489055434025,0,0,4.2081489055434025
2724,4.208242216842675,0,0,4.208242216842675
2725,2.643029862478876,0,0,2.643029862478876
2726,2.643029862478876,0,0,2.643029862478876
2727,2.643029862478876,0,0,2.643029862478876
2728,2.643029862478876,0,0,2.643029862478876
2729,2.643029862478876,0,0,2.643029862478876
2730,2.64302986247888,0,0,2.64302986247888
2731,3.468284232708545,0,0,3.468284232708545
2732,3.8099338075862845,0,0,3.8099338075862845
2733,4.334321540332905,0,0,4.334321540332905
2734,4.334321540332905,0,0,4.334321540332905
2735,4.334321540332905,0,0,4.334321540332905
2736,4.589336274391268,0,0,4.589336274391268
2737,4.589336274391268,0,0,4.589336274391268
2738,4.589336274391268,0,0,4.589336274391268
2739,4.589336274391268,0,0,4.589336274391268
2740,4.589336274391268,0,0,4.589336274391268
2741,4.432836393399875,0,0,4.432836393399875
2742,4.609355331455952,0,0,4.609355331455952
2743,4.621159876678557,0,0,4.621159876678557
2744,4.543043124445443,0,0,4.543043124445443
2745,4.543043124445443,0,0,4.543043124445443
2746,4.542945695637407,0,0,4.542945695637407
2747,4.700274154221245,0,0,4.700274154221245
2748,4.700373165421056,0,0,4.700373165421056
2749,4.6064457201222675,0,0,4.6064457201222675
2750,4.6064457201222675,0,0,4.6064457201222675
2751,4.6064457201222675,0,0,4.6064457201222675
2752,4.606445720122266,0,0,4.606445720122266
2753,4.0529514014064025,0,0,4.0529514014064025
2754,4.0529514014064025,0,0,4.0529514014064025
2755,3.9066954847096924,0,0,3.9066954847096924
2756,3.9066954847096924,0,0,3.9066954847096924
2757,3.9066954847096924,0,0,3.9066954847096924
2758,3.6900407451772956,0,0,3.6900407451772956
2759,3.6900407451772956,0,0,3.6900407451772956
2760,3.358696219109482,0,0,3.358696219109482
2761,3.358696219109484,0,0,3.358696219109484
2762,2.52104906765529,0,0,2.52104906765529
2763,2.52104906765529,0,0,2.52104906765529
2764,2.521049067655296,0,0,2.521049067655296
2765,3.091185336292399,0,0,3.091185336292399
2766,3.0912752998207815,0,0,3.0912752998207815
2767,3.000327240673207,0,0,3.000327240673207
2768,3.0003272406732036,0,0,3.0003272406732036
2769,2.860371968163779,0,0,2.860371968163779
2770,2.860371968163779,0,0,2.860371968163779
2771,2.860371968163779,0,0,2.860371968163779
2772,1.7732678892194822,0,0,1.7732678892194822
2773,1.7732678892194884,0,0,1.7732678892194884
2774,1.7715384435153663,0,0,1.7715384435153663
2775,1.7715820165202831,0,0,1.7715820165202831
2776,1.7715820165202831,0,0,1.7715820165202831
2777,1.7715820165202831,0,0,1.7715820165202831
2778,1.7715820165202831,0,0,1.7715820165202831
2779,1.6215245564793377,0,0,1.6215245564793377
2780,1.6215245564793377,0,0,1.6215245564793377
2781,1.6215245564793377,0,0,1.6215245564793377
2782,1.6215245564793377,0,0,1.6215245564793377
2783,1.666299667000255,0,0,1.666299667000255
2784,1.666299667000255,0,0,1.666299667000255
2785,1.6662996670002617,0,0,1.6662996670002617
2786,1.6662996670002617,0,0,1.6662996670002617
2787,1.6662996670002617,0,0,1.6662996670002617
2788,1.6662996670002617,0,0,1.6662996670002617
2789,1.6662996670002617,0,0,1.6662996670002617
2790,1.6662996670002617,0,0,1.6662996670002617
2791,1.505463438100229,0,0,1.505463438100229
2792,1.505463438100229,0,0,1.505463438100229
2793,0.9644452551206507,0,0,0.9644452551206507
2794,2.6676824375939603e-06,0,0,2.6676824375939603e-06
2795,2.6676824375939603e-06,0,0,2.6676824375939603e-06
2796,2.6676824375939603e-06,0,0,2.6676824375939603e-06
2797,2.6759929949146466e-06,0,0,2.6759929949146466e-06
2798,2.6759929949146466e-06,0,0,2.6759929949146466e-06
2799,2.6759929949146466e-06,0,0,2.6759929949146466e-06
2800,2.6759929949146466e-06,0,0,2.6759929949146466e-06
2801,2.6759929949146466e-06,0,0,2.6759929949146466e-06
2802,2.6759929949146466e-06,0,0,2.6759929949146466e-06
2803,0.4433399382736719,0,0,0.4433399382736719
2804,0.4433399382736719,0,0,0.4433399382736719
2805,0.32510208940729135,0,0,0.32510208940729135
2806,0.16923301152258063,0,0,0.16923301152258063
2807,0.1685383630906614,0,0,0.1685383630906614
2808,0.1685383630906614,0,0,0.1685383630906614
2809,0.16853836309072726,0,0,0.16853836309072726
2810,0.16853836309072726,0,0,0.16853836309072726
2811,0.16853836309072726,0,0,0.16853836309072726
2812,0.16853836309072726,0,0,0.16853836309072726
2813,0.16853836309072726,0,0,0.16853836309072726
2814,0.16853836309072726,0,0,0.16853836309072726
2815,0.443339938272833,0,0,0.443339938272833
2816,0.443339938272833,0,0,0.443339938272833
2817,0.32510208940585705,0,0,0.32510208940585705
2818,2.6676824375939603e-06,0,0,2.6676824375939603e-06
2819,2.6676824375939603e-06,0,0,2.6676824375939603e-06
2820,2.6676824375939603e-06,0,0,2.6676824375939603e-06
2821,2.6759929949146466e-06,0,0,2.6759929949146466e-06
2822,2.6759929949146466e-06,0,0,2.6759929949146466e-06
2823,2.6759929949146466e-06,0,0,2.6759929949146466e-06
2824,2.6759929949146466e-06,0,0,2.6759929949146466e-06
2825,2.6759929949146466e-06,0,0,2.6759929949146466e-06
2826,2.6759929949146466e-06,0,0,2.6759929949146466e-06
2827,0.5359216192979357,0,0,0.5359216192979357
2828,0.5359216192979357,0,0,0.5359216192979357
2829,0.49210819163499125,0,0,0.49210819163499125
2830,0.49210819163499125,0,0,0.49210819163499125
2831,0.49210819163499125,0,0,0.49210819163499125
2832,0.49210819163499125,0,0,0.49210819163499125
2833,0.49210819163499125,0,0,0.49210819163499125
2834,0.49210819163499125,0,0,0.49210819163499125
2835,0.49210819163499125,0,0,0.49210819163499125
2836,0.49210819163499125,0,0,0.49210819163499125
2837,0.49210819163499125,0,0,0.49210819163499125
2838,0.4923046478714713,0,0,0.4923046478714713
2839,1.196483905489378,0,0,1.196483905489378
2840,1.196483905489378,0,0,1.196483905489378
2841,1.1598538286928126,0,0,1.1598538286928126
2842,1.1598538286928126,0,0,1.1598538286928126
2843,1.1598538286928126,0,0,1.1598538286928126
2844,1.1598538286928126,0,0,1.1598538286928126
2845,1.159853828692803,0,0,1.159853828692803
2846,1.1598850655212702,0,0,1.1598850655212702
2847,1.1598850655212702,0,0,1.1598850655212702
2848,1.1598850655212702,0,0,1.1598850655212702
2849,1.1598850655212702,0,0,1.1598850655212702
2850,1.1598850655212798,0,0,1.1598850655212798
2851,1.4324421848249904,0,0,1.4324421848249904
2852,1.4324421848249904,0,0,1.4324421848249904
2853,1.2787535464430353,0,0,1.2787535464430353
2854,1.2787535464430353,0,0,1.2787535464430353
2855,1.2787535464430353,0,0,1.2787535464430353
2856,1.2787535464430353,0,0,1.2787535464430353
2857,1.2787535464430353,0,0,1.2787535464430353
2858,1.278808002826299,0,0,1.278808002826299
2859,1.278808002826299,0,0,1.278808002826299
2860,1.278808002826299,0,0,1.278808002826299
2861,1.278808002826299,0,0,1.278808002826299
2862,1.2788080028263076,0,0,1.2788080028263076
2863,1.4576295822929517,0,0,1.4576295822929517
2864,1.4576295822929517,0,0,1.4576295822929517
2865,1.402290634605042,0,0,1.402290634605042
2866,1.402290634605042,0,0,1.402290634605042
2867,1.402290634605042,0,0,1.402290634605042
2868,1.4023403975244502,0,0,1.4023403975244502
2869,1.4023403975244502,0,0,1.4023403975244502
2870,1.4023403975244502,0,0,1.4023403975244502
2871,1.4023403975244502,0,0,1.4023403975244502
2872,1.4023403975244422,0,0,1.4023403975244422
2873,1.4022906346050341,0,0,1.4022906346050341
2874,1.4022906346050341,0,0,1.4022906346050341
2875,1.3009481545766086,0,0,1.3009481545766086
2876,1.3009481545766086,0,0,1.3009481545766086
2877,1.4114514540556549,0,0,1.4114514540556549
2878,1.4114514540556549,0,0,1.4114514540556549
2879,1.4114514540556549,0,0,1.4114514540556549
2880,1.4114514540556549,0,0,1.4114514540556549
2881,1.4114514540556549,0,0,1.4114514540556549
2882,1.4114514540556549,0,0,1.4114514540556549
2883,1.4114514540556549,0,0,1.4114514540556549
2884,1.4114514540556549,0,0,1.4114514540556549
2885,1.4114514540556549,0,0,1.4114514540556549
2886,1.4114514540556549,0,0,1.4114514540556549
2887,1.9978288401306121,0,0,1.9978288401306121
2888,1.9978288401306121,0,0,1.9978288401306121
2889,1.3625320363771851,0,0,1.3625320363771851
2890,1.3625320363771851,0,0,1.3625320363771851
2891,1.3625320363771851,0,0,1.3625320363771851
2892,1.3625320363771851,0,0,1.3625320363771851
2893,1.3625320363771811,0,0,1.3625320363771811
2894,1.3625320363771851,0,0,1.3625320363771851
2895,1.3625320363771851,0,0,1.3625320363771851
2896,1.3625320363771851,0,0,1.3625320363771851
2897,1.3625320363771851,0,0,1.3625320363771851
2898,1.3625320363771851,0,0,1.3625320363771851
2899,1.4576295822929861,0,0,1.4576295822929861
2900,1.4576295822929861,0,0,1.4576295822929861
2901,1.5553212173016249,0,0,1.5553212173016249
2902,1.5553212173016249,0,0,1.5553212173016249
2903,1.5553212173016249,0,0,1.5553212173016249
2904,1.5553212173016249,0,0,1.5553212173016249
2905,1.5553212173016249,0,0,1.5553212173016249
2906,1.5553212173016249,0,0,1.5553212173016249
2907,1.5553212173016249,0,0,1.5553212173016249
2908,1.5553212173016249,0,0,1.5553212173016249
2909,1.5553212173016249,0,0,1.5553212173016249
2910,1.5553212173016249,0,0,1.5553212173016249
2911,1.4576295822929517,0,0,1.4576295822929517
2912,1.4576295822929517,0,0,1.4576295822929517
2913,1.4320209598915927,0,0,1.4320209598915927
2914,1.4320209598915927,0,0,1.4320209598915927
2915,1.4320209598915927,0,0,1.4320209598915927
2916,1.4320209598915927,0,0,1.4320209598915927
2917,1.4320209598915927,0,0,1.4320209598915927
2918,1.4320209598915927,0,0,1.4320209598915927
2919,1.4320209598915927,0,0,1.4320209598915927
2920,1.4320209598915927,0,0,1.4320209598915927
2921,1.4320209598915927,0,0,1.4320209598915927
2922,1.4320209598915927,0,0,1.4320209598915927
2923,1.488586205630705,0,0,1.488586205630705
2924,1.488586205630705,0,0,1.488586205630705
2925,1.4320209598916083,0,0,1.4320209598916083
2926,1.4320209598916083,0,0,1.4320209598916083
2927,1.4320209598916083,0,0,1.4320209598916083
2928,1.4320209598916083,0,0,1.4320209598916083
2929,1.4320209598916083,0,0,1.4320209598916083
2930,1.4320209598916083,0,0,1.4320209598916083
2931,1.4320209598916005,0,0,1.4320209598916005
2932,2.2825375966015535,0,0,2.2825375966015535
2933,2.2825375966015535,0,0,2.2825375966015535
2934,2.2825375966015535,0,0,2.2825375966015535
2935,2.282537596601556,0,0,2.282537596601556
2936,2.282537596601556,0,0,2.282537596601556
2937,1.9806836488817396,0,0,1.9806836488817396
2938,1.9806836488817396,0,0,1.9806836488817396
2939,1.9806836488817396,0,0,1.9806836488817396
2940,1.9806836488817396,0,0,1.9806836488817396
2941,3.3353892454841505,0,0,3.3353892454841505
2942,3.3353892454841505,0,0,3.3353892454841505
2943,3.3353892454841505,0,0,3.3353892454841505
2944,4.2105700825756776,0,0,4.2105700825756776
2945,4.2105700825756776,0,0,4.2105700825756776
2946,4.2105700825756776,0,0,4.2105700825756776
2947,4.2105700825756776,0,0,4.2105700825756776
2948,4.2105700825756776,0,0,4.2105700825756776
2949,4.464966192196328,0,0,4.464966192196328
2950,4.655890165624018,0,0,4.655890165624018
2951,4.655890165624021,0,0,4.655890165624021
2952,3.3212410768952045,0,0,3.3212410768952045
2953,3.3212410768952045,0,0,3.3212410768952045
2954,3.3212410768952045,0,0,3.3212410768952045
2955,3.3212410768952045,0,0,3.3212410768952045
2956,3.3212410768952045,0,0,3.3212410768952045
2957,2.196596999620306,0,0,2.196596999620306
2958,2.1967359480194157,0,0,2.1967359480194157
2959,2.6709871009712876,0,0,2.6709871009712876
2960,2.6709871009712876,0,0,2.6709871009712876
2961,2.049777678235835,0,0,2.049777678235835
2962,2.049777678235835,0,0,2.049777678235835
2963,2.049777678235835,0,0,2.049777678235835
2964,1.456609462022252,0,0,1.456609462022252
2965,1.456609462022252,0,0,1.456609462022252
2966,1.4566094620222634,0,0,1.4566094620222634
2967,1.4566094620222634,0,0,1.4566094620222634
2968,1.7343954395127141,0,0,1.7343954395127141
2969,1.7343954395127141,0,0,1.7343954395127141
2970,1.7343954395127141,0,0,1.7343954395127141
2971,1.7343954395127141,0,0,1.7343954395127141
2972,1.7343954395127141,0,0,1.7343954395127141
2973,0.9423179992239774,0,0,0.9423179992239774
2974,0.9423179992239774,0,0,0.9423179992239774
2975,0.9423179992239774,0,0,0.9423179992239774
2976,1.2203916999085362,0,0,1.2203916999085362
2977,2.6966941569647536,0,0,2.6966941569647536
2978,3.774535687577041,0,0,3.774535687577041
2979,3.774535687577041,0,0,3.774535687577041
2980,3.774535687577041,0,0,3.774535687577041
2981,3.7745356875770435,0,0,3.7745356875770435
2982,3.8894342524645413,0,0,3.8894342524645413
2983,3.8895934251947266,0,0,3.8895934251947266
2984,3.8895934251947235,0,0,3.8895934251947235
2985,3.8895934251947253,0,0,3.8895934251947253
2986,3.8895934251947253,0,0,3.8895934251947253
2987,3.8895934251947253,0,0,3.8895934251947253
2988,3.2643918049476803,0,0,3.2643918049476803
2989,3.2643918049476803,0,0,3.2643918049476803
2990,3.264391804947684,0,0,3.264391804947684
2991,3.179129775455726,0,0,3.179129775455726
2992,3.179129775455726,0,0,3.179129775455726
2993,3.179129775455726,0,0,3.179129775455726
2994,3.134326706930838,0,0,3.134326706930838
2995,3.0794209799486034,0,0,3.0794209799486034
2996,3.078438995206864,0,0,3.078438995206864
2997,3.078438995206864,0,0,3.078438995206864
2998,3.3519881325418854,0,0,3.3519881325418854
2999,3.3519881325418854,0,0,3.3519881325418854
3000,3.03921301640223,0,0,3.03921301640223
3001,3.0392109119509496,0,0,3.0392109119509496
3002,3.0393767969817516,0,0,3.0393767969817516
3003,3.0393767969817516,0,0,3.0393767969817516
3004,2.7621228408834946,0,0,2.7621228408834946
3005,2.762166398848991,0,0,2.762166398848991
3006,2.762166398848991,0,0,2.762166398848991
3007,2.5426883051363207,0,0,2.5426883051363207
3008,2.332013151417606,0,0,2.332013151417606
3009,2.016202876429869,0,0,2.016202876429869
3010,2.016202876429869,0,0,2.016202876429869
3011,2.016202876429869,0,0,2.016202876429869
3012,2.016202876429869,0,0,2.016202876429869
3013,2.016272040991654,0,0,2.016272040991654
3014,2.0162720409916597,0,0,2.0162720409916597
3015,2.016202876429877,0,0,2.016202876429877
3016,2.016202876429877,0,0,2.016202876429877
3017,2.016202876429877,0,0,2.016202876429877
3018,2.265412421893803,0,0,2.265412421893803
3019,2.265412421893803,0,0,2.265412421893803
3020,2.265412421893803,0,0,2.265412421893803
3021,2.265412421893803,0,0,2.265412421893803
3022,2.2653465201381486,0,0,2.2653465201381486
3023,2.2653465201381486,0,0,2.2653465201381486
3024,2.265346520138146,0,0,2.265346520138146
3025,2.265346520138146,0,0,2.265346520138146
3026,2.265346520138146,0,0,2.265346520138146
3027,2.265346520138146,0,0,2.265346520138146
3028,2.149305200867259,0,0,2.149305200867259
3029,2.149305200867259,0,0,2.149305200867259
3030,2.149305200867259,0,0,2.149305200867259
3031,2.149305200867254,0,0,2.149305200867254
3032,2.149305200867254,0,0,2.149305200867254
3033,2.149305200867254,0,0,2.149305200867254
3034,2.149305200867254,0,0,2.149305200867254
3035,2.149305200867254,0,0,2.149305200867254
3036,2.149305200867254,0,0,2.149305200867254
3037,2.1493052008672513,0,0,2.1493052008672513
3038,2.4182173153552537,0,0,2.4182173153552537
3039,2.4182173153552493,0,0,2.4182173153552493
3040,2.4182173153552493,0,0,2.4182173153552493
3041,2.4182173153552493,0,0,2.4182173153552493
3042,2.4206650168528636,0,0,2.4206650168528636
3043,2.420665016852861,0,0,2.420665016852861
3044,2.420665016852861,0,0,2.420665016852861
3045,2.4206650168528565,0,0,2.4206650168528565
3046,2.5862049190714504,0,0,2.5862049190714504
3047,2.586204919071446,0,0,2.586204919071446
3048,0.6104995191533324,0,0,0.6104995191533324
3049,0.6104995191533324,0,0,0.6104995191533324
3050,0.6104995191533324,0,0,0.6104995191533324
3051,0.9603860728180176,0,0,0.9603860728180176
3052,0.9603860728180176,0,0,0.9603860728180176
3053,0.9603860728180176,0,0,0.9603860728180176
3054,0.9603860728180176,0,0,0.9603860728180176
3055,2.180969567304861,0,0,2.180969567304861
3056,2.180969567304861,0,0,2.180969567304861
3057,2.180969567304861,0,0,2.180969567304861
3058,2.921807247833501,0,0,2.921807247833501
3059,2.921807247833501,0,0,2.921807247833501
3060,2.9218072478335047,0,0,2.9218072478335047
3061,3.29233721491359,0,0,3.29233721491359
3062,3.434340721275449,0,0,3.434340721275449
3063,3.564593210579125,0,0,3.564593210579125
3064,3.6083565514510747,0,0,3.6083565514510747
3065,3.8210075669122547,0,0,3.8210075669122547
3066,3.8212488287419584,0,0,3.8212488287419584
3067,3.8200627259939304,0,0,3.8200627259939304
3068,5.099493120165468,0,0,5.099493120165468
3069,5.099493120165468,0,0,5.099493120165468
3070,5.099493120165468,0,0,5.099493120165468
3071,5.099493120165467,0,0,5.099493120165467
3072,5.099493120165467,0,0,5.099493120165467
3073,5.099493120165467,0,0,5.099493120165467
3074,5.099493120165467,0,0,5.099493120165467
3075,4.377396436285643,0,0,4.377396436285643
3076,4.3773964362856415,0,0,4.3773964362856415
3077,4.378832330186553,0,0,4.378832330186553
3078,3.74685244055347,0,0,3.74685244055347
3079,3.74685244055347,0,0,3.74685244055347
3080,3.74685244055347,0,0,3.74685244055347
3081,3.8770675968806327,0,0,3.8770675968806327
3082,3.8770675968806327,0,0,3.8770675968806327
3083,3.8770675968806327,0,0,3.8770675968806327
3084,4.254564246173347,0,0,4.254564246173347
3085,4.254564246173347,0,0,4.254564246173347
3086,4.254564246173347,0,0,4.254564246173347
3087,4.426486658170127,0,0,4.426486658170127
3088,3.934850587619015,0,0,3.934850587619015
3089,3.934850587619015,0,0,3.934850587619015
3090,3.934850587619018,0,0,3.934850587619018
3091,3.934850587619018,0,0,3.934850587619018
3092,3.9469992849832587,0,0,3.9469992849832587
3093,4.116012724116035,0,0,4.116012724116035
3094,4.116012724116035,0,0,4.116012724116035
3095,4.116012724116035,0,0,4.116012724116035
3096,4.116012724116035,0,0,4.116012724116035
3097,4.115543933086012,0,0,4.115543933086012
3098,3.899301271576448,0,0,3.899301271576448
3099,3.899301271576448,0,0,3.899301271576448
3100,3.899301271576448,0,0,3.899301271576448
3101,4.210544363242495,0,0,4.210544363242495
3102,4.384469733025728,0,0,4.384469733025728
3103,4.384469733025728,0,0,4.384469733025728
3104,4.384469733025728,0,0,4.384469733025728
3105,4.531885160863313,0,0,4.531885160863313
3106,4.531885160863317,0,0,4.531885160863317
3107,4.370637848885879,0,0,4.370637848885879
3108,4.370637848885879,0,0,4.370637848885879
3109,4.370637848885879,0,0,4.370637848885879
3110,4.370637848885879,0,0,4.370637848885879
3111,3.6873380463746526,0,0,3.6873380463746526
3112,3.6873380463746526,0,0,3.6873380463746526
3113,3.6873380463746526,0,0,3.6873380463746526
3114,3.6873380463746526,0,0,3.6873380463746526
3115,3.6873380463746526,0,0,3.6873380463746526
3116,3.484603328798101,0,0,3.484603328798101
3117,3.560649522291622,0,0,3.560649522291622
3118,2.6305649564509195,0,0,2.6305649564509195
3119,2.6305649564509195,0,0,2.6305649564509195
3120,2.6305649564509195,0,0,2.6305649564509195
3121,2.6305649564509177,0,0,2.6305649564509177
3122,2.6305649564509177,0,0,2.6305649564509177
3123,2.519230289122766,0,0,2.519230289122766
3124,2.519230289122766,0,0,2.519230289122766
3125,3.2055091738786943,0,0,3.2055091738786943
3126,3.2055091738786943,0,0,3.2055091738786943
3127,3.2055091738786943,0,0,3.2055091738786943
3128,2.8524075659079715,0,0,2.8524075659079715
3129,2.648191951394615,0,0,2.648191951394615
3130,2.8062338516712204,0,0,2.8062338516712204
3131,2.8062338516712204,0,0,2.8062338516712204
3132,2.8062338516712186,0,0,2.8062338516712186
3133,2.8062338516712186,0,0,2.8062338516712186
3134,2.8563370426942476,0,0,2.8563370426942476
3135,2.9088077266089116,0,0,2.9088077266089116
3136,2.908807726608914,0,0,2.908807726608914
3137,2.603958462562629,0,0,2.603958462562629
3138,2.603958462562629,0,0,2.603958462562629
3139,2.603958462562629,0,0,2.603958462562629
3140,2.603958462562629,0,0,2.603958462562629
3141,2.578867280971415,0,0,2.578867280971415
3142,2.578867280971415,0,0,2.578867280971415
3143,2.463076225651418,0,0,2.463076225651418
3144,2.463076225651418,0,0,2.463076225651418
3145,2.463076225651418,0,0,2.463076225651418
3146,1.9724861463039203,0,0,1.9724861463039203
3147,2.0739555215419996,0,0,2.0739555215419996
3148,2.0739555215419996,0,0,2.0739555215419996
3149,1.8342030540733212,0,0,1.8342030540733212
3150,1.8342030540733212,0,0,1.8342030540733212
3151,1.7987561388064996,0,0,1.7987561388064996
3152,1.7985355678119346,0,0,1.7985355678119346
3153,1.8490499066452173,0,0,1.8490499066452173
3154,1.8490499066452173,0,0,1.8490499066452173
3155,1.8311827531734033,0,0,1.8311827531734033
3156,1.8311827531734033,0,0,1.8311827531734033
3157,1.8311827531734033,0,0,1.8311827531734033
3158,1.8311827531734033,0,0,1.8311827531734033
3159,1.739352984172518,0,0,1.739352984172518
3160,1.3384853913620822,0,0,1.3384853913620822
3161,1.3206718910085387,0,0,1.3206718910085387
3162,1.3206718910085387,0,0,1.3206718910085387
3163,1.3206718910085387,0,0,1.3206718910085387
3164,1.3206718910085387,0,0,1.3206718910085387
3165,1.2560345733260436,0,0,1.2560345733260436
3166,1.2560345733260436,0,0,1.2560345733260436
3167,1.1929515937275648,0,0,1.1929515937275648
3168,1.1929515937275648,0,0,1.1929515937275648
3169,1.1929515937275648,0,0,1.1929515937275648
3170,1.1929515937275648,0,0,1.1929515937275648
3171,1.1228459774611728,0,0,1.1228459774611728
3172,1.1228459774611728,0,0,1.1228459774611728
3173,1.1526870145868122,0,0,1.1526870145868122
3174,1.1526870145868122,0,0,1.1526870145868122
3175,1.1526870145868122,0,0,1.1526870145868122
3176,1.1526870145868027,0,0,1.1526870145868027
3177,1.3697453062194016,0,0,1.3697453062194016
3178,1.3697453062194016,0,0,1.3697453062194016
3179,1.4040474853241345,0,0,1.4040474853241345
3180,1.4040474853241345,0,0,1.4040474853241345
3181,1.4040474853241345,0,0,1.4040474853241345
3182,1.4040474853241345,0,0,1.4040474853241345
3183,1.3336405527122903,0,0,1.3336405527122903
3184,1.3336405527122903,0,0,1.3336405527122903
3185,0.9556863634664254,0,0,0.9556863634664254
3186,0.9556863634664254,0,0,0.9556863634664254
3187,0.9556863634664254,0,0,0.9556863634664254
3188,0.9556863634664254,0,0,0.9556863634664254
3189,0.9139518223370954,0,0,0.9139518223370954
3190,0.9139518223370954,0,0,0.9139518223370954
3191,0.7073012264122615,0,0,0.7073012264122615
3192,0.7073012264122615,0,0,0.7073012264122615
3193,0.7073012264122379,0,0,0.7073012264122379
3194,0.7073012264122379,0,0,0.7073012264122379
3195,0.6718173755967581,0,0,0.6718173755967581
3196,0.6718173755967581,0,0,0.6718173755967581
3197,0.0,0,0,0.0
3198,0.0,0,0,0.0
3199,0.0,0,0,0.0
3200,0.0,0,0,0.0
3201,0.9911164870046718,0,0,0.9911164870046718
3202,0.9911164870046718,0,0,0.9911164870046718
3203,0.0,0,0,0.0
3204,0.7134876294898916,0,0,0.7134876294898916
3205,0.7134876294898916,0,0,0.7134876294898916
3206,0.7134876294898916,0,0,0.7134876294898916
3207,1.0656649851955398,0,0,1.0656649851955398
3208,1.0656649851955398,0,0,1.0656649851955398
3209,1.0784684369151503,0,0,1.0784684369151503
3210,1.0784684369151503,0,0,1.0784684369151503
3211,1.0784684369151503,0,0,1.0784684369151503
3212,1.0784684369151503,0,0,1.0784684369151503
3213,1.0656649851955398,0,0,1.0656649851955398
3214,1.0656649851955398,0,0,1.0656649851955398
3215,1.07846843691514,0,0,1.07846843691514
3216,1.0784684369151452,0,0,1.0784684369151452
3217,1.0784684369151452,0,0,1.0784684369151452
3218,1.0784684369151452,0,0,1.0784684369151452
3219,1.4106213988881349,0,0,1.4106213988881349
3220,1.4106213988881349,0,0,1.4106213988881349
3221,1.4964705418107864,0,0,1.4964705418107864
3222,1.49647054181079,0,0,1.49647054181079
3223,1.49647054181079,0,0,1.49647054181079
3224,1.4964705418107864,0,0,1.4964705418107864
3225,1.4106213988881349,0,0,1.4106213988881349
3226,1.4106213988881349,0,0,1.4106213988881349
3227,1.4964705418107864,0,0,1.4964705418107864
3228,1.49647054181079,0,0,1.49647054181079
3229,1.49647054181079,0,0,1.49647054181079
3230,1.49647054181079,0,0,1.49647054181079
3231,1.4106213988881349,0,0,1.4106213988881349
3232,1.4106213988881349,0,0,1.4106213988881349
3233,1.49647054181079,0,0,1.49647054181079
3234,1.49647054181079,0,0,1.49647054181079
3235,1.49647054181079,0,0,1.49647054181079
3236,1.49647054181079,0,0,1.49647054181079
3237,1.4106213988881349,0,0,1.4106213988881349
3238,1.4106213988881349,0,0,1.4106213988881349
3239,0.9958063583157749,0,0,0.9958063583157749
3240,0.9958063583157749,0,0,0.9958063583157749
3241,0.995806358315786,0,0,0.995806358315786
3242,0.995806358315786,0,0,0.995806358315786
3243,1.2050341789248131,0,0,1.2050341789248131
3244,1.2050341789248131,0,0,1.2050341789248131
3245,0.9680542724619075,0,0,0.9680542724619075
3246,0.9680542724619075,0,0,0.9680542724619075
3247,0.9680542724619075,0,0,0.9680542724619075
3248,0.7281942467382418,0,0,0.7281942467382418
3249,0.9229662415429227,0,0,0.9229662415429227
3250,0.9229662415429227,0,0,0.9229662415429227
3251,2.980232238769531e-07,0,0,2.980232238769531e-07
3252,2.980232238769531e-07,0,0,2.980232238769531e-07
3253,2.980232238769531e-07,0,0,2.980232238769531e-07
3254,3.1610136383170525e-07,0,0,3.1610136383170525e-07
3255,0.6291622966199388,0,0,0.6291622966199388
3256,0.6291622966199388,0,0,0.6291622966199388
3257,0.0,0,0,0.0
3258,0.0,0,0,0.0
3259,0.0,0,0,0.0
3260,0.0,0,0,0.0
3261,0.0,0,0,0.0
3262,0.0,0,0,0.0
3263,0.0,0,0,0.0
3264,0.0,0,0,0.0
3265,0.0,0,0,0.0
3266,0.0,0,0,0.0
3267,0.0,0,0,0.0
3268,1.347383374849455,0,0,1.347383374849455
3269,1.4204581854631824,0,0,1.4204581854631824
3270,1.420458185463624,0,0,1.420458185463624
3271,1.5767214980535336,0,0,1.5767214980535336
3272,1.5767214980535336,0,0,1.5767214980535336
3273,1.6985537114341738,0,0,1.6985537114341738
3274,1.6988335166060198,0,0,1.6988335166060198
3275,1.7517080003362864,0,0,1.7517080003362864
3276,1.7517080003362897,0,0,1.7517080003362897
3277,1.7517080003362897,0,0,1.7517080003362897
3278,1.7517080003362897,0,0,1.7517080003362897
3279,2.7208201863715935,0,0,2.7208201863715935
3280,2.7208201863715935,0,0,2.7208201863715935
3281,3.3318375491807557,0,0,3.3318375491807557
3282,3.518864898076128,0,0,3.518864898076128
3283,3.3374437759986337,0,0,3.3374437759986337
3284,3.3374437759986337,0,0,3.3374437759986337
3285,4.101676411162744,0,0,4.101676411162744
3286,4.101676411162744,0,0,4.101676411162744
3287,4.701835783193849,0,0,4.701835783193849
3288,5.021989425549729,0,0,5.021989425549729
3289,5.021989425549729,0,0,5.021989425549729
3290,5.021989425549729,0,0,5.021989425549729
3291,4.8350848864338865,0,0,4.8350848864338865
3292,4.8350848864338865,0,0,4.8350848864338865
3293,5.021989425549729,0,0,5.021989425549729
3294,5.263809800435938,0,0,5.263809800435938
3295,5.095293269263996,0,0,5.095293269263996
3296,5.095293269263996,0,0,5.095293269263996
3297,4.921972928108535,0,0,4.921972928108535
3298,4.921972928108535,0,0,4.921972928108535
3299,4.21095615590512,0,0,4.21095615590512
3300,4.21095615590512,0,0,4.21095615590512
3301,4.210956155905116,0,0,4.210956155905116
3302,4.210956155905116,0,0,4.210956155905116
3303,4.1170227390962,0,0,4.1170227390962
3304,3.4882548367285136,0,0,3.4882548367285136
3305,2.4536734311613113,0,0,2.4536734311613113
3306,2.4536734311613113,0,0,2.4536734311613113
3307,2.4576077093965942,0,0,2.4576077093965942
3308,2.4576077093965942,0,0,2.4576077093965942
3309,2.4576077093965942,0,0,2.4576077093965942
3310,2.0842552964089163,0,0,2.0842552964089163
3311,2.678062668126722,0,0,2.678062668126722
3312,2.678062668126722,0,0,2.678062668126722
3313,2.678062668126722,0,0,2.678062668126722
3314,2.344386569565039,0,0,2.344386569565039
3315,3.494445856497642,0,0,3.494445856497642
3316,3.494445856497642,0,0,3.494445856497642
3317,3.4292294079503503,0,0,3.4292294079503503
3318,3.2523371765022118,0,0,3.2523371765022118
3319,3.252119604120023,0,0,3.252119604120023
3320,3.252119604120023,0,0,3.252119604120023
3321,3.180245823088706,0,0,3.180245823088706
3322,3.180245823088706,0,0,3.180245823088706
3323,3.179852243916749,0,0,3.179852243916749
3324,3.1979385490267194,0,0,3.1979385490267194
3325,3.1379756138133175,0,0,3.1379756138133175
3326,3.1379756138133175,0,0,3.1379756138133175
3327,3.1397563974241565,0,0,3.1397563974241565
3328,3.221795345694959,0,0,3.221795345694959
3329,3.372582897127779,0,0,3.372582897127779
3330,3.3725828971277805,0,0,3.3725828971277805
3331,3.3725828971277805,0,0,3.3725828971277805
3332,3.883792243817695,0,0,3.883792243817695
3333,3.894470660595378,0,0,3.894470660595378
3334,3.824073570128435,0,0,3.824073570128435
3335,4.01646329923325,0,0,4.01646329923325
3336,4.01646329923325,0,0,4.01646329923325
3337,3.353432910596431,0,0,3.353432910596431
3338,3.353432910596431,0,0,3.353432910596431
3339,3.6840712927293198,0,0,3.6840712927293198
3340,3.6840712927293198,0,0,3.6840712927293198
3341,3.8475009855957882,0,0,3.8475009855957882
3342,3.8475009855957882,0,0,3.8475009855957882
3343,4.049074969072857,0,0,4.049074969072857
3344,4.049074969072857,0,0,4.049074969072857
3345,4.499381922693399,0,0,4.499381922693399
3346,4.499657069277278,0,0,4.499657069277278
3347,4.499657069277278,0,0,4.499657069277278
3348,4.499657069277278,0,0,4.499657069277278
3349,4.704690339014929,0,0,4.704690339014929
3350,4.704336177339576,0,0,4.704336177339576
3351,5.09261296177413,0,0,5.09261296177413
3352,5.09261296177413,0,0,5.09261296177413
3353,5.155843453617047,0,0,5.155843453617047
3354,5.155843453617046,0,0,5.155843453617046
3355,5.155843453617045,0,0,5.155843453617045
3356,4.614746965986218,0,0,4.614746965986218
3357,3.120169138327051,0,0,3.120169138327051
3358,3.120169138327051,0,0,3.120169138327051
3359,3.120169138327051,0,0,3.120169138327051
3360,3.120169138327051,0,0,3.120169138327051
3361,2.7055845598980155,0,0,2.7055845598980155
3362,2.7055845598980155,0,0,2.7055845598980155
3363,2.7073212223749543,0,0,2.7073212223749543
3364,2.7073212223749543,0,0,2.7073212223749543
3365,2.7368224557701923,0,0,2.7368224557701923
3366,2.7368224557701923,0,0,2.7368224557701923
3367,2.736822455770196,0,0,2.736822455770196
3368,2.4872566683688637,0,0,2.4872566683688637
3369,1.8266022906111672,0,0,1.8266022906111672
3370,1.8266022906111672,0,0,1.8266022906111672
3371,1.6512406529837573,0,0,1.6512406529837573
3372,1.6512406529837573,0,0,1.6512406529837573
3373,0.7212396499021758,0,0,0.7212396499021758
3374,0.7212396499021912,0,0,0.7212396499021912
3375,0.6832283670448297,0,0,0.6832283670448297
3376,0.6832283670448297,0,0,0.6832283670448297
3377,0.0,0,0,0.0
3378,0.0,0,0,0.0
3379,0.0,0,0,0.0
3380,0.0,0,0,0.0
3381,0.6552594214061673,0,0,0.6552594214061673
3382,0.6552594214061673,0,0,0.6552594214061673
3383,0.0,0,0,0.0
3384,0.0,0,0,0.0
3385,0.0,0,0,0.0
3386,0.0,0,0,0.0
3387,1.830429665237505,0,0,1.830429665237505
3388,1.8299035089182938,0,0,1.8299035089182938
3389,1.7839802850941138,0,0,1.7839802850941138
3390,1.7645158350856542,0,0,1.7645158350856542
3391,1.764515835085648,0,0,1.764515835085648
3392,1.764515835085648,0,0,1.764515835085648
3393,1.7512130226393965,0,0,1.7512130226393965
3394,1.7512130226393965,0,0,1.7512130226393965
3395,1.732508383595247,0,0,1.732508383595247
3396,1.7330629384863834,0,0,1.7330629384863834
3397,1.7330629384863834,0,0,1.7330629384863834
3398,2.860873004894916,0,0,2.860873004894916
3399,2.8232474248218975,0,0,2.8232474248218975
3400,2.170168800132959,0,0,2.170168800132959
3401,1.623797517033365,0,0,1.623797517033365
3402,1.623797517033365,0,0,1.623797517033365
3403,1.6237975170333683,0,0,1.6237975170333683
3404,1.6237975170333683,0,0,1.6237975170333683
3405,3.4117933182979963,0,0,3.4117933182979963
3406,3.4117933182979963,0,0,3.4117933182979963
3407,3.06320736279874,0,0,3.06320736279874
3408,3.06320736279874,0,0,3.06320736279874
3409,2.5641991625619247,0,0,2.5641991625619247
3410,2.564199162561929,0,0,2.564199162561929
3411,2.555200423496982,0,0,2.555200423496982
3412,3.2017702879675936,0,0,3.2017702879675936
3413,2.9236120871932894,0,0,2.9236120871932894
3414,3.1005759697925654,0,0,3.1005759697925654
3415,3.383987072077598,0,0,3.383987072077598
3416,3.483815959698118,0,0,3.483815959698118
3417,3.449894806253947,0,0,3.449894806253947
3418,3.449894806253947,0,0,3.449894806253947
3419,3.0951312067182024,0,0,3.0951312067182024
3420,3.0951312067182024,0,0,3.0951312067182024
3421,3.0951312067182024,0,0,3.0951312067182024
3422,3.095210691464412,0,0,3.095210691464412
3423,3.0652781588753215,0,0,3.0652781588753215
3424,3.0652781588753215,0,0,3.0652781588753215
3425,2.7177777372965792,0,0,2.7177777372965792
3426,2.7177777372965815,0,0,2.7177777372965815
3427,2.7177777372965815,0,0,2.7177777372965815
3428,2.7177777372965815,0,0,2.7177777372965815
3429,2.8936998116707575,0,0,2.8936998116707575
3430,2.7043040491208212,0,0,2.7043040491208212
3431,2.6812565674083797,0,0,2.6812565674083797
3432,2.6812565674083815,0,0,2.6812565674083815
3433,2.6812565674083815,0,0,2.6812565674083815
3434,2.6812565674083837,0,0,2.6812565674083837
3435,2.8186307503426735,0,0,2.8186307503426735
3436,2.8186307503426735,0,0,2.8186307503426735
3437,0.0,0,0,0.0
3438,0.0,0,0,0.0
3439,0.0,0,0,0.0
3440,0.0,0,0,0.0
3441,0.0,0,0,0.0
3442,0.0,0,0,0.0
3443,0.0,0,0,0.0
3444,0.0,0,0,0.0
3445,0.0,0,0,0.0
3446,0.0,0,0,0.0
3447,0.0,0,0,0.0
3448,0.9407867633301238,0,0,0.9407867633301238
3449,0.0,0,0,0.0
3450,1.7181433919181086,0,0,1.7181433919181086
3451,1.7181433919181086,0,0,1.7181433919181086
3452,1.7181433919181086,0,0,1.7181433919181086
3453,1.7181433919181053,0,0,1.7181433919181053
3454,1.7181433919181053,0,0,1.7181433919181053
3455,1.0101597843275913,0,0,1.0101597843275913
3456,1.2427727232847352,0,0,1.2427727232847352
3457,1.2427727232847352,0,0,1.2427727232847352
3458,1.2427727232847352,0,0,1.2427727232847352
3459,1.4279099061248468,0,0,1.4279099061248468
3460,1.4279099061248468,0,0,1.4279099061248468
3461,1.519829901707931,0,0,1.519829901707931
3462,1.519829901707931,0,0,1.519829901707931
3463,1.519829901707931,0,0,1.519829901707931
3464,1.519829901707931,0,0,1.519829901707931
3465,2.164065602305283,0,0,2.164065602305283
3466,2.164065602305283,0,0,2.164065602305283
3467,2.338189838346949,0,0,2.338189838346949
3468,2.8527439995957287,0,0,2.8527439995957287
3469,2.8527439995957287,0,0,2.8527439995957287
3470,2.8527439995957287,0,0,2.8527439995957287
3471,3.099961528101097,0,0,3.099961528101097
3472,3.099961528101097,0,0,3.099961528101097
3473,3.239477699387836,0,0,3.239477699387836
3474,3.239477699387836,0,0,3.239477699387836
3475,3.239477699387836,0,0,3.239477699387836
3476,3.239477699387836,0,0,3.239477699387836
3477,3.025732067120379,0,0,3.025732067120379
3478,3.025732067120379,0,0,3.025732067120379
3479,3.1827688414761033,0,0,3.1827688414761033
3480,3.1827688414761033,0,0,3.1827688414761033
3481,3.1827619896968047,0,0,3.1827619896968047
3482,3.1827619896968047,0,0,3.1827619896968047
3483,3.785357150313649,0,0,3.785357150313649
3484,3.8262344087276627,0,0,3.8262344087276627
3485,3.0447959425922666,0,0,3.0447959425922666
3486,3.0447959425922666,0,0,3.0447959425922666
3487,3.0447959425922666,0,0,3.0447959425922666
3488,3.0447959425922684,0,0,3.0447959425922684
3489,3.2069134097241956,0,0,3.2069134097241956
3490,3.2069134097241956,0,0,3.2069134097241956
3491,3.151362715477354,0,0,3.151362715477354
3492,3.116632123183976,0,0,3.116632123183976
3493,3.116632123183976,0,0,3.116632123183976
3494,2.097053720059694,0,0,2.097053720059694
3495,1.9902620082240308,0,0,1.9902620082240308
3496,1.9902620082240308,0,0,1.9902620082240308
3497,1.8185908765274519,0,0,1.8185908765274519
3498,1.8185908765274519,0,0,1.8185908765274519
3499,1.8185908765274519,0,0,1.8185908765274519
3500,1.846974376260071,0,0,1.846974376260071
3501,1.8266022906111672,0,0,1.8266022906111672
3502,1.8266022906111672,0,0,1.8266022906111672
3503,1.0520871114763504,0,0,1.0520871114763504
3504,1.0520871114763504,0,0,1.0520871114763504
3505,1.0520871114763504,0,0,1.0520871114763504
3506,0.7281942467382418,0,0,0.7281942467382418
3507,1.702577207150289,0,0,1.702577207150289
3508,1.702577207150289,0,0,1.702577207150289
3509,1.41504004282648,0,0,1.41504004282648
3510,1.7181433919181086,0,0,1.7181433919181086
3511,1.7181433919181086,0,0,1.7181433919181086
3512,1.7181433919181086,0,0,1.7181433919181086
3513,1.7181433919181053,0,0,1.7181433919181053
3514,1.7181433919181053,0,0,1.7181433919181053
3515,1.0101597843275913,0,0,1.0101597843275913
3516,1.2427727232847352,0,0,1.2427727232847352
3517,1.2427727232847352,0,0,1.2427727232847352
3518,1.2427727232847352,0,0,1.2427727232847352
3519,1.4279099061248468,0,0,1.4279099061248468
3520,1.4279099061248468,0,0,1.4279099061248468
3521,1.519829901707931,0,0,1.519829901707931
3522,1.519829901707931,0,0,1.519829901707931
3523,1.519829901707931,0,0,1.519829901707931
3524,1.519829901707931,0,0,1.519829901707931
3525,2.164065602305283,0,0,2.164065602305283
3526,2.164065602305283,0,0,2.164065602305283
3527,2.338189838346949,0,0,2.338189838346949
3528,2.751401881396588,0,0,2.751401881396588
3529,2.751401881396588,0,0,2.751401881396588
3530,2.751401881396588,0,0,2.751401881396588
3531,2.75140188139659,0,0,2.75140188139659
3532,2.75140188139659,0,0,2.75140188139659
3533,2.91411455010818,0,0,2.91411455010818
3534,2.91411455010818,0,0,2.91411455010818
3535,2.91411455010818,0,0,2.91411455010818
3536,2.91411455010818,0,0,2.91411455010818
3537,3.964938114912193,0,0,3.964938114912193
3538,3.964938114912193,0,0,3.964938114912193
3539,4.219231443219028,0,0,4.219231443219028
3540,4.60081716110537,0,0,4.60081716110537
3541,4.60081716110537,0,0,4.60081716110537
3542,4.60081716110537,0,0,4.60081716110537
3543,4.60081716110537,0,0,4.60081716110537
3544,4.60081716110537,0,0,4.60081716110537
3545,3.0147205856147226,0,0,3.0147205856147226
3546,3.4748630634534416,0,0,3.4748630634534416
3547,3.4748630634534416,0,0,3.4748630634534416
3548,3.4748630634534448,0,0,3.4748630634534448
3549,3.4748630634534448,0,0,3.4748630634534448
3550,3.4748630634534514,0,0,3.4748630634534514
3551,3.2132471561586917,0,0,3.2132471561586917
3552,3.560649522291622,0,0,3.560649522291622
3553,2.6305649564509195,0,0,2.6305649564509195
3554,2.6305649564509195,0,0,2.6305649564509195
3555,2.6305649564509195,0,0,2.6305649564509195
3556,2.6305649564509177,0,0,2.6305649564509177
3557,2.6305649564509177,0,0,2.6305649564509177
3558,2.519230289122766,0,0,2.519230289122766
3559,2.519230289122766,0,0,2.519230289122766
3560,3.162382700349743,0,0,3.162382700349743
3561,2.934139997068744,0,0,2.934139997068744
3562,2.934139997068744,0,0,2.934139997068744
3563,2.934139997068744,0,0,2.934139997068744
3564,2.7403020093088526,0,0,2.7403020093088526
3565,2.7403020093088526,0,0,2.7403020093088526
3566,2.7403020093088526,0,0,2.7403020093088526
3567,2.7403020093088526,0,0,2.7403020093088526
3568,2.7403020093088526,0,0,2.7403020093088526
3569,2.4170433230361072,0,0,2.4170433230361072
3570,2.2653063898423653,0,0,2.2653063898423653
3571,2.2653063898423724,0,0,2.2653063898423724
3572,0.9958063583157749,0,0,0.9958063583157749
3573,0.9958063583157749,0,0,0.9958063583157749
3574,0.995806358315786,0,0,0.995806358315786
3575,0.995806358315786,0,0,0.995806358315786
3576,2.2897445501532916,0,0,2.2897445501532916
3577,2.2897445501532916,0,0,2.2897445501532916
3578,2.3454919099509666,0,0,2.3454919099509666
3579,2.3454919099509666,0,0,2.3454919099509666
3580,2.3454919099509666,0,0,2.3454919099509666
3581,2.1972964687949545,0,0,2.1972964687949545
3582,2.3984116474052337,0,0,2.3984116474052337
3583,2.3984116474052337,0,0,2.3984116474052337
3584,0.02356602414877796,0,0,0.02356602414877796
3585,0.02356602414877796,0,0,0.02356602414877796
3586,0.02356602414877796,0,0,0.02356602414877796
3587,0.016383827746714034,0,0,0.016383827746714034
3588,1.7680232984704938,0,0,1.7680232984704938
3589,1.7680232984704938,0,0,1.7680232984704938
3590,1.797229771902085,0,0,1.797229771902085
3591,1.797229771902085,0,0,1.797229771902085
3592,1.797229771902085,0,0,1.797229771902085
3593,1.797229771902085,0,0,1.797229771902085
3594,1.7691212016480604,0,0,1.7691212016480604
3595,1.7691212016480604,0,0,1.7691212016480604
3596,1.797229771902085,0,0,1.797229771902085
3597,1.7972297719020789,0,0,1.7972297719020789
3598,1.7972297719020789,0,0,1.7972297719020789
3599,1.7972297719020789,0,0,1.7972297719020789
3600,1.7691212016480604,0,0,1.7691212016480604
3601,1.7691212016480604,0,0,1.7691212016480604
3602,1.797229771902085,0,0,1.797229771902085
3603,1.797229771902085,0,0,1.797229771902085
3604,1.797229771902085,0,0,1.797229771902085
3605,1.797229771902085,0,0,1.797229771902085
3606,1.769121201648054,0,0,1.769121201648054
3607,1.769121201648054,0,0,1.769121201648054
3608,1.7972297719020789,0,0,1.7972297719020789
3609,1.7972297719020789,0,0,1.7972297719020789
3610,1.7972297719020789,0,0,1.7972297719020789
3611,1.7972297719020789,0,0,1.7972297719020789
3612,1.7691212016480604,0,0,1.7691212016480604
3613,1.769121201648054,0,0,1.769121201648054
3614,1.7972297719020789,0,0,1.7972297719020789
3615,1.797229771902073,0,0,1.797229771902073
3616,1.797229771902073,0,0,1.797229771902073
3617,1.797229771902073,0,0,1.797229771902073
3618,1.7691212016480604,0,0,1.7691212016480604
3619,1.769121201648054,0,0,1.769121201648054
3620,1.0483896195493853e-06,0,0,1.0483896195493853e-06
3621,1.0483896195493853e-06,0,0,1.0483896195493853e-06
3622,1.0483896195493853e-06,0,0,1.0483896195493853e-06
3623,1.0483896195493853e-06,0,0,1.0483896195493853e-06
3624,0.8454171273476864,0,0,0.8454171273476864
3625,0.8454171273476864,0,0,0.8454171273476864
3626,0.9237584664077015,0,0,0.9237584664077015
3627,0.9237584664077015,0,0,0.9237584664077015
3628,0.9237584664077015,0,0,0.9237584664077015
3629,0.9237584664077015,0,0,0.9237584664077015
3630,1.6958239262107553,0,0,1.6958239262107553
3631,1.6958239262107553,0,0,1.6958239262107553
3632,0.02356602414877796,0,0,0.02356602414877796
3633,0.02356602414877796,0,0,0.02356602414877796
3634,0.02356602414877796,0,0,0.02356602414877796
3635,0.016383827746714034,0,0,0.016383827746714034
3636,1.7680232984708988,0,0,1.7680232984708988
3637,1.7680232984708988,0,0,1.7680232984708988
3638,1.7962097014430711,0,0,1.7962097014430711
3639,1.796209701443065,0,0,1.796209701443065
3640,1.796209701443065,0,0,1.796209701443065
3641,1.7960155798001005,0,0,1.7960155798001005
3642,1.7680232984704938,0,0,1.7680232984704938
3643,1.7680232984704938,0,0,1.7680232984704938
3644,1.797229771902085,0,0,1.797229771902085
3645,1.797229771902085,0,0,1.797229771902085
3646,1.797229771902085,0,0,1.797229771902085
3647,1.797229771902085,0,0,1.797229771902085
3648,1.7691212016480604,0,0,1.7691212016480604
3649,1.7691212016480604,0,0,1.7691212016480604
3650,1.797229771902085,0,0,1.797229771902085
3651,1.7972297719020789,0,0,1.7972297719020789
3652,1.7972297719020789,0,0,1.7972297719020789
3653,1.7972297719020789,0,0,1.7972297719020789
3654,1.7691212016480604,0,0,1.7691212016480604
3655,1.7691212016480604,0,0,1.7691212016480604
3656,1.797229771902085,0,0,1.797229771902085
3657,1.797229771902085,0,0,1.797229771902085
3658,1.797229771902085,0,0,1.797229771902085
3659,1.797229771902085,0,0,1.797229771902085
3660,1.769121201648054,0,0,1.769121201648054
3661,1.769121201648054,0,0,1.769121201648054
3662,1.7972297719020789,0,0,1.7972297719020789
3663,1.7972297719020789,0,0,1.7972297719020789
3664,1.7972297719020789,0,0,1.7972297719020789
3665,1.7972297719020789,0,0,1.7972297719020789
3666,1.7691212016480604,0,0,1.7691212016480604
3667,1.769121201648054,0,0,1.769121201648054
3668,1.7972297719020789,0,0,1.7972297719020789
3669,1.797229771902073,0,0,1.797229771902073
3670,1.797229771902073,0,0,1.797229771902073
3671,1.797229771902073,0,0,1.797229771902073
3672,1.7691212016480604,0,0,1.7691212016480604
3673,1.769121201648054,0,0,1.769121201648054
3674,1.0483896195493853e-06,0,0,1.0483896195493853e-06
3675,1.0483896195493853e-06,0,0,1.0483896195493853e-06
3676,1.0483896195493853e-06,0,0,1.0483896195493853e-06
3677,1.0483896195493853e-06,0,0,1.0483896195493853e-06
3678,0.8454171273476864,0,0,0.8454171273476864
3679,0.8454171273476864,0,0,0.8454171273476864
3680,0.5090101036116133,0,0,0.5090101036116133
3681,0.5090101036116133,0,0,0.5090101036116133
3682,0.5090101036116133,0,0,0.5090101036116133
3683,0.5090101036116133,0,0,0.5090101036116133
3684,2.2770164043211487,0,0,2.2770164043211487
3685,2.277016404321305,0,0,2.277016404321305
3686,2.854202101831854,0,0,2.854202101831854
3687,2.854202101831854,0,0,2.854202101831854
3688,3.539885327663739,0,0,3.539885327663739
3689,3.539885327663739,0,0,3.539885327663739
3690,3.828139301579928,0,0,3.828139301579928
3691,4.937148367481329,0,0,4.937148367481329
3692,4.881995862595254,0,0,4.881995862595254
3693,4.825698783233292,0,0,4.825698783233292
3694,4.825698783233292,0,0,4.825698783233292
3695,4.816095453484988,0,0,4.816095453484988
3696,4.653644492297277,0,0,4.653644492297277
3697,4.653644492297277,0,0,4.653644492297277
3698,4.614528445449315,0,0,4.614528445449315
3699,4.614528445449315,0,0,4.614528445449315
3700,4.614528445449315,0,0,4.614528445449315
3701,4.984905486677874,0,0,4.984905486677874
3702,4.984905486677875,0,0,4.984905486677875
3703,4.984905486677875,0,0,4.984905486677875
3704,4.777351311623322,0,0,4.777351311623322
3705,4.777351311623322,0,0,4.777351311623322
3706,4.3709436226488325,0,0,4.3709436226488325
3707,4.3709436226488325,0,0,4.3709436226488325
3708,4.3709436226488325,0,0,4.3709436226488325
3709,4.18553124213811,0,0,4.18553124213811
3710,3.937512758119024,0,0,3.937512758119024
3711,3.7599849965821184,0,0,3.7599849965821184
3712,3.7599849965821184,0,0,3.7599849965821184
3713,3.7599849965821184,0,0,3.7599849965821184
3714,3.7598785708193945,0,0,3.7598785708193945
3715,3.7598785708193945,0,0,3.7598785708193945
3716,3.4684186938389283,0,0,3.4684186938389283
3717,3.4684186938389283,0,0,3.4684186938389283
3718,3.4684186938389283,0,0,3.4684186938389283
3719,3.4684186938389283,0,0,3.4684186938389283
3720,3.4685206072699106,0,0,3.4685206072699106
3721,2.2764195516406387,0,0,2.2764195516406387
3722,2.378681104164507,0,0,2.378681104164507
3723,2.378681104164507,0,0,2.378681104164507
3724,2.378681104164507,0,0,2.378681104164507
3725,2.378681104164507,0,0,2.378681104164507
3726,2.50013578546176,0,0,2.50013578546176
3727,2.50013578546176,0,0,2.50013578546176
3728,2.039351989132633,0,0,2.039351989132633
3729,2.039351989132633,0,0,2.039351989132633
3730,1.7082042846997791,0,0,1.7082042846997791
3731,2.1378302969759737,0,0,2.1378302969759737
3732,2.1378302969759737,0,0,2.1378302969759737
3733,2.1378302969759737,0,0,2.1378302969759737
3734,2.1378302969759737,0,0,2.1378302969759737
3735,2.1378302969759737,0,0,2.1378302969759737
3736,2.254174086668782,0,0,2.254174086668782
3737,2.08040348706656,0,0,2.08040348706656
3738,2.08040348706656,0,0,2.08040348706656
3739,2.08040348706656,0,0,2.08040348706656
3740,2.08040348706656,0,0,2.08040348706656
3741,2.1261521182957464,0,0,2.1261521182957464
3742,2.1261521182957464,0,0,2.1261521182957464
3743,2.1261521182957464,0,0,2.1261521182957464
3744,2.1261521182957464,0,0,2.1261521182957464
3745,2.1261521182957464,0,0,2.1261521182957464
3746,2.006544841365102,0,0,2.006544841365102
3747,1.5841659830771497,0,0,1.5841659830771497
3748,1.5841659830771497,0,0,1.5841659830771497
3749,1.5841659830771497,0,0,1.5841659830771497
3750,1.5841659830771497,0,0,1.5841659830771497
3751,1.9934895283772254,0,0,1.9934895283772254
3752,1.9934895283772254,0,0,1.9934895283772254
3753,1.9934895283772254,0,0,1.9934895283772254
3754,1.9934895283772254,0,0,1.9934895283772254
3755,1.9934895283772254,0,0,1.9934895283772254
3756,2.223736582412813,0,0,2.223736582412813
3757,2.223736582412813,0,0,2.223736582412813
3758,2.223736582412813,0,0,2.223736582412813
3759,2.223736582412813,0,0,2.223736582412813
3760,2.223736582412813,0,0,2.223736582412813
3761,1.744236361163685,0,0,1.744236361163685
3762,1.744236361163685,0,0,1.744236361163685
3763,1.744236361163685,0,0,1.744236361163685
3764,1.744236361163685,0,0,1.744236361163685
3765,1.744236361163685,0,0,1.744236361163685
3766,1.8920035525043521,0,0,1.8920035525043521
3767,1.8920035525043521,0,0,1.8920035525043521
3768,1.8920035525043521,0,0,1.8920035525043521
3769,1.8920035525043521,0,0,1.8920035525043521
3770,1.8920035525043521,0,0,1.8920035525043521
3771,1.6186804311275804e-06,0,0,1.6186804311275804e-06
3772,1.6186804311275804e-06,0,0,1.6186804311275804e-06
3773,1.6186804311275804e-06,0,0,1.6186804311275804e-06
3774,1.6186804311275804e-06,0,0,1.6186804311275804e-06
3775,1.6186804311275804e-06,0,0,1.6186804311275804e-06
3776,0.8969447091030893,0,0,0.8969447091030893
3777,0.8969447091030893,0,0,0.8969447091030893
3778,0.8969447091031018,0,0,0.8969447091031018
3779,0.8969447091031018,0,0,0.8969447091031018
3780,0.8969447091031018,0,0,0.8969447091031018
3781,1.2780249249148394,0,0,1.2780249249148394
3782,1.2780249249148394,0,0,1.2780249249148394
3783,1.278024924914848,0,0,1.278024924914848
3784,1.278024924914848,0,0,1.278024924914848
3785,1.278024924914848,0,0,1.278024924914848
3786,2.1378302969759737,0,0,2.1378302969759737
3787,2.1378302969759737,0,0,2.1378302969759737
3788,2.1378302969759737,0,0,2.1378302969759737
3789,2.1378302969759737,0,0,2.1378302969759737
3790,2.1378302969759737,0,0,2.1378302969759737
3791,1.744236361163685,0,0,1.744236361163685
3792,1.744236361163685,0,0,1.744236361163685
3793,1.744236361163685,0,0,1.744236361163685
3794,1.744236361163685,0,0,1.744236361163685
3795,1.744236361163685,0,0,1.744236361163685
3796,1.8920035525043521,0,0,1.8920035525043521
3797,1.8920035525043521,0,0,1.8920035525043521
3798,1.8920035525043521,0,0,1.8920035525043521
3799,1.8920035525043521,0,0,1.8920035525043521
3800,1.8920035525043521,0,0,1.8920035525043521
3801,1.6186804311275804e-06,0,0,1.6186804311275804e-06
3802,1.6186804311275804e-06,0,0,1.6186804311275804e-06
3803,1.6186804311275804e-06,0,0,1.6186804311275804e-06
3804,1.6186804311275804e-06,0,0,1.6186804311275804e-06
3805,1.6186804311275804e-06,0,0,1.6186804311275804e-06
3806,0.8969447091030893,0,0,0.8969447091030893
3807,0.8969447091030893,0,0,0.8969447091030893
3808,0.8969447091031018,0,0,0.8969447091031018
3809,0.8969447091031018,0,0,0.8969447091031018
3810,0.8969447091031018,0,0,0.8969447091031018
3811,1.2780249249148394,0,0,1.2780249249148394
3812,1.2780249249148394,0,0,1.2780249249148394
3813,1.278024924914848,0,0,1.278024924914848
3814,1.278024924914848,0,0,1.278024924914848
3815,1.278024924914848,0,0,1.278024924914848
3816,2.1833854124039465,0,0,2.1833854124039465
3817,2.1833854124039465,0,0,2.1833854124039465
3818,2.1833854124039465,0,0,2.1833854124039465
3819,2.1833854124039465,0,0,2.1833854124039465
3820,2.1834180271487362,0,0,2.1834180271487362
3821,2.0420534967618917,0,0,2.0420534967618917
3822,2.0420534967618917,0,0,2.0420534967618917
3823,2.0420534967618917,0,0,2.0420534967618917
3824,2.0420534967618917,0,0,2.0420534967618917
3825,2.0420534967618917,0,0,2.0420534967618917
3826,1.2714212388339536,0,0,1.2714212388339536
3827,1.2714212388339536,0,0,1.2714212388339536
3828,1.271421238833971,0,0,1.271421238833971
3829,1.271421238833971,0,0,1.271421238833971
3830,1.271421238833971,0,0,1.271421238833971
3831,1.2309243513457067,0,0,1.2309243513457067
3832,1.2309243513457067,0,0,1.2309243513457067
3833,1.2309243513457158,0,0,1.2309243513457158
3834,1.2309243513457158,0,0,1.2309243513457158
3835,1.2309243513457158,0,0,1.2309243513457158
3836,1.4210259793267381,0,0,1.4210259793267381
3837,1.4210259793267381,0,0,1.4210259793267381
3838,1.4210259793267381,0,0,1.4210259793267381
3839,1.4210259793267381,0,0,1.4210259793267381
3840,1.4209890625591821,0,0,1.4209890625591821
3841,1.9381338540512212,0,0,1.9381338540512212
3842,1.9381338540512212,0,0,1.9381338540512212
3843,1.938133854051227,0,0,1.938133854051227
3844,1.9381338540512325,0,0,1.9381338540512325
3845,1.9381338540512325,0,0,1.9381338540512325
3846,1.9291989937446419,0,0,1.9291989937446419
3847,1.9291989937446419,0,0,1.9291989937446419
3848,1.9291989937446419,0,0,1.9291989937446419
3849,1.9291989937446419,0,0,1.9291989937446419
3850,1.9291989937446419,0,0,1.9291989937446419
3851,1.8906895265590118,0,0,1.8906895265590118
3852,1.8907983734492946,0,0,1.8907983734492946
3853,1.8907983734492946,0,0,1.8907983734492946
3854,1.8907983734492946,0,0,1.8907983734492946
3855,1.8907983734492946,0,0,1.8907983734492946
3856,2.2093634643946953,0,0,2.2093634643946953
3857,2.2857333767570545,0,0,2.2857333767570545
3858,2.4878805090389116,0,0,2.4878805090389116
3859,2.6133042217190554,0,0,2.6133042217190554
3860,2.784568083897279,0,0,2.784568083897279
3861,2.4945811272454788,0,0,2.4945811272454788
3862,2.4945811272454788,0,0,2.4945811272454788
3863,2.4945811272454788,0,0,2.4945811272454788
3864,2.158939758674274,0,0,2.158939758674274
3865,3.068436709869752,0,0,3.068436709869752
3866,3.7618213047859075,0,0,3.7618213047859075
3867,3.7618213047859075,0,0,3.7618213047859075
3868,3.7618213047859075,0,0,3.7618213047859075
3869,3.7618213047859075,0,0,3.7618213047859075
3870,4.342511930639914,0,0,4.342511930639914
3871,4.306780562857884,0,0,4.306780562857884
3872,4.311818568594837,0,0,4.311818568594837
3873,4.311818568594837,0,0,4.311818568594837
3874,4.3149234302032955,0,0,4.3149234302032955
3875,4.690760919682382,0,0,4.690760919682382
3876,4.621018291674712,0,0,4.621018291674712
3877,4.621223470150984,0,0,4.621223470150984
3878,4.621449207447503,0,0,4.621449207447503
3879,4.635368708882477,0,0,4.635368708882477
3880,4.932808727602848,0,0,4.932808727602848
3881,4.870231407456406,0,0,4.870231407456406
3882,4.870739337069273,0,0,4.870739337069273
3883,4.8707393370692715,0,0,4.8707393370692715
3884,4.877653908566605,0,0,4.877653908566605
3885,4.785520110898161,0,0,4.785520110898161
3886,4.607855240700469,0,0,4.607855240700469
3887,4.607855240700469,0,0,4.607855240700469
3888,4.607855240700469,0,0,4.607855240700469
3889,4.607855240700469,0,0,4.607855240700469
3890,4.806285043398699,0,0,4.806285043398699
3891,4.722752539157487,0,0,4.722752539157487
3892,4.4821149389599375,0,0,4.4821149389599375
3893,4.481925192949944,0,0,4.481925192949944
3894,4.481925192949944,0,0,4.481925192949944
3895,4.203507815845579,0,0,4.203507815845579
3896,4.202067688966574,0,0,4.202067688966574
3897,3.9886776013926495,0,0,3.9886776013926495
3898,3.9886776013926495,0,0,3.9886776013926495
3899,4.0470664522023885,0,0,4.0470664522023885
3900,4.012625440140572,0,0,4.012625440140572
3901,3.7978132532770843,0,0,3.7978132532770843
3902,3.797813253277086,0,0,3.797813253277086
3903,3.797813253277086,0,0,3.797813253277086
3904,3.7978132532770887,0,0,3.7978132532770887
3905,4.082748453881908,0,0,4.082748453881908
3906,2.9111652592096617,0,0,2.9111652592096617
3907,2.91116525920966,0,0,2.91116525920966
3908,2.9111652592096564,0,0,2.9111652592096564
3909,3.036774425230947,0,0,3.036774425230947
3910,2.9517244783964447,0,0,2.9517244783964447
3911,1.3918945898789234,0,0,1.3918945898789234
3912,1.3918945898789234,0,0,1.3918945898789234
3913,1.3918945898789234,0,0,1.3918945898789234
3914,1.3918945898789234,0,0,1.3918945898789234
3915,1.4092882200847772,0,0,1.4092882200847772
3916,1.4092882200847772,0,0,1.4092882200847772
3917,1.4092882200847772,0,0,1.4092882200847772
3918,1.4092882200847772,0,0,1.4092882200847772
3919,1.409376593653699,0,0,1.409376593653699
3920,2.411319436952638,0,0,2.411319436952638
3921,3.2783944764035,0,0,3.2783944764035
3922,3.2782832142159206,0,0,3.2782832142159206
3923,3.277645219821369,0,0,3.277645219821369
3924,3.251039170024006,0,0,3.251039170024006
3925,3.351443530638549,0,0,3.351443530638549
3926,3.3515819233320405,0,0,3.3515819233320405
3927,3.21066837882124,0,0,3.21066837882124
3928,3.21066837882124,0,0,3.21066837882124
3929,3.210533663770069,0,0,3.210533663770069
3930,3.328903929302719,0,0,3.328903929302719
3931,3.328903929302719,0,0,3.328903929302719
3932,3.331660263137336,0,0,3.331660263137336
3933,3.2114500634186305,0,0,3.2114500634186305
3934,3.2114500634186305,0,0,3.2114500634186305
3935,3.2969548973311986,0,0,3.2969548973311986
3936,3.2969548973311986,0,0,3.2969548973311986
3937,3.2969548973311986,0,0,3.2969548973311986
3938,3.2969548973311986,0,0,3.2969548973311986
3939,3.784331252975135,0,0,3.784331252975135
3940,3.8628705767538363,0,0,3.8628705767538363
3941,3.8628705767538345,0,0,3.8628705767538345
3942,3.8628705767538345,0,0,3.8628705767538345
3943,4.177380138195934,0,0,4.177380138195934
3944,3.549406238542592,0,0,3.549406238542592
3945,2.161641235407288,0,0,2.161641235407288
3946,2.161641235407288,0,0,2.161641235407288
3947,2.161641235407285,0,0,2.161641235407285
3948,2.161641235407285,0,0,2.161641235407285
3949,2.1571230145018463,0,0,2.1571230145018463
3950,3.0441990580055256,0,0,3.0441990580055256
3951,2.8863474476083035,0,0,2.8863474476083035
3952,2.8863474476083035,0,0,2.8863474476083035
3953,2.8863474476083035,0,0,2.8863474476083035
3954,1.8812799696563183,0,0,1.8812799696563183
3955,1.2930005158224123,0,0,1.2930005158224123
3956,1.2930005158224123,0,0,1.2930005158224123
3957,1.2340359542971129,0,0,1.2340359542971129
3958,1.2340359542971129,0,0,1.2340359542971129
3959,1.2340359542971129,0,0,1.2340359542971129
3960,0.0,0,0,0.0
3961,0.0,0,0,0.0
3962,0.0,0,0,0.0
3963,0.0,0,0,0.0
3964,0.0,0,0,0.0
3965,0.0,0,0,0.0
3966,0.0,0,0,0.0
3967,0.0,0,0,0.0
3968,0.0,0,0,0.0
3969,1.1225121949414234,0,0,1.1225121949414234
3970,1.1225121949414234,0,0,1.1225121949414234
3971,0.8966609306858978,0,0,0.8966609306858978
3972,0.8966609306858978,0,0,0.8966609306858978
3973,0.8966609306858978,0,0,0.8966609306858978
3974,0.8966609306858978,0,0,0.8966609306858978
3975,0.8923664149113738,0,0,0.8923664149113738
3976,0.8923664149113738,0,0,0.8923664149113738
3977,0.9324325802144849,0,0,0.9324325802144849
3978,0.9324325802144849,0,0,0.9324325802144849
3979,0.9324325802144849,0,0,0.9324325802144849
3980,0.9324325802144849,0,0,0.9324325802144849
3981,0.8923664149113738,0,0,0.8923664149113738
3982,0.8923664149113738,0,0,0.8923664149113738
3983,0.9324325802144849,0,0,0.9324325802144849
3984,0.9324325802144849,0,0,0.9324325802144849
3985,0.9324325802144849,0,0,0.9324325802144849
3986,0.9324325802144849,0,0,0.9324325802144849
3987,1.7631001010659155,0,0,1.7631001010659155
3988,1.6988916792058169,0,0,1.6988916792058169
3989,1.7726548451539137,0,0,1.7726548451539137
3990,1.7726548451539137,0,0,1.7726548451539137
3991,1.7726548451539137,0,0,1.7726548451539137
3992,1.7726548451539137,0,0,1.7726548451539137
3993,1.7714104610049353,0,0,1.7714104610049353
3994,1.7714503178246386,0,0,1.7714503178246386
3995,1.7524526140832053,0,0,1.7524526140832053
3996,1.7524526140832117,0,0,1.7524526140832117
3997,1.7524526140832117,0,0,1.7524526140832117
3998,1.7524526140832117,0,0,1.7524526140832117
3999,1.7524526140832117,0,0,1.7524526140832117
4000,1.7524526140832117,0,0,1.7524526140832117
4001,1.7980938089764635,0,0,1.7980938089764635
4002,1.7128834572294143,0,0,1.7128834572294143
4003,1.7128834572294143,0,0,1.7128834572294143
4004,1.7128834572294143,0,0,1.7128834572294143
4005,1.7128834572294143,0,0,1.7128834572294143
4006,1.7128834572294143,0,0,1.7128834572294143
4007,1.79694430090069,0,0,1.79694430090069
4008,1.79694430090069,0,0,1.79694430090069
4009,1.7071634330968652,0,0,1.7071634330968652
4010,1.7071634330968652,0,0,1.7071634330968652
4011,1.7071634330968652,0,0,1.7071634330968652
4012,1.7071634330968652,0,0,1.7071634330968652
4013,1.7695419868671136,0,0,1.7695419868671136
4014,1.7695419868671136,0,0,1.7695419868671136
4015,1.7695419868671167,0,0,1.7695419868671167
4016,1.7039178100818593,0,0,1.7039178100818593
4017,1.7039178100818593,0,0,1.7039178100818593
4018,1.703917810081866,0,0,1.703917810081866
4019,1.5008766161538343,0,0,1.5008766161538343
4020,1.5009382546373735,0,0,1.5009382546373735
4021,1.500997736316579,0,0,1.500997736316579
4022,1.5017757780595975,0,0,1.5017757780595975
4023,2.8500817696989573,0,0,2.8500817696989573
4024,3.7466861314721216,0,0,3.7466861314721216
4025,3.6173602234467825,0,0,3.6173602234467825
4026,3.617360223446784,0,0,3.617360223446784
4027,3.617360223446784,0,0,3.617360223446784
4028,3.6175258922866376,0,0,3.6175258922866376
4029,4.08698156016417,0,0,4.08698156016417
4030,4.225787891667666,0,0,4.225787891667666
4031,4.4205391441475825,0,0,4.4205391441475825
4032,3.617360223446655,0,0,3.617360223446655
4033,3.281429889880157,0,0,3.281429889880157
4034,3.281429889880157,0,0,3.281429889880157
4035,3.281429889880157,0,0,3.281429889880157
4036,3.281429889880157,0,0,3.281429889880157
4037,4.114919906855044,0,0,4.114919906855044
4038,2.8442622837233316,0,0,2.8442622837233316
4039,0.8291683949509631,0,0,0.8291683949509631
4040,0.8291683949509697,0,0,0.8291683949509697
4041,0.8291683949509697,0,0,0.8291683949509697
4042,0.8291506958386876,0,0,0.8291506958386876
4043,1.456371321999237,0,0,1.456371321999237
4044,1.456371321999237,0,0,1.456371321999237
4045,1.5365932408784364,0,0,1.5365932408784364
4046,1.5365932408784364,0,0,1.5365932408784364
4047,1.5365932408784364,0,0,1.5365932408784364
4048,1.8209385053241267,0,0,1.8209385053241267
4049,1.8209385053241296,0,0,1.8209385053241296
4050,1.8209385053241296,0,0,1.8209385053241296
4051,1.8209385053241296,0,0,1.8209385053241296
4052,1.889791130790036,0,0,1.889791130790036
4053,2.25491488152456,0,0,2.25491488152456
4054,2.25491488152456,0,0,2.25491488152456
4055,2.25491488152456,0,0,2.25491488152456
4056,2.25491488152456,0,0,2.25491488152456
4057,2.25491488152456,0,0,2.25491488152456
4058,2.519445417791285,0,0,2.519445417791285
4059,2.512709572919391,0,0,2.512709572919391
4060,2.512709572919391,0,0,2.512709572919391
4061,2.512709572919391,0,0,2.512709572919391
4062,2.512696550908221,0,0,2.512696550908221
4063,2.807368256518281,0,0,2.807368256518281
4064,2.807368256518281,0,0,2.807368256518281
4065,2.807368256518281,0,0,2.807368256518281
4066,2.7790023443851277,0,0,2.7790023443851277
4067,2.7790086901062936,0,0,2.7790086901062936
4068,2.805907526609258,0,0,2.805907526609258
4069,2.805907526609258,0,0,2.805907526609258
4070,2.805907526609258,0,0,2.805907526609258
4071,2.805907526609258,0,0,2.805907526609258
4072,2.8059129254836854,0,0,2.8059129254836854
4073,2.855831564672106,0,0,2.855831564672106
4074,3.185151376522812,0,0,3.185151376522812
4075,3.185151376522812,0,0,3.185151376522812
4076,3.185151376522812,0,0,3.185151376522812
4077,3.185151376522812,0,0,3.185151376522812
4078,4.152749745458215,0,0,4.152749745458215
4079,4.152749745458215,0,0,4.152749745458215
4080,2.57051237702271,0,0,2.57051237702271
4081,2.57051237702271,0,0,2.57051237702271
4082,2.570455821479224,0,0,2.570455821479224
4083,0.0,0,0,0.0
4084,0.0,0,0,0.0
4085,0.0,0,0,0.0
4086,0.0,0,0,0.0
4087,0.0,0,0,0.0
4088,1.781914576818311,0,0,1.781914576818311
4089,2.0092288486183443,0,0,2.0092288486183443
4090,2.1034048559614447,0,0,2.1034048559614447
4091,2.1034048559614447,0,0,2.1034048559614447
4092,2.1034048559614447,0,0,2.1034048559614447
4093,2.0708204458364445,0,0,2.0708204458364445
4094,2.0708204458364445,0,0,2.0708204458364445
4095,2.0708204458364445,0,0,2.0708204458364445
4096,2.0708204458364445,0,0,2.0708204458364445
4097,2.0708204458364445,0,0,2.0708204458364445
4098,2.199702969155204,0,0,2.199702969155204
4099,2.199702969155204,0,0,2.199702969155204
4100,2.199702969155204,0,0,2.199702969155204
4101,2.1997029691552066,0,0,2.1997029691552066
4102,2.1997029691552066,0,0,2.1997029691552066
4103,2.1997029691552066,0,0,2.1997029691552066
4104,2.1997029691552066,0,0,2.1997029691552066
4105,2.1997029691552066,0,0,2.1997029691552066
4106,2.1997029691552066,0,0,2.1997029691552066
4107,2.1997029691552066,0,0,2.1997029691552066
4108,2.199702969155204,0,0,2.199702969155204
4109,2.199702969155204,0,0,2.199702969155204
4110,2.199702969155204,0,0,2.199702969155204
4111,2.199702969155204,0,0,2.199702969155204
4112,2.199702969155204,0,0,2.199702969155204
4113,2.1069989621476286,0,0,2.1069989621476286
4114,2.1069989621476286,0,0,2.1069989621476286
4115,2.1069989621476286,0,0,2.1069989621476286
4116,2.1069989621476286,0,0,2.1069989621476286
4117,2.1069989621476286,0,0,2.1069989621476286
4118,2.006544841365102,0,0,2.006544841365102
4119,2.006544841365102,0,0,2.006544841365102
4120,2.006544841365102,0,0,2.006544841365102
4121,2.006544841365102,0,0,2.006544841365102
4122,2.006544841365102,0,0,2.006544841365102
4123,2.0420534967618917,0,0,2.0420534967618917
4124,2.0420534967618917,0,0,2.0420534967618917
4125,2.0420534967618917,0,0,2.0420534967618917
4126,2.0420534967618917,0,0,2.0420534967618917
4127,2.0420534967618917,0,0,2.0420534967618917
4128,0.0,0,0,0.0
4129,0.0,0,0,0.0
4130,0.0,0,0,0.0
4131,0.0,0,0,0.0
4132,0.0,0,0,0.0
4133,1.781914576818311,0,0,1.781914576818311
4134,2.0092288486183443,0,0,2.0092288486183443
4135,4.598658697506101,0,0,4.598658697506101
4136,4.6803859908575065,0,0,4.6803859908575065
4137,4.68304605519519,0,0,4.68304605519519
4138,4.52908037587278,0,0,4.52908037587278
4139,4.563625129063474,0,0,4.563625129063474
4140,4.563625129063474,0,0,4.563625129063474
4141,4.700359353317284,0,0,4.700359353317284
4142,4.784090817847786,0,0,4.784090817847786
4143,4.873098471915392,0,0,4.873098471915392
4144,4.855053699156284,0,0,4.855053699156284
4145,4.855053699156284,0,0,4.855053699156284
4146,4.948009524538985,0,0,4.948009524538985
4147,4.864409761022984,0,0,4.864409761022984
4148,4.865453706999675,0,0,4.865453706999675
4149,4.865453706999675,0,0,4.865453706999675
4150,4.892417798094012,0,0,4.892417798094012
4151,5.139159384203163,0,0,5.139159384203163
4152,5.13777509142601,0,0,5.13777509142601
4153,5.367708190646031,0,0,5.367708190646031
4154,5.367708190646031,0,0,5.367708190646031
4155,5.436963609090556,0,0,5.436963609090556
4156,5.547665399142366,0,0,5.547665399142366
4157,5.547665399142366,0,0,5.547665399142366
4158,5.539857090856577,0,0,5.539857090856577
4159,5.536458896149998,0,0,5.536458896149998
4160,5.577559735990643,0,1,5.577559735990643
4161,5.577559735990643,0,1,5.577559735990643
4162,5.51236341340673,0,0,5.51236341340673
4163,5.536972692992163,0,0,5.536972692992163
4164,5.546537350825314,0,0,5.546537350825314
4165,5.546537350825314,0,0,5.546537350825314
4166,5.546537350825314,0,0,5.546537350825314
4167,6.129075609326018,0,1,6.129075609326018
4168,6.294321309451613,0,1,6.294321309451613
4169,6.236185236817579,0,1,6.236185236817579
4170,6.236185236817579,0,1,6.236185236817579
4171,6.022770488545235,0,1,6.022770488545235
4172,6.1138389646451,0,1,6.1138389646451
4173,5.733519345133269,0,1,5.733519345133269
4174,5.733519345133269,0,1,5.733519345133269
4175,5.733519345133269,0,1,5.733519345133269
4176,6.200393734624013,0,1,6.200393734624013
4177,6.031218100781622,0,1,6.031218100781622
4178,5.683247149427402,0,1,5.683247149427402
4179,5.696071457462196,0,1,5.696071457462196
4180,5.707765362238362,0,1,5.707765362238362
4181,5.707765362238361,0,1,5.707765362238361
4182,5.707765362238361,0,1,5.707765362238361
4183,5.777837202219454,0,1,5.777837202219454
4184,6.10863084499175,0,1,6.10863084499175
4185,6.587889761374561,0,1,6.587889761374561
4186,6.512041426745361,0,1,6.512041426745361
4187,6.512041426745361,0,1,6.512041426745361
4188,6.763533966840088,0,1,6.763533966840088
4189,6.606562527256032,0,1,6.606562527256032
4190,6.8300515874395336,0,1,6.8300515874395336
4191,6.808591529337097,0,1,6.808591529337097
4192,6.707295571486533,0,1,6.707295571486533
4193,6.472068242896131,0,1,6.472068242896131
4194,6.521390630837502,0,1,6.521390630837502
4195,6.244247003097971,0,1,6.244247003097971
4196,6.382984702947262,0,1,6.382984702947262
4197,6.647696197514581,0,1,6.647696197514581
4198,6.949373811763472,0,1,6.949373811763472
4199,6.83490709367792,0,1,6.83490709367792
4200,6.81300079194517,0,1,6.81300079194517
4201,6.665050698771937,0,1,6.665050698771937
4202,6.686023860251549,0,1,6.686023860251549
4203,6.709306331548052,0,1,6.709306331548052
4204,6.789147513451325,0,1,6.789147513451325
4205,6.709868854087863,0,1,6.709868854087863
4206,6.747450663737484,0,1,6.747450663737484
4207,6.606544222771462,0,1,6.606544222771462
4208,6.749304307432268,0,1,6.749304307432268
4209,6.749304307432268,0,1,6.749304307432268
4210,6.685572287093992,0,1,6.685572287093992
4211,6.711856708884787,0,1,6.711856708884787
4212,6.438192058067547,0,1,6.438192058067547
4213,6.438192058067547,0,1,6.438192058067547
4214,5.755021009389449,0,1,5.755021009389449
4215,6.229526298550485,0,1,6.229526298550485
4216,6.283863416653301,0,1,6.283863416653301
4217,6.731700755314167,0,1,6.731700755314167
4218,6.731700755314167,0,1,6.731700755314167
4219,6.82739983446615,0,1,6.82739983446615
4220,6.884136134651992,0,1,6.884136134651992
4221,6.471994512414966,0,1,6.471994512414966
4222,6.446136318084738,0,1,6.446136318084738
4223,6.454634982357184,0,1,6.454634982357184
4224,6.403152867675876,0,1,6.403152867675876
4225,6.406737065733278,0,1,6.406737065733278
4226,6.338864995192859,0,1,6.338864995192859
4227,6.235784961882396,0,1,6.235784961882396
4228,6.062994063219391,0,1,6.062994063219391
4229,6.122424192691444,0,1,6.122424192691444
4230,6.105454027038739,0,1,6.105454027038739
4231,6.105454027038739,0,1,6.105454027038739
4232,5.697412357492315,0,1,5.697412357492315
4233,5.874839044952057,0,1,5.874839044952057
4234,5.8951488051204475,0,1,5.8951488051204475
4235,5.917782081991792,0,1,5.917782081991792
4236,5.516225744288831,0,0,5.516225744288831
4237,5.7522799236281115,0,1,5.7522799236281115
4238,6.044878743890251,0,1,6.044878743890251
4239,6.044878743890251,0,1,6.044878743890251
4240,6.113967581156838,0,1,6.113967581156838
4241,6.0522705542506054,0,1,6.0522705542506054
4242,6.47417104858456,0,1,6.47417104858456
4243,6.511413401812739,0,1,6.511413401812739
4244,6.426661182320765,0,1,6.426661182320765
4245,6.173646662604825,0,1,6.173646662604825
4246,6.046169276801449,0,1,6.046169276801449
4247,6.14922601515762,0,1,6.14922601515762
4248,5.964779199453225,0,1,5.964779199453225
4249,5.91906630314302,0,1,5.91906630314302
4250,6.305427130770039,0,1,6.305427130770039
4251,6.305427130770039,0,1,6.305427130770039
4252,6.273916499685038,0,1,6.273916499685038
4253,6.196586048498493,0,1,6.196586048498493
4254,6.165067221118999,0,1,6.165067221118999
4255,6.173609543810592,0,1,6.173609543810592
4256,6.0624952706942,0,1,6.0624952706942
4257,5.944005746240599,0,1,5.944005746240599
4258,5.944005746240599,0,1,5.944005746240599
4259,5.970423356529681,0,1,5.970423356529681
4260,5.968354995702606,0,1,5.968354995702606
4261,5.636390260324658,0,1,5.636390260324658
4262,5.636390260324658,0,1,5.636390260324658
4263,5.821388234230475,0,1,5.821388234230475
4264,5.783667568550665,0,1,5.783667568550665
4265,6.013602875787691,0,1,6.013602875787691
4266,6.013602875787691,0,1,6.013602875787691
4267,6.013602875787691,0,1,6.013602875787691
4268,6.042803206303066,0,1,6.042803206303066
4269,6.439504802717322,0,1,6.439504802717322
4270,6.69831050381441,0,1,6.69831050381441
4271,6.69831050381441,0,1,6.69831050381441
4272,6.577682488906481,0,1,6.577682488906481
4273,6.45922149167114,0,1,6.45922149167114
4274,6.23741699985123,0,1,6.23741699985123
4275,6.237416999851231,0,1,6.237416999851231
4276,6.472068242896131,0,1,6.472068242896131
4277,6.521390630837502,0,1,6.521390630837502
4278,6.244247003097971,0,1,6.244247003097971
4279,6.382984702947262,0,1,6.382984702947262
4280,6.529631471864658,0,1,6.529631471864658
4281,6.529631471864658,0,1,6.529631471864658
4282,6.263580022596121,0,1,6.263580022596121
4283,6.4258056435247575,0,1,6.4258056435247575
4284,6.615724394331367,0,1,6.615724394331367
4285,6.615724394331368,0,1,6.615724394331368
4286,6.615724394331369,0,1,6.615724394331369
4287,6.69491845182519,0,1,6.69491845182519
4288,6.585887223375602,0,1,6.585887223375602
4289,6.531738589740143,0,1,6.531738589740143
4290,6.798436746226884,0,1,6.798436746226884
4291,6.798436746226884,0,1,6.798436746226884
4292,6.716547420348867,0,1,6.716547420348867
4293,6.30007816213734,0,1,6.30007816213734
4294,5.988084465713932,0,1,5.988084465713932
4295,5.988084465713932,0,1,5.988084465713932
4296,5.984256125291405,0,1,5.984256125291405
4297,5.488444008707366,0,0,5.488444008707366
4298,5.488444008707366,0,0,5.488444008707366
4299,5.817456539980495,0,1,5.817456539980495
4300,5.397774867513393,0,0,5.397774867513393
4301,5.397774867513392,0,0,5.397774867513392
4302,5.397774867513392,0,0,5.397774867513392
4303,5.637455775724663,0,1,5.637455775724663
4304,5.549328636348056,0,0,5.549328636348056
4305,5.453683415851715,0,0,5.453683415851715
4306,5.7139949634051606,0,1,5.7139949634051606
4307,5.713994963405162,0,1,5.713994963405162
4308,5.713994963405162,0,1,5.713994963405162
4309,5.500581302441929,0,0,5.500581302441929
4310,5.525504449771303,0,0,5.525504449771303
4311,5.5255044497713035,0,0,5.5255044497713035
4312,5.880724279779629,0,1,5.880724279779629
4313,5.880724279779629,0,1,5.880724279779629
4314,5.68621876190265,0,1,5.68621876190265
4315,5.930859559170922,0,1,5.930859559170922
4316,5.930859559170922,0,1,5.930859559170922
4317,5.726144256041192,0,1,5.726144256041192
4318,5.958147223660536,0,1,5.958147223660536
4319,5.7392699442655015,0,1,5.7392699442655015
4320,5.379462190083925,0,0,5.379462190083925
4321,5.405552199452708,0,0,5.405552199452708
4322,5.549939107639712,0,0,5.549939107639712
4323,5.571070579735107,0,1,5.571070579735107
4324,5.781833761953243,0,1,5.781833761953243
4325,6.153481885503784,0,1,6.153481885503784
4326,6.164608624378631,0,1,6.164608624378631
4327,6.119991094827603,0,1,6.119991094827603
4328,6.05182330711751,0,1,6.05182330711751
4329,5.558959263673324,0,0,5.558959263673324
4330,5.666495714720967,0,1,5.666495714720967
4331,5.372824774856257,0,0,5.372824774856257
4332,5.372824774856257,0,0,5.372824774856257
4333,5.141814552355946,0,0,5.141814552355946
4334,5.009427644812603,0,0,5.009427644812603
4335,5.1696158794508245,0,0,5.1696158794508245
4336,5.1696158794508245,0,0,5.1696158794508245
4337,5.164887800621993,0,0,5.164887800621993
4338,5.35835653271933,0,0,5.35835653271933
4339,5.517335693176522,0,0,5.517335693176522
4340,5.485336678374363,0,0,5.485336678374363
4341,5.288659080751617,0,0,5.288659080751617
4342,5.7086639581566105,0,1,5.7086639581566105
4343,5.7086639581566105,0,1,5.7086639581566105
4344,5.505754004428778,0,0,5.505754004428778
4345,5.456162438476961,0,0,5.456162438476961
4346,5.456162438476961,0,0,5.456162438476961
4347,5.277002266475769,0,0,5.277002266475769
4348,5.391708160077731,0,0,5.391708160077731
4349,5.391708160077731,0,0,5.391708160077731
4350,5.088943612936877,0,0,5.088943612936877
4351,5.097363867496242,0,0,5.097363867496242
4352,5.097363867496242,0,0,5.097363867496242
4353,5.098318834425269,0,0,5.098318834425269
4354,5.177474457824543,0,0,5.177474457824543
4355,5.177474457824543,0,0,5.177474457824543
4356,5.114043748281921,0,0,5.114043748281921
4357,4.788215896934297,0,0,4.788215896934297
4358,5.058410661781814,0,0,5.058410661781814
4359,5.1609674108750845,0,0,5.1609674108750845
4360,5.1650148254729595,0,0,5.1650148254729595
4361,5.1650148254729595,0,0,5.1650148254729595
4362,5.3577082311581625,0,0,5.3577082311581625
4363,5.296173017991259,0,0,5.296173017991259
4364,5.296173017991259,0,0,5.296173017991259
4365,4.803791385159467,0,0,4.803791385159467
4366,4.6554889201824485,0,0,4.6554889201824485
4367,4.6554889201824485,0,0,4.6554889201824485
4368,4.787388155208373,0,0,4.787388155208373
4369,4.706198258128657,0,0,4.706198258128657
4370,4.508141770208207,0,0,4.508141770208207
4371,4.496027904637354,0,0,4.496027904637354
4372,4.204811327750482,0,0,4.204811327750482
4373,4.204811327750482,0,0,4.204811327750482
4374,4.087277475606503,0,0,4.087277475606503
4375,3.3709682964879355,0,0,3.3709682964879355
4376,3.3709682964879355,0,0,3.3709682964879355
4377,3.1606430474259732,0,0,3.1606430474259732
4378,3.4424835144832446,0,0,3.4424835144832446
4379,3.249005209890743,0,0,3.249005209890743
4380,3.207431800043176,0,0,3.207431800043176
4381,3.372481569347535,0,0,3.372481569347535
4382,3.372481569347538,0,0,3.372481569347538
4383,2.955026116548903,0,0,2.955026116548903
4384,2.838746195932226,0,0,2.838746195932226
4385,2.635854238023571,0,0,2.635854238023571
4386,2.1507432438625034,0,0,2.1507432438625034
4387,2.1358504076481513,0,0,2.1358504076481513
4388,2.1358504076481513,0,0,2.1358504076481513
4389,2.1322262892481514,0,0,2.1322262892481514
4390,2.1150678732432318,0,0,2.1150678732432318
4391,2.1150678732432318,0,0,2.1150678732432318
4392,2.0996656139642464,0,0,2.0996656139642464
4393,2.0848262545857636,0,0,2.0848262545857636
4394,2.0848262545857663,0,0,2.0848262545857663
4395,1.990510050795172,0,0,1.990510050795172
4396,1.9796669984826176,0,0,1.9796669984826176
4397,1.9796669984826176,0,0,1.9796669984826176
4398,1.8855570629067648,0,0,1.8855570629067648
4399,2.713274117504822,0,0,2.713274117504822
4400,2.713274117504822,0,0,2.713274117504822
4401,2.5935693974735137,0,0,2.5935693974735137
4402,2.8028876130068983,0,0,2.8028876130068983
4403,2.8028876130068983,0,0,2.8028876130068983
4404,2.8098977459545944,0,0,2.8098977459545944
4405,2.7728659809432146,0,0,2.7728659809432146
4406,2.7728659809432146,0,0,2.7728659809432146
4407,2.428390753754993,0,0,2.428390753754993
4408,2.402166184763694,0,0,2.402166184763694
4409,2.402166184763694,0,0,2.402166184763694
4410,2.2007656668975555,0,0,2.2007656668975555
4411,2.185643818322008,0,0,2.185643818322008
4412,2.185643818322008,0,0,2.185643818322008
4413,2.1507432438625034,0,0,2.1507432438625034
4414,2.1358504076481513,0,0,2.1358504076481513
4415,2.1358504076481513,0,0,2.1358504076481513
4416,2.1322262892481514,0,0,2.1322262892481514
4417,2.1150678732432318,0,0,2.1150678732432318
4418,2.1150678732432318,0,0,2.1150678732432318
4419,2.0996656139642464,0,0,2.0996656139642464
4420,2.0848262545857636,0,0,2.0848262545857636
4421,2.0848262545857663,0,0,2.0848262545857663
4422,2.123901278309204,0,0,2.123901278309204
4423,2.106515708512192,0,0,2.106515708512192
4424,2.106515708512192,0,0,2.106515708512192
4425,1.9905100507950244,0,0,1.9905100507950244
4426,1.9796669984826176,0,0,1.9796669984826176
4427,1.9796669984826176,0,0,1.9796669984826176
4428,1.990510050795172,0,0,1.990510050795172
4429,2.230660152872062,0,0,2.230660152872062
4430,2.230660152872062,0,0,2.230660152872062
4431,2.2474418787969412,0,0,2.2474418787969412
4432,2.5443830451515463,0,0,2.5443830451515463
4433,2.5991106106621293,0,0,2.5991106106621293
4434,2.6283854772758217,0,0,2.6283854772758217
4435,3.3267076882753566,0,0,3.3267076882753566
4436,3.635445253745654,0,0,3.635445253745654
4437,3.961553937215745,0,0,3.961553937215745
4438,4.497254478038016,0,0,4.497254478038016
4439,4.519695244600768,0,0,4.519695244600768
4440,4.0977951137518955,0,0,4.0977951137518955
4441,4.0977951137518955,0,0,4.0977951137518955
4442,4.0977951137518955,0,0,4.0977951137518955
4443,4.630166941165279,0,0,4.630166941165279
4444,4.630166941165279,0,0,4.630166941165279
4445,4.630166941165279,0,0,4.630166941165279
4446,4.823232120384574,0,0,4.823232120384574
4447,4.822376375545644,0,0,4.822376375545644
4448,4.821956134176572,0,0,4.821956134176572
4449,5.0073393138386155,0,0,5.0073393138386155
4450,5.00582390641079,0,0,5.00582390641079
4451,5.006313675599852,0,0,5.006313675599852
4452,5.2929749104982635,0,0,5.2929749104982635
4453,5.8766341613562965,0,1,5.8766341613562965
4454,5.8766341613562965,0,1,5.8766341613562965
4455,5.94447403243735,0,1,5.94447403243735
4456,5.9224848041663956,0,1,5.9224848041663956
4457,5.9224848041663956,0,1,5.9224848041663956
4458,5.9224848041663956,0,1,5.9224848041663956
4459,5.9224848041663956,0,1,5.9224848041663956
4460,5.9224848041663956,0,1,5.9224848041663956
4461,5.756767334735241,0,1,5.756767334735241
4462,5.756767334735241,0,1,5.756767334735241
4463,5.7791831120038,0,1,5.7791831120038
4464,4.813269789847905,0,0,4.813269789847905
4465,4.789120722148753,0,0,4.789120722148753
4466,4.830449958482055,0,0,4.830449958482055
4467,4.765522008791512,0,0,4.765522008791512
4468,4.773740295815041,0,0,4.773740295815041
4469,4.763471788524799,0,0,4.763471788524799
4470,4.7066859468771245,0,0,4.7066859468771245
4471,4.703229750621992,0,0,4.703229750621992
4472,4.571355817212819,0,0,4.571355817212819
4473,4.498542321889627,0,0,4.498542321889627
4474,4.790209405095574,0,0,4.790209405095574
4475,4.796709201943857,0,0,4.796709201943857
4476,4.809190989421386,0,0,4.809190989421386
4477,4.800327351490096,0,0,4.800327351490096
4478,4.77219507250016,0,0,4.77219507250016
4479,4.723160974751241,0,0,4.723160974751241
4480,4.7121643159800675,0,0,4.7121643159800675
4481,4.685931858579345,0,0,4.685931858579345
4482,4.685125957547508,0,0,4.685125957547508
4483,4.6859828682159925,0,0,4.6859828682159925
4484,4.677245761245066,0,0,4.677245761245066
4485,3.665129672348293,0,0,3.665129672348293
4486,3.553229318448929,0,0,3.553229318448929
4487,3.5295884849518293,0,0,3.5295884849518293
4488,4.206782643227127,0,0,4.206782643227127
4489,4.204141181531979,0,0,4.204141181531979
4490,4.180168214637348,0,0,4.180168214637348
4491,4.179306046242352,0,0,4.179306046242352
4492,4.160469613309246,0,0,4.160469613309246
4493,4.1624228231258895,0,0,4.1624228231258895
4494,4.1624228231258895,0,0,4.1624228231258895
4495,4.1624228231258895,0,0,4.1624228231258895
4496,4.353615876176428,0,0,4.353615876176428
4497,4.34547650522123,0,0,4.34547650522123
4498,4.34547650522123,0,0,4.34547650522123
4499,4.3273573361307776,0,0,4.3273573361307776
4500,4.335529103683148,0,0,4.335529103683148
4501,4.316315185578172,0,0,4.316315185578172
4502,4.25651705942636,0,0,4.25651705942636
4503,4.256517059426361,0,0,4.256517059426361
4504,4.263713335868908,0,0,4.263713335868908
4505,4.226859715877542,0,0,4.226859715877542
4506,4.206422270913577,0,0,4.206422270913577
4507,4.176838974198733,0,0,4.176838974198733
4508,4.147152361775752,0,0,4.147152361775752
4509,4.147152361775752,0,0,4.147152361775752
4510,4.1440741031672905,0,0,4.1440741031672905
4511,4.122663723248941,0,0,4.122663723248941
4512,4.102263071238679,0,0,4.102263071238679
4513,4.080665434234913,0,0,4.080665434234913
4514,4.882732499502616,0,0,4.882732499502616
4515,4.885809950376752,0,0,4.885809950376752
4516,4.80436767389607,0,0,4.80436767389607
4517,4.80436767389607,0,0,4.80436767389607
4518,4.815287350378866,0,0,4.815287350378866
4519,4.801047496982485,0,0,4.801047496982485
4520,4.782544494411728,0,0,4.782544494411728
4521,4.759872351650962,0,0,4.759872351650962
4522,4.670672534840994,0,0,4.670672534840994
4523,4.670672534840994,0,0,4.670672534840994
4524,4.832873587322974,0,0,4.832873587322974
4525,4.822862461626928,0,0,4.822862461626928
4526,4.825570907331806,0,0,4.825570907331806
4527,4.827936699145098,0,0,4.827936699145098
4528,4.830568954255931,0,0,4.830568954255931
4529,4.8164607158423,0,0,4.8164607158423
4530,4.800214523471984,0,0,4.800214523471984
4531,4.781234856549161,0,0,4.781234856549161
4532,4.739301044457961,0,0,4.739301044457961
4533,4.6951128880893735,0,0,4.6951128880893735
4534,4.564783104861772,0,0,4.564783104861772
4535,4.506997251183961,0,0,4.506997251183961
4536,4.384811244501935,0,0,4.384811244501935
4537,4.282083439458148,0,0,4.282083439458148
4538,6.295774024694458,0,1,6.295774024694458
4539,6.113298093613678,0,1,6.113298093613678
4540,6.113298093613678,0,1,6.113298093613678
4541,6.108030212299569,0,1,6.108030212299569
4542,6.170823591337841,0,1,6.170823591337841
4543,6.164054337214909,0,1,6.164054337214909
4544,6.182074423437067,0,1,6.182074423437067
4545,6.182074423437067,0,1,6.182074423437067
4546,6.084151945419118,0,1,6.084151945419118
4547,5.945602696716978,0,1,5.945602696716978
4548,5.719376743879786,0,1,5.719376743879786
4549,5.719376743879786,0,1,5.719376743879786
4550,5.719376743879786,0,1,5.719376743879786
4551,5.644379266718193,0,1,5.644379266718193
4552,5.886309558721978,0,1,5.886309558721978
4553,5.78061488005633,0,1,5.78061488005633
4554,5.78061488005633,0,1,5.78061488005633
4555,5.78061488005633,0,1,5.78061488005633
4556,5.521913096398331,0,0,5.521913096398331
4557,5.654137641227807,0,1,5.654137641227807
4558,5.598249122155337,0,1,5.598249122155337
4559,5.7162922850900175,0,1,5.7162922850900175
4560,5.956407141293548,0,1,5.956407141293548
4561,5.905936377881047,0,1,5.905936377881047
4562,6.059477549124702,0,1,6.059477549124702
4563,6.06174329863675,0,1,6.06174329863675
4564,6.013084917107544,0,1,6.013084917107544
4565,6.012207712421577,0,1,6.012207712421577
4566,6.008624094836186,0,1,6.008624094836186
4567,6.00770628235104,0,1,6.00770628235104
4568,6.254701667201134,0,1,6.254701667201134
4569,6.254701667201134,0,1,6.254701667201134
4570,6.254701667201134,0,1,6.254701667201134
4571,6.326729773219453,0,1,6.326729773219453
4572,6.051160921451574,0,1,6.051160921451574
4573,6.154383502653027,0,1,6.154383502653027
4574,6.077670571831076,0,1,6.077670571831076
4575,6.129594299515303,0,1,6.129594299515303
4576,5.981959581333465,0,1,5.981959581333465
4577,5.7829523879809095,0,1,5.7829523879809095
4578,5.723328159250138,0,1,5.723328159250138
4579,5.723328159250138,0,1,5.723328159250138
4580,5.657347999189318,0,1,5.657347999189318
4581,5.851251745773103,0,1,5.851251745773103
4582,5.759721815011793,0,1,5.759721815011793
4583,5.715394698520994,0,1,5.715394698520994
4584,5.536458896149998,0,0,5.536458896149998
4585,5.577559735990643,0,1,5.577559735990643
4586,5.577559735990643,0,1,5.577559735990643
4587,5.51236341340673,0,0,5.51236341340673
4588,5.536972692992163,0,0,5.536972692992163
4589,5.917405630406635,0,1,5.917405630406635
4590,6.14830024806966,0,1,6.14830024806966
4591,6.026714366149537,0,1,6.026714366149537
4592,6.131722768460765,0,1,6.131722768460765
4593,6.272167564880088,0,1,6.272167564880088
4594,6.253695637031569,0,1,6.253695637031569
4595,6.273797327681688,0,1,6.273797327681688
4596,6.273797327681688,0,1,6.273797327681688
4597,6.46773493647618,0,1,6.46773493647618
4598,6.688158053747287,0,1,6.688158053747287
4599,6.20251314317404,0,1,6.20251314317404
4600,6.20251314317404,0,1,6.20251314317404
4601,6.780690129591812,0,1,6.780690129591812
4602,6.690353929751857,0,1,6.690353929751857
4603,6.709245861963833,0,1,6.709245861963833
4604,6.478526111956949,0,1,6.478526111956949
4605,6.710873711974369,0,1,6.710873711974369
4606,6.709677004062766,0,1,6.709677004062766
4607,6.562415084880744,0,1,6.562415084880744
4608,6.531224240881399,0,1,6.531224240881399
4609,6.644543766032322,0,1,6.644543766032322
4610,6.562111106070348,0,1,6.562111106070348
4611,6.3185780709984565,0,1,6.3185780709984565
4612,6.284871387597196,0,1,6.284871387597196
4613,6.0323251274603,0,1,6.0323251274603
4614,6.040211165178102,0,1,6.040211165178102
4615,6.040132207816929,0,1,6.040132207816929
4616,6.048178066561626,0,1,6.048178066561626
4617,6.028216573461101,0,1,6.028216573461101
4618,5.961328633276504,0,1,5.961328633276504
4619,0.02385033591648848,1,0,0.02385033591648848
4620,0.02390596891386041,1,0,0.02390596891386041
4621,0.02390596891386041,1,0,0.02390596891386041
4622,0.02351765302552363,1,0,0.02351765302552363
4623,0.02351765302552363,1,0,0.02351765302552363
4624,0.023455095926326382,1,0,0.023455095926326382
4625,0.02327234708197503,1,0,0.02327234708197503
4626,0.023110598595106408,1,0,0.023110598595106408
4627,0.02387475758095403,1,0,0.02387475758095403
4628,0.02380465589913001,1,0,0.02380465589913001
4629,0.024129791003756496,1,0,0.024129791003756496
4630,0.024560233350086,1,0,0.024560233350086
4631,0.024592235081710042,1,0,0.024592235081710042
4632,0.024930124512786946,1,0,0.024930124512786946
4633,0.024930124512786946,1,0,0.024930124512786946
4634,0.02489129695197955,1,0,0.02489129695197955
4635,0.02432606795125685,1,0,0.02432606795125685
4636,0.024667600090052363,1,0,0.024667600090052363
4637,0.024667600090052363,1,0,0.024667600090052363
4638,0.024939388352058566,1,0,0.024939388352058566
4639,0.025309219189925704,1,0,0.025309219189925704
4640,0.025446743685326772,1,0,0.025446743685326772
4641,0.025404785178738454,1,0,0.025404785178738454
4642,0.025680351239198432,1,0,0.025680351239198432
4643,0.025630815179182868,1,0,0.025630815179182868
4644,0.025664762291727903,1,0,0.025664762291727903
4645,0.025771757060701457,1,0,0.025771757060701457
4646,0.025972395598932916,1,0,0.025972395598932916
4647,0.025714898982007163,1,0,0.025714898982007163
4648,0.02590570967702288,1,0,0.02590570967702288
4649,0.025978740645252945,1,0,0.025978740645252945
4650,0.025876813579532896,1,0,0.025876813579532896
4651,0.025548387736717117,1,0,0.025548387736717117
4652,0.025548387736717117,1,0,0.025548387736717117
4653,0.025520105617762568,1,0,0.025520105617762568
4654,0.025520105617762568,1,0,0.025520105617762568
4655,0.02530059793916082,1,0,0.02530059793916082
4656,0.0255240241245688,1,0,0.0255240241245688
4657,0.0252020242726381,1,0,0.0252020242726381
4658,0.025585861808466167,1,0,0.025585861808466167
4659,0.025516186011867933,1,0,0.025516186011867933
4660,0.025385436533498507,1,0,0.025385436533498507
4661,0.024927107013123766,1,0,0.024927107013123766
4662,0.024927107013569157,1,0,0.024927107013569157
4663,0.021048262284796025,1,0,0.021048262284796025
4664,0.021350440077746335,1,0,0.021350440077746335
4665,0.021352570881507566,1,0,0.021352570881507566
4666,0.021751447504904115,1,0,0.021751447504904115
4667,0.021751447504904115,1,0,0.021751447504904115
4668,0.021752446131060154,1,0,0.021752446131060154
4669,6.494594499791171,0,1,6.494594499791171
4670,6.279891655054371,0,1,6.279891655054371
4671,6.279891655054371,0,1,6.279891655054371
4672,6.071368048573139,0,1,6.071368048573139
4673,5.978523377727493,0,1,5.978523377727493
4674,5.95422978094254,0,1,5.95422978094254
4675,6.017865858349544,0,1,6.017865858349544
4676,5.969311027370966,0,1,5.969311027370966
4677,5.975764355929594,0,1,5.975764355929594
4678,6.074771304765325,0,1,6.074771304765325
4679,6.074771304765325,0,1,6.074771304765325
4680,5.967835029129788,0,1,5.967835029129788
4681,6.079132308503519,0,1,6.079132308503519
4682,5.958511151687077,0,1,5.958511151687077
4683,6.463285775072259,0,1,6.463285775072259
4684,6.275603181251352,0,1,6.275603181251352
4685,6.386167317447313,0,1,6.386167317447313
4686,6.04292643650868,0,1,6.04292643650868
4687,6.186968650250667,0,1,6.186968650250667
4688,6.143231087664857,0,1,6.143231087664857
4689,6.443643900847982,0,1,6.443643900847982
4690,6.309684947960804,0,1,6.309684947960804
4691,6.373385210538027,0,1,6.373385210538027
4692,6.120411735660155,0,1,6.120411735660155
4693,6.394509402837444,0,1,6.394509402837444
4694,6.4231245211149,0,1,6.4231245211149
4695,0.9647756470579593,0,0,0.9647756470579593
4696,0.9488154486125611,0,0,0.9488154486125611
4697,0.9639974155890848,0,0,0.9639974155890848
4698,0.9433463516261156,0,0,0.9433463516261156
4699,0.9433463516261273,0,0,0.9433463516261273
4700,0.9449167574176427,0,0,0.9449167574176427
4701,0.9411137474986561,0,0,0.9411137474986561
4702,0.9705655786034011,0,0,0.9705655786034011
4703,0.9631072141817302,0,0,0.9631072141817302
4704,0.9608895178743878,0,0,0.9608895178743878
4705,0.9634567892151842,0,0,0.9634567892151842
4706,0.9604768920411539,0,0,0.9604768920411539
4707,0.9594268241368329,0,0,0.9594268241368329
4708,0.96394485707434,0,0,0.96394485707434
4709,0.9656201914877962,0,0,0.9656201914877962
4710,0.9660803773386677,0,0,0.9660803773386677
4711,0.9602333155911768,0,0,0.9602333155911768
4712,0.9581520007390213,0,0,0.9581520007390213
4713,0.9359349195449408,0,0,0.9359349195449408
4714,0.9411440622367252,0,0,0.9411440622367252
4715,0.9351781362326007,0,0,0.9351781362326007
4716,0.9104125190279868,0,0,0.9104125190279868
4717,1.0332941197548733,0,0,1.0332941197548733
4718,1.0332941197548733,0,0,1.0332941197548733
4719,1.0202167229928323,0,0,1.0202167229928323
4720,1.017596432417861,0,0,1.017596432417861
4721,1.0131016370582682,0,0,1.0131016370582682
4722,0.9913795778461014,0,0,0.9913795778461014
4723,1.0065064057808548,0,0,1.0065064057808548
4724,1.0065064057808548,0,0,1.0065064057808548
4725,1.0029961271799157,0,0,1.0029961271799157
4726,1.005513449293436,0,0,1.005513449293436
4727,1.0346842923923472,0,0,1.0346842923923472
4728,1.0365910222330492,0,0,1.0365910222330492
4729,1.041574215564415,0,0,1.041574215564415
4730,1.043430455688033,0,0,1.043430455688033
4731,1.0646096766790492,0,0,1.0646096766790492
4732,1.0646096766790492,0,0,1.0646096766790492
4733,1.0473786399055318,0,0,1.0473786399055318
4734,1.0603913494351276,0,0,1.0603913494351276
4735,1.0657993125635044,0,0,1.0657993125635044
4736,1.0813744066657158,0,0,1.0813744066657158
4737,1.0666145886134635,0,0,1.0666145886134635
4738,1.0648983993164056,0,0,1.0648983993164056
4739,1.0031081329306042,0,0,1.0031081329306042
4740,1.003075335656178,0,0,1.003075335656178
4741,1.0026572549075317,0,0,1.0026572549075317
4742,1.0011583299045468,0,0,1.0011583299045468
4743,0.9785726323533684,0,0,0.9785726323533684
4744,0.9740721648996599,0,0,0.9740721648996599
4745,6.921120933333098,0,1,6.921120933333098
4746,6.512036170954775,0,1,6.512036170954775
4747,6.524881875279117,0,1,6.524881875279117
4748,6.589341263675478,0,1,6.589341263675478
4749,6.587659032330899,0,1,6.587659032330899
4750,6.587659032330899,0,1,6.587659032330899
4751,6.674487102662035,0,1,6.674487102662035
4752,6.662869628423646,0,1,6.662869628423646
4753,6.6611028775387044,0,1,6.6611028775387044
4754,6.6611028775387044,0,1,6.6611028775387044
4755,6.384950630995815,0,1,6.384950630995815
4756,6.268144319359911,0,1,6.268144319359911
4757,6.502584360000218,0,1,6.502584360000218
4758,6.502584360000218,0,1,6.502584360000218
4759,6.599397242418212,0,1,6.599397242418212
4760,6.734859686262428,0,1,6.734859686262428
4761,6.7348596862624275,0,1,6.7348596862624275
4762,6.7125459066862385,0,1,6.7125459066862385
4763,6.709542444652506,0,1,6.709542444652506
4764,6.666931168505635,0,1,6.666931168505635
4765,6.597889151608834,0,1,6.597889151608834
4766,6.897943855445733,0,1,6.897943855445733
4767,6.599228876156359,0,1,6.599228876156359
4768,6.794043945320903,0,1,6.794043945320903
4769,6.793794017492445,0,1,6.793794017492445
4770,6.933107365171234,0,1,6.933107365171234
4771,6.934086146398831,0,1,6.934086146398831
4772,6.996040408898871,0,1,6.996040408898871
4773,2.2274222872475957,0,0,2.2274222872475957
4774,2.2176502992535103,0,0,2.2176502992535103
4775,2.223748503246307,0,0,2.223748503246307
4776,2.2179441045639217,0,0,2.2179441045639217
4777,2.221963476703607,0,0,2.221963476703607
4778,2.186484223144503,0,0,2.186484223144503
4779,2.2080997531950453,0,0,2.2080997531950453
4780,2.214632819122714,0,0,2.214632819122714
4781,2.1827175436956083,0,0,2.1827175436956083
4782,2.178145377075522,0,0,2.178145377075522
4783,2.147400931663592,0,0,2.147400931663592
4784,2.1480935267800256,0,0,2.1480935267800256
4785,2.132451691497525,0,0,2.132451691497525
4786,2.098303426156024,0,0,2.098303426156024
4787,2.1229548825616593,0,0,2.1229548825616593
4788,2.1229548825616593,0,0,2.1229548825616593
4789,2.13258826404327,0,0,2.13258826404327
4790,2.1159829199812514,0,0,2.1159829199812514
4791,2.127425023428314,0,0,2.127425023428314
4792,2.1214796860777856,0,0,2.1214796860777856
4793,2.2807335035815237,0,0,2.2807335035815237
4794,2.289412374924855,0,0,2.289412374924855
4795,2.271744459263535,0,0,2.271744459263535
4796,2.20130490744327,0,0,2.20130490744327
4797,2.2047445289389644,0,0,2.2047445289389644
4798,2.199352196180361,0,0,2.199352196180361
4799,2.222416700674764,0,0,2.222416700674764
4800,2.222416700674764,0,0,2.222416700674764
4801,2.214506787208734,0,0,2.214506787208734
4802,2.213537573756945,0,0,2.213537573756945
4803,2.223869753067045,0,0,2.223869753067045
4804,2.220201752125261,0,0,2.220201752125261
4805,2.2290602140709037,0,0,2.2290602140709037
4806,2.2290093185106925,0,0,2.2290093185106925
4807,2.179216068668528,0,0,2.179216068668528
4808,2.1787247680525694,0,0,2.1787247680525694
4809,2.1626719574888136,0,0,2.1626719574888136
4810,2.1626719574888136,0,0,2.1626719574888136
4811,2.1775387130302852,0,0,2.1775387130302852
4812,2.164621319432882,0,0,2.164621319432882
4813,2.2035240880802665,0,0,2.2035240880802665
4814,2.184316987384541,0,0,2.184316987384541
4815,2.1331585664439268,0,0,2.1331585664439268
4816,2.0007218525356363,0,0,2.0007218525356363
4817,1.9978957387992204,0,0,1.9978957387992204
4818,1.9526587705159504,0,0,1.9526587705159504
4819,1.9502312016788474,0,0,1.9502312016788474
4820,1.889858788650189,0,0,1.889858788650189
4821,1.8903965246070609,0,0,1.8903965246070609
4822,1.8757839884569822,0,0,1.8757839884569822
4823,6.203815741287648,0,1,6.203815741287648
4824,6.076246692918613,0,1,6.076246692918613
4825,5.807007263990039,0,1,5.807007263990039
4826,5.618283559935438,0,1,5.618283559935438
4827,5.003844968959519,0,0,5.003844968959519
4828,4.807134692500979,0,0,4.807134692500979
4829,4.237018891706551,0,0,4.237018891706551
4830,4.237018891706551,0,0,4.237018891706551
4831,4.235299807823945,0,0,4.235299807823945
4832,4.234310423669517,0,0,4.234310423669517
4833,3.8640540083489925,0,0,3.8640540083489925
4834,3.4693113280273997,0,0,3.4693113280273997
4835,3.372240787283584,0,0,3.372240787283584
4836,3.1392154314201908,0,0,3.1392154314201908
4837,3.1392154314201908,0,0,3.1392154314201908
4838,3.1392154314201868,0,0,3.1392154314201868
4839,3.1392154314201868,0,0,3.1392154314201868
4840,2.8700188387010406,0,0,2.8700188387010406
4841,2.8700188387010406,0,0,2.8700188387010406
4842,2.8700188387010384,0,0,2.8700188387010384
4843,3.5938151236688047,0,0,3.5938151236688047
4844,3.5938151236688047,0,0,3.5938151236688047
4845,3.5938151236688047,0,0,3.5938151236688047
4846,3.5938151236688047,0,0,3.5938151236688047
4847,3.593349074099212,0,0,3.593349074099212
4848,3.478868192688707,0,0,3.478868192688707
4849,3.478868192688707,0,0,3.478868192688707
4850,3.478868192688707,0,0,3.478868192688707
4851,3.478868192688707,0,0,3.478868192688707
4852,3.4253030297470444,0,0,3.4253030297470444
4853,3.414529296127778,0,0,3.414529296127778
4854,3.414529296127778,0,0,3.414529296127778
4855,3.414529296127778,0,0,3.414529296127778
4856,3.414529296127778,0,0,3.414529296127778
4857,3.4203257069908197,0,0,3.4203257069908197
4858,3.4203257069908197,0,0,3.4203257069908197
4859,3.4203257069908197,0,0,3.4203257069908197
4860,3.4203257069908197,0,0,3.4203257069908197
4861,3.5661106108025207,0,0,3.5661106108025207
4862,3.7446327224485114,0,0,3.7446327224485114
4863,4.09672606374874,0,0,4.09672606374874
4864,4.096726063748743,0,0,4.096726063748743
4865,4.096726063748744,0,0,4.096726063748744
4866,4.096811968280396,0,0,4.096811968280396
4867,3.698337071816248,0,0,3.698337071816248
4868,3.698337071816248,0,0,3.698337071816248
4869,3.698337071816248,0,0,3.698337071816248
4870,3.698337071816248,0,0,3.698337071816248
4871,4.87522074333296,0,0,4.87522074333296
4872,4.8731549017904,0,0,4.8731549017904
4873,4.792772160559159,0,0,4.792772160559159
4874,4.733022032661186,0,0,4.733022032661186
4875,4.329562890090863,0,0,4.329562890090863
4876,4.329562890090863,0,0,4.329562890090863
4877,4.304445186012257,0,0,4.304445186012257
4878,4.304445186012257,0,0,4.304445186012257
4879,4.304445186012257,0,0,4.304445186012257
4880,4.564177311791847,0,0,4.564177311791847
4881,4.847436897693086,0,0,4.847436897693086
4882,4.847436897693086,0,0,4.847436897693086
4883,3.835217266196135,0,0,3.835217266196135
4884,3.208224257869212,0,0,3.208224257869212
4885,3.20883262731025,0,0,3.20883262731025
4886,3.20883262731025,0,0,3.20883262731025
4887,3.20883262731025,0,0,3.20883262731025
4888,2.5791045312996146,0,0,2.5791045312996146
4889,2.3268967745941938,0,0,2.3268967745941938
4890,2.3268967745941938,0,0,2.3268967745941938
4891,2.086208252326653,0,0,2.086208252326653
4892,1.5652911115496222,0,0,1.5652911115496222
4893,1.4664384396472694,0,0,1.4664384396472694
4894,1.4664384396472656,0,0,1.4664384396472656
4895,1.4664384396472656,0,0,1.4664384396472656
4896,1.466438439647258,0,0,1.466438439647258
4897,1.466457658643776,0,0,1.466457658643776
4898,1.203710353528293,0,0,1.203710353528293
4899,1.20001938242075,0,0,1.20001938242075
4900,2.3614069079137847,0,0,2.3614069079137847
4901,2.3623484478369527,0,0,2.3623484478369527
4902,2.362280658996125,0,0,2.362280658996125
4903,2.5258512657970624,0,0,2.5258512657970624
4904,2.6477682134964917,0,0,2.6477682134964917
4905,2.6477682134964895,0,0,2.6477682134964895
4906,2.6477682134964895,0,0,2.6477682134964895
4907,2.6477682134964895,0,0,2.6477682134964895
4908,2.6475273109148207,0,0,2.6475273109148207
4909,2.6475273109148207,0,0,2.6475273109148207
4910,2.54899219376919,0,0,2.54899219376919
4911,2.36475612063878,0,0,2.36475612063878
4912,1.8837408579152692,0,0,1.8837408579152692
4913,1.8837408579152692,0,0,1.8837408579152692
4914,1.8837408579152692,0,0,1.8837408579152692
4915,1.883740857915275,0,0,1.883740857915275
4916,1.8836273333781997,0,0,1.8836273333781997
4917,1.8836273333781997,0,0,1.8836273333781997
4918,1.883740857915275,0,0,1.883740857915275
4919,3.9110056811592306,0,0,3.9110056811592306
4920,4.5187736257107955,0,0,4.5187736257107955
4921,4.9894165322904085,0,0,4.9894165322904085
4922,4.9558083573913905,0,0,4.9558083573913905
4923,4.956129798941747,0,0,4.956129798941747
4924,4.956129798941747,0,0,4.956129798941747
4925,4.956129798941747,0,0,4.956129798941747
4926,4.956129798941747,0,0,4.956129798941747
4927,4.956339112345668,0,0,4.956339112345668
4928,4.965569091930324,0,0,4.965569091930324
4929,5.036494392714812,0,0,5.036494392714812
4930,5.055310298719381,0,0,5.055310298719381
4931,4.299754159149732,0,0,4.299754159149732
4932,3.9055912027975928,0,0,3.9055912027975928
4933,3.843994536177631,0,0,3.843994536177631
4934,3.8439945361776324,0,0,3.8439945361776324
4935,3.843763230653284,0,0,3.843763230653284
4936,3.8437632306532854,0,0,3.8437632306532854
4937,3.920133548481364,0,0,3.920133548481364
4938,3.9201335484813615,0,0,3.9201335484813615
4939,3.634100743431304,0,0,3.634100743431304
4940,3.93972518305964,0,0,3.93972518305964
4941,3.897037883351934,0,0,3.897037883351934
4942,3.897037883351934,0,0,3.897037883351934
4943,3.897037883351934,0,0,3.897037883351934
4944,3.897286050417214,0,0,3.897286050417214
4945,3.897286050417214,0,0,3.897286050417214
4946,3.897286050417214,0,0,3.897286050417214
4947,3.8972860504172155,0,0,3.8972860504172155
4948,4.088216100736122,0,0,4.088216100736122
4949,4.336593225659372,0,0,4.336593225659372
4950,4.24731426882382,0,0,4.24731426882382
4951,4.104129458585354,0,0,4.104129458585354
4952,4.104129458585354,0,0,4.104129458585354
4953,4.247314268823819,0,0,4.247314268823819
4954,4.132975024166094,0,0,4.132975024166094
4955,4.132383584054186,0,0,4.132383584054186
4956,4.132383584054186,0,0,4.132383584054186
4957,4.132383584054186,0,0,4.132383584054186
4958,4.04821772461768,0,0,4.04821772461768
4959,3.83363280911737,0,0,3.83363280911737
4960,3.632354215884138,0,0,3.632354215884138
4961,3.632354215884138,0,0,3.632354215884138
4962,3.632629323896209,0,0,3.632629323896209
4963,3.632629323896209,0,0,3.632629323896209
4964,3.632629323896209,0,0,3.632629323896209
4965,3.632629323896206,0,0,3.632629323896206
4966,4.783889159206335,0,0,4.783889159206335
4967,4.783889159206335,0,0,4.783889159206335
4968,4.875327690069497,0,0,4.875327690069497
4969,4.820481941676223,0,0,4.820481941676223
4970,4.8210497284121905,0,0,4.8210497284121905
4971,4.8210497284121905,0,0,4.8210497284121905
4972,4.8210497284121905,0,0,4.8210497284121905
4973,4.8210497284121905,0,0,4.8210497284121905
4974,4.843798538486421,0,0,4.843798538486421
4975,4.93355016398099,0,0,4.93355016398099
4976,4.93355016398099,0,0,4.93355016398099
4977,4.932933767833942,0,0,4.932933767833942
4978,4.812643479623392,0,0,4.812643479623392
4979,4.68686349729855,0,0,4.68686349729855
4980,4.263954283375325,0,0,4.263954283375325
4981,4.150549862746732,0,0,4.150549862746732
4982,4.150549862746732,0,0,4.150549862746732
4983,3.9379750373108138,0,0,3.9379750373108138
4984,4.050039558782046,0,0,4.050039558782046
4985,4.050039558782046,0,0,4.050039558782046
4986,4.050039558782046,0,0,4.050039558782046
4987,4.050039558782046,0,0,4.050039558782046
4988,4.050039558782046,0,0,4.050039558782046
4989,4.366730846636361,0,0,4.366730846636361
4990,4.446975963313294,0,0,4.446975963313294
4991,4.446975963313294,0,0,4.446975963313294
4992,5.033865828569714,0,0,5.033865828569714
4993,5.033865828569714,0,0,5.033865828569714
4994,5.033431890444254,0,0,5.033431890444254
4995,5.033431890444254,0,0,5.033431890444254
4996,5.033865828569716,0,0,5.033865828569716
4997,5.033865828569716,0,0,5.033865828569716
4998,4.904199048382382,0,0,4.904199048382382
4999,4.7950782218152375,0,0,4.7950782218152375
5000,2.891401111588754,0,0,2.891401111588754
5001,2.7470689356125595,0,0,2.7470689356125595
5002,4.239049167197458,0,0,4.239049167197458
5003,4.239049167197458,0,0,4.239049167197458
5004,4.23904916719746,0,0,4.23904916719746
5005,4.23904916719746,0,0,4.23904916719746
5006,4.23930589566299,0,0,4.23930589566299
5007,4.203553004857918,0,0,4.203553004857918
5008,3.3267260365810234,0,0,3.3267260365810234
5009,3.3267260365810234,0,0,3.3267260365810234
5010,3.327024868852281,0,0,3.327024868852281
5011,3.247729694200066,0,0,3.247729694200066
5012,3.863272953454184,0,0,3.863272953454184
5013,3.863272953454184,0,0,3.863272953454184
5014,3.863272953454184,0,0,3.863272953454184
5015,3.863272953454184,0,0,3.863272953454184
5016,3.192695569232133,0,0,3.192695569232133
5017,3.192695569232133,0,0,3.192695569232133
5018,3.192695569232133,0,0,3.192695569232133
5019,3.1925940205247505,0,0,3.1925940205247505
5020,2.947400049971104,0,0,2.947400049971104
5021,2.947400049971104,0,0,2.947400049971104
5022,2.947400049971104,0,0,2.947400049971104
5023,2.947400049971104,0,0,2.947400049971104
5024,2.4550623157178557,0,0,2.4550623157178557
5025,2.449668160665228,0,0,2.449668160665228
5026,2.449668160665228,0,0,2.449668160665228
5027,2.449668160665228,0,0,2.449668160665228
5028,2.4496681606652326,0,0,2.4496681606652326
5029,1.9006641014679606,0,0,1.9006641014679606
5030,1.9006641014679606,0,0,1.9006641014679606
5031,1.9006641014679606,0,0,1.9006641014679606
5032,1.9006641014679635,0,0,1.9006641014679635
5033,1.7640412350221866,0,0,1.7640412350221866
5034,1.6158873692156268,0,0,1.6158873692156268
5035,1.6158873692156337,0,0,1.6158873692156337
5036,1.6158873692156337,0,0,1.6158873692156337
5037,1.6198809626825992,0,0,1.6198809626825992
5038,2.4518174852949817,0,0,2.4518174852949817
5039,2.4518174852949772,0,0,2.4518174852949772
5040,2.4518174852949794,0,0,2.4518174852949794
5041,2.4518174852949794,0,0,2.4518174852949794
5042,3.1839410896075386,0,0,3.1839410896075386
5043,2.7003620364737237,0,0,2.7003620364737237
5044,2.7003620364737237,0,0,2.7003620364737237
5045,2.7003620364737237,0,0,2.7003620364737237
5046,2.9487594764582883,0,0,2.9487594764582883
5047,2.88697197085985,0,0,2.88697197085985
5048,2.88697197085985,0,0,2.88697197085985
5049,2.88697197085985,0,0,2.88697197085985
5050,2.88070515380181,0,0,2.88070515380181
5051,1.5668970682482908,0,0,1.5668970682482908
5052,1.5918319231490354,0,0,1.5918319231490354
5053,1.5918319231490354,0,0,1.5918319231490354
5054,1.5918319231490354,0,0,1.5918319231490354
5055,1.595014912021208,0,0,1.595014912021208
5056,1.6432439924632727,0,0,1.6432439924632727
5057,1.6432439924632727,0,0,1.6432439924632727
5058,1.6432439924632727,0,0,1.6432439924632727
5059,1.6432439924632727,0,0,1.6432439924632727
5060,1.645104713752574,0,0,1.645104713752574
5061,2.346780440300223,0,0,2.346780440300223
5062,2.346780440300223,0,0,2.346780440300223
5063,2.346780440300223,0,0,2.346780440300223
5064,2.346780440300223,0,0,2.346780440300223
5065,2.3222642997151386,0,0,2.3222642997151386
5066,2.3222642997151386,0,0,2.3222642997151386
5067,2.3222642997151386,0,0,2.3222642997151386
5068,2.4469890196379147,0,0,2.4469890196379147
5069,2.4469890196379147,0,0,2.4469890196379147
5070,2.3922277382905515,0,0,2.3922277382905515
5071,2.372567984369581,0,0,2.372567984369581
5072,2.372567984369581,0,0,2.372567984369581
5073,2.3725679843695766,0,0,2.3725679843695766
5074,2.2455125759496632,0,0,2.2455125759496632
5075,1.8988869035727582,0,0,1.8988869035727582
5076,1.8988869035727582,0,0,1.8988869035727582
5077,1.8988869035727582,0,0,1.8988869035727582
5078,1.8988869035727582,0,0,1.8988869035727582
5079,1.8793383297763997,0,0,1.8793383297763997
5080,1.8793383297763997,0,0,1.8793383297763997
5081,1.8793383297763997,0,0,1.8793383297763997
5082,1.8793383297763997,0,0,1.8793383297763997
5083,1.7181430562664013,0,0,1.7181430562664013
5084,1.7181430562664013,0,0,1.7181430562664013
5085,1.7181430562664013,0,0,1.7181430562664013
5086,1.7181430562664013,0,0,1.7181430562664013
5087,1.7181430562664013,0,0,1.7181430562664013
5088,1.863734467510996,0,0,1.863734467510996
5089,1.863734467510996,0,0,1.863734467510996
5090,1.863734467510996,0,0,1.863734467510996
5091,1.863734467510996,0,0,1.863734467510996
5092,1.986823636750866,0,0,1.986823636750866
5093,1.986823636750866,0,0,1.986823636750866
5094,1.986823636750866,0,0,1.986823636750866
5095,1.986823636750866,0,0,1.986823636750866
5096,1.9968025554269913,0,0,1.9968025554269913
5097,1.8238168314982186,0,0,1.8238168314982186
5098,1.8238168314982186,0,0,1.8238168314982186
5099,1.8238168314982186,0,0,1.8238168314982186
5100,1.8237475120082256,0,0,1.8237475120082256
5101,3.1703205421122913,0,0,3.1703205421122913
5102,3.1703205421122926,0,0,3.1703205421122926
5103,3.1703205421122926,0,0,3.1703205421122926
5104,3.1703205421122926,0,0,3.1703205421122926
5105,3.004914361088308,0,0,3.004914361088308
5106,2.254205171785127,0,0,2.254205171785127
5107,2.254205171785127,0,0,2.254205171785127
5108,2.254205171785127,0,0,2.254205171785127
5109,2.2545075322220898,0,0,2.2545075322220898
5110,2.2520938324864654,0,0,2.2520938324864654
5111,1.4347192926580414,0,0,1.4347192926580414
5112,1.4347192926580492,0,0,1.4347192926580492
5113,1.4347192926580608,0,0,1.4347192926580608
5114,1.383549224931712,0,0,1.383549224931712
5115,2.864783119909294,0,0,2.864783119909294
5116,2.864783119909294,0,0,2.864783119909294
5117,2.864783119909294,0,0,2.864783119909294
5118,2.864783119909294,0,0,2.864783119909294
5119,2.864783119909294,0,0,2.864783119909294
5120,2.8761823876347905,0,0,2.8761823876347905
5121,2.8761823876347905,0,0,2.8761823876347905
5122,2.8761823876347905,0,0,2.8761823876347905
5123,4.0859296864319505,0,0,4.0859296864319505
5124,5.081035547566812,0,0,5.081035547566812
5125,5.080761734811421,0,0,5.080761734811421
5126,5.080761734811421,0,0,5.080761734811421
5127,5.080761734811421,0,0,5.080761734811421
5128,5.109339856079583,0,0,5.109339856079583
5129,4.382088458324466,0,0,4.382088458324466
5130,4.382088458324466,0,0,4.382088458324466
5131,4.382088458324466,0,0,4.382088458324466
5132,4.382088458324466,0,0,4.382088458324466
5133,2.947400049971104,0,0,2.947400049971104
5134,2.947400049971104,0,0,2.947400049971104
5135,2.947400049971104,0,0,2.947400049971104
5136,2.947400049971104,0,0,2.947400049971104
5137,2.912693766064176,0,0,2.912693766064176
5138,2.8806797450754407,0,0,2.8806797450754407
5139,2.8806797450754407,0,0,2.8806797450754407
5140,2.8806797450754407,0,0,2.8806797450754407
5141,2.880679745075444,0,0,2.880679745075444
5142,1.9006641014679606,0,0,1.9006641014679606
5143,1.9006641014679606,0,0,1.9006641014679606
5144,1.9006641014679606,0,0,1.9006641014679606
5145,1.9006641014679635,0,0,1.9006641014679635
5146,1.7640412350221866,0,0,1.7640412350221866
5147,1.6158873692156268,0,0,1.6158873692156268
5148,1.6158873692156337,0,0,1.6158873692156337
5149,1.6158873692156337,0,0,1.6158873692156337
5150,1.6198809626825992,0,0,1.6198809626825992
5151,2.4518174852949817,0,0,2.4518174852949817
5152,2.4518174852949772,0,0,2.4518174852949772
5153,2.4518174852949794,0,0,2.4518174852949794
5154,2.4518174852949794,0,0,2.4518174852949794
5155,3.1839410896075386,0,0,3.1839410896075386
5156,3.1839410896075386,0,0,3.1839410896075386
5157,3.1839410896075386,0,0,3.1839410896075386
5158,3.1839410896075386,0,0,3.1839410896075386
5159,3.400568361546732,0,0,3.400568361546732
5160,3.9118908165859065,0,0,3.9118908165859065
5161,3.9118908165859065,0,0,3.9118908165859065
5162,3.9118908165859065,0,0,3.9118908165859065
5163,3.906354312954773,0,0,3.906354312954773
5164,2.78547497511926,0,0,2.78547497511926
5165,2.3090091683784983,0,0,2.3090091683784983
5166,2.3090091683784983,0,0,2.3090091683784983
5167,2.3090091683784983,0,0,2.3090091683784983
5168,2.309368468004796,0,0,2.309368468004796
5169,2.309368468004796,0,0,2.309368468004796
5170,2.2912646287969625,0,0,2.2912646287969625
5171,2.2912646287969625,0,0,2.2912646287969625
5172,2.291264628796967,0,0,2.291264628796967
5173,2.2256507644428623,0,0,2.2256507644428623
5174,2.3715011946983156,0,0,2.3715011946983156
5175,2.3715011946983156,0,0,2.3715011946983156
5176,2.3715011946983156,0,0,2.3715011946983156
5177,2.3715011946983156,0,0,2.3715011946983156
5178,2.302609870455244,0,0,2.302609870455244
5179,2.1048706827164536,0,0,2.1048706827164536
5180,2.1048706827164536,0,0,2.1048706827164536
5181,2.1048706827164536,0,0,2.1048706827164536
5182,1.9249480079425436,0,0,1.9249480079425436
5183,1.5180377533037899,0,0,1.5180377533037899
5184,1.5180377533037899,0,0,1.5180377533037899
5185,1.5180377533037899,0,0,1.5180377533037899
5186,1.5180377533037899,0,0,1.5180377533037899
5187,1.5180377533037899,0,0,1.5180377533037899
5188,1.5180377533037899,0,0,1.5180377533037899
5189,1.5180377533037899,0,0,1.5180377533037899
5190,1.6030068777476707,0,0,1.6030068777476707
5191,1.5581278964500027,0,0,1.5581278964500027
5192,3.777425264353653,0,0,3.777425264353653
5193,3.777425264353653,0,0,3.777425264353653
5194,3.7478370178992266,0,0,3.7478370178992266
5195,3.7478370178992297,0,0,3.7478370178992297
5196,3.472556950004332,0,0,3.472556950004332
5197,3.472556950004332,0,0,3.472556950004332
5198,3.472556950004332,0,0,3.472556950004332
5199,3.472556950004332,0,0,3.472556950004332
5200,3.4691371856381825,0,0,3.4691371856381825
5201,4.243065005210342,0,0,4.243065005210342
5202,4.243355705630097,0,0,4.243355705630097
5203,4.243355705630097,0,0,4.243355705630097
5204,4.24364552914379,0,0,4.24364552914379
5205,4.213740715044875,0,0,4.213740715044875
5206,3.192695569232133,0,0,3.192695569232133
5207,3.192695569232133,0,0,3.192695569232133
5208,3.192695569232133,0,0,3.192695569232133
5209,3.1925940205247505,0,0,3.1925940205247505
5210,3.2702307309934646,0,0,3.2702307309934646
5211,3.619051824711057,0,0,3.619051824711057
5212,3.619051824711057,0,0,3.619051824711057
5213,3.619051824711057,0,0,3.619051824711057
5214,2.4550623157178557,0,0,2.4550623157178557
5215,2.449668160665228,0,0,2.449668160665228
5216,2.449668160665228,0,0,2.449668160665228
5217,2.449668160665228,0,0,2.449668160665228
5218,2.4496681606652326,0,0,2.4496681606652326
5219,3.920133548481364,0,0,3.920133548481364
5220,3.9201335484813615,0,0,3.9201335484813615
5221,3.634100743431304,0,0,3.634100743431304
5222,3.93972518305964,0,0,3.93972518305964
5223,3.618108941100457,0,0,3.618108941100457
5224,3.618108941100457,0,0,3.618108941100457
5225,3.6185256497697336,0,0,3.6185256497697336
5226,3.6185256497697336,0,0,3.6185256497697336
5227,3.6185256497697353,0,0,3.6185256497697353
5228,3.6185256497697353,0,0,3.6185256497697353
5229,3.618525649769738,0,0,3.618525649769738
5230,4.415266246888146,0,0,4.415266246888146
5231,4.503888999428575,0,0,4.503888999428575
5232,4.006500270143952,0,0,4.006500270143952
5233,3.59065323692765,0,0,3.59065323692765
5234,3.6944920785646294,0,0,3.6944920785646294
5235,3.6945257482235787,0,0,3.6945257482235787
5236,3.6945257482235787,0,0,3.6945257482235787
5237,3.6945257482235787,0,0,3.6945257482235787
5238,3.6945257482235787,0,0,3.6945257482235787
5239,3.6945257482235787,0,0,3.6945257482235787
5240,3.58557485030091,0,0,3.58557485030091
5241,2.36475612063878,0,0,2.36475612063878
5242,2.622521588757786,0,0,2.622521588757786
5243,2.622521588757786,0,0,2.622521588757786
5244,4.932404910527073,0,0,4.932404910527073
5245,4.932404910527073,0,0,4.932404910527073
5246,4.296914310495376,0,0,4.296914310495376
5247,4.296914310495376,0,0,4.296914310495376
5248,4.296914310495376,0,0,4.296914310495376
5249,4.7998675996146245,0,0,4.7998675996146245
5250,4.7998675996146245,0,0,4.7998675996146245
5251,5.130490276029175,0,0,5.130490276029175
5252,5.038816364833056,0,0,5.038816364833056
5253,5.038816364833056,0,0,5.038816364833056
5254,5.0704338586956705,0,0,5.0704338586956705
5255,5.0704338586956705,0,0,5.0704338586956705
5256,5.119559255147629,0,0,5.119559255147629
5257,5.343192852108525,0,0,5.343192852108525
5258,5.354808873049624,0,0,5.354808873049624
5259,5.354808873049624,0,0,5.354808873049624
5260,5.202838695955937,0,0,5.202838695955937
5261,5.0068751973417776,0,0,5.0068751973417776
5262,5.0068751973417776,0,0,5.0068751973417776
5263,5.0068751973417776,0,0,5.0068751973417776
5264,5.0068751973417776,0,0,5.0068751973417776
5265,5.0068751973417776,0,0,5.0068751973417776
5266,4.008540212423321,0,0,4.008540212423321
5267,4.008540212423321,0,0,4.008540212423321
5268,4.85857241681152,0,0,4.85857241681152
5269,4.85857241681152,0,0,4.85857241681152
5270,4.858572416811518,0,0,4.858572416811518
5271,4.16201570418217,0,0,4.16201570418217
5272,4.214633321964654,0,0,4.214633321964654
5273,4.214633321964657,0,0,4.214633321964657
5274,4.214633321964657,0,0,4.214633321964657
5275,4.214633321964657,0,0,4.214633321964657
5276,4.214633321964657,0,0,4.214633321964657
5277,4.214633321964657,0,0,4.214633321964657
5278,4.855854562079547,0,0,4.855854562079547
5279,4.855854562079547,0,0,4.855854562079547
5280,4.671269560015586,0,0,4.671269560015586
5281,3.270969198702231,0,0,3.270969198702231
5282,3.270969198702231,0,0,3.270969198702231
5283,3.2709691987022347,0,0,3.2709691987022347
5284,2.7229374608307166,0,0,2.7229374608307166
5285,2.722549198629887,0,0,2.722549198629887
5286,2.7227940026638455,0,0,2.7227940026638455
5287,4.896608411154022,0,0,4.896608411154022
5288,5.078016595128576,0,0,5.078016595128576
5289,5.654593211186424,0,1,5.654593211186424
5290,5.465082504057998,0,0,5.465082504057998
5291,5.4295070070825515,0,0,5.4295070070825515
5292,5.4295070070825515,0,0,5.4295070070825515
5293,5.4295070070825515,0,0,5.4295070070825515
5294,4.78641566519607,0,0,4.78641566519607
5295,4.78641566519607,0,0,4.78641566519607
5296,4.872789196244643,0,0,4.872789196244643
5297,5.186293383663473,0,0,5.186293383663473
5298,4.556763977935503,0,0,4.556763977935503
5299,4.556763977935503,0,0,4.556763977935503
5300,4.556763977935503,0,0,4.556763977935503
5301,4.5567934644306805,0,0,4.5567934644306805
5302,4.558030420462154,0,0,4.558030420462154
5303,4.674389863084048,0,0,4.674389863084048
5304,4.948757058321813,0,0,4.948757058321813
5305,4.948757058321812,0,0,4.948757058321812
5306,4.948757058321812,0,0,4.948757058321812
5307,5.316737760618242,0,0,5.316737760618242
5308,5.566212339365517,0,0,5.566212339365517
5309,5.566212339365517,0,0,5.566212339365517
5310,5.566212339365517,0,0,5.566212339365517
5311,5.566212339365517,0,0,5.566212339365517
5312,5.566212339365517,0,0,5.566212339365517
5313,5.7848184355431975,0,1,5.7848184355431975
5314,5.864947552500579,0,1,5.864947552500579
5315,5.887490698926546,0,1,5.887490698926546
5316,5.9767177596209455,0,1,5.9767177596209455
5317,5.9767177596209455,0,1,5.9767177596209455
5318,5.769317471354635,0,1,5.769317471354635
5319,5.43766328640741,0,0,5.43766328640741
5320,5.577618810803346,0,1,5.577618810803346
5321,5.577618810803346,0,1,5.577618810803346
5322,5.577618810803346,0,1,5.577618810803346
5323,5.577618810803346,0,1,5.577618810803346
5324,5.577618810803346,0,1,5.577618810803346
5325,5.5776903082970595,0,1,5.5776903082970595
5326,5.269820259728903,0,0,5.269820259728903
5327,5.269820259728903,0,0,5.269820259728903
5328,5.4213980205586365,0,0,5.4213980205586365
5329,5.421398020558639,0,0,5.421398020558639
5330,5.421398020558639,0,0,5.421398020558639
5331,5.42139802055864,0,0,5.42139802055864
5332,5.42139802055864,0,0,5.42139802055864
5333,5.421649384794381,0,0,5.421649384794381
5334,5.658785959899278,0,1,5.658785959899278
5335,5.681104909091546,0,1,5.681104909091546
5336,6.08405896352449,0,1,6.08405896352449
5337,5.027098041542548,0,0,5.027098041542548
5338,4.718118374524458,0,0,4.718118374524458
5339,3.623040691143616,0,0,3.623040691143616
5340,3.623040691143613,0,0,3.623040691143613
5341,3.623040691143613,0,0,3.623040691143613
5342,3.6230406911436175,0,0,3.6230406911436175
5343,3.6230406911436175,0,0,3.6230406911436175
5344,3.6230406911436175,0,0,3.6230406911436175
5345,3.6230406911436144,0,0,3.6230406911436144
5346,3.6750105276726823,0,0,3.6750105276726823
5347,3.6747861752253175,0,0,3.6747861752253175
5348,3.6747861752253175,0,0,3.6747861752253175
5349,3.6747861752253175,0,0,3.6747861752253175
5350,3.6747861752253175,0,0,3.6747861752253175
5351,3.674560420612181,0,0,3.674560420612181
5352,3.670195253299257,0,0,3.670195253299257
5353,3.3545293092326913,0,0,3.3545293092326913
5354,2.600856222925695,0,0,2.600856222925695
5355,1.8119547263196067,0,0,1.8119547263196067
5356,1.7628997833261675,0,0,1.7628997833261675
5357,2.1765199300844187,0,0,2.1765199300844187
5358,2.1765199300844187,0,0,2.1765199300844187
5359,2.1762097880070823,0,0,2.1762097880070823
5360,2.1762097880070823,0,0,2.1762097880070823
5361,2.2827615194596844,0,0,2.2827615194596844
5362,2.1316227111022417,0,0,2.1316227111022417
5363,2.0528752728369755,0,0,2.0528752728369755
5364,1.5877849243772812,0,0,1.5877849243772812
5365,1.4319695569979913,0,0,1.4319695569979913
5366,1.1969078211193398,0,0,1.1969078211193398
5367,1.1151865680342135,0,0,1.1151865680342135
5368,1.1151865680342135,0,0,1.1151865680342135
5369,1.1151865680342135,0,0,1.1151865680342135
5370,1.496281404404752,0,0,1.496281404404752
5371,1.7956657041930413,0,0,1.7956657041930413
5372,1.8481446013283767,0,0,1.8481446013283767
5373,1.8481446013283767,0,0,1.8481446013283767
5374,1.8481446013283767,0,0,1.8481446013283767
5375,2.449167377327509,0,0,2.449167377327509
5376,2.7210249181423833,0,0,2.7210249181423833
5377,2.7200782381976634,0,0,2.7200782381976634
5378,2.7200782381976634,0,0,2.7200782381976634
5379,2.720250424408398,0,0,2.720250424408398
5380,2.8827659276215534,0,0,2.8827659276215534
5381,2.9837715899688892,0,0,2.9837715899688892
5382,2.9837715899688892,0,0,2.9837715899688892
5383,2.9837715899688892,0,0,2.9837715899688892
5384,2.9837715899688892,0,0,2.9837715899688892
5385,3.3716855989021477,0,0,3.3716855989021477
5386,3.9417042240471925,0,0,3.9417042240471925
5387,3.9383341273645756,0,0,3.9383341273645756
5388,3.9383341273645756,0,0,3.9383341273645756
5389,3.9383341273645756,0,0,3.9383341273645756
5390,3.938597041979903,0,0,3.938597041979903
5391,4.275077915733853,0,0,4.275077915733853
5392,4.275077915733853,0,0,4.275077915733853
5393,4.275077915733853,0,0,4.275077915733853
5394,4.275077915733853,0,0,4.275077915733853
5395,4.296180924207894,0,0,4.296180924207894
5396,4.587591139022344,0,0,4.587591139022344
5397,4.587591139022345,0,0,4.587591139022345
5398,4.587591139022345,0,0,4.587591139022345
5399,4.587591139022345,0,0,4.587591139022345
5400,4.759749372930514,0,0,4.759749372930514
5401,4.703637375035734,0,0,4.703637375035734
5402,4.703637375035735,0,0,4.703637375035735
5403,4.703637375035735,0,0,4.703637375035735
5404,4.7043496047797575,0,0,4.7043496047797575
5405,4.798039495299092,0,0,4.798039495299092
5406,5.006516144829242,0,0,5.006516144829242
5407,4.858609613535617,0,0,4.858609613535617
5408,4.858609613535617,0,0,4.858609613535617
5409,4.858609613535617,0,0,4.858609613535617
5410,4.858609613535617,0,0,4.858609613535617
5411,4.913389783216793,0,0,4.913389783216793
5412,4.913389783216793,0,0,4.913389783216793
5413,4.527535750964156,0,0,4.527535750964156
5414,4.527535750964156,0,0,4.527535750964156
5415,3.9555017812561455,0,0,3.9555017812561455
5416,3.332407270582689,0,0,3.332407270582689
5417,3.332407270582689,0,0,3.332407270582689
5418,3.332407270582689,0,0,3.332407270582689
5419,3.332407270582691,0,0,3.332407270582691
5420,3.3019066663204524,0,0,3.3019066663204524
5421,3.2922555421254245,0,0,3.2922555421254245
5422,3.292255542125421,0,0,3.292255542125421
5423,3.292255542125421,0,0,3.292255542125421
5424,3.292492887904442,0,0,3.292492887904442
5425,3.2514397485803896,0,0,3.2514397485803896
5426,3.5066670277918672,0,0,3.5066670277918672
5427,3.5072424784146676,0,0,3.5072424784146676
5428,3.1298545832237274,0,0,3.1298545832237274
5429,3.1297532518099556,0,0,3.1297532518099556
5430,2.561197389124745,0,0,2.561197389124745
5431,2.561197389124745,0,0,2.561197389124745
5432,2.5613455636981475,0,0,2.5613455636981475
5433,2.5613455636981515,0,0,2.5613455636981515
5434,2.5613455636981515,0,0,2.5613455636981515
5435,1.8119547263196067,0,0,1.8119547263196067
5436,1.7628997833261675,0,0,1.7628997833261675
5437,3.5582884352004904,0,0,3.5582884352004904
5438,3.5855827697303995,0,0,3.5855827697303995
5439,3.5855827697303995,0,0,3.5855827697303995
5440,3.585182628211337,0,0,3.585182628211337
5441,3.5853990392588178,0,0,3.5853990392588178
5442,3.585642908211442,0,0,3.585642908211442
5443,3.585642908211442,0,0,3.585642908211442
5444,3.585642908211442,0,0,3.585642908211442
5445,3.4382498734420603,0,0,3.4382498734420603
5446,3.216957381979972,0,0,3.216957381979972
5447,3.0239228582638455,0,0,3.0239228582638455
5448,3.0239228582638455,0,0,3.0239228582638455
5449,3.023922858263842,0,0,3.023922858263842
5450,3.023922858263842,0,0,3.023922858263842
5451,3.023922858263842,0,0,3.023922858263842
5452,3.023922858263842,0,0,3.023922858263842
5453,3.023922858263842,0,0,3.023922858263842
5454,3.023818961566866,0,0,3.023818961566866
5455,3.023818961566866,0,0,3.023818961566866
5456,3.2327133658667435,0,0,3.2327133658667435
5457,3.332407270582689,0,0,3.332407270582689
5458,3.332407270582689,0,0,3.332407270582689
5459,3.332407270582689,0,0,3.332407270582689
5460,3.332407270582691,0,0,3.332407270582691
5461,3.3019066663204524,0,0,3.3019066663204524
5462,3.2922555421254245,0,0,3.2922555421254245
5463,3.292255542125421,0,0,3.292255542125421
5464,3.292255542125421,0,0,3.292255542125421
5465,3.292492887904442,0,0,3.292492887904442
5466,3.2514397485803896,0,0,3.2514397485803896
5467,4.057171159606269,0,0,4.057171159606269
5468,4.057958727606015,0,0,4.057958727606015
5469,3.7181250912355646,0,0,3.7181250912355646
5470,3.7181250912355615,0,0,3.7181250912355615
5471,3.6511359236885927,0,0,3.6511359236885927
5472,3.6511359236885927,0,0,3.6511359236885927
5473,3.6511359236885927,0,0,3.6511359236885927
5474,3.65100031077277,0,0,3.65100031077277
5475,3.65100031077277,0,0,3.65100031077277
5476,3.2043034614970187,0,0,3.2043034614970187
5477,2.959530916381725,0,0,2.959530916381725
5478,2.898152889974183,0,0,2.898152889974183
5479,2.898152889974183,0,0,2.898152889974183
5480,2.8981528899741864,0,0,2.8981528899741864
5481,2.8981528899741864,0,0,2.8981528899741864
5482,2.8981528899741864,0,0,2.8981528899741864
5483,2.9242284674440806,0,0,2.9242284674440806
5484,2.9242284674440846,0,0,2.9242284674440846
5485,2.9242284674440846,0,0,2.9242284674440846
5486,1.5960357088051038,0,0,1.5960357088051038
5487,1.739119656686126,0,0,1.739119656686126
5488,1.739119656686126,0,0,1.739119656686126
5489,1.739119656686126,0,0,1.739119656686126
5490,1.739119656686126,0,0,1.739119656686126
5491,1.739019605965283,0,0,1.739019605965283
5492,1.739019605965283,0,0,1.739019605965283
5493,1.739019605965283,0,0,1.739019605965283
5494,1.739019605965283,0,0,1.739019605965283
5495,1.739019605965283,0,0,1.739019605965283
5496,1.6424328711386942,0,0,1.6424328711386942
5497,1.691382230005406,0,0,1.691382230005406
5498,1.691382230005406,0,0,1.691382230005406
5499,1.691382230005406,0,0,1.691382230005406
5500,1.691382230005406,0,0,1.691382230005406
5501,1.6973538151386744,0,0,1.6973538151386744
5502,1.6973538151386744,0,0,1.6973538151386744
5503,1.6973538151386744,0,0,1.6973538151386744
5504,1.6973538151386744,0,0,1.6973538151386744
5505,1.7085956693128714,0,0,1.7085956693128714
5506,2.5865524541866747,0,0,2.5865524541866747
5507,2.5176698837417195,0,0,2.5176698837417195
5508,2.5176698837417284,0,0,2.5176698837417284
5509,2.5176698837417284,0,0,2.5176698837417284
5510,2.517713894733778,0,0,2.517713894733778
5511,2.517713894733778,0,0,2.517713894733778
5512,2.517713894733778,0,0,2.517713894733778
5513,2.517713894733778,0,0,2.517713894733778
5514,2.5177554993788367,0,0,2.5177554993788367
5515,2.5232247632595,0,0,2.5232247632595
5516,2.3079872607494205,0,0,2.3079872607494205
5517,2.11129741180905,0,0,2.11129741180905
5518,2.11129741180905,0,0,2.11129741180905
5519,2.11129741180905,0,0,2.11129741180905
5520,2.1112028046580873,0,0,2.1112028046580873
5521,2.1112028046580824,0,0,2.1112028046580824
5522,2.1112028046580824,0,0,2.1112028046580824
5523,2.1112028046580824,0,0,2.1112028046580824
5524,2.1112028046580824,0,0,2.1112028046580824
5525,2.1112028046580824,0,0,2.1112028046580824
5526,2.3035006882415936,0,0,2.3035006882415936
5527,1.838722057456577,0,0,1.838722057456577
5528,1.8045207060216186,0,0,1.8045207060216186
5529,1.8045207060216186,0,0,1.8045207060216186
5530,1.804956657186167,0,0,1.804956657186167
5531,1.804956657186167,0,0,1.804956657186167
5532,1.8049566571861702,0,0,1.8049566571861702
5533,1.8049566571861702,0,0,1.8049566571861702
5534,1.8049566571861764,0,0,1.8049566571861764
5535,1.8049566571861764,0,0,1.8049566571861764
5536,1.7073915325731333,0,0,1.7073915325731333
5537,1.7800728607034564,0,0,1.7800728607034564
5538,1.4969452054487962,0,0,1.4969452054487962
5539,1.4964504471484699,0,0,1.4964504471484699
5540,1.4982831646217356,0,0,1.4982831646217356
5541,1.5094421252335875,0,0,1.5094421252335875
5542,1.509969991750238,0,0,1.509969991750238
5543,1.509969991750238,0,0,1.509969991750238
5544,1.509969991750238,0,0,1.509969991750238
5545,1.6564147161140204,0,0,1.6564147161140204
5546,2.1355241168539276,0,0,2.1355241168539276
5547,1.7782127905514686,0,0,1.7782127905514686
5548,2.441490545807901,0,0,2.441490545807901
5549,2.441490545807901,0,0,2.441490545807901
5550,2.441490545807901,0,0,2.441490545807901
5551,2.6529264202991674,0,0,2.6529264202991674
5552,2.6529264202991674,0,0,2.6529264202991674
5553,2.689933864248044,0,0,2.689933864248044
5554,2.689933864248044,0,0,2.689933864248044
5555,2.728022512427418,0,0,2.728022512427418
5556,3.0489385098879374,0,0,3.0489385098879374
5557,3.080903927243511,0,0,3.080903927243511
5558,3.0814398473314664,0,0,3.0814398473314664
5559,3.29233721491359,0,0,3.29233721491359
5560,3.434340721275449,0,0,3.434340721275449
5561,3.564593210579125,0,0,3.564593210579125
5562,3.6083565514510747,0,0,3.6083565514510747
5563,3.8210075669122547,0,0,3.8210075669122547
5564,3.8212488287419584,0,0,3.8212488287419584
5565,3.8200627259939304,0,0,3.8200627259939304
5566,4.702794925734878,0,0,4.702794925734878
5567,4.8152366490096385,0,0,4.8152366490096385
5568,5.125894428055611,0,0,5.125894428055611
5569,5.0566337286887935,0,0,5.0566337286887935
5570,5.056803603816222,0,0,5.056803603816222
5571,5.056803603816222,0,0,5.056803603816222
5572,5.05680360381622,0,0,5.05680360381622
5573,5.06308157244225,0,0,5.06308157244225
5574,5.805872634997056,0,1,5.805872634997056
5575,5.805872634997056,0,1,5.805872634997056
5576,4.956195197190977,0,0,4.956195197190977
5577,4.956195197190977,0,0,4.956195197190977
5578,4.956195197190977,0,0,4.956195197190977
5579,4.956195197190977,0,0,4.956195197190977
5580,5.649619613179779,0,1,5.649619613179779
5581,5.649443438111096,0,1,5.649443438111096
5582,5.565276273987737,0,0,5.565276273987737
5583,5.565276273987737,0,0,5.565276273987737
5584,5.565276273987736,0,0,5.565276273987736
5585,5.565276273987736,0,0,5.565276273987736
5586,5.57566256212088,0,1,5.57566256212088
5587,5.545428255079001,0,0,5.545428255079001
5588,5.8573045736916765,0,1,5.8573045736916765
5589,5.88443890150558,0,1,5.88443890150558
5590,5.879984808283106,0,1,5.879984808283106
5591,5.885070445347241,0,1,5.885070445347241
5592,5.885076189234763,0,1,5.885076189234763
5593,5.885978928883821,0,1,5.885978928883821
5594,5.885978928883821,0,1,5.885978928883821
5595,6.014585856208471,0,1,6.014585856208471
5596,5.922268416677903,0,1,5.922268416677903
5597,5.922028562706329,0,1,5.922028562706329
5598,5.833191400274021,0,1,5.833191400274021
5599,5.833191400274021,0,1,5.833191400274021
5600,5.340792743284545,0,0,5.340792743284545
5601,5.999994567831399,0,1,5.999994567831399
5602,6.15082214152931,0,1,6.15082214152931
5603,6.136357417535854,0,1,6.136357417535854
5604,6.0592705816696135,0,1,6.0592705816696135
5605,6.230521904753316,0,1,6.230521904753316
5606,6.230521904753317,0,1,6.230521904753317
5607,6.29682606200295,0,1,6.29682606200295
5608,6.2946326929003344,0,1,6.2946326929003344
5609,5.723652094292029,0,1,5.723652094292029
5610,5.671497221198626,0,1,5.671497221198626
5611,5.617300610015756,0,1,5.617300610015756
5612,5.116131480894862,0,0,5.116131480894862
5613,5.014097675348291,0,0,5.014097675348291
5614,5.014565658685545,0,0,5.014565658685545
5615,5.721414813302497,0,1,5.721414813302497
5616,5.75265149048533,0,1,5.75265149048533
5617,5.8907740138706375,0,1,5.8907740138706375
5618,5.948024699778043,0,1,5.948024699778043
5619,5.747211847662253,0,1,5.747211847662253
5620,5.747211847662253,0,1,5.747211847662253
5621,5.385496931672783,0,0,5.385496931672783
5622,5.386086645384637,0,0,5.386086645384637
5623,5.376260778533864,0,0,5.376260778533864
5624,5.3571515796536255,0,0,5.3571515796536255
5625,5.3571515796536255,0,0,5.3571515796536255
5626,5.7091553763711955,0,1,5.7091553763711955
5627,5.766116781887898,0,1,5.766116781887898
5628,5.765759860922782,0,1,5.765759860922782
5629,5.99513336678746,0,1,5.99513336678746
5630,5.791937405600491,0,1,5.791937405600491
5631,5.792197349908892,0,1,5.792197349908892
5632,5.7911748031043535,0,1,5.7911748031043535
5633,5.791002732403305,0,1,5.791002732403305
5634,5.791616757453484,0,1,5.791616757453484
5635,5.812213936779765,0,1,5.812213936779765
5636,5.813039335864003,0,1,5.813039335864003
5637,5.813688403569498,0,1,5.813688403569498
5638,5.6929867563040775,0,1,5.6929867563040775
5639,5.965475042770104,0,1,5.965475042770104
5640,6.4432689437290644,0,1,6.4432689437290644
5641,6.542337533875052,0,1,6.542337533875052
5642,6.540314983523555,0,1,6.540314983523555
5643,6.540314983523555,0,1,6.540314983523555
5644,6.541486098216057,0,1,6.541486098216057
5645,6.267367808872447,0,1,6.267367808872447
5646,6.268254500922773,0,1,6.268254500922773
5647,6.268141424202654,0,1,6.268141424202654
5648,6.267759104064787,0,1,6.267759104064787
5649,6.135467152051594,0,1,6.135467152051594
5650,4.987771446127425,0,0,4.987771446127425
5651,4.989567061387098,0,0,4.989567061387098
5652,4.957246978018205,0,0,4.957246978018205
5653,4.940501185170699,0,0,4.940501185170699
5654,4.940525284014614,0,0,4.940525284014614
5655,4.9413562853952255,0,0,4.9413562853952255
5656,4.942059238960175,0,0,4.942059238960175
5657,4.941886124199668,0,0,4.941886124199668
5658,4.941613032868607,0,0,4.941613032868607
5659,4.964452835138606,0,0,4.964452835138606
5660,4.964452835138606,0,0,4.964452835138606
5661,4.964452835138606,0,0,4.964452835138606
5662,4.964661162593222,0,0,4.964661162593222
5663,4.964661162593222,0,0,4.964661162593222
5664,4.964742433320574,0,0,4.964742433320574
5665,4.700997865777794,0,0,4.700997865777794
5666,4.700836147550939,0,0,4.700836147550939
5667,4.70149431142944,0,0,4.70149431142944
5668,4.975613903781312,0,0,4.975613903781312
5669,4.975610899160748,0,0,4.975610899160748
5670,4.976352991830325,0,0,4.976352991830325
5671,4.5762200099732135,0,0,4.5762200099732135
5672,4.5762200099732135,0,0,4.5762200099732135
5673,4.5762200099732135,0,0,4.5762200099732135
5674,4.576220009973213,0,0,4.576220009973213
5675,4.576220009973213,0,0,4.576220009973213
5676,4.330626257976556,0,0,4.330626257976556
5677,4.362554044081717,0,0,4.362554044081717
5678,4.362554044081717,0,0,4.362554044081717
5679,4.35594655248112,0,0,4.35594655248112
5680,4.35594655248112,0,0,4.35594655248112
5681,3.936776774167396,0,0,3.936776774167396
5682,3.8815595391251323,0,0,3.8815595391251323
5683,3.881502559757879,0,0,3.881502559757879
5684,3.881502559757879,0,0,3.881502559757879
5685,3.8301778853519934,0,0,3.8301778853519934
5686,3.920143539240809,0,0,3.920143539240809
5687,3.9217495880814783,0,0,3.9217495880814783
5688,3.9217495880814797,0,0,3.9217495880814797
5689,3.395626363462777,0,0,3.395626363462777
5690,2.2425965809203907,0,0,2.2425965809203907
5691,2.028675650317,0,0,2.028675650317
5692,1.74331564752948,0,0,1.74331564752948
5693,1.74331564752948,0,0,1.74331564752948
5694,2.068177910856556,0,0,2.068177910856556
5695,2.223767872232585,0,0,2.223767872232585
5696,2.223767872232585,0,0,2.223767872232585
5697,2.223767872232585,0,0,2.223767872232585
5698,2.223767872232585,0,0,2.223767872232585
5699,1.6711798462062957,0,0,1.6711798462062957
5700,0.8151664797369836,0,0,0.8151664797369836
5701,0.8151664797369836,0,0,0.8151664797369836
5702,0.8151664797369836,0,0,0.8151664797369836
5703,0.8153011588778554,0,0,0.8153011588778554
5704,0.8530226564662515,0,0,0.8530226564662515
5705,0.8530226564662515,0,0,0.8530226564662515
5706,0.8530226564662515,0,0,0.8530226564662515
5707,1.5476076177848326,0,0,1.5476076177848326
5708,1.5476076177848326,0,0,1.5476076177848326
5709,1.725232703369008,0,0,1.725232703369008
5710,1.725232703369008,0,0,1.725232703369008
5711,1.725232703369008,0,0,1.725232703369008
5712,2.0621176190852872,0,0,2.0621176190852872
5713,2.2321524377196753,0,0,2.2321524377196753
5714,2.2321524377196753,0,0,2.2321524377196753
5715,2.522862107357483,0,0,2.522862107357483
5716,2.523386413243863,0,0,2.523386413243863
5717,2.78547497511926,0,0,2.78547497511926
5718,2.450692519145794,0,0,2.450692519145794
5719,2.450692519145794,0,0,2.450692519145794
5720,2.450692519145794,0,0,2.450692519145794
5721,2.4509031016563467,0,0,2.4509031016563467
5722,2.4509031016563467,0,0,2.4509031016563467
5723,2.4509031016563467,0,0,2.4509031016563467
5724,2.4509031016563467,0,0,2.4509031016563467
5725,2.4509031016563494,0,0,2.4509031016563494
5726,3.85678314608418,0,0,3.85678314608418
5727,3.9623173044789146,0,0,3.9623173044789146
5728,3.9623173044789146,0,0,3.9623173044789146
5729,4.074781949958976,0,0,4.074781949958976
5730,4.074781949958976,0,0,4.074781949958976
5731,4.074781949958976,0,0,4.074781949958976
5732,4.0859296864319505,0,0,4.0859296864319505
5733,4.0859296864319505,0,0,4.0859296864319505
5734,4.0859296864319505,0,0,4.0859296864319505
5735,4.0859296864319505,0,0,4.0859296864319505
5736,3.8543451710252166,0,0,3.8543451710252166
5737,3.6750105276726823,0,0,3.6750105276726823
5738,3.6747861752253175,0,0,3.6747861752253175
5739,3.6747861752253175,0,0,3.6747861752253175
5740,3.6747861752253175,0,0,3.6747861752253175
5741,3.6747861752253175,0,0,3.6747861752253175
5742,3.674560420612181,0,0,3.674560420612181
5743,3.670195253299257,0,0,3.670195253299257
5744,3.3545293092326913,0,0,3.3545293092326913
5745,3.27836368665498,0,0,3.27836368665498
5746,3.25995793422189,0,0,3.25995793422189
5747,2.8326659100962672,0,0,2.8326659100962672
5748,2.8326659100962672,0,0,2.8326659100962672
5749,2.8326659100962672,0,0,2.8326659100962672
5750,2.832261853963088,0,0,2.832261853963088
5751,2.832261853963088,0,0,2.832261853963088
5752,2.832261853963088,0,0,2.832261853963088
5753,2.6785258241913095,0,0,2.6785258241913095
5754,1.8633249144214195,0,0,1.8633249144214195
5755,1.5877849243772812,0,0,1.5877849243772812
5756,1.4319695569979913,0,0,1.4319695569979913
5757,1.1565233394033876,0,0,1.1565233394033876
5758,1.1565233394033876,0,0,1.1565233394033876
5759,1.1159128159464775,0,0,1.1159128159464775
5760,1.2636043830626982,0,0,1.2636043830626982
5761,0.013127865030320186,1,0,0.013127865030320186
5762,0.013216421213741732,1,0,0.013216421213741732
5763,0.013231617001710874,1,0,0.013231617001710874
5764,0.017172504593073897,1,0,0.017172504593073897
5765,0.01915522969413363,1,0,0.01915522969413363
5766,0.02036432541525592,1,0,0.02036432541525592
5767,0.020062712450308287,1,0,0.020062712450308287
5768,0.02006271244975491,1,0,0.02006271244975491
5769,0.020737129227217363,1,0,0.020737129227217363
5770,0.020736184864846102,1,0,0.020736184864846102
5771,0.020995714854916813,1,0,0.020995714854916813
5772,0.021170945486197017,1,0,0.021170945486197017
5773,0.021267520512376577,1,0,0.021267520512376577
5774,0.021267520512376577,1,0,0.021267520512376577
5775,0.021267520512376577,1,0,0.021267520512376577
5776,0.021608413958948365,1,0,0.021608413958948365
5777,0.02277366847746776,1,0,0.02277366847746776
5778,0.02277366847746776,1,0,0.02277366847746776
5779,0.02277608045601114,1,0,0.02277608045601114
5780,0.02277608045601114,1,0,0.02277608045601114
5781,0.023028181858706104,1,0,0.023028181858706104
5782,0.023998583682476437,1,0,0.023998583682476437
5783,0.02395992868108389,1,0,0.02395992868108389
5784,0.02439081517050975,1,0,0.02439081517050975
5785,0.02439081517050975,1,0,0.02439081517050975
5786,0.024482170440661883,1,0,0.024482170440661883
5787,0.023974381467846802,1,0,0.023974381467846802
5788,0.023974381467846802,1,0,0.023974381467846802
5789,0.02650114838700291,1,0,0.02650114838700291
5790,0.02650114838700291,1,0,0.02650114838700291
5791,0.026220140878278956,1,0,0.026220140878278956
5792,0.026220140878278956,1,0,0.026220140878278956
5793,0.026295919667236958,1,0,0.026295919667236958
5794,0.026406663154282247,1,0,0.026406663154282247
5795,0.02640666315470268,1,0,0.02640666315470268
5796,0.02642918967182697,1,0,0.02642918967182697
5797,0.025417368145564147,1,0,0.025417368145564147
5798,0.02539180893687617,1,0,0.02539180893687617
5799,0.025968612274244973,1,0,0.025968612274244973
5800,0.02604747946580502,1,0,0.02604747946580502
5801,0.026019453574001084,1,0,0.026019453574001084
5802,0.02562446418878115,1,0,0.02562446418878115
5803,0.02562446418878115,1,0,0.02562446418878115
5804,0.025721182789440862,1,0,0.025721182789440862
5805,0.025721182789440862,1,0,0.025721182789440862
5806,0.025721182789440862,1,0,0.025721182789440862
5807,0.025676669905502623,1,0,0.025676669905502623
5808,0.025701512647177287,1,0,0.025701512647177287
5809,0.025701512647177287,1,0,0.025701512647177287
5810,0.025700714946977753,1,0,0.025700714946977753
5811,6.15798173369298,0,1,6.15798173369298
5812,6.120698082355048,0,1,6.120698082355048
5813,6.118269849845621,0,1,6.118269849845621
5814,6.114735415855758,0,1,6.114735415855758
5815,5.590853924312786,0,1,5.590853924312786
5816,5.153241602564934,0,0,5.153241602564934
5817,5.052592783707428,0,0,5.052592783707428
5818,5.052592783707428,0,0,5.052592783707428
5819,5.052287902048252,0,0,5.052287902048252
5820,5.051982488947636,0,0,5.051982488947636
5821,5.051982488947636,0,0,5.051982488947636
5822,6.006544308232733,0,1,6.006544308232733
5823,5.9296395028378726,0,1,5.9296395028378726
5824,4.769111499057376,0,0,4.769111499057376
5825,5.082434828870389,0,0,5.082434828870389
5826,5.082479797127234,0,0,5.082479797127234
5827,4.83373251224557,0,0,4.83373251224557
5828,4.833732512245569,0,0,4.833732512245569
5829,5.229425197871259,0,0,5.229425197871259
5830,5.146079378411665,0,0,5.146079378411665
5831,4.8942124587984654,0,0,4.8942124587984654
5832,4.503057124184176,0,0,4.503057124184176
5833,4.4779139437885425,0,0,4.4779139437885425
5834,4.243947151825163,0,0,4.243947151825163
5835,4.369496014904286,0,0,4.369496014904286
5836,4.3693867953538055,0,0,4.3693867953538055
5837,4.3693867953538055,0,0,4.3693867953538055
5838,4.369706413421064,0,0,4.369706413421064
5839,4.187062298922949,0,0,4.187062298922949
5840,4.180091646009783,0,0,4.180091646009783
5841,4.1916400278303785,0,0,4.1916400278303785
5842,4.188779603289863,0,0,4.188779603289863
5843,4.3810666921502275,0,0,4.3810666921502275
5844,4.300624831546825,0,0,4.300624831546825
5845,4.298769558781192,0,0,4.298769558781192
5846,4.250410223791515,0,0,4.250410223791515
5847,4.16548222658077,0,0,4.16548222658077
5848,4.151602884132792,0,0,4.151602884132792
5849,3.834658301236921,0,0,3.834658301236921
5850,3.8314444272224795,0,0,3.8314444272224795
5851,3.8183918615989954,0,0,3.8183918615989954
5852,4.7069211114675005,0,0,4.7069211114675005
5853,4.7069211114675005,0,0,4.7069211114675005
5854,4.7069211114675005,0,0,4.7069211114675005
5855,4.7069211114675005,0,0,4.7069211114675005
5856,4.5984045862701,0,0,4.5984045862701
5857,4.6072611769101135,0,0,4.6072611769101135
5858,4.454356561276879,0,0,4.454356561276879
5859,4.920165563084659,0,0,4.920165563084659
5860,4.920165563084659,0,0,4.920165563084659
5861,4.920165563084659,0,0,4.920165563084659
5862,4.920165563084659,0,0,4.920165563084659
5863,4.3790332302240165,0,0,4.3790332302240165
5864,4.379033230224021,0,0,4.379033230224021
5865,4.379054953155166,0,0,4.379054953155166
5866,4.601042372520544,0,0,4.601042372520544
5867,4.5628207168409265,0,0,4.5628207168409265
5868,4.5628207168409265,0,0,4.5628207168409265
5869,4.5628207168409265,0,0,4.5628207168409265
5870,4.5628207168409265,0,0,4.5628207168409265
5871,4.594892609257348,0,0,4.594892609257348
5872,4.59489260925735,0,0,4.59489260925735
5873,4.594952842159753,0,0,4.594952842159753
5874,4.997730087721497,0,0,4.997730087721497
5875,5.231350745649833,0,0,5.231350745649833
5876,5.230184568007433,0,0,5.230184568007433
5877,5.22919482198713,0,0,5.22919482198713
5878,5.301859802937292,0,0,5.301859802937292
5879,5.301859802937292,0,0,5.301859802937292
5880,5.301859802937292,0,0,5.301859802937292
5881,5.3019724722020385,0,0,5.3019724722020385
5882,5.800380910813958,0,1,5.800380910813958
5883,5.6371300422726165,0,1,5.6371300422726165
5884,5.6389545412257425,0,1,5.6389545412257425
5885,5.694965662288238,0,1,5.694965662288238
5886,5.694967214758369,0,1,5.694967214758369
5887,5.201885323190075,0,0,5.201885323190075
5888,5.201885323190075,0,0,5.201885323190075
5889,5.201885323190075,0,0,5.201885323190075
5890,5.414552585593132,0,0,5.414552585593132
5891,5.414552585593131,0,0,5.414552585593131
5892,5.414552585593133,0,0,5.414552585593133
5893,5.274408046672049,0,0,5.274408046672049
5894,5.1812403881026,0,0,5.1812403881026
5895,4.668756225379413,0,0,4.668756225379413
5896,4.668972316581616,0,0,4.668972316581616
5897,4.668972316581618,0,0,4.668972316581618
5898,4.74679653354232,0,0,4.74679653354232
5899,4.280436383647778,0,0,4.280436383647778
5900,4.280436383647781,0,0,4.280436383647781
5901,4.280436383647781,0,0,4.280436383647781
5902,4.038328537598502,0,0,4.038328537598502
5903,4.038328537598502,0,0,4.038328537598502
5904,4.032200026939313,0,0,4.032200026939313
5905,4.038328537598502,0,0,4.038328537598502
5906,4.038328537598502,0,0,4.038328537598502
5907,4.33277849204671,0,0,4.33277849204671
5908,4.302270878650106,0,0,4.302270878650106
5909,4.058105806701424,0,0,4.058105806701424
5910,4.058105806701424,0,0,4.058105806701424
5911,4.0641637978240155,0,0,4.0641637978240155
5912,4.058105806701424,0,0,4.058105806701424
5913,4.058105806701424,0,0,4.058105806701424
5914,4.0641637978240155,0,0,4.0641637978240155
5915,4.395201762545922,0,0,4.395201762545922
5916,4.176723764742762,0,0,4.176723764742762
5917,4.176659958297727,0,0,4.176659958297727
5918,4.17542784981634,0,0,4.17542784981634
5919,4.185829874074476,0,0,4.185829874074476
5920,4.185829874074476,0,0,4.185829874074476
5921,4.185829874074476,0,0,4.185829874074476
5922,3.86892694035482,0,0,3.86892694035482
5923,3.875226080674333,0,0,3.875226080674333
5924,3.6116345626241273,0,0,3.6116345626241273
5925,3.6116345626241273,0,0,3.6116345626241273
5926,3.6116345626241273,0,0,3.6116345626241273
5927,3.8649360949815774,0,0,3.8649360949815774
5928,3.8649360949815805,0,0,3.8649360949815805
5929,3.8649360949815805,0,0,3.8649360949815805
5930,4.11131238207871,0,0,4.11131238207871
5931,3.9816094335060237,0,0,3.9816094335060237
5932,3.5094400937044314,0,0,3.5094400937044314
5933,3.3813277086655202,0,0,3.3813277086655202
5934,3.3813277086655202,0,0,3.3813277086655202
5935,3.8993294841455293,0,0,3.8993294841455293
5936,3.8692565897970947,0,0,3.8692565897970947
5937,3.8692565897970947,0,0,3.8692565897970947
5938,4.347814096374478,0,0,4.347814096374478
5939,4.347814096374478,0,0,4.347814096374478
5940,3.925218003521236,0,0,3.925218003521236
5941,3.9252922908562695,0,0,3.9252922908562695
5942,3.925378808107117,0,0,3.925378808107117
5943,3.925378808107117,0,0,3.925378808107117
5944,3.925307221865392,0,0,3.925307221865392
5945,3.9255820256727976,0,0,3.9255820256727976
5946,4.0257268433752875,0,0,4.0257268433752875
5947,4.0257268433752875,0,0,4.0257268433752875
5948,3.986363364436335,0,0,3.986363364436335
5949,2.6909930553123336,0,0,2.6909930553123336
5950,2.6909930553123336,0,0,2.6909930553123336
5951,2.6909930553123336,0,0,2.6909930553123336
5952,2.6909930553123336,0,0,2.6909930553123336
5953,2.7785531204785148,0,0,2.7785531204785148
5954,2.8484541864089232,0,0,2.8484541864089232
5955,2.8484541864089232,0,0,2.8484541864089232
5956,2.8484541864089232,0,0,2.8484541864089232
5957,3.0151827855397415,0,0,3.0151827855397415
5958,3.0148552498913066,0,0,3.0148552498913066
5959,3.01485524989131,0,0,3.01485524989131
5960,3.01485524989131,0,0,3.01485524989131
5961,3.015117241966931,0,0,3.015117241966931
5962,2.865558286017957,0,0,2.865558286017957
5963,3.777936048878611,0,0,3.777936048878611
5964,3.7779356618880877,0,0,3.7779356618880877
5965,2.7377316281487807,0,0,2.7377316281487807
5966,2.7377316281487807,0,0,2.7377316281487807
5967,2.7377316281487807,0,0,2.7377316281487807
5968,2.737731628148785,0,0,2.737731628148785
5969,2.7379317074618217,0,0,2.7379317074618217
5970,2.54013095321737,0,0,2.54013095321737
5971,2.434243665434443,0,0,2.434243665434443
5972,1.8707354677556387,0,0,1.8707354677556387
5973,1.5468870595073578,0,0,1.5468870595073578
5974,1.5468870595073578,0,0,1.5468870595073578
5975,1.5468870595073578,0,0,1.5468870595073578
5976,1.5468870595073578,0,0,1.5468870595073578
5977,1.5468870595073578,0,0,1.5468870595073578
5978,2.4028407473153437,0,0,2.4028407473153437
5979,2.403401784722512,0,0,2.403401784722512
5980,1.5421748362378236,0,0,1.5421748362378236
5981,2.4099933984470834,0,0,2.4099933984470834
5982,2.4099933984470834,0,0,2.4099933984470834
5983,2.4099933984470834,0,0,2.4099933984470834
5984,2.4099933984470834,0,0,2.4099933984470834
5985,1.7222361884967399,0,0,1.7222361884967399
5986,2.2789721267186516,0,0,2.2789721267186516
5987,2.59740931034957,0,0,2.59740931034957
5988,2.031679195514499,0,0,2.031679195514499
5989,2.031679195514499,0,0,2.031679195514499
5990,2.031872633180696,0,0,2.031872633180696
5991,2.031872633180696,0,0,2.031872633180696
5992,2.031872633180696,0,0,2.031872633180696
5993,2.031872633180696,0,0,2.031872633180696
5994,1.9960279883792225,0,0,1.9960279883792225
5995,1.9959500719211984,0,0,1.9959500719211984
5996,2.143995576998317,0,0,2.143995576998317
5997,2.1439955769983143,0,0,2.1439955769983143
5998,2.1439955769983143,0,0,2.1439955769983143
5999,2.1439955769983143,0,0,2.1439955769983143
6000,2.1439955769983143,0,0,2.1439955769983143
6001,2.144072212076353,0,0,2.144072212076353
6002,2.568517441388483,0,0,2.568517441388483
6003,2.568517441388483,0,0,2.568517441388483
6004,2.725043401370067,0,0,2.725043401370067
6005,2.725043401370067,0,0,2.725043401370067
6006,2.980193994994456,0,0,2.980193994994456
6007,2.980193994994456,0,0,2.980193994994456
6008,3.3670144630392302,0,0,3.3670144630392302
6009,3.3670144630392302,0,0,3.3670144630392302
6010,3.717199046813854,0,0,3.717199046813854
6011,3.717131015564223,0,0,3.717131015564223
6012,3.931834129101363,0,0,3.931834129101363
6013,3.931834129101363,0,0,3.931834129101363
6014,3.931834129101363,0,0,3.931834129101363
6015,3.931834129101363,0,0,3.931834129101363
6016,4.340491933834448,0,0,4.340491933834448
6017,4.515914000236449,0,0,4.515914000236449
6018,4.923450581677678,0,0,4.923450581677678
6019,5.280649503176703,0,0,5.280649503176703
6020,4.852583037952367,0,0,4.852583037952367
6021,4.852583037952367,0,0,4.852583037952367
6022,4.852583037952367,0,0,4.852583037952367
6023,4.852583037952367,0,0,4.852583037952367
6024,4.852583037952367,0,0,4.852583037952367
6025,4.347814096374478,0,0,4.347814096374478
6026,4.347814096374478,0,0,4.347814096374478
6027,3.925218003521236,0,0,3.925218003521236
6028,3.9252922908562695,0,0,3.9252922908562695
6029,3.925378808107117,0,0,3.925378808107117
6030,3.925378808107117,0,0,3.925378808107117
6031,3.925307221865392,0,0,3.925307221865392
6032,3.9255820256727976,0,0,3.9255820256727976
6033,4.394858078113709,0,0,4.394858078113709
6034,4.394858078113709,0,0,4.394858078113709
6035,4.504201733842409,0,0,4.504201733842409
6036,5.048867812313017,0,0,5.048867812313017
6037,4.708089728775716,0,0,4.708089728775716
6038,5.373493871092055,0,0,5.373493871092055
6039,5.372280887503915,0,0,5.372280887503915
6040,5.372280887503915,0,0,5.372280887503915
6041,5.370536692210606,0,0,5.370536692210606
6042,5.370977710127053,0,0,5.370977710127053
6043,5.370977710127053,0,0,5.370977710127053
6044,5.956774089547494,0,1,5.956774089547494
6045,5.9616063238314165,0,1,5.9616063238314165
6046,5.978539925321319,0,1,5.978539925321319
6047,5.835674911942341,0,1,5.835674911942341
6048,5.838416801547983,0,1,5.838416801547983
6049,5.838416801547982,0,1,5.838416801547982
6050,5.52045833562712,0,0,5.52045833562712
6051,5.519835113915715,0,0,5.519835113915715
6052,5.442928968279844,0,0,5.442928968279844
6053,5.366820667064926,0,0,5.366820667064926
6054,5.368033448574192,0,0,5.368033448574192
6055,5.176343511040361,0,0,5.176343511040361
6056,5.163198794326437,0,0,5.163198794326437
6057,5.106376561529001,0,0,5.106376561529001
6058,4.925566704310618,0,0,4.925566704310618
6059,4.809410738519137,0,0,4.809410738519137
6060,4.600328686879833,0,0,4.600328686879833
6061,4.577668262495914,0,0,4.577668262495914
6062,4.604332293789313,0,0,4.604332293789313
6063,4.291062811520104,0,0,4.291062811520104
6064,4.291062811520104,0,0,4.291062811520104
6065,4.445590275538379,0,0,4.445590275538379
6066,4.4415006796144665,0,0,4.4415006796144665
6067,4.325550251327382,0,0,4.325550251327382
6068,4.204811327750482,0,0,4.204811327750482
6069,4.204811327750482,0,0,4.204811327750482
6070,4.061228874297479,0,0,4.061228874297479
6071,3.9483224920785958,0,0,3.9483224920785958
6072,3.948797622206868,0,0,3.948797622206868
6073,3.948797622206868,0,0,3.948797622206868
6074,3.9629787439807367,0,0,3.9629787439807367
6075,3.6462967325530142,0,0,3.6462967325530142
6076,3.234231148104293,0,0,3.234231148104293
6077,3.870433223633988,0,0,3.870433223633988
6078,3.5706293748341333,0,0,3.5706293748341333
6079,3.5706293748341333,0,0,3.5706293748341333
6080,3.5706293748341333,0,0,3.5706293748341333
6081,3.5759642356127803,0,0,3.5759642356127803
6082,3.9267198992145893,0,0,3.9267198992145893
6083,3.9267198992145893,0,0,3.9267198992145893
6084,3.908230921410107,0,0,3.908230921410107
6085,4.018427410222045,0,0,4.018427410222045
6086,4.017829146238493,0,0,4.017829146238493
6087,4.017539974760019,0,0,4.017539974760019
6088,4.063700687991,0,0,4.063700687991
6089,4.0979465875265415,0,0,4.0979465875265415
6090,4.098302850088156,0,0,4.098302850088156
6091,4.170648360399508,0,0,4.170648360399508
6092,4.110670274882525,0,0,4.110670274882525
6093,4.110670274882525,0,0,4.110670274882525
6094,4.559767752714946,0,0,4.559767752714946
6095,4.556826972597596,0,0,4.556826972597596
6096,4.888391652384633,0,0,4.888391652384633
6097,5.041800008288734,0,0,5.041800008288734
6098,5.331921292866941,0,0,5.331921292866941
6099,5.331921292866941,0,0,5.331921292866941
6100,5.4655739657262155,0,0,5.4655739657262155
6101,5.58673586251167,0,1,5.58673586251167
6102,5.684350466851153,0,1,5.684350466851153
6103,5.884257578422937,0,1,5.884257578422937
6104,5.884038653817204,0,1,5.884038653817204
6105,5.769856833458119,0,1,5.769856833458119
6106,5.153891519902879,0,0,5.153891519902879
6107,5.153495395274125,0,0,5.153495395274125
6108,5.153495395274126,0,0,5.153495395274126
6109,4.523094150316773,0,0,4.523094150316773
6110,4.523002811134626,0,0,4.523002811134626
6111,4.523002811134626,0,0,4.523002811134626
6112,2.9342691418569,0,0,2.9342691418569
6113,2.9341464075267303,0,0,2.9341464075267303
6114,2.9341464075267303,0,0,2.9341464075267303
6115,1.3563520542003094,0,0,1.3563520542003094
6116,1.356352054200293,0,0,1.356352054200293
6117,1.0198378270687065,0,0,1.0198378270687065
6118,0.8114778861461608,0,0,0.8114778861461608
6119,3.7792575997565745,0,0,3.7792575997565745
6120,3.778806699209377,0,0,3.778806699209377
6121,3.780938480151725,0,0,3.780938480151725
6122,3.0894870670438626,0,0,3.0894870670438626
6123,3.0897488823128363,0,0,3.0897488823128363
6124,3.0897488823128327,0,0,3.0897488823128327
6125,3.2654711513455283,0,0,3.2654711513455283
6126,3.2654711513455283,0,0,3.2654711513455283
6127,3.2654711513455283,0,0,3.2654711513455283
6128,3.2654711513455283,0,0,3.2654711513455283
6129,4.046962705692493,0,0,4.046962705692493
6130,4.0468964539790715,0,0,4.0468964539790715
6131,4.555427982636508,0,0,4.555427982636508
6132,4.2259105502504335,0,0,4.2259105502504335
6133,4.2259105502504335,0,0,4.2259105502504335
6134,4.23109032460474,0,0,4.23109032460474
6135,4.23109032460474,0,0,4.23109032460474
6136,4.2259105502504335,0,0,4.2259105502504335
6137,4.468708612983796,0,0,4.468708612983796
6138,4.468708612983796,0,0,4.468708612983796
6139,4.469214456907693,0,0,4.469214456907693
6140,4.4696211072309815,0,0,4.4696211072309815
6141,4.4696211072309815,0,0,4.4696211072309815
6142,3.957158789226475,0,0,3.957158789226475
6143,3.9625948644195126,0,0,3.9625948644195126
6144,3.957158789226475,0,0,3.957158789226475
6145,4.133117820718083,0,0,4.133117820718083
6146,4.139000929487399,0,0,4.139000929487399
6147,4.139000929487399,0,0,4.139000929487399
6148,4.134801884018744,0,0,4.134801884018744
6149,4.180260821834369,0,0,4.180260821834369
6150,4.180260821834366,0,0,4.180260821834366
6151,4.1802608218343655,0,0,4.1802608218343655
6152,3.767274949802455,0,0,3.767274949802455
6153,3.814285943921984,0,0,3.814285943921984
6154,3.814285943921984,0,0,3.814285943921984
6155,3.9187701807806152,0,0,3.9187701807806152
6156,3.918770180780614,0,0,3.918770180780614
6157,4.070938295909677,0,0,4.070938295909677
6158,4.070938295909678,0,0,4.070938295909678
6159,4.070938295909678,0,0,4.070938295909678
6160,4.070938295909678,0,0,4.070938295909678
6161,4.114474450679837,0,0,4.114474450679837
6162,3.80340477813629,0,0,3.80340477813629
6163,3.66616430324315,0,0,3.66616430324315
6164,3.666164303243153,0,0,3.666164303243153
6165,4.155618294209807,0,0,4.155618294209807
6166,4.15437430752874,0,0,4.15437430752874
6167,4.135985459421502,0,0,4.135985459421502
6168,4.1263338098072095,0,0,4.1263338098072095
6169,5.116406931457281,0,0,5.116406931457281
6170,5.116406931457281,0,0,5.116406931457281
6171,5.269406713601666,0,0,5.269406713601666
6172,5.222364287121713,0,0,5.222364287121713
6173,5.719595745329237,0,1,5.719595745329237
6174,5.470338495044168,0,0,5.470338495044168
6175,5.460153477046465,0,0,5.460153477046465
6176,5.576861630395028,0,1,5.576861630395028
6177,5.576861630395028,0,1,5.576861630395028
6178,5.576861630395028,0,1,5.576861630395028
6179,5.576861630395028,0,1,5.576861630395028
6180,5.576861630395028,0,1,5.576861630395028
6181,4.883768424490899,0,0,4.883768424490899
6182,4.883768424490902,0,0,4.883768424490902
6183,4.627624768882492,0,0,4.627624768882492
6184,4.62762476888249,0,0,4.62762476888249
6185,4.62762476888249,0,0,4.62762476888249
6186,4.62762476888249,0,0,4.62762476888249
6187,4.329562890090863,0,0,4.329562890090863
6188,4.329562890090863,0,0,4.329562890090863
6189,4.304445186012257,0,0,4.304445186012257
6190,4.304445186012257,0,0,4.304445186012257
6191,4.175556226022755,0,0,4.175556226022755
6192,4.063372557142138,0,0,4.063372557142138
6193,4.063372557142138,0,0,4.063372557142138
6194,4.063372557142138,0,0,4.063372557142138
6195,3.54378215657871,0,0,3.54378215657871
6196,3.54378215657871,0,0,3.54378215657871
6197,3.54378215657871,0,0,3.54378215657871
6198,2.1162430864336006,0,0,2.1162430864336006
6199,1.580543651351053,0,0,1.580543651351053
6200,1.58054365135106,0,0,1.58054365135106
6201,2.349677165264721,0,0,2.349677165264721
6202,2.349677165264721,0,0,2.349677165264721
6203,2.219814284590187,0,0,2.219814284590187
6204,2.2198832619304034,0,0,2.2198832619304034
6205,2.2198832619304034,0,0,2.2198832619304034
6206,2.1184566131673295,0,0,2.1184566131673295
6207,0.49771445729281544,0,0,0.49771445729281544
6208,0.938132043315911,0,0,0.938132043315911
6209,0.93852596537318,0,0,0.93852596537318
6210,1.253155397292641,0,0,1.253155397292641
6211,1.2531553972926543,0,0,1.2531553972926543
6212,1.2531553972926543,0,0,1.2531553972926543
6213,1.2531553972926543,0,0,1.2531553972926543
6214,1.2531553972926543,0,0,1.2531553972926543
6215,1.3433614023938616,0,0,1.3433614023938616
6216,1.3433614023938616,0,0,1.3433614023938616
6217,1.3433614023938616,0,0,1.3433614023938616
6218,1.3433577086121609,0,0,1.3433577086121609
6219,1.2957105695090017,0,0,1.2957105695090017
6220,1.2957105695090017,0,0,1.2957105695090017
6221,1.2957105695090017,0,0,1.2957105695090017
6222,1.2957105695090017,0,0,1.2957105695090017
6223,1.2957105695090017,0,0,1.2957105695090017
6224,1.026363269826864,0,0,1.026363269826864
6225,1.026363269826864,0,0,1.026363269826864
6226,1.026363269826864,0,0,1.026363269826864
6227,1.026363269826864,0,0,1.026363269826864
6228,1.3375219778105083,0,0,1.3375219778105083
6229,2.1533779268304882,0,0,2.1533779268304882
6230,2.1534128813222977,0,0,2.1534128813222977
6231,2.1534128813222977,0,0,2.1534128813222977
6232,2.153445727032146,0,0,2.153445727032146
6233,1.6411472104282308,0,0,1.6411472104282308
6234,2.8043992645342053,0,0,2.8043992645342053
6235,2.8043992645342053,0,0,2.8043992645342053
6236,2.6100049437090362,0,0,2.6100049437090362
6237,2.6100049437090362,0,0,2.6100049437090362
6238,2.6100049437090322,0,0,2.6100049437090322
6239,2.9226975995515354,0,0,2.9226975995515354
6240,2.9226975995515354,0,0,2.9226975995515354
6241,2.922697599551537,0,0,2.922697599551537
6242,2.025505272479517,0,0,2.025505272479517
6243,2.025505272479517,0,0,2.025505272479517
6244,2.0255052724795117,0,0,2.0255052724795117
6245,2.0255052724795117,0,0,2.0255052724795117
6246,2.0255052724795037,0,0,2.0255052724795037
6247,4.2912870720822704,0,0,4.2912870720822704
6248,4.448833794585078,0,0,4.448833794585078
6249,4.5222700702310705,0,0,4.5222700702310705
6250,4.5222700702310705,0,0,4.5222700702310705
6251,3.963790752761118,0,0,3.963790752761118
6252,4.107515137370948,0,0,4.107515137370948
6253,4.107515137370947,0,0,4.107515137370947
6254,4.107241057381115,0,0,4.107241057381115
6255,3.9915794595597083,0,0,3.9915794595597083
6256,3.9921910742742357,0,0,3.9921910742742357
6257,3.9921910742742357,0,0,3.9921910742742357
6258,3.8933069341006075,0,0,3.8933069341006075
6259,3.8933069341006075,0,0,3.8933069341006075
6260,3.4921407428114484,0,0,3.4921407428114484
6261,3.3618901653046387,0,0,3.3618901653046387
6262,3.361890165304637,0,0,3.361890165304637
6263,3.429396410872488,0,0,3.429396410872488
6264,3.5432481242582226,0,0,3.5432481242582226
6265,3.5432481242582226,0,0,3.5432481242582226
6266,3.5432481242582226,0,0,3.5432481242582226
6267,3.543467754185821,0,0,3.543467754185821
6268,3.543467754185821,0,0,3.543467754185821
6269,3.7742970061062513,0,0,3.7742970061062513
6270,3.6329280810876563,0,0,3.6329280810876563
6271,3.6797643627854177,0,0,3.6797643627854177
6272,3.679820536788711,0,0,3.679820536788711
6273,3.5694976517054893,0,0,3.5694976517054893
6274,3.5694976517054924,0,0,3.5694976517054924
6275,3.5694976517054924,0,0,3.5694976517054924
6276,3.5694976517054924,0,0,3.5694976517054924
6277,3.5694976517054924,0,0,3.5694976517054924
6278,3.3516635876533893,0,0,3.3516635876533893
6279,2.261428578093785,0,0,2.261428578093785
6280,4.203753746746412,0,0,4.203753746746412
6281,3.9469187684664644,0,0,3.9469187684664644
6282,3.9469689464239996,0,0,3.9469689464239996
6283,3.9469689464239996,0,0,3.9469689464239996
6284,3.9469689464240023,0,0,3.9469689464240023
6285,3.9469187684664684,0,0,3.9469187684664684
6286,3.9469187684664684,0,0,3.9469187684664684
6287,4.268058729819102,0,0,4.268058729819102
6288,4.268058729819102,0,0,4.268058729819102
6289,4.677463753138255,0,0,4.677463753138255
6290,4.834183305147537,0,0,4.834183305147537
6291,4.834183305147537,0,0,4.834183305147537
6292,4.834183305147539,0,0,4.834183305147539
6293,4.69903801661534,0,0,4.69903801661534
6294,4.69903801661534,0,0,4.69903801661534
6295,4.69903801661534,0,0,4.69903801661534
6296,5.0283046845940245,0,0,5.0283046845940245
6297,5.451002863588674,0,0,5.451002863588674
6298,5.450649826997237,0,0,5.450649826997237
6299,5.450649826997238,0,0,5.450649826997238
6300,5.43087297445518,0,0,5.43087297445518
6301,5.4308729744551805,0,0,5.4308729744551805
6302,5.299477590153011,0,0,5.299477590153011
6303,5.299477590153011,0,0,5.299477590153011
6304,5.1521485049221125,0,0,5.1521485049221125
6305,4.788544347361375,0,0,4.788544347361375
6306,4.788544347361375,0,0,4.788544347361375
6307,4.788544347361375,0,0,4.788544347361375
6308,4.788544347361375,0,0,4.788544347361375
6309,4.459229762226203,0,0,4.459229762226203
6310,4.460261760053051,0,0,4.460261760053051
6311,4.460261760053051,0,0,4.460261760053051
6312,4.257135694357542,0,0,4.257135694357542
6313,3.9040243849278613,0,0,3.9040243849278613
6314,3.8395629666658766,0,0,3.8395629666658766
6315,3.9177933145121595,0,0,3.9177933145121595
6316,3.9177933145121595,0,0,3.9177933145121595
6317,4.686076463961322,0,0,4.686076463961322
6318,5.348623968011609,0,0,5.348623968011609
6319,5.348623968011609,0,0,5.348623968011609
6320,5.348623968011609,0,0,5.348623968011609
6321,5.477668436860964,0,0,5.477668436860964
6322,5.477413154284911,0,0,5.477413154284911
6323,5.3165334209648565,0,0,5.3165334209648565
6324,5.3165334209648565,0,0,5.3165334209648565
6325,5.022958931568321,0,0,5.022958931568321
6326,5.273118373898729,0,0,5.273118373898729
6327,5.272796338896814,0,0,5.272796338896814
6328,5.272796338896812,0,0,5.272796338896812
6329,4.594151622877789,0,0,4.594151622877789
6330,3.028227021237244,0,0,3.028227021237244
6331,3.0314208277750088,0,0,3.0314208277750088
6332,3.0314208277750088,0,0,3.0314208277750088
6333,3.9715933897398394,0,0,3.9715933897398394
6334,3.971836454282537,0,0,3.971836454282537
6335,3.9878830700910597,0,0,3.9878830700910597
6336,4.424783328057273,0,0,4.424783328057273
6337,4.424783328057273,0,0,4.424783328057273
6338,4.424783328057273,0,0,4.424783328057273
6339,4.306737835044079,0,0,4.306737835044079
6340,4.33269263354294,0,0,4.33269263354294
6341,4.128810911535025,0,0,4.128810911535025
6342,4.006220100849058,0,0,4.006220100849058
6343,4.006220100849058,0,0,4.006220100849058
6344,4.006220100849058,0,0,4.006220100849058
6345,4.005839885159421,0,0,4.005839885159421
6346,3.6470950087416556,0,0,3.6470950087416556
6347,2.3185808483561936,0,0,2.3185808483561936
6348,2.5078278577605744,0,0,2.5078278577605744
6349,2.4416525951725934,0,0,2.4416525951725934
6350,2.443168813527795,0,0,2.443168813527795
6351,2.443168813527795,0,0,2.443168813527795
6352,2.443168813527795,0,0,2.443168813527795
6353,2.443168813527795,0,0,2.443168813527795
6354,2.4417506482248372,0,0,2.4417506482248372
6355,0.6707074212736757,0,0,0.6707074212736757
6356,0.670671965929536,0,0,0.670671965929536
6357,0.6290904341453895,0,0,0.6290904341453895
6358,0.630115148475314,0,0,0.630115148475314
6359,0.6624746079765309,0,0,0.6624746079765309
6360,0.6575125603033543,0,0,0.6575125603033543
6361,0.6574112714772784,0,0,0.6574112714772784
6362,0.6574112714772784,0,0,0.6574112714772784
6363,0.6574112714772784,0,0,0.6574112714772784
6364,0.6574112714772784,0,0,0.6574112714772784
6365,0.8110784521265368,0,0,0.8110784521265368
6366,0.8111785008434564,0,0,0.8111785008434564
6367,0.8625560421274245,0,0,0.8625560421274245
6368,0.8620811125552487,0,0,0.8620811125552487
6369,0.8620811125552487,0,0,0.8620811125552487
6370,0.8620811125552487,0,0,0.8620811125552487
6371,0.8620811125552487,0,0,0.8620811125552487
6372,0.8620811125552487,0,0,0.8620811125552487
6373,0.8761364054493663,0,0,0.8761364054493663
6374,0.8761364054493727,0,0,0.8761364054493727
6375,0.8979649245192769,0,0,0.8979649245192769
6376,0.8971691729303802,0,0,0.8971691729303802
6377,0.8971691729303802,0,0,0.8971691729303802
6378,0.8971691729303864,0,0,0.8971691729303864
6379,0.8971691729303864,0,0,0.8971691729303864
6380,1.5014437503018745,0,0,1.5014437503018745
6381,1.5018967382605484,0,0,1.5018967382605484
6382,1.5018967382605484,0,0,1.5018967382605484
6383,1.5030188905376434,0,0,1.5030188905376434
6384,1.5030188905376434,0,0,1.5030188905376434
6385,1.5030188905376323,0,0,1.5030188905376323
6386,1.5030188905376323,0,0,1.5030188905376323
6387,3.48490544301765,0,0,3.48490544301765
6388,3.9526250781860104,0,0,3.9526250781860104
6389,4.25851887490181,0,0,4.25851887490181
6390,4.460915003394258,0,0,4.460915003394258
6391,4.135158359368419,0,0,4.135158359368419
6392,4.092070672223946,0,0,4.092070672223946
6393,4.092070672223946,0,0,4.092070672223946
6394,4.092070672223946,0,0,4.092070672223946
6395,4.092070672223947,0,0,4.092070672223947
6396,3.9098470914775074,0,0,3.9098470914775074
6397,3.9098470914775074,0,0,3.9098470914775074
6398,3.9098470914775074,0,0,3.9098470914775074
6399,2.7785531204785148,0,0,2.7785531204785148
6400,2.7785531204785086,0,0,2.7785531204785086
6401,2.7785531204785086,0,0,2.7785531204785086
6402,2.7785531204785148,0,0,2.7785531204785148
6403,2.7785531204785148,0,0,2.7785531204785148
6404,2.8484541864089232,0,0,2.8484541864089232
6405,2.8484541864089232,0,0,2.8484541864089232
6406,2.8484541864089232,0,0,2.8484541864089232
6407,2.53224834749567,0,0,2.53224834749567
6408,2.531597616859782,0,0,2.531597616859782
6409,2.531597616859782,0,0,2.531597616859782
6410,2.531597616859782,0,0,2.531597616859782
6411,3.015117241966931,0,0,3.015117241966931
6412,2.865558286017957,0,0,2.865558286017957
6413,3.777936048878611,0,0,3.777936048878611
6414,3.7779356618880877,0,0,3.7779356618880877
6415,3.8978478845066036,0,0,3.8978478845066036
6416,3.8977359774183746,0,0,3.8977359774183746
6417,3.8977756624478537,0,0,3.8977756624478537
6418,3.8977756624478537,0,0,3.8977756624478537
6419,3.8977756624478537,0,0,3.8977756624478537
6420,4.456521979170013,0,0,4.456521979170013
6421,4.794831895432398,0,0,4.794831895432398
6422,4.728002355504805,0,0,4.728002355504805
6423,4.387401336210135,0,0,4.387401336210135
6424,4.387401336210135,0,0,4.387401336210135
6425,4.387401336210138,0,0,4.387401336210138
6426,4.050492088641247,0,0,4.050492088641247
6427,4.0504920886412465,0,0,4.0504920886412465
6428,4.118210763509374,0,0,4.118210763509374
6429,4.291767756069828,0,0,4.291767756069828
6430,4.879498683806266,0,0,4.879498683806266
6431,4.650433366019198,0,0,4.650433366019198
6432,4.650433366019198,0,0,4.650433366019198
6433,4.650433366019198,0,0,4.650433366019198
6434,4.650433366019198,0,0,4.650433366019198
6435,4.650837477810428,0,0,4.650837477810428
6436,4.828867869885917,0,0,4.828867869885917
6437,4.915329437996218,0,0,4.915329437996218
6438,5.232284817638303,0,0,5.232284817638303
6439,5.232175441313679,0,0,5.232175441313679
6440,5.232175441313679,0,0,5.232175441313679
6441,5.232175441313679,0,0,5.232175441313679
6442,5.232175441313677,0,0,5.232175441313677
6443,5.232941023255896,0,0,5.232941023255896
6444,5.5215710535044655,0,0,5.5215710535044655
6445,5.122708626711186,0,0,5.122708626711186
6446,5.610233703273683,0,1,5.610233703273683
6447,5.610233703273683,0,1,5.610233703273683
6448,5.610233703273683,0,1,5.610233703273683
6449,5.610233703273683,0,1,5.610233703273683
6450,5.665665122119193,0,1,5.665665122119193
6451,5.779072325524126,0,1,5.779072325524126
6452,5.938000919864103,0,1,5.938000919864103
6453,5.793373443133377,0,1,5.793373443133377
6454,5.555935139635642,0,0,5.555935139635642
6455,5.555935139635642,0,0,5.555935139635642
6456,5.15897726207902,0,0,5.15897726207902
6457,5.15897726207902,0,0,5.15897726207902
6458,5.557274154803587,0,0,5.557274154803587
6459,5.4155230167657935,0,0,5.4155230167657935
6460,5.4173751530785825,0,0,5.4173751530785825
6461,5.4173751530785825,0,0,5.4173751530785825
6462,5.11293021922429,0,0,5.11293021922429
6463,4.345951467886296,0,0,4.345951467886296
6464,4.345908149055071,0,0,4.345908149055071
6465,4.345908149055071,0,0,4.345908149055071
6466,4.345908149055071,0,0,4.345908149055071
6467,4.654156974086477,0,0,4.654156974086477
6468,5.162350005945661,0,0,5.162350005945661
6469,5.162350005945661,0,0,5.162350005945661
6470,5.162532563092337,0,0,5.162532563092337
6471,3.1642206095973777,0,0,3.1642206095973777
6472,3.1642206095973777,0,0,3.1642206095973777
6473,3.1642206095973813,0,0,3.1642206095973813
6474,3.1642206095973813,0,0,3.1642206095973813
6475,2.9466997309716074,0,0,2.9466997309716074
6476,2.9466997309716074,0,0,2.9466997309716074
6477,2.9466997309716074,0,0,2.9466997309716074
6478,2.53224834749567,0,0,2.53224834749567
6479,2.531597616859782,0,0,2.531597616859782
6480,2.531597616859782,0,0,2.531597616859782
6481,2.531597616859782,0,0,2.531597616859782
6482,4.387852214774904,0,0,4.387852214774904
6483,4.852839225974939,0,0,4.852839225974939
6484,4.852839225974939,0,0,4.852839225974939
6485,4.5347895846165995,0,0,4.5347895846165995
6486,4.186312605425496,0,0,4.186312605425496
6487,4.186312605425494,0,0,4.186312605425494
6488,4.186312605425494,0,0,4.186312605425494
6489,4.24737607577242,0,0,4.24737607577242
6490,3.9526250781860104,0,0,3.9526250781860104
6491,5.010683924926219,0,0,5.010683924926219
6492,5.522274206468929,0,0,5.522274206468929
6493,4.917324901288837,0,0,4.917324901288837
6494,4.57051051488483,0,0,4.57051051488483
6495,4.57051051488483,0,0,4.57051051488483
6496,4.57051051488483,0,0,4.57051051488483
6497,4.570510514884831,0,0,4.570510514884831
6498,4.985216975126565,0,0,4.985216975126565
6499,5.25296539529627,0,0,5.25296539529627
6500,5.475036281489364,0,0,5.475036281489364
6501,5.774635922906922,0,1,5.774635922906922
6502,5.39872082231855,0,0,5.39872082231855
6503,5.398720822318551,0,0,5.398720822318551
6504,5.398720822318551,0,0,5.398720822318551
6505,5.398720822318551,0,0,5.398720822318551
6506,5.39872082231855,0,0,5.39872082231855
6507,5.459677539959256,0,0,5.459677539959256
6508,5.458876806664679,0,0,5.458876806664679
6509,5.415714233741307,0,0,5.415714233741307
6510,5.415119699311171,0,0,5.415119699311171
6511,5.315121811828708,0,0,5.315121811828708
6512,5.315121811828708,0,0,5.315121811828708
6513,5.315121811828708,0,0,5.315121811828708
6514,5.315121811828708,0,0,5.315121811828708
6515,5.315121811828708,0,0,5.315121811828708
6516,5.673863869432232,0,1,5.673863869432232
6517,5.785680379201999,0,1,5.785680379201999
6518,5.98163898722035,0,1,5.98163898722035
6519,5.98163898722035,0,1,5.98163898722035
6520,5.9101593624516955,0,1,5.9101593624516955
6521,5.9101593624516955,0,1,5.9101593624516955
6522,5.9101593624516955,0,1,5.9101593624516955
6523,6.119916917038262,0,1,6.119916917038262
6524,6.210094675345718,0,1,6.210094675345718
6525,5.871668862365544,0,1,5.871668862365544
6526,5.761463566488406,0,1,5.761463566488406
6527,5.761463566488406,0,1,5.761463566488406
6528,5.643184196932051,0,1,5.643184196932051
6529,5.643184196932051,0,1,5.643184196932051
6530,5.651524821468669,0,1,5.651524821468669
6531,4.997730087721497,0,0,4.997730087721497
6532,5.231350745649833,0,0,5.231350745649833
6533,5.230184568007433,0,0,5.230184568007433
6534,5.22919482198713,0,0,5.22919482198713
6535,5.301859802937292,0,0,5.301859802937292
6536,5.301859802937292,0,0,5.301859802937292
6537,5.301859802937292,0,0,5.301859802937292
6538,5.3019724722020385,0,0,5.3019724722020385
6539,6.014647438796793,0,1,6.014647438796793
6540,5.6371300422726165,0,1,5.6371300422726165
6541,5.6389545412257425,0,1,5.6389545412257425
6542,5.694965662288238,0,1,5.694965662288238
6543,5.694967214758369,0,1,5.694967214758369
6544,5.694967214758369,0,1,5.694967214758369
6545,5.694967214758369,0,1,5.694967214758369
6546,5.694967214758369,0,1,5.694967214758369
6547,5.414552585593132,0,0,5.414552585593132
6548,5.414552585593131,0,0,5.414552585593131
6549,5.414552585593133,0,0,5.414552585593133
6550,5.274408046672049,0,0,5.274408046672049
6551,5.473890118702943,0,0,5.473890118702943
6552,5.473890118702943,0,0,5.473890118702943
6553,5.740855374591899,0,1,5.740855374591899
6554,5.809902352392163,0,1,5.809902352392163
6555,5.809902352392163,0,1,5.809902352392163
6556,5.809902352392162,0,1,5.809902352392162
6557,5.809902352392163,0,1,5.809902352392163
6558,5.809473682925891,0,1,5.809473682925891
6559,6.161023716305924,0,1,6.161023716305924
6560,6.32698129656623,0,1,6.32698129656623
6561,6.176739852202567,0,1,6.176739852202567
6562,6.176739852202568,0,1,6.176739852202568
6563,6.176739852202568,0,1,6.176739852202568
6564,6.11164868019481,0,1,6.11164868019481
6565,6.11164868019481,0,1,6.11164868019481
6566,5.664845576524735,0,1,5.664845576524735
6567,5.664845576524735,0,1,5.664845576524735
6568,6.281586376214261,0,1,6.281586376214261
6569,6.282127815531826,0,1,6.282127815531826
6570,6.282208427855903,0,1,6.282208427855903
6571,6.281241987836384,0,1,6.281241987836384
6572,6.213780745849286,0,1,6.213780745849286
6573,6.046488826823203,0,1,6.046488826823203
6574,5.872733032373565,0,1,5.872733032373565
6575,5.872733032373565,0,1,5.872733032373565
6576,5.11875689012079,0,0,5.11875689012079
6577,5.11875689012079,0,0,5.11875689012079
6578,5.11875689012079,0,0,5.11875689012079
6579,5.11875689012079,0,0,5.11875689012079
6580,5.246248000020294,0,0,5.246248000020294
6581,5.245978850563432,0,0,5.245978850563432
6582,4.9551011944227525,0,0,4.9551011944227525
6583,4.9551011944227525,0,0,4.9551011944227525
6584,5.044607147222435,0,0,5.044607147222435
6585,5.787230658314457,0,1,5.787230658314457
6586,5.787230658314457,0,1,5.787230658314457
6587,5.728389669618574,0,1,5.728389669618574
6588,5.728635035549164,0,1,5.728635035549164
6589,5.728635035549166,0,1,5.728635035549166
6590,5.84209950431069,0,1,5.84209950431069
6591,5.841600978751673,0,1,5.841600978751673
6592,4.980290856607343,0,0,4.980290856607343
6593,4.9806393029743505,0,0,4.9806393029743505
6594,5.6744302267262645,0,1,5.6744302267262645
6595,5.635189837557446,0,1,5.635189837557446
6596,5.635189837557446,0,1,5.635189837557446
6597,5.178744580958586,0,0,5.178744580958586
6598,4.843114167160982,0,0,4.843114167160982
6599,5.076008544513152,0,0,5.076008544513152
6600,5.521190628637927,0,0,5.521190628637927
6601,5.5211906286379255,0,0,5.5211906286379255
6602,5.25283123562995,0,0,5.25283123562995
6603,4.974430799690296,0,0,4.974430799690296
6604,5.033920278678913,0,0,5.033920278678913
6605,5.4227743375732755,0,0,5.4227743375732755
6606,5.4227743375732755,0,0,5.4227743375732755
6607,5.4227743375732755,0,0,5.4227743375732755
6608,4.77248756411426,0,0,4.77248756411426
6609,4.77248756411426,0,0,4.77248756411426
6610,4.246395337642556,0,0,4.246395337642556
6611,4.246395337642556,0,0,4.246395337642556
6612,4.246395337642556,0,0,4.246395337642556
6613,4.2461785645285826,0,0,4.2461785645285826
6614,3.6045634812030483,0,0,3.6045634812030483
6615,3.5909411665482356,0,0,3.5909411665482356
6616,3.8488123220630466,0,0,3.8488123220630466
6617,4.443849308803395,0,0,4.443849308803395
6618,4.583302888893963,0,0,4.583302888893963
6619,4.583302888893963,0,0,4.583302888893963
6620,4.6279721026421,0,0,4.6279721026421
6621,4.6279721026421,0,0,4.6279721026421
6622,4.25259638250449,0,0,4.25259638250449
6623,4.25259638250449,0,0,4.25259638250449
6624,4.252671354558357,0,0,4.252671354558357
6625,4.500118140215146,0,0,4.500118140215146
6626,4.389698477803431,0,0,4.389698477803431
6627,4.389698477803431,0,0,4.389698477803431
6628,4.389698477803431,0,0,4.389698477803431
6629,4.389698477803431,0,0,4.389698477803431
6630,4.206221963873394,0,0,4.206221963873394
6631,4.263546392771107,0,0,4.263546392771107
6632,4.263546392771107,0,0,4.263546392771107
6633,4.263546392771107,0,0,4.263546392771107
6634,4.263546392771107,0,0,4.263546392771107
6635,4.6033752533381165,0,0,4.6033752533381165
6636,4.6904570574076185,0,0,4.6904570574076185
6637,4.6904570574076185,0,0,4.6904570574076185
6638,4.6904570574076185,0,0,4.6904570574076185
6639,4.6904570574076185,0,0,4.6904570574076185
6640,4.91925313247937,0,0,4.91925313247937
6641,4.91925313247937,0,0,4.91925313247937
6642,4.91925313247937,0,0,4.91925313247937
6643,4.91925313247937,0,0,4.91925313247937
6644,4.91925313247937,0,0,4.91925313247937
6645,4.949733160733007,0,0,4.949733160733007
6646,5.482203202161105,0,0,5.482203202161105
6647,5.482492092426161,0,0,5.482492092426161
6648,5.482416076676774,0,0,5.482416076676774
6649,5.482803063261586,0,0,5.482803063261586
6650,4.980219615873583,0,0,4.980219615873583
6651,4.98070554962268,0,0,4.98070554962268
6652,4.981213289625888,0,0,4.981213289625888
6653,4.981213289625888,0,0,4.981213289625888
6654,4.981015129516523,0,0,4.981015129516523
6655,3.1526559307797974,0,0,3.1526559307797974
6656,4.086688793978287,0,0,4.086688793978287
6657,4.086688793978287,0,0,4.086688793978287
6658,4.086859112638258,0,0,4.086859112638258
6659,4.086859112638258,0,0,4.086859112638258
6660,4.067620521887027,0,0,4.067620521887027
6661,4.066823729846072,0,0,4.066823729846072
6662,4.066826068171931,0,0,4.066826068171931
6663,4.067385831951235,0,0,4.067385831951235
6664,4.5326649140716295,0,0,4.5326649140716295
6665,4.41971736466561,0,0,4.41971736466561
6666,4.250065989609768,0,0,4.250065989609768
6667,4.452022120650051,0,0,4.452022120650051
6668,4.757460364601833,0,0,4.757460364601833
6669,4.7667824075638325,0,0,4.7667824075638325
6670,4.806980332697053,0,0,4.806980332697053
6671,4.807503121535376,0,0,4.807503121535376
6672,4.806997751135032,0,0,4.806997751135032
6673,5.254908438545416,0,0,5.254908438545416
6674,5.255054636585983,0,0,5.255054636585983
6675,4.9988324940145175,0,0,4.9988324940145175
6676,4.9988324940145175,0,0,4.9988324940145175
6677,4.9988324940145175,0,0,4.9988324940145175
6678,5.4570785782102345,0,0,5.4570785782102345
6679,5.452040907550054,0,0,5.452040907550054
6680,5.387246815770862,0,0,5.387246815770862
6681,5.355373957733515,0,0,5.355373957733515
6682,5.389297110405312,0,0,5.389297110405312
6683,5.685227241582504,0,1,5.685227241582504
6684,5.685227241582504,0,1,5.685227241582504
6685,5.685227241582503,0,1,5.685227241582503
6686,5.576552500189934,0,1,5.576552500189934
6687,5.445211453246471,0,0,5.445211453246471
6688,5.487446381323123,0,0,5.487446381323123
6689,5.487446381323123,0,0,5.487446381323123
6690,5.487446381323123,0,0,5.487446381323123
6691,5.487446381323123,0,0,5.487446381323123
6692,5.487446381323123,0,0,5.487446381323123
6693,4.998716487208856,0,0,4.998716487208856
6694,4.998716487208856,0,0,4.998716487208856
6695,4.998716487208856,0,0,4.998716487208856
6696,4.534998664644023,0,0,4.534998664644023
6697,4.534998664644023,0,0,4.534998664644023
6698,4.246395337642556,0,0,4.246395337642556
6699,4.246395337642556,0,0,4.246395337642556
6700,4.246395337642556,0,0,4.246395337642556
6701,4.2461785645285826,0,0,4.2461785645285826
6702,3.6045634812030483,0,0,3.6045634812030483
6703,3.5909411665482356,0,0,3.5909411665482356
6704,3.8488123220630466,0,0,3.8488123220630466
6705,3.954364522898449,0,0,3.954364522898449
6706,3.3419077955862493,0,0,3.3419077955862493
6707,3.3419077955862493,0,0,3.3419077955862493
6708,2.946155449580324,0,0,2.946155449580324
6709,2.946155449580324,0,0,2.946155449580324
6710,2.945722176864097,0,0,2.945722176864097
6711,2.945722176864097,0,0,2.945722176864097
6712,2.945722176864097,0,0,2.945722176864097
6713,2.1059184799866695,0,0,2.1059184799866695
6714,1.5741745316750277,0,0,1.5741745316750277
6715,1.5741745316750277,0,0,1.5741745316750277
6716,1.5741745316750277,0,0,1.5741745316750277
6717,1.5741745316750277,0,0,1.5741745316750277
6718,1.52567576441527,0,0,1.52567576441527
6719,1.52567576441527,0,0,1.52567576441527
6720,1.52567576441527,0,0,1.52567576441527
6721,1.52567576441527,0,0,1.52567576441527
6722,1.52567576441527,0,0,1.52567576441527
6723,2.4285495175875296,0,0,2.4285495175875296
6724,2.4285495175875296,0,0,2.4285495175875296
6725,2.501374916085854,0,0,2.501374916085854
6726,3.0071981360790265,0,0,3.0071981360790265
6727,3.5670188448554065,0,0,3.5670188448554065
6728,3.5313512234797213,0,0,3.5313512234797213
6729,3.5663453581454347,0,0,3.5663453581454347
6730,3.5663453581454347,0,0,3.5663453581454347
6731,3.567145055510789,0,0,3.567145055510789
6732,3.6747065857213688,0,0,3.6747065857213688
6733,3.7783644738062327,0,0,3.7783644738062327
6734,4.125562843868929,0,0,4.125562843868929
6735,4.230808001536164,0,0,4.230808001536164
6736,4.550252007380205,0,0,4.550252007380205
6737,4.65467959113222,0,0,4.65467959113222
6738,4.666140969656381,0,0,4.666140969656381
6739,4.83691680245208,0,0,4.83691680245208
6740,4.83691680245208,0,0,4.83691680245208
6741,4.992964793486644,0,0,4.992964793486644
6742,4.992964793486644,0,0,4.992964793486644
6743,5.356213915849633,0,0,5.356213915849633
6744,5.356213915849633,0,0,5.356213915849633
6745,5.429847722159791,0,0,5.429847722159791
6746,5.430274859458425,0,0,5.430274859458425
6747,5.430274859458425,0,0,5.430274859458425
6748,5.363374837068415,0,0,5.363374837068415
6749,5.360266933683217,0,0,5.360266933683217
6750,5.360266933683217,0,0,5.360266933683217
6751,5.357120716238568,0,0,5.357120716238568
6752,5.356596366657234,0,0,5.356596366657234
6753,5.30470859826669,0,0,5.30470859826669
6754,5.30470859826669,0,0,5.30470859826669
6755,5.30470859826669,0,0,5.30470859826669
6756,5.30470859826669,0,0,5.30470859826669
6757,5.423582772458653,0,0,5.423582772458653
6758,5.2548111868522,0,0,5.2548111868522
6759,5.254872580848754,0,0,5.254872580848754
6760,5.254872580848751,0,0,5.254872580848751
6761,5.382219205953514,0,0,5.382219205953514
6762,5.382023538945743,0,0,5.382023538945743
6763,6.646719462080064,0,1,6.646719462080064
6764,6.646719462080062,0,1,6.646719462080062
6765,6.537338720471407,0,1,6.537338720471407
6766,6.5374178883058365,0,1,6.5374178883058365
6767,6.537417888305838,0,1,6.537417888305838
6768,6.604866458525727,0,1,6.604866458525727
6769,6.473076587109654,0,1,6.473076587109654
6770,6.25909753875576,0,1,6.25909753875576
6771,6.271462474728033,0,1,6.271462474728033
6772,6.271462474728033,0,1,6.271462474728033
6773,6.145194638237107,0,1,6.145194638237107
6774,6.146008063019444,0,1,6.146008063019444
6775,5.98884208866312,0,1,5.98884208866312
6776,6.124389267035486,0,1,6.124389267035486
6777,5.895253369231146,0,1,5.895253369231146
6778,5.859860013139439,0,1,5.859860013139439
6779,5.822147186398608,0,1,5.822147186398608
6780,5.565403501314462,0,0,5.565403501314462
6781,5.548932489623481,0,0,5.548932489623481
6782,5.548932489623483,0,0,5.548932489623483
6783,5.839736309305919,0,1,5.839736309305919
6784,6.189417218487495,0,1,6.189417218487495
6785,6.037061405297699,0,1,6.037061405297699
6786,5.887972284878154,0,1,5.887972284878154
6787,6.525501441787751,0,1,6.525501441787751
6788,6.525501441787751,0,1,6.525501441787751
6789,6.407380609326931,0,1,6.407380609326931
6790,6.412890084468035,0,1,6.412890084468035
6791,6.193489494454871,0,1,6.193489494454871
6792,6.193489494454871,0,1,6.193489494454871
6793,6.585228769100651,0,1,6.585228769100651
6794,6.585228769100651,0,1,6.585228769100651
6795,6.754781482272522,0,1,6.754781482272522
6796,6.754781482272522,0,1,6.754781482272522
6797,6.55430595098178,0,1,6.55430595098178
6798,6.766974286118101,0,1,6.766974286118101
6799,6.755854236983586,0,1,6.755854236983586
6800,6.755854236983586,0,1,6.755854236983586
6801,6.6936617505042095,0,1,6.6936617505042095
6802,6.716320805375651,0,1,6.716320805375651
6803,6.6912194416515,0,1,6.6912194416515
6804,6.568602812570389,0,1,6.568602812570389
6805,6.646521230712305,0,1,6.646521230712305
6806,6.646521230712305,0,1,6.646521230712305
6807,6.389112363016689,0,1,6.389112363016689
6808,5.821840908842868,0,1,5.821840908842868
6809,5.821620053153678,0,1,5.821620053153678
6810,5.933820442196452,0,1,5.933820442196452
6811,5.963168424484523,0,1,5.963168424484523
6812,5.963168424484523,0,1,5.963168424484523
6813,5.954040194277707,0,1,5.954040194277707
6814,5.963168424484523,0,1,5.963168424484523
6815,5.858342072062364,0,1,5.858342072062364
6816,5.858625745323046,0,1,5.858625745323046
6817,5.858625745323046,0,1,5.858625745323046
6818,5.555331427329055,0,0,5.555331427329055
6819,5.331750389110814,0,0,5.331750389110814
6820,5.331750389110814,0,0,5.331750389110814
6821,5.327628791272261,0,0,5.327628791272261
6822,5.457153701788232,0,0,5.457153701788232
6823,5.4580198273214116,0,0,5.4580198273214116
6824,5.4580739560685645,0,0,5.4580739560685645
6825,5.556899527290846,0,0,5.556899527290846
6826,5.773780963601545,0,1,5.773780963601545
6827,5.666947946499539,0,1,5.666947946499539
6828,5.666947946499539,0,1,5.666947946499539
6829,5.540019261997623,0,0,5.540019261997623
6830,5.469637912062921,0,0,5.469637912062921
6831,5.469637912062921,0,0,5.469637912062921
6832,5.469637912062921,0,0,5.469637912062921
6833,5.44143253733018,0,0,5.44143253733018
6834,5.441472332592752,0,0,5.441472332592752
6835,5.713883971646221,0,1,5.713883971646221
6836,5.534342102635058,0,0,5.534342102635058
6837,5.399709231483729,0,0,5.399709231483729
6838,5.4944215609155265,0,0,5.4944215609155265
6839,5.426834329473569,0,0,5.426834329473569
6840,5.556556542583966,0,0,5.556556542583966
6841,5.543332289173674,0,0,5.543332289173674
6842,5.543332289173674,0,0,5.543332289173674
6843,5.372375368530717,0,0,5.372375368530717
6844,5.372375368530717,0,0,5.372375368530717
6845,5.372375368530717,0,0,5.372375368530717
6846,5.372375368530717,0,0,5.372375368530717
6847,5.477991088506384,0,0,5.477991088506384
6848,5.30931306787214,0,0,5.30931306787214
6849,5.30931306787214,0,0,5.30931306787214
6850,5.30931306787214,0,0,5.30931306787214
6851,5.137318114796309,0,0,5.137318114796309
6852,5.111108594504536,0,0,5.111108594504536
6853,5.111108594504536,0,0,5.111108594504536
6854,5.111108594504535,0,0,5.111108594504535
6855,4.771722618525841,0,0,4.771722618525841
6856,4.924814552364976,0,0,4.924814552364976
6857,5.044647823583707,0,0,5.044647823583707
6858,4.383174195906583,0,0,4.383174195906583
6859,4.428102211698146,0,0,4.428102211698146
6860,3.7391295481008013,0,0,3.7391295481008013
6861,3.739172101490746,0,0,3.739172101490746
6862,3.738623034314398,0,0,3.738623034314398
6863,3.7386246063074426,0,0,3.7386246063074426
6864,3.739093708602363,0,0,3.739093708602363
6865,3.739093708602363,0,0,3.739093708602363
6866,3.739092143544034,0,0,3.739092143544034
6867,3.7394906799237138,0,0,3.7394906799237138
6868,4.190137734169988,0,0,4.190137734169988
6869,4.190137734169988,0,0,4.190137734169988
6870,4.190137734169988,0,0,4.190137734169988
6871,4.190137734169988,0,0,4.190137734169988
6872,4.190137734169988,0,0,4.190137734169988
6873,4.190137734169988,0,0,4.190137734169988
6874,4.190137734169988,0,0,4.190137734169988
6875,3.5112330965482186,0,0,3.5112330965482186
6876,3.969614358159702,0,0,3.969614358159702
6877,3.8632371235264507,0,0,3.8632371235264507
6878,3.8632371235264507,0,0,3.8632371235264507
6879,3.8632371235264507,0,0,3.8632371235264507
6880,3.4603736920317276,0,0,3.4603736920317276
6881,3.4603736920317276,0,0,3.4603736920317276
6882,3.460373692031729,0,0,3.460373692031729
6883,3.460373692031729,0,0,3.460373692031729
6884,3.460373692031729,0,0,3.460373692031729
6885,3.1958766259501425,0,0,3.1958766259501425
6886,3.1958766259501443,0,0,3.1958766259501443
6887,3.1958766259501443,0,0,3.1958766259501443
6888,2.84451588009002,0,0,2.84451588009002
6889,2.84451588009002,0,0,2.84451588009002
6890,2.84451588009002,0,0,2.84451588009002
6891,2.84451588009002,0,0,2.84451588009002
6892,3.0556557610102373,0,0,3.0556557610102373
6893,4.134307044849596,0,0,4.134307044849596
6894,3.7902159337849755,0,0,3.7902159337849755
6895,3.7902159337849755,0,0,3.7902159337849755
6896,3.7902159337849755,0,0,3.7902159337849755
6897,2.2857216310584705,0,0,2.2857216310584705
6898,2.2857216310584705,0,0,2.2857216310584705
6899,2.2857216310584705,0,0,2.2857216310584705
6900,2.2857216310584754,0,0,2.2857216310584754
6901,2.1643478880737943,0,0,2.1643478880737943
6902,2.164347888073799,0,0,2.164347888073799
6903,2.164347888073799,0,0,2.164347888073799
6904,2.164347888073799,0,0,2.164347888073799
6905,2.164347888073799,0,0,2.164347888073799
6906,1.9799074380181427,0,0,1.9799074380181427
6907,1.9799074380181427,0,0,1.9799074380181427
6908,1.979813252800169,0,0,1.979813252800169
6909,1.8500876036708003,0,0,1.8500876036708003
6910,1.8500876036708003,0,0,1.8500876036708003
6911,1.8500876036708003,0,0,1.8500876036708003
6912,1.8500876036708003,0,0,1.8500876036708003
6913,1.7547885782148762,0,0,1.7547885782148762
6914,1.7547885782148762,0,0,1.7547885782148762
6915,1.7547885782148762,0,0,1.7547885782148762
6916,1.7547885782148793,0,0,1.7547885782148793
6917,1.7547885782148793,0,0,1.7547885782148793
6918,1.558335493776591,0,0,1.558335493776591
6919,1.558335493776591,0,0,1.558335493776591
6920,1.558335493776591,0,0,1.558335493776591
6921,1.5583354937765945,0,0,1.5583354937765945
6922,3.0412135897323265,0,0,3.0412135897323265
6923,3.0412135897323265,0,0,3.0412135897323265
6924,3.0412135897323265,0,0,3.0412135897323265
6925,3.9748524424149307,0,0,3.9748524424149307
6926,3.974852442414928,0,0,3.974852442414928
6927,3.974852442414928,0,0,3.974852442414928
6928,3.974852442414928,0,0,3.974852442414928
6929,3.469813920990328,0,0,3.469813920990328
6930,3.5435084209905234,0,0,3.5435084209905234
6931,3.4250673110144474,0,0,3.4250673110144474
6932,4.443943663234581,0,0,4.443943663234581
6933,5.4867749464048226,0,0,5.4867749464048226
6934,5.534533403080977,0,0,5.534533403080977
6935,5.534533403080977,0,0,5.534533403080977
6936,5.534533403080977,0,0,5.534533403080977
6937,5.534533403080977,0,0,5.534533403080977
6938,5.483682903773299,0,0,5.483682903773299
6939,5.483682903773299,0,0,5.483682903773299
6940,5.4836829037733015,0,0,5.4836829037733015
6941,5.4836829037733015,0,0,5.4836829037733015
6942,5.374566644862556,0,0,5.374566644862556
6943,5.374566644862556,0,0,5.374566644862556
6944,5.556089277369352,0,0,5.556089277369352
6945,5.6643275417864185,0,1,5.6643275417864185
6946,5.6643275417864185,0,1,5.6643275417864185
6947,5.6643275417864185,0,1,5.6643275417864185
6948,5.6643275417864185,0,1,5.6643275417864185
6949,6.2490380586060965,0,1,6.2490380586060965
6950,6.2490380586060965,0,1,6.2490380586060965
6951,5.6919943988789345,0,1,5.6919943988789345
6952,5.6919943988789345,0,1,5.6919943988789345
6953,5.6919943988789345,0,1,5.6919943988789345
6954,5.696762340779336,0,1,5.696762340779336
6955,5.703386154606682,0,1,5.703386154606682
6956,5.703386154606681,0,1,5.703386154606681
6957,5.749558114091147,0,1,5.749558114091147
6958,5.749558114091145,0,1,5.749558114091145
6959,5.749309068970179,0,1,5.749309068970179
6960,5.749309068970179,0,1,5.749309068970179
6961,5.749558114091145,0,1,5.749558114091145
6962,5.43517148775228,0,0,5.43517148775228
6963,4.690900511116779,0,0,4.690900511116779
6964,5.385060779368941,0,0,5.385060779368941
6965,5.385162512505435,0,0,5.385162512505435
6966,5.357798540707231,0,0,5.357798540707231
6967,5.357798540707231,0,0,5.357798540707231
6968,5.357798540707231,0,0,5.357798540707231
6969,5.357798540707231,0,0,5.357798540707231
6970,5.357798540707231,0,0,5.357798540707231
6971,4.729512616088021,0,0,4.729512616088021
6972,3.688676507555587,0,0,3.688676507555587
6973,3.688676507555587,0,0,3.688676507555587
6974,3.4120839998044414,0,0,3.4120839998044414
6975,4.203916038342823,0,0,4.203916038342823
6976,4.203916038342823,0,0,4.203916038342823
6977,4.203916038342823,0,0,4.203916038342823
6978,4.203916038342823,0,0,4.203916038342823
6979,4.203842941025621,0,0,4.203842941025621
6980,4.203842941025621,0,0,4.203842941025621
6981,4.203842941025621,0,0,4.203842941025621
6982,3.469813920990328,0,0,3.469813920990328
6983,3.5435084209905234,0,0,3.5435084209905234
6984,3.4250673110144474,0,0,3.4250673110144474
6985,3.8632371235264507,0,0,3.8632371235264507
6986,3.8632371235264507,0,0,3.8632371235264507
6987,3.4603736920317276,0,0,3.4603736920317276
6988,3.4603736920317276,0,0,3.4603736920317276
6989,3.460373692031729,0,0,3.460373692031729
6990,3.460373692031729,0,0,3.460373692031729
6991,2.459000845585227,0,0,2.459000845585227
6992,2.459000845585227,0,0,2.459000845585227
6993,2.4590008455852312,0,0,2.4590008455852312
6994,2.4590008455852312,0,0,2.4590008455852312
6995,2.4024808121591184,0,0,2.4024808121591184
6996,2.4024808121591184,0,0,2.4024808121591184
6997,2.402454770972933,0,0,2.402454770972933
6998,3.8620649538479794,0,0,3.8620649538479794
6999,3.8620649538479794,0,0,3.8620649538479794
7000,3.8620649538479794,0,0,3.8620649538479794
7001,3.8620649538479794,0,0,3.8620649538479794
7002,4.792948662665063,0,0,4.792948662665063
7003,4.7932152395868775,0,0,4.7932152395868775
7004,5.4729810209153475,0,0,5.4729810209153475
7005,5.4652128022357145,0,0,5.4652128022357145
7006,5.4652128022357145,0,0,5.4652128022357145
7007,5.5184067356713395,0,0,5.5184067356713395
7008,5.518721537780507,0,0,5.518721537780507
7009,5.772542935485089,0,1,5.772542935485089
7010,5.869917248531858,0,1,5.869917248531858
7011,6.057740669319671,0,1,6.057740669319671
7012,6.057740669319671,0,1,6.057740669319671
7013,6.0369697833971525,0,1,6.0369697833971525
7014,6.036969783397153,0,1,6.036969783397153
7015,6.036736766961365,0,1,6.036736766961365
7016,5.864337238459433,0,1,5.864337238459433
7017,5.864337238459433,0,1,5.864337238459433
7018,5.864337238459433,0,1,5.864337238459433
7019,5.367482309330464,0,0,5.367482309330464
7020,5.8643372384594326,0,1,5.8643372384594326
7021,5.8643372384594326,0,1,5.8643372384594326
7022,5.8643372384594326,0,1,5.8643372384594326
7023,5.453280956490343,0,0,5.453280956490343
7024,5.453280956490343,0,0,5.453280956490343
7025,5.468928412757176,0,0,5.468928412757176
7026,5.454645491094108,0,0,5.454645491094108
7027,5.4548476692323575,0,0,5.4548476692323575
7028,5.468928412757178,0,0,5.468928412757178
7029,5.468811995530453,0,0,5.468811995530453
7030,5.468811995530453,0,0,5.468811995530453
7031,5.468811995530453,0,0,5.468811995530453
7032,5.841836728332761,0,1,5.841836728332761
7033,5.841836728332761,0,1,5.841836728332761
7034,5.841836728332761,0,1,5.841836728332761
7035,5.841836728332761,0,1,5.841836728332761
7036,5.841836728332761,0,1,5.841836728332761
7037,5.747791514165036,0,1,5.747791514165036
7038,4.965203819125387,0,0,4.965203819125387
7039,4.963733305580416,0,0,4.963733305580416
7040,4.598595898957203,0,0,4.598595898957203
7041,4.662385199771711,0,0,4.662385199771711
7042,4.695322734937212,0,0,4.695322734937212
7043,4.695322734937212,0,0,4.695322734937212
7044,4.6029717570753235,0,0,4.6029717570753235
7045,4.6029717570753235,0,0,4.6029717570753235
7046,4.6029717570753235,0,0,4.6029717570753235
7047,4.602829521515132,0,0,4.602829521515132
7048,2.459000845585227,0,0,2.459000845585227
7049,2.459000845585227,0,0,2.459000845585227
7050,2.4590008455852312,0,0,2.4590008455852312
7051,2.4590008455852312,0,0,2.4590008455852312
7052,2.254541405985867,0,0,2.254541405985867
7053,2.254541405985867,0,0,2.254541405985867
7054,4.294343228110102,0,0,4.294343228110102
7055,4.294343228110102,0,0,4.294343228110102
7056,4.976410416829647,0,0,4.976410416829647
7057,4.976410416829647,0,0,4.976410416829647
7058,4.976410416829647,0,0,4.976410416829647
7059,4.976410416829647,0,0,4.976410416829647
7060,4.976410416829648,0,0,4.976410416829648
7061,4.117044607310436,0,0,4.117044607310436
7062,4.117044607310436,0,0,4.117044607310436
7063,3.7920531120699357,0,0,3.7920531120699357
7064,3.5410509003350623,0,0,3.5410509003350623
7065,3.5410509003350623,0,0,3.5410509003350623
7066,3.5410509003350623,0,0,3.5410509003350623
7067,3.5410509003350623,0,0,3.5410509003350623
7068,3.5415944704016638,0,0,3.5415944704016638
7069,3.5415944704016638,0,0,3.5415944704016638
7070,3.5415944704016638,0,0,3.5415944704016638
7071,3.5415944704016638,0,0,3.5415944704016638
7072,4.35291792136992,0,0,4.35291792136992
7073,4.539126229541306,0,0,4.539126229541306
7074,4.778142543247034,0,0,4.778142543247034
7075,4.778142543247035,0,0,4.778142543247035
7076,4.778142543247035,0,0,4.778142543247035
7077,4.778142543247035,0,0,4.778142543247035
7078,4.778290921028143,0,0,4.778290921028143
7079,4.778290921028143,0,0,4.778290921028143
7080,4.778290921028143,0,0,4.778290921028143
7081,4.828243508696917,0,0,4.828243508696917
7082,4.637793156401049,0,0,4.637793156401049
7083,4.281649333250387,0,0,4.281649333250387
7084,5.423032948152491,0,0,5.423032948152491
7085,5.6235213927770715,0,1,5.6235213927770715
7086,5.6235213927770715,0,1,5.6235213927770715
7087,5.6235213927770715,0,1,5.6235213927770715
7088,5.623820490766756,0,1,5.623820490766756
7089,5.623820490766756,0,1,5.623820490766756
7090,5.623820490766756,0,1,5.623820490766756
7091,5.564548430949697,0,0,5.564548430949697
7092,4.756846969480431,0,0,4.756846969480431
7093,4.656614629257494,0,0,4.656614629257494
7094,4.104544520088411,0,0,4.104544520088411
7095,4.104544520088411,0,0,4.104544520088411
7096,3.8124687382789593,0,0,3.8124687382789593
7097,3.8124687382789593,0,0,3.8124687382789593
7098,3.8124687382789593,0,0,3.8124687382789593
7099,3.8124687382789593,0,0,3.8124687382789593
7100,3.8124687382789593,0,0,3.8124687382789593
7101,3.8124687382789593,0,0,3.8124687382789593
7102,3.8124687382789593,0,0,3.8124687382789593
7103,3.8124687382789593,0,0,3.8124687382789593
7104,3.789149185090344,0,0,3.789149185090344
7105,4.1502196083089755,0,0,4.1502196083089755
7106,4.1505441996385235,0,0,4.1505441996385235
7107,3.8620649538479794,0,0,3.8620649538479794
7108,3.8620649538479794,0,0,3.8620649538479794
7109,3.8620649538479794,0,0,3.8620649538479794
7110,3.8620649538479794,0,0,3.8620649538479794
7111,4.2081489055434025,0,0,4.2081489055434025
7112,4.208242216842675,0,0,4.208242216842675
7113,4.232469878271425,0,0,4.232469878271425
7114,4.232469878271424,0,0,4.232469878271424
7115,4.232469878271424,0,0,4.232469878271424
7116,5.125894428055611,0,0,5.125894428055611
7117,5.245028290331793,0,0,5.245028290331793
7118,5.244860039534627,0,0,5.244860039534627
7119,4.873094976177698,0,0,4.873094976177698
7120,4.873094976177698,0,0,4.873094976177698
7121,4.873094976177698,0,0,4.873094976177698
7122,4.872825378505528,0,0,4.872825378505528
7123,4.837626077600128,0,0,4.837626077600128
7124,4.670597047898893,0,0,4.670597047898893
7125,4.613518599638556,0,0,4.613518599638556
7126,4.613887835890898,0,0,4.613887835890898
7127,5.17709925685044,0,0,5.17709925685044
7128,5.1766234860181175,0,0,5.1766234860181175
7129,5.176623486018115,0,0,5.176623486018115
7130,5.176623486018115,0,0,5.176623486018115
7131,5.012776944701002,0,0,5.012776944701002
7132,5.012776944701002,0,0,5.012776944701002
7133,5.012706707458775,0,0,5.012706707458775
7134,4.453978954748971,0,0,4.453978954748971
7135,3.3251463304953357,0,0,3.3251463304953357
7136,3.3251463304953357,0,0,3.3251463304953357
7137,3.3250136742097767,0,0,3.3250136742097767
7138,3.237097310846122,0,0,3.237097310846122
7139,3.237097310846122,0,0,3.237097310846122
7140,2.287255897471804,0,0,2.287255897471804
7141,2.287255897471804,0,0,2.287255897471804
7142,2.26218915362734,0,0,2.26218915362734
7143,2.26218915362734,0,0,2.26218915362734
7144,3.882944999775138,0,0,3.882944999775138
7145,3.8833068856899495,0,0,3.8833068856899495
7146,4.25217454207216,0,0,4.25217454207216
7147,4.249394487199717,0,0,4.249394487199717
7148,4.249394487199717,0,0,4.249394487199717
7149,5.097789225868819,0,0,5.097789225868819
7150,5.097789225868819,0,0,5.097789225868819
7151,5.097789225868819,0,0,5.097789225868819
7152,5.0977892258688176,0,0,5.0977892258688176
7153,5.0977892258688176,0,0,5.0977892258688176
7154,5.0977892258688176,0,0,5.0977892258688176
7155,5.987352452966083,0,1,5.987352452966083
7156,6.024998388749832,0,1,6.024998388749832
7157,5.633065019456051,0,1,5.633065019456051
7158,5.632960682144366,0,1,5.632960682144366
7159,5.632960682144366,0,1,5.632960682144366
7160,5.713174266155009,0,1,5.713174266155009
7161,5.880620294901325,0,1,5.880620294901325
7162,5.880063557502323,0,1,5.880063557502323
7163,5.880063557502323,0,1,5.880063557502323
7164,5.567333373358696,0,0,5.567333373358696
7165,5.567333373358696,0,0,5.567333373358696
7166,4.717989139754288,0,0,4.717989139754288
7167,4.717989139754288,0,0,4.717989139754288
7168,4.625060374124604,0,0,4.625060374124604
7169,4.625060374124605,0,0,4.625060374124605
7170,4.625060374124605,0,0,4.625060374124605
7171,4.594537420248155,0,0,4.594537420248155
7172,4.594537420248155,0,0,4.594537420248155
7173,4.989512592938367,0,0,4.989512592938367
7174,4.9891194028930705,0,0,4.9891194028930705
7175,5.639278366698588,0,1,5.639278366698588
7176,5.6390891695102745,0,1,5.6390891695102745
7177,5.12107180257019,0,0,5.12107180257019
7178,5.12107180257019,0,0,5.12107180257019
7179,4.882713175904412,0,0,4.882713175904412
7180,4.882713175904412,0,0,4.882713175904412
7181,4.882713175904412,0,0,4.882713175904412
7182,4.453978954748971,0,0,4.453978954748971
7183,3.3251463304953357,0,0,3.3251463304953357
7184,3.3251463304953357,0,0,3.3251463304953357
7185,3.3250136742097767,0,0,3.3250136742097767
7186,3.237097310846122,0,0,3.237097310846122
7187,3.237097310846122,0,0,3.237097310846122
7188,2.287255897471804,0,0,2.287255897471804
7189,2.287255897471804,0,0,2.287255897471804
7190,2.26218915362734,0,0,2.26218915362734
7191,2.26218915362734,0,0,2.26218915362734
7192,3.882944999775138,0,0,3.882944999775138
7193,3.8833068856899495,0,0,3.8833068856899495
7194,4.25217454207216,0,0,4.25217454207216
7195,4.249394487199717,0,0,4.249394487199717
7196,4.249394487199717,0,0,4.249394487199717
7197,4.031848118225587,0,0,4.031848118225587
7198,4.031848118225587,0,0,4.031848118225587
7199,4.031848118225587,0,0,4.031848118225587
7200,4.031848118225587,0,0,4.031848118225587
7201,4.031848118225587,0,0,4.031848118225587
7202,4.031848118225587,0,0,4.031848118225587
7203,4.031848118225587,0,0,4.031848118225587
7204,4.031848118225586,0,0,4.031848118225586
7205,1.5937300412166593,0,0,1.5937300412166593
7206,1.5937300412166593,0,0,1.5937300412166593
7207,1.5937300412166593,0,0,1.5937300412166593
7208,1.5935871612974677,0,0,1.5935871612974677
7209,1.7538393948934885,0,0,1.7538393948934885
7210,1.753839394893479,0,0,1.753839394893479
7211,1.753839394893479,0,0,1.753839394893479
7212,1.753839394893479,0,0,1.753839394893479
7213,1.753839394893479,0,0,1.753839394893479
7214,1.7732678892194822,0,0,1.7732678892194822
7215,1.7732678892194884,0,0,1.7732678892194884
7216,1.7715384435153663,0,0,1.7715384435153663
7217,1.7715820165202831,0,0,1.7715820165202831
7218,1.7715820165202831,0,0,1.7715820165202831
7219,1.7715820165202831,0,0,1.7715820165202831
7220,1.7715820165202831,0,0,1.7715820165202831
7221,1.6215245564793377,0,0,1.6215245564793377
7222,1.6215245564793377,0,0,1.6215245564793377
7223,1.6215245564793377,0,0,1.6215245564793377
7224,1.6215245564793377,0,0,1.6215245564793377
7225,1.666299667000255,0,0,1.666299667000255
7226,1.666299667000255,0,0,1.666299667000255
7227,1.6662996670002617,0,0,1.6662996670002617
7228,1.6662996670002617,0,0,1.6662996670002617
7229,1.6662996670002617,0,0,1.6662996670002617
7230,1.6662996670002617,0,0,1.6662996670002617
7231,1.6662996670002617,0,0,1.6662996670002617
7232,1.6662996670002617,0,0,1.6662996670002617
7233,1.505463438100229,0,0,1.505463438100229
7234,1.505463438100229,0,0,1.505463438100229
7235,1.505463438100229,0,0,1.505463438100229
7236,1.234010024635676,0,0,1.234010024635676
7237,1.2341156305783112,0,0,1.2341156305783112
7238,1.2341156305783112,0,0,1.2341156305783112
7239,1.2340476524216357,0,0,1.2340476524216357
7240,1.2340476524216357,0,0,1.2340476524216357
7241,0.03898386466622388,1,0,0.03898386466622388
7242,0.0404444387418075,1,0,0.0404444387418075
7243,0.04103887365152557,1,0,0.04103887365152557
7244,0.04103425826759272,1,0,0.04103425826759272
7245,0.043828248573638304,1,0,0.043828248573638304
7246,0.04382375712369484,1,0,0.04382375712369484
7247,0.041043224287669905,1,0,0.041043224287669905
7248,0.06016608218331046,1,0,0.06016608218331046
7249,0.06374916951683794,1,0,0.06374916951683794
7250,0.06374453923237512,1,0,0.06374453923237512
7251,0.0663305422996457,1,0,0.0663305422996457
7252,0.06629312903616892,1,0,0.06629312903616892
7253,0.06778260259693965,1,0,0.06778260259693965
7254,0.0692162371511334,1,0,0.0692162371511334
7255,0.06930613322386321,1,0,0.06930613322386321
7256,0.06957170649484055,1,0,0.06957170649484055
7257,0.06902672743848431,1,0,0.06902672743848431
7258,0.06890311877196408,1,0,0.06890311877196408
7259,0.06796463792275204,1,0,0.06796463792275204
7260,0.06781071094130475,1,0,0.06781071094130475
7261,0.07629211729654428,1,0,0.07629211729654428
7262,0.07799323516249153,1,0,0.07799323516249153
7263,0.08024327582064046,1,0,0.08024327582064046
7264,0.08196296779498122,1,0,0.08196296779498122
7265,0.0839918271579068,1,0,0.0839918271579068
7266,0.0839195172173988,1,0,0.0839195172173988
7267,0.0850955477022998,1,0,0.0850955477022998
7268,0.0854570725112365,1,0,0.0854570725112365
7269,0.08545707251130147,1,0,0.08545707251130147
7270,0.08500848482907929,1,0,0.08500848482907929
7271,0.08417629584522894,1,0,0.08417629584522894
7272,0.08417629584509706,1,0,0.08417629584509706
7273,0.08414294990149541,1,0,0.08414294990149541
7274,0.08414294990149541,1,0,0.08414294990149541
7275,0.08415315605172365,1,0,0.08415315605172365
7276,0.08415315605172365,1,0,0.08415315605172365
7277,0.085398234612477,1,0,0.085398234612477
7278,0.08525885492140038,1,0,0.08525885492140038
7279,0.08525885492140038,1,0,0.08525885492140038
7280,0.08561661452609153,1,0,0.08561661452609153
7281,0.08543469476214817,1,0,0.08543469476214817
7282,0.08534664486968686,1,0,0.08534664486968686
7283,0.08477724406578654,1,0,0.08477724406578654
7284,0.08506009560722144,1,0,0.08506009560722144
7285,0.08508006403259556,1,0,0.08508006403259556
7286,0.08530763139181201,1,0,0.08530763139181201
7287,0.08532950636782716,1,0,0.08532950636782716
7288,0.08532950636782716,1,0,0.08532950636782716
7289,0.08534049452775526,1,0,0.08534049452775526
7290,0.08640615976037647,1,0,0.08640615976037647
7291,6.9805513820694935,0,1,6.9805513820694935
7292,6.937054468591085,0,1,6.937054468591085
7293,6.91881434003544,0,1,6.91881434003544
7294,6.918823566310194,0,1,6.918823566310194
7295,6.844579018042761,0,1,6.844579018042761
7296,6.409725344962927,0,1,6.409725344962927
7297,6.4081642235463585,0,1,6.4081642235463585
7298,6.526417157441654,0,1,6.526417157441654
7299,6.269711148739745,0,1,6.269711148739745
7300,6.253078602903099,0,1,6.253078602903099
7301,6.245533115395027,0,1,6.245533115395027
7302,5.935156389422185,0,1,5.935156389422185
7303,5.99511875666989,0,1,5.99511875666989
7304,5.367532363018742,0,0,5.367532363018742
7305,5.367791168873376,0,0,5.367791168873376
7306,5.380476294614974,0,0,5.380476294614974
7307,5.368660834878154,0,0,5.368660834878154
7308,5.365818340180526,0,0,5.365818340180526
7309,5.345794259396094,0,0,5.345794259396094
7310,5.3356734552277905,0,0,5.3356734552277905
7311,6.001141822688836,0,1,6.001141822688836
7312,5.751296004156666,0,1,5.751296004156666
7313,5.441460638830007,0,0,5.441460638830007
7314,5.092554763404153,0,0,5.092554763404153
7315,4.595005707988346,0,0,4.595005707988346
7316,4.388663369672424,0,0,4.388663369672424
7317,4.446774428265627,0,0,4.446774428265627
7318,4.049441778705424,0,0,4.049441778705424
7319,3.9207844802941936,0,0,3.9207844802941936
7320,3.793547198650477,0,0,3.793547198650477
7321,3.580583450208414,0,0,3.580583450208414
7322,3.580583450208414,0,0,3.580583450208414
7323,3.5258609426962377,0,0,3.5258609426962377
7324,3.525860942696236,0,0,3.525860942696236
7325,3.90459534809928,0,0,3.90459534809928
7326,3.9952710816714365,0,0,3.9952710816714365
7327,3.2046948453709105,0,0,3.2046948453709105
7328,2.4933912083155,0,0,2.4933912083155
7329,2.4933912083155,0,0,2.4933912083155
7330,2.4933912083155,0,0,2.4933912083155
7331,2.4866826637646953,0,0,2.4866826637646953
7332,2.4866826637646953,0,0,2.4866826637646953
7333,2.486525921440462,0,0,2.486525921440462
7334,2.5264447048063863,0,0,2.5264447048063863
7335,2.5264447048063863,0,0,2.5264447048063863
7336,3.4402970666844093,0,0,3.4402970666844093
7337,3.6464017280174215,0,0,3.6464017280174215
7338,3.6462367733116063,0,0,3.6462367733116063
7339,3.6462367733116063,0,0,3.6462367733116063
7340,3.81580101068625,0,0,3.81580101068625
7341,4.122497087418008,0,0,4.122497087418008
7342,4.369278592222238,0,0,4.369278592222238
7343,4.369278592222238,0,0,4.369278592222238
7344,4.369278592222236,0,0,4.369278592222236
7345,4.369522647219872,0,0,4.369522647219872
7346,3.603590676760657,0,0,3.603590676760657
7347,3.603590676760657,0,0,3.603590676760657
7348,3.603590676760657,0,0,3.603590676760657
7349,3.603590676760657,0,0,3.603590676760657
7350,3.6037581741129285,0,0,3.6037581741129285
7351,3.488212692363442,0,0,3.488212692363442
7352,2.5031935291963086,0,0,2.5031935291963086
7353,2.5031935291963086,0,0,2.5031935291963086
7354,2.5031935291963086,0,0,2.5031935291963086
7355,2.5031935291963086,0,0,2.5031935291963086
7356,3.2443368987021857,0,0,3.2443368987021857
7357,2.86190038197649,0,0,2.86190038197649
7358,1.4715873607112038,0,0,1.4715873607112038
7359,1.4715873607112038,0,0,1.4715873607112038
7360,1.4717219534068322,0,0,1.4717219534068322
7361,1.4262769659760337,0,0,1.4262769659760337
7362,1.4262769659760337,0,0,1.4262769659760337
7363,1.3015213054916572,0,0,1.3015213054916572
7364,1.3015213054916615,0,0,1.3015213054916615
7365,3.1032024886713767,0,0,3.1032024886713767
7366,3.001833422830402,0,0,3.001833422830402
7367,3.001833422830402,0,0,3.001833422830402
7368,3.001833422830402,0,0,3.001833422830402
7369,1.6423339207471663,0,0,1.6423339207471663
7370,1.4206576136505056,0,0,1.4206576136505056
7371,1.3922762305519405,0,0,1.3922762305519405
7372,1.3922762305519405,0,0,1.3922762305519405
7373,1.3922762305519405,0,0,1.3922762305519405
7374,1.3922762305519405,0,0,1.3922762305519405
7375,1.2285873542263415,0,0,1.2285873542263415
7376,1.0130578341277816,0,0,1.0130578341277816
7377,1.0130578341277816,0,0,1.0130578341277816
7378,1.0130578341277816,0,0,1.0130578341277816
7379,1.0130578341277816,0,0,1.0130578341277816
7380,1.0130578341277816,0,0,1.0130578341277816
7381,1.3183370379486798,0,0,1.3183370379486798
7382,1.3183370379486798,0,0,1.3183370379486798
7383,1.3183370379486798,0,0,1.3183370379486798
7384,1.3183370379486798,0,0,1.3183370379486798
7385,1.3185013766672324,0,0,1.3185013766672324
7386,1.6416772918974671,0,0,1.6416772918974671
7387,1.6416772918974671,0,0,1.6416772918974671
7388,1.6416772918974671,0,0,1.6416772918974671
7389,1.6416772918974671,0,0,1.6416772918974671
7390,1.6418821826910093,0,0,1.6418821826910093
7391,1.6354907304219348,0,0,1.6354907304219348
7392,1.6354907304219348,0,0,1.6354907304219348
7393,1.6354907304219348,0,0,1.6354907304219348
7394,1.6354907304219348,0,0,1.6354907304219348
7395,1.6354479426252384,0,0,1.6354479426252384
7396,1.2714212388339536,0,0,1.2714212388339536
7397,1.2714212388339536,0,0,1.2714212388339536
7398,1.271421238833971,0,0,1.271421238833971
7399,1.271421238833971,0,0,1.271421238833971
7400,1.271421238833971,0,0,1.271421238833971
7401,1.2309243513457067,0,0,1.2309243513457067
7402,1.2309243513457067,0,0,1.2309243513457067
7403,1.2309243513457158,0,0,1.2309243513457158
7404,1.2309243513457158,0,0,1.2309243513457158
7405,1.2309243513457158,0,0,1.2309243513457158
7406,1.4210259793267381,0,0,1.4210259793267381
7407,1.4210259793267381,0,0,1.4210259793267381
7408,1.4210259793267381,0,0,1.4210259793267381
7409,1.4210259793267381,0,0,1.4210259793267381
7410,1.4209890625591821,0,0,1.4209890625591821
7411,1.9381338540512212,0,0,1.9381338540512212
7412,1.9381338540512212,0,0,1.9381338540512212
7413,1.938133854051227,0,0,1.938133854051227
7414,1.9381338540512325,0,0,1.9381338540512325
7415,1.9381338540512325,0,0,1.9381338540512325
7416,1.9291989937446419,0,0,1.9291989937446419
7417,1.9291989937446419,0,0,1.9291989937446419
7418,1.9291989937446419,0,0,1.9291989937446419
7419,1.9291989937446419,0,0,1.9291989937446419
7420,1.9291989937446419,0,0,1.9291989937446419
7421,1.8906895265590118,0,0,1.8906895265590118
7422,1.8907983734492946,0,0,1.8907983734492946
7423,1.8907983734492946,0,0,1.8907983734492946
7424,1.8907983734492946,0,0,1.8907983734492946
7425,1.8907983734492946,0,0,1.8907983734492946
7426,2.486760855868135,0,0,2.486760855868135
7427,2.4869146503455686,0,0,2.4869146503455686
7428,2.4869146503455686,0,0,2.4869146503455686
7429,2.4869146503455686,0,0,2.4869146503455686
7430,2.486914650345564,0,0,2.486914650345564
7431,2.910999835227518,0,0,2.910999835227518
7432,2.910999835227514,0,0,2.910999835227514
7433,2.910999835227514,0,0,2.910999835227514
7434,2.910999835227514,0,0,2.910999835227514
7435,3.8123278787638957,0,0,3.8123278787638957
7436,3.926978424689333,0,0,3.926978424689333
7437,3.926978424689333,0,0,3.926978424689333
7438,3.926978424689333,0,0,3.926978424689333
7439,3.9275359456434455,0,0,3.9275359456434455
7440,3.9811403003213965,0,0,3.9811403003213965
7441,3.3051833390972516,0,0,3.3051833390972516
7442,3.3051833390972516,0,0,3.3051833390972516
7443,3.3051833390972516,0,0,3.3051833390972516
7444,3.3054538294139273,0,0,3.3054538294139273
7445,3.5358950627206682,0,0,3.5358950627206682
7446,3.5897001278995146,0,0,3.5897001278995146
7447,3.5897001278995146,0,0,3.5897001278995146
7448,3.5897001278995146,0,0,3.5897001278995146
7449,3.960444436600663,0,0,3.960444436600663
7450,3.9604444366006617,0,0,3.9604444366006617
7451,4.1470731797816764,0,0,4.1470731797816764
7452,4.1470731797816764,0,0,4.1470731797816764
7453,4.1470731797816764,0,0,4.1470731797816764
7454,4.002589544038935,0,0,4.002589544038935
7455,4.002589544038935,0,0,4.002589544038935
7456,4.090857363365259,0,0,4.090857363365259
7457,4.090857363365259,0,0,4.090857363365259
7458,4.090857363365259,0,0,4.090857363365259
7459,3.9181792620652693,0,0,3.9181792620652693
7460,3.9181792620652693,0,0,3.9181792620652693
7461,3.5434573652057333,0,0,3.5434573652057333
7462,3.5434573652057333,0,0,3.5434573652057333
7463,3.543695800645177,0,0,3.543695800645177
7464,3.4189609586107808,0,0,3.4189609586107808
7465,3.4188043844403295,0,0,3.4188043844403295
7466,3.543172927080079,0,0,3.543172927080079
7467,3.5431729270800805,0,0,3.5431729270800805
7468,3.5434110594136556,0,0,3.5434110594136556
7469,3.4497130493179164,0,0,3.4497130493179164
7470,3.6088154937405585,0,0,3.6088154937405585
7471,3.7243752581979725,0,0,3.7243752581979725
7472,2.9589231993265805,0,0,2.9589231993265805
7473,2.9589231993265823,0,0,2.9589231993265823
7474,2.8568995582582746,0,0,2.8568995582582746
7475,2.8568995582582746,0,0,2.8568995582582746
7476,2.85092369609839,0,0,2.85092369609839
7477,2.8506693357412054,0,0,2.8506693357412054
7478,2.8546734602511146,0,0,2.8546734602511146
7479,2.7438734040709853,0,0,2.7438734040709853
7480,2.7438734040709853,0,0,2.7438734040709853
7481,1.792289712522677,0,0,1.792289712522677
7482,1.792289712522677,0,0,1.792289712522677
7483,2.298029917368502,0,0,2.298029917368502
7484,3.040704285985376,0,0,3.040704285985376
7485,3.131634995806887,0,0,3.131634995806887
7486,3.131634995806887,0,0,3.131634995806887
7487,3.131634995806887,0,0,3.131634995806887
7488,4.144190308894937,0,0,4.144190308894937
7489,3.7235227763360585,0,0,3.7235227763360585
7490,3.1740465888927485,0,0,3.1740465888927485
7491,3.1740465888927485,0,0,3.1740465888927485
7492,3.8150786329565203,0,0,3.8150786329565203
7493,3.8832896853632244,0,0,3.8832896853632244
7494,3.7440847476015047,0,0,3.7440847476015047
7495,2.596442323710312,0,0,2.596442323710312
7496,2.5964592734561176,0,0,2.5964592734561176
7497,2.524979202631998,0,0,2.524979202631998
7498,2.5249628139962543,0,0,2.5249628139962543
7499,2.631173332668281,0,0,2.631173332668281
7500,2.631173332668281,0,0,2.631173332668281
7501,2.631173332668281,0,0,2.631173332668281
7502,2.5383771663847736,0,0,2.5383771663847736
7503,2.538366544414404,0,0,2.538366544414404
7504,2.597658603710207,0,0,2.597658603710207
7505,2.5635236782325848,0,0,2.5635236782325848
7506,2.6391359432910817,0,0,2.6391359432910817
7507,2.625957866847537,0,0,2.625957866847537
7508,2.625957866847537,0,0,2.625957866847537
7509,2.6791657691666253,0,0,2.6791657691666253
7510,2.6791657691666253,0,0,2.6791657691666253
7511,3.0270678893159397,0,0,3.0270678893159397
7512,2.986484465028602,0,0,2.986484465028602
7513,3.314977812953714,0,0,3.314977812953714
7514,3.543172927080079,0,0,3.543172927080079
7515,3.5431729270800805,0,0,3.5431729270800805
7516,3.5434110594136556,0,0,3.5434110594136556
7517,3.4497130493179164,0,0,3.4497130493179164
7518,3.6088154937405585,0,0,3.6088154937405585
7519,3.7243752581979725,0,0,3.7243752581979725
7520,3.661520384667412,0,0,3.661520384667412
7521,3.6615203846674147,0,0,3.6615203846674147
7522,4.3569588628033555,0,0,4.3569588628033555
7523,4.498219221589274,0,0,4.498219221589274
7524,4.641816506481384,0,0,4.641816506481384
7525,4.641520523511699,0,0,4.641520523511699
7526,4.641520523511699,0,0,4.641520523511699
7527,5.203956995094511,0,0,5.203956995094511
7528,5.114152446892791,0,0,5.114152446892791
7529,4.858609613535617,0,0,4.858609613535617
7530,4.858609613535617,0,0,4.858609613535617
7531,4.858609613535617,0,0,4.858609613535617
7532,4.858609613535617,0,0,4.858609613535617
7533,5.158705219967442,0,0,5.158705219967442
7534,5.06308354953201,0,0,5.06308354953201
7535,5.063083549532009,0,0,5.063083549532009
7536,5.141832201236481,0,0,5.141832201236481
7537,5.158785383386659,0,0,5.158785383386659
7538,4.369437126039257,0,0,4.369437126039257
7539,4.369437126039257,0,0,4.369437126039257
7540,4.3694371260392595,0,0,4.3694371260392595
7541,3.6692256024131877,0,0,3.6692256024131877
7542,3.6692275750606917,0,0,3.6692275750606917
7543,3.552642790748836,0,0,3.552642790748836
7544,3.552642790748836,0,0,3.552642790748836
7545,3.5526427907488376,0,0,3.5526427907488376
7546,3.5523661073698163,0,0,3.5523661073698163
7547,3.634876652175311,0,0,3.634876652175311
7548,4.047358299435318,0,0,4.047358299435318
7549,4.047358299435318,0,0,4.047358299435318
7550,4.047358299435318,0,0,4.047358299435318
7551,4.047080808441434,0,0,4.047080808441434
7552,3.2968673715996846,0,0,3.2968673715996846
7553,3.161892154443125,0,0,3.161892154443125
7554,3.161892154443125,0,0,3.161892154443125
7555,3.161892154443125,0,0,3.161892154443125
7556,3.161892154443125,0,0,3.161892154443125
7557,2.709046037878341,0,0,2.709046037878341
7558,2.779099576942736,0,0,2.779099576942736
7559,2.779099576942736,0,0,2.779099576942736
7560,2.779099576942736,0,0,2.779099576942736
7561,2.779099576942736,0,0,2.779099576942736
7562,2.837952223184993,0,0,2.837952223184993
7563,2.912727729814114,0,0,2.912727729814114
7564,2.975217820266998,0,0,2.975217820266998
7565,2.975217820266998,0,0,2.975217820266998
7566,2.975217820266998,0,0,2.975217820266998
7567,2.355254489904687,0,0,2.355254489904687
7568,2.3214061198916376,0,0,2.3214061198916376
7569,2.500246521188452,0,0,2.500246521188452
7570,2.2924307372264323,0,0,2.2924307372264323
7571,2.2924307372264323,0,0,2.2924307372264323
7572,3.5670188448554065,0,0,3.5670188448554065
7573,3.50880188545899,0,0,3.50880188545899
7574,3.21194786985789,0,0,3.21194786985789
7575,3.21194786985789,0,0,3.21194786985789
7576,3.213622253811766,0,0,3.213622253811766
7577,3.6747065857213688,0,0,3.6747065857213688
7578,3.3051833390972516,0,0,3.3051833390972516
7579,3.226449134124418,0,0,3.226449134124418
7580,3.226449134124418,0,0,3.226449134124418
7581,3.3054538294139273,0,0,3.3054538294139273
7582,3.5358950627206682,0,0,3.5358950627206682
7583,3.5897001278995146,0,0,3.5897001278995146
7584,3.5897001278995146,0,0,3.5897001278995146
7585,3.5897001278995146,0,0,3.5897001278995146
7586,4.294098032685607,0,0,4.294098032685607
7587,4.877200318085667,0,0,4.877200318085667
7588,4.866710524690762,0,0,4.866710524690762
7589,4.866710524690762,0,0,4.866710524690762
7590,4.866710524690762,0,0,4.866710524690762
7591,4.866710524690762,0,0,4.866710524690762
7592,4.889239182544224,0,0,4.889239182544224
7593,4.886362936680506,0,0,4.886362936680506
7594,4.822719857194857,0,0,4.822719857194857
7595,4.822719857194857,0,0,4.822719857194857
7596,4.834723001939715,0,0,4.834723001939715
7597,5.177386382386731,0,0,5.177386382386731
7598,5.043067241224169,0,0,5.043067241224169
7599,5.03513289407998,0,0,5.03513289407998
7600,5.037449581097636,0,0,5.037449581097636
7601,4.895045051565243,0,0,4.895045051565243
7602,4.895045051565243,0,0,4.895045051565243
7603,5.222420529284848,0,0,5.222420529284848
7604,5.459521466295041,0,0,5.459521466295041
7605,5.459521466295041,0,0,5.459521466295041
7606,5.854941056547811,0,1,5.854941056547811
7607,6.026351152682187,0,1,6.026351152682187
7608,5.767975988340077,0,1,5.767975988340077
7609,5.767975988340077,0,1,5.767975988340077
7610,5.831448388885406,0,1,5.831448388885406
7611,5.831448388885407,0,1,5.831448388885407
7612,5.831448388885407,0,1,5.831448388885407
7613,5.6604406500625615,0,1,5.6604406500625615
7614,5.836596660005267,0,1,5.836596660005267
7615,5.836596660005267,0,1,5.836596660005267
7616,5.5396497639547215,0,0,5.5396497639547215
7617,5.747625926235554,0,1,5.747625926235554
7618,5.894888690109433,0,1,5.894888690109433
7619,5.898811802634324,0,1,5.898811802634324
7620,6.118683411935824,0,1,6.118683411935824
7621,6.119913008489182,0,1,6.119913008489182
7622,6.199590793716994,0,1,6.199590793716994
7623,6.176474134133524,0,1,6.176474134133524
7624,6.332583810399831,0,1,6.332583810399831
7625,6.370602268144123,0,1,6.370602268144123
7626,6.163834040878934,0,1,6.163834040878934
7627,6.084266915394476,0,1,6.084266915394476
7628,6.092210688334599,0,1,6.092210688334599
7629,5.699290172841794,0,1,5.699290172841794
7630,5.6987308832013195,0,1,5.6987308832013195
7631,5.442928968279844,0,0,5.442928968279844
7632,5.877657630491187,0,1,5.877657630491187
7633,5.806769959145717,0,1,5.806769959145717
7634,6.0769716550922,0,1,6.0769716550922
7635,6.221076159341295,0,1,6.221076159341295
7636,5.958063212102078,0,1,5.958063212102078
7637,5.757846763142369,0,1,5.757846763142369
7638,6.1711172201191555,0,1,6.1711172201191555
7639,6.234590047127408,0,1,6.234590047127408
7640,6.301658608403046,0,1,6.301658608403046
7641,6.301658608403046,0,1,6.301658608403046
7642,6.310995471056005,0,1,6.310995471056005
7643,6.260255403735049,0,1,6.260255403735049
7644,6.225864664803917,0,1,6.225864664803917
7645,6.15487852061766,0,1,6.15487852061766
7646,5.941370578580453,0,1,5.941370578580453
7647,5.952607669217729,0,1,5.952607669217729
7648,5.740448168272686,0,1,5.740448168272686
7649,5.699874242322491,0,1,5.699874242322491
7650,5.697556102930998,0,1,5.697556102930998
7651,0.050566061820371655,1,0,0.050566061820371655
7652,0.05034933299533336,1,0,0.05034933299533336
7653,0.051178652377634526,1,0,0.051178652377634526
7654,0.05114746264295665,1,0,0.05114746264295665
7655,0.05114100577092837,1,0,0.05114100577092837
7656,0.051148667521770635,1,0,0.051148667521770635
7657,0.049796499930543935,1,0,0.049796499930543935
7658,0.04979649993032099,1,0,0.04979649993032099
7659,0.04964681987041852,1,0,0.04964681987041852
7660,0.049822480031076054,1,0,0.049822480031076054
7661,0.05011740567626644,1,0,0.05011740567626644
7662,0.05011740567626644,1,0,0.05011740567626644
7663,0.05009069648582676,1,0,0.05009069648582676
7664,0.04977517980697651,1,0,0.04977517980697651
7665,0.04977517980697651,1,0,0.04977517980697651
7666,0.04982677727362543,1,0,0.04982677727362543
7667,0.04999749898994209,1,0,0.04999749898994209
7668,0.04999749899016414,1,0,0.04999749899016414
7669,0.05011638029205532,1,0,0.05011638029205532
7670,0.04858339867766293,1,0,0.04858339867766293
7671,0.04885203423523395,1,0,0.04885203423523395
7672,0.04885717293073512,1,0,0.04885717293073512
7673,0.049002002522351054,1,0,0.049002002522351054
7674,0.049002002522351054,1,0,0.049002002522351054
7675,0.049002002522351054,1,0,0.049002002522351054
7676,0.04768851334635168,1,0,0.04768851334635168
7677,0.047899287978005974,1,0,0.047899287978005974
7678,0.04789928797777419,1,0,0.04789928797777419
7679,0.039253744166828086,1,0,0.039253744166828086
7680,0.0418904793511415,1,0,0.0418904793511415
7681,0.04193748778423869,1,0,0.04193748778423869
7682,0.04193748778423869,1,0,0.04193748778423869
7683,0.04270109798478464,1,0,0.04270109798478464
7684,0.041654793902394724,1,0,0.041654793902394724
7685,0.04173964764725331,1,0,0.04173964764725331
7686,0.04173964764725331,1,0,0.04173964764725331
7687,0.041763526776575216,1,0,0.041763526776575216
7688,0.04176432674505275,1,0,0.04176432674505275
7689,0.04184637049736628,1,0,0.04184637049736628
7690,0.04022354171469081,1,0,0.04022354171469081
7691,0.040110960602757546,1,0,0.040110960602757546
7692,0.04006106057233628,1,0,0.04006106057233628
7693,0.03836647590150207,1,0,0.03836647590150207
7694,0.03845057175525446,1,0,0.03845057175525446
7695,0.03842048179301856,1,0,0.03842048179301856
7696,0.03538126718218619,1,0,0.03538126718218619
7697,0.03542212017494301,1,0,0.03542212017494301
7698,0.03664927083029622,1,0,0.03664927083029622
7699,0.03491243879912398,1,0,0.03491243879912398
7700,0.03491173935006784,1,0,0.03491173935006784
7701,3.8643466607583727,0,0,3.8643466607583727
7702,4.326732501607896,0,0,4.326732501607896
7703,4.478852807324364,0,0,4.478852807324364
7704,4.478852807324364,0,0,4.478852807324364
7705,4.478530887449925,0,0,4.478530887449925
7706,4.478530887449925,0,0,4.478530887449925
7707,4.478530887449925,0,0,4.478530887449925
7708,4.225787891667666,0,0,4.225787891667666
7709,4.4205391441475825,0,0,4.4205391441475825
7710,4.420539144147562,0,0,4.420539144147562
7711,4.420539144147564,0,0,4.420539144147564
7712,4.420539144147564,0,0,4.420539144147564
7713,4.420539144147564,0,0,4.420539144147564
7714,4.420849758996743,0,0,4.420849758996743
7715,4.420849758996763,0,0,4.420849758996763
7716,5.370656332401256,0,0,5.370656332401256
7717,5.24762463776475,0,0,5.24762463776475
7718,4.983182338739471,0,0,4.983182338739471
7719,4.983182338739471,0,0,4.983182338739471
7720,4.983182338739471,0,0,4.983182338739471
7721,4.654514224816838,0,0,4.654514224816838
7722,4.654514224816838,0,0,4.654514224816838
7723,3.5424114313886474,0,0,3.5424114313886474
7724,3.5424114313886474,0,0,3.5424114313886474
7725,3.5420080330321024,0,0,3.5420080330321024
7726,3.5420080330321024,0,0,3.5420080330321024
7727,3.5420080330321007,0,0,3.5420080330321007
7728,4.26563301082725,0,0,4.26563301082725
7729,4.26563301082725,0,0,4.26563301082725
7730,2.870727723235705,0,0,2.870727723235705
7731,2.8707277232357087,0,0,2.8707277232357087
7732,2.561197389124745,0,0,2.561197389124745
7733,2.561197389124745,0,0,2.561197389124745
7734,2.5613455636981475,0,0,2.5613455636981475
7735,2.5613455636981515,0,0,2.5613455636981515
7736,2.5613455636981515,0,0,2.5613455636981515
7737,1.6123618024744242,0,0,1.6123618024744242
7738,1.3562907795653292,0,0,1.3562907795653292
7739,1.3562907795653292,0,0,1.3562907795653292
7740,1.3562907795653292,0,0,1.3562907795653292
7741,1.3561757486818977,0,0,1.3561757486818977
7742,1.3561757486818977,0,0,1.3561757486818977
7743,1.3561757486818977,0,0,1.3561757486818977
7744,0.6902170160930424,0,0,0.6902170160930424
7745,0.6662464410330148,0,0,0.6662464410330148
7746,0.6662464410330148,0,0,0.6662464410330148
7747,0.6662464410330148,0,0,0.6662464410330148
7748,0.42014871443407736,0,0,0.42014871443407736
7749,0.42014871443407736,0,0,0.42014871443407736
7750,0.42014871443407736,0,0,0.42014871443407736
7751,0.41987649597991905,0,0,0.41987649597991905
7752,0.41987649597991905,0,0,0.41987649597991905
7753,0.41987649597991905,0,0,0.41987649597991905
7754,0.4196219395278147,0,0,0.4196219395278147
7755,0.41962193952778826,0,0,0.41962193952778826
7756,0.41962193952778826,0,0,0.41962193952778826
7757,0.41962193952778826,0,0,0.41962193952778826
7758,0.29833813356201644,0,0,0.29833813356201644
7759,0.29833813356201644,0,0,0.29833813356201644
7760,0.29833813356201644,0,0,0.29833813356201644
7761,0.29833813356201644,0,0,0.29833813356201644
7762,0.29833813356201644,0,0,0.29833813356201644
7763,0.29833813356201644,0,0,0.29833813356201644
7764,0.29831049826685235,0,0,0.29831049826685235
7765,0.29831049826685235,0,0,0.29831049826685235
7766,0.2983104982668337,0,0,0.2983104982668337
7767,0.2983104982668337,0,0,0.2983104982668337
7768,0.413140906211168,0,0,0.413140906211168
7769,0.413140906211168,0,0,0.413140906211168
7770,0.413140906211168,0,0,0.413140906211168
7771,0.4128625579175409,0,0,0.4128625579175409
7772,0.4128625579175409,0,0,0.4128625579175409
7773,0.4128625579175409,0,0,0.4128625579175409
7774,0.4128625579175409,0,0,0.4128625579175409
7775,0.4128625579174871,0,0,0.4128625579174871
7776,0.4128625579174871,0,0,0.4128625579174871
7777,0.4128625579174871,0,0,0.4128625579174871
7778,0.29833813356201644,0,0,0.29833813356201644
7779,0.29833813356201644,0,0,0.29833813356201644
7780,0.29833813356201644,0,0,0.29833813356201644
7781,0.29833813356201644,0,0,0.29833813356201644
7782,0.29833813356201644,0,0,0.29833813356201644
7783,0.29833813356201644,0,0,0.29833813356201644
7784,0.29831049826685235,0,0,0.29831049826685235
7785,0.29831049826685235,0,0,0.29831049826685235
7786,0.2983104982668337,0,0,0.2983104982668337
7787,0.2983104982668337,0,0,0.2983104982668337
7788,0.413140906211168,0,0,0.413140906211168
7789,0.413140906211168,0,0,0.413140906211168
7790,0.413140906211168,0,0,0.413140906211168
7791,0.4128625579175409,0,0,0.4128625579175409
7792,0.4128625579175409,0,0,0.4128625579175409
7793,0.4128625579175409,0,0,0.4128625579175409
7794,0.4128625579175409,0,0,0.4128625579175409
7795,0.4128625579174871,0,0,0.4128625579174871
7796,0.4128625579174871,0,0,0.4128625579174871
7797,0.4128625579174871,0,0,0.4128625579174871
7798,0.6104995191533324,0,0,0.6104995191533324
7799,0.6104995191533324,0,0,0.6104995191533324
7800,0.6104995191533324,0,0,0.6104995191533324
7801,0.9603860728180176,0,0,0.9603860728180176
7802,0.9603860728180176,0,0,0.9603860728180176
7803,0.9603860728180176,0,0,0.9603860728180176
7804,0.9603860728180176,0,0,0.9603860728180176
7805,0.15976791680368274,0,0,0.15976791680368274
7806,0.15983710743720145,0,0,0.15983710743720145
7807,0.17095095269617855,0,0,0.17095095269617855
7808,0.15862450746756562,0,0,0.15862450746756562
7809,0.15862450746756562,0,0,0.15862450746756562
7810,0.15861015925293256,0,0,0.15861015925293256
7811,0.1576266592516909,0,0,0.1576266592516909
7812,0.15762665925162045,0,0,0.15762665925162045
7813,0.15827667066505421,0,0,0.15827667066505421
7814,0.15800161602191662,0,0,0.15800161602191662
7815,0.24842457260382064,0,0,0.24842457260382064
7816,0.24690774443993466,0,0,0.24690774443993466
7817,0.24790341635482963,0,0,0.24790341635482963
7818,0.23860577471420302,0,0,0.23860577471420302
7819,0.25720864202487775,0,0,0.25720864202487775
7820,0.25720864202487775,0,0,0.25720864202487775
7821,0.25720864202487775,0,0,0.25720864202487775
7822,0.25722036317206104,0,0,0.25722036317206104
7823,0.2566283765728807,0,0,0.2566283765728807
7824,0.25683870991905805,0,0,0.25683870991905805
7825,0.2573368564757503,0,0,0.2573368564757503
7826,0.2573368564757503,0,0,0.2573368564757503
7827,0.2573165619452214,0,0,0.2573165619452214
7828,0.24894279964867858,0,0,0.24894279964867858
7829,0.24894279964867858,0,0,0.24894279964867858
7830,0.24899568183225568,0,0,0.24899568183225568
7831,0.253579167203274,0,0,0.253579167203274
7832,0.253579167203274,0,0,0.253579167203274
7833,0.2535791672033397,0,0,0.2535791672033397
7834,0.2535791672033397,0,0,0.2535791672033397
7835,0.25343852049314125,0,0,0.25343852049314125
7836,0.25343852049314125,0,0,0.25343852049314125
7837,0.2537564519706004,0,0,0.2537564519706004
7838,0.24206209695874983,0,0,0.24206209695874983
7839,0.24206209695874983,0,0,0.24206209695874983
7840,0.24344392512448387,0,0,0.24344392512448387
7841,0.24344556823041225,0,0,0.24344556823041225
7842,0.24344611527037693,0,0,0.24344611527037693
7843,0.24344611527037693,0,0,0.24344611527037693
7844,0.24358273959888832,0,0,0.24358273959888832
7845,0.24351285253566934,0,0,0.24351285253566934
7846,0.2396050892148409,0,0,0.2396050892148409
7847,0.2396050892148409,0,0,0.2396050892148409
7848,0.23782661597053478,0,0,0.23782661597053478
7849,0.2432084127039893,0,0,0.2432084127039893
7850,0.24320029056004397,0,0,0.24320029056004397
7851,0.24127246919832007,0,0,0.24127246919832007
7852,0.24129999386400935,0,0,0.24129999386400935
7853,0.24088480727875347,0,0,0.24088480727875347
7854,0.23985138327455302,0,0,0.23985138327455302
7855,4.030519536352433,0,0,4.030519536352433
7856,4.030425934046058,0,0,4.030425934046058
7857,3.5407100320714675,0,0,3.5407100320714675
7858,3.8461252637849515,0,0,3.8461252637849515
7859,3.837522921424054,0,0,3.837522921424054
7860,4.205516990660751,0,0,4.205516990660751
7861,4.2028683656165775,0,0,4.2028683656165775
7862,4.200205480154784,0,0,4.200205480154784
7863,4.198868681668992,0,0,4.198868681668992
7864,4.19905640727828,0,0,4.19905640727828
7865,2.196596999620306,0,0,2.196596999620306
7866,2.1967359480194157,0,0,2.1967359480194157
7867,2.6709871009712876,0,0,2.6709871009712876
7868,2.6709871009712876,0,0,2.6709871009712876
7869,2.3608321177554283,0,0,2.3608321177554283
7870,1.9793232872779185,0,0,1.9793232872779185
7871,1.9793232872779185,0,0,1.9793232872779185
7872,1.2813410037986608,0,0,1.2813410037986608
7873,1.2813410037986608,0,0,1.2813410037986608
7874,1.2813410037986608,0,0,1.2813410037986608
7875,1.3599686980981218,0,0,1.3599686980981218
7876,1.3599686980981218,0,0,1.3599686980981218
7877,1.3599686980981218,0,0,1.3599686980981218
7878,1.3599686980981218,0,0,1.3599686980981218
7879,1.3599686980981218,0,0,1.3599686980981218
7880,1.3599686980981218,0,0,1.3599686980981218
7881,1.4411731841689233,0,0,1.4411731841689233
7882,1.4411731841689233,0,0,1.4411731841689233
7883,1.4411731841689233,0,0,1.4411731841689233
7884,1.845434834540863,0,0,1.845434834540863
7885,1.845434834540863,0,0,1.845434834540863
7886,1.845434834540863,0,0,1.845434834540863
7887,1.845434834540863,0,0,1.845434834540863
7888,1.915319489205945,0,0,1.915319489205945
7889,1.915319489205945,0,0,1.915319489205945
7890,1.4002225531537122,0,0,1.4002225531537122
7891,1.4002225531537122,0,0,1.4002225531537122
7892,1.4002225531537122,0,0,1.4002225531537122
7893,2.661812136754141,0,0,2.661812136754141
7894,2.661812136754141,0,0,2.661812136754141
7895,2.661812136754137,0,0,2.661812136754137
7896,2.662155541078224,0,0,2.662155541078224
7897,2.662155541078224,0,0,2.662155541078224
7898,2.6621555410782256,0,0,2.6621555410782256
7899,2.7367874192361485,0,0,2.7367874192361485
7900,2.164484735949492,0,0,2.164484735949492
7901,2.164484735949492,0,0,2.164484735949492
7902,1.8767302501889995,0,0,1.8767302501889995
7903,1.8767302501889995,0,0,1.8767302501889995
7904,1.8767302501889995,0,0,1.8767302501889995
7905,1.8767302501889995,0,0,1.8767302501889995
7906,1.8761037193621728,0,0,1.8761037193621728
7907,1.8761037193621728,0,0,1.8761037193621728
7908,2.0009847338758875,0,0,2.0009847338758875
7909,1.7355562621618854,0,0,1.7355562621618854
7910,2.4061005073052235,0,0,2.4061005073052235
7911,2.3899729572302846,0,0,2.3899729572302846
7912,2.3899729572302846,0,0,2.3899729572302846
7913,2.3899729572302846,0,0,2.3899729572302846
7914,2.3899729572302846,0,0,2.3899729572302846
7915,2.3899729572302846,0,0,2.3899729572302846
7916,2.073060981529189,0,0,2.073060981529189
7917,1.772747948747026,0,0,1.772747948747026
7918,1.772747948747026,0,0,1.772747948747026
7919,1.7727479487470321,0,0,1.7727479487470321
7920,1.922088975487931,0,0,1.922088975487931
7921,1.922088975487931,0,0,1.922088975487931
7922,1.922088975487931,0,0,1.922088975487931
7923,1.922088975487931,0,0,1.922088975487931
7924,1.922088975487931,0,0,1.922088975487931
7925,1.8763956446625023,0,0,1.8763956446625023
7926,1.8763956446625023,0,0,1.8763956446625023
7927,1.8763956446625023,0,0,1.8763956446625023
7928,1.9837731039208497,0,0,1.9837731039208497
7929,2.0884141196846207,0,0,2.0884141196846207
7930,2.0884141196846207,0,0,2.0884141196846207
7931,2.0884141196846207,0,0,2.0884141196846207
7932,2.0884141196846207,0,0,2.0884141196846207
7933,2.0886464412845007,0,0,2.0886464412845007
7934,2.1265247596439196,0,0,2.1265247596439196
7935,2.1265247596439196,0,0,2.1265247596439196
7936,2.1265247596439196,0,0,2.1265247596439196
7937,2.126491113600724,0,0,2.126491113600724
7938,3.011562931729847,0,0,3.011562931729847
7939,3.0496035763199068,0,0,3.0496035763199068
7940,3.0496035763199014,0,0,3.0496035763199014
7941,3.0495438603526464,0,0,3.0495438603526464
7942,2.8503717682711183,0,0,2.8503717682711183
7943,2.9949374268509423,0,0,2.9949374268509423
7944,2.9949374268509423,0,0,2.9949374268509423
7945,2.9949374268509423,0,0,2.9949374268509423
7946,2.9945065332234457,0,0,2.9945065332234457
7947,2.9945065332234457,0,0,2.9945065332234457
7948,2.9866561314584166,0,0,2.9866561314584166
7949,2.9866561314584166,0,0,2.9866561314584166
7950,2.9866561314584166,0,0,2.9866561314584166
7951,2.841946569600335,0,0,2.841946569600335
7952,2.960678603789526,0,0,2.960678603789526
7953,2.960678603789526,0,0,2.960678603789526
7954,2.960678603789526,0,0,2.960678603789526
7955,2.960678603789526,0,0,2.960678603789526
7956,2.918628497175482,0,0,2.918628497175482
7957,2.7892851499431295,0,0,2.7892851499431295
7958,2.789595664864538,0,0,2.789595664864538
7959,2.789595664864538,0,0,2.789595664864538
7960,2.8414190782267448,0,0,2.8414190782267448
7961,2.473308899636447,0,0,2.473308899636447
7962,2.473308899636447,0,0,2.473308899636447
7963,2.473308899636447,0,0,2.473308899636447
7964,2.473308899636447,0,0,2.473308899636447
7965,2.473308899636447,0,0,2.473308899636447
7966,2.473308899636447,0,0,2.473308899636447
7967,2.473308899636447,0,0,2.473308899636447
7968,2.473308899636447,0,0,2.473308899636447
7969,2.1152069769918374,0,0,2.1152069769918374
7970,2.53387924737913,0,0,2.53387924737913
7971,2.53387924737913,0,0,2.53387924737913
7972,2.5343132528485155,0,0,2.5343132528485155
7973,2.5343132528485155,0,0,2.5343132528485155
7974,2.529967622864941,0,0,2.529967622864941
7975,2.529967622864941,0,0,2.529967622864941
7976,2.529967622864941,0,0,2.529967622864941
7977,3.9007778292564694,0,0,3.9007778292564694
7978,4.063070711857127,0,0,4.063070711857127
7979,3.935380239558436,0,0,3.935380239558436
7980,3.935380239558436,0,0,3.935380239558436
7981,4.142855573555202,0,0,4.142855573555202
7982,4.131249815456954,0,0,4.131249815456954
7983,2.73090505541532,0,0,2.73090505541532
7984,2.7309324340044574,0,0,2.7309324340044574
7985,2.957579366404814,0,0,2.957579366404814
7986,3.4923952958604465,0,0,3.4923952958604465
7987,3.4923952958604465,0,0,3.4923952958604465
7988,3.4923952958604465,0,0,3.4923952958604465
7989,3.4758594921398367,0,0,3.4758594921398367
7990,3.7005600516881376,0,0,3.7005600516881376
7991,3.2785501736562495,0,0,3.2785501736562495
7992,2.3411380778860607,0,0,2.3411380778860607
7993,2.9499014502158243,0,0,2.9499014502158243
7994,3.29841975744012,0,0,3.29841975744012
7995,3.29841975744012,0,0,3.29841975744012
7996,3.29841975744012,0,0,3.29841975744012
7997,3.29841975744012,0,0,3.29841975744012
7998,3.812484619069481,0,0,3.812484619069481
7999,3.812484619069481,0,0,3.812484619069481
8000,3.8121630112248224,0,0,3.8121630112248224
8001,5.00477467118065,0,0,5.00477467118065
8002,5.00477467118065,0,0,5.00477467118065
8003,5.478750299546166,0,0,5.478750299546166
8004,5.478750299546166,0,0,5.478750299546166
8005,5.479062631277022,0,0,5.479062631277022
8006,5.493238275502545,0,0,5.493238275502545
8007,5.493238275502545,0,0,5.493238275502545
8008,5.492783422008262,0,0,5.492783422008262
8009,5.5002358598912755,0,0,5.5002358598912755
8010,4.8092037664985865,0,0,4.8092037664985865
8011,4.809858044766101,0,0,4.809858044766101
8012,4.810323397476003,0,0,4.810323397476003
8013,4.810323397476003,0,0,4.810323397476003
8014,5.474632992407453,0,0,5.474632992407453
8015,5.474965459832198,0,0,5.474965459832198
8016,5.474965459832198,0,0,5.474965459832198
8017,5.204140861995117,0,0,5.204140861995117
8018,5.264226226812957,0,0,5.264226226812957
8019,5.11235761578697,0,0,5.11235761578697
8020,5.112410237581431,0,0,5.112410237581431
8021,5.111750814204397,0,0,5.111750814204397
8022,5.3989022118,0,0,5.3989022118
8023,5.3989022118,0,0,5.3989022118
8024,5.287912563431551,0,0,5.287912563431551
8025,5.287912563431551,0,0,5.287912563431551
8026,4.956254772401647,0,0,4.956254772401647
8027,3.674507430695017,0,0,3.674507430695017
8028,3.674507430695017,0,0,3.674507430695017
8029,3.6745460125926503,0,0,3.6745460125926503
8030,3.3372603529219775,0,0,3.3372603529219775
8031,2.896569418398996,0,0,2.896569418398996
8032,2.536286478463363,0,0,2.536286478463363
8033,2.536286478463363,0,0,2.536286478463363
8034,2.536307950489191,0,0,2.536307950489191
8035,1.9429865826382708,0,0,1.9429865826382708
8036,1.9429865826382708,0,0,1.9429865826382708
8037,2.1497160713522754,0,0,2.1497160713522754
8038,2.174022899175136,0,0,2.174022899175136
8039,2.174961512433183,0,0,2.174961512433183
8040,1.8580496867384815,0,0,1.8580496867384815
8041,1.8580496867384815,0,0,1.8580496867384815
8042,1.8580496867384815,0,0,1.8580496867384815
8043,1.8584890765970397,0,0,1.8584890765970397
8044,1.1679840379153779,0,0,1.1679840379153779
8045,1.1679840379153779,0,0,1.1679840379153779
8046,1.1387266668931109,0,0,1.1387266668931109
8047,1.1387266668931206,0,0,1.1387266668931206
8048,1.137945815555229,0,0,1.137945815555229
8049,1.137945815555229,0,0,1.137945815555229
8050,1.137945815555229,0,0,1.137945815555229
8051,1.137945815555229,0,0,1.137945815555229
8052,1.075743484711696,0,0,1.075743484711696
8053,1.075395141895045,0,0,1.075395141895045
8054,1.0167294482807891,0,0,1.0167294482807891
8055,1.0182196012973652,0,0,1.0182196012973652
8056,1.0467975959722202,0,0,1.0467975959722202
8057,1.0419464861922534,0,0,1.0419464861922534
8058,1.042131407585208,0,0,1.042131407585208
8059,1.042131407585208,0,0,1.042131407585208
8060,1.042131407585208,0,0,1.042131407585208
8061,1.042131407585208,0,0,1.042131407585208
8062,1.0157617642390682,0,0,1.0157617642390682
8063,1.0162570798419768,0,0,1.0162570798419768
8064,1.0177251387289086,0,0,1.0177251387289086
8065,1.0166438407312588,0,0,1.0166438407312588
8066,1.0166438407312588,0,0,1.0166438407312588
8067,1.0166438407312588,0,0,1.0166438407312588
8068,1.0166438407312588,0,0,1.0166438407312588
8069,1.5014437503018745,0,0,1.5014437503018745
8070,1.5018967382605484,0,0,1.5018967382605484
8071,1.5018967382605484,0,0,1.5018967382605484
8072,1.5030188905376434,0,0,1.5030188905376434
8073,1.5030188905376434,0,0,1.5030188905376434
8074,1.5030188905376323,0,0,1.5030188905376323
8075,1.5030188905376323,0,0,1.5030188905376323
8076,3.48490544301765,0,0,3.48490544301765
8077,4.484272958089325,0,0,4.484272958089325
8078,4.484523177573777,0,0,4.484523177573777
8079,4.460915003394258,0,0,4.460915003394258
8080,4.734346791541343,0,0,4.734346791541343
8081,4.734071515579949,0,0,4.734071515579949
8082,4.734071515579949,0,0,4.734071515579949
8083,5.45120299649534,0,0,5.45120299649534
8084,5.451202996495342,0,0,5.451202996495342
8085,5.925953012568994,0,1,5.925953012568994
8086,5.808197657616972,0,1,5.808197657616972
8087,5.767487095370514,0,1,5.767487095370514
8088,5.46328415609842,0,0,5.46328415609842
8089,5.46235924390751,0,0,5.46235924390751
8090,5.46235924390751,0,0,5.46235924390751
8091,5.577551375248345,0,1,5.577551375248345
8092,5.577551375248345,0,1,5.577551375248345
8093,5.577551375248345,0,1,5.577551375248345
8094,5.577551375248345,0,1,5.577551375248345
8095,5.577551375248344,0,1,5.577551375248344
8096,5.259689845317399,0,0,5.259689845317399
8097,5.259689845317399,0,0,5.259689845317399
8098,4.554971544610436,0,0,4.554971544610436
8099,4.768186302286108,0,0,4.768186302286108
8100,4.768186302286108,0,0,4.768186302286108
8101,4.973356312089552,0,0,4.973356312089552
8102,4.973356312089554,0,0,4.973356312089554
8103,5.146929142517476,0,0,5.146929142517476
8104,4.297982475970338,0,0,4.297982475970338
8105,3.1450909479257034,0,0,3.1450909479257034
8106,3.5042600933821295,0,0,3.5042600933821295
8107,3.5042600933821295,0,0,3.5042600933821295
8108,3.5042600933821295,0,0,3.5042600933821295
8109,3.5042600933821295,0,0,3.5042600933821295
8110,3.5042600933821295,0,0,3.5042600933821295
8111,3.4675381187003027,0,0,3.4675381187003027
8112,3.7613291662401687,0,0,3.7613291662401687
8113,3.7613291662401687,0,0,3.7613291662401687
8114,3.7613291662401687,0,0,3.7613291662401687
8115,4.177896239966502,0,0,4.177896239966502
8116,4.47310740461263,0,0,4.47310740461263
8117,4.47310740461263,0,0,4.47310740461263
8118,4.47310740461263,0,0,4.47310740461263
8119,4.924526788227223,0,0,4.924526788227223
8120,4.924526788227224,0,0,4.924526788227224
8121,4.995399998032042,0,0,4.995399998032042
8122,4.995712025027824,0,0,4.995712025027824
8123,4.603727296588092,0,0,4.603727296588092
8124,4.603727296588092,0,0,4.603727296588092
8125,4.556456504447844,0,0,4.556456504447844
8126,2.972629579257861,0,0,2.972629579257861
8127,2.972629579257861,0,0,2.972629579257861
8128,2.972629579257861,0,0,2.972629579257861
8129,2.972629579257861,0,0,2.972629579257861
8130,2.972629579257861,0,0,2.972629579257861
8131,3.013642643851027,0,0,3.013642643851027
8132,3.013642643851027,0,0,3.013642643851027
8133,3.1703866164972307,0,0,3.1703866164972307
8134,3.1703866164972307,0,0,3.1703866164972307
8135,3.1703866164972307,0,0,3.1703866164972307
8136,3.1703866164972307,0,0,3.1703866164972307
8137,3.170299815014591,0,0,3.170299815014591
8138,3.170299815014591,0,0,3.170299815014591
8139,2.7673444902311553,0,0,2.7673444902311553
8140,2.7673444902311553,0,0,2.7673444902311553
8141,2.903228167110069,0,0,2.903228167110069
8142,2.903228167110069,0,0,2.903228167110069
8143,2.957467993461324,0,0,2.957467993461324
8144,2.957467993461324,0,0,2.957467993461324
8145,2.957467993461326,0,0,2.957467993461326
8146,2.957467993461326,0,0,2.957467993461326
8147,3.5009274886597024,0,0,3.5009274886597024
8148,4.002248145549548,0,0,4.002248145549548
8149,4.003335991334883,0,0,4.003335991334883
8150,4.003335991334883,0,0,4.003335991334883
8151,4.003335991334883,0,0,4.003335991334883
8152,4.003335991334883,0,0,4.003335991334883
8153,3.834511556043297,0,0,3.834511556043297
8154,3.834511556043297,0,0,3.834511556043297
8155,4.249118677881416,0,0,4.249118677881416
8156,4.249118677881418,0,0,4.249118677881418
8157,4.393704796206124,0,0,4.393704796206124
8158,4.393704796206121,0,0,4.393704796206121
8159,4.393704796206121,0,0,4.393704796206121
8160,4.393704796206121,0,0,4.393704796206121
8161,4.365661347064514,0,0,4.365661347064514
8162,4.365661347064514,0,0,4.365661347064514
8163,4.386763647211909,0,0,4.386763647211909
8164,4.386763647211909,0,0,4.386763647211909
8165,4.175556226022755,0,0,4.175556226022755
8166,4.063372557142138,0,0,4.063372557142138
8167,4.026543274338053,0,0,4.026543274338053
8168,4.026543274338053,0,0,4.026543274338053
8169,3.54378215657871,0,0,3.54378215657871
8170,3.54378215657871,0,0,3.54378215657871
8171,3.54378215657871,0,0,3.54378215657871
8172,3.54378215657871,0,0,3.54378215657871
8173,3.248420785068422,0,0,3.248420785068422
8174,3.3366531654068825,0,0,3.3366531654068825
8175,3.3585574068721447,0,0,3.3585574068721447
8176,3.3585574068721447,0,0,3.3585574068721447
8177,3.1618061930762558,0,0,3.1618061930762558
8178,3.1618061930762558,0,0,3.1618061930762558
8179,3.1618558443194114,0,0,3.1618558443194114
8180,2.8560620923647537,0,0,2.8560620923647537
8181,1.3604250891579475,0,0,1.3604250891579475
8182,1.3604250891579475,0,0,1.3604250891579475
8183,1.3149092796203998,0,0,1.3149092796203998
8184,1.3149092796203998,0,0,1.3149092796203998
8185,1.3149092796203998,0,0,1.3149092796203998
8186,1.3149092796204083,0,0,1.3149092796204083
8187,1.3149092796204083,0,0,1.3149092796204083
8188,1.3149092796204083,0,0,1.3149092796204083
8189,1.7379681245874092,0,0,1.7379681245874092
8190,1.6591830463933983,0,0,1.6591830463933983
8191,1.6681771474200808,0,0,1.6681771474200808
8192,1.6681771474200808,0,0,1.6681771474200808
8193,1.6681771474200808,0,0,1.6681771474200808
8194,1.6681771474200808,0,0,1.6681771474200808
8195,1.6682500490742125,0,0,1.6682500490742125
8196,1.6682500490742125,0,0,1.6682500490742125
8197,1.6680887068206742,0,0,1.6680887068206742
8198,1.7477797241751665,0,0,1.7477797241751665
8199,1.8123292628799332,0,0,1.8123292628799332
8200,1.812329262879927,0,0,1.812329262879927
8201,1.812329262879927,0,0,1.812329262879927
8202,1.812329262879927,0,0,1.812329262879927
8203,1.812329262879927,0,0,1.812329262879927
8204,1.812329262879927,0,0,1.812329262879927
8205,1.812329262879927,0,0,1.812329262879927
8206,1.812329262879927,0,0,1.812329262879927
8207,2.2962161670216656,0,0,2.2962161670216656
8208,2.2962161670216656,0,0,2.2962161670216656
8209,2.2962161670216656,0,0,2.2962161670216656
8210,2.2962161670216634,0,0,2.2962161670216634
8211,2.296365933381294,0,0,2.296365933381294
8212,2.296365933381294,0,0,2.296365933381294
8213,2.296365933381294,0,0,2.296365933381294
8214,2.296365933381294,0,0,2.296365933381294
8215,3.648896780641196,0,0,3.648896780641196
8216,2.4318674107263982,0,0,2.4318674107263982
8217,0.5188800482731544,0,0,0.5188800482731544
8218,0.5188800482731544,0,0,0.5188800482731544
8219,0.5188800482731544,0,0,0.5188800482731544
8220,0.5188800482731544,0,0,0.5188800482731544
8221,0.5188800482731544,0,0,0.5188800482731544
8222,0.5188800482731544,0,0,0.5188800482731544
8223,1.136672146993167,0,0,1.136672146993167
8224,1.136672146993167,0,0,1.136672146993167
8225,1.2422374247183772,0,0,1.2422374247183772
8226,1.2422374247183683,0,0,1.2422374247183683
8227,1.2422374247183683,0,0,1.2422374247183683
8228,1.2422374247183683,0,0,1.2422374247183683
8229,1.2420093860731718,0,0,1.2420093860731718
8230,1.2420093860731718,0,0,1.2420093860731718
8231,1.1671480395402103,0,0,1.1671480395402103
8232,1.1671480395402103,0,0,1.1671480395402103
8233,1.1791689367155396,0,0,1.1791689367155396
8234,1.1791689367155396,0,0,1.1791689367155396
8235,1.1791689367155396,0,0,1.1791689367155396
8236,1.1791689367155396,0,0,1.1791689367155396
8237,1.1791689367155396,0,0,1.1791689367155396
8238,1.1791689367155396,0,0,1.1791689367155396
8239,1.4745844156147376,0,0,1.4745844156147376
8240,1.4745844156147376,0,0,1.4745844156147376
8241,1.4233799457857572,0,0,1.4233799457857572
8242,1.4233799457857572,0,0,1.4233799457857572
8243,3.260490459120808,0,0,3.260490459120808
8244,3.260490459120808,0,0,3.260490459120808
8245,3.260490459120808,0,0,3.260490459120808
8246,3.260490459120808,0,0,3.260490459120808
8247,3.6253658792462655,0,0,3.6253658792462655
8248,3.6253658792462673,0,0,3.6253658792462673
8249,3.8325142043375195,0,0,3.8325142043375195
8250,3.8325142043375195,0,0,3.8325142043375195
8251,3.972595935183877,0,0,3.972595935183877
8252,3.972595935183877,0,0,3.972595935183877
8253,3.972595935183877,0,0,3.972595935183877
8254,3.97259593518388,0,0,3.97259593518388
8255,4.422596113175787,0,0,4.422596113175787
8256,4.422596113175787,0,0,4.422596113175787
8257,4.452737229159598,0,0,4.452737229159598
8258,4.452737229159598,0,0,4.452737229159598
8259,4.411625402524096,0,0,4.411625402524096
8260,4.725148097145214,0,0,4.725148097145214
8261,4.724805276078167,0,0,4.724805276078167
8262,4.724805276078166,0,0,4.724805276078166
8263,4.594151622877789,0,0,4.594151622877789
8264,3.028227021237244,0,0,3.028227021237244
8265,3.0314208277750088,0,0,3.0314208277750088
8266,3.0314208277750088,0,0,3.0314208277750088
8267,3.9715933897398394,0,0,3.9715933897398394
8268,3.971836454282537,0,0,3.971836454282537
8269,3.9878830700910597,0,0,3.9878830700910597
8270,4.57698438452013,0,0,4.57698438452013
8271,4.57698438452013,0,0,4.57698438452013
8272,4.57698438452013,0,0,4.57698438452013
8273,4.629570508168132,0,0,4.629570508168132
8274,4.6561209100150025,0,0,4.6561209100150025
8275,5.342640365259388,0,0,5.342640365259388
8276,5.342840182428435,0,0,5.342840182428435
8277,5.297986809104237,0,0,5.297986809104237
8278,5.342840182428435,0,0,5.342840182428435
8279,5.30748925801014,0,0,5.30748925801014
8280,5.527817781051242,0,0,5.527817781051242
8281,5.421631712692641,0,0,5.421631712692641
8282,5.403196890391713,0,0,5.403196890391713
8283,5.394220230073766,0,0,5.394220230073766
8284,5.431498436272083,0,0,5.431498436272083
8285,5.431357753070743,0,0,5.431357753070743
8286,5.385177794042754,0,0,5.385177794042754
8287,5.384952284159716,0,0,5.384952284159716
8288,5.353963565494586,0,0,5.353963565494586
8289,4.5684613503111,0,0,4.5684613503111
8290,4.636545276526521,0,0,4.636545276526521
8291,4.6365452765265225,0,0,4.6365452765265225
8292,4.636545276526521,0,0,4.636545276526521
8293,3.172791677358341,0,0,3.172791677358341
8294,3.172791677358337,0,0,3.172791677358337
8295,3.1823319182124354,0,0,3.1823319182124354
8296,3.1823319182124354,0,0,3.1823319182124354
8297,3.182134590508886,0,0,3.182134590508886
8298,3.182134590508886,0,0,3.182134590508886
8299,3.2633622929060766,0,0,3.2633622929060766
8300,3.6770356418775076,0,0,3.6770356418775076
8301,2.898152889974183,0,0,2.898152889974183
8302,2.870727723235705,0,0,2.870727723235705
8303,2.8707277232357087,0,0,2.8707277232357087
8304,2.8707277232357087,0,0,2.8707277232357087
8305,2.8707277232357087,0,0,2.8707277232357087
8306,2.894119297446852,0,0,2.894119297446852
8307,2.8941192974468555,0,0,2.8941192974468555
8308,2.8941192974468555,0,0,2.8941192974468555
8309,1.9991506417314493,0,0,1.9991506417314493
8310,2.371217720162886,0,0,2.371217720162886
8311,2.300691356423824,0,0,2.300691356423824
8312,2.300691356423824,0,0,2.300691356423824
8313,2.300691356423824,0,0,2.300691356423824
8314,2.3665883746587486,0,0,2.3665883746587486
8315,2.405037387444316,0,0,2.405037387444316
8316,2.405037387444316,0,0,2.405037387444316
8317,2.405037387444316,0,0,2.405037387444316
8318,2.404745329917635,0,0,2.404745329917635
8319,2.402041770970071,0,0,2.402041770970071
8320,2.592922699117716,0,0,2.592922699117716
8321,2.5927283447076035,0,0,2.5927283447076035
8322,2.5927283447076035,0,0,2.5927283447076035
8323,2.5927283447076035,0,0,2.5927283447076035
8324,3.0144560733475987,0,0,3.0144560733475987
8325,3.012394494825738,0,0,3.012394494825738
8326,3.012394494825738,0,0,3.012394494825738
8327,3.012394494825742,0,0,3.012394494825742
8328,3.012394494825742,0,0,3.012394494825742
8329,3.2985646069241925,0,0,3.2985646069241925
8330,3.4080273305829176,0,0,3.4080273305829176
8331,3.407900993985338,0,0,3.407900993985338
8332,3.407900993985338,0,0,3.407900993985338
8333,3.407900993985338,0,0,3.407900993985338
8334,0.011677854435670033,1,0,0.011677854435670033
8335,0.011765528276584298,1,0,0.011765528276584298
8336,0.011142161352533765,1,0,0.011142161352533765
8337,0.011142161352533765,1,0,0.011142161352533765
8338,0.011142161352533765,1,0,0.011142161352533765
8339,0.011142186933497899,1,0,0.011142186933497899
8340,0.010668086458748047,1,0,0.010668086458748047
8341,0.010668086457707351,1,0,0.010668086457707351
8342,0.011557236823924117,1,0,0.011557236823924117
8343,0.011557233722048917,1,0,0.011557233722048917
8344,0.011821657611315862,1,0,0.011821657611315862
8345,0.01134234521581607,1,0,0.01134234521581607
8346,0.01134234521581607,1,0,0.01134234521581607
8347,0.011437763183734503,1,0,0.011437763183734503
8348,0.011444394189439338,1,0,0.011444394189439338
8349,0.011446533662057107,1,0,0.011446533662057107
8350,0.010218537580434664,1,0,0.010218537580434664
8351,0.010633315821542037,1,0,0.010633315821542037
8352,0.011674767680943584,1,0,0.011674767680943584
8353,0.011674767680943584,1,0,0.011674767680943584
8354,0.011674507231651204,1,0,0.011674507231651204
8355,0.010698622867649004,1,0,0.010698622867649004
8356,0.011205905838931916,1,0,0.011205905838931916
8357,0.011205905838931916,1,0,0.011205905838931916
8358,0.011813954426286171,1,0,0.011813954426286171
8359,0.011894497685424867,1,0,0.011894497685424867
8360,0.01213435887947447,1,0,0.01213435887947447
8361,0.01213435887947447,1,0,0.01213435887947447
8362,0.012269183980752555,1,0,0.012269183980752555
8363,0.012269183980752555,1,0,0.012269183980752555
8364,0.0119144186528332,1,0,0.0119144186528332
8365,0.01052718073868124,1,0,0.01052718073868124
8366,0.01161932045794355,1,0,0.01161932045794355
8367,0.01161932045794355,1,0,0.01161932045794355
8368,0.011619320458421298,1,0,0.011619320458421298
8369,0.011623598375280047,1,0,0.011623598375280047
8370,0.011623813279170258,1,0,0.011623813279170258
8371,0.011623714422040375,1,0,0.011623714422040375
8372,0.011623662624412095,1,0,0.011623662624412095
8373,0.011697481546792315,1,0,0.011697481546792315
8374,0.01159910547500338,1,0,0.01159910547500338
8375,0.01130425707172422,1,0,0.01130425707172422
8376,0.01130425707172422,1,0,0.01130425707172422
8377,0.011371744664454802,1,0,0.011371744664454802
8378,0.011373433497401978,1,0,0.011373433497401978
8379,0.01168157697195558,1,0,0.01168157697195558
8380,0.011681576971480376,1,0,0.011681576971480376
8381,0.01172104655581787,1,0,0.01172104655581787
8382,0.01172104655581787,1,0,0.01172104655581787
8383,0.011721046600810093,1,0,0.011721046600810093
8384,4.813287948888153,0,0,4.813287948888153
8385,4.746452165357115,0,0,4.746452165357115
8386,4.771648320668233,0,0,4.771648320668233
8387,4.771648320668233,0,0,4.771648320668233
8388,4.771648320668233,0,0,4.771648320668233
8389,4.771760731946343,0,0,4.771760731946343
8390,4.907321410867957,0,0,4.907321410867957
8391,5.738158906017826,0,1,5.738158906017826
8392,5.143301808747345,0,0,5.143301808747345
8393,5.142861606098764,0,0,5.142861606098764
8394,5.029106802965793,0,0,5.029106802965793
8395,5.0291068029657895,0,0,5.0291068029657895
8396,5.4959446289280045,0,0,5.4959446289280045
8397,5.716950645970803,0,1,5.716950645970803
8398,5.473732255311614,0,0,5.473732255311614
8399,4.888533601995471,0,0,4.888533601995471
8400,4.888533601995471,0,0,4.888533601995471
8401,4.8896684708597125,0,0,4.8896684708597125
8402,4.969435870063164,0,0,4.969435870063164
8403,4.969435870063161,0,0,4.969435870063161
8404,5.041550908381373,0,0,5.041550908381373
8405,5.041550908381374,0,0,5.041550908381374
8406,5.041550908381374,0,0,5.041550908381374
8407,5.041550908381374,0,0,5.041550908381374
8408,4.988896089487834,0,0,4.988896089487834
8409,4.905400650689479,0,0,4.905400650689479
8410,4.979354475063445,0,0,4.979354475063445
8411,4.979354475063447,0,0,4.979354475063447
8412,4.979354475063447,0,0,4.979354475063447
8413,4.979354475063449,0,0,4.979354475063449
8414,4.792391211855263,0,0,4.792391211855263
8415,4.792391211855263,0,0,4.792391211855263
8416,3.5026417867891233,0,0,3.5026417867891233
8417,1.8633056206046286,0,0,1.8633056206046286
8418,1.8729552893604187,0,0,1.8729552893604187
8419,2.5282061025927947,0,0,2.5282061025927947
8420,3.6464017280174215,0,0,3.6464017280174215
8421,3.6462367733116063,0,0,3.6462367733116063
8422,3.6462367733116063,0,0,3.6462367733116063
8423,4.262407399867431,0,0,4.262407399867431
8424,4.279985077515308,0,0,4.279985077515308
8425,4.26794534947157,0,0,4.26794534947157
8426,4.26794534947157,0,0,4.26794534947157
8427,4.26794534947157,0,0,4.26794534947157
8428,4.26172602678894,0,0,4.26172602678894
8429,4.237405895612621,0,0,4.237405895612621
8430,4.2376733175957035,0,0,4.2376733175957035
8431,4.245742895664328,0,0,4.245742895664328
8432,4.206801342793231,0,0,4.206801342793231
8433,4.206801342793231,0,0,4.206801342793231
8434,3.0646691063697316,0,0,3.0646691063697316
8435,3.0238040948250915,0,0,3.0238040948250915
8436,2.930706007303054,0,0,2.930706007303054
8437,2.930706007303054,0,0,2.930706007303054
8438,3.502332245073546,0,0,3.502332245073546
8439,3.502332245073544,0,0,3.502332245073544
8440,3.2754400298670276,0,0,3.2754400298670276
8441,3.2754400298670276,0,0,3.2754400298670276
8442,3.2754400298670276,0,0,3.2754400298670276
8443,3.2754400298670276,0,0,3.2754400298670276
8444,3.099961528101097,0,0,3.099961528101097
8445,3.099961528101097,0,0,3.099961528101097
8446,3.239477699387836,0,0,3.239477699387836
8447,3.239477699387836,0,0,3.239477699387836
8448,3.239477699387836,0,0,3.239477699387836
8449,3.239477699387836,0,0,3.239477699387836
8450,3.025732067120379,0,0,3.025732067120379
8451,3.025732067120379,0,0,3.025732067120379
8452,3.1827688414761033,0,0,3.1827688414761033
8453,3.1827688414761033,0,0,3.1827688414761033
8454,3.1827619896968047,0,0,3.1827619896968047
8455,3.1827619896968047,0,0,3.1827619896968047
8456,3.785357150313649,0,0,3.785357150313649
8457,5.040817181376959,0,0,5.040817181376959
8458,5.128843498139476,0,0,5.128843498139476
8459,5.128843498139476,0,0,5.128843498139476
8460,5.128843498139476,0,0,5.128843498139476
8461,4.927552894365218,0,0,4.927552894365218
8462,5.224318839676717,0,0,5.224318839676717
8463,5.224318839676717,0,0,5.224318839676717
8464,5.0658807345429295,0,0,5.0658807345429295
8465,5.06588073454293,0,0,5.06588073454293
8466,5.06588073454293,0,0,5.06588073454293
8467,5.462382380754718,0,0,5.462382380754718
8468,5.459307114947827,0,0,5.459307114947827
8469,5.2996111602960925,0,0,5.2996111602960925
8470,5.084266864827099,0,0,5.084266864827099
8471,5.084376749332409,0,0,5.084376749332409
8472,4.894692730245774,0,0,4.894692730245774
8473,4.457167785197227,0,0,4.457167785197227
8474,4.446334371319902,0,0,4.446334371319902
8475,4.18553124213811,0,0,4.18553124213811
8476,3.937512758119024,0,0,3.937512758119024
8477,3.7599849965821184,0,0,3.7599849965821184
8478,3.7599849965821184,0,0,3.7599849965821184
8479,3.7599849965821184,0,0,3.7599849965821184
8480,3.7598785708193945,0,0,3.7598785708193945
8481,3.7598785708193945,0,0,3.7598785708193945
8482,3.6402198372754118,0,0,3.6402198372754118
8483,3.6403226437110163,0,0,3.6403226437110163
8484,3.6403226437110163,0,0,3.6403226437110163
8485,3.6403226437110177,0,0,3.6403226437110177
8486,3.6403226437110177,0,0,3.6403226437110177
8487,3.494907482066917,0,0,3.494907482066917
8488,3.401887568344071,0,0,3.401887568344071
8489,3.401887568344071,0,0,3.401887568344071
8490,3.401887568344071,0,0,3.401887568344071
8491,3.401887568344071,0,0,3.401887568344071
8492,3.4311511125185716,0,0,3.4311511125185716
8493,3.4783409242548333,0,0,3.4783409242548333
8494,3.5442749520121226,0,0,3.5442749520121226
8495,3.5442749520121226,0,0,3.5442749520121226
8496,3.5442749520121226,0,0,3.5442749520121226
8497,3.18381547098281,0,0,3.18381547098281
8498,3.18381547098281,0,0,3.18381547098281
8499,3.183815470982807,0,0,3.183815470982807
8500,1.954843205176888,0,0,1.954843205176888
8501,1.4308120635037376,0,0,1.4308120635037376
8502,2.108655648865411,0,0,2.108655648865411
8503,2.2097617215247656,0,0,2.2097617215247656
8504,2.6021615166007996,0,0,2.6021615166007996
8505,2.6133042217190554,0,0,2.6133042217190554
8506,2.8753754097842585,0,0,2.8753754097842585
8507,2.998484511260031,0,0,2.998484511260031
8508,2.998576608067536,0,0,2.998576608067536
8509,2.998625529488892,0,0,2.998625529488892
8510,2.9986281343625127,0,0,2.9986281343625127
8511,3.432892531919331,0,0,3.432892531919331
8512,3.5473047716906443,0,0,3.5473047716906443
8513,4.36596036358217,0,0,4.36596036358217
8514,4.36596036358217,0,0,4.36596036358217
8515,4.36596036358217,0,0,4.36596036358217
8516,4.527751414267934,0,0,4.527751414267934
8517,4.533194699763822,0,0,4.533194699763822
8518,4.644074167144006,0,0,4.644074167144006
8519,4.642680097804835,0,0,4.642680097804835
8520,4.758785382650792,0,0,4.758785382650792
8521,4.751517966907857,0,0,4.751517966907857
8522,4.692776185219989,0,0,4.692776185219989
8523,5.193549315811236,0,0,5.193549315811236
8524,5.302640114929293,0,0,5.302640114929293
8525,5.445363037650842,0,0,5.445363037650842
8526,5.491164402545981,0,0,5.491164402545981
8527,5.437985623587962,0,0,5.437985623587962
8528,5.404516530791613,0,0,5.404516530791613
8529,5.449600677096627,0,0,5.449600677096627
8530,5.449600677096628,0,0,5.449600677096628
8531,5.44339701839325,0,0,5.44339701839325
8532,5.316925231337634,0,0,5.316925231337634
8533,5.404839153665077,0,0,5.404839153665077
8534,5.4276324757675845,0,0,5.4276324757675845
8535,5.429455676351352,0,0,5.429455676351352
8536,5.429455676351352,0,0,5.429455676351352
8537,5.382178873163087,0,0,5.382178873163087
8538,5.3867858151384995,0,0,5.3867858151384995
8539,5.386149958195675,0,0,5.386149958195675
8540,5.256072184089062,0,0,5.256072184089062
8541,5.256072184089064,0,0,5.256072184089064
8542,5.204163429305322,0,0,5.204163429305322
8543,5.333619299231434,0,0,5.333619299231434
8544,5.103411991891116,0,0,5.103411991891116
8545,5.103039171455478,0,0,5.103039171455478
8546,5.103034955419339,0,0,5.103034955419339
8547,5.058064255077051,0,0,5.058064255077051
8548,5.314904570094177,0,0,5.314904570094177
8549,5.314021075925907,0,0,5.314021075925907
8550,5.313539072946613,0,0,5.313539072946613
8551,5.313539072946613,0,0,5.313539072946613
8552,5.811670875956928,0,1,5.811670875956928
8553,5.288816018010086,0,0,5.288816018010086
8554,5.154592521272163,0,0,5.154592521272163
8555,4.989408953849619,0,0,4.989408953849619
8556,4.799708922038914,0,0,4.799708922038914
8557,5.0088435967118565,0,0,5.0088435967118565
8558,5.034342513288432,0,0,5.034342513288432
8559,5.034329215229322,0,0,5.034329215229322
8560,5.034335045688418,0,0,5.034335045688418
8561,5.034341077862769,0,0,5.034341077862769
8562,5.182961694364614,0,0,5.182961694364614
8563,5.307712927948271,0,0,5.307712927948271
8564,5.30728129954384,0,0,5.30728129954384
8565,5.243990441581405,0,0,5.243990441581405
8566,5.24360540236023,0,0,5.24360540236023
8567,5.330440693749684,0,0,5.330440693749684
8568,5.297958479081144,0,0,5.297958479081144
8569,5.297738121670371,0,0,5.297738121670371
8570,5.213880489908215,0,0,5.213880489908215
8571,5.2135784518093775,0,0,5.2135784518093775
8572,5.337111464734462,0,0,5.337111464734462
8573,4.163129965907083,0,0,4.163129965907083
8574,3.723541938775636,0,0,3.723541938775636
8575,3.584800131164371,0,0,3.584800131164371
8576,3.584800131164371,0,0,3.584800131164371
8577,3.5848001311643727,0,0,3.5848001311643727
8578,4.2038824467398435,0,0,4.2038824467398435
8579,4.585718621048889,0,0,4.585718621048889
8580,4.585718621048889,0,0,4.585718621048889
8581,4.585718621048889,0,0,4.585718621048889
8582,4.585718621048886,0,0,4.585718621048886
8583,4.586195889627639,0,0,4.586195889627639
8584,5.036114326148902,0,0,5.036114326148902
8585,5.7402959663188895,0,1,5.7402959663188895
8586,5.7402959663188895,0,1,5.7402959663188895
8587,5.7402959663188895,0,1,5.7402959663188895
8588,5.7402959663188895,0,1,5.7402959663188895
8589,6.011521197048143,0,1,6.011521197048143
8590,6.0115211970481415,0,1,6.0115211970481415
8591,6.011925029401226,0,1,6.011925029401226
8592,6.1489816727262205,0,1,6.1489816727262205
8593,5.946101905921207,0,1,5.946101905921207
8594,5.946101905921207,0,1,5.946101905921207
8595,6.021424889554228,0,1,6.021424889554228
8596,6.021424889554232,0,1,6.021424889554232
8597,6.021424889554232,0,1,6.021424889554232
8598,5.1824881369947216,0,0,5.1824881369947216
8599,5.42953105726115,0,0,5.42953105726115
8600,5.429531057261151,0,0,5.429531057261151
8601,5.161137699959168,0,0,5.161137699959168
8602,5.108508947388462,0,0,5.108508947388462
8603,5.108508947388465,0,0,5.108508947388465
8604,5.108813929213121,0,0,5.108813929213121
8605,5.427321273646713,0,0,5.427321273646713
8606,5.153241602564934,0,0,5.153241602564934
8607,5.052592783707428,0,0,5.052592783707428
8608,5.052592783707428,0,0,5.052592783707428
8609,5.052287902048252,0,0,5.052287902048252
8610,5.051982488947636,0,0,5.051982488947636
8611,5.051982488947636,0,0,5.051982488947636
8612,0.04475956849480316,1,0,0.04475956849480316
8613,0.04512610749710113,1,0,0.04512610749710113
8614,0.0450294306378672,1,0,0.0450294306378672
8615,0.04499073515875516,1,0,0.04499073515875516
8616,0.04499073515875516,1,0,0.04499073515875516
8617,0.0450646488946871,1,0,0.0450646488946871
8618,0.04496185493580744,1,0,0.04496185493580744
8619,0.04691638221334805,1,0,0.04691638221334805
8620,0.0471758069658632,1,0,0.0471758069658632
8621,0.04902419704377839,1,0,0.04902419704377839
8622,0.04784317766446517,1,0,0.04784317766446517
8623,0.04581724488827889,1,0,0.04581724488827889
8624,0.04454942114616191,1,0,0.04454942114616191
8625,0.04598506355780361,1,0,0.04598506355780361
8626,0.04602886659479857,1,0,0.04602886659479857
8627,0.04633413348648889,1,0,0.04633413348648889
8628,0.04699194159637337,1,0,0.04699194159637337
8629,0.04530107747865273,1,0,0.04530107747865273
8630,0.045491490160518316,1,0,0.045491490160518316
8631,0.045491490160518316,1,0,0.045491490160518316
8632,0.04559913379560083,1,0,0.04559913379560083
8633,0.045599133795357356,1,0,0.045599133795357356
8634,0.04390173433006485,1,0,0.04390173433006485
8635,0.043896757336157034,1,0,0.043896757336157034
8636,0.04381985157754998,1,0,0.04381985157754998
8637,0.0496623198274439,1,0,0.0496623198274439
8638,0.0498926089586046,1,0,0.0498926089586046
8639,0.04971228794969467,1,0,0.04971228794969467
8640,0.04971228795002966,1,0,0.04971228795002966
8641,0.050882456048003066,1,0,0.050882456048003066
8642,0.05057760396622344,1,0,0.05057760396622344
8643,3.120213988259106,1,0,3.120213988259106
8644,3.1202415516510165,1,0,3.1202415516510165
8645,3.120564507867556,1,0,3.120564507867556
8646,3.1183510716232754,1,0,3.1183510716232754
8647,3.1186821293607903,1,0,3.1186821293607903
8648,3.11924696909589,1,0,3.11924696909589
8649,3.1167458635979086,1,0,3.1167458635979086
8650,3.117580073828423,1,0,3.117580073828423
8651,3.118463045593776,1,0,3.118463045593776
8652,3.1190270086839047,1,0,3.1190270086839047
8653,3.1198789828564952,1,0,3.1198789828564952
8654,3.1206049882890134,1,0,3.1206049882890134
8655,3.121019203482185,1,0,3.121019203482185
8656,3.1201883059285693,1,0,3.1201883059285693
8657,3.119454063351531,1,0,3.119454063351531
8658,3.119331089626496,1,0,3.119331089626496
8659,3.1209180410905044,1,0,3.1209180410905044
8660,3.120066055559383,1,0,3.120066055559383
8661,3.1195057599729608,1,0,3.1195057599729608
8662,0.02846544338688118,1,0,0.02846544338688118
8663,0.02797639593368829,1,0,0.02797639593368829
8664,0.031289979170868516,1,0,0.031289979170868516
8665,0.031185515145543397,1,0,0.031185515145543397
8666,0.031944055151034205,1,0,0.031944055151034205
8667,0.03177701962253544,1,0,0.03177701962253544
8668,0.03237851764911916,1,0,0.03237851764911916
8669,0.032260546244163635,1,0,0.032260546244163635
8670,0.03271345991967014,1,0,0.03271345991967014
8671,0.031994803686023185,1,0,0.031994803686023185
8672,0.03197757333535439,1,0,0.03197757333535439
8673,0.03169690964532251,1,0,0.03169690964532251
8674,0.031756836037682604,1,0,0.031756836037682604
8675,0.03206482450867773,1,0,0.03206482450867773
8676,0.03204683760064564,1,0,0.03204683760064564
8677,0.03204683760064564,1,0,0.03204683760064564
8678,0.031013174794888222,1,0,0.031013174794888222
8679,0.030624337577536714,1,0,0.030624337577536714
8680,0.030644767518533966,1,0,0.030644767518533966
8681,0.030638535054932883,1,0,0.030638535054932883
8682,0.029985778189118906,1,0,0.029985778189118906
8683,0.029459419446721296,1,0,0.029459419446721296
8684,0.02921804775450036,1,0,0.02921804775450036
8685,0.028500167026208358,1,0,0.028500167026208358
8686,0.028303162469280517,1,0,0.028303162469280517
8687,0.028786103391629455,1,0,0.028786103391629455
8688,0.028849153014191362,1,0,0.028849153014191362
8689,0.027196698910653794,1,0,0.027196698910653794
8690,0.027431693644252672,1,0,0.027431693644252672
8691,0.025858292576387786,1,0,0.025858292576387786
8692,0.025859387279209566,1,0,0.025859387279209566
8693,4.372168751477595,0,0,4.372168751477595
8694,4.180967998250443,0,0,4.180967998250443
8695,4.181012398216004,0,0,4.181012398216004
8696,4.136307756691244,0,0,4.136307756691244
8697,4.136307756691241,0,0,4.136307756691241
8698,4.140062943592056,0,0,4.140062943592056
8699,4.325046262144926,0,0,4.325046262144926
8700,4.060769171069846,0,0,4.060769171069846
8701,4.060769171069846,0,0,4.060769171069846
8702,4.060769171069844,0,0,4.060769171069844
8703,4.060890140415071,0,0,4.060890140415071
8704,2.739005168457959,0,0,2.739005168457959
8705,2.0803204405572426,0,0,2.0803204405572426
8706,2.0803204405572426,0,0,2.0803204405572426
8707,3.408249218191858,0,0,3.408249218191858
8708,3.850572539966982,0,0,3.850572539966982
8709,3.850572539966982,0,0,3.850572539966982
8710,3.850572539966982,0,0,3.850572539966982
8711,3.850572539966982,0,0,3.850572539966982
8712,3.850407915441599,0,0,3.850407915441599
8713,3.8500340944373974,0,0,3.8500340944373974
8714,1.6728857363525793,0,0,1.6728857363525793
8715,1.6728857363525793,0,0,1.6728857363525793
8716,1.6728857363525793,0,0,1.6728857363525793
8717,1.6955182552900043,0,0,1.6955182552900043
8718,1.5102745700228124,0,0,1.5102745700228124
8719,1.5102745700228086,0,0,1.5102745700228086
8720,1.5102745700228086,0,0,1.5102745700228086
8721,1.5102745700228086,0,0,1.5102745700228086
8722,0.47563944650223794,0,0,0.47563944650223794
8723,0.47563944650223794,0,0,0.47563944650223794
8724,0.47563944650223794,0,0,0.47563944650223794
8725,0.4756394465022146,0,0,0.4756394465022146
8726,1.5181207928495466,0,0,1.5181207928495466
8727,1.5181207928495466,0,0,1.5181207928495466
8728,1.5181207928495466,0,0,1.5181207928495466
8729,1.5181207928495466,0,0,1.5181207928495466
8730,1.5182060242653561,0,0,1.5182060242653561
8731,0.9423179992239774,0,0,0.9423179992239774
8732,0.9423179992239774,0,0,0.9423179992239774
8733,0.9423179992239774,0,0,0.9423179992239774
8734,1.7448390025143605,0,0,1.7448390025143605
8735,1.744839002514354,0,0,1.744839002514354
8736,1.744839002514354,0,0,1.744839002514354
8737,1.7448390025143605,0,0,1.7448390025143605
8738,1.7448390025143605,0,0,1.7448390025143605
8739,1.7448390025143605,0,0,1.7448390025143605
8740,1.7983986589239387,0,0,1.7983986589239387
8741,1.7983986589239325,0,0,1.7983986589239325
8742,2.760159567894445,0,0,2.760159567894445
8743,3.378369970268279,0,0,3.378369970268279
8744,3.378369970268279,0,0,3.378369970268279
8745,3.3783921287940855,0,0,3.3783921287940855
8746,3.3783921287940855,0,0,3.3783921287940855
8747,3.3783921287940855,0,0,3.3783921287940855
8748,3.377921955494372,0,0,3.377921955494372
8749,3.471741562712418,0,0,3.471741562712418
8750,3.2927661656767353,0,0,3.2927661656767353
8751,3.2927661656767353,0,0,3.2927661656767353
8752,3.478723986387141,0,0,3.478723986387141
8753,3.478723986387141,0,0,3.478723986387141
8754,3.478723986387141,0,0,3.478723986387141
8755,3.478723986387144,0,0,3.478723986387144
8756,3.478723986387144,0,0,3.478723986387144
8757,3.4787239863871458,0,0,3.4787239863871458
8758,3.574347817569089,0,0,3.574347817569089
8759,3.574347817569086,0,0,3.574347817569086
8760,3.574347817569086,0,0,3.574347817569086
8761,3.5567320144085572,0,0,3.5567320144085572
8762,3.5567320144085572,0,0,3.5567320144085572
8763,3.556732014408556,0,0,3.556732014408556
8764,3.556732014408556,0,0,3.556732014408556
8765,3.5569345217739645,0,0,3.5569345217739645
8766,2.739005168457959,0,0,2.739005168457959
8767,2.0803204405572426,0,0,2.0803204405572426
8768,2.0803204405572426,0,0,2.0803204405572426
8769,4.354875712061698,0,0,4.354875712061698
8770,4.354875712061698,0,0,4.354875712061698
8771,4.354875712061698,0,0,4.354875712061698
8772,4.354875712061701,0,0,4.354875712061701
8773,4.354875712061701,0,0,4.354875712061701
8774,4.390102016420756,0,0,4.390102016420756
8775,4.390102016420757,0,0,4.390102016420757
8776,3.2725682056498453,0,0,3.2725682056498453
8777,3.9078584982191162,0,0,3.9078584982191162
8778,4.26845201716926,0,0,4.26845201716926
8779,4.243947151825163,0,0,4.243947151825163
8780,4.301597383732506,0,0,4.301597383732506
8781,4.301643081009208,0,0,4.301643081009208
8782,4.301643081009208,0,0,4.301643081009208
8783,4.301824743194135,0,0,4.301824743194135
8784,4.1766480552506575,0,0,4.1766480552506575
8785,4.176648055250657,0,0,4.176648055250657
8786,4.183899503920681,0,0,4.183899503920681
8787,4.166185313187579,0,0,4.166185313187579
8788,4.175838434385015,0,0,4.175838434385015
8789,4.180643170049163,0,0,4.180643170049163
8790,4.162936457840896,0,0,4.162936457840896
8791,4.2035403833541904,0,0,4.2035403833541904
8792,4.203540383354191,0,0,4.203540383354191
8793,3.743774707279185,0,0,3.743774707279185
8794,4.7610575764303915,0,0,4.7610575764303915
8795,4.7610575764303915,0,0,4.7610575764303915
8796,4.761057576430392,0,0,4.761057576430392
8797,4.589336274391268,0,0,4.589336274391268
8798,4.589336274391268,0,0,4.589336274391268
8799,4.539792108640309,0,0,4.539792108640309
8800,4.539792108640308,0,0,4.539792108640308
8801,4.539792108640308,0,0,4.539792108640308
8802,4.373449980151451,0,0,4.373449980151451
8803,4.609725040585105,0,0,4.609725040585105
8804,4.656694844594049,0,0,4.656694844594049
8805,4.8242443904128285,0,0,4.8242443904128285
8806,4.488398200413163,0,0,4.488398200413163
8807,4.5211722311926446,0,0,4.5211722311926446
8808,0.028442509197258006,1,0,0.028442509197258006
8809,0.028466533493260174,1,0,0.028466533493260174
8810,0.028462327523711615,1,0,0.028462327523711615
8811,0.02995042013973318,1,0,0.02995042013973318
8812,0.031051382804200327,1,0,0.031051382804200327
8813,0.031102675219387303,1,0,0.031102675219387303
8814,0.031261766746667294,1,0,0.031261766746667294
8815,0.03126267401927176,1,0,0.03126267401927176
8816,0.031639300965914864,1,0,0.031639300965914864
8817,0.031639300966090314,1,0,0.031639300966090314
8818,0.0331305207521897,1,0,0.0331305207521897
8819,0.028121701622961,1,0,0.028121701622961
8820,0.030581735344326573,1,0,0.030581735344326573
8821,0.030581735344326573,1,0,0.030581735344326573
8822,3.0302722417988837,1,0,3.0302722417988837
8823,3.0302722417988837,1,0,3.0302722417988837
8824,3.0273507037333682,1,0,3.0273507037333682
8825,3.027170164357189,1,0,3.027170164357189
8826,3.0270114752170536,1,0,3.0270114752170536
8827,3.0252496330970393,1,0,3.0252496330970393
8828,3.0285195687704682,1,0,3.0285195687704682
8829,3.0285361498534127,1,0,3.0285361498534127
8830,3.028553031700059,1,0,3.028553031700059
8831,3.3859424912150455,1,0,3.3859424912150455
8832,3.1804740948908132,1,0,3.1804740948908132
8833,3.180483935122446,1,0,3.180483935122446
8834,3.1804144216688264,1,0,3.1804144216688264
8835,3.1804329748368954,1,0,3.1804329748368954
8836,3.376914664081465,1,0,3.376914664081465
8837,3.3880389751091355,1,0,3.3880389751091355
8838,3.3880389751091355,1,0,3.3880389751091355
8839,3.3880389751091355,1,0,3.3880389751091355
8840,3.3880389751091355,1,0,3.3880389751091355
8841,3.3847551612539335,1,0,3.3847551612539335
8842,3.3847551612539335,1,0,3.3847551612539335
8843,3.38591240687175,1,0,3.38591240687175
8844,3.3861258435135193,1,0,3.3861258435135193
8845,3.3861258435135193,1,0,3.3861258435135193
8846,3.3861165470380725,1,0,3.3861165470380725
8847,3.386050287727099,1,0,3.386050287727099
8848,3.3860499942091393,1,0,3.3860499942091393
8849,3.3860499942091393,1,0,3.3860499942091393
8850,3.3860499942091393,1,0,3.3860499942091393
8851,3.3844553816486096,1,0,3.3844553816486096
8852,3.386327989219262,1,0,3.386327989219262
8853,3.3825068358029537,1,0,3.3825068358029537
8854,3.3817496469108477,1,0,3.3817496469108477
8855,3.3817395250289506,1,0,3.3817395250289506
8856,3.3817395250289506,1,0,3.3817395250289506
8857,3.378335463280194,1,0,3.378335463280194
8858,3.3255245099144615,1,0,3.3255245099144615
8859,3.325338782256819,1,0,3.325338782256819
8860,3.3256104284564425,1,0,3.3256104284564425
8861,3.3255805717930342,1,0,3.3255805717930342
8862,3.325578820614511,1,0,3.325578820614511
8863,2.939611169080241,1,0,2.939611169080241
8864,3.137505762314739,1,0,3.137505762314739
8865,3.137840117774746,1,0,3.137840117774746
8866,3.137509662558271,1,0,3.137509662558271
8867,3.1425114392060216,1,0,3.1425114392060216
8868,3.141555248293674,1,0,3.141555248293674
8869,3.141555248293674,1,0,3.141555248293674
8870,3.1799581124651666,1,0,3.1799581124651666
8871,3.1799601238948934,1,0,3.1799601238948934
8872,0.07395786544640001,1,0,0.07395786544640001
8873,0.07395786544640001,1,0,0.07395786544640001
8874,0.07338969236872814,1,0,0.07338969236872814
8875,0.07214889959720222,1,0,0.07214889959720222
8876,0.0714882089117556,1,0,0.0714882089117556
8877,0.05639596614250639,1,0,0.05639596614250639
8878,0.05790740552959783,1,0,0.05790740552959783
8879,0.05791229084493208,1,0,0.05791229084493208
8880,0.056535785931383885,1,0,0.056535785931383885
8881,4.488047496152625,0,0,4.488047496152625
8882,4.368543869310311,0,0,4.368543869310311
8883,4.339475668420424,0,0,4.339475668420424
8884,4.801961273169312,0,0,4.801961273169312
8885,4.541163773983901,0,0,4.541163773983901
8886,4.865808135980742,0,0,4.865808135980742
8887,4.865808135980742,0,0,4.865808135980742
8888,4.865808135980741,0,0,4.865808135980741
8889,4.888891034038026,0,0,4.888891034038026
8890,4.888891034038026,0,0,4.888891034038026
8891,5.1699625037874855,0,0,5.1699625037874855
8892,5.1699625037874855,0,0,5.1699625037874855
8893,5.169962503787485,0,0,5.169962503787485
8894,5.337873316289828,0,0,5.337873316289828
8895,5.531596313298737,0,0,5.531596313298737
8896,5.507405068580756,0,0,5.507405068580756
8897,5.535829144609543,0,0,5.535829144609543
8898,5.535493999818153,0,0,5.535493999818153
8899,5.265347760430036,0,0,5.265347760430036
8900,5.265347760430036,0,0,5.265347760430036
8901,5.265347760430036,0,0,5.265347760430036
8902,5.265086110025696,0,0,5.265086110025696
8903,4.8248836610956225,0,0,4.8248836610956225
8904,5.213906637863842,0,0,5.213906637863842
8905,5.575882724286737,0,1,5.575882724286737
8906,5.418084802135346,0,0,5.418084802135346
8907,5.418084802135346,0,0,5.418084802135346
8908,5.418084802135346,0,0,5.418084802135346
8909,5.418466645596067,0,0,5.418466645596067
8910,5.464340811817012,0,0,5.464340811817012
8911,5.232503647527296,0,0,5.232503647527296
8912,5.232503647527296,0,0,5.232503647527296
8913,5.232503647527296,0,0,5.232503647527296
8914,6.047186200102894,0,1,6.047186200102894
8915,6.258425945694992,0,1,6.258425945694992
8916,5.921329183231705,0,1,5.921329183231705
8917,5.921329183231705,0,1,5.921329183231705
8918,5.981483882375675,0,1,5.981483882375675
8919,5.981483882375675,0,1,5.981483882375675
8920,5.784697920075753,0,1,5.784697920075753
8921,5.784225424411307,0,1,5.784225424411307
8922,5.706907885783032,0,1,5.706907885783032
8923,6.047252916740563,0,1,6.047252916740563
8924,5.8649887135818775,0,1,5.8649887135818775
8925,5.75164196585851,0,1,5.75164196585851
8926,5.81017751175099,0,1,5.81017751175099
8927,5.858932408035189,0,1,5.858932408035189
8928,5.637320947033917,0,1,5.637320947033917
8929,5.391298117516714,0,0,5.391298117516714
8930,0.06905901129609951,1,0,0.06905901129609951
8931,0.0691581953851267,1,0,0.0691581953851267
8932,0.07004351989800293,1,0,0.07004351989800293
8933,0.10864937742246672,1,0,0.10864937742246672
8934,0.10894246083384991,1,0,0.10894246083384991
8935,0.10961407080542765,1,0,0.10961407080542765
8936,0.10904349798896475,1,0,0.10904349798896475
8937,0.10904349798886294,1,0,0.10904349798886294
8938,0.10904531129977667,1,0,0.10904531129977667
8939,0.10707495053009712,1,0,0.10707495053009712
8940,0.10707495053014897,1,0,0.10707495053014897
8941,0.10732758781580296,1,0,0.10732758781580296
8942,0.10752441893330841,1,0,0.10752441893330841
8943,0.10751432171168218,1,0,0.10751432171168218
8944,0.10743940816629735,1,0,0.10743940816629735
8945,0.10923336357252739,1,0,0.10923336357252739
8946,0.10938503292686555,1,0,0.10938503292686555
8947,0.10933689753436995,1,0,0.10933689753436995
8948,0.1092138658747177,1,0,0.1092138658747177
8949,0.1074220537113745,1,0,0.1074220537113745
8950,0.10742365836374865,1,0,0.10742365836374865
8951,0.10792938153248963,1,0,0.10792938153248963
8952,0.10804577889700387,1,0,0.10804577889700387
8953,0.10850210105891392,1,0,0.10850210105891392
8954,0.10850713841888585,1,0,0.10850713841888585
8955,0.10663665867994368,1,0,0.10663665867994368
8956,0.10606932431122364,1,0,0.10606932431122364
8957,0.1059860444292897,1,0,0.1059860444292897
8958,0.10607875970010311,1,0,0.10607875970010311
8959,0.10608382478055467,1,0,0.10608382478055467
8960,0.1041532521143339,1,0,0.1041532521143339
8961,0.1041532521143339,1,0,0.1041532521143339
8962,0.10415325211422731,1,0,0.10415325211422731
8963,0.10439873847735111,1,0,0.10439873847735111
8964,0.10218309500446429,1,0,0.10218309500446429
8965,0.10218164280692746,1,0,0.10218164280692746
8966,0.10144967925430039,1,0,0.10144967925430039
8967,0.10149837053197207,1,0,0.10149837053197207
8968,0.10576308252638002,1,0,0.10576308252638002
8969,0.10578097521335621,1,0,0.10578097521335621
8970,0.1058198140244364,1,0,0.1058198140244364
8971,0.1058198140244364,1,0,0.1058198140244364
8972,0.10415533183740355,1,0,0.10415533183740355
8973,0.10407304041287226,1,0,0.10407304041287226
8974,0.10414203310193014,1,0,0.10414203310193014
8975,0.10414203310193014,1,0,0.10414203310193014
8976,0.10298060116094333,1,0,0.10298060116094333
8977,0.10322917113544948,1,0,0.10322917113544948
8978,0.10918446836227333,1,0,0.10918446836227333
8979,0.10918446836227333,1,0,0.10918446836227333
8980,4.2401138510498635,0,0,4.2401138510498635
8981,4.276729953494987,0,0,4.276729953494987
8982,4.179133481332592,0,0,4.179133481332592
8983,5.185982474069491,0,0,5.185982474069491
8984,5.356022947891334,0,0,5.356022947891334
8985,5.355803356850786,0,0,5.355803356850786
8986,5.163948749694083,0,0,5.163948749694083
8987,5.164640481585353,0,0,5.164640481585353
8988,5.233216517605154,0,0,5.233216517605154
8989,5.204035822994264,0,0,5.204035822994264
8990,5.510738254562244,0,0,5.510738254562244
8991,5.593484701500956,0,1,5.593484701500956
8992,5.603200291798971,0,1,5.603200291798971
8993,5.602592816445251,0,1,5.602592816445251
8994,5.6025928164452505,0,1,5.6025928164452505
8995,5.550717447321932,0,0,5.550717447321932
8996,5.550717447321932,0,0,5.550717447321932
8997,0.08315126241591397,1,0,0.08315126241591397
8998,0.08315312182242433,1,0,0.08315312182242433
8999,0.08281161054482782,1,0,0.08281161054482782
9000,0.09920008396400852,1,0,0.09920008396400852
9001,0.09719658379382155,1,0,0.09719658379382155
9002,0.09867604841586773,1,0,0.09867604841586773
9003,0.09868121525068423,1,0,0.09868121525068423
9004,0.09868121525074047,1,0,0.09868121525074047
9005,4.3643115258697645,1,0,4.3643115258697645
9006,4.364762709392569,1,0,4.364762709392569
9007,4.058329196126271,1,0,4.058329196126271
9008,4.057656401127449,1,0,4.057656401127449
9009,4.057656401127449,1,0,4.057656401127449
9010,4.058054890268825,1,0,4.058054890268825
9011,4.058057727319752,1,0,4.058057727319752
9012,4.05806908333704,1,0,4.05806908333704
9013,4.08778151280605,1,0,4.08778151280605
9014,4.087045756242805,1,0,4.087045756242805
9015,3.346446884177434,1,0,3.346446884177434
9016,3.346813687234348,1,0,3.346813687234348
9017,3.347068102374839,1,0,3.347068102374839
9018,3.345848251495659,1,0,3.345848251495659
9019,3.3458482514956627,1,0,3.3458482514956627
9020,3.3465233974437965,1,0,3.3465233974437965
9021,3.393857501118081,1,0,3.393857501118081
9022,3.3943715534286265,1,0,3.3943715534286265
9023,2.2153634739780927,1,0,2.2153634739780927
9024,2.215136476610374,1,0,2.215136476610374
9025,2.2158586556789537,1,0,2.2158586556789537
9026,4.776024392512747,1,0,4.776024392512747
9027,4.776259964453234,1,0,4.776259964453234
9028,4.803360699506154,1,0,4.803360699506154
9029,4.8008645066033955,1,0,4.8008645066033955
9030,4.801532202893199,1,0,4.801532202893199
9031,4.802480002790163,1,0,4.802480002790163
9032,4.799744474979099,1,0,4.799744474979099
9033,4.801224263215169,1,0,4.801224263215169
9034,4.657090540976996,1,0,4.657090540976996
9035,3.1526559307797974,1,0,3.1526559307797974
9036,4.086688793978287,1,0,4.086688793978287
9037,4.086688793978287,1,0,4.086688793978287
9038,4.086859112638258,1,0,4.086859112638258
9039,3.7391295481008013,1,0,3.7391295481008013
9040,3.739172101490746,1,0,3.739172101490746
9041,3.738623034314398,1,0,3.738623034314398
9042,3.7386246063074426,1,0,3.7386246063074426
9043,3.739093708602363,1,0,3.739093708602363
9044,3.739093708602363,1,0,3.739093708602363
9045,3.739092143544034,1,0,3.739092143544034
9046,3.7394906799237138,1,0,3.7394906799237138
9047,3.665129672348293,1,0,3.665129672348293
9048,3.553229318448929,1,0,3.553229318448929
9049,3.5295884849518293,1,0,3.5295884849518293
9050,3.8404438707569852,1,0,3.8404438707569852
9051,3.8404602282984484,1,0,3.8404602282984484
9052,3.8389214738722175,1,0,3.8389214738722175
9053,3.840678952454983,1,0,3.840678952454983
9054,3.8406789524549843,1,0,3.8406789524549843
9055,0.04785137549639652,1,0,0.04785137549639652
9056,0.04910802733764345,1,0,0.04910802733764345
9057,0.04932112317424415,1,0,0.04932112317424415
9058,0.0501984442928909,1,0,0.0501984442928909
9059,0.0501984442928909,1,0,0.0501984442928909
9060,0.050257481553971986,1,0,0.050257481553971986
9061,0.05161698116301081,1,0,0.05161698116301081
9062,0.05164684800090889,1,0,0.05164684800090889
9063,0.051668749941655705,1,0,0.051668749941655705
9064,0.05166209145235554,1,0,0.05166209145235554
9065,0.051365457119402234,1,0,0.051365457119402234
9066,0.05150387271361046,1,0,0.05150387271361046
9067,0.051697792945259516,1,0,0.051697792945259516
9068,0.05286459198150042,1,0,0.05286459198150042
9069,0.05286459198150042,1,0,0.05286459198150042
9070,0.05184399804600424,1,0,0.05184399804600424
9071,0.05204519168723004,1,0,0.05204519168723004
9072,0.05111206436954992,1,0,0.05111206436954992
9073,0.056168911166690844,1,0,0.056168911166690844
9074,0.05624495336434342,1,0,0.05624495336434342
9075,0.05509309768914742,1,0,0.05509309768914742
9076,6.244459362943301,0,1,6.244459362943301
9077,6.495519047454575,0,1,6.495519047454575
9078,6.083114036315694,0,1,6.083114036315694
9079,6.192132336340598,0,1,6.192132336340598
9080,6.609036293319677,0,1,6.609036293319677
9081,6.641599988792917,0,1,6.641599988792917
9082,6.529881419240828,0,1,6.529881419240828
9083,6.758272724996749,0,1,6.758272724996749
9084,6.654134629364241,0,1,6.654134629364241
9085,6.548579519726151,0,1,6.548579519726151
9086,6.17790510969912,0,1,6.17790510969912
9087,6.359745476958317,0,1,6.359745476958317
9088,6.434518547194729,0,1,6.434518547194729
9089,6.521169832039074,0,1,6.521169832039074
9090,6.562355884393045,0,1,6.562355884393045
9091,6.56243621217267,0,1,6.56243621217267
9092,6.562031421917561,0,1,6.562031421917561
9093,6.496398964964016,0,1,6.496398964964016
9094,6.496398964964016,0,1,6.496398964964016
9095,6.501599907644951,0,1,6.501599907644951
9096,6.301946454574909,0,1,6.301946454574909
9097,6.295182060505133,0,1,6.295182060505133
9098,6.294117478805303,0,1,6.294117478805303
9099,5.860648376174782,0,1,5.860648376174782
9100,5.86072462682956,0,1,5.86072462682956
9101,5.679642423571338,0,1,5.679642423571338
9102,5.679642423571338,0,1,5.679642423571338
9103,5.679642423571338,0,1,5.679642423571338
9104,5.679642423571338,0,1,5.679642423571338
9105,5.698559440052162,0,1,5.698559440052162
9106,5.657332982552528,0,1,5.657332982552528
9107,5.6820833951361545,0,1,5.6820833951361545
9108,5.512262873833481,0,0,5.512262873833481
9109,5.688717616179228,0,1,5.688717616179228
9110,5.688717616179226,0,1,5.688717616179226
9111,5.471778583865969,0,0,5.471778583865969
9112,5.4739877775871895,0,0,5.4739877775871895
9113,5.394460414390761,0,0,5.394460414390761
9114,5.9593853782086095,0,1,5.9593853782086095
9115,5.959459531121238,0,1,5.959459531121238
9116,5.959459531121239,0,1,5.959459531121239
9117,5.913699190361267,0,1,5.913699190361267
9118,5.791894743113016,0,1,5.791894743113016
9119,5.66569681462463,0,1,5.66569681462463
9120,5.66569681462463,0,1,5.66569681462463
9121,5.665788505755782,0,1,5.665788505755782
9122,5.6658800830288,0,1,5.6658800830288
9123,5.494821585043047,0,0,5.494821585043047
9124,5.6005720011280165,0,1,5.6005720011280165
9125,5.6005720011280165,0,1,5.6005720011280165
9126,5.54205807736898,0,0,5.54205807736898
9127,5.425703465875675,0,0,5.425703465875675
9128,5.263038098711091,0,0,5.263038098711091
9129,5.153320358580812,0,0,5.153320358580812
9130,5.303195931994147,0,0,5.303195931994147
9131,5.303195931994147,0,0,5.303195931994147
9132,5.4662066132423215,0,0,5.4662066132423215
9133,5.4662066132423215,0,0,5.4662066132423215
9134,5.46565701659045,0,0,5.46565701659045
9135,5.398167831993957,0,0,5.398167831993957
9136,5.259929443577896,0,0,5.259929443577896
9137,5.297489195524534,0,0,5.297489195524534
9138,5.235171512494806,0,0,5.235171512494806
9139,5.1647656272941465,0,0,5.1647656272941465
9140,5.126127265974351,0,0,5.126127265974351
9141,4.426612029987299,0,0,4.426612029987299
9142,4.541973452897178,0,0,4.541973452897178
9143,4.665028077619044,0,0,4.665028077619044
9144,4.664973109368049,0,0,4.664973109368049
9145,4.668167182783693,0,0,4.668167182783693
9146,4.667781141365784,0,0,4.667781141365784
9147,4.667097239360746,0,0,4.667097239360746
9148,4.702113481454346,0,0,4.702113481454346
9149,4.6906587596395335,0,0,4.6906587596395335
9150,4.673384114397582,0,0,4.673384114397582
9151,4.671812534727843,0,0,4.671812534727843
9152,4.671812534727843,0,0,4.671812534727843
9153,4.670038670369824,0,0,4.670038670369824
9154,4.754947760082076,0,0,4.754947760082076
9155,5.098742234977951,0,0,5.098742234977951
9156,5.234790782131818,0,0,5.234790782131818
9157,5.234790782131818,0,0,5.234790782131818
9158,5.234790782131818,0,0,5.234790782131818
9159,5.085718451832657,0,0,5.085718451832657
9160,5.261959970111438,0,0,5.261959970111438
9161,5.261959970111438,0,0,5.261959970111438
9162,5.261959970111438,0,0,5.261959970111438
9163,4.849969408162283,0,0,4.849969408162283
9164,3.190791677634273,0,0,3.190791677634273
9165,3.772079927827957,0,0,3.772079927827957
9166,3.979207041782753,0,0,3.979207041782753
9167,4.064177068096661,0,0,4.064177068096661
9168,3.9380252072005364,0,0,3.9380252072005364
9169,2.981439820161905,0,0,2.981439820161905
9170,2.981439820161905,0,0,2.981439820161905
9171,3.2825929886356793,0,0,3.2825929886356793
9172,3.282909452458191,0,0,3.282909452458191
9173,3.1379219133967005,0,0,3.1379219133967005
9174,3.2396373354294936,0,0,3.2396373354294936
9175,3.2397520738772676,0,0,3.2397520738772676
9176,3.2397520738772663,0,0,3.2397520738772663
9177,3.542916349427058,0,0,3.542916349427058
9178,3.542916349427058,0,0,3.542916349427058
9179,3.5276233575468674,0,0,3.5276233575468674
9180,3.6721692594627697,0,0,3.6721692594627697
9181,3.6721692594627697,0,0,3.6721692594627697
9182,3.7509978075808577,0,0,3.7509978075808577
9183,4.647868162265509,0,0,4.647868162265509
9184,4.6483446331713445,0,0,4.6483446331713445
9185,4.63796553439887,0,0,4.63796553439887
9186,4.708198053555605,0,0,4.708198053555605
9187,4.895422651293295,0,0,4.895422651293295
9188,4.895422651293295,0,0,4.895422651293295
9189,4.884022017132436,0,0,4.884022017132436
9190,4.852585890231869,0,0,4.852585890231869
9191,4.930752128333165,0,0,4.930752128333165
9192,4.839719727444759,0,0,4.839719727444759
9193,4.731829211163595,0,0,4.731829211163595
9194,4.724022811868789,0,0,4.724022811868789
9195,4.760437918541475,0,0,4.760437918541475
9196,4.74670411713257,0,0,4.74670411713257
9197,4.746704117132572,0,0,4.746704117132572
9198,4.6431930416878355,0,0,4.6431930416878355
9199,4.620461144862152,0,0,4.620461144862152
9200,4.620190904818277,0,0,4.620190904818277
9201,4.620106162097619,0,0,4.620106162097619
9202,4.618508736726038,0,0,4.618508736726038
9203,4.629462564574954,0,0,4.629462564574954
9204,4.372524426909133,0,0,4.372524426909133
9205,4.077181117554932,0,0,4.077181117554932
9206,4.56101915452182,0,0,4.56101915452182
9207,4.923238394998725,0,0,4.923238394998725
9208,5.21021734585691,0,0,5.21021734585691
9209,4.308054675153665,0,0,4.308054675153665
9210,4.016622118424057,0,0,4.016622118424057
9211,4.016622118424057,0,0,4.016622118424057
9212,4.016622118424057,0,0,4.016622118424057
9213,4.01662211842406,0,0,4.01662211842406
9214,4.01662211842406,0,0,4.01662211842406
9215,4.616399405300777,0,0,4.616399405300777
9216,4.662136448105544,0,0,4.662136448105544
9217,4.5111393676348674,0,0,4.5111393676348674
9218,4.409400598367783,0,0,4.409400598367783
9219,4.409400598367783,0,0,4.409400598367783
9220,4.439906262779065,0,0,4.439906262779065
9221,4.437581562318774,0,0,4.437581562318774
9222,4.437581562318774,0,0,4.437581562318774
9223,4.437581562318774,0,0,4.437581562318774
9224,4.334228151698318,0,0,4.334228151698318
9225,3.8394416086300938,0,0,3.8394416086300938
9226,3.8394416086300938,0,0,3.8394416086300938
9227,3.7293773586250576,0,0,3.7293773586250576
9228,3.729377358625055,0,0,3.729377358625055
9229,4.456461817236779,0,0,4.456461817236779
9230,4.456461817236779,0,0,4.456461817236779
9231,5.1518050188962015,0,0,5.1518050188962015
9232,5.120500607502158,0,0,5.120500607502158
9233,5.480038765588424,0,0,5.480038765588424
9234,5.480038765588424,0,0,5.480038765588424
9235,5.480038765588424,0,0,5.480038765588424
9236,5.480038765588424,0,0,5.480038765588424
9237,5.073398852595307,0,0,5.073398852595307
9238,4.842270857347224,0,0,4.842270857347224
9239,4.174015050422564,0,0,4.174015050422564
9240,4.174015050422564,0,0,4.174015050422564
9241,3.5507778103427143,0,0,3.5507778103427143
9242,3.5507778103427143,0,0,3.5507778103427143
9243,3.5507778103427143,0,0,3.5507778103427143
9244,3.5507778103427143,0,0,3.5507778103427143
9245,3.5511270165559847,0,0,3.5511270165559847
9246,3.546971169840013,0,0,3.546971169840013
9247,3.4132871036655366,0,0,3.4132871036655366
9248,3.30069398323584,0,0,3.30069398323584
9249,3.30069398323584,0,0,3.30069398323584
9250,3.3008291273561476,0,0,3.3008291273561476
9251,3.3008291273561476,0,0,3.3008291273561476
9252,3.3008291273561476,0,0,3.3008291273561476
9253,3.3008291273561476,0,0,3.3008291273561476
9254,3.301070980606336,0,0,3.301070980606336
9255,3.2391712775301507,0,0,3.2391712775301507
9256,2.1152069769918374,0,0,2.1152069769918374
9257,2.53387924737913,0,0,2.53387924737913
9258,2.3487957149352607,0,0,2.3487957149352607
9259,2.3487957149352607,0,0,2.3487957149352607
9260,2.3491381035831433,0,0,2.3491381035831433
9261,2.773094197760413,0,0,2.773094197760413
9262,2.773094197760413,0,0,2.773094197760413
9263,2.773094197760413,0,0,2.773094197760413
9264,2.773094197760413,0,0,2.773094197760413
9265,2.674621885965946,0,0,2.674621885965946
9266,2.880291499242187,0,0,2.880291499242187
9267,2.3637540211671277,0,0,2.3637540211671277
9268,2.3637540211671277,0,0,2.3637540211671277
9269,2.3637540211671277,0,0,2.3637540211671277
9270,2.3637540211671277,0,0,2.3637540211671277
9271,2.3513517340144063,0,0,2.3513517340144063
9272,2.3513517340144063,0,0,2.3513517340144063
9273,2.3725679843695766,0,0,2.3725679843695766
9274,2.2455125759496632,0,0,2.2455125759496632
9275,1.8988869035727582,0,0,1.8988869035727582
9276,1.8988869035727582,0,0,1.8988869035727582
9277,1.8988869035727582,0,0,1.8988869035727582
9278,1.8988869035727582,0,0,1.8988869035727582
9279,1.8793383297763997,0,0,1.8793383297763997
9280,1.8793383297763997,0,0,1.8793383297763997
9281,1.8793383297763997,0,0,1.8793383297763997
9282,1.8793383297763997,0,0,1.8793383297763997
9283,1.7181430562664013,0,0,1.7181430562664013
9284,1.7181430562664013,0,0,1.7181430562664013
9285,1.7181430562664013,0,0,1.7181430562664013
9286,1.7181430562664013,0,0,1.7181430562664013
9287,1.7181430562664013,0,0,1.7181430562664013
9288,1.863734467510996,0,0,1.863734467510996
9289,1.863734467510996,0,0,1.863734467510996
9290,1.863734467510996,0,0,1.863734467510996
9291,1.863734467510996,0,0,1.863734467510996
9292,1.986823636750866,0,0,1.986823636750866
9293,1.986823636750866,0,0,1.986823636750866
9294,1.986823636750866,0,0,1.986823636750866
9295,1.986823636750866,0,0,1.986823636750866
9296,1.9968025554269913,0,0,1.9968025554269913
9297,1.8238168314982186,0,0,1.8238168314982186
9298,1.8238168314982186,0,0,1.8238168314982186
9299,1.8238168314982186,0,0,1.8238168314982186
9300,1.8237475120082256,0,0,1.8237475120082256
9301,2.0936600498486664,0,0,2.0936600498486664
9302,2.0936600498486664,0,0,2.0936600498486664
9303,2.0936600498486664,0,0,2.0936600498486664
9304,2.0936600498486664,0,0,2.0936600498486664
9305,2.0936600498486664,0,0,2.0936600498486664
9306,0.607783192309673,0,0,0.607783192309673
9307,0.607783192309673,0,0,0.607783192309673
9308,0.607783192309673,0,0,0.607783192309673
9309,0.607783192309673,0,0,0.607783192309673
9310,1.8680146366972232,0,0,1.8680146366972232
9311,1.237352338810358,0,0,1.237352338810358
9312,1.2373523388103491,0,0,1.2373523388103491
9313,1.2373523388103491,0,0,1.2373523388103491
9314,1.237241030643044,0,0,1.237241030643044
9315,0.2600384068099849,0,0,0.2600384068099849
9316,0.2600384068100276,0,0,0.2600384068100276
9317,0.2600384068100276,0,0,0.2600384068100276
9318,0.2600384068100276,0,0,0.2600384068100276
9319,1.1510285685969968,0,0,1.1510285685969968
9320,1.1510285685969968,0,0,1.1510285685969968
9321,1.1510285685969968,0,0,1.1510285685969968
9322,1.1510285685969968,0,0,1.1510285685969968
9323,1.1509956896795548,0,0,1.1509956896795548
9324,1.189407287322619,0,0,1.189407287322619
9325,0.7940099113023481,0,0,0.7940099113023481
9326,0.7940099113023411,0,0,0.7940099113023411
9327,1.7448390025143605,0,0,1.7448390025143605
9328,1.744839002514354,0,0,1.744839002514354
9329,1.744839002514354,0,0,1.744839002514354
9330,1.7448390025143605,0,0,1.7448390025143605
9331,1.7448390025143605,0,0,1.7448390025143605
9332,1.7448390025143605,0,0,1.7448390025143605
9333,1.7983986589239387,0,0,1.7983986589239387
9334,1.7983986589239325,0,0,1.7983986589239325
9335,2.7557874365890274,0,0,2.7557874365890274
9336,2.7557874365890274,0,0,2.7557874365890274
9337,2.7557874365890274,0,0,2.7557874365890274
9338,2.7557874365890274,0,0,2.7557874365890274
9339,2.756679634977806,0,0,2.756679634977806
9340,2.756679634977806,0,0,2.756679634977806
9341,2.7566425556185683,0,0,2.7566425556185683
9342,2.8463784967473638,0,0,2.8463784967473638
9343,3.411446735909953,0,0,3.411446735909953
9344,3.5278867424353555,0,0,3.5278867424353555
9345,3.6116345626241273,0,0,3.6116345626241273
9346,3.6116345626241273,0,0,3.6116345626241273
9347,4.237384189039266,0,0,4.237384189039266
9348,4.237384189039266,0,0,4.237384189039266
9349,4.237384189039266,0,0,4.237384189039266
9350,4.471163291997053,0,0,4.471163291997053
9351,3.9816094335060237,0,0,3.9816094335060237
9352,3.5094400937044314,0,0,3.5094400937044314
9353,3.3813277086655202,0,0,3.3813277086655202
9354,3.3813277086655202,0,0,3.3813277086655202
9355,5.009352107723317,0,0,5.009352107723317
9356,5.009352107723317,0,0,5.009352107723317
9357,5.009352107723317,0,0,5.009352107723317
9358,5.009352107723317,0,0,5.009352107723317
9359,5.00438183571496,0,0,5.00438183571496
9360,4.468351793904398,0,0,4.468351793904398
9361,4.4683517939043975,0,0,4.4683517939043975
9362,4.4683517939043975,0,0,4.4683517939043975
9363,4.706632624071478,0,0,4.706632624071478
9364,4.706632624071478,0,0,4.706632624071478
9365,4.706632624071478,0,0,4.706632624071478
9366,4.706632624071478,0,0,4.706632624071478
9367,4.638240626780614,0,0,4.638240626780614
9368,4.638240626780614,0,0,4.638240626780614
9369,4.3985361258216615,0,0,4.3985361258216615
9370,4.398551238486416,0,0,4.398551238486416
9371,4.5635981071248946,0,0,4.5635981071248946
9372,4.563598107124897,0,0,4.563598107124897
9373,4.563349063857493,0,0,4.563349063857493
9374,4.563349063857493,0,0,4.563349063857493
9375,4.6302540785488935,0,0,4.6302540785488935
9376,4.6302540785488935,0,0,4.6302540785488935
9377,4.648470145664795,0,0,4.648470145664795
9378,4.649500858744298,0,0,4.649500858744298
9379,4.697580028154884,0,0,4.697580028154884
9380,4.698333604418547,0,0,4.698333604418547
9381,3.9385701160503714,0,0,3.9385701160503714
9382,3.9385701160503714,0,0,3.9385701160503714
9383,4.005869914121388,0,0,4.005869914121388
9384,4.005869914121389,0,0,4.005869914121389
9385,3.672043425727354,0,0,3.672043425727354
9386,3.672043425727354,0,0,3.672043425727354
9387,4.6253716973418895,0,0,4.6253716973418895
9388,4.58153306401602,0,0,4.58153306401602
9389,4.3762685142768865,0,0,4.3762685142768865
9390,4.3762685142768865,0,0,4.3762685142768865
9391,4.445865899623519,0,0,4.445865899623519
9392,4.445865899623522,0,0,4.445865899623522
9393,4.244620416957488,0,0,4.244620416957488
9394,4.244620416957488,0,0,4.244620416957488
9395,4.295387214516257,0,0,4.295387214516257
9396,4.295387214516257,0,0,4.295387214516257
9397,4.524803510828635,0,0,4.524803510828635
9398,4.524803510828637,0,0,4.524803510828637
9399,4.504967426564862,0,0,4.504967426564862
9400,4.50524427146895,0,0,4.50524427146895
9401,4.030648526622846,0,0,4.030648526622846
9402,4.030648526622849,0,0,4.030648526622849
9403,4.030648526622846,0,0,4.030648526622846
9404,4.030648526622846,0,0,4.030648526622846
9405,3.894470660595378,0,0,3.894470660595378
9406,3.894470660595378,0,0,3.894470660595378
9407,4.280023711613628,0,0,4.280023711613628
9408,4.332534819655483,0,0,4.332534819655483
9409,4.020125397612958,0,0,4.020125397612958
9410,4.020125397612958,0,0,4.020125397612958
9411,4.020125397612958,0,0,4.020125397612958
9412,4.025342111352514,0,0,4.025342111352514
9413,3.702570422707024,0,0,3.702570422707024
9414,3.702570422707024,0,0,3.702570422707024
9415,4.00284433788108,0,0,4.00284433788108
9416,4.112677111277411,0,0,4.112677111277411
9417,4.174339967224975,0,0,4.174339967224975
9418,4.174339967224975,0,0,4.174339967224975
9419,4.174339967224975,0,0,4.174339967224975
9420,4.171990500287064,0,0,4.171990500287064
9421,3.053382878044904,0,0,3.053382878044904
9422,3.053382878044904,0,0,3.053382878044904
9423,3.7247985623697657,0,0,3.7247985623697657
9424,4.022514448635633,0,0,4.022514448635633
9425,4.393704796206124,0,0,4.393704796206124
9426,4.393704796206121,0,0,4.393704796206121
9427,4.393704796206121,0,0,4.393704796206121
9428,4.393704796206121,0,0,4.393704796206121
9429,4.227535852308273,0,0,4.227535852308273
9430,4.22753585230827,0,0,4.22753585230827
9431,4.291767756069828,0,0,4.291767756069828
9432,4.291767756069828,0,0,4.291767756069828
9433,5.0259379008786125,0,0,5.0259379008786125
9434,5.033865828569714,0,0,5.033865828569714
9435,5.033431890444254,0,0,5.033431890444254
9436,5.033431890444254,0,0,5.033431890444254
9437,5.033865828569716,0,0,5.033865828569716
9438,5.033865828569716,0,0,5.033865828569716
9439,4.904199048382382,0,0,4.904199048382382
9440,4.7950782218152375,0,0,4.7950782218152375
9441,2.891401111588754,0,0,2.891401111588754
9442,2.7470689356125595,0,0,2.7470689356125595
9443,4.239049167197458,0,0,4.239049167197458
9444,4.239049167197458,0,0,4.239049167197458
9445,4.23904916719746,0,0,4.23904916719746
9446,4.23904916719746,0,0,4.23904916719746
9447,4.23930589566299,0,0,4.23930589566299
9448,4.23930589566299,0,0,4.23930589566299
9449,2.164484735949492,0,0,2.164484735949492
9450,2.164484735949492,0,0,2.164484735949492
9451,1.8767302501889995,0,0,1.8767302501889995
9452,1.8767302501889995,0,0,1.8767302501889995
9453,1.8767302501889995,0,0,1.8767302501889995
9454,1.8767302501889995,0,0,1.8767302501889995
9455,1.8761037193621728,0,0,1.8761037193621728
9456,1.8761037193621728,0,0,1.8761037193621728
9457,2.0009847338758875,0,0,2.0009847338758875
9458,1.7355562621618854,0,0,1.7355562621618854
9459,3.4607231177102844,0,0,3.4607231177102844
9460,3.4607231177102844,0,0,3.4607231177102844
9461,3.4607231177102844,0,0,3.4607231177102844
9462,3.444317211067788,0,0,3.444317211067788
9463,3.444317211067788,0,0,3.444317211067788
9464,3.444317211067788,0,0,3.444317211067788
9465,2.0553642564270973,0,0,2.0553642564270973
9466,1.6591830463933983,0,0,1.6591830463933983
9467,3.0323548376777727,0,0,3.0323548376777727
9468,2.8952442839487045,0,0,2.8952442839487045
9469,2.8952442839487045,0,0,2.8952442839487045
9470,2.895241338020464,0,0,2.895241338020464
9471,2.895241338020464,0,0,2.895241338020464
9472,2.895241338020464,0,0,2.895241338020464
9473,2.895241338020464,0,0,2.895241338020464
9474,2.7660876362918314,0,0,2.7660876362918314
9475,2.5162802506999316,0,0,2.5162802506999316
9476,2.5162802506999316,0,0,2.5162802506999316
9477,2.661812136754141,0,0,2.661812136754141
9478,2.661812136754141,0,0,2.661812136754141
9479,2.661812136754137,0,0,2.661812136754137
9480,2.662155541078224,0,0,2.662155541078224
9481,2.662155541078224,0,0,2.662155541078224
9482,2.6621555410782256,0,0,2.6621555410782256
9483,2.7367874192361485,0,0,2.7367874192361485
9484,2.7367874192361428,0,0,2.7367874192361428
9485,2.7367874192361428,0,0,2.7367874192361428
9486,2.464748407332815,0,0,2.464748407332815
9487,2.464748407332815,0,0,2.464748407332815
9488,2.464748407332813,0,0,2.464748407332813
9489,2.464748407332813,0,0,2.464748407332813
9490,2.464420947068599,0,0,2.464420947068599
9491,2.464420947068599,0,0,2.464420947068599
9492,2.1162430864336006,0,0,2.1162430864336006
9493,1.580543651351053,0,0,1.580543651351053
9494,1.58054365135106,0,0,1.58054365135106
9495,2.349677165264721,0,0,2.349677165264721
9496,2.349677165264721,0,0,2.349677165264721
9497,2.219814284590187,0,0,2.219814284590187
9498,2.2198832619304034,0,0,2.2198832619304034
9499,2.2198832619304034,0,0,2.2198832619304034
9500,2.219883261930406,0,0,2.219883261930406
9501,0.6509851111657502,0,0,0.6509851111657502
9502,0.6509851111657247,0,0,0.6509851111657247
9503,0.6511205275642891,0,0,0.6511205275642891
9504,0.6667971308129651,0,0,0.6667971308129651
9505,0.6667971308129484,0,0,0.6667971308129484
9506,0.6667971308129484,0,0,0.6667971308129484
9507,0.6667971308129484,0,0,0.6667971308129484
9508,0.6667971308129484,0,0,0.6667971308129484
9509,0.6913257064442477,0,0,0.6913257064442477
9510,0.6913257064442477,0,0,0.6913257064442477
9511,0.6913257064442477,0,0,0.6913257064442477
9512,0.6914813546334226,0,0,0.6914813546334226
9513,0.9249845161308199,0,0,0.9249845161308199
9514,0.9249845161308199,0,0,0.9249845161308199
9515,0.9249845161308199,0,0,0.9249845161308199
9516,0.9249845161308018,0,0,0.9249845161308018
9517,0.9250777076608371,0,0,0.9250777076608371
9518,0.8707582643488848,0,0,0.8707582643488848
9519,0.8707582643488848,0,0,0.8707582643488848
9520,0.8707582643488848,0,0,0.8707582643488848
9521,0.8707582643488722,0,0,0.8707582643488722
9522,0.9653560766273972,0,0,0.9653560766273972
9523,0.9653560766273972,0,0,0.9653560766273972
9524,0.9653560766274087,0,0,0.9653560766274087
9525,0.9653560766274087,0,0,0.9653560766274087
9526,0.9653560766274087,0,0,0.9653560766274087
9527,0.9193287639437064,0,0,0.9193287639437064
9528,0.9193287639437064,0,0,0.9193287639437064
9529,0.9193287639437064,0,0,0.9193287639437064
9530,1.1136612846398535,0,0,1.1136612846398535
9531,1.1832848383053582,0,0,1.1832848383053582
9532,1.1832848383053536,0,0,1.1832848383053536
9533,1.1832848383053582,0,0,1.1832848383053582
9534,1.1832848383053582,0,0,1.1832848383053582
9535,1.610906608285611,0,0,1.610906608285611
9536,1.6949037849781747,0,0,1.6949037849781747
9537,1.6949037849781747,0,0,1.6949037849781747
9538,1.6949037849781747,0,0,1.6949037849781747
9539,2.068177910856556,0,0,2.068177910856556
9540,2.92212705505525,0,0,2.92212705505525
9541,2.922127055055252,0,0,2.922127055055252
9542,2.922127055055254,0,0,2.922127055055254
9543,2.922127055055254,0,0,2.922127055055254
9544,2.9991449021781267,0,0,2.9991449021781267
9545,2.254205171785127,0,0,2.254205171785127
9546,2.254205171785127,0,0,2.254205171785127
9547,2.254205171785127,0,0,2.254205171785127
9548,2.2545075322220898,0,0,2.2545075322220898
9549,2.2520938324864654,0,0,2.2520938324864654
9550,1.4347192926580414,0,0,1.4347192926580414
9551,1.4347192926580492,0,0,1.4347192926580492
9552,1.4347192926580608,0,0,1.4347192926580608
9553,1.383549224931712,0,0,1.383549224931712
9554,2.3715011946983156,0,0,2.3715011946983156
9555,2.3715011946983156,0,0,2.3715011946983156
9556,2.3715011946983156,0,0,2.3715011946983156
9557,2.3715011946983156,0,0,2.3715011946983156
9558,2.302609870455244,0,0,2.302609870455244
9559,2.1048706827164536,0,0,2.1048706827164536
9560,2.1048706827164536,0,0,2.1048706827164536
9561,2.1048706827164536,0,0,2.1048706827164536
9562,1.9249480079425436,0,0,1.9249480079425436
9563,1.5180377533037899,0,0,1.5180377533037899
9564,1.5180377533037899,0,0,1.5180377533037899
9565,1.5180377533037899,0,0,1.5180377533037899
9566,1.5180377533037899,0,0,1.5180377533037899
9567,1.5180377533037899,0,0,1.5180377533037899
9568,1.5180377533037899,0,0,1.5180377533037899
9569,1.5180377533037899,0,0,1.5180377533037899
9570,1.6030068777476707,0,0,1.6030068777476707
9571,1.5581278964500027,0,0,1.5581278964500027
9572,2.295718927059083,0,0,2.295718927059083
9573,2.13684144139469,0,0,2.13684144139469
9574,2.13684144139469,0,0,2.13684144139469
9575,2.1370826382519126,0,0,2.1370826382519126
9576,0.607783192309673,0,0,0.607783192309673
9577,0.607783192309673,0,0,0.607783192309673
9578,0.607783192309673,0,0,0.607783192309673
9579,0.607783192309673,0,0,0.607783192309673
9580,2.340279193296938,0,0,2.340279193296938
9581,2.1533779268304882,0,0,2.1533779268304882
9582,2.1534128813222977,0,0,2.1534128813222977
9583,2.1534128813222977,0,0,2.1534128813222977
9584,2.153445727032146,0,0,2.153445727032146
9585,1.6411472104282308,0,0,1.6411472104282308
9586,3.662300189516434,0,0,3.662300189516434
9587,3.662300189516434,0,0,3.662300189516434
9588,3.64717407293743,0,0,3.64717407293743
9589,3.6382495378011614,0,0,3.6382495378011614
9590,3.6382495378011614,0,0,3.6382495378011614
9591,3.8874595807094856,0,0,3.8874595807094856
9592,3.9182337327723396,0,0,3.9182337327723396
9593,3.9182337327723396,0,0,3.9182337327723396
9594,4.279546956371239,0,0,4.279546956371239
9595,4.746912339972018,0,0,4.746912339972018
9596,4.746912339972018,0,0,4.746912339972018
9597,4.746912339972018,0,0,4.746912339972018
9598,4.746635351340152,0,0,4.746635351340152
9599,4.746635351340152,0,0,4.746635351340152
9600,4.746635351340152,0,0,4.746635351340152
9601,4.746635351340152,0,0,4.746635351340152
9602,4.746635351340152,0,0,4.746635351340152
9603,4.691293580283627,0,0,4.691293580283627
9604,5.590649560459161,0,1,5.590649560459161
9605,5.590649560459161,0,1,5.590649560459161
9606,5.590649560459161,0,1,5.590649560459161
9607,5.10705880334158,0,0,5.10705880334158
9608,5.10705880334158,0,0,5.10705880334158
9609,5.10705880334158,0,0,5.10705880334158
9610,5.10705880334158,0,0,5.10705880334158
9611,5.107058803341579,0,0,5.107058803341579
9612,4.0529549771736395,0,0,4.0529549771736395
9613,4.035558796903477,0,0,4.035558796903477
9614,4.035558796903477,0,0,4.035558796903477
9615,2.9662496787749326,0,0,2.9662496787749326
9616,2.9662496787749326,0,0,2.9662496787749326
9617,2.9662496787749326,0,0,2.9662496787749326
9618,2.9662496787749326,0,0,2.9662496787749326
9619,2.966249678774938,0,0,2.966249678774938
9620,2.966249678774938,0,0,2.966249678774938
9621,2.8568593342970554,0,0,2.8568593342970554
9622,2.6105676515183998,0,0,2.6105676515183998
9623,2.364460818261559,0,0,2.364460818261559
9624,2.364460818261559,0,0,2.364460818261559
9625,2.2751118180808625,0,0,2.2751118180808625
9626,2.275111818080868,0,0,2.275111818080868
9627,2.203515826805525,0,0,2.203515826805525
9628,2.203515826805525,0,0,2.203515826805525
9629,2.203515826805525,0,0,2.203515826805525
9630,1.5420059492022509,0,0,1.5420059492022509
9631,0.08878202202834931,0,0,0.08878202202834931
9632,0.08878202202834931,0,0,0.08878202202834931
9633,0.08878202202841183,0,0,0.08878202202841183
9634,0.08878202202841183,0,0,0.08878202202841183
9635,0.0,0,0,0.0
9636,0.0,0,0,0.0
9637,0.0,0,0,0.0
9638,0.0,0,0,0.0
9639,0.0,0,0,0.0
9640,0.0,0,0,0.0
9641,0.0,0,0,0.0
9642,0.0,0,0,0.0
9643,0.0,0,0,0.0
9644,0.0,0,0,0.0
9645,0.0,0,0,0.0
9646,0.0,0,0,0.0
9647,0.0,0,0,0.0
9648,0.0,0,0,0.0
9649,0.8530226564662515,0,0,0.8530226564662515
9650,0.8530226564662515,0,0,0.8530226564662515
9651,0.8530226564662515,0,0,0.8530226564662515
9652,1.4120833521907015,0,0,1.4120833521907015
9653,1.4120833521907015,0,0,1.4120833521907015
9654,1.2813410037986608,0,0,1.2813410037986608
9655,1.2813410037986608,0,0,1.2813410037986608
9656,1.2813410037986608,0,0,1.2813410037986608
9657,1.3599686980981218,0,0,1.3599686980981218
9658,1.3599686980981218,0,0,1.3599686980981218
9659,1.3599686980981218,0,0,1.3599686980981218
9660,1.3599686980981218,0,0,1.3599686980981218
9661,1.3599686980981218,0,0,1.3599686980981218
9662,1.3599686980981218,0,0,1.3599686980981218
9663,1.4411731841689233,0,0,1.4411731841689233
9664,1.4411731841689233,0,0,1.4411731841689233
9665,1.4411731841689233,0,0,1.4411731841689233
9666,1.845434834540863,0,0,1.845434834540863
9667,1.845434834540863,0,0,1.845434834540863
9668,1.845434834540863,0,0,1.845434834540863
9669,1.845434834540863,0,0,1.845434834540863
9670,1.915319489205945,0,0,1.915319489205945
9671,1.915319489205945,0,0,1.915319489205945
9672,1.4002225531537122,0,0,1.4002225531537122
9673,1.4002225531537122,0,0,1.4002225531537122
9674,1.4002225531537122,0,0,1.4002225531537122
9675,3.314227433812423,0,0,3.314227433812423
9676,3.4923952958604465,0,0,3.4923952958604465
9677,3.4923952958604465,0,0,3.4923952958604465
9678,3.4758594921398367,0,0,3.4758594921398367
9679,4.782603602747938,0,0,4.782603602747938
9680,4.782603602747938,0,0,4.782603602747938
9681,4.387992546859583,0,0,4.387992546859583
9682,4.298145376844923,0,0,4.298145376844923
9683,4.382951387324186,0,0,4.382951387324186
9684,4.382951387324186,0,0,4.382951387324186
9685,4.382951387324185,0,0,4.382951387324185
9686,4.382690153720993,0,0,4.382690153720993
9687,4.382690153720991,0,0,4.382690153720991
9688,4.046332959557597,0,0,4.046332959557597
9689,4.046332959557597,0,0,4.046332959557597
9690,4.622589291203003,0,0,4.622589291203003
9691,4.622589291203002,0,0,4.622589291203002
9692,4.672019197216013,0,0,4.672019197216013
9693,4.616502586385347,0,0,4.616502586385347
9694,4.616502586385347,0,0,4.616502586385347
9695,4.616502586385347,0,0,4.616502586385347
9696,4.616502586385347,0,0,4.616502586385347
9697,4.616502586385347,0,0,4.616502586385347
9698,4.616502586385347,0,0,4.616502586385347
9699,4.308386685009068,0,0,4.308386685009068
9700,4.308386685009068,0,0,4.308386685009068
9701,4.308890478669285,0,0,4.308890478669285
9702,4.399568342816161,0,0,4.399568342816161
9703,4.399568342816161,0,0,4.399568342816161
9704,4.399568342816161,0,0,4.399568342816161
9705,4.399568342816161,0,0,4.399568342816161
9706,4.399568342816161,0,0,4.399568342816161
9707,3.973945599861001,0,0,3.973945599861001
9708,3.973945599861001,0,0,3.973945599861001
9709,3.973945599861001,0,0,3.973945599861001
9710,4.382231745626673,0,0,4.382231745626673
9711,4.3822317456266715,0,0,4.3822317456266715
9712,4.382231745626673,0,0,4.382231745626673
9713,4.382231745626673,0,0,4.382231745626673
9714,4.382231745626673,0,0,4.382231745626673
9715,4.382231745626673,0,0,4.382231745626673
9716,4.531364498156464,0,0,4.531364498156464
9717,4.531364498156463,0,0,4.531364498156463
9718,4.66409161153656,0,0,4.66409161153656
9719,4.535029690689753,0,0,4.535029690689753
9720,4.521000499458643,0,0,4.521000499458643
9721,4.521000499458643,0,0,4.521000499458643
9722,4.521000499458643,0,0,4.521000499458643
9723,4.521000499458643,0,0,4.521000499458643
9724,4.5205612743450185,0,0,4.5205612743450185
9725,3.9982379630611846,0,0,3.9982379630611846
9726,3.9982379630611846,0,0,3.9982379630611846
9727,3.9982379630611833,0,0,3.9982379630611833
9728,3.92263017664059,0,0,3.92263017664059
9729,5.042929764210261,0,0,5.042929764210261
9730,5.042929764210261,0,0,5.042929764210261
9731,5.042929764210262,0,0,5.042929764210262
9732,5.042971521112908,0,0,5.042971521112908
9733,5.144622817534896,0,0,5.144622817534896
9734,4.769074355731087,0,0,4.769074355731087
9735,4.769074355731087,0,0,4.769074355731087
9736,4.769074355731087,0,0,4.769074355731087
9737,5.181882423883949,0,0,5.181882423883949
9738,5.043383198633644,0,0,5.043383198633644
9739,5.043383198633644,0,0,5.043383198633644
9740,5.043383198633644,0,0,5.043383198633644
9741,5.043623075159306,0,0,5.043623075159306
9742,5.043623075159306,0,0,5.043623075159306
9743,5.189034089780545,0,0,5.189034089780545
9744,5.189034089780545,0,0,5.189034089780545
9745,5.052144837055546,0,0,5.052144837055546
9746,5.052144837055546,0,0,5.052144837055546
9747,5.052144837055546,0,0,5.052144837055546
9748,5.052144837055546,0,0,5.052144837055546
9749,5.052207981506033,0,0,5.052207981506033
9750,5.082788561052259,0,0,5.082788561052259
9751,5.0827885610522605,0,0,5.0827885610522605
9752,5.887102091693533,0,1,5.887102091693533
9753,5.624300767543557,0,1,5.624300767543557
9754,5.624300767543557,0,1,5.624300767543557
9755,5.56830508683898,0,1,5.56830508683898
9756,5.56830508683898,0,1,5.56830508683898
9757,5.56830508683898,0,1,5.56830508683898
9758,5.568305086838981,0,1,5.568305086838981
9759,5.538816674950254,0,0,5.538816674950254
9760,5.094034181046259,0,0,5.094034181046259
9761,5.601747009373819,0,1,5.601747009373819
9762,5.601747009373819,0,1,5.601747009373819
9763,5.052207403431653,0,0,5.052207403431653
9764,5.052207403431653,0,0,5.052207403431653
9765,4.115290365481718,0,0,4.115290365481718
9766,4.11529036548172,0,0,4.11529036548172
9767,4.115088293432847,0,0,4.115088293432847
9768,4.01289670721792,0,0,4.01289670721792
9769,3.599414016075142,0,0,3.599414016075142
9770,3.599414016075142,0,0,3.599414016075142
9771,3.15593677093558,0,0,3.15593677093558
9772,3.15593677093558,0,0,3.15593677093558
9773,3.15593677093558,0,0,3.15593677093558
9774,3.33685209970202,0,0,3.33685209970202
9775,3.3608273100059387,0,0,3.3608273100059387
9776,3.3608273100059387,0,0,3.3608273100059387
9777,3.9536377641834237,0,0,3.9536377641834237
9778,3.4806414538556005,0,0,3.4806414538556005
9779,3.802456038650121,0,0,3.802456038650121
9780,5.205416180220743,0,0,5.205416180220743
9781,4.873694636957267,0,0,4.873694636957267
9782,5.432652541956248,0,0,5.432652541956248
9783,5.526739758791262,0,0,5.526739758791262
9784,5.526739758791262,0,0,5.526739758791262
9785,5.570493311434022,0,1,5.570493311434022
9786,5.570524681559635,0,1,5.570524681559635
9787,5.376739969023705,0,0,5.376739969023705
9788,5.376739969023706,0,0,5.376739969023706
9789,5.542875518104069,0,0,5.542875518104069
9790,5.542875518104069,0,0,5.542875518104069
9791,5.551701903942044,0,0,5.551701903942044
9792,5.589434389446896,0,1,5.589434389446896
9793,5.589434389446896,0,1,5.589434389446896
9794,5.641962473473375,0,1,5.641962473473375
9795,0.06814832473211829,1,0,0.06814832473211829
9796,0.06823443374300142,1,0,0.06823443374300142
9797,0.06829899232159957,1,0,0.06829899232159957
9798,0.06820841995095994,1,0,0.06820841995095994
9799,0.06812052039995568,1,0,0.06812052039995568
9800,0.06927433122335641,1,0,0.06927433122335641
9801,0.0700355174803573,1,0,0.0700355174803573
9802,0.07097041303727139,1,0,0.07097041303727139
9803,0.06971168556856543,1,0,0.06971168556856543
9804,0.07655012848869687,1,0,0.07655012848869687
9805,0.07677205468432642,1,0,0.07677205468432642
9806,0.07676670917325351,1,0,0.07676670917325351
9807,0.07903581332655084,1,0,0.07903581332655084
9808,0.07878994778191066,1,0,0.07878994778191066
9809,0.08183216778111341,1,0,0.08183216778111341
9810,0.08199421707592876,1,0,0.08199421707592876
9811,0.08110873470327466,1,0,0.08110873470327466
9812,0.08110873470327466,1,0,0.08110873470327466
9813,0.08110873470341154,1,0,0.08110873470341154
9814,0.08110873470341154,1,0,0.08110873470341154
9815,0.07086629056400524,1,0,0.07086629056400524
9816,0.07086629056400524,1,0,0.07086629056400524
9817,0.07082846700460722,1,0,0.07082846700460722
9818,0.07082846700460722,1,0,0.07082846700460722
9819,0.07267531714461771,1,0,0.07267531714461771
9820,0.07279218460826774,1,0,0.07279218460826774
9821,0.07302670918997538,1,0,0.07302670918997538
9822,0.07302670918997538,1,0,0.07302670918997538
9823,0.07302023241899834,1,0,0.07302023241899834
9824,0.07302023241899834,1,0,0.07302023241899834
9825,0.07272522780032477,1,0,0.07272522780032477
9826,0.07272522780032477,1,0,0.07272522780032477
9827,0.07334786590586953,1,0,0.07334786590586953
9828,0.07363264131678392,1,0,0.07363264131678392
9829,0.0736326413169347,1,0,0.0736326413169347
9830,0.06851847685203317,1,0,0.06851847685203317
9831,0.06851847685203317,1,0,0.06851847685203317
9832,0.0658900810603982,1,0,0.0658900810603982
9833,0.0653716763739921,1,0,0.0653716763739921
9834,0.06550606861493165,1,0,0.06550606861493165
9835,0.06565182513114773,1,0,0.06565182513114773
9836,0.06563336747291751,1,0,0.06563336747291751
9837,0.0658469313173342,1,0,0.0658469313173342
9838,0.06595819055318218,1,0,0.06595819055318218
9839,0.06522894376245347,1,0,0.06522894376245347
9840,0.06522894376245347,1,0,0.06522894376245347
9841,0.0654069651886349,1,0,0.0654069651886349
9842,0.06510502724894833,1,0,0.06510502724894833
9843,0.06510502724894833,1,0,0.06510502724894833
9844,0.06505603087633662,1,0,0.06505603087633662
9845,6.079812599592205,0,1,6.079812599592205
9846,5.96129028715626,0,1,5.96129028715626
9847,5.95564163931973,0,1,5.95564163931973
9848,5.871703113430646,0,1,5.871703113430646
9849,6.007135660777605,0,1,6.007135660777605
9850,6.034423267162419,0,1,6.034423267162419
9851,6.06051670089609,0,1,6.06051670089609
9852,5.839201742465669,0,1,5.839201742465669
9853,5.672450469575225,0,1,5.672450469575225
9854,5.453897486295889,0,0,5.453897486295889
9855,5.453777640379369,0,0,5.453777640379369
9856,5.453657491295636,0,0,5.453657491295636
9857,5.157309834676849,0,0,5.157309834676849
9858,5.46704031640376,0,0,5.46704031640376
9859,4.853501176759089,0,0,4.853501176759089
9860,3.9204149747840855,0,0,3.9204149747840855
9861,3.8116922024394686,0,0,3.8116922024394686
9862,3.8116922024394686,0,0,3.8116922024394686
9863,3.8116922024394686,0,0,3.8116922024394686
9864,3.8116922024394686,0,0,3.8116922024394686
9865,3.8114076212435597,0,0,3.8114076212435597
9866,3.9059509278179925,0,0,3.9059509278179925
9867,4.046332959557597,0,0,4.046332959557597
9868,4.046332959557597,0,0,4.046332959557597
9869,4.711475811628582,0,0,4.711475811628582
9870,4.711475811628582,0,0,4.711475811628582
9871,4.711475811628582,0,0,4.711475811628582
9872,4.678431916725033,0,0,4.678431916725033
9873,4.637388193947836,0,0,4.637388193947836
9874,4.59226334108134,0,0,4.59226334108134
9875,4.592827438195289,0,0,4.592827438195289
9876,4.379112765929437,0,0,4.379112765929437
9877,3.687876228476379,0,0,3.687876228476379
9878,2.13684144139469,0,0,2.13684144139469
9879,2.13684144139469,0,0,2.13684144139469
9880,2.1370826382519126,0,0,2.1370826382519126
9881,2.1370826382519126,0,0,2.1370826382519126
9882,2.1370826382519126,0,0,2.1370826382519126
9883,2.1370826382519126,0,0,2.1370826382519126
9884,2.1370826382519126,0,0,2.1370826382519126
9885,2.224546023777622,0,0,2.224546023777622
9886,1.5102745700228124,0,0,1.5102745700228124
9887,1.5102745700228086,0,0,1.5102745700228086
9888,1.5102745700228086,0,0,1.5102745700228086
9889,1.5102745700228086,0,0,1.5102745700228086
9890,0.7840442157372765,0,0,0.7840442157372765
9891,0.7840442157372765,0,0,0.7840442157372765
9892,0.7840442157372765,0,0,0.7840442157372765
9893,0.7840442157372481,0,0,0.7840442157372481
9894,0.7551638821051648,0,0,0.7551638821051648
9895,0.4233783188189561,0,0,0.4233783188189561
9896,0.4233783188189561,0,0,0.4233783188189561
9897,0.4233783188189561,0,0,0.4233783188189561
9898,0.42337831854396907,0,0,0.42337831854396907
9899,0.4488551421343669,0,0,0.4488551421343669
9900,0.4488551421343669,0,0,0.4488551421343669
9901,0.4488551421343669,0,0,0.4488551421343669
9902,0.44912635556971553,0,0,0.44912635556971553
9903,0.5443111979268147,0,0,0.5443111979268147
9904,0.5443111979268453,0,0,0.5443111979268453
9905,0.5443111979268453,0,0,0.5443111979268453
9906,0.5443111979268453,0,0,0.5443111979268453
9907,0.5443111979268453,0,0,0.5443111979268453
9908,0.573110005443822,0,0,0.573110005443822
9909,0.5731100054438317,0,0,0.5731100054438317
9910,0.5731100054438317,0,0,0.5731100054438317
9911,0.5731100054438317,0,0,0.5731100054438317
9912,0.7914473535811076,0,0,0.7914473535811076
9913,0.7914473535811076,0,0,0.7914473535811076
9914,0.7914473535811076,0,0,0.7914473535811076
9915,0.7914473535811076,0,0,0.7914473535811076
9916,0.7914473535811146,0,0,0.7914473535811146
9917,0.6134928517501204,0,0,0.6134928517501204
9918,0.6134928517501295,0,0,0.6134928517501295
9919,0.6134928517501295,0,0,0.6134928517501295
9920,0.6134928517501295,0,0,0.6134928517501295
9921,1.1510285685969968,0,0,1.1510285685969968
9922,1.1510285685969968,0,0,1.1510285685969968
9923,1.1510285685969968,0,0,1.1510285685969968
9924,1.1510285685969968,0,0,1.1510285685969968
9925,1.1509956896795548,0,0,1.1509956896795548
9926,1.0196982529086562,0,0,1.0196982529086562
9927,0.6509851111657502,0,0,0.6509851111657502
9928,0.6509851111657247,0,0,0.6509851111657247
9929,0.6511205275642891,0,0,0.6511205275642891
9930,0.6667971308129651,0,0,0.6667971308129651
9931,0.6667971308129484,0,0,0.6667971308129484
9932,0.6667971308129484,0,0,0.6667971308129484
9933,0.6667971308129484,0,0,0.6667971308129484
9934,0.6667971308129484,0,0,0.6667971308129484
9935,0.6913257064442477,0,0,0.6913257064442477
9936,0.6913257064442477,0,0,0.6913257064442477
9937,0.6913257064442477,0,0,0.6913257064442477
9938,0.6914813546334226,0,0,0.6914813546334226
9939,0.9249845161308199,0,0,0.9249845161308199
9940,0.9249845161308199,0,0,0.9249845161308199
9941,0.9249845161308199,0,0,0.9249845161308199
9942,0.9249845161308018,0,0,0.9249845161308018
9943,0.9250777076608371,0,0,0.9250777076608371
9944,0.8707582643488848,0,0,0.8707582643488848
9945,0.8707582643488848,0,0,0.8707582643488848
9946,0.8707582643488848,0,0,0.8707582643488848
9947,0.8707582643488722,0,0,0.8707582643488722
9948,0.9653560766273972,0,0,0.9653560766273972
9949,0.9653560766273972,0,0,0.9653560766273972
9950,0.9653560766274087,0,0,0.9653560766274087
9951,0.9653560766274087,0,0,0.9653560766274087
9952,0.9653560766274087,0,0,0.9653560766274087
9953,0.9193287639437064,0,0,0.9193287639437064
9954,0.9193287639437064,0,0,0.9193287639437064
9955,0.9193287639437064,0,0,0.9193287639437064
9956,1.1136612846398535,0,0,1.1136612846398535
9957,1.1832848383053582,0,0,1.1832848383053582
9958,1.1832848383053536,0,0,1.1832848383053536
9959,1.1832848383053582,0,0,1.1832848383053582
9960,1.1832848383053582,0,0,1.1832848383053582
9961,1.610906608285611,0,0,1.610906608285611
9962,1.6949037849781747,0,0,1.6949037849781747
9963,1.3604250891579475,0,0,1.3604250891579475
9964,1.3604250891579475,0,0,1.3604250891579475
9965,1.3149092796203998,0,0,1.3149092796203998
9966,1.3149092796203998,0,0,1.3149092796203998
9967,1.3149092796203998,0,0,1.3149092796203998
9968,1.3149092796204083,0,0,1.3149092796204083
9969,1.3149092796204083,0,0,1.3149092796204083
9970,1.3149092796204083,0,0,1.3149092796204083
9971,1.7379681245874092,0,0,1.7379681245874092
9972,1.7379681245874092,0,0,1.7379681245874092
9973,1.6681771474200808,0,0,1.6681771474200808
9974,1.6681771474200808,0,0,1.6681771474200808
9975,1.6681771474200808,0,0,1.6681771474200808
9976,1.6681771474200808,0,0,1.6681771474200808
9977,1.6682500490742125,0,0,1.6682500490742125
9978,1.6682500490742125,0,0,1.6682500490742125
9979,1.531233361869854,0,0,1.531233361869854
9980,1.3247935132560624,0,0,1.3247935132560624
9981,1.461174996205187,0,0,1.461174996205187
9982,1.461174996205187,0,0,1.461174996205187
9983,1.461174996205187,0,0,1.461174996205187
9984,1.461174996205187,0,0,1.461174996205187
9985,1.461174996205187,0,0,1.461174996205187
9986,1.461174996205187,0,0,1.461174996205187
9987,1.461174996205187,0,0,1.461174996205187
9988,1.4611632966905754,0,0,1.4611632966905754
9989,1.78457495745907,0,0,1.78457495745907
9990,1.78457495745907,0,0,1.78457495745907
9991,1.78457495745907,0,0,1.78457495745907
9992,1.7845749574590544,0,0,1.7845749574590544
9993,1.7844981831810638,0,0,1.7844981831810638
9994,1.7844981831810638,0,0,1.7844981831810638
9995,1.7844981831810638,0,0,1.7844981831810638
9996,1.7844981831810638,0,0,1.7844981831810638
9997,2.0109152186201364,0,0,2.0109152186201364
9998,1.946192114853867,0,0,1.946192114853867
9999,1.477073437842716,0,0,1.477073437842716
10000,1.477073437842716,0,0,1.477073437842716
10001,1.4770734378427197,0,0,1.4770734378427197
10002,1.4769920165231458,0,0,1.4769920165231458
10003,1.4769920165231458,0,0,1.4769920165231458
10004,1.4769920165231458,0,0,1.4769920165231458
10005,1.4746150603566561,0,0,1.4746150603566561
10006,1.29296359827713,0,0,1.29296359827713
10007,0.9655653556653047,0,0,0.9655653556653047
10008,0.9655653556653047,0,0,0.9655653556653047
10009,0.965768106577612,0,0,0.965768106577612
10010,0.965768106577612,0,0,0.965768106577612
10011,0.9657681065776005,0,0,0.9657681065776005
10012,0.9657681065776005,0,0,0.9657681065776005
10013,0.9060126287096316,0,0,0.9060126287096316
10014,0.9060126287096316,0,0,0.9060126287096316
10015,0.8962218285370308,0,0,0.8962218285370308
10016,0.8962218285370308,0,0,0.8962218285370308
10017,0.8962218285370308,0,0,0.8962218285370308
10018,0.8962218285370308,0,0,0.8962218285370308
10019,0.8962218285370308,0,0,0.8962218285370308
10020,0.8962218285370308,0,0,0.8962218285370308
10021,1.3566414772146962,0,0,1.3566414772146962
10022,1.3566414772146962,0,0,1.3566414772146962
10023,1.3670787696115712,0,0,1.3670787696115712
10024,1.3670787696115712,0,0,1.3670787696115712
10025,1.3670787696115754,0,0,1.3670787696115754
10026,1.3670787696115754,0,0,1.3670787696115754
10027,1.1679840379153779,0,0,1.1679840379153779
10028,1.1679840379153779,0,0,1.1679840379153779
10029,1.1387266668931109,0,0,1.1387266668931109
10030,1.1387266668931206,0,0,1.1387266668931206
10031,1.0709274629442282,0,0,1.0709274629442282
10032,1.0709274629442282,0,0,1.0709274629442282
10033,1.0709274629442282,0,0,1.0709274629442282
10034,1.0709274629442282,0,0,1.0709274629442282
10035,1.0709274629442282,0,0,1.0709274629442282
10036,1.0709274629442282,0,0,1.0709274629442282
10037,1.0797648737736005,0,0,1.0797648737736005
10038,1.0797648737736005,0,0,1.0797648737736005
10039,1.0380982916069739,0,0,1.0380982916069739
10040,1.0380982916069739,0,0,1.0380982916069739
10041,1.0380982916069739,0,0,1.0380982916069739
10042,1.0380982916069739,0,0,1.0380982916069739
10043,1.0159850688121694,0,0,1.0159850688121694
10044,1.0160560814322308,0,0,1.0160560814322308
10045,0.9630189039448395,0,0,0.9630189039448395
10046,0.963508754211436,0,0,0.963508754211436
10047,1.0307460378775666,0,0,1.0307460378775666
10048,1.0279025402345725,0,0,1.0279025402345725
10049,1.0277926625454896,0,0,1.0277926625454896
10050,1.0277926625454896,0,0,1.0277926625454896
10051,1.0277926625454896,0,0,1.0277926625454896
10052,1.0277926625454896,0,0,1.0277926625454896
10053,0.9612687413355587,0,0,0.9612687413355587
10054,0.9612307970975542,0,0,0.9612307970975542
10055,0.9280496861513042,0,0,0.9280496861513042
10056,0.9278058624802611,0,0,0.9278058624802611
10057,0.9278058624802611,0,0,0.9278058624802611
10058,0.9278058624802611,0,0,0.9278058624802611
10059,0.9274382213116587,0,0,0.9274382213116587
10060,0.9274382213116706,0,0,0.9274382213116706
10061,0.8885878942222718,0,0,0.8885878942222718
10062,0.8885878942222656,0,0,0.8885878942222656
10063,0.6953431547798878,0,0,0.6953431547798878
10064,0.6953431547798878,0,0,0.6953431547798878
10065,0.6953431547798878,0,0,0.6953431547798878
10066,0.6953431547798878,0,0,0.6953431547798878
10067,0.6953431547798878,0,0,0.6953431547798878
10068,0.6953431547798878,0,0,0.6953431547798878
10069,0.6663953432977534,0,0,0.6663953432977534
10070,0.6663953432977534,0,0,0.6663953432977534
10071,0.5962469765126386,0,0,0.5962469765126386
10072,0.5962469765126386,0,0,0.5962469765126386
10073,0.5962469765126386,0,0,0.5962469765126386
10074,0.5962469765126386,0,0,0.5962469765126386
10075,0.5962469765126666,0,0,0.5962469765126666
10076,0.5962469765126666,0,0,0.5962469765126666
10077,0.8017840111884189,0,0,0.8017840111884189
10078,0.8017840111884189,0,0,0.8017840111884189
10079,0.7952411612974295,0,0,0.7952411612974295
10080,0.7952411612974295,0,0,0.7952411612974295
10081,0.7952411612974295,0,0,0.7952411612974295
10082,0.7952411612974295,0,0,0.7952411612974295
10083,0.7952411612974295,0,0,0.7952411612974295
10084,0.7952411612974295,0,0,0.7952411612974295
10085,1.1564555226154425,0,0,1.1564555226154425
10086,1.1562011538526524,0,0,1.1562011538526524
10087,0.9773708712982365,0,0,0.9773708712982365
10088,0.9773708712982365,0,0,0.9773708712982365
10089,0.9773708712982365,0,0,0.9773708712982365
10090,0.9773708712982365,0,0,0.9773708712982365
10091,0.9773708712982365,0,0,0.9773708712982365
10092,0.9773708712982365,0,0,0.9773708712982365
10093,0.9131774214872334,0,0,0.9131774214872334
10094,0.9131774214872334,0,0,0.9131774214872334
10095,0.957367618677358,0,0,0.957367618677358
10096,0.957367618677358,0,0,0.957367618677358
10097,0.957618556425564,0,0,0.957618556425564
10098,0.9576185564255757,0,0,0.9576185564255757
10099,0.9576185564255757,0,0,0.9576185564255757
10100,0.9576185564255757,0,0,0.9576185564255757
10101,0.9348428055572925,0,0,0.9348428055572925
10102,0.9348428055572925,0,0,0.9348428055572925
10103,1.011507375016713,0,0,1.011507375016713
10104,1.011507375016713,0,0,1.011507375016713
10105,1.011507375016713,0,0,1.011507375016713
10106,1.011507375016713,0,0,1.011507375016713
10107,1.0115073750167185,0,0,1.0115073750167185
10108,1.0115073750167185,0,0,1.0115073750167185
10109,1.5206393262321236,0,0,1.5206393262321236
10110,1.5206393262321236,0,0,1.5206393262321236
10111,1.5614179021249845,0,0,1.5614179021249845
10112,1.5614179021249845,0,0,1.5614179021249845
10113,2.5399292602571872,0,0,2.5399292602571872
10114,2.5399292602571872,0,0,2.5399292602571872
10115,2.5396861895311313,0,0,2.5396861895311313
10116,2.5396861895311313,0,0,2.5396861895311313
10117,3.0028756109855252,0,0,3.0028756109855252
10118,3.0028756109855252,0,0,3.0028756109855252
10119,3.0267610818485133,0,0,3.0267610818485133
10120,3.0267610818485133,0,0,3.0267610818485133
10121,3.260490459120808,0,0,3.260490459120808
10122,3.260490459120808,0,0,3.260490459120808
10123,3.260490459120808,0,0,3.260490459120808
10124,3.260490459120808,0,0,3.260490459120808
10125,3.6253658792462655,0,0,3.6253658792462655
10126,3.6253658792462673,0,0,3.6253658792462673
10127,3.8325142043375195,0,0,3.8325142043375195
10128,3.8325142043375195,0,0,3.8325142043375195
10129,3.972595935183877,0,0,3.972595935183877
10130,3.972595935183877,0,0,3.972595935183877
10131,3.972595935183877,0,0,3.972595935183877
10132,3.97259593518388,0,0,3.97259593518388
10133,4.109419587177855,0,0,4.109419587177855
10134,4.109419587177855,0,0,4.109419587177855
10135,3.907585917438474,0,0,3.907585917438474
10136,3.8843383007659407,0,0,3.8843383007659407
10137,3.88649254153263,0,0,3.88649254153263
10138,3.886492541532633,0,0,3.886492541532633
10139,3.6627856018466365,0,0,3.6627856018466365
10140,3.6627856018466365,0,0,3.6627856018466365
10141,4.060506473008147,0,0,4.060506473008147
10142,4.060506473008147,0,0,4.060506473008147
10143,3.5849951296070577,0,0,3.5849951296070577
10144,3.5849951296070577,0,0,3.5849951296070577
10145,2.99292063205825,0,0,2.99292063205825
10146,2.992920632058246,0,0,2.992920632058246
10147,2.992920632058248,0,0,2.992920632058248
10148,2.992920632058248,0,0,2.992920632058248
10149,3.274930409189594,0,0,3.274930409189594
10150,3.274930409189594,0,0,3.274930409189594
10151,2.9617042979580077,0,0,2.9617042979580077
10152,2.9282170902735647,0,0,2.9282170902735647
10153,2.9133817287684427,0,0,2.9133817287684427
10154,2.9133817287684427,0,0,2.9133817287684427
10155,2.5843494929416826,0,0,2.5843494929416826
10156,2.5843494929416826,0,0,2.5843494929416826
10157,3.0371818887875364,0,0,3.0371818887875364
10158,3.0371818887875364,0,0,3.0371818887875364
10159,3.200706744850999,0,0,3.200706744850999
10160,3.200706744850999,0,0,3.200706744850999
10161,3.197938549026723,0,0,3.197938549026723
10162,3.1979385490267194,0,0,3.1979385490267194
10163,3.1379756138133175,0,0,3.1379756138133175
10164,3.1379756138133175,0,0,3.1379756138133175
10165,3.1397563974241565,0,0,3.1397563974241565
10166,3.221795345694959,0,0,3.221795345694959
10167,3.372582897127779,0,0,3.372582897127779
10168,3.3725828971277805,0,0,3.3725828971277805
10169,3.3725828971277805,0,0,3.3725828971277805
10170,3.883792243817695,0,0,3.883792243817695
10171,4.181620897516443,0,0,4.181620897516443
10172,4.181620897516443,0,0,4.181620897516443
10173,4.181620897516443,0,0,4.181620897516443
10174,4.182838819617396,0,0,4.182838819617396
10175,4.01646329923325,0,0,4.01646329923325
10176,4.01646329923325,0,0,4.01646329923325
10177,4.01646329923325,0,0,4.01646329923325
10178,4.01646329923325,0,0,4.01646329923325
10179,4.29073092847221,0,0,4.29073092847221
10180,4.584393306160521,0,0,4.584393306160521
10181,4.673184256417027,0,0,4.673184256417027
10182,4.672429754549553,0,0,4.672429754549553
10183,4.799065662380533,0,0,4.799065662380533
10184,5.022753051406903,0,0,5.022753051406903
10185,4.807036199802964,0,0,4.807036199802964
10186,4.807593676653887,0,0,4.807593676653887
10187,4.902650240050652,0,0,4.902650240050652
10188,4.9620519830465035,0,0,4.9620519830465035
10189,5.033920278678913,0,0,5.033920278678913
10190,5.109288636818639,0,0,5.109288636818639
10191,4.83279432897295,0,0,4.83279432897295
10192,4.83279432897295,0,0,4.83279432897295
10193,4.832794328972947,0,0,4.832794328972947
10194,4.992134267647716,0,0,4.992134267647716
10195,5.089740154618864,0,0,5.089740154618864
10196,5.089740154618864,0,0,5.089740154618864
10197,5.089740154618864,0,0,5.089740154618864
10198,4.559565395136585,0,0,4.559565395136585
10199,4.210198680989893,0,0,4.210198680989893
10200,4.402476726793636,0,0,4.402476726793636
10201,4.402476726793636,0,0,4.402476726793636
10202,4.2945681915811225,0,0,4.2945681915811225
10203,4.38066674552139,0,0,4.38066674552139
10204,4.820846384474498,0,0,4.820846384474498
10205,5.4676749691564694,0,0,5.4676749691564694
10206,5.4676749691564694,0,0,5.4676749691564694
10207,5.4011270463632535,0,0,5.4011270463632535
10208,5.4011270463632535,0,0,5.4011270463632535
10209,5.2975328732666,0,0,5.2975328732666
10210,5.029034076653935,0,0,5.029034076653935
10211,4.930845237790329,0,0,4.930845237790329
10212,4.930845237790329,0,0,4.930845237790329
10213,4.930845237790329,0,0,4.930845237790329
10214,4.930089098139279,0,0,4.930089098139279
10215,5.015659654183908,0,0,5.015659654183908
10216,5.019642047881712,0,0,5.019642047881712
10217,5.019642047881713,0,0,5.019642047881713
10218,5.019642047881714,0,0,5.019642047881714
10219,5.019642047881714,0,0,5.019642047881714
10220,5.065262647964335,0,0,5.065262647964335
10221,5.073444701112446,0,0,5.073444701112446
10222,5.073444701112446,0,0,5.073444701112446
10223,5.073444701112446,0,0,5.073444701112446
10224,5.072743225791556,0,0,5.072743225791556
10225,4.962622808131164,0,0,4.962622808131164
10226,4.962622808131164,0,0,4.962622808131164
10227,4.962622808131164,0,0,4.962622808131164
10228,4.962622808131164,0,0,4.962622808131164
10229,4.645578128338262,0,0,4.645578128338262
10230,3.8098314425585813,0,0,3.8098314425585813
10231,3.8098314425585813,0,0,3.8098314425585813
10232,3.8098314425585813,0,0,3.8098314425585813
10233,3.8098314425585813,0,0,3.8098314425585813
10234,3.9406192377619345,0,0,3.9406192377619345
10235,3.6506742053162076,0,0,3.6506742053162076
10236,3.7135261921414995,0,0,3.7135261921414995
10237,3.7135261921414995,0,0,3.7135261921414995
10238,3.7135261921414995,0,0,3.7135261921414995
10239,3.7710272060704937,0,0,3.7710272060704937
10240,3.5299676082792653,0,0,3.5299676082792653
10241,3.5299676082792653,0,0,3.5299676082792653
10242,3.52996760827927,0,0,3.52996760827927
10243,3.52996760827927,0,0,3.52996760827927
10244,3.792998964285394,0,0,3.792998964285394
10245,3.787513393563403,0,0,3.787513393563403
10246,3.2584771381979527,0,0,3.2584771381979527
10247,3.2584771381979527,0,0,3.2584771381979527
10248,3.2584771381979514,0,0,3.2584771381979514
10249,3.2875659203375194,0,0,3.2875659203375194
10250,3.3049297318551845,0,0,3.3049297318551845
10251,3.3049297318551845,0,0,3.3049297318551845
10252,3.3049297318551845,0,0,3.3049297318551845
10253,3.22151730619432,0,0,3.22151730619432
10254,3.22151730619432,0,0,3.22151730619432
10255,2.9338865988351017,0,0,2.9338865988351017
10256,2.9338865988351017,0,0,2.9338865988351017
10257,2.9341511279135672,0,0,2.9341511279135672
10258,2.8508997122595243,0,0,2.8508997122595243
10259,2.8506373444015227,0,0,2.8506373444015227
10260,2.9381178575045603,0,0,2.9381178575045603
10261,2.024169577788957,0,0,2.024169577788957
10262,2.024169577788957,0,0,2.024169577788957
10263,1.9446568664886796,0,0,1.9446568664886796
10264,1.9445420652406173,0,0,1.9445420652406173
10265,1.6458948246184149,0,0,1.6458948246184149
10266,1.4970582957727294,0,0,1.4970582957727294
10267,1.6240026938097059,0,0,1.6240026938097059
10268,1.6677907387417708,0,0,1.6677907387417708
10269,1.6677907387417708,0,0,1.6677907387417708
10270,1.7131871378330072,0,0,1.7131871378330072
10271,1.686248929573329,0,0,1.686248929573329
10272,3.0270678893159397,0,0,3.0270678893159397
10273,2.986484465028602,0,0,2.986484465028602
10274,3.314977812953714,0,0,3.314977812953714
10275,3.723541938775636,0,0,3.723541938775636
10276,3.584800131164371,0,0,3.584800131164371
10277,3.584800131164371,0,0,3.584800131164371
10278,3.5848001311643727,0,0,3.5848001311643727
10279,4.2038824467398435,0,0,4.2038824467398435
10280,4.793375495714832,0,0,4.793375495714832
10281,4.793375495714832,0,0,4.793375495714832
10282,4.793375495714832,0,0,4.793375495714832
10283,4.793375495714829,0,0,4.793375495714829
10284,5.114152446892791,0,0,5.114152446892791
10285,5.264245909337187,0,0,5.264245909337187
10286,5.264245909337187,0,0,5.264245909337187
10287,5.264245909337187,0,0,5.264245909337187
10288,5.567306979119474,0,0,5.567306979119474
10289,5.494356854243244,0,0,5.494356854243244
10290,5.06308354953201,0,0,5.06308354953201
10291,5.063083549532009,0,0,5.063083549532009
10292,5.141832201236481,0,0,5.141832201236481
10293,5.302227580857012,0,0,5.302227580857012
10294,5.784697920075753,0,1,5.784697920075753
10295,5.784225424411307,0,1,5.784225424411307
10296,5.706907885783032,0,1,5.706907885783032
10297,5.818093579741101,0,1,5.818093579741101
10298,5.652333335867535,0,1,5.652333335867535
10299,5.75164196585851,0,1,5.75164196585851
10300,5.7987932973755765,0,1,5.7987932973755765
10301,5.998148905757377,0,1,5.998148905757377
10302,6.122949196885361,0,1,6.122949196885361
10303,6.260558606084648,0,1,6.260558606084648
10304,6.260558606084648,0,1,6.260558606084648
10305,6.382970168111952,0,1,6.382970168111952
10306,6.382970168111952,0,1,6.382970168111952
10307,6.382970168111952,0,1,6.382970168111952
10308,6.309812566938175,0,1,6.309812566938175
10309,6.475979269406806,0,1,6.475979269406806
10310,6.33636091100859,0,1,6.33636091100859
10311,6.336360911008589,0,1,6.336360911008589
10312,6.127120860581555,0,1,6.127120860581555
10313,5.784627564893683,0,1,5.784627564893683
10314,5.981929201865201,0,1,5.981929201865201
10315,6.1391185004335185,0,1,6.1391185004335185
10316,5.63238756789023,0,1,5.63238756789023
10317,5.6321712819628,0,1,5.6321712819628
10318,5.235066613891834,0,0,5.235066613891834
10319,5.394907535506779,0,0,5.394907535506779
10320,5.309319561017923,0,0,5.309319561017923
10321,5.125761939612904,0,0,5.125761939612904
10322,5.125761939612905,0,0,5.125761939612905
10323,4.705674045110025,0,0,4.705674045110025
10324,4.507485423844759,0,0,4.507485423844759
10325,4.579942612877354,0,0,4.579942612877354
10326,4.579942612877354,0,0,4.579942612877354
10327,4.673402596385563,0,0,4.673402596385563
10328,4.599562348151005,0,0,4.599562348151005
10329,4.7957810718411675,0,0,4.7957810718411675
10330,4.7957810718411675,0,0,4.7957810718411675
10331,4.7957810718411675,0,0,4.7957810718411675
10332,4.935604486152909,0,0,4.935604486152909
10333,4.807570502204029,0,0,4.807570502204029
10334,4.292516251785107,0,0,4.292516251785107
10335,4.2925162517851065,0,0,4.2925162517851065
10336,4.835660177089186,0,0,4.835660177089186
10337,4.828491640099681,0,0,4.828491640099681
10338,4.918833155363291,0,0,4.918833155363291
10339,4.918833155363293,0,0,4.918833155363293
10340,4.918833155363293,0,0,4.918833155363293
10341,4.991094370351317,0,0,4.991094370351317
10342,4.799612667764515,0,0,4.799612667764515
10343,4.664140454318969,0,0,4.664140454318969
10344,4.66414045431897,0,0,4.66414045431897
10345,4.705674045110025,0,0,4.705674045110025
10346,4.507485423844759,0,0,4.507485423844759
10347,4.579942612877354,0,0,4.579942612877354
10348,4.579942612877354,0,0,4.579942612877354
10349,4.600957192648605,0,0,4.600957192648605
10350,4.599562348151005,0,0,4.599562348151005
10351,4.7957810718411675,0,0,4.7957810718411675
10352,4.7957810718411675,0,0,4.7957810718411675
10353,4.7957810718411675,0,0,4.7957810718411675
10354,4.979961397385887,0,0,4.979961397385887
10355,5.297900150730391,0,0,5.297900150730391
10356,5.297900150730391,0,0,5.297900150730391
10357,5.297900150730389,0,0,5.297900150730389
10358,5.297900150730389,0,0,5.297900150730389
10359,5.2700495818700945,0,0,5.2700495818700945
10360,5.2224283031828405,0,0,5.2224283031828405
10361,5.222428303182841,0,0,5.222428303182841
10362,5.222428303182841,0,0,5.222428303182841
10363,5.222428303182842,0,0,5.222428303182842
10364,5.251604858900714,0,0,5.251604858900714
10365,5.232411327069247,0,0,5.232411327069247
10366,5.232411327069247,0,0,5.232411327069247
10367,5.232411327069247,0,0,5.232411327069247
10368,5.494505800897066,0,0,5.494505800897066
10369,5.520038607592507,0,0,5.520038607592507
10370,5.089740154618864,0,0,5.089740154618864
10371,5.089740154618864,0,0,5.089740154618864
10372,5.089740154618864,0,0,5.089740154618864
10373,4.559565395136585,0,0,4.559565395136585
10374,4.210198680989893,0,0,4.210198680989893
10375,4.402476726793636,0,0,4.402476726793636
10376,4.402476726793636,0,0,4.402476726793636
10377,4.2945681915811225,0,0,4.2945681915811225
10378,4.38066674552139,0,0,4.38066674552139
10379,4.820846384474498,0,0,4.820846384474498
10380,5.4676749691564694,0,0,5.4676749691564694
10381,5.256320269099816,0,0,5.256320269099816
10382,2.9589231993265805,0,0,2.9589231993265805
10383,2.9589231993265823,0,0,2.9589231993265823
10384,2.8568995582582746,0,0,2.8568995582582746
10385,2.8568995582582746,0,0,2.8568995582582746
10386,2.85092369609839,0,0,2.85092369609839
10387,2.8506693357412054,0,0,2.8506693357412054
10388,2.8546734602511146,0,0,2.8546734602511146
10389,2.7438734040709853,0,0,2.7438734040709853
10390,2.7438734040709853,0,0,2.7438734040709853
10391,1.792289712522677,0,0,1.792289712522677
10392,1.792289712522677,0,0,1.792289712522677
10393,2.298029917368502,0,0,2.298029917368502
10394,3.040704285985376,0,0,3.040704285985376
10395,3.131634995806887,0,0,3.131634995806887
10396,3.131634995806887,0,0,3.131634995806887
10397,3.131634995806887,0,0,3.131634995806887
10398,3.7978132532770887,0,0,3.7978132532770887
10399,4.042219656184247,0,0,4.042219656184247
10400,2.9111652592096617,0,0,2.9111652592096617
10401,2.91116525920966,0,0,2.91116525920966
10402,2.9111652592096564,0,0,2.9111652592096564
10403,3.6830037429741167,0,0,3.6830037429741167
10404,4.144734028657401,0,0,4.144734028657401
10405,3.21194786985789,0,0,3.21194786985789
10406,3.21194786985789,0,0,3.21194786985789
10407,3.213622253811766,0,0,3.213622253811766
10408,3.2875659203375194,0,0,3.2875659203375194
10409,3.3049297318551845,0,0,3.3049297318551845
10410,3.1740465888927485,0,0,3.1740465888927485
10411,3.1740465888927485,0,0,3.1740465888927485
10412,3.22151730619432,0,0,3.22151730619432
10413,3.22151730619432,0,0,3.22151730619432
10414,2.9338865988351017,0,0,2.9338865988351017
10415,2.596442323710312,0,0,2.596442323710312
10416,2.5964592734561176,0,0,2.5964592734561176
10417,2.524979202631998,0,0,2.524979202631998
10418,2.5249628139962543,0,0,2.5249628139962543
10419,2.631173332668281,0,0,2.631173332668281
10420,2.024169577788957,0,0,2.024169577788957
10421,2.024169577788957,0,0,2.024169577788957
10422,1.9446568664886796,0,0,1.9446568664886796
10423,1.9445420652406173,0,0,1.9445420652406173
10424,1.6458948246184149,0,0,1.6458948246184149
10425,1.4970582957727294,0,0,1.4970582957727294
10426,1.6240026938097059,0,0,1.6240026938097059
10427,1.6677907387417708,0,0,1.6677907387417708
10428,1.6677907387417708,0,0,1.6677907387417708
10429,1.7131871378330072,0,0,1.7131871378330072
10430,1.686248929573329,0,0,1.686248929573329
10431,4.257901934792401,0,0,4.257901934792401
10432,4.257901934792401,0,0,4.257901934792401
10433,4.257901934792401,0,0,4.257901934792401
10434,4.303569438177709,0,0,4.303569438177709
10435,4.303569438177709,0,0,4.303569438177709
10436,4.303569438177707,0,0,4.303569438177707
10437,4.303569438177707,0,0,4.303569438177707
10438,4.305032532630004,0,0,4.305032532630004
10439,4.352916277985582,0,0,4.352916277985582
10440,4.253647929022174,0,0,4.253647929022174
10441,4.495595635896554,0,0,4.495595635896554
10442,4.495595635896554,0,0,4.495595635896554
10443,5.287123440854237,0,0,5.287123440854237
10444,5.196371330692407,0,0,5.196371330692407
10445,5.19202203206588,0,0,5.19202203206588
10446,5.19202203206588,0,0,5.19202203206588
10447,5.196864427403277,0,0,5.196864427403277
10448,5.287862013230405,0,0,5.287862013230405
10449,5.119201138764994,0,0,5.119201138764994
10450,5.119201138764994,0,0,5.119201138764994
10451,5.119201138764994,0,0,5.119201138764994
10452,5.119201138764994,0,0,5.119201138764994
10453,4.9027153789187885,0,0,4.9027153789187885
10454,5.209523297305005,0,0,5.209523297305005
10455,5.216090827048824,0,0,5.216090827048824
10456,5.217027462057903,0,0,5.217027462057903
10457,5.567468366702442,0,0,5.567468366702442
10458,5.282603090246098,0,0,5.282603090246098
10459,5.295758146451076,0,0,5.295758146451076
10460,5.427553996884818,0,0,5.427553996884818
10461,5.427553996884818,0,0,5.427553996884818
10462,5.288059362095409,0,0,5.288059362095409
10463,5.28805936209541,0,0,5.28805936209541
10464,5.362182193654358,0,0,5.362182193654358
10465,5.359776888087569,0,0,5.359776888087569
10466,5.416470410300135,0,0,5.416470410300135
10467,5.2581148521740495,0,0,5.2581148521740495
10468,5.2581148521740495,0,0,5.2581148521740495
10469,5.024815800425615,0,0,5.024815800425615
10470,5.024815800425615,0,0,5.024815800425615
10471,5.058946155681376,0,0,5.058946155681376
10472,4.81295560143535,0,0,4.81295560143535
10473,4.81295560143535,0,0,4.81295560143535
10474,4.81295560143535,0,0,4.81295560143535
10475,4.81295560143535,0,0,4.81295560143535
10476,4.79704092579284,0,0,4.79704092579284
10477,4.8686256713009834,0,0,4.8686256713009834
10478,4.870871816667269,0,0,4.870871816667269
10479,4.870871816667269,0,0,4.870871816667269
10480,4.871046031672303,0,0,4.871046031672303
10481,5.148626450586806,0,0,5.148626450586806
10482,5.148626450586806,0,0,5.148626450586806
10483,5.148626450586806,0,0,5.148626450586806
10484,5.077380014742039,0,0,5.077380014742039
10485,5.077380014742039,0,0,5.077380014742039
10486,5.077380014742039,0,0,5.077380014742039
10487,4.859733459953907,0,0,4.859733459953907
10488,4.854549729859592,0,0,4.854549729859592
10489,5.04781082963087,0,0,5.04781082963087
10490,4.91096803049749,0,0,4.91096803049749
10491,4.91096803049749,0,0,4.91096803049749
10492,4.91096803049749,0,0,4.91096803049749
10493,3.543631427337365,0,0,3.543631427337365
10494,3.543631427337365,0,0,3.543631427337365
10495,3.543631427337365,0,0,3.543631427337365
10496,3.507279320152917,0,0,3.507279320152917
10497,3.50727932015292,0,0,3.50727932015292
10498,3.689767252098377,0,0,3.689767252098377
10499,3.689767252098377,0,0,3.689767252098377
10500,3.6897672520983753,0,0,3.6897672520983753
10501,3.6897672520983753,0,0,3.6897672520983753
10502,3.966652820729144,0,0,3.966652820729144
10503,3.966652820729144,0,0,3.966652820729144
10504,4.176798618283616,0,0,4.176798618283616
10505,4.176798618283616,0,0,4.176798618283616
10506,4.176889972754851,0,0,4.176889972754851
10507,4.177338990503193,0,0,4.177338990503193
10508,4.2509769325670534,0,0,4.2509769325670534
10509,4.251379658090023,0,0,4.251379658090023
10510,4.480974640742196,0,0,4.480974640742196
10511,4.068618362751199,0,0,4.068618362751199
10512,4.068618362751199,0,0,4.068618362751199
10513,4.069221239747634,0,0,4.069221239747634
10514,3.105737040655763,0,0,3.105737040655763
10515,3.105737040655763,0,0,3.105737040655763
10516,3.1351278422545388,0,0,3.1351278422545388
10517,3.1351278422545454,0,0,3.1351278422545454
10518,3.1351278422545454,0,0,3.1351278422545454
10519,3.1352487978896475,0,0,3.1352487978896475
10520,3.2794256341441237,0,0,3.2794256341441237
10521,3.2354414302747663,0,0,3.2354414302747663
10522,2.860873004894916,0,0,2.860873004894916
10523,2.860873004894916,0,0,2.860873004894916
10524,2.860873004894916,0,0,2.860873004894916
10525,2.860873004894916,0,0,2.860873004894916
10526,2.8232474248218975,0,0,2.8232474248218975
10527,2.170168800132959,0,0,2.170168800132959
10528,1.623797517033365,0,0,1.623797517033365
10529,1.623797517033365,0,0,1.623797517033365
10530,1.6237975170333683,0,0,1.6237975170333683
10531,1.6237975170333683,0,0,1.6237975170333683
10532,3.265880793456833,0,0,3.265880793456833
10533,3.265880793456833,0,0,3.265880793456833
10534,2.915539573228397,0,0,2.915539573228397
10535,2.915539573228397,0,0,2.915539573228397
10536,2.915539573228401,0,0,2.915539573228401
10537,2.915539573228401,0,0,2.915539573228401
10538,2.867391949784807,0,0,2.867391949784807
10539,2.867391949784807,0,0,2.867391949784807
10540,2.896042529623859,0,0,2.896042529623859
10541,2.896042529623859,0,0,2.896042529623859
10542,2.896042529623857,0,0,2.896042529623857
10543,3.3753106198878955,0,0,3.3753106198878955
10544,3.375310619887894,0,0,3.375310619887894
10545,3.375310619887894,0,0,3.375310619887894
10546,3.1056983275234735,0,0,3.1056983275234735
10547,3.105556372896477,0,0,3.105556372896477
10548,3.4562390636074944,0,0,3.4562390636074944
10549,3.5417221221851034,0,0,3.5417221221851034
10550,3.5417221221851034,0,0,3.5417221221851034
10551,3.5417221221851034,0,0,3.5417221221851034
10552,3.3335467252624165,0,0,3.3335467252624165
10553,3.2341841242785927,0,0,3.2341841242785927
10554,3.2341841242785927,0,0,3.2341841242785927
10555,3.4462903964925364,0,0,3.4462903964925364
10556,3.446290396492535,0,0,3.446290396492535
10557,3.446108981165563,0,0,3.446108981165563
10558,3.4419883145895604,0,0,3.4419883145895604
10559,3.4419310655891713,0,0,3.4419310655891713
10560,3.4419310655891677,0,0,3.4419310655891677
10561,3.6038362297067805,0,0,3.6038362297067805
10562,3.6871322324352134,0,0,3.6871322324352134
10563,3.605533532110732,0,0,3.605533532110732
10564,2.4933912083155,0,0,2.4933912083155
10565,2.4933912083155,0,0,2.4933912083155
10566,2.4933912083155,0,0,2.4933912083155
10567,2.4866826637646953,0,0,2.4866826637646953
10568,2.4866826637646953,0,0,2.4866826637646953
10569,2.486525921440462,0,0,2.486525921440462
10570,2.5264447048063863,0,0,2.5264447048063863
10571,2.5264447048063863,0,0,2.5264447048063863
10572,3.4402970666844093,0,0,3.4402970666844093
10573,3.6192171139175,0,0,3.6192171139175
10574,3.8234904199589246,0,0,3.8234904199589246
10575,3.8234904199589246,0,0,3.8234904199589246
10576,3.7364242816612547,0,0,3.7364242816612547
10577,3.7205778851191607,0,0,3.7205778851191607
10578,4.004659391724148,0,0,4.004659391724148
10579,4.369278592222238,0,0,4.369278592222238
10580,4.369278592222236,0,0,4.369278592222236
10581,4.369522647219872,0,0,4.369522647219872
10582,3.7516949508557547,0,0,3.7516949508557547
10583,4.593627037244445,0,0,4.593627037244445
10584,4.682987261512319,0,0,4.682987261512319
10585,4.873761125203176,0,0,4.873761125203176
10586,4.9899527214937445,0,0,4.9899527214937445
10587,4.503151512490185,0,0,4.503151512490185
10588,4.014587414310711,0,0,4.014587414310711
10589,4.014587414310711,0,0,4.014587414310711
10590,4.014587414310712,0,0,4.014587414310712
10591,4.014587414310712,0,0,4.014587414310712
10592,4.014587414310712,0,0,4.014587414310712
10593,3.664260734440158,0,0,3.664260734440158
10594,2.5031935291963086,0,0,2.5031935291963086
10595,2.5031935291963086,0,0,2.5031935291963086
10596,2.5031935291963086,0,0,2.5031935291963086
10597,2.5031935291963086,0,0,2.5031935291963086
10598,3.45824435834844,0,0,3.45824435834844
10599,3.422229616811453,0,0,3.422229616811453
10600,3.423240028549999,0,0,3.423240028549999
10601,3.906666317793681,0,0,3.906666317793681
10602,4.858267622317661,0,0,4.858267622317661
10603,5.381455106000311,0,0,5.381455106000311
10604,5.552666033983954,0,0,5.552666033983954
10605,5.1750100071392495,0,0,5.1750100071392495
10606,5.623286856489291,0,1,5.623286856489291
10607,5.54210154587524,0,0,5.54210154587524
10608,5.953069833368965,0,1,5.953069833368965
10609,5.953069833368965,0,1,5.953069833368965
10610,6.192024862759614,0,1,6.192024862759614
10611,6.118883949086527,0,1,6.118883949086527
10612,5.874051951513373,0,1,5.874051951513373
10613,5.874051951513373,0,1,5.874051951513373
10614,5.951262689615978,0,1,5.951262689615978
10615,5.934999228282242,0,1,5.934999228282242
10616,6.314001628830723,0,1,6.314001628830723
10617,6.202415993335895,0,1,6.202415993335895
10618,6.145509565794267,0,1,6.145509565794267
10619,6.127664352164799,0,1,6.127664352164799
10620,6.147270288575157,0,1,6.147270288575157
10621,6.118683411935824,0,1,6.118683411935824
10622,6.119913008489182,0,1,6.119913008489182
10623,6.199590793716994,0,1,6.199590793716994
10624,6.176474134133524,0,1,6.176474134133524
10625,6.332583810399831,0,1,6.332583810399831
10626,6.370602268144123,0,1,6.370602268144123
10627,6.2983263175609325,0,1,6.2983263175609325
10628,6.283774470235717,0,1,6.283774470235717
10629,6.144999176475083,0,1,6.144999176475083
10630,6.854264554011981,0,1,6.854264554011981
10631,7.028913206162407,0,1,7.028913206162407
10632,7.028913206162407,0,1,7.028913206162407
10633,6.904851076589289,0,1,6.904851076589289
10634,6.903110943486235,0,1,6.903110943486235
10635,7.056065472321077,0,1,7.056065472321077
10636,7.054703212240431,0,1,7.054703212240431
10637,6.927017456111788,0,1,6.927017456111788
10638,6.861474773915112,0,1,6.861474773915112
10639,6.82739983446615,0,1,6.82739983446615
10640,6.848259600786658,0,1,6.848259600786658
10641,6.726300406868908,0,1,6.726300406868908
10642,6.56172187501948,0,1,6.56172187501948
10643,6.589948891601465,0,1,6.589948891601465
10644,6.512332002233195,0,1,6.512332002233195
10645,6.513271998535218,0,1,6.513271998535218
10646,6.340054880204885,0,1,6.340054880204885
10647,6.340054880204885,0,1,6.340054880204885
10648,6.513271998535218,0,1,6.513271998535218
10649,6.460089700524527,0,1,6.460089700524527
10650,6.3976846907161,0,1,6.3976846907161
10651,6.20949504896782,0,1,6.20949504896782
10652,5.697412357492315,0,1,5.697412357492315
10653,5.874839044952057,0,1,5.874839044952057
10654,5.8951488051204475,0,1,5.8951488051204475
10655,5.917782081991792,0,1,5.917782081991792
10656,5.516225744288831,0,0,5.516225744288831
10657,5.7522799236281115,0,1,5.7522799236281115
10658,6.044878743890251,0,1,6.044878743890251
10659,6.044878743890251,0,1,6.044878743890251
10660,6.113967581156838,0,1,6.113967581156838
10661,6.0522705542506054,0,1,6.0522705542506054
10662,6.490154691320165,0,1,6.490154691320165
10663,6.6029400865212065,0,1,6.6029400865212065
10664,6.528867225747933,0,1,6.528867225747933
10665,6.537595274141086,0,1,6.537595274141086
10666,6.668786994500373,0,1,6.668786994500373
10667,6.5204300647083215,0,1,6.5204300647083215
10668,6.614063703458952,0,1,6.614063703458952
10669,6.63407069649174,0,1,6.63407069649174
10670,6.281124061358113,0,1,6.281124061358113
10671,6.1295516656889815,0,1,6.1295516656889815
10672,6.224379572414169,0,1,6.224379572414169
10673,6.223939679965612,0,1,6.223939679965612
10674,6.274437096321355,0,1,6.274437096321355
10675,6.145359762057444,0,1,6.145359762057444
10676,6.128496249610957,0,1,6.128496249610957
10677,6.05204565527109,0,1,6.05204565527109
10678,6.054288237710149,0,1,6.054288237710149
10679,6.503408160659108,0,1,6.503408160659108
10680,6.490032367992408,0,1,6.490032367992408
10681,6.434486467536798,0,1,6.434486467536798
10682,6.644988826591187,0,1,6.644988826591187
10683,6.91052807014563,0,1,6.91052807014563
10684,6.798223249675601,0,1,6.798223249675601
10685,6.556751227213898,0,1,6.556751227213898
10686,6.549280475171723,0,1,6.549280475171723
10687,6.664901667888864,0,1,6.664901667888864
10688,0.35657306179933695,0,0,0.35657306179933695
10689,0.3549091028365161,0,0,0.3549091028365161
10690,0.3569977338076709,0,0,0.3569977338076709
10691,0.364942288879824,0,0,0.364942288879824
10692,0.36642280337770516,0,0,0.36642280337770516
10693,0.3970223091693387,0,0,0.3970223091693387
10694,0.39864811696091834,0,0,0.39864811696091834
10695,0.3985907563504027,0,0,0.3985907563504027
10696,0.39859075635038876,0,0,0.39859075635038876
10697,0.39859075635038876,0,0,0.39859075635038876
10698,0.39991118300242656,0,0,0.39991118300242656
10699,0.3929144366544941,0,0,0.3929144366544941
10700,0.3930092633031033,0,0,0.3930092633031033
10701,0.3963396333611819,0,0,0.3963396333611819
10702,0.4077333115668413,0,0,0.4077333115668413
10703,0.40773717594803843,0,0,0.40773717594803843
10704,0.4054304081326862,0,0,0.4054304081326862
10705,0.4069188927198439,0,0,0.4069188927198439
10706,0.40811677571150273,0,0,0.40811677571150273
10707,0.40777063156937204,0,0,0.40777063156937204
10708,0.4138191254917674,0,0,0.4138191254917674
10709,0.4139108519718375,0,0,0.4139108519718375
10710,0.4127437867978044,0,0,0.4127437867978044
10711,0.41275059327579716,0,0,0.41275059327579716
10712,0.4044326614519949,0,0,0.4044326614519949
10713,0.40881842429032555,0,0,0.40881842429032555
10714,0.41489961090983396,0,0,0.41489961090983396
10715,0.41489961090983396,0,0,0.41489961090983396
10716,0.4163599602744658,0,0,0.4163599602744658
10717,0.4145319623922867,0,0,0.4145319623922867
10718,0.41638010302784556,0,0,0.41638010302784556
10719,0.4171899818306052,0,0,0.4171899818306052
10720,0.41001018047635546,0,0,0.41001018047635546
10721,0.41005427744937195,0,0,0.41005427744937195
10722,0.4105444699324827,0,0,0.4105444699324827
10723,0.41281306158675285,0,0,0.41281306158675285
10724,0.408075579923889,0,0,0.408075579923889
10725,0.4080910457442377,0,0,0.4080910457442377
10726,0.42108954701129697,0,0,0.42108954701129697
10727,0.4160964928123176,0,0,0.4160964928123176
10728,0.4162096800183578,0,0,0.4162096800183578
10729,0.3975195517007487,0,0,0.3975195517007487
10730,0.39572441173531037,0,0,0.39572441173531037
10731,0.39597131186533613,0,0,0.39597131186533613
10732,0.3950558299575262,0,0,0.3950558299575262
10733,0.38540692539620763,0,0,0.38540692539620763
10734,0.3857207412796029,0,0,0.3857207412796029
10735,0.3857539844164589,0,0,0.3857539844164589
10736,0.37801120829756907,0,0,0.37801120829756907
10737,0.36995692188582857,0,0,0.36995692188582857
10738,4.472261779161241,0,0,4.472261779161241
10739,4.469141434754919,0,0,4.469141434754919
10740,4.297907599471643,0,0,4.297907599471643
10741,3.6223684429793934,0,0,3.6223684429793934
10742,3.050707178517795,0,0,3.050707178517795
10743,2.889756861359266,0,0,2.889756861359266
10744,2.825575840958815,0,0,2.825575840958815
10745,2.6073827262908225,0,0,2.6073827262908225
10746,2.5909176713295152,0,0,2.5909176713295152
10747,2.5909176713295174,0,0,2.5909176713295174
10748,2.5909176713295174,0,0,2.5909176713295174
10749,2.0139950475019965,0,0,2.0139950475019965
10750,1.922488301703593,0,0,1.922488301703593
10751,0.8811234125756409,0,0,0.8811234125756409
10752,0.7626897839187531,0,0,0.7626897839187531
10753,0.7626897839187531,0,0,0.7626897839187531
10754,0.7628214838334917,0,0,0.7628214838334917
10755,0.7628214838334844,0,0,0.7628214838334844
10756,0.7317607180951825,0,0,0.7317607180951825
10757,0.7317607180951825,0,0,0.7317607180951825
10758,0.7669530922287491,0,0,0.7669530922287491
10759,0.7669530922287491,0,0,0.7669530922287491
10760,0.7669530922287491,0,0,0.7669530922287491
10761,0.7669530922287491,0,0,0.7669530922287491
10762,0.7777332131958518,0,0,0.7777332131958518
10763,0.7777332131958518,0,0,0.7777332131958518
10764,0.8150555067342604,0,0,0.8150555067342604
10765,0.8150555067298811,0,0,0.8150555067298811
10766,0.8150555067298811,0,0,0.8150555067298811
10767,0.8150555067298811,0,0,0.8150555067298811
10768,0.959256336028343,0,0,0.959256336028343
10769,1.4958619597827265,0,0,1.4958619597827265
10770,1.5495465665651098,0,0,1.5495465665651098
10771,1.5495465665651098,0,0,1.5495465665651098
10772,1.701282673536745,0,0,1.701282673536745
10773,1.701282673536745,0,0,1.701282673536745
10774,1.6985537114341738,0,0,1.6985537114341738
10775,1.6988335166060198,0,0,1.6988335166060198
10776,1.7517080003362864,0,0,1.7517080003362864
10777,1.7517080003362897,0,0,1.7517080003362897
10778,1.7517080003362897,0,0,1.7517080003362897
10779,1.7517080003362897,0,0,1.7517080003362897
10780,1.7524526140832117,0,0,1.7524526140832117
10781,1.7524526140832117,0,0,1.7524526140832117
10782,1.7980938089764635,0,0,1.7980938089764635
10783,1.7128834572294143,0,0,1.7128834572294143
10784,1.7128834572294143,0,0,1.7128834572294143
10785,1.7128834572294143,0,0,1.7128834572294143
10786,1.7128834572294143,0,0,1.7128834572294143
10787,1.7128834572294143,0,0,1.7128834572294143
10788,1.79694430090069,0,0,1.79694430090069
10789,1.79694430090069,0,0,1.79694430090069
10790,1.7071634330968652,0,0,1.7071634330968652
10791,1.7071634330968652,0,0,1.7071634330968652
10792,1.7071634330968652,0,0,1.7071634330968652
10793,1.7071634330968652,0,0,1.7071634330968652
10794,1.7695419868671136,0,0,1.7695419868671136
10795,1.7695419868671136,0,0,1.7695419868671136
10796,1.7695419868671167,0,0,1.7695419868671167
10797,1.7039178100818593,0,0,1.7039178100818593
10798,1.7039178100818593,0,0,1.7039178100818593
10799,1.703917810081866,0,0,1.703917810081866
10800,1.5008766161538343,0,0,1.5008766161538343
10801,1.5009382546373735,0,0,1.5009382546373735
10802,1.500997736316579,0,0,1.500997736316579
10803,1.5017757780595975,0,0,1.5017757780595975
10804,2.8500817696989573,0,0,2.8500817696989573
10805,2.8442622837233316,0,0,2.8442622837233316
10806,0.8291683949509631,0,0,0.8291683949509631
10807,0.8291683949509697,0,0,0.8291683949509697
10808,0.8291683949509697,0,0,0.8291683949509697
10809,0.8291506958386876,0,0,0.8291506958386876
10810,1.456371321999237,0,0,1.456371321999237
10811,1.456371321999237,0,0,1.456371321999237
10812,1.5365932408784364,0,0,1.5365932408784364
10813,1.5365932408784364,0,0,1.5365932408784364
10814,1.5365932408784364,0,0,1.5365932408784364
10815,1.8209385053241267,0,0,1.8209385053241267
10816,1.8209385053241296,0,0,1.8209385053241296
10817,1.8209385053241296,0,0,1.8209385053241296
10818,1.8209385053241296,0,0,1.8209385053241296
10819,1.889791130790036,0,0,1.889791130790036
10820,2.25491488152456,0,0,2.25491488152456
10821,2.25491488152456,0,0,2.25491488152456
10822,2.25491488152456,0,0,2.25491488152456
10823,2.25491488152456,0,0,2.25491488152456
10824,2.25491488152456,0,0,2.25491488152456
10825,2.519445417791285,0,0,2.519445417791285
10826,2.512709572919391,0,0,2.512709572919391
10827,2.512709572919391,0,0,2.512709572919391
10828,2.512709572919391,0,0,2.512709572919391
10829,2.512696550908221,0,0,2.512696550908221
10830,2.807368256518281,0,0,2.807368256518281
10831,2.807368256518281,0,0,2.807368256518281
10832,2.807368256518281,0,0,2.807368256518281
10833,2.7790023443851277,0,0,2.7790023443851277
10834,2.7790086901062936,0,0,2.7790086901062936
10835,2.805907526609258,0,0,2.805907526609258
10836,2.805907526609258,0,0,2.805907526609258
10837,2.805907526609258,0,0,2.805907526609258
10838,2.805907526609258,0,0,2.805907526609258
10839,2.8059129254836854,0,0,2.8059129254836854
10840,2.2764195516406387,0,0,2.2764195516406387
10841,2.378681104164507,0,0,2.378681104164507
10842,2.378681104164507,0,0,2.378681104164507
10843,2.378681104164507,0,0,2.378681104164507
10844,2.378681104164507,0,0,2.378681104164507
10845,2.50013578546176,0,0,2.50013578546176
10846,2.50013578546176,0,0,2.50013578546176
10847,2.2924307372264323,0,0,2.2924307372264323
10848,2.2924307372264323,0,0,2.2924307372264323
10849,2.400600488388102,0,0,2.400600488388102
10850,2.7228876420209436,0,0,2.7228876420209436
10851,3.2783944764035,0,0,3.2783944764035
10852,3.2782832142159206,0,0,3.2782832142159206
10853,3.277645219821369,0,0,3.277645219821369
10854,3.251039170024006,0,0,3.251039170024006
10855,3.351443530638549,0,0,3.351443530638549
10856,3.3515819233320405,0,0,3.3515819233320405
10857,3.21066837882124,0,0,3.21066837882124
10858,3.21066837882124,0,0,3.21066837882124
10859,3.210533663770069,0,0,3.210533663770069
10860,3.328903929302719,0,0,3.328903929302719
10861,3.328903929302719,0,0,3.328903929302719
10862,3.331660263137336,0,0,3.331660263137336
10863,3.2114500634186305,0,0,3.2114500634186305
10864,3.2114500634186305,0,0,3.2114500634186305
10865,3.2969548973311986,0,0,3.2969548973311986
10866,3.2969548973311986,0,0,3.2969548973311986
10867,3.2969548973311986,0,0,3.2969548973311986
10868,3.2969548973311986,0,0,3.2969548973311986
10869,3.784331252975135,0,0,3.784331252975135
10870,3.8628705767538363,0,0,3.8628705767538363
10871,3.8628705767538345,0,0,3.8628705767538345
10872,3.8628705767538345,0,0,3.8628705767538345
10873,4.177380138195934,0,0,4.177380138195934
10874,4.177380138195934,0,0,4.177380138195934
10875,5.153437496222237,0,0,5.153437496222237
10876,5.153437496222237,0,0,5.153437496222237
10877,5.153437496222236,0,0,5.153437496222236
10878,5.688141598032269,0,1,5.688141598032269
10879,5.687877361632198,0,1,5.687877361632198
10880,5.141740695842046,0,0,5.141740695842046
10881,5.141740695842046,0,0,5.141740695842046
10882,5.141740695842046,0,0,5.141740695842046
10883,5.14185756042712,0,0,5.14185756042712
10884,4.809850346326451,0,0,4.809850346326451
10885,4.140908803532278,0,0,4.140908803532278
10886,4.140908803532278,0,0,4.140908803532278
10887,4.140908803532278,0,0,4.140908803532278
10888,4.140908803532278,0,0,4.140908803532278
10889,3.815298230621534,0,0,3.815298230621534
10890,3.7620472332241497,0,0,3.7620472332241497
10891,3.6729108736608107,0,0,3.6729108736608107
10892,3.6729108736608076,0,0,3.6729108736608076
10893,3.6473156440694305,0,0,3.6473156440694305
10894,3.3622768467617856,0,0,3.3622768467617856
10895,2.3997795991288973,0,0,2.3997795991288973
10896,2.2575770030447044,0,0,2.2575770030447044
10897,2.2575770030447044,0,0,2.2575770030447044
10898,2.2575770030447044,0,0,2.2575770030447044
10899,2.2575770030447044,0,0,2.2575770030447044
10900,2.2574227721760285,0,0,2.2574227721760285
10901,2.3981915282773394,0,0,2.3981915282773394
10902,2.324141031608234,0,0,2.324141031608234
10903,2.324141031608234,0,0,2.324141031608234
10904,2.324141031608234,0,0,2.324141031608234
10905,2.324141031608234,0,0,2.324141031608234
10906,2.323980350456851,0,0,2.323980350456851
10907,2.4674203073053804,0,0,2.4674203073053804
10908,2.161641235407288,0,0,2.161641235407288
10909,2.161641235407288,0,0,2.161641235407288
10910,2.161641235407285,0,0,2.161641235407285
10911,2.161641235407285,0,0,2.161641235407285
10912,2.1571230145018463,0,0,2.1571230145018463
10913,3.917710530927033,0,0,3.917710530927033
10914,4.006399518771917,0,0,4.006399518771917
10915,4.006399518771917,0,0,4.006399518771917
10916,2.9979304582191677,0,0,2.9979304582191677
10917,2.8630051047010805,0,0,2.8630051047010805
10918,2.8630051047010805,0,0,2.8630051047010805
10919,2.71079477242628,0,0,2.71079477242628
10920,2.71079477242628,0,0,2.71079477242628
10921,2.71079477242628,0,0,2.71079477242628
10922,1.9781267885253293,0,0,1.9781267885253293
10923,1.909631184281566,0,0,1.909631184281566
10924,1.909631184281569,0,0,1.909631184281569
10925,2.324515667867123,0,0,2.324515667867123
10926,3.590975798589064,0,0,3.590975798589064
10927,3.590975798589064,0,0,3.590975798589064
10928,3.6618080791981344,0,0,3.6618080791981344
10929,3.661351254334752,0,0,3.661351254334752
10930,4.235891370864487,0,0,4.235891370864487
10931,4.121862367122169,0,0,4.121862367122169
10932,4.214920148216483,0,0,4.214920148216483
10933,4.214765318036126,0,0,4.214765318036126
10934,4.366302397515717,0,0,4.366302397515717
10935,4.365862025844661,0,0,4.365862025844661
10936,4.378674844728803,0,0,4.378674844728803
10937,4.563695892061588,0,0,4.563695892061588
10938,4.563977634894541,0,0,4.563977634894541
10939,4.563977634894541,0,0,4.563977634894541
10940,4.68121662958615,0,0,4.68121662958615
10941,4.679914230716053,0,0,4.679914230716053
10942,4.783159196340444,0,0,4.783159196340444
10943,5.418968651395409,0,0,5.418968651395409
10944,5.665062362097395,0,1,5.665062362097395
10945,5.665062362097395,0,1,5.665062362097395
10946,5.706752492196859,0,1,5.706752492196859
10947,5.706752492196859,0,1,5.706752492196859
10948,5.7848114279033265,0,1,5.7848114279033265
10949,5.7848114279033265,0,1,5.7848114279033265
10950,5.784811427903326,0,1,5.784811427903326
10951,5.781945427130453,0,1,5.781945427130453
10952,4.9198192898641055,0,0,4.9198192898641055
10953,5.544468308707284,0,0,5.544468308707284
10954,5.476004799309897,0,0,5.476004799309897
10955,5.476004799309897,0,0,5.476004799309897
10956,5.465866352195221,0,0,5.465866352195221
10957,4.94303761037992,0,0,4.94303761037992
10958,4.275152052413109,0,0,4.275152052413109
10959,4.829474229337754,0,0,4.829474229337754
10960,5.137763009086992,0,0,5.137763009086992
10961,5.137763009086992,0,0,5.137763009086992
10962,5.137578133879739,0,0,5.137578133879739
10963,5.233147330791173,0,0,5.233147330791173
10964,5.232444523856978,0,0,5.232444523856978
10965,4.9698001031799635,0,0,4.9698001031799635
10966,4.971094872404343,0,0,4.971094872404343
10967,4.971094872404343,0,0,4.971094872404343
10968,4.971094872404343,0,0,4.971094872404343
10969,5.191528975714419,0,0,5.191528975714419
10970,5.187591548020472,0,0,5.187591548020472
10971,5.12075313923465,0,0,5.12075313923465
10972,5.122057852154984,0,0,5.122057852154984
10973,5.122057852154984,0,0,5.122057852154984
10974,5.122057852154984,0,0,5.122057852154984
10975,5.119512087897142,0,0,5.119512087897142
10976,4.058847021653805,0,0,4.058847021653805
10977,3.8678007153241083,0,0,3.8678007153241083
10978,3.8681291283449033,0,0,3.8681291283449033
10979,3.868129128344902,0,0,3.868129128344902
10980,2.7285602790660874,0,0,2.7285602790660874
10981,2.910846361555482,0,0,2.910846361555482
10982,3.2909447820821804,0,0,3.2909447820821804
10983,3.290944782082184,0,0,3.290944782082184
10984,3.290944782082184,0,0,3.290944782082184
10985,3.290754504253421,0,0,3.290754504253421
10986,3.2661878067710024,0,0,3.2661878067710024
10987,3.221360321844829,0,0,3.221360321844829
10988,3.221360321844829,0,0,3.221360321844829
10989,3.221360321844829,0,0,3.221360321844829
10990,3.221360321844829,0,0,3.221360321844829
10991,3.221360321844829,0,0,3.221360321844829
10992,3.1421459215537295,0,0,3.1421459215537295
10993,3.1423204460773153,0,0,3.1423204460773153
10994,3.1423204460773153,0,0,3.1423204460773153
10995,3.1423204460773153,0,0,3.1423204460773153
10996,3.142533720147149,0,0,3.142533720147149
10997,3.488212692363442,0,0,3.488212692363442
10998,3.5618006929293564,0,0,3.5618006929293564
10999,3.5618006929293564,0,0,3.5618006929293564
11000,3.5618006929293538,0,0,3.5618006929293538
11001,3.5618006929293538,0,0,3.5618006929293538
11002,3.4267321715971226,0,0,3.4267321715971226
11003,2.86190038197649,0,0,2.86190038197649
11004,1.4715873607112038,0,0,1.4715873607112038
11005,1.4715873607112038,0,0,1.4715873607112038
11006,1.4717219534068322,0,0,1.4717219534068322
11007,1.4262769659760337,0,0,1.4262769659760337
11008,1.4262769659760337,0,0,1.4262769659760337
11009,1.3015213054916572,0,0,1.3015213054916572
11010,1.3015213054916615,0,0,1.3015213054916615
11011,3.295436250254545,0,0,3.295436250254545
11012,3.9896166730738045,0,0,3.9896166730738045
11013,3.981197352514533,0,0,3.981197352514533
11014,3.9809758557431403,0,0,3.9809758557431403
11015,4.31122309101742,0,0,4.31122309101742
11016,4.780362886557489,0,0,4.780362886557489
11017,4.932088460152007,0,0,4.932088460152007
11018,4.932088460152009,0,0,4.932088460152009
11019,5.305286403474857,0,0,5.305286403474857
11020,5.305081983762891,0,0,5.305081983762891
11021,5.1688084562101295,0,0,5.1688084562101295
11022,4.865631939674911,0,0,4.865631939674911
11023,4.9179628516986735,0,0,4.9179628516986735
11024,4.9179628516986735,0,0,4.9179628516986735
11025,5.066033575165881,0,0,5.066033575165881
11026,5.338998057103107,0,0,5.338998057103107
11027,5.633159988741466,0,1,5.633159988741466
11028,5.633159988741466,0,1,5.633159988741466
11029,5.633159988741466,0,1,5.633159988741466
11030,5.633159988741466,0,1,5.633159988741466
11031,5.766459249254603,0,1,5.766459249254603
11032,6.029549834349627,0,1,6.029549834349627
11033,6.029549834349627,0,1,6.029549834349627
11034,6.029549834349627,0,1,6.029549834349627
11035,6.029048020900552,0,1,6.029048020900552
11036,6.028843692801952,0,1,6.028843692801952
11037,6.083086933819129,0,1,6.083086933819129
11038,6.083086933819129,0,1,6.083086933819129
11039,6.083086933819129,0,1,6.083086933819129
11040,6.047473848450593,0,1,6.047473848450593
11041,5.637337613996473,0,1,5.637337613996473
11042,5.454764424368284,0,0,5.454764424368284
11043,5.385447014918339,0,0,5.385447014918339
11044,5.3375022535239465,0,0,5.3375022535239465
11045,5.3375022535239465,0,0,5.3375022535239465
11046,5.337545372352757,0,0,5.337545372352757
11047,4.947877541395023,0,0,4.947877541395023
11048,4.947222606742985,0,0,4.947222606742985
11049,4.9471812278292875,0,0,4.9471812278292875
11050,5.008912908466197,0,0,5.008912908466197
11051,5.008912908466197,0,0,5.008912908466197
11052,5.086331121325518,0,0,5.086331121325518
11053,4.9620519830465035,0,0,4.9620519830465035
11054,4.9620519830465035,0,0,4.9620519830465035
11055,5.029439742933352,0,0,5.029439742933352
11056,5.029439742933352,0,0,5.029439742933352
11057,4.59226334108134,0,0,4.59226334108134
11058,4.592827438195289,0,0,4.592827438195289
11059,4.533815827598038,0,0,4.533815827598038
11060,4.533815827598038,0,0,4.533815827598038
11061,4.513919823900539,0,0,4.513919823900539
11062,4.513919823900539,0,0,4.513919823900539
11063,4.513919823900537,0,0,4.513919823900537
11064,4.508554490762739,0,0,4.508554490762739
11065,3.585655209057819,0,0,3.585655209057819
11066,3.585655209057819,0,0,3.585655209057819
11067,4.063070711857127,0,0,4.063070711857127
11068,4.063070711857127,0,0,4.063070711857127
11069,3.9145818478373644,0,0,3.9145818478373644
11070,3.9145818478373644,0,0,3.9145818478373644
11071,3.8834662092753196,0,0,3.8834662092753196
11072,3.735591296250763,0,0,3.735591296250763
11073,3.1726336944841895,0,0,3.1726336944841895
11074,3.1726336944841895,0,0,3.1726336944841895
11075,2.987636167035097,0,0,2.987636167035097
11076,2.9876361670351006,0,0,2.9876361670351006
11077,2.722371432708417,0,0,2.722371432708417
11078,2.722371432708417,0,0,2.722371432708417
11079,2.7226113342166,0,0,2.7226113342166
11080,2.722611334216602,0,0,2.722611334216602
11081,1.531233361869854,0,0,1.531233361869854
11082,1.3247935132560624,0,0,1.3247935132560624
11083,1.461174996205187,0,0,1.461174996205187
11084,1.461174996205187,0,0,1.461174996205187
11085,1.461174996205187,0,0,1.461174996205187
11086,1.461174996205187,0,0,1.461174996205187
11087,1.461174996205187,0,0,1.461174996205187
11088,1.461174996205187,0,0,1.461174996205187
11089,1.461174996205187,0,0,1.461174996205187
11090,1.4611632966905754,0,0,1.4611632966905754
11091,1.78457495745907,0,0,1.78457495745907
11092,1.78457495745907,0,0,1.78457495745907
11093,1.78457495745907,0,0,1.78457495745907
11094,1.7845749574590544,0,0,1.7845749574590544
11095,1.7844981831810638,0,0,1.7844981831810638
11096,1.7844981831810638,0,0,1.7844981831810638
11097,1.7844981831810638,0,0,1.7844981831810638
11098,1.7844981831810638,0,0,1.7844981831810638
11099,2.0109152186201364,0,0,2.0109152186201364
11100,1.5645039326364667,0,0,1.5645039326364667
11101,0.8209138117030922,0,0,0.8209138117030922
11102,0.8209138117030922,0,0,0.8209138117030922
11103,0.8209138117030922,0,0,0.8209138117030922
11104,0.8209138117030922,0,0,0.8209138117030922
11105,0.8209138117030922,0,0,0.8209138117030922
11106,0.8209138117030922,0,0,0.8209138117030922
11107,1.1564555226154425,0,0,1.1564555226154425
11108,1.1562011538526524,0,0,1.1562011538526524
11109,0.9773708712982365,0,0,0.9773708712982365
11110,0.9773708712982365,0,0,0.9773708712982365
11111,0.9773708712982365,0,0,0.9773708712982365
11112,0.9773708712982365,0,0,0.9773708712982365
11113,0.9773708712982365,0,0,0.9773708712982365
11114,0.9773708712982365,0,0,0.9773708712982365
11115,0.9131774214872334,0,0,0.9131774214872334
11116,0.9131774214872334,0,0,0.9131774214872334
11117,0.957367618677358,0,0,0.957367618677358
11118,0.957367618677358,0,0,0.957367618677358
11119,0.957618556425564,0,0,0.957618556425564
11120,0.9576185564255757,0,0,0.9576185564255757
11121,0.9576185564255757,0,0,0.9576185564255757
11122,0.9576185564255757,0,0,0.9576185564255757
11123,0.9348428055572925,0,0,0.9348428055572925
11124,0.9348428055572925,0,0,0.9348428055572925
11125,1.011507375016713,0,0,1.011507375016713
11126,1.011507375016713,0,0,1.011507375016713
11127,1.011507375016713,0,0,1.011507375016713
11128,1.011507375016713,0,0,1.011507375016713
11129,1.0115073750167185,0,0,1.0115073750167185
11130,1.0115073750167185,0,0,1.0115073750167185
11131,2.330108661163779,0,0,2.330108661163779
11132,2.299089833739169,0,0,2.299089833739169
11133,2.0390806304350697,0,0,2.0390806304350697
11134,2.0390806304350697,0,0,2.0390806304350697
11135,2.0390806304350697,0,0,2.0390806304350697
11136,2.0390806304350697,0,0,2.0390806304350697
11137,2.0390806304350697,0,0,2.0390806304350697
11138,2.0390806304350697,0,0,2.0390806304350697
11139,2.8659810477383205,0,0,2.8659810477383205
11140,2.8659977966038617,0,0,2.8659977966038617
11141,2.9227262445428535,0,0,2.9227262445428535
11142,2.9227262445428535,0,0,2.9227262445428535
11143,2.9227262445428535,0,0,2.9227262445428535
11144,2.9227262445428535,0,0,2.9227262445428535
11145,2.9227262445428535,0,0,2.9227262445428535
11146,2.9227262445428535,0,0,2.9227262445428535
11147,2.6988918058109572,0,0,2.6988918058109572
11148,2.6988918058109572,0,0,2.6988918058109572
11149,2.840821132025793,0,0,2.840821132025793
11150,2.840821132025793,0,0,2.840821132025793
11151,2.840773833839589,0,0,2.840773833839589
11152,2.840773833839589,0,0,2.840773833839589
11153,2.840773833839589,0,0,2.840773833839589
11154,2.840773833839589,0,0,2.840773833839589
11155,2.9224751950237566,0,0,2.9224751950237566
11156,2.9224751950237566,0,0,2.9224751950237566
11157,1.9199996811854387,0,0,1.9199996811854387
11158,1.9199996811854387,0,0,1.9199996811854387
11159,1.9199996811854387,0,0,1.9199996811854387
11160,1.9199996811854387,0,0,1.9199996811854387
11161,1.9199996811854387,0,0,1.9199996811854387
11162,1.9199996811854387,0,0,1.9199996811854387
11163,2.2627730013479392,0,0,2.2627730013479392
11164,2.2627730013479392,0,0,2.2627730013479392
11165,2.3477274104616783,0,0,2.3477274104616783
11166,2.3477274104616783,0,0,2.3477274104616783
11167,2.5399292602571872,0,0,2.5399292602571872
11168,2.5399292602571872,0,0,2.5399292602571872
11169,2.5396861895311313,0,0,2.5396861895311313
11170,2.5396861895311313,0,0,2.5396861895311313
11171,3.599414016075142,0,0,3.599414016075142
11172,3.599414016075142,0,0,3.599414016075142
11173,3.15593677093558,0,0,3.15593677093558
11174,3.15593677093558,0,0,3.15593677093558
11175,3.15593677093558,0,0,3.15593677093558
11176,3.33685209970202,0,0,3.33685209970202
11177,3.3608273100059387,0,0,3.3608273100059387
11178,3.3608273100059387,0,0,3.3608273100059387
11179,3.9536377641834237,0,0,3.9536377641834237
11180,3.4806414538556005,0,0,3.4806414538556005
11181,4.36038201275585,0,0,4.36038201275585
11182,4.991550597392168,0,0,4.991550597392168
11183,5.296693310610162,0,0,5.296693310610162
11184,5.266610023380465,0,0,5.266610023380465
11185,5.693114977278094,0,1,5.693114977278094
11186,5.693114977278093,0,1,5.693114977278093
11187,5.971267959973238,0,1,5.971267959973238
11188,5.971267959973238,0,1,5.971267959973238
11189,5.831575199071408,0,1,5.831575199071408
11190,5.332430808836847,0,0,5.332430808836847
11191,5.672007787866006,0,1,5.672007787866006
11192,5.771905519172114,0,1,5.771905519172114
11193,5.925386384128957,0,1,5.925386384128957
11194,6.032063199168859,0,1,6.032063199168859
11195,6.065373365461631,0,1,6.065373365461631
11196,6.109455245514472,0,1,6.109455245514472
11197,5.924817813258218,0,1,5.924817813258218
11198,5.924817813258218,0,1,5.924817813258218
11199,5.9239140965578025,0,1,5.9239140965578025
11200,5.923613135567238,0,1,5.923613135567238
11201,5.92231480429237,0,1,5.92231480429237
11202,5.92231480429237,0,1,5.92231480429237
11203,5.923300139968005,0,1,5.923300139968005
11204,6.015285100340673,0,1,6.015285100340673
11205,6.452564646634067,0,1,6.452564646634067
11206,6.581951439771679,0,1,6.581951439771679
11207,6.339457720493187,0,1,6.339457720493187
11208,6.339457720493187,0,1,6.339457720493187
11209,6.507162515136289,0,1,6.507162515136289
11210,6.507162515136289,0,1,6.507162515136289
11211,6.507162515136289,0,1,6.507162515136289
11212,6.506175385722711,0,1,6.506175385722711
11213,6.286050967117678,0,1,6.286050967117678
11214,6.425189066861974,0,1,6.425189066861974
11215,6.425189066861974,0,1,6.425189066861974
11216,6.425882542793765,0,1,6.425882542793765
11217,6.627050821945375,0,1,6.627050821945375
11218,6.395036398737874,0,1,6.395036398737874
11219,6.395036398737874,0,1,6.395036398737874
11220,6.395036398737874,0,1,6.395036398737874
11221,6.5112665050165,0,1,6.5112665050165
11222,6.2942150612591785,0,1,6.2942150612591785
11223,6.691015740937558,0,1,6.691015740937558
11224,6.691015740937558,0,1,6.691015740937558
11225,6.971752476819247,0,1,6.971752476819247
11226,6.901251015278317,0,1,6.901251015278317
11227,6.747819810449274,0,1,6.747819810449274
11228,6.814518447874262,0,1,6.814518447874262
11229,6.908397750209322,0,1,6.908397750209322
11230,6.908397750209322,0,1,6.908397750209322
11231,6.9622964358920845,0,1,6.9622964358920845
11232,7.059054707237891,0,1,7.059054707237891
11233,6.917966189465237,0,1,6.917966189465237
11234,6.917966189465237,0,1,6.917966189465237
11235,6.845696461418057,0,1,6.845696461418057
11236,6.845696461418057,0,1,6.845696461418057
11237,6.748290531336081,0,1,6.748290531336081
11238,6.919779356097193,0,1,6.919779356097193
11239,6.919779356097193,0,1,6.919779356097193
11240,6.867883089209211,0,1,6.867883089209211
11241,6.635757041044162,0,1,6.635757041044162
11242,6.398555044706606,0,1,6.398555044706606
11243,6.168972456813495,0,1,6.168972456813495
11244,5.998423049783177,0,1,5.998423049783177
11245,6.602579491693507,0,1,6.602579491693507
11246,6.517427888034249,0,1,6.517427888034249
11247,6.517427888034249,0,1,6.517427888034249
11248,6.3162468790372,0,1,6.3162468790372
11249,6.312110733097124,0,1,6.312110733097124
11250,6.423458139609225,0,1,6.423458139609225
11251,6.298954352176137,0,1,6.298954352176137
11252,6.298954352176137,0,1,6.298954352176137
11253,6.298242658223656,0,1,6.298242658223656
11254,6.049421809642326,0,1,6.049421809642326
11255,6.045351155476274,0,1,6.045351155476274
11256,5.7977168096157845,0,1,5.7977168096157845
11257,5.883146210562323,0,1,5.883146210562323
11258,5.883146210562323,0,1,5.883146210562323
11259,5.430878100109243,0,0,5.430878100109243
11260,5.430878100109243,0,0,5.430878100109243
11261,5.42848187971397,0,0,5.42848187971397
11262,5.374477770867427,0,0,5.374477770867427
11263,5.256287590516892,0,0,5.256287590516892
11264,5.256683403456679,0,0,5.256683403456679
11265,6.02515236399883,0,1,6.02515236399883
11266,6.103063892739423,0,1,6.103063892739423
11267,6.336359417453693,0,1,6.336359417453693
11268,6.2859847660349635,0,1,6.2859847660349635
11269,5.920577298021437,0,1,5.920577298021437
11270,6.06732463890804,0,1,6.06732463890804
11271,6.43926925883974,0,1,6.43926925883974
11272,6.46880516827343,0,1,6.46880516827343
11273,0.32859011000655275,0,0,0.32859011000655275
11274,0.32869405666366375,0,0,0.32869405666366375
11275,0.31006937803747797,0,0,0.31006937803747797
11276,0.3128446664414607,0,0,0.3128446664414607
11277,0.31284946510551936,0,0,0.31284946510551936
11278,0.3128446664414962,0,0,0.3128446664414962
11279,0.3109042406935095,0,0,0.3109042406935095
11280,0.3980372826763905,0,0,0.3980372826763905
11281,0.3920720824394605,0,0,0.3920720824394605
11282,0.3788487748456842,0,0,0.3788487748456842
11283,0.3813646528116047,0,0,0.3813646528116047
11284,0.3814093513974094,0,0,0.3814093513974094
11285,0.3830786224974482,0,0,0.3830786224974482
11286,0.38235681965007773,0,0,0.38235681965007773
11287,0.38199609497204434,0,0,0.38199609497204434
11288,0.37125575259116333,0,0,0.37125575259116333
11289,0.3725514952239585,0,0,0.3725514952239585
11290,0.37536612525704083,0,0,0.37536612525704083
11291,0.37435254767785553,0,0,0.37435254767785553
11292,0.37470451940659366,0,0,0.37470451940659366
11293,0.38146119878944157,0,0,0.38146119878944157
11294,0.38434597472018495,0,0,0.38434597472018495
11295,0.3812871514374471,0,0,0.3812871514374471
11296,0.38566794666680837,0,0,0.38566794666680837
11297,0.38820915621210095,0,0,0.38820915621210095
11298,0.3895224496015759,0,0,0.3895224496015759
11299,0.39700791209592456,0,0,0.39700791209592456
11300,0.39945896349186955,0,0,0.39945896349186955
11301,0.39392784067986125,0,0,0.39392784067986125
11302,0.40333634328040124,0,0,0.40333634328040124
11303,0.4018466900557378,0,0,0.4018466900557378
11304,0.401846690055724,0,0,0.401846690055724
11305,0.414533337978571,0,0,0.414533337978571
11306,0.41446090192082197,0,0,0.41446090192082197
11307,0.41502210712537924,0,0,0.41502210712537924
11308,0.4224626669183674,0,0,0.4224626669183674
11309,0.4230159862481367,0,0,0.4230159862481367
11310,0.4230159862481367,0,0,0.4230159862481367
11311,0.4341960194092303,0,0,0.4341960194092303
11312,0.4341592415233832,0,0,0.4341592415233832
11313,0.4358503835618512,0,0,0.4358503835618512
11314,0.444139936872106,0,0,0.444139936872106
11315,0.4388449403243385,0,0,0.4388449403243385
11316,0.43862956081937426,0,0,0.43862956081937426
11317,0.43367216388001845,0,0,0.43367216388001845
11318,0.43367216388001845,0,0,0.43367216388001845
11319,0.4266138074277347,0,0,0.4266138074277347
11320,0.4257250603877396,0,0,0.4257250603877396
11321,0.4147989376393891,0,0,0.4147989376393891
11322,0.41813310523350145,0,0,0.41813310523350145
11323,5.407569501020334,0,0,5.407569501020334
11324,5.339576498853085,0,0,5.339576498853085
11325,5.34051785401161,0,0,5.34051785401161
11326,5.6576212493654205,0,1,5.6576212493654205
11327,5.450804176281072,0,0,5.450804176281072
11328,5.450804176281072,0,0,5.450804176281072
11329,5.7634164381241435,0,1,5.7634164381241435
11330,5.6273080081539435,0,1,5.6273080081539435
11331,5.3027293186935545,0,0,5.3027293186935545
11332,5.222665899625149,0,0,5.222665899625149
11333,5.223916113193454,0,0,5.223916113193454
11334,5.004727603764029,0,0,5.004727603764029
11335,5.358896588757954,0,0,5.358896588757954
11336,5.585588118756134,0,1,5.585588118756134
11337,5.382688815221456,0,0,5.382688815221456
11338,5.606565080632388,0,1,5.606565080632388
11339,5.545411311953911,0,0,5.545411311953911
11340,5.4605844543338895,0,0,5.4605844543338895
11341,5.45963915020692,0,0,5.45963915020692
11342,5.464880596803122,0,0,5.464880596803122
11343,6.064982350800959,0,1,6.064982350800959
11344,6.097135559835492,0,1,6.097135559835492
11345,6.097135559835492,0,1,6.097135559835492
11346,6.171925692619447,0,1,6.171925692619447
11347,6.190835584199233,0,1,6.190835584199233
11348,6.190835584199233,0,1,6.190835584199233
11349,6.212204034655929,0,1,6.212204034655929
11350,6.21190415625573,0,1,6.21190415625573
11351,6.465578873025275,0,1,6.465578873025275
11352,6.583629276668296,0,1,6.583629276668296
11353,6.485151596177338,0,1,6.485151596177338
11354,6.508253619026926,0,1,6.508253619026926
11355,6.7291425950572545,0,1,6.7291425950572545
11356,6.72944331728821,0,1,6.72944331728821
11357,6.72861514358224,0,1,6.72861514358224
11358,6.800628314809189,0,1,6.800628314809189
11359,6.800351761242022,0,1,6.800351761242022
11360,6.943370538710306,0,1,6.943370538710306
11361,6.859409493795038,0,1,6.859409493795038
11362,6.852816866976633,0,1,6.852816866976633
11363,6.853148885546314,0,1,6.853148885546314
11364,6.836821115333063,0,1,6.836821115333063
11365,6.8334635666180565,0,1,6.8334635666180565
11366,6.825149500070515,0,1,6.825149500070515
11367,6.8268746622636245,0,1,6.8268746622636245
11368,6.532798522302304,0,1,6.532798522302304
11369,6.476730017550868,0,1,6.476730017550868
11370,6.47484877708571,0,1,6.47484877708571
11371,6.475147750781696,0,1,6.475147750781696
11372,6.5664483514095195,0,1,6.5664483514095195
11373,6.5664483514095195,0,1,6.5664483514095195
11374,6.395663163510114,0,1,6.395663163510114
11375,6.548517068956016,0,1,6.548517068956016
11376,6.355060049721044,0,1,6.355060049721044
11377,6.096925112453938,0,1,6.096925112453938
11378,6.096011098435246,0,1,6.096011098435246
11379,6.387954996797805,0,1,6.387954996797805
11380,6.388432155830157,0,1,6.388432155830157
11381,6.388432155830157,0,1,6.388432155830157
11382,6.660762282128822,0,1,6.660762282128822
11383,6.919486303470989,0,1,6.919486303470989
11384,6.933011723768825,0,1,6.933011723768825
11385,6.589073759045045,0,1,6.589073759045045
11386,6.792014819658295,0,1,6.792014819658295
11387,6.572782468290435,0,1,6.572782468290435
11388,6.602220019301383,0,1,6.602220019301383
11389,6.599655377818144,0,1,6.599655377818144
11390,6.6494880556340386,0,1,6.6494880556340386
11391,6.701034606417147,0,1,6.701034606417147
11392,6.698432501575409,0,1,6.698432501575409
11393,6.389112363016689,0,1,6.389112363016689
11394,6.515216946336006,0,1,6.515216946336006
11395,6.265970301943674,0,1,6.265970301943674
11396,6.133941142379898,0,1,6.133941142379898
11397,6.053084624888167,0,1,6.053084624888167
11398,6.053084624888167,0,1,6.053084624888167
11399,5.495079024077388,0,0,5.495079024077388
11400,5.495298551079817,0,0,5.495298551079817
11401,5.048754584082498,0,0,5.048754584082498
11402,4.7398670846750335,0,0,4.7398670846750335
11403,4.349250346200417,0,0,4.349250346200417
11404,4.349968842263681,0,0,4.349968842263681
11405,3.737944203068602,0,0,3.737944203068602
11406,3.737944203068602,0,0,3.737944203068602
11407,3.982056260690989,0,0,3.982056260690989
11408,4.144247151276859,0,0,4.144247151276859
11409,4.356678869725569,0,0,4.356678869725569
11410,4.356658449865607,0,0,4.356658449865607
11411,4.336025691721976,0,0,4.336025691721976
11412,4.3361333056607245,0,0,4.3361333056607245
11413,4.9048478789500916,0,0,4.9048478789500916
11414,4.851108149687888,0,0,4.851108149687888
11415,4.981424628912887,0,0,4.981424628912887
11416,4.955254962001494,0,0,4.955254962001494
11417,4.8975268136255705,0,0,4.8975268136255705
11418,5.139909979202757,0,0,5.139909979202757
11419,5.292509366262131,0,0,5.292509366262131
11420,5.292509366262133,0,0,5.292509366262133
11421,5.120042124371812,0,0,5.120042124371812
11422,4.414219414768735,0,0,4.414219414768735
11423,4.508396580909456,0,0,4.508396580909456
11424,4.508396580909456,0,0,4.508396580909456
11425,4.499381922693399,0,0,4.499381922693399
11426,4.499657069277278,0,0,4.499657069277278
11427,4.499657069277278,0,0,4.499657069277278
11428,4.499657069277278,0,0,4.499657069277278
11429,4.704690339014929,0,0,4.704690339014929
11430,4.704336177339576,0,0,4.704336177339576
11431,5.563854889869514,0,0,5.563854889869514
11432,5.804329322922796,0,1,5.804329322922796
11433,5.45670313499426,0,0,5.45670313499426
11434,5.456591873703011,0,0,5.456591873703011
11435,5.456383338286307,0,0,5.456383338286307
11436,5.456383338286307,0,0,5.456383338286307
11437,5.003277728818288,0,0,5.003277728818288
11438,4.972273573970697,0,0,4.972273573970697
11439,4.732654667510896,0,0,4.732654667510896
11440,4.731764197378497,0,0,4.731764197378497
11441,4.457774218108254,0,0,4.457774218108254
11442,4.458677382074954,0,0,4.458677382074954
11443,4.458677382074955,0,0,4.458677382074955
11444,4.458677382074954,0,0,4.458677382074954
11445,4.6119102466905035,0,0,4.6119102466905035
11446,5.21831972134307,0,0,5.21831972134307
11447,5.21831972134307,0,0,5.21831972134307
11448,5.21831972134307,0,0,5.21831972134307
11449,4.929266846434263,0,0,4.929266846434263
11450,4.92841237665102,0,0,4.92841237665102
11451,5.145003358624668,0,0,5.145003358624668
11452,5.144726373573898,0,0,5.144726373573898
11453,5.502537412320345,0,0,5.502537412320345
11454,5.498864483241418,0,0,5.498864483241418
11455,5.499080470101209,0,0,5.499080470101209
11456,5.499080470101208,0,0,5.499080470101208
11457,5.7529362867011224,0,1,5.7529362867011224
11458,5.9563389209792446,0,1,5.9563389209792446
11459,5.846006532235068,0,1,5.846006532235068
11460,5.846030433354826,0,1,5.846030433354826
11461,5.8460304333548265,0,1,5.8460304333548265
11462,5.819230065507878,0,1,5.819230065507878
11463,5.419800159865916,0,0,5.419800159865916
11464,5.4070438243575545,0,0,5.4070438243575545
11465,5.406172697419331,0,0,5.406172697419331
11466,5.406172697419331,0,0,5.406172697419331
11467,6.006941344786052,0,1,6.006941344786052
11468,6.004066240382899,0,1,6.004066240382899
11469,5.728228683217976,0,1,5.728228683217976
11470,5.728228683217976,0,1,5.728228683217976
11471,5.728228683217976,0,1,5.728228683217976
11472,5.728228683217976,0,1,5.728228683217976
11473,6.141570274044378,0,1,6.141570274044378
11474,6.142053679772541,0,1,6.142053679772541
11475,5.583809734157754,0,1,5.583809734157754
11476,6.004720823161962,0,1,6.004720823161962
11477,6.004720823161962,0,1,6.004720823161962
11478,6.004720823161962,0,1,6.004720823161962
11479,6.004720823161962,0,1,6.004720823161962
11480,6.475066537918765,0,1,6.475066537918765
11481,6.475367276075294,0,1,6.475367276075294
11482,6.212064605957019,0,1,6.212064605957019
11483,5.714888342135621,0,1,5.714888342135621
11484,5.714888342135621,0,1,5.714888342135621
11485,5.714671405846238,0,1,5.714671405846238
11486,5.7174337240017,0,1,5.7174337240017
11487,5.7174337240017,0,1,5.7174337240017
11488,5.716991190594769,0,1,5.716991190594769
11489,6.368142185453569,0,1,6.368142185453569
11490,6.009741438649849,0,1,6.009741438649849
11491,6.206185388749208,0,1,6.206185388749208
11492,6.206185388749208,0,1,6.206185388749208
11493,5.985852257190347,0,1,5.985852257190347
11494,5.983934451509856,0,1,5.983934451509856
11495,5.69491548902574,0,1,5.69491548902574
11496,5.268473199114752,0,0,5.268473199114752
11497,5.353094793551569,0,0,5.353094793551569
11498,5.463992465119549,0,0,5.463992465119549
11499,5.463992465119549,0,0,5.463992465119549
11500,5.463992465119549,0,0,5.463992465119549
11501,5.787914552628318,0,1,5.787914552628318
11502,5.787689819098574,0,1,5.787689819098574
11503,5.787689819098574,0,1,5.787689819098574
11504,6.281596766872036,0,1,6.281596766872036
11505,5.760709434253543,0,1,5.760709434253543
11506,5.760709434253543,0,1,5.760709434253543
11507,5.49283545563378,0,0,5.49283545563378
11508,4.498572192908685,0,0,4.498572192908685
11509,4.498572192908685,0,0,4.498572192908685
11510,4.493788355100232,0,0,4.493788355100232
11511,4.493788355100232,0,0,4.493788355100232
11512,4.381979844454274,0,0,4.381979844454274
11513,4.381979844454274,0,0,4.381979844454274
11514,4.381979844454274,0,0,4.381979844454274
11515,4.632723406302696,0,0,4.632723406302696
11516,4.632723406302697,0,0,4.632723406302697
11517,4.632723406302697,0,0,4.632723406302697
11518,4.632723406302697,0,0,4.632723406302697
11519,4.95777043707952,0,0,4.95777043707952
11520,5.1910275787099955,0,0,5.1910275787099955
11521,5.1910275787099955,0,0,5.1910275787099955
11522,5.442801413530062,0,0,5.442801413530062
11523,5.442801413530062,0,0,5.442801413530062
11524,5.442801413530061,0,0,5.442801413530061
11525,5.442801413530061,0,0,5.442801413530061
11526,5.854988229506225,0,1,5.854988229506225
11527,5.855189732317399,0,1,5.855189732317399
11528,5.733519345133269,0,1,5.733519345133269
11529,5.733519345133269,0,1,5.733519345133269
11530,5.733519345133269,0,1,5.733519345133269
11531,5.976961774597374,0,1,5.976961774597374
11532,5.976961774597374,0,1,5.976961774597374
11533,5.610358421586935,0,1,5.610358421586935
11534,5.398562870781202,0,0,5.398562870781202
11535,5.398562870781202,0,0,5.398562870781202
11536,5.334042402084499,0,0,5.334042402084499
11537,5.396903456629748,0,0,5.396903456629748
11538,5.396903456629748,0,0,5.396903456629748
11539,4.998503273335129,0,0,4.998503273335129
11540,3.929507362206944,0,0,3.929507362206944
11541,4.18228417809254,0,0,4.18228417809254
11542,4.182284178092541,0,0,4.182284178092541
11543,4.182284178092541,0,0,4.182284178092541
11544,4.182284178092541,0,0,4.182284178092541
11545,3.9776344147742595,0,0,3.9776344147742595
11546,3.9776344147742595,0,0,3.9776344147742595
11547,3.762940522604807,0,0,3.762940522604807
11548,3.518089382030881,0,0,3.518089382030881
11549,3.7352138637554884,0,0,3.7352138637554884
11550,3.882611598478412,0,0,3.882611598478412
11551,3.8826263196732103,0,0,3.8826263196732103
11552,3.8826263196732103,0,0,3.8826263196732103
11553,3.6852572597614044,0,0,3.6852572597614044
11554,3.685469734637901,0,0,3.685469734637901
11555,3.2891727265068327,0,0,3.2891727265068327
11556,3.2891727265068327,0,0,3.2891727265068327
11557,3.2891727265068327,0,0,3.2891727265068327
11558,3.2891727265068327,0,0,3.2891727265068327
11559,3.2891727265068327,0,0,3.2891727265068327
11560,2.9882897387735423,0,0,2.9882897387735423
11561,2.7755835743154367,0,0,2.7755835743154367
11562,2.4800202589832323,0,0,2.4800202589832323
11563,2.48002025898323,0,0,2.48002025898323
11564,2.48002025898323,0,0,2.48002025898323
11565,2.4800202589832256,0,0,2.4800202589832256
11566,2.4800202589832256,0,0,2.4800202589832256
11567,2.4148376104688576,0,0,2.4148376104688576
11568,2.413087519251168,0,0,2.413087519251168
11569,2.3614069079137847,0,0,2.3614069079137847
11570,2.3623484478369527,0,0,2.3623484478369527
11571,2.362280658996125,0,0,2.362280658996125
11572,2.5258512657970624,0,0,2.5258512657970624
11573,2.6477682134964917,0,0,2.6477682134964917
11574,2.6477682134964895,0,0,2.6477682134964895
11575,2.6477682134964895,0,0,2.6477682134964895
11576,2.6477682134964895,0,0,2.6477682134964895
11577,2.6475273109148207,0,0,2.6475273109148207
11578,2.6475273109148207,0,0,2.6475273109148207
11579,2.54899219376919,0,0,2.54899219376919
11580,2.550167823585049,0,0,2.550167823585049
11581,1.5538973518129773,0,0,1.5538973518129773
11582,1.5538973518129773,0,0,1.5538973518129773
11583,1.5538973518129773,0,0,1.5538973518129773
11584,1.553897351812963,0,0,1.553897351812963
11585,1.553897351812963,0,0,1.553897351812963
11586,1.553897351812963,0,0,1.553897351812963
11587,1.553897351812963,0,0,1.553897351812963
11588,1.553897351812963,0,0,1.553897351812963
11589,1.748606928400926,0,0,1.748606928400926
11590,1.8111561210743645,0,0,1.8111561210743645
11591,1.7850874391587732,0,0,1.7850874391587732
11592,1.7850874391587732,0,0,1.7850874391587732
11593,1.785152058504214,0,0,1.785152058504214
11594,1.785152058504214,0,0,1.785152058504214
11595,1.7851520585042233,0,0,1.7851520585042233
11596,1.7851520585042233,0,0,1.7851520585042233
11597,1.7851520585042295,0,0,1.7851520585042295
11598,1.7853095827679266,0,0,1.7853095827679266
11599,1.6999201822513808,0,0,1.6999201822513808
11600,1.7250965309730826,0,0,1.7250965309730826
11601,1.4583824811985562,0,0,1.4583824811985562
11602,1.4580734342073396,0,0,1.4580734342073396
11603,1.648003035015751,0,0,1.648003035015751
11604,1.648003035015751,0,0,1.648003035015751
11605,1.6484194711538283,0,0,1.6484194711538283
11606,1.6484194711538283,0,0,1.6484194711538283
11607,1.6484194711538283,0,0,1.6484194711538283
11608,1.6484194711538283,0,0,1.6484194711538283
11609,2.4180306046835303,0,0,2.4180306046835303
11610,2.4078079371522367,0,0,2.4078079371522367
11611,2.442203062240565,0,0,2.442203062240565
11612,2.44220306224056,0,0,2.44220306224056
11613,2.442160437121387,0,0,2.442160437121387
11614,2.442160437121387,0,0,2.442160437121387
11615,2.44220306224056,0,0,2.44220306224056
11616,2.44220306224056,0,0,2.44220306224056
11617,2.44220306224056,0,0,2.44220306224056
11618,3.023818961566866,0,0,3.023818961566866
11619,3.0186191308048578,0,0,3.0186191308048578
11620,3.0175816219452822,0,0,3.0175816219452822
11621,3.4773591454168082,0,0,3.4773591454168082
11622,3.4775923176188006,0,0,3.4775923176188006
11623,3.96137588498092,0,0,3.96137588498092
11624,3.8892887705518326,0,0,3.8892887705518326
11625,4.689739584482238,0,0,4.689739584482238
11626,4.689739584482238,0,0,4.689739584482238
11627,4.689739584482238,0,0,4.689739584482238
11628,4.689739584482238,0,0,4.689739584482238
11629,4.382416637719018,0,0,4.382416637719018
11630,4.332131289680871,0,0,4.332131289680871
11631,4.332131289680871,0,0,4.332131289680871
11632,4.332131289680871,0,0,4.332131289680871
11633,5.0088435967118565,0,0,5.0088435967118565
11634,5.034342513288432,0,0,5.034342513288432
11635,5.034329215229322,0,0,5.034329215229322
11636,5.034335045688418,0,0,5.034335045688418
11637,5.034341077862769,0,0,5.034341077862769
11638,5.182961694364614,0,0,5.182961694364614
11639,4.906452890563156,0,0,4.906452890563156
11640,2.7439869508856534,0,0,2.7439869508856534
11641,2.7439869508856534,0,0,2.7439869508856534
11642,2.5493912850114784,0,0,2.5493912850114784
11643,2.548913205024462,0,0,2.548913205024462
11644,4.406931373097176,0,0,4.406931373097176
11645,4.406931373097176,0,0,4.406931373097176
11646,4.406931373097176,0,0,4.406931373097176
11647,4.406931373097176,0,0,4.406931373097176
11648,4.406931373097176,0,0,4.406931373097176
11649,4.656211771041595,0,0,4.656211771041595
11650,4.666512989092849,0,0,4.666512989092849
11651,5.151868658271992,0,0,5.151868658271992
11652,4.647974485194023,0,0,4.647974485194023
11653,4.891748727209616,0,0,4.891748727209616
11654,4.892203108919911,0,0,4.892203108919911
11655,4.892203108919911,0,0,4.892203108919911
11656,4.892203108919911,0,0,4.892203108919911
11657,4.892203108919911,0,0,4.892203108919911
11658,4.892203108919911,0,0,4.892203108919911
11659,4.892203108919908,0,0,4.892203108919908
11660,4.660712839337782,0,0,4.660712839337782
11661,4.660712839337782,0,0,4.660712839337782
11662,4.660712839337782,0,0,4.660712839337782
11663,3.9016480226841073,0,0,3.9016480226841073
11664,3.9016573120688465,0,0,3.9016573120688465
11665,3.591935857390143,0,0,3.591935857390143
11666,3.591935857390143,0,0,3.591935857390143
11667,3.9019606560018874,0,0,3.9019606560018874
11668,3.9019606560018874,0,0,3.9019606560018874
11669,3.901826789334852,0,0,3.901826789334852
11670,3.901826789334852,0,0,3.901826789334852
11671,3.901826789334852,0,0,3.901826789334852
11672,3.9018267893348506,0,0,3.9018267893348506
11673,4.701639914267754,0,0,4.701639914267754
11674,5.529986380218893,0,0,5.529986380218893
11675,5.703386154606682,0,1,5.703386154606682
11676,5.703386154606681,0,1,5.703386154606681
11677,5.711868645683777,0,1,5.711868645683777
11678,5.711868645683777,0,1,5.711868645683777
11679,5.711868645683777,0,1,5.711868645683777
11680,5.711868645683777,0,1,5.711868645683777
11681,5.711868645683777,0,1,5.711868645683777
11682,5.085587683453347,0,0,5.085587683453347
11683,5.220819477461056,0,0,5.220819477461056
11684,5.203032194066583,0,0,5.203032194066583
11685,4.588715940760679,0,0,4.588715940760679
11686,4.588715940760679,0,0,4.588715940760679
11687,4.588715940760679,0,0,4.588715940760679
11688,4.588715940760679,0,0,4.588715940760679
11689,4.586758917223239,0,0,4.586758917223239
11690,4.586758917223239,0,0,4.586758917223239
11691,4.67290496634247,0,0,4.67290496634247
11692,3.8816002654342796,0,0,3.8816002654342796
11693,3.8816002654342796,0,0,3.8816002654342796
11694,4.021368013012611,0,0,4.021368013012611
11695,4.021368013012609,0,0,4.021368013012609
11696,4.021368013012609,0,0,4.021368013012609
11697,4.0213680130126095,0,0,4.0213680130126095
11698,4.0213680130126095,0,0,4.0213680130126095
11699,4.0213680130126095,0,0,4.0213680130126095
11700,4.0213680130126095,0,0,4.0213680130126095
11701,4.0213680130126095,0,0,4.0213680130126095
11702,4.039835181652069,0,0,4.039835181652069
11703,4.490467176474709,0,0,4.490467176474709
11704,4.4903623857577255,0,0,4.4903623857577255
11705,4.490747359902723,0,0,4.490747359902723
11706,4.490758108123529,0,0,4.490758108123529
11707,4.490758108123529,0,0,4.490758108123529
11708,4.490356868928899,0,0,4.490356868928899
11709,4.490356868928899,0,0,4.490356868928899
11710,4.490356868928899,0,0,4.490356868928899
11711,4.490356868928897,0,0,4.490356868928897
11712,4.490356868928897,0,0,4.490356868928897
11713,3.9016480226841073,0,0,3.9016480226841073
11714,3.85321420184538,0,0,3.85321420184538
11715,3.0684997217291143,0,0,3.0684997217291143
11716,3.0684997217291143,0,0,3.0684997217291143
11717,3.5137506213596974,0,0,3.5137506213596974
11718,3.5137506213596987,0,0,3.5137506213596987
11719,3.513616496821888,0,0,3.513616496821888
11720,3.513616496821888,0,0,3.513616496821888
11721,3.5137506213596987,0,0,3.5137506213596987
11722,3.853530680068565,0,0,3.853530680068565
11723,3.6131388526613963,0,0,3.6131388526613963
11724,3.652149457589981,0,0,3.652149457589981
11725,3.652149457589981,0,0,3.652149457589981
11726,3.652149457589981,0,0,3.652149457589981
11727,3.6521494575899824,0,0,3.6521494575899824
11728,3.6521494575899855,0,0,3.6521494575899855
11729,3.6521494575899855,0,0,3.6521494575899855
11730,3.6521494575899855,0,0,3.6521494575899855
11731,3.6521494575899855,0,0,3.6521494575899855
11732,3.6521494575899855,0,0,3.6521494575899855
11733,3.212897093663506,0,0,3.212897093663506
11734,2.3068219401529535,0,0,2.3068219401529535
11735,2.3068219401529535,0,0,2.3068219401529535
11736,2.3068219401529535,0,0,2.3068219401529535
11737,2.3958652821784923,0,0,2.3958652821784923
11738,2.3958652821784923,0,0,2.3958652821784923
11739,2.3959476074452337,0,0,2.3959476074452337
11740,2.3959476074452337,0,0,2.3959476074452337
11741,2.3959476074452337,0,0,2.3959476074452337
11742,2.3959476074452337,0,0,2.3959476074452337
11743,2.6297837982987864,0,0,2.6297837982987864
11744,0.7646944243036417,0,0,0.7646944243036417
11745,0.7646944243036417,0,0,0.7646944243036417
11746,1.1151865680342135,0,0,1.1151865680342135
11747,1.833643963046482,0,0,1.833643963046482
11748,1.8481446013283767,0,0,1.8481446013283767
11749,1.8481446013283767,0,0,1.8481446013283767
11750,1.8481446013283767,0,0,1.8481446013283767
11751,1.8481446013283767,0,0,1.8481446013283767
11752,2.402041770970071,0,0,2.402041770970071
11753,2.592922699117716,0,0,2.592922699117716
11754,2.5927283447076035,0,0,2.5927283447076035
11755,2.5927283447076035,0,0,2.5927283447076035
11756,2.5927283447076035,0,0,2.5927283447076035
11757,2.8827659276215534,0,0,2.8827659276215534
11758,2.9837715899688892,0,0,2.9837715899688892
11759,2.9837715899688892,0,0,2.9837715899688892
11760,2.9837715899688892,0,0,2.9837715899688892
11761,2.9837715899688892,0,0,2.9837715899688892
11762,3.2985646069241925,0,0,3.2985646069241925
11763,3.4080273305829176,0,0,3.4080273305829176
11764,3.407900993985338,0,0,3.407900993985338
11765,3.407900993985338,0,0,3.407900993985338
11766,3.407900993985338,0,0,3.407900993985338
11767,4.8903438811499615,0,0,4.8903438811499615
11768,4.890949720491628,0,0,4.890949720491628
11769,4.789172942539909,0,0,4.789172942539909
11770,4.786478821975413,0,0,4.786478821975413
11771,4.786478821975413,0,0,4.786478821975413
11772,4.786478821975413,0,0,4.786478821975413
11773,2.7229374608307166,0,0,2.7229374608307166
11774,2.722549198629887,0,0,2.722549198629887
11775,2.7227940026638455,0,0,2.7227940026638455
11776,3.0117157233046665,0,0,3.0117157233046665
11777,2.760253380872379,0,0,2.760253380872379
11778,2.7607751068706,0,0,2.7607751068706
11779,2.7607751068706,0,0,2.7607751068706
11780,2.6991432724240005,0,0,2.6991432724240005
11781,2.6991432724240005,0,0,2.6991432724240005
11782,2.5992510913469027,0,0,2.5992510913469027
11783,2.6307474687284556,0,0,2.6307474687284556
11784,2.630755843713951,0,0,2.630755843713951
11785,2.630755843713951,0,0,2.630755843713951
11786,1.7122131011447879,0,0,1.7122131011447879
11787,1.5541842557933345,0,0,1.5541842557933345
11788,1.5543065670222342,0,0,1.5543065670222342
11789,1.5543065670222271,0,0,1.5543065670222271
11790,1.554641370818824,0,0,1.554641370818824
11791,1.554641370818824,0,0,1.554641370818824
11792,1.554641370818824,0,0,1.554641370818824
11793,1.5563761036027486,0,0,1.5563761036027486
11794,1.5431149055475686,0,0,1.5431149055475686
11795,1.5431149055475686,0,0,1.5431149055475686
11796,1.5431149055475686,0,0,1.5431149055475686
11797,1.1366181884505704,0,0,1.1366181884505704
11798,1.0500522035550839,0,0,1.0500522035550839
11799,1.0500522035550839,0,0,1.0500522035550839
11800,1.0500522035550839,0,0,1.0500522035550839
11801,1.050304531606863,0,0,1.050304531606863
11802,1.0503045316068527,0,0,1.0503045316068527
11803,1.0503045316068527,0,0,1.0503045316068527
11804,1.0503045316068527,0,0,1.0503045316068527
11805,1.0503045316068527,0,0,1.0503045316068527
11806,1.0721503238804124,0,0,1.0721503238804124
11807,1.2477756520906471,0,0,1.2477756520906471
11808,0.9570531446351,0,0,0.9570531446351
11809,0.9570531446351,0,0,0.9570531446351
11810,1.3468279094652293,0,0,1.3468279094652293
11811,1.496281404404752,0,0,1.496281404404752
11812,1.7956657041930413,0,0,1.7956657041930413
11813,3.1960451796996976,0,0,3.1960451796996976
11814,3.7792575997565745,0,0,3.7792575997565745
11815,3.778806699209377,0,0,3.778806699209377
11816,3.780938480151725,0,0,3.780938480151725
11817,3.0894870670438626,0,0,3.0894870670438626
11818,3.0897488823128363,0,0,3.0897488823128363
11819,3.0897488823128327,0,0,3.0897488823128327
11820,3.2654711513455283,0,0,3.2654711513455283
11821,3.2654711513455283,0,0,3.2654711513455283
11822,3.2654711513455283,0,0,3.2654711513455283
11823,3.2654711513455283,0,0,3.2654711513455283
11824,4.046962705692493,0,0,4.046962705692493
11825,4.0468964539790715,0,0,4.0468964539790715
11826,4.555427982636508,0,0,4.555427982636508
11827,4.707775130513816,0,0,4.707775130513816
11828,4.707465928638825,0,0,4.707465928638825
11829,4.707541345857764,0,0,4.707541345857764
11830,4.707541345857764,0,0,4.707541345857764
11831,4.707541345857764,0,0,4.707541345857764
11832,4.9847038181024015,0,0,4.9847038181024015
11833,4.9847038181024015,0,0,4.9847038181024015
11834,4.805230615975143,0,0,4.805230615975143
11835,4.805328944333533,0,0,4.805328944333533
11836,4.805328944333533,0,0,4.805328944333533
11837,4.875275571935199,0,0,4.875275571935199
11838,4.875166484458061,0,0,4.875166484458061
11839,4.875166484458061,0,0,4.875166484458061
11840,4.875166484458061,0,0,4.875166484458061
11841,4.875166484458061,0,0,4.875166484458061
11842,4.875166484458061,0,0,4.875166484458061
11843,4.5684613503111,0,0,4.5684613503111
11844,4.636545276526521,0,0,4.636545276526521
11845,4.6365452765265225,0,0,4.6365452765265225
11846,4.636545276526521,0,0,4.636545276526521
11847,4.123798433192629,0,0,4.123798433192629
11848,4.317347719332171,0,0,4.317347719332171
11849,4.419241577879499,0,0,4.419241577879499
11850,3.9959691772719417,0,0,3.9959691772719417
11851,4.05782958397664,0,0,4.05782958397664
11852,4.05782958397664,0,0,4.05782958397664
11853,3.2043034614970187,0,0,3.2043034614970187
11854,3.800993617034313,0,0,3.800993617034313
11855,3.800993617034313,0,0,3.800993617034313
11856,3.7974578413312394,0,0,3.7974578413312394
11857,3.5695759630687003,0,0,3.5695759630687003
11858,3.8249449887014726,0,0,3.8249449887014726
11859,3.8249449887014726,0,0,3.8249449887014726
11860,3.8249449887014726,0,0,3.8249449887014726
11861,3.8249449887014757,0,0,3.8249449887014757
11862,3.695956697489403,0,0,3.695956697489403
11863,3.3716855989021477,0,0,3.3716855989021477
11864,3.719567609848286,0,0,3.719567609848286
11865,3.718145764108027,0,0,3.718145764108027
11866,3.718145764108027,0,0,3.718145764108027
11867,3.718145764108024,0,0,3.718145764108024
11868,3.718145764108024,0,0,3.718145764108024
11869,3.8892887705518326,0,0,3.8892887705518326
11870,4.605781927923869,0,0,4.605781927923869
11871,4.951263082013103,0,0,4.951263082013103
11872,4.951263082013103,0,0,4.951263082013103
11873,4.951263082013103,0,0,4.951263082013103
11874,4.961660588132187,0,0,4.961660588132187
11875,4.61712113399663,0,0,4.61712113399663
11876,4.61769441262775,0,0,4.61769441262775
11877,4.61769441262775,0,0,4.61769441262775
11878,4.6181652029678135,0,0,4.6181652029678135
11879,4.617988459709444,0,0,4.617988459709444
11880,4.617988459709444,0,0,4.617988459709444
11881,5.796046361939686,0,1,5.796046361939686
11882,5.797088082133994,0,1,5.797088082133994
11883,5.796523139610963,0,1,5.796523139610963
11884,5.70461746526027,0,1,5.70461746526027
11885,5.704049203503371,0,1,5.704049203503371
11886,5.704049203503371,0,1,5.704049203503371
11887,5.2953781788063505,0,0,5.2953781788063505
11888,5.296332204520155,0,0,5.296332204520155
11889,4.841584260625128,0,0,4.841584260625128
11890,4.841584260625128,0,0,4.841584260625128
11891,4.841584260625129,0,0,4.841584260625129
11892,4.841584260625129,0,0,4.841584260625129
11893,4.8438903812389436,0,0,4.8438903812389436
11894,4.572805929442294,0,0,4.572805929442294
11895,4.572805929442294,0,0,4.572805929442294
11896,4.572805929442294,0,0,4.572805929442294
11897,3.8145246164491105,0,0,3.8145246164491105
11898,3.2909447820821804,0,0,3.2909447820821804
11899,3.290944782082184,0,0,3.290944782082184
11900,3.290944782082184,0,0,3.290944782082184
11901,3.290754504253421,0,0,3.290754504253421
11902,3.2661878067710024,0,0,3.2661878067710024
11903,3.221360321844829,0,0,3.221360321844829
11904,3.221360321844829,0,0,3.221360321844829
11905,3.221360321844829,0,0,3.221360321844829
11906,3.221360321844829,0,0,3.221360321844829
11907,3.221360321844829,0,0,3.221360321844829
11908,3.1421459215537295,0,0,3.1421459215537295
11909,3.1423204460773153,0,0,3.1423204460773153
11910,3.1423204460773153,0,0,3.1423204460773153
11911,3.1423204460773153,0,0,3.1423204460773153
11912,3.142533720147149,0,0,3.142533720147149
11913,3.892790306387663,0,0,3.892790306387663
11914,4.793763821705751,0,0,4.793763821705751
11915,4.140908803532278,0,0,4.140908803532278
11916,4.140908803532278,0,0,4.140908803532278
11917,4.140908803532278,0,0,4.140908803532278
11918,4.140908803532278,0,0,4.140908803532278
11919,3.815298230621534,0,0,3.815298230621534
11920,3.7620472332241497,0,0,3.7620472332241497
11921,4.287572039086198,0,0,4.287572039086198
11922,4.297055395485992,0,0,4.297055395485992
11923,4.297055395485992,0,0,4.297055395485992
11924,4.297055395485989,0,0,4.297055395485989
11925,4.197750499746268,0,0,4.197750499746268
11926,4.334201797209922,0,0,4.334201797209922
11927,4.581830621459669,0,0,4.581830621459669
11928,4.581830621459669,0,0,4.581830621459669
11929,4.5818306214596705,0,0,4.5818306214596705
11930,4.5818306214596705,0,0,4.5818306214596705
11931,4.86456196700381,0,0,4.86456196700381
11932,4.8640041294215255,0,0,4.8640041294215255
11933,4.6453786013874945,0,0,4.6453786013874945
11934,4.716010115090231,0,0,4.716010115090231
11935,4.716010115090231,0,0,4.716010115090231
11936,4.716010115090231,0,0,4.716010115090231
11937,4.767134193661054,0,0,4.767134193661054
11938,4.766856677418613,0,0,4.766856677418613
11939,4.6531721279158305,0,0,4.6531721279158305
11940,4.72448056386848,0,0,4.72448056386848
11941,4.72448056386848,0,0,4.72448056386848
11942,4.72448056386848,0,0,4.72448056386848
11943,4.588002983257399,0,0,4.588002983257399
11944,4.588002983257399,0,0,4.588002983257399
11945,4.536587817535177,0,0,4.536587817535177
11946,4.253594106408731,0,0,4.253594106408731
11947,4.253594106408731,0,0,4.253594106408731
11948,3.599959635505031,0,0,3.599959635505031
11949,3.5999596355050354,0,0,3.5999596355050354
11950,3.5999596355050354,0,0,3.5999596355050354
11951,3.7019345974944122,0,0,3.7019345974944122
11952,3.338654232801393,0,0,3.338654232801393
11953,3.0715586094403426,0,0,3.0715586094403426
11954,3.0715586094403426,0,0,3.0715586094403426
11955,3.0715586094403498,0,0,3.0715586094403498
11956,3.0715586094403498,0,0,3.0715586094403498
11957,3.3115382369486204,0,0,3.3115382369486204
11958,3.4798330248103713,0,0,3.4798330248103713
11959,3.4798781909485634,0,0,3.4798781909485634
11960,3.4831463039718042,0,0,3.4831463039718042
11961,3.4831463039718042,0,0,3.4831463039718042
11962,3.169298062248625,0,0,3.169298062248625
11963,3.087813352574636,0,0,3.087813352574636
11964,2.6073827262908225,0,0,2.6073827262908225
11965,2.5909176713295152,0,0,2.5909176713295152
11966,2.5909176713295174,0,0,2.5909176713295174
11967,2.5909176713295174,0,0,2.5909176713295174
11968,2.0139950475019965,0,0,2.0139950475019965
11969,1.922488301703593,0,0,1.922488301703593
11970,1.6377692748873096,0,0,1.6377692748873096
11971,1.715955773675601,0,0,1.715955773675601
11972,1.6984856193384077,0,0,1.6984856193384077
11973,1.6984856193384077,0,0,1.6984856193384077
11974,1.6984856193384077,0,0,1.6984856193384077
11975,1.7788677856496022,0,0,1.7788677856496022
11976,1.7788677856496022,0,0,1.7788677856496022
11977,1.5703550119035092,0,0,1.5703550119035092
11978,1.5703550119035092,0,0,1.5703550119035092
11979,1.5703550119035092,0,0,1.5703550119035092
11980,2.841781956519944,0,0,2.841781956519944
11981,2.841781956519944,0,0,2.841781956519944
11982,2.841781956519944,0,0,2.841781956519944
11983,2.931598055513283,0,0,2.931598055513283
11984,2.7918419645811925,0,0,2.7918419645811925
11985,2.7918419645811925,0,0,2.7918419645811925
11986,2.71079477242628,0,0,2.71079477242628
11987,2.71079477242628,0,0,2.71079477242628
11988,2.658839900934525,0,0,2.658839900934525
11989,1.9781267885253293,0,0,1.9781267885253293
11990,1.909631184281566,0,0,1.909631184281566
11991,1.909631184281569,0,0,1.909631184281569
11992,2.324515667867123,0,0,2.324515667867123
11993,2.7243440700837542,0,0,2.7243440700837542
11994,2.7243440700837604,0,0,2.7243440700837604
11995,2.5247694951726616,0,0,2.5247694951726616
11996,2.524329607190483,0,0,2.524329607190483
11997,2.5243296071904804,0,0,2.5243296071904804
11998,2.405338473102426,0,0,2.405338473102426
11999,2.5430720514456766,0,0,2.5430720514456766
12000,2.5430720514456766,0,0,2.5430720514456766
12001,2.5688000596553997,0,0,2.5688000596553997
12002,2.56800933269942,0,0,2.56800933269942
12003,2.56800933269942,0,0,2.56800933269942
12004,2.6919499170396377,0,0,2.6919499170396377
12005,2.6948433166210766,0,0,2.6948433166210766
12006,2.6948433166210766,0,0,2.6948433166210766
12007,2.7146400896756284,0,0,2.7146400896756284
12008,2.5994404860968863,0,0,2.5994404860968863
12009,2.597832945215549,0,0,2.597832945215549
12010,2.4690776242517396,0,0,2.4690776242517396
12011,2.8464900874527426,0,0,2.8464900874527426
12012,2.846887257382274,0,0,2.846887257382274
12013,2.021181971611619,0,0,2.021181971611619
12014,1.9820436745870433,0,0,1.9820436745870433
12015,1.9820436745870433,0,0,1.9820436745870433
12016,2.9731287967244704,0,0,2.9731287967244704
12017,3.3900616825427776,0,0,3.3900616825427776
12018,3.460127726949931,0,0,3.460127726949931
12019,3.6209123896704742,0,0,3.6209123896704742
12020,3.620492460079461,0,0,3.620492460079461
12021,3.620492460079461,0,0,3.620492460079461
12022,4.376642333812843,0,0,4.376642333812843
12023,4.135778808462294,0,0,4.135778808462294
12024,4.032715689693199,0,0,4.032715689693199
12025,3.4713749687784787,0,0,3.4713749687784787
12026,3.4713749687784787,0,0,3.4713749687784787
12027,3.4713749687784787,0,0,3.4713749687784787
12028,4.13369523157788,0,0,4.13369523157788
12029,4.653644492297277,0,0,4.653644492297277
12030,4.614528445449315,0,0,4.614528445449315
12031,4.614528445449315,0,0,4.614528445449315
12032,4.614528445449315,0,0,4.614528445449315
12033,4.762460144354496,0,0,4.762460144354496
12034,4.969169707638675,0,0,4.969169707638675
12035,5.016550500032314,0,0,5.016550500032314
12036,5.082083995400107,0,0,5.082083995400107
12037,5.082083995400107,0,0,5.082083995400107
12038,5.082083995400107,0,0,5.082083995400107
12039,5.2241187726877305,0,0,5.2241187726877305
12040,5.228567852454641,0,0,5.228567852454641
12041,5.22856785245464,0,0,5.22856785245464
12042,5.425634365607626,0,0,5.425634365607626
12043,4.888533601995471,0,0,4.888533601995471
12044,4.888533601995471,0,0,4.888533601995471
12045,4.8896684708597125,0,0,4.8896684708597125
12046,5.133976898291198,0,0,5.133976898291198
12047,5.21817844378407,0,0,5.21817844378407
12048,5.4146797058590295,0,0,5.4146797058590295
12049,5.3273102412217295,0,0,5.3273102412217295
12050,5.3273102412217295,0,0,5.3273102412217295
12051,5.3273102412217295,0,0,5.3273102412217295
12052,5.17263872655913,0,0,5.17263872655913
12053,5.306898029105146,0,0,5.306898029105146
12054,5.4377099562158895,0,0,5.4377099562158895
12055,4.761070671147555,0,0,4.761070671147555
12056,4.759257840992713,0,0,4.759257840992713
12057,4.759257840992713,0,0,4.759257840992713
12058,5.414300491095928,0,0,5.414300491095928
12059,5.228674816111108,0,0,5.228674816111108
12060,4.357149859225619,0,0,4.357149859225619
12061,4.447548715739314,0,0,4.447548715739314
12062,4.4452640220171595,0,0,4.4452640220171595
12063,4.4452640220171595,0,0,4.4452640220171595
12064,4.4452640220171595,0,0,4.4452640220171595
12065,4.556064863441915,0,0,4.556064863441915
12066,4.8003686135227355,0,0,4.8003686135227355
12067,4.900961944418673,0,0,4.900961944418673
12068,4.833048956264681,0,0,4.833048956264681
12069,4.833048956264681,0,0,4.833048956264681
12070,4.833048956264678,0,0,4.833048956264678
12071,5.469848780351915,0,0,5.469848780351915
12072,5.014531091355681,0,0,5.014531091355681
12073,4.168991186379784,0,0,4.168991186379784
12074,4.168991186379784,0,0,4.168991186379784
12075,4.168991186379784,0,0,4.168991186379784
12076,4.168991186379783,0,0,4.168991186379783
12077,4.168991186379783,0,0,4.168991186379783
12078,4.146569449523858,0,0,4.146569449523858
12079,4.256459373624284,0,0,4.256459373624284
12080,4.256459373624285,0,0,4.256459373624285
12081,4.256459373624285,0,0,4.256459373624285
12082,4.256459373624285,0,0,4.256459373624285
12083,4.256459373624285,0,0,4.256459373624285
12084,4.0137529390544,0,0,4.0137529390544
12085,4.445130038922294,0,0,4.445130038922294
12086,5.055602173799701,0,0,5.055602173799701
12087,5.055602173799701,0,0,5.055602173799701
12088,4.844296692464518,0,0,4.844296692464518
12089,4.841288769138323,0,0,4.841288769138323
12090,4.787337243588146,0,0,4.787337243588146
12091,4.852241479324886,0,0,4.852241479324886
12092,4.852241479324886,0,0,4.852241479324886
12093,4.738631194299533,0,0,4.738631194299533
12094,4.738631194299533,0,0,4.738631194299533
12095,4.736672213830194,0,0,4.736672213830194
12096,4.805855033971689,0,0,4.805855033971689
12097,4.6610058648182076,0,0,4.6610058648182076
12098,4.9986382478955775,0,0,4.9986382478955775
12099,4.9986382478955775,0,0,4.9986382478955775
12100,4.9986382478955775,0,0,4.9986382478955775
12101,4.9986382478955775,0,0,4.9986382478955775
12102,4.686261227551341,0,0,4.686261227551341
12103,5.05471254894819,0,0,5.05471254894819
12104,5.170503950126781,0,0,5.170503950126781
12105,5.170503950126781,0,0,5.170503950126781
12106,5.170503950126781,0,0,5.170503950126781
12107,5.1705039501267835,0,0,5.1705039501267835
12108,5.170503950126785,0,0,5.170503950126785
12109,4.278861871703253,0,0,4.278861871703253
12110,4.185514884104519,0,0,4.185514884104519
12111,4.185514884104514,0,0,4.185514884104514
12112,4.185514884104514,0,0,4.185514884104514
12113,4.185514884104516,0,0,4.185514884104516
12114,4.185514884104516,0,0,4.185514884104516
12115,2.934181196771375,0,0,2.934181196771375
12116,3.059935483302992,0,0,3.059935483302992
12117,3.060342857566825,0,0,3.060342857566825
12118,3.169222060310752,0,0,3.169222060310752
12119,3.1692220603107555,0,0,3.1692220603107555
12120,3.1692220603107555,0,0,3.1692220603107555
12121,3.16515939122148,0,0,3.16515939122148
12122,3.4173344171244775,0,0,3.4173344171244775
12123,3.4176690440537114,0,0,3.4176690440537114
12124,3.6426373550377082,0,0,3.6426373550377082
12125,3.6426373550377082,0,0,3.6426373550377082
12126,3.9363605819040157,0,0,3.9363605819040157
12127,4.3707707134502245,0,0,4.3707707134502245
12128,3.496363419365934,0,0,3.496363419365934
12129,3.46557145186262,0,0,3.46557145186262
12130,2.981439820161905,0,0,2.981439820161905
12131,2.981439820161905,0,0,2.981439820161905
12132,3.2825929886356793,0,0,3.2825929886356793
12133,3.282909452458191,0,0,3.282909452458191
12134,3.1379219133967005,0,0,3.1379219133967005
12135,3.2396373354294936,0,0,3.2396373354294936
12136,3.2397520738772676,0,0,3.2397520738772676
12137,3.2397520738772663,0,0,3.2397520738772663
12138,3.2844892511402466,0,0,3.2844892511402466
12139,3.284489251140243,0,0,3.284489251140243
12140,3.275143979751534,0,0,3.275143979751534
12141,3.306720146790694,0,0,3.306720146790694
12142,3.305993151074765,0,0,3.305993151074765
12143,3.305993151074763,0,0,3.305993151074763
12144,3.1483914294217823,0,0,3.1483914294217823
12145,3.2645866277303943,0,0,3.2645866277303943
12146,3.252420418947047,0,0,3.252420418947047
12147,3.326101987973536,0,0,3.326101987973536
12148,3.3249176234024556,0,0,3.3249176234024556
12149,3.3249176234024556,0,0,3.3249176234024556
12150,3.0827470766528107,0,0,3.0827470766528107
12151,3.0865525701553285,0,0,3.0865525701553285
12152,3.085816172420568,0,0,3.085816172420568
12153,3.087601485466882,0,0,3.087601485466882
12154,2.6946699707622104,0,0,2.6946699707622104
12155,2.7844568921167525,0,0,2.7844568921167525
12156,2.6180934235172817,0,0,2.6180934235172817
12157,2.6180934235172817,0,0,2.6180934235172817
12158,2.6180934235172817,0,0,2.6180934235172817
12159,2.629388799091663,0,0,2.629388799091663
12160,2.2390013512741107,0,0,2.2390013512741107
12161,2.239001351274113,0,0,2.239001351274113
12162,2.075338066126131,0,0,2.075338066126131
12163,2.0772325968531966,0,0,2.0772325968531966
12164,1.952930837903364,0,0,1.952930837903364
12165,1.7044342829598214,0,0,1.7044342829598214
12166,1.588155664613652,0,0,1.588155664613652
12167,2.559735831279901,0,0,2.559735831279901
12168,2.845012149617689,0,0,2.845012149617689
12169,2.846087752847961,0,0,2.846087752847961
12170,2.7094058699169272,0,0,2.7094058699169272
12171,2.42378368180747,0,0,2.42378368180747
12172,2.42378368180747,0,0,2.42378368180747
12173,2.0742766805643083,0,0,2.0742766805643083
12174,2.2969561324889565,0,0,2.2969561324889565
12175,2.296956132488962,0,0,2.296956132488962
12176,2.0786648132124275,0,0,2.0786648132124275
12177,2.0787186377024254,0,0,2.0787186377024254
12178,2.0787186377024254,0,0,2.0787186377024254
12179,2.0787186377024254,0,0,2.0787186377024254
12180,2.1662957383575083,0,0,2.1662957383575083
12181,2.1664159400136977,0,0,2.1664159400136977
12182,2.2166218525652983,0,0,2.2166218525652983
12183,2.2166570149963913,0,0,2.2166570149963913
12184,2.2166570149963913,0,0,2.2166570149963913
12185,2.2166570149963913,0,0,2.2166570149963913
12186,2.206796143504578,0,0,2.206796143504578
12187,2.207506554890755,0,0,2.207506554890755
12188,2.2772243622958364,0,0,2.2772243622958364
12189,2.2772243622958364,0,0,2.2772243622958364
12190,2.2774472802246772,0,0,2.2774472802246772
12191,2.2774472802246746,0,0,2.2774472802246746
12192,2.3226887631544955,0,0,2.3226887631544955
12193,2.3226887631544955,0,0,2.3226887631544955
12194,2.3991681540340672,0,0,2.3991681540340672
12195,2.3989477439195044,0,0,2.3989477439195044
12196,2.3989477439195044,0,0,2.3989477439195044
12197,2.4903226360763346,0,0,2.4903226360763346
12198,2.405852943748858,0,0,2.405852943748858
12199,2.4060771667670053,0,0,2.4060771667670053
12200,2.523251767243722,0,0,2.523251767243722
12201,2.523251767243722,0,0,2.523251767243722
12202,2.523251767243722,0,0,2.523251767243722
12203,2.523251767243722,0,0,2.523251767243722
12204,2.835567916046466,0,0,2.835567916046466
12205,2.889596590555363,0,0,2.889596590555363
12206,3.03738251582599,0,0,3.03738251582599
12207,3.03738251582599,0,0,3.03738251582599
12208,3.03738251582599,0,0,3.03738251582599
12209,3.342424025023549,0,0,3.342424025023549
12210,3.3431657856610104,0,0,3.3431657856610104
12211,3.3431657856610104,0,0,3.3431657856610104
12212,3.4293497038659493,0,0,3.4293497038659493
12213,3.4293497038659493,0,0,3.4293497038659493
12214,3.4293497038659493,0,0,3.4293497038659493
12215,3.327104170782339,0,0,3.327104170782339
12216,3.327104170782339,0,0,3.327104170782339
12217,2.8001311052216424,0,0,2.8001311052216424
12218,2.8405614361012153,0,0,2.8405614361012153
12219,2.7161152436806857,0,0,2.7161152436806857
12220,2.8122823899355813,0,0,2.8122823899355813
12221,2.7242036569690984,0,0,2.7242036569690984
12222,2.7243440700837542,0,0,2.7243440700837542
12223,2.7243440700837604,0,0,2.7243440700837604
12224,2.5247694951726616,0,0,2.5247694951726616
12225,2.524329607190483,0,0,2.524329607190483
12226,2.5243296071904804,0,0,2.5243296071904804
12227,2.405338473102426,0,0,2.405338473102426
12228,2.5430720514456766,0,0,2.5430720514456766
12229,2.5430720514456766,0,0,2.5430720514456766
12230,2.5688000596553997,0,0,2.5688000596553997
12231,2.56800933269942,0,0,2.56800933269942
12232,2.56800933269942,0,0,2.56800933269942
12233,2.6919499170396377,0,0,2.6919499170396377
12234,2.6948433166210766,0,0,2.6948433166210766
12235,2.6948433166210766,0,0,2.6948433166210766
12236,1.8633056206046286,0,0,1.8633056206046286
12237,1.8729552893604187,0,0,1.8729552893604187
12238,2.5282061025927947,0,0,2.5282061025927947
12239,2.5725572603697944,0,0,2.5725572603697944
12240,2.6180934235172817,0,0,2.6180934235172817
12241,2.6180934235172817,0,0,2.6180934235172817
12242,2.4112193079676802,0,0,2.4112193079676802
12243,2.2390013512741107,0,0,2.2390013512741107
12244,2.239001351274113,0,0,2.239001351274113
12245,2.075338066126131,0,0,2.075338066126131
12246,2.0772325968531966,0,0,2.0772325968531966
12247,1.952930837903364,0,0,1.952930837903364
12248,1.7044342829598214,0,0,1.7044342829598214
12249,1.588155664613652,0,0,1.588155664613652
12250,2.147971231267425,0,0,2.147971231267425
12251,2.0650900890484176,0,0,2.0650900890484176
12252,2.0660414820288087,0,0,2.0660414820288087
12253,1.9135727954105477,0,0,1.9135727954105477
12254,1.3162982556477874,0,0,1.3162982556477874
12255,1.3162982556477874,0,0,1.3162982556477874
12256,1.3162982556477874,0,0,1.3162982556477874
12257,1.3565039976121231,0,0,1.3565039976121231
12258,1.3565039976121231,0,0,1.3565039976121231
12259,1.3544670392495308,0,0,1.3544670392495308
12260,1.3536526705600822,0,0,1.3536526705600822
12261,1.3536526705600822,0,0,1.3536526705600822
12262,2.841781956519944,0,0,2.841781956519944
12263,2.841781956519944,0,0,2.841781956519944
12264,2.841781956519944,0,0,2.841781956519944
12265,2.931598055513283,0,0,2.931598055513283
12266,2.7918419645811925,0,0,2.7918419645811925
12267,2.7918419645811925,0,0,2.7918419645811925
12268,2.7480979838386226,0,0,2.7480979838386226
12269,2.7480979838386226,0,0,2.7480979838386226
12270,2.658839900934525,0,0,2.658839900934525
12271,2.703205234190352,0,0,2.703205234190352
12272,2.572915376685657,0,0,2.572915376685657
12273,3.672221732503655,0,0,3.672221732503655
12274,4.088927364903039,0,0,4.088927364903039
12275,4.089130211312227,0,0,4.089130211312227
12276,4.089130211312229,0,0,4.089130211312229
12277,4.275643366715985,0,0,4.275643366715985
12278,4.2750191103943,0,0,4.2750191103943
12279,4.2923283025735,0,0,4.2923283025735
12280,4.292683343992588,0,0,4.292683343992588
12281,4.2926833439925876,0,0,4.2926833439925876
12282,4.2926833439925876,0,0,4.2926833439925876
12283,4.587688708685101,0,0,4.587688708685101
12284,4.586107776173518,0,0,4.586107776173518
12285,4.293413442379925,0,0,4.293413442379925
12286,4.293776945762684,0,0,4.293776945762684
12287,4.293776945762684,0,0,4.293776945762684
12288,4.293776945762684,0,0,4.293776945762684
12289,4.512582878776867,0,0,4.512582878776867
12290,4.058847021653805,0,0,4.058847021653805
12291,3.8678007153241083,0,0,3.8678007153241083
12292,3.8681291283449033,0,0,3.8681291283449033
12293,3.868129128344902,0,0,3.868129128344902
12294,2.7285602790660874,0,0,2.7285602790660874
12295,2.910846361555482,0,0,2.910846361555482
12296,4.51724458134796,0,0,4.51724458134796
12297,4.327982405096636,0,0,4.327982405096636
12298,4.3282975106801365,0,0,4.3282975106801365
12299,4.3282975106801365,0,0,4.3282975106801365
12300,3.431639854716902,0,0,3.431639854716902
12301,2.5994404860968863,0,0,2.5994404860968863
12302,2.597832945215549,0,0,2.597832945215549
12303,2.4690776242517396,0,0,2.4690776242517396
12304,2.8464900874527426,0,0,2.8464900874527426
12305,2.846887257382274,0,0,2.846887257382274
12306,2.021181971611619,0,0,2.021181971611619
12307,1.9820436745870433,0,0,1.9820436745870433
12308,1.9820436745870433,0,0,1.9820436745870433
12309,2.514483752508663,0,0,2.514483752508663
12310,2.517196747465537,0,0,2.517196747465537
12311,2.404384570710234,0,0,2.404384570710234
12312,1.8812799696563183,0,0,1.8812799696563183
12313,1.2930005158224123,0,0,1.2930005158224123
12314,1.2930005158224123,0,0,1.2930005158224123
12315,1.2340359542971129,0,0,1.2340359542971129
12316,1.2340359542971129,0,0,1.2340359542971129
12317,1.2340359542971129,0,0,1.2340359542971129
12318,1.151241698153881,0,0,1.151241698153881
12319,1.151241698153881,0,0,1.151241698153881
12320,1.151241698153881,0,0,1.151241698153881
12321,1.830429665237505,0,0,1.830429665237505
12322,1.8299035089182938,0,0,1.8299035089182938
12323,1.7839802850941138,0,0,1.7839802850941138
12324,1.7645158350856542,0,0,1.7645158350856542
12325,1.764515835085648,0,0,1.764515835085648
12326,1.764515835085648,0,0,1.764515835085648
12327,1.7512130226393965,0,0,1.7512130226393965
12328,1.7512130226393965,0,0,1.7512130226393965
12329,1.732508383595247,0,0,1.732508383595247
12330,1.7330629384863834,0,0,1.7330629384863834
12331,1.7330629384863834,0,0,1.7330629384863834
12332,3.282348530809304,0,0,3.282348530809304
12333,3.321096767774768,0,0,3.321096767774768
12334,3.321096767774768,0,0,3.321096767774768
12335,3.1056983275234735,0,0,3.1056983275234735
12336,3.105556372896477,0,0,3.105556372896477
12337,3.8770793985401792,0,0,3.8770793985401792
12338,4.175953315355121,0,0,4.175953315355121
12339,4.175953315355121,0,0,4.175953315355121
12340,4.175953315355121,0,0,4.175953315355121
12341,3.9907489757636445,0,0,3.9907489757636445
12342,4.014587414310711,0,0,4.014587414310711
12343,4.014587414310711,0,0,4.014587414310711
12344,4.014587414310712,0,0,4.014587414310712
12345,4.014587414310712,0,0,4.014587414310712
12346,4.014587414310712,0,0,4.014587414310712
12347,3.664260734440158,0,0,3.664260734440158
12348,3.2659865503017342,0,0,3.2659865503017342
12349,3.2659865503017342,0,0,3.2659865503017342
12350,3.2659865503017325,0,0,3.2659865503017325
12351,3.2659865503017325,0,0,3.2659865503017325
12352,3.2443368987021857,0,0,3.2443368987021857
12353,3.3067101855415655,0,0,3.3067101855415655
12354,3.2475153886250467,0,0,3.2475153886250467
12355,3.2475153886250467,0,0,3.2475153886250467
12356,3.247542856641447,0,0,3.247542856641447
12357,3.1827382068612096,0,0,3.1827382068612096
12358,3.1827382068612096,0,0,3.1827382068612096
12359,3.222121105245306,0,0,3.222121105245306
12360,3.2216026115993635,0,0,3.2216026115993635
12361,3.2216026115993635,0,0,3.2216026115993635
12362,3.886318965181037,0,0,3.886318965181037
12363,3.886318965181037,0,0,3.886318965181037
12364,4.05220818059471,0,0,4.05220818059471
12365,3.948036849013351,0,0,3.948036849013351
12366,4.008707987137359,0,0,4.008707987137359
12367,3.9078506361531664,0,0,3.9078506361531664
12368,3.934374319137051,0,0,3.934374319137051
12369,5.169938076654135,0,0,5.169938076654135
12370,5.187302264170336,0,0,5.187302264170336
12371,5.406582357888076,0,0,5.406582357888076
12372,5.208029401100057,0,0,5.208029401100057
12373,5.319762373348427,0,0,5.319762373348427
12374,5.3197623733484285,0,0,5.3197623733484285
12375,5.306491854377551,0,0,5.306491854377551
12376,5.306491854377551,0,0,5.306491854377551
12377,5.414052744142683,0,0,5.414052744142683
12378,5.414052744142683,0,0,5.414052744142683
12379,5.795121976292991,0,1,5.795121976292991
12380,5.795121976292991,0,1,5.795121976292991
12381,6.0850031131258175,0,1,6.0850031131258175
12382,6.045016537262547,0,1,6.045016537262547
12383,6.1453060140628315,0,1,6.1453060140628315
12384,6.282830980466139,0,1,6.282830980466139
12385,6.310114600341955,0,1,6.310114600341955
12386,6.301815912205371,0,1,6.301815912205371
12387,6.1500733400619945,0,1,6.1500733400619945
12388,6.436409343749267,0,1,6.436409343749267
12389,6.436409343749267,0,1,6.436409343749267
12390,6.3859020718223025,0,1,6.3859020718223025
12391,6.789352260305245,0,1,6.789352260305245
12392,6.743515640213928,0,1,6.743515640213928
12393,6.756219972013933,0,1,6.756219972013933
12394,6.851603975116452,0,1,6.851603975116452
12395,6.913599035171655,0,1,6.913599035171655
12396,7.045652563075718,0,1,7.045652563075718
12397,6.980184783411875,0,1,6.980184783411875
12398,6.936106519841039,0,1,6.936106519841039
12399,6.936106519841039,0,1,6.936106519841039
12400,6.936106519841039,0,1,6.936106519841039
12401,6.9126724643522675,0,1,6.9126724643522675
12402,6.968866327599819,0,1,6.968866327599819
12403,6.968866327599819,0,1,6.968866327599819
12404,6.885109135631259,0,1,6.885109135631259
12405,6.884914565811126,0,1,6.884914565811126
12406,6.884914565811126,0,1,6.884914565811126
12407,6.921985930103054,0,1,6.921985930103054
12408,6.921985930103054,0,1,6.921985930103054
12409,6.921985930103054,0,1,6.921985930103054
12410,6.916011421809404,0,1,6.916011421809404
12411,6.921985930103054,0,1,6.921985930103054
12412,6.921985930103054,0,1,6.921985930103054
12413,6.769289633180787,0,1,6.769289633180787
12414,6.905580659355765,0,1,6.905580659355765
12415,6.905367401562783,0,1,6.905367401562783
12416,6.869717994851157,0,1,6.869717994851157
12417,6.8850572962428735,0,1,6.8850572962428735
12418,6.879562959627841,0,1,6.879562959627841
12419,6.026892771612847,0,1,6.026892771612847
12420,6.021455290408269,0,1,6.021455290408269
12421,5.891541108303841,0,1,5.891541108303841
12422,5.9201441448863195,0,1,5.9201441448863195
12423,5.980588179124407,0,1,5.980588179124407
12424,6.0772652584831155,0,1,6.0772652584831155
12425,5.935156389422185,0,1,5.935156389422185
12426,6.036925981530831,0,1,6.036925981530831
12427,5.971730105436723,0,1,5.971730105436723
12428,5.77963019542342,0,1,5.77963019542342
12429,5.584785874951937,0,1,5.584785874951937
12430,5.584785874951937,0,1,5.584785874951937
12431,5.785265808780339,0,1,5.785265808780339
12432,5.762916628651277,0,1,5.762916628651277
12433,5.764094271107497,0,1,5.764094271107497
12434,5.8781580763717765,0,1,5.8781580763717765
12435,5.852619482760181,0,1,5.852619482760181
12436,5.811237764345697,0,1,5.811237764345697
12437,5.595814495375676,0,1,5.595814495375676
12438,5.666389681935186,0,1,5.666389681935186
12439,5.477687368854469,0,0,5.477687368854469
12440,5.414384500538632,0,0,5.414384500538632
12441,5.301119599238446,0,0,5.301119599238446
12442,5.301119599238446,0,0,5.301119599238446
12443,5.051931210556633,0,0,5.051931210556633
12444,5.05049067612167,0,0,5.05049067612167
12445,4.942394018687153,0,0,4.942394018687153
12446,4.946974016337046,0,0,4.946974016337046
12447,5.022311854259565,0,0,5.022311854259565
12448,5.022311854259565,0,0,5.022311854259565
12449,5.022311854259565,0,0,5.022311854259565
12450,5.022311854259566,0,0,5.022311854259566
12451,4.874417357779373,0,0,4.874417357779373
12452,4.874417357779373,0,0,4.874417357779373
12453,5.10295490964946,0,0,5.10295490964946
12454,5.10295490964946,0,0,5.10295490964946
12455,5.103164630707951,0,0,5.103164630707951
12456,5.107684466567998,0,0,5.107684466567998
12457,5.024292549728914,0,0,5.024292549728914
12458,5.024292549728914,0,0,5.024292549728914
12459,5.135991095742941,0,0,5.135991095742941
12460,5.158909588298735,0,0,5.158909588298735
12461,5.1636194743149435,0,0,5.1636194743149435
12462,5.1636194743149435,0,0,5.1636194743149435
12463,4.767874907916973,0,0,4.767874907916973
12464,4.7678749079169735,0,0,4.7678749079169735
12465,4.7678749079169735,0,0,4.7678749079169735
12466,1.3780267239892978,0,0,1.3780267239892978
12467,1.378026723989306,0,0,1.378026723989306
12468,1.3848508682724152,0,0,1.3848508682724152
12469,1.0243973987637316,0,0,1.0243973987637316
12470,1.1870348448204084,0,0,1.1870348448204084
12471,1.1884961067079425,0,0,1.1884961067079425
12472,1.1907813735610473,0,0,1.1907813735610473
12473,1.1636569495707683,0,0,1.1636569495707683
12474,1.1508717918231184,0,0,1.1508717918231184
12475,1.1105255983965692,0,0,1.1105255983965692
12476,1.0267823667966933,0,0,1.0267823667966933
12477,1.0267470172412427,0,0,1.0267470172412427
12478,1.070703912735411,0,0,1.070703912735411
12479,1.06867688641163,0,0,1.06867688641163
12480,1.070793324672479,0,0,1.070793324672479
12481,1.0708688238061854,0,0,1.0708688238061854
12482,1.1177723903679464,0,0,1.1177723903679464
12483,1.1178659706403593,0,0,1.1178659706403593
12484,1.1179594918052083,0,0,1.1179594918052083
12485,1.1183540985604872,0,0,1.1183540985604872
12486,1.1333425158748847,0,0,1.1333425158748847
12487,1.1289652729491662,0,0,1.1289652729491662
12488,1.1278388331031073,0,0,1.1278388331031073
12489,1.1243985770466436,0,0,1.1243985770466436
12490,1.1241287201986239,0,0,1.1241287201986239
12491,1.0822959738645426,0,0,1.0822959738645426
12492,1.0817590365803504,0,0,1.0817590365803504
12493,1.0804794453285937,0,0,1.0804794453285937
12494,1.0846440753809703,0,0,1.0846440753809703
12495,1.08102727982559,0,0,1.08102727982559
12496,1.0773362494602503,0,0,1.0773362494602503
12497,1.0380593502295126,0,0,1.0380593502295126
12498,1.0436865045247772,0,0,1.0436865045247772
12499,1.040003121364966,0,0,1.040003121364966
12500,1.040003121364966,0,0,1.040003121364966
12501,1.0362421114331697,0,0,1.0362421114331697
12502,1.0992688182559294,0,0,1.0992688182559294
12503,1.058840320407369,0,0,1.058840320407369
12504,1.0549273392550143,0,0,1.0549273392550143
12505,1.0509364050085441,0,0,1.0509364050085441
12506,1.0485144374870348,0,0,1.0485144374870348
12507,1.0460710453073971,0,0,1.0460710453073971
12508,1.041918660546908,0,0,1.041918660546908
12509,1.0237096738417244,0,0,1.0237096738417244
12510,1.021823596687344,0,0,1.021823596687344
12511,2.69158336916243,0,0,2.69158336916243
12512,2.7043860334958127,0,0,2.7043860334958127
12513,2.7043352731370156,0,0,2.7043352731370156
12514,2.72001129023054,0,0,2.72001129023054
12515,2.6499481343826634,0,0,2.6499481343826634
12516,2.957729108479308,0,0,2.957729108479308
12517,2.4726909059926956,0,0,2.4726909059926956
12518,2.4519936396056567,0,0,2.4519936396056567
12519,2.4540412100471234,0,0,2.4540412100471234
12520,2.4377432389301985,0,0,2.4377432389301985
12521,2.4632120412477945,0,0,2.4632120412477945
12522,2.457029167721945,0,0,2.457029167721945
12523,2.469941089074198,0,0,2.469941089074198
12524,2.451156348664943,0,0,2.451156348664943
12525,2.457110710769914,0,0,2.457110710769914
12526,2.457100249759272,0,0,2.457100249759272
12527,2.455423634150213,0,0,2.455423634150213
12528,2.558819762716745,0,0,2.558819762716745
12529,2.550381187810972,0,0,2.550381187810972
12530,3.1552160682270642,0,0,3.1552160682270642
12531,3.164675125102255,0,0,3.164675125102255
12532,3.1610338408548513,0,0,3.1610338408548513
12533,3.162403589763587,0,0,3.162403589763587
12534,3.1689934239123247,0,0,3.1689934239123247
12535,3.156464301530692,0,0,3.156464301530692
12536,3.151271275161683,0,0,3.151271275161683
12537,3.155296548452829,0,0,3.155296548452829
12538,3.141836483753739,0,0,3.141836483753739
12539,3.171395938016203,0,0,3.171395938016203
12540,3.1920284410422517,0,0,3.1920284410422517
12541,3.1641558223259256,0,0,3.1641558223259256
12542,3.1637032303992725,0,0,3.1637032303992725
12543,3.164846091410787,0,0,3.164846091410787
12544,3.154315851740562,0,0,3.154315851740562
12545,3.156563341643993,0,0,3.156563341643993
12546,3.156563341643993,0,0,3.156563341643993
12547,3.150559472770014,0,0,3.150559472770014
12548,3.1594979978594377,0,0,3.1594979978594377
12549,3.1930405721618653,0,0,3.1930405721618653
12550,3.1817783009389395,0,0,3.1817783009389395
12551,3.183759062179056,0,0,3.183759062179056
12552,3.174800666387464,0,0,3.174800666387464
12553,3.2060804189940417,0,0,3.2060804189940417
12554,3.2173636297696326,0,0,3.2173636297696326
12555,3.2020078360884208,0,0,3.2020078360884208
12556,3.2252701491769487,0,0,3.2252701491769487
12557,3.2220387874749212,0,0,3.2220387874749212
12558,3.2074229533902727,0,0,3.2074229533902727
12559,3.2073848427102356,0,0,3.2073848427102356
12560,3.207346730226888,0,0,3.207346730226888
12561,2.441088952316293,0,0,2.441088952316293
12562,2.438320756247897,0,0,2.438320756247897
12563,2.4384436670829452,0,0,2.4384436670829452
12564,2.437241925654403,0,0,2.437241925654403
12565,2.4404306925926944,0,0,2.4404306925926944
12566,2.4425042856824266,0,0,2.4425042856824266
12567,4.716225643516937,0,0,4.716225643516937
12568,4.727280880758268,0,0,4.727280880758268
12569,4.725961112280312,0,0,4.725961112280312
12570,4.723682114955666,0,0,4.723682114955666
12571,4.694970863812788,0,0,4.694970863812788
12572,4.715677990113183,0,0,4.715677990113183
12573,4.686562680176077,0,0,4.686562680176077
12574,4.684122659137425,0,0,4.684122659137425
12575,4.651437593326631,0,0,4.651437593326631
12576,4.669677863556487,0,0,4.669677863556487
12577,4.667156618931618,0,0,4.667156618931618
12578,3.8591516779202975,0,0,3.8591516779202975
12579,3.8768257770272934,0,0,3.8768257770272934
12580,6.8863308867020985,0,1,6.8863308867020985
12581,6.748290531336081,0,1,6.748290531336081
12582,6.787694656946722,0,1,6.787694656946722
12583,6.7544637860507315,0,1,6.7544637860507315
12584,6.962872444210682,0,1,6.962872444210682
12585,6.906717302768645,0,1,6.906717302768645
12586,6.735994440998803,0,1,6.735994440998803
12587,6.892653383826105,0,1,6.892653383826105
12588,6.591456882511729,0,1,6.591456882511729
12589,6.463067020463108,0,1,6.463067020463108
12590,5.915089859280013,0,1,5.915089859280013
12591,5.798405506154606,0,1,5.798405506154606
12592,5.76834043504736,0,1,5.76834043504736
12593,5.76834043504736,0,1,5.76834043504736
12594,5.74147684219569,0,1,5.74147684219569
12595,5.291271255327722,0,0,5.291271255327722
12596,5.291271255327722,0,0,5.291271255327722
12597,5.173860669287079,0,0,5.173860669287079
12598,4.625388484915919,0,0,4.625388484915919
12599,4.625388484915919,0,0,4.625388484915919
12600,5.188450239751694,0,0,5.188450239751694
12601,4.811066708370446,0,0,4.811066708370446
12602,4.1009207216194,0,0,4.1009207216194
12603,4.1009207216194,0,0,4.1009207216194
12604,3.8896277340235437,0,0,3.8896277340235437
12605,4.257901934792401,0,0,4.257901934792401
12606,4.257901934792401,0,0,4.257901934792401
12607,4.303569438177709,0,0,4.303569438177709
12608,4.303569438177709,0,0,4.303569438177709
12609,4.303569438177707,0,0,4.303569438177707
12610,4.303569438177707,0,0,4.303569438177707
12611,4.305032532630004,0,0,4.305032532630004
12612,4.352916277985582,0,0,4.352916277985582
12613,4.90648729142439,0,0,4.90648729142439
12614,4.90648729142439,0,0,4.90648729142439
12615,4.90648729142439,0,0,4.90648729142439
12616,4.906190467649303,0,0,4.906190467649303
12617,5.18278900920333,0,0,5.18278900920333
12618,5.182789009203332,0,0,5.182789009203332
12619,5.182789009203332,0,0,5.182789009203332
12620,5.182789009203332,0,0,5.182789009203332
12621,5.183082729284668,0,0,5.183082729284668
12622,4.877828775506637,0,0,4.877828775506637
12623,4.877828775506637,0,0,4.877828775506637
12624,4.877828775506637,0,0,4.877828775506637
12625,4.877828775506637,0,0,4.877828775506637
12626,4.024104616709948,0,0,4.024104616709948
12627,4.48490178767913,0,0,4.48490178767913
12628,4.48490178767913,0,0,4.48490178767913
12629,4.48490178767913,0,0,4.48490178767913
12630,4.484901787679131,0,0,4.484901787679131
12631,4.545152239917542,0,0,4.545152239917542
12632,4.225376585054289,0,0,4.225376585054289
12633,4.225376585054289,0,0,4.225376585054289
12634,4.300437603292816,0,0,4.300437603292816
12635,4.298474143100687,0,0,4.298474143100687
12636,4.90648729142439,0,0,4.90648729142439
12637,4.90648729142439,0,0,4.90648729142439
12638,4.90648729142439,0,0,4.90648729142439
12639,4.906190467649303,0,0,4.906190467649303
12640,4.986723027069991,0,0,4.986723027069991
12641,4.983889276072185,0,0,4.983889276072185
12642,4.983889276072185,0,0,4.983889276072185
12643,4.983889276072185,0,0,4.983889276072185
12644,4.986977706591213,0,0,4.986977706591213
12645,4.253647929022174,0,0,4.253647929022174
12646,5.454062564694585,0,0,5.454062564694585
12647,5.454062564694585,0,0,5.454062564694585
12648,5.454062564694585,0,0,5.454062564694585
12649,5.454062564694585,0,0,5.454062564694585
12650,5.454062564694585,0,0,5.454062564694585
12651,5.454062564694585,0,0,5.454062564694585
12652,4.92976354251937,0,0,4.92976354251937
12653,5.205533590870191,0,0,5.205533590870191
12654,5.001113624290382,0,0,5.001113624290382
12655,5.001113624290382,0,0,5.001113624290382
12656,5.001113624290384,0,0,5.001113624290384
12657,5.001113624290384,0,0,5.001113624290384
12658,4.585718621048889,0,0,4.585718621048889
12659,4.585718621048889,0,0,4.585718621048889
12660,4.585718621048889,0,0,4.585718621048889
12661,4.585718621048886,0,0,4.585718621048886
12662,4.586195889627639,0,0,4.586195889627639
12663,5.036114326148902,0,0,5.036114326148902
12664,5.033635795786056,0,0,5.033635795786056
12665,5.033635795786056,0,0,5.033635795786056
12666,5.033635795786056,0,0,5.033635795786056
12667,5.033635795786056,0,0,5.033635795786056
12668,5.033635795786056,0,0,5.033635795786056
12669,5.033635795786056,0,0,5.033635795786056
12670,5.049694640554836,0,0,5.049694640554836
12671,5.049694640554836,0,0,5.049694640554836
12672,4.9309873558976625,0,0,4.9309873558976625
12673,4.9309873558976625,0,0,4.9309873558976625
12674,5.767274084809537,0,1,5.767274084809537
12675,5.767274084809537,0,1,5.767274084809537
12676,5.450383652619417,0,0,5.450383652619417
12677,5.638627892034398,0,1,5.638627892034398
12678,5.6391217745290785,0,1,5.6391217745290785
12679,5.6391217745290785,0,1,5.6391217745290785
12680,5.445175866480985,0,0,5.445175866480985
12681,5.445175866480985,0,0,5.445175866480985
12682,5.4451758664809855,0,0,5.4451758664809855
12683,5.4451758664809855,0,0,5.4451758664809855
12684,5.08240901711737,0,0,5.08240901711737
12685,5.082522898841455,0,0,5.082522898841455
12686,4.190472556599312,0,0,4.190472556599312
12687,4.190472556599315,0,0,4.190472556599315
12688,4.190472556599315,0,0,4.190472556599315
12689,4.190472556599315,0,0,4.190472556599315
12690,3.361656476479651,0,0,3.361656476479651
12691,5.125110240244438,0,0,5.125110240244438
12692,5.735789744310691,0,1,5.735789744310691
12693,5.633065019456051,0,1,5.633065019456051
12694,5.632960682144366,0,1,5.632960682144366
12695,5.632960682144366,0,1,5.632960682144366
12696,5.403772255155344,0,0,5.403772255155344
12697,5.403772255155344,0,0,5.403772255155344
12698,5.403772255155344,0,0,5.403772255155344
12699,5.403772255155344,0,0,5.403772255155344
12700,5.099424715936074,0,0,5.099424715936074
12701,5.0952700218521745,0,0,5.0952700218521745
12702,4.891825450950606,0,0,4.891825450950606
12703,4.8918254509506065,0,0,4.8918254509506065
12704,4.8918254509506065,0,0,4.8918254509506065
12705,4.8918254509506065,0,0,4.8918254509506065
12706,4.4737384272019804,0,0,4.4737384272019804
12707,4.473531459862346,0,0,4.473531459862346
12708,4.162566696227071,0,0,4.162566696227071
12709,4.16256669622707,0,0,4.16256669622707
12710,4.162566696227072,0,0,4.162566696227072
12711,4.484208639458386,0,0,4.484208639458386
12712,4.4871771968266,0,0,4.4871771968266
12713,4.444016457045778,0,0,4.444016457045778
12714,4.03369958750753,0,0,4.03369958750753
12715,4.033699587507533,0,0,4.033699587507533
12716,4.448408905864975,0,0,4.448408905864975
12717,4.545981570930202,0,0,4.545981570930202
12718,4.2678144827313975,0,0,4.2678144827313975
12719,4.267407910715565,0,0,4.267407910715565
12720,4.179698109333277,0,0,4.179698109333277
12721,4.179698109333279,0,0,4.179698109333279
12722,4.5718521126343195,0,0,4.5718521126343195
12723,4.7010337420895665,0,0,4.7010337420895665
12724,4.79553675063815,0,0,4.79553675063815
12725,4.892403515359397,0,0,4.892403515359397
12726,5.236132879075589,0,0,5.236132879075589
12727,5.13923485417627,0,0,5.13923485417627
12728,5.13923485417627,0,0,5.13923485417627
12729,5.139234854176271,0,0,5.139234854176271
12730,3.6692256024131877,0,0,3.6692256024131877
12731,3.6692275750606917,0,0,3.6692275750606917
12732,3.552642790748836,0,0,3.552642790748836
12733,3.552642790748836,0,0,3.552642790748836
12734,3.5526427907488376,0,0,3.5526427907488376
12735,3.5523661073698163,0,0,3.5523661073698163
12736,3.634876652175311,0,0,3.634876652175311
12737,4.288661082765449,0,0,4.288661082765449
12738,4.818175659971542,0,0,4.818175659971542
12739,4.818175659971544,0,0,4.818175659971544
12740,4.818175659971544,0,0,4.818175659971544
12741,4.685395880759932,0,0,4.685395880759932
12742,5.327141201130396,0,0,5.327141201130396
12743,5.327141201130396,0,0,5.327141201130396
12744,5.364507187046306,0,0,5.364507187046306
12745,5.37815090446048,0,0,5.37815090446048
12746,5.595577850922313,0,1,5.595577850922313
12747,5.008655202446828,0,0,5.008655202446828
12748,5.008655202446828,0,0,5.008655202446828
12749,5.008655202446828,0,0,5.008655202446828
12750,3.942014707235527,0,0,3.942014707235527
12751,3.935067552711524,0,0,3.935067552711524
12752,3.9552406684372983,0,0,3.9552406684372983
12753,3.939191837181597,0,0,3.939191837181597
12754,3.939191837181597,0,0,3.939191837181597
12755,3.9314382631737446,0,0,3.9314382631737446
12756,4.023445965111927,0,0,4.023445965111927
12757,4.029377634795602,0,0,4.029377634795602
12758,3.991647166970128,0,0,3.991647166970128
12759,3.991647166970128,0,0,3.991647166970128
12760,3.991647166970128,0,0,3.991647166970128
12761,3.991580763760675,0,0,3.991580763760675
12762,3.608331856529815,0,0,3.608331856529815
12763,3.608331856529815,0,0,3.608331856529815
12764,3.2786753999573808,0,0,3.2786753999573808
12765,3.2786753999573808,0,0,3.2786753999573808
12766,3.2786342798966595,0,0,3.2786342798966595
12767,3.1851184107218176,0,0,3.1851184107218176
12768,3.4117933182979963,0,0,3.4117933182979963
12769,3.4117933182979963,0,0,3.4117933182979963
12770,3.06320736279874,0,0,3.06320736279874
12771,3.06320736279874,0,0,3.06320736279874
12772,2.5641991625619247,0,0,2.5641991625619247
12773,2.564199162561929,0,0,2.564199162561929
12774,2.555200423496982,0,0,2.555200423496982
12775,3.2017702879675936,0,0,3.2017702879675936
12776,2.9236120871932894,0,0,2.9236120871932894
12777,3.1005759697925654,0,0,3.1005759697925654
12778,3.383987072077598,0,0,3.383987072077598
12779,3.589254173539273,0,0,3.589254173539273
12780,3.559327503997983,0,0,3.559327503997983
12781,3.889458806719368,0,0,3.889458806719368
12782,4.024508990426488,0,0,4.024508990426488
12783,4.024384556797856,0,0,4.024384556797856
12784,4.024384556797856,0,0,4.024384556797856
12785,4.0746227237816885,0,0,4.0746227237816885
12786,4.392953783954066,0,0,4.392953783954066
12787,4.599277124235419,0,0,4.599277124235419
12788,4.65150633312391,0,0,4.65150633312391
12789,4.815238967097679,0,0,4.815238967097679
12790,4.815238967097679,0,0,4.815238967097679
12791,5.017258334915983,0,0,5.017258334915983
12792,5.227657627523023,0,0,5.227657627523023
12793,5.4896689925245274,0,0,5.4896689925245274
12794,5.500530017760394,0,0,5.500530017760394
12795,5.502144357162641,0,0,5.502144357162641
12796,5.417810513253156,0,0,5.417810513253156
12797,5.391703556005474,0,0,5.391703556005474
12798,5.206048239014577,0,0,5.206048239014577
12799,5.206190331805575,0,0,5.206190331805575
12800,6.7398939973672265,0,1,6.7398939973672265
12801,6.736792020961453,0,1,6.736792020961453
12802,6.768124676488128,0,1,6.768124676488128
12803,6.768124676488128,0,1,6.768124676488128
12804,6.821299185879496,0,1,6.821299185879496
12805,6.586437138840971,0,1,6.586437138840971
12806,6.4693737647646685,0,1,6.4693737647646685
12807,6.469373764764668,0,1,6.469373764764668
12808,6.412822986354941,0,1,6.412822986354941
12809,6.409240108786391,0,1,6.409240108786391
12810,6.409240108786391,0,1,6.409240108786391
12811,6.581032261692392,0,1,6.581032261692392
12812,6.42245389795351,0,1,6.42245389795351
12813,6.329354977630967,0,1,6.329354977630967
12814,6.626515355888188,0,1,6.626515355888188
12815,6.772459084187543,0,1,6.772459084187543
12816,6.648493107011584,0,1,6.648493107011584
12817,6.274724549089561,0,1,6.274724549089561
12818,6.275037606769956,0,1,6.275037606769956
12819,6.240708263656054,0,1,6.240708263656054
12820,6.26920778342122,0,1,6.26920778342122
12821,6.478382951390932,0,1,6.478382951390932
12822,6.478356356586716,0,1,6.478356356586716
12823,6.549273547340771,0,1,6.549273547340771
12824,6.522610625552087,0,1,6.522610625552087
12825,6.408463607488869,0,1,6.408463607488869
12826,6.382417431174856,0,1,6.382417431174856
12827,6.274478659207055,0,1,6.274478659207055
12828,6.296125477785097,0,1,6.296125477785097
12829,6.216405111448477,0,1,6.216405111448477
12830,6.166643459403393,0,1,6.166643459403393
12831,6.163077450787245,0,1,6.163077450787245
12832,5.504664581102887,0,0,5.504664581102887
12833,5.525481652557875,0,0,5.525481652557875
12834,5.5536762570539135,0,0,5.5536762570539135
12835,5.545428129298356,0,0,5.545428129298356
12836,5.560326046599712,0,0,5.560326046599712
12837,5.490620137121465,0,0,5.490620137121465
12838,5.570939118751658,0,1,5.570939118751658
12839,5.557065850956961,0,0,5.557065850956961
12840,5.592067102145497,0,1,5.592067102145497
12841,5.503918599637157,0,0,5.503918599637157
12842,5.622531312904669,0,1,5.622531312904669
12843,5.373505662502105,0,0,5.373505662502105
12844,5.373505662502105,0,0,5.373505662502105
12845,5.6362188765055174,0,1,5.6362188765055174
12846,5.633946713851791,0,1,5.633946713851791
12847,5.533788034557478,0,0,5.533788034557478
12848,5.5063708284493655,0,0,5.5063708284493655
12849,5.427415449857683,0,0,5.427415449857683
12850,5.339891449835344,0,0,5.339891449835344
12851,5.311898766108579,0,0,5.311898766108579
12852,5.564149655564904,0,0,5.564149655564904
12853,5.64075916086323,0,1,5.64075916086323
12854,5.637341618372616,0,1,5.637341618372616
12855,5.3481016759778885,0,0,5.3481016759778885
12856,5.356031952557891,0,0,5.356031952557891
12857,5.371020181668853,0,0,5.371020181668853
12858,5.371020181668853,0,0,5.371020181668853
12859,5.394785519358381,0,0,5.394785519358381
12860,5.394785519358381,0,0,5.394785519358381
12861,5.421758303150705,0,0,5.421758303150705
12862,5.430772835942081,0,0,5.430772835942081
12863,5.467498321431764,0,0,5.467498321431764
12864,5.463263769203631,0,0,5.463263769203631
12865,5.394392008985473,0,0,5.394392008985473
12866,5.394392008985473,0,0,5.394392008985473
12867,5.1690939036289825,0,0,5.1690939036289825
12868,5.175614330966948,0,0,5.175614330966948
12869,4.8881704085207724,0,0,4.8881704085207724
12870,4.883642649845988,0,0,4.883642649845988
12871,4.895201850821321,0,0,4.895201850821321
12872,4.895201850821321,0,0,4.895201850821321
12873,5.200892572988691,0,0,5.200892572988691
12874,5.207052299631675,0,0,5.207052299631675
12875,5.213403078004308,0,0,5.213403078004308
12876,5.1021469471012475,0,0,5.1021469471012475
12877,5.123078030701351,0,0,5.123078030701351
12878,5.01137082669942,0,0,5.01137082669942
12879,5.171487457832412,0,0,5.171487457832412
12880,5.017354593279889,0,0,5.017354593279889
12881,5.078831606620807,0,0,5.078831606620807
12882,6.116384058729974,0,1,6.116384058729974
12883,6.323378582983306,0,1,6.323378582983306
12884,6.20343039625518,0,1,6.20343039625518
12885,6.3185780709984565,0,1,6.3185780709984565
12886,6.284871387597196,0,1,6.284871387597196
12887,0.16662181926216066,1,0,0.16662181926216066
12888,0.15885201153706194,1,0,0.15885201153706194
12889,0.15867966581305537,1,0,0.15867966581305537
12890,0.159487908548438,1,0,0.159487908548438
12891,0.16107804373351514,1,0,0.16107804373351514
12892,0.14829434265229915,1,0,0.14829434265229915
12893,0.1570425819938756,1,0,0.1570425819938756
12894,0.15811378179262883,1,0,0.15811378179262883
12895,0.15811766023528237,1,0,0.15811766023528237
12896,0.15812153843265347,1,0,0.15812153843265347
12897,0.15710088642482578,1,0,0.15710088642482578
12898,0.1575322146663657,1,0,0.1575322146663657
12899,0.15791093543452564,1,0,0.15791093543452564
12900,0.15791093543452564,1,0,0.15791093543452564
12901,0.1580670644047879,1,0,0.1580670644047879
12902,0.15820794326493987,1,0,0.15820794326493987
12903,0.15789473376445032,1,0,0.15789473376445032
12904,0.1583865992355473,1,0,0.1583865992355473
12905,0.15905580376214762,1,0,0.15905580376214762
12906,0.15905580376214762,1,0,0.15905580376214762
12907,0.15939637639382395,1,0,0.15939637639382395
12908,0.16042587642050626,1,0,0.16042587642050626
12909,0.16018646530369487,1,0,0.16018646530369487
12910,0.1608929453907391,1,0,0.1608929453907391
12911,0.16021153230796764,1,0,0.16021153230796764
12912,0.16017843492101377,1,0,0.16017843492101377
12913,0.15930374048753043,1,0,0.15930374048753043
12914,0.15965269499223847,1,0,0.15965269499223847
12915,0.16059759145000324,1,0,0.16059759145000324
12916,0.16124825950959984,1,0,0.16124825950959984
12917,0.1614421702556155,1,0,0.1614421702556155
12918,0.1614421702556155,1,0,0.1614421702556155
12919,0.15829044718010432,1,0,0.15829044718010432
12920,0.15867139876092887,1,0,0.15867139876092887
12921,0.15873209584829753,1,0,0.15873209584829753
12922,0.15833504967029913,1,0,0.15833504967029913
12923,0.1441695567782653,1,0,0.1441695567782653
12924,0.14419005511590557,1,0,0.14419005511590557
12925,0.1428544341817766,1,0,0.1428544341817766
12926,0.14139972505334564,1,0,0.14139972505334564
12927,0.1404247348615315,1,0,0.1404247348615315
12928,0.13995775659982757,1,0,0.13995775659982757
12929,0.13391523034091415,1,0,0.13391523034091415
12930,0.1339152303409556,1,0,0.1339152303409556
12931,0.13334488526227373,1,0,0.13334488526227373
12932,0.1333476906638114,1,0,0.1333476906638114
12933,0.13154805885811519,1,0,0.13154805885811519
12934,0.13433134442384118,1,0,0.13433134442384118
12935,0.11418914449347572,1,0,0.11418914449347572
12936,0.11253294861759533,1,0,0.11253294861759533
12937,6.014862460672911,0,1,6.014862460672911
12938,5.949422205073817,0,1,5.949422205073817
12939,6.01196028347951,0,1,6.01196028347951
12940,6.0791418105487445,0,1,6.0791418105487445
12941,5.578975483321686,0,1,5.578975483321686
12942,4.951995561271715,0,0,4.951995561271715
12943,4.2931834081411875,0,0,4.2931834081411875
12944,3.3969889454084963,0,0,3.3969889454084963
12945,3.1177972395278126,0,0,3.1177972395278126
12946,3.1177972395278126,0,0,3.1177972395278126
12947,2.619700733593224,0,0,2.619700733593224
12948,2.619538143072057,0,0,2.619538143072057
12949,2.6959894959205912,0,0,2.6959894959205912
12950,2.6959894959205912,0,0,2.6959894959205912
12951,2.6959894959205952,0,0,2.6959894959205952
12952,2.6959894959205952,0,0,2.6959894959205952
12953,2.6965315878656333,0,0,2.6965315878656333
12954,2.333170394836523,0,0,2.333170394836523
12955,2.333170394836523,0,0,2.333170394836523
12956,2.333170394836523,0,0,2.333170394836523
12957,3.517880095185901,0,0,3.517880095185901
12958,3.517880095185901,0,0,3.517880095185901
12959,3.517880095185901,0,0,3.517880095185901
12960,3.500601139996353,0,0,3.500601139996353
12961,3.500601139996353,0,0,3.500601139996353
12962,3.4998967900773037,0,0,3.4998967900773037
12963,3.153699160137722,0,0,3.153699160137722
12964,2.920820606932847,0,0,2.920820606932847
12965,3.219480486551607,0,0,3.219480486551607
12966,3.219480486551607,0,0,3.219480486551607
12967,3.219480486551607,0,0,3.219480486551607
12968,3.219480486551607,0,0,3.219480486551607
12969,4.459229762226203,0,0,4.459229762226203
12970,4.460261760053051,0,0,4.460261760053051
12971,4.460261760053051,0,0,4.460261760053051
12972,4.257135694357542,0,0,4.257135694357542
12973,3.9040243849278613,0,0,3.9040243849278613
12974,3.8395629666658766,0,0,3.8395629666658766
12975,3.9177933145121595,0,0,3.9177933145121595
12976,3.9177933145121595,0,0,3.9177933145121595
12977,4.686076463961322,0,0,4.686076463961322
12978,4.776024392512747,0,0,4.776024392512747
12979,4.776259964453234,0,0,4.776259964453234
12980,5.153384958524111,0,0,5.153384958524111
12981,5.139206940913134,0,0,5.139206940913134
12982,5.139223960578362,0,0,5.139223960578362
12983,5.417505240069665,0,0,5.417505240069665
12984,5.418063397431946,0,0,5.418063397431946
12985,5.418063397431946,0,0,5.418063397431946
12986,5.493238275502545,0,0,5.493238275502545
12987,5.493238275502545,0,0,5.493238275502545
12988,5.492783422008262,0,0,5.492783422008262
12989,5.504919130891879,0,0,5.504919130891879
12990,5.565346746460138,0,0,5.565346746460138
12991,5.565346746460138,0,0,5.565346746460138
12992,5.841681817200612,0,1,5.841681817200612
12993,5.84072249867534,0,1,5.84072249867534
12994,5.961980966643324,0,1,5.961980966643324
12995,5.961980966643324,0,1,5.961980966643324
12996,6.023904421436398,0,1,6.023904421436398
12997,6.076018617294654,0,1,6.076018617294654
12998,6.076018617294654,0,1,6.076018617294654
12999,6.035498968846332,0,1,6.035498968846332
13000,5.8261961640420115,0,1,5.8261961640420115
13001,5.932900215578777,0,1,5.932900215578777
13002,5.932900215578778,0,1,5.932900215578778
13003,5.932936236963909,0,1,5.932936236963909
13004,0.24813484438503797,1,0,0.24813484438503797
13005,0.2485579385296044,1,0,0.2485579385296044
13006,0.2480065117220715,1,0,0.2480065117220715
13007,0.25497476034591204,1,0,0.25497476034591204
13008,0.2552228290611482,1,0,0.2552228290611482
13009,1.9269751990178061,1,0,1.9269751990178061
13010,1.922101007433554,1,0,1.922101007433554
13011,1.923076966974318,1,0,1.923076966974318
13012,1.9230678940387014,1,0,1.9230678940387014
13013,1.923059768913092,1,0,1.923059768913092
13014,1.9249347098296408,1,0,1.9249347098296408
13015,1.9261645163192154,1,0,1.9261645163192154
13016,1.9282722799238963,1,0,1.9282722799238963
13017,1.93169663407464,1,0,1.93169663407464
13018,1.9368939072743774,1,0,1.9368939072743774
13019,1.9357660838157342,1,0,1.9357660838157342
13020,1.9319675569666248,1,0,1.9319675569666248
13021,1.9316586333337369,1,0,1.9316586333337369
13022,1.9319141406326705,1,0,1.9319141406326705
13023,1.928819430151118,1,0,1.928819430151118
13024,1.9309675364560692,1,0,1.9309675364560692
13025,1.931005615831882,1,0,1.931005615831882
13026,1.9312673918135115,1,0,1.9312673918135115
13027,1.9312673918135115,1,0,1.9312673918135115
13028,1.9311694359654572,1,0,1.9311694359654572
13029,1.9292888921252338,1,0,1.9292888921252338
13030,1.930330121843624,1,0,1.930330121843624
13031,1.9303301218436184,1,0,1.9303301218436184
13032,1.932353539334364,1,0,1.932353539334364
13033,1.9319116511633572,1,0,1.9319116511633572
13034,1.9317115764036477,1,0,1.9317115764036477
13035,1.9402631349686803,1,0,1.9402631349686803
13036,1.942921379874259,1,0,1.942921379874259
13037,1.942910064608654,1,0,1.942910064608654
13038,1.9403133634656602,1,0,1.9403133634656602
13039,1.9403553866580987,1,0,1.9403553866580987
13040,1.9379920438121934,1,0,1.9379920438121934
13041,1.9379920438121934,1,0,1.9379920438121934
13042,1.9448880926135443,1,0,1.9448880926135443
13043,1.9406158572235113,1,0,1.9406158572235113
13044,1.940206089201698,1,0,1.940206089201698
13045,1.930871093600387,1,0,1.930871093600387
13046,1.9309993258583562,1,0,1.9309993258583562
13047,1.9320383543995485,1,0,1.9320383543995485
13048,1.932392893932142,1,0,1.932392893932142
13049,1.9264250894853598,1,0,1.9264250894853598
13050,1.9261083124583345,1,0,1.9261083124583345
13051,1.9264084152475633,1,0,1.9264084152475633
13052,1.9264084152475691,1,0,1.9264084152475691
13053,1.9215065813075936,1,0,1.9215065813075936
13054,1.020059591600248,0,0,1.020059591600248
13055,1.0117027033104573,0,0,1.0117027033104573
13056,1.0153161391230372,0,0,1.0153161391230372
13057,1.0040987176880805,0,0,1.0040987176880805
13058,1.0062982291712341,0,0,1.0062982291712341
13059,5.97234296440674,0,1,5.97234296440674
13060,5.932186725371712,0,1,5.932186725371712
13061,5.94225511354847,0,1,5.94225511354847
13062,5.943880856372366,0,1,5.943880856372366
13063,5.963502633286539,0,1,5.963502633286539
13064,5.785920636849619,0,1,5.785920636849619
13065,5.785920636849619,0,1,5.785920636849619
13066,5.65004933144511,0,1,5.65004933144511
13067,5.664195026053919,0,1,5.664195026053919
13068,5.655973339996035,0,1,5.655973339996035
13069,5.655973339996035,0,1,5.655973339996035
13070,5.514692617736357,0,0,5.514692617736357
13071,5.560940116204144,0,0,5.560940116204144
13072,5.522695499865357,0,0,5.522695499865357
13073,5.544384164774614,0,0,5.544384164774614
13074,5.587043800181101,0,1,5.587043800181101
13075,5.587043800181101,0,1,5.587043800181101
13076,5.541479163472342,0,0,5.541479163472342
13077,5.541479163472343,0,0,5.541479163472343
13078,5.4194930380741715,0,0,5.4194930380741715
13079,5.488853117505369,0,0,5.488853117505369
13080,5.440277002911986,0,0,5.440277002911986
13081,5.440714650035053,0,0,5.440714650035053
13082,4.942234081253612,0,0,4.942234081253612
13083,4.942234081253612,0,0,4.942234081253612
13084,4.996010575794954,0,0,4.996010575794954
13085,6.033570080373661,0,1,6.033570080373661
13086,6.276918162406082,0,1,6.276918162406082
13087,6.245752610038728,0,1,6.245752610038728
13088,6.374720569136885,0,1,6.374720569136885
13089,6.2469769273104205,0,1,6.2469769273104205
13090,6.2469769273104205,0,1,6.2469769273104205
13091,6.000613469085143,0,1,6.000613469085143
13092,6.079132308503519,0,1,6.079132308503519
13093,6.319217887359549,0,1,6.319217887359549
13094,6.472880274362006,0,1,6.472880274362006
13095,6.167036414771346,0,1,6.167036414771346
13096,6.167036414771346,0,1,6.167036414771346
13097,6.385930157790618,0,1,6.385930157790618
13098,6.380902335702507,0,1,6.380902335702507
13099,6.2099406619727855,0,1,6.2099406619727855
13100,5.760391540218601,0,1,5.760391540218601
13101,6.263803326267757,0,1,6.263803326267757
13102,6.5004695193268764,0,1,6.5004695193268764
13103,5.969744666946735,0,1,5.969744666946735
13104,5.971812129414233,0,1,5.971812129414233
13105,5.681419179615732,0,1,5.681419179615732
13106,5.681419179615732,0,1,5.681419179615732
13107,4.368467449454318,0,0,4.368467449454318
13108,4.986449363351407,0,0,4.986449363351407
13109,4.986449363351407,0,0,4.986449363351407
13110,4.986449363351407,0,0,4.986449363351407
13111,4.475742542976879,0,0,4.475742542976879
13112,5.411862531726308,0,0,5.411862531726308
13113,5.408909466916623,0,0,5.408909466916623
13114,5.4511495394739455,0,0,5.4511495394739455
13115,4.731887784212474,0,0,4.731887784212474
13116,4.731860717527311,0,0,4.731860717527311
13117,4.731860717527311,0,0,4.731860717527311
13118,4.669669479030669,0,0,4.669669479030669
13119,4.669669479030669,0,0,4.669669479030669
13120,4.669277784041335,0,0,4.669277784041335
13121,4.835180471773222,0,0,4.835180471773222
13122,4.835180471773222,0,0,4.835180471773222
13123,4.835180471773222,0,0,4.835180471773222
13124,4.25419091155548,0,0,4.25419091155548
13125,4.25419091155548,0,0,4.25419091155548
13126,4.25419091155548,0,0,4.25419091155548
13127,4.25419091155548,0,0,4.25419091155548
13128,3.40965275941457,0,0,3.40965275941457
13129,3.2202849009827266,0,0,3.2202849009827266
13130,4.2401000015036745,0,0,4.2401000015036745
13131,4.404289995028792,0,0,4.404289995028792
13132,4.404289995028792,0,0,4.404289995028792
13133,3.835217266196135,0,0,3.835217266196135
13134,3.208224257869212,0,0,3.208224257869212
13135,3.20883262731025,0,0,3.20883262731025
13136,3.20883262731025,0,0,3.20883262731025
13137,3.20883262731025,0,0,3.20883262731025
13138,2.5791045312996146,0,0,2.5791045312996146
13139,2.3268967745941938,0,0,2.3268967745941938
13140,2.3268967745941938,0,0,2.3268967745941938
13141,2.086208252326653,0,0,2.086208252326653
13142,1.5652911115496222,0,0,1.5652911115496222
13143,1.4664384396472694,0,0,1.4664384396472694
13144,1.4664384396472656,0,0,1.4664384396472656
13145,1.4664384396472656,0,0,1.4664384396472656
13146,1.466438439647258,0,0,1.466438439647258
13147,1.466457658643776,0,0,1.466457658643776
13148,1.203710353528293,0,0,1.203710353528293
13149,1.20001938242075,0,0,1.20001938242075
13150,2.849758325864053,0,0,2.849758325864053
13151,3.212897093663506,0,0,3.212897093663506
13152,2.545389914339307,0,0,2.545389914339307
13153,1.4583824811985562,0,0,1.4583824811985562
13154,1.4580734342073396,0,0,1.4580734342073396
13155,1.4982831646217356,0,0,1.4982831646217356
13156,1.5094421252335875,0,0,1.5094421252335875
13157,1.509969991750238,0,0,1.509969991750238
13158,1.509969991750238,0,0,1.509969991750238
13159,1.509969991750238,0,0,1.509969991750238
13160,1.6484194711538283,0,0,1.6484194711538283
13161,2.1355241168539276,0,0,2.1355241168539276
13162,0.7450228126984015,0,0,0.7450228126984015
13163,0.7450228126984015,0,0,0.7450228126984015
13164,0.8722957413473936,0,0,0.8722957413473936
13165,0.8722957413473936,0,0,0.8722957413473936
13166,0.9286310826439903,0,0,0.9286310826439903
13167,0.9286310826439783,0,0,0.9286310826439783
13168,0.9288742711708659,0,0,0.9288742711708659
13169,0.9288742711708659,0,0,0.9288742711708659
13170,0.8871331736112973,0,0,0.8871331736112973
13171,0.9073848837023519,0,0,0.9073848837023519
13172,0.9073848837023519,0,0,0.9073848837023519
13173,0.9073848837023519,0,0,0.9073848837023519
13174,0.9071307680503709,0,0,0.9071307680503709
13175,0.9071819945533715,0,0,0.9071819945533715
13176,0.9071819945533715,0,0,0.9071819945533715
13177,0.9071819945533715,0,0,0.9071819945533715
13178,0.9071819945533592,0,0,0.9071819945533592
13179,0.9071819945533592,0,0,0.9071819945533592
13180,0.9071819945533592,0,0,0.9071819945533592
13181,0.8391043401176509,0,0,0.8391043401176509
13182,0.8391043401176509,0,0,0.8391043401176509
13183,0.8391043401176509,0,0,0.8391043401176509
13184,0.8391043401176509,0,0,0.8391043401176509
13185,0.8391043401176509,0,0,0.8391043401176509
13186,0.8391043401176509,0,0,0.8391043401176509
13187,0.8388459689844439,0,0,0.8388459689844439
13188,0.8388459689844439,0,0,0.8388459689844439
13189,0.8388459689844372,0,0,0.8388459689844372
13190,0.8388459689844372,0,0,0.8388459689844372
13191,0.8387166063337486,0,0,0.8387166063337486
13192,0.8387166063337486,0,0,0.8387166063337486
13193,0.8387166063337486,0,0,0.8387166063337486
13194,0.8387166063337287,0,0,0.8387166063337287
13195,0.8387166063337287,0,0,0.8387166063337287
13196,0.8387166063337287,0,0,0.8387166063337287
13197,0.8387166063337287,0,0,0.8387166063337287
13198,0.8387166063337287,0,0,0.8387166063337287
13199,1.1255976217732067,0,0,1.1255976217732067
13200,1.1255976217732067,0,0,1.1255976217732067
13201,1.0797264804646347,0,0,1.0797264804646347
13202,1.0365965588944752,0,0,1.0365965588944752
13203,1.0365965588944752,0,0,1.0365965588944752
13204,1.0365965588944752,0,0,1.0365965588944752
13205,1.0362058509780008,0,0,1.0362058509780008
13206,1.0358204567823,0,0,1.0358204567823
13207,1.0359129982294624,0,0,1.0359129982294624
13208,1.0362936345341331,0,0,1.0362936345341331
13209,1.0362936345341331,0,0,1.0362936345341331
13210,1.0362936345341331,0,0,1.0362936345341331
13211,1.008606032783427,0,0,1.008606032783427
13212,0.9423068766501842,0,0,0.9423068766501842
13213,0.9423068766501842,0,0,0.9423068766501842
13214,0.9423068766501842,0,0,0.9423068766501842
13215,0.9423068766501842,0,0,0.9423068766501842
13216,1.198193652803784,0,0,1.198193652803784
13217,1.198193652803784,0,0,1.198193652803784
13218,1.1983394114225359,0,0,1.1983394114225359
13219,1.1983394114225359,0,0,1.1983394114225359
13220,1.2516736188613309,0,0,1.2516736188613309
13221,1.1969078211193398,0,0,1.1969078211193398
13222,2.2380748041743628,0,0,2.2380748041743628
13223,2.2674747717323966,0,0,2.2674747717323966
13224,2.2674747717323966,0,0,2.2674747717323966
13225,2.312552184933052,0,0,2.312552184933052
13226,2.3272811310904076,0,0,2.3272811310904076
13227,2.3271239811722695,0,0,2.3271239811722695
13228,2.3271239811722695,0,0,2.3271239811722695
13229,2.3271239811722695,0,0,2.3271239811722695
13230,2.693917273887886,0,0,2.693917273887886
13231,2.9530264676827453,0,0,2.9530264676827453
13232,2.9530264676827453,0,0,2.9530264676827453
13233,2.9597650680065333,0,0,2.9597650680065333
13234,2.9603555076743273,0,0,2.9603555076743273
13235,3.1140935134789114,0,0,3.1140935134789114
13236,3.1140935134789114,0,0,3.1140935134789114
13237,3.11382074485411,0,0,3.11382074485411
13238,3.11382074485411,0,0,3.11382074485411
13239,3.113820744854108,0,0,3.113820744854108
13240,3.656465315465617,0,0,3.656465315465617
13241,4.777412387063838,0,0,4.777412387063838
13242,5.168469187562524,0,0,5.168469187562524
13243,5.168469187562524,0,0,5.168469187562524
13244,5.168469187562524,0,0,5.168469187562524
13245,5.168469187562524,0,0,5.168469187562524
13246,5.668613373934797,0,1,5.668613373934797
13247,5.668613373934797,0,1,5.668613373934797
13248,5.668613373934797,0,1,5.668613373934797
13249,5.613064048072943,0,1,5.613064048072943
13250,5.452992205913486,0,0,5.452992205913486
13251,4.87560701293348,0,0,4.87560701293348
13252,4.891605553755539,0,0,4.891605553755539
13253,4.891605553755539,0,0,4.891605553755539
13254,4.891605553755539,0,0,4.891605553755539
13255,4.472681597517562,0,0,4.472681597517562
13256,4.472681597517562,0,0,4.472681597517562
13257,3.5775868233546717,0,0,3.5775868233546717
13258,3.577586823354675,0,0,3.577586823354675
13259,3.5776556788916234,0,0,3.5776556788916234
13260,3.5776556788916216,0,0,3.5776556788916216
13261,3.289961957329642,0,0,3.289961957329642
13262,3.289961957329642,0,0,3.289961957329642
13263,3.9066954847096924,0,0,3.9066954847096924
13264,3.9066954847096924,0,0,3.9066954847096924
13265,3.9066954847096924,0,0,3.9066954847096924
13266,3.6900407451772956,0,0,3.6900407451772956
13267,3.6900407451772956,0,0,3.6900407451772956
13268,3.2379535648628557,0,0,3.2379535648628557
13269,3.2379535648628575,0,0,3.2379535648628575
13270,2.971818620230179,0,0,2.971818620230179
13271,2.8759211005118246,0,0,2.8759211005118246
13272,2.408801490026488,0,0,2.408801490026488
13273,2.741892756673328,0,0,2.741892756673328
13274,2.741892756673328,0,0,2.741892756673328
13275,2.8973687763683214,0,0,2.8973687763683214
13276,3.3967334601008017,0,0,3.3967334601008017
13277,3.3967334601008017,0,0,3.3967334601008017
13278,3.396733460100803,0,0,3.396733460100803
13279,3.396733460100803,0,0,3.396733460100803
13280,3.6398687705033357,0,0,3.6398687705033357
13281,3.6398687705033357,0,0,3.6398687705033357
13282,3.637184322915437,0,0,3.637184322915437
13283,3.6316193954951212,0,0,3.6316193954951212
13284,3.6316193954951212,0,0,3.6316193954951212
13285,3.6316193954951212,0,0,3.6316193954951212
13286,3.6316193954951212,0,0,3.6316193954951212
13287,3.373784597064973,0,0,3.373784597064973
13288,3.373784597064973,0,0,3.373784597064973
13289,3.373784597064973,0,0,3.373784597064973
13290,3.373784597064973,0,0,3.373784597064973
13291,3.4507306938642546,0,0,3.4507306938642546
13292,2.6080555790140387,0,0,2.6080555790140387
13293,2.6080555790140387,0,0,2.6080555790140387
13294,2.6080555790140387,0,0,2.6080555790140387
13295,2.608189883119819,0,0,2.608189883119819
13296,2.608189883119819,0,0,2.608189883119819
13297,2.608189883119819,0,0,2.608189883119819
13298,2.608189883119819,0,0,2.608189883119819
13299,2.349314154535599,0,0,2.349314154535599
13300,2.349314154535599,0,0,2.349314154535599
13301,2.349314154535604,0,0,2.349314154535604
13302,2.567352785425264,0,0,2.567352785425264
13303,2.567352785425264,0,0,2.567352785425264
13304,2.567352785425264,0,0,2.567352785425264
13305,2.567352785425264,0,0,2.567352785425264
13306,2.5673527854252662,0,0,2.5673527854252662
13307,2.5673527854252662,0,0,2.5673527854252662
13308,2.5673527854252662,0,0,2.5673527854252662
13309,2.5673895668931532,0,0,2.5673895668931532
13310,2.5673895668931532,0,0,2.5673895668931532
13311,2.343366689488209,0,0,2.343366689488209
13312,2.3433666894882115,0,0,2.3433666894882115
13313,0.8668174379146752,0,0,0.8668174379146752
13314,0.8668174379146752,0,0,0.8668174379146752
13315,0.8668174379146752,0,0,0.8668174379146752
13316,0.8668174379146752,0,0,0.8668174379146752
13317,0.8668174379146625,0,0,0.8668174379146625
13318,0.8665704560805271,0,0,0.8665704560805271
13319,0.8665704560805271,0,0,0.8665704560805271
13320,0.8665704560805271,0,0,0.8665704560805271
13321,0.8665704560805271,0,0,0.8665704560805271
13322,0.8665704560805271,0,0,0.8665704560805271
13323,0.8109749222714325,0,0,0.8109749222714325
13324,0.8223637039299515,0,0,0.8223637039299515
13325,0.7510948601932865,0,0,0.7510948601932865
13326,0.16923301152258063,0,0,0.16923301152258063
13327,0.1685383630906614,0,0,0.1685383630906614
13328,0.1685383630906614,0,0,0.1685383630906614
13329,0.16853836309072726,0,0,0.16853836309072726
13330,0.16853836309072726,0,0,0.16853836309072726
13331,0.16853836309072726,0,0,0.16853836309072726
13332,0.16853836309072726,0,0,0.16853836309072726
13333,0.16853836309072726,0,0,0.16853836309072726
13334,0.16853836309072726,0,0,0.16853836309072726
13335,0.46322415731937483,0,0,0.46322415731937483
13336,0.46322415731937483,0,0,0.46322415731937483
13337,0.26597574337395957,0,0,0.26597574337395957
13338,0.26597574337395957,0,0,0.26597574337395957
13339,0.26597574337395957,0,0,0.26597574337395957
13340,0.26662886214021303,0,0,0.26662886214021303
13341,0.26662886214025466,0,0,0.26662886214025466
13342,0.26662886214025466,0,0,0.26662886214025466
13343,0.26662886214025466,0,0,0.26662886214025466
13344,0.26662886214021303,0,0,0.26662886214021303
13345,0.266216487949215,0,0,0.266216487949215
13346,0.43370636070587854,0,0,0.43370636070587854
13347,0.4577985118829657,0,0,0.4577985118829657
13348,0.4577985118829657,0,0,0.4577985118829657
13349,0.4027201991090383,0,0,0.4027201991090383
13350,0.28573933752487174,0,0,0.28573933752487174
13351,0.2853316427410802,0,0,0.2853316427410802
13352,0.2853316427410802,0,0,0.2853316427410802
13353,0.2853316427410802,0,0,0.2853316427410802
13354,0.2853316427410802,0,0,0.2853316427410802
13355,0.2853316427410802,0,0,0.2853316427410802
13356,0.2853316427410802,0,0,0.2853316427410802
13357,0.2853316427410802,0,0,0.2853316427410802
13358,0.2853316427410802,0,0,0.2853316427410802
13359,0.5359216192979357,0,0,0.5359216192979357
13360,0.5359216192979357,0,0,0.5359216192979357
13361,0.49210819163499125,0,0,0.49210819163499125
13362,0.49210819163499125,0,0,0.49210819163499125
13363,0.49210819163499125,0,0,0.49210819163499125
13364,0.49210819163499125,0,0,0.49210819163499125
13365,0.49210819163499125,0,0,0.49210819163499125
13366,0.49210819163499125,0,0,0.49210819163499125
13367,0.49210819163499125,0,0,0.49210819163499125
13368,0.49210819163499125,0,0,0.49210819163499125
13369,0.49210819163499125,0,0,0.49210819163499125
13370,0.4923046478714713,0,0,0.4923046478714713
13371,0.6785375434195638,0,0,0.6785375434195638
13372,0.6785375434195638,0,0,0.6785375434195638
13373,0.706936356428122,0,0,0.706936356428122
13374,0.706936356428122,0,0,0.706936356428122
13375,0.706936356428122,0,0,0.706936356428122
13376,0.706936356428122,0,0,0.706936356428122
13377,0.706936356428122,0,0,0.706936356428122
13378,0.7071019853683864,0,0,0.7071019853683864
13379,0.7071019853683864,0,0,0.7071019853683864
13380,0.7071019853683864,0,0,0.7071019853683864
13381,0.7071019853683864,0,0,0.7071019853683864
13382,0.7071019853684021,0,0,0.7071019853684021
13383,2.0250812591535245,0,0,2.0250812591535245
13384,2.0250812591535245,0,0,2.0250812591535245
13385,2.423869506133654,0,0,2.423869506133654
13386,3.659671079564158,0,0,3.659671079564158
13387,3.659671079564158,0,0,3.659671079564158
13388,3.659671079564158,0,0,3.659671079564158
13389,3.659671079564158,0,0,3.659671079564158
13390,3.6596453880762847,0,0,3.6596453880762847
13391,3.6596453880762847,0,0,3.6596453880762847
13392,3.659645388076286,0,0,3.659645388076286
13393,3.659645388076286,0,0,3.659645388076286
13394,3.659645388076286,0,0,3.659645388076286
13395,4.320830789281446,0,0,4.320830789281446
13396,4.320830789281446,0,0,4.320830789281446
13397,3.582491688277743,0,0,3.582491688277743
13398,3.582491688277743,0,0,3.582491688277743
13399,4.956195197190977,0,0,4.956195197190977
13400,4.956195197190977,0,0,4.956195197190977
13401,4.956195197190977,0,0,4.956195197190977
13402,4.956195197190977,0,0,4.956195197190977
13403,5.46263219356784,0,0,5.46263219356784
13404,5.46263219356784,0,0,5.46263219356784
13405,5.462335469926368,0,0,5.462335469926368
13406,5.462335469926368,0,0,5.462335469926368
13407,5.316526070338191,0,0,5.316526070338191
13408,4.837986870937627,0,0,4.837986870937627
13409,4.953345061745193,0,0,4.953345061745193
13410,5.0765464991289715,0,0,5.0765464991289715
13411,5.076546499128973,0,0,5.076546499128973
13412,5.076546499128973,0,0,5.076546499128973
13413,5.076678524686292,0,0,5.076678524686292
13414,5.076678524686292,0,0,5.076678524686292
13415,5.076678524686292,0,0,5.076678524686292
13416,5.076678524686292,0,0,5.076678524686292
13417,5.076678524686292,0,0,5.076678524686292
13418,5.076678524686292,0,0,5.076678524686292
13419,5.076329768569479,0,0,5.076329768569479
13420,5.076200043290873,0,0,5.076200043290873
13421,3.332258482482838,0,0,3.332258482482838
13422,3.33225848248284,0,0,3.33225848248284
13423,0.8668174379146752,0,0,0.8668174379146752
13424,0.8668174379146752,0,0,0.8668174379146752
13425,0.8668174379146752,0,0,0.8668174379146752
13426,0.8668174379146752,0,0,0.8668174379146752
13427,0.8668174379146625,0,0,0.8668174379146625
13428,0.8665704560805271,0,0,0.8665704560805271
13429,0.8665704560805271,0,0,0.8665704560805271
13430,0.8665704560805271,0,0,0.8665704560805271
13431,0.8665704560805271,0,0,0.8665704560805271
13432,0.8665704560805271,0,0,0.8665704560805271
13433,0.8109749222714325,0,0,0.8109749222714325
13434,0.8223637039299515,0,0,0.8223637039299515
13435,0.7510948601932865,0,0,0.7510948601932865
13436,0.4769482584068133,0,0,0.4769482584068133
13437,0.4769482584068133,0,0,0.4769482584068133
13438,0.4769482584068133,0,0,0.4769482584068133
13439,0.4769482584068366,0,0,0.4769482584068366
13440,0.47694825840685984,0,0,0.47694825840685984
13441,0.47694825840685984,0,0,0.47694825840685984
13442,0.47694825840685984,0,0,0.47694825840685984
13443,0.47694825840685984,0,0,0.47694825840685984
13444,0.4771245286889383,0,0,0.4771245286889383
13445,0.443339938272833,0,0,0.443339938272833
13446,0.443339938272833,0,0,0.443339938272833
13447,0.26597574337395957,0,0,0.26597574337395957
13448,0.24495315210628266,0,0,0.24495315210628266
13449,0.24421812872413057,0,0,0.24421812872413057
13450,0.24421812872413057,0,0,0.24421812872413057
13451,0.24421812872417603,0,0,0.24421812872417603
13452,0.24421812872417603,0,0,0.24421812872417603
13453,0.24421812872417603,0,0,0.24421812872417603
13454,0.24421812872417603,0,0,0.24421812872417603
13455,0.24451028295316574,0,0,0.24451028295316574
13456,0.5774774078281252,0,0,0.5774774078281252
13457,0.613875264329046,0,0,0.613875264329046
13458,0.613875264329046,0,0,0.613875264329046
13459,0.6731561650310547,0,0,0.6731561650310547
13460,0.6731561650310547,0,0,0.6731561650310547
13461,0.6730044248991922,0,0,0.6730044248991922
13462,1.1670304020349425,0,0,1.1670304020349425
13463,1.1673352764398328,0,0,1.1673352764398328
13464,1.1673352764398328,0,0,1.1673352764398328
13465,1.1673352764398328,0,0,1.1673352764398328
13466,1.1673352764398328,0,0,1.1673352764398328
13467,1.1673352764398328,0,0,1.1673352764398328
13468,1.1679059021566436,0,0,1.1679059021566436
13469,1.0886460468624604,0,0,1.0886460468624604
13470,1.0886460468624604,0,0,1.0886460468624604
13471,1.1946829084152149,0,0,1.1946829084152149
13472,1.1946829084152149,0,0,1.1946829084152149
13473,1.1946829084152149,0,0,1.1946829084152149
13474,1.1946829084152242,0,0,1.1946829084152242
13475,1.1946829084152333,0,0,1.1946829084152333
13476,1.1946829084152333,0,0,1.1946829084152333
13477,1.1946829084152333,0,0,1.1946829084152333
13478,1.1946829084152333,0,0,1.1946829084152333
13479,1.1952327880873896,0,0,1.1952327880873896
13480,1.2012254569452303,0,0,1.2012254569452303
13481,1.155706355028438,0,0,1.155706355028438
13482,1.155706355028438,0,0,1.155706355028438
13483,1.2787412399713118,0,0,1.2787412399713118
13484,1.188570370527562,0,0,1.188570370527562
13485,1.188570370527562,0,0,1.188570370527562
13486,1.188570370527562,0,0,1.188570370527562
13487,1.188570370527562,0,0,1.188570370527562
13488,1.1885703705275807,0,0,1.1885703705275807
13489,1.1885703705275807,0,0,1.1885703705275807
13490,1.1885703705275807,0,0,1.1885703705275807
13491,1.1883758219532214,0,0,1.1883758219532214
13492,2.8958075233739606,0,0,2.8958075233739606
13493,3.370608674397624,0,0,3.370608674397624
13494,3.3706957914456823,0,0,3.3706957914456823
13495,3.6856272831005024,0,0,3.6856272831005024
13496,3.6857849911219547,0,0,3.6857849911219547
13497,3.685784991121958,0,0,3.685784991121958
13498,3.685784991121958,0,0,3.685784991121958
13499,3.685784991121958,0,0,3.685784991121958
13500,3.685784991121958,0,0,3.685784991121958
13501,3.685784991121958,0,0,3.685784991121958
13502,3.6860760231144876,0,0,3.6860760231144876
13503,3.633128797091213,0,0,3.633128797091213
13504,4.405925072222353,0,0,4.405925072222353
13505,4.40552448627104,0,0,4.40552448627104
13506,4.373558497233294,0,0,4.373558497233294
13507,4.329918756790024,0,0,4.329918756790024
13508,4.329918756790024,0,0,4.329918756790024
13509,4.329918756790026,0,0,4.329918756790026
13510,4.329918756790024,0,0,4.329918756790024
13511,4.329750170932781,0,0,4.329750170932781
13512,4.24594546486762,0,0,4.24594546486762
13513,4.24594546486762,0,0,4.24594546486762
13514,4.6936492997149895,0,0,4.6936492997149895
13515,4.7501286997005785,0,0,4.7501286997005785
13516,4.7501286997005785,0,0,4.7501286997005785
13517,4.707679932053809,0,0,4.707679932053809
13518,4.707679932053809,0,0,4.707679932053809
13519,3.2379535648628557,0,0,3.2379535648628557
13520,2.643029862478876,0,0,2.643029862478876
13521,2.437057412416039,0,0,2.437057412416039
13522,1.5937300412166593,0,0,1.5937300412166593
13523,1.5937300412166593,0,0,1.5937300412166593
13524,1.5937300412166593,0,0,1.5937300412166593
13525,1.5935871612974677,0,0,1.5935871612974677
13526,1.7538393948934885,0,0,1.7538393948934885
13527,1.753839394893479,0,0,1.753839394893479
13528,1.753839394893479,0,0,1.753839394893479
13529,1.753839394893479,0,0,1.753839394893479
13530,1.753839394893479,0,0,1.753839394893479
13531,1.8617070917483072,0,0,1.8617070917483072
13532,1.8617070917483072,0,0,1.8617070917483072
13533,1.8605682992821075,0,0,1.8605682992821075
13534,1.8605091127236355,0,0,1.8605091127236355
13535,1.8605091127236355,0,0,1.8605091127236355
13536,1.8605091127236355,0,0,1.8605091127236355
13537,1.8605091127236355,0,0,1.8605091127236355
13538,1.7026777428906923,0,0,1.7026777428906923
13539,1.7026777428906859,0,0,1.7026777428906859
13540,1.7026777428906923,0,0,1.7026777428906923
13541,1.702361559565326,0,0,1.702361559565326
13542,1.8161840198667945,0,0,1.8161840198667945
13543,1.8161840198667945,0,0,1.8161840198667945
13544,1.8161840198667945,0,0,1.8161840198667945
13545,1.8161840198667945,0,0,1.8161840198667945
13546,1.8161840198667945,0,0,1.8161840198667945
13547,1.8161840198667945,0,0,1.8161840198667945
13548,1.8161840198667945,0,0,1.8161840198667945
13549,1.8161840198667945,0,0,1.8161840198667945
13550,2.6353241566802694,0,0,2.6353241566802694
13551,2.6353241566802694,0,0,2.6353241566802694
13552,2.6350673049448066,0,0,2.6350673049448066
13553,2.1023319069345527,0,0,2.1023319069345527
13554,2.1023319069345527,0,0,2.1023319069345527
13555,2.1023319069345527,0,0,2.1023319069345527
13556,2.1023319069345527,0,0,2.1023319069345527
13557,2.1023319069345527,0,0,2.1023319069345527
13558,2.102331906934548,0,0,2.102331906934548
13559,2.199029992801646,0,0,2.199029992801646
13560,2.199029992801646,0,0,2.199029992801646
13561,2.199029992801649,0,0,2.199029992801649
13562,2.1086917200017576,0,0,2.1086917200017576
13563,2.1086917200017576,0,0,2.1086917200017576
13564,1.4299423385983316,0,0,1.4299423385983316
13565,1.4299423385983316,0,0,1.4299423385983316
13566,1.4299423385983316,0,0,1.4299423385983316
13567,1.4299423385983316,0,0,1.4299423385983316
13568,1.4299423385983316,0,0,1.4299423385983316
13569,1.4299423385983316,0,0,1.4299423385983316
13570,1.4299423385983316,0,0,1.4299423385983316
13571,2.1643478880737943,0,0,2.1643478880737943
13572,2.164347888073799,0,0,2.164347888073799
13573,2.164347888073799,0,0,2.164347888073799
13574,2.164347888073799,0,0,2.164347888073799
13575,2.164347888073799,0,0,2.164347888073799
13576,1.9799074380181427,0,0,1.9799074380181427
13577,1.9799074380181427,0,0,1.9799074380181427
13578,1.979813252800169,0,0,1.979813252800169
13579,1.8500876036708003,0,0,1.8500876036708003
13580,1.8500876036708003,0,0,1.8500876036708003
13581,1.8500876036708003,0,0,1.8500876036708003
13582,1.8500876036708003,0,0,1.8500876036708003
13583,1.7547885782148762,0,0,1.7547885782148762
13584,1.7547885782148762,0,0,1.7547885782148762
13585,1.7547885782148762,0,0,1.7547885782148762
13586,1.7547885782148793,0,0,1.7547885782148793
13587,1.7547885782148793,0,0,1.7547885782148793
13588,1.558335493776591,0,0,1.558335493776591
13589,1.558335493776591,0,0,1.558335493776591
13590,1.558335493776591,0,0,1.558335493776591
13591,1.5583354937765945,0,0,1.5583354937765945
13592,2.254541405985867,0,0,2.254541405985867
13593,2.402454770972933,0,0,2.402454770972933
13594,3.0412135897323265,0,0,3.0412135897323265
13595,3.9748524424149307,0,0,3.9748524424149307
13596,3.974852442414928,0,0,3.974852442414928
13597,3.974852442414928,0,0,3.974852442414928
13598,3.974852442414928,0,0,3.974852442414928
13599,3.9748524424149307,0,0,3.9748524424149307
13600,3.1958766259501425,0,0,3.1958766259501425
13601,3.1958766259501443,0,0,3.1958766259501443
13602,3.1958766259501443,0,0,3.1958766259501443
13603,2.84451588009002,0,0,2.84451588009002
13604,2.84451588009002,0,0,2.84451588009002
13605,2.84451588009002,0,0,2.84451588009002
13606,2.84451588009002,0,0,2.84451588009002
13607,3.0556557610102373,0,0,3.0556557610102373
13608,4.460807763388066,0,0,4.460807763388066
13609,4.460807763388066,0,0,4.460807763388066
13610,4.460807763388066,0,0,4.460807763388066
13611,4.460807763388066,0,0,4.460807763388066
13612,3.0739018148674213,0,0,3.0739018148674213
13613,3.073901814867423,0,0,3.073901814867423
13614,3.073901814867423,0,0,3.073901814867423
13615,3.073901814867423,0,0,3.073901814867423
13616,3.073684981494879,0,0,3.073684981494879
13617,3.073684981494879,0,0,3.073684981494879
13618,3.073684981494879,0,0,3.073684981494879
13619,3.0736849814948823,0,0,3.0736849814948823
13620,4.460167855768443,0,0,4.460167855768443
13621,5.035912267591573,0,0,5.035912267591573
13622,5.035912267591573,0,0,5.035912267591573
13623,5.035912267591573,0,0,5.035912267591573
13624,5.035912267591573,0,0,5.035912267591573
13625,5.590949394486648,0,1,5.590949394486648
13626,5.590949394486648,0,1,5.590949394486648
13627,5.174473699607591,0,0,5.174473699607591
13628,5.174473699607591,0,0,5.174473699607591
13629,5.174473699607591,0,0,5.174473699607591
13630,5.174473699607591,0,0,5.174473699607591
13631,5.332057401658621,0,0,5.332057401658621
13632,5.249890293853187,0,0,5.249890293853187
13633,4.465830754213637,0,0,4.465830754213637
13634,4.465830754213637,0,0,4.465830754213637
13635,4.465830754213639,0,0,4.465830754213639
13636,4.465830754213639,0,0,4.465830754213639
13637,4.465852573492416,0,0,4.465852573492416
13638,4.465852573492416,0,0,4.465852573492416
13639,4.465852573492417,0,0,4.465852573492417
13640,4.46613449967183,0,0,4.46613449967183
13641,4.46613449967183,0,0,4.46613449967183
13642,4.46613449967183,0,0,4.46613449967183
13643,5.108861472651888,0,0,5.108861472651888
13644,5.108861472651888,0,0,5.108861472651888
13645,5.124371904660848,0,0,5.124371904660848
13646,3.6856272831005024,0,0,3.6856272831005024
13647,3.6857849911219547,0,0,3.6857849911219547
13648,3.685784991121958,0,0,3.685784991121958
13649,3.685784991121958,0,0,3.685784991121958
13650,3.685784991121958,0,0,3.685784991121958
13651,3.685784991121958,0,0,3.685784991121958
13652,3.685784991121958,0,0,3.685784991121958
13653,3.6860760231144876,0,0,3.6860760231144876
13654,3.633128797091213,0,0,3.633128797091213
13655,4.405925072222353,0,0,4.405925072222353
13656,4.40552448627104,0,0,4.40552448627104
13657,4.373558497233294,0,0,4.373558497233294
13658,4.672354020081188,0,0,4.672354020081188
13659,4.672354020081188,0,0,4.672354020081188
13660,4.672354020081191,0,0,4.672354020081191
13661,4.672354020081191,0,0,4.672354020081191
13662,4.680997777668606,0,0,4.680997777668606
13663,4.587661500857818,0,0,4.587661500857818
13664,4.587661500857818,0,0,4.587661500857818
13665,5.032204786054724,0,0,5.032204786054724
13666,5.032204786054724,0,0,5.032204786054724
13667,5.032204786054724,0,0,5.032204786054724
13668,5.032204786054724,0,0,5.032204786054724
13669,5.032204786054724,0,0,5.032204786054724
13670,5.6369416503721,0,1,5.6369416503721
13671,5.633906452431438,0,1,5.633906452431438
13672,5.633906452431439,0,1,5.633906452431439
13673,5.633906452431439,0,1,5.633906452431439
13674,5.634086677595202,0,1,5.634086677595202
13675,4.675031410207293,0,0,4.675031410207293
13676,4.675031410207295,0,0,4.675031410207295
13677,4.675031410207295,0,0,4.675031410207295
13678,4.680314842994037,0,0,4.680314842994037
13679,5.309274265732651,0,0,5.309274265732651
13680,5.309274265732651,0,0,5.309274265732651
13681,5.309274265732652,0,0,5.309274265732652
13682,5.789416045339642,0,1,5.789416045339642
13683,5.789416045339642,0,1,5.789416045339642
13684,5.789416045339642,0,1,5.789416045339642
13685,5.789416045339642,0,1,5.789416045339642
13686,5.789416045339641,0,1,5.789416045339641
13687,5.725541395757848,0,1,5.725541395757848
13688,5.622097716795288,0,1,5.622097716795288
13689,5.4163174775223375,0,0,5.4163174775223375
13690,5.414417339665353,0,0,5.414417339665353
13691,5.414417339665353,0,0,5.414417339665353
13692,5.414417339665353,0,0,5.414417339665353
13693,4.3790332302240165,0,0,4.3790332302240165
13694,4.379033230224021,0,0,4.379033230224021
13695,4.379054953155166,0,0,4.379054953155166
13696,4.601042372520544,0,0,4.601042372520544
13697,4.5628207168409265,0,0,4.5628207168409265
13698,4.5628207168409265,0,0,4.5628207168409265
13699,4.5628207168409265,0,0,4.5628207168409265
13700,4.5628207168409265,0,0,4.5628207168409265
13701,4.594892609257348,0,0,4.594892609257348
13702,4.59489260925735,0,0,4.59489260925735
13703,4.594952842159753,0,0,4.594952842159753
13704,5.087784125300766,0,0,5.087784125300766
13705,4.152630070948517,0,0,4.152630070948517
13706,4.152587134743856,0,0,4.152587134743856
13707,4.15254418743915,0,0,4.15254418743915
13708,5.331762052109041,0,0,5.331762052109041
13709,5.33944639714359,0,0,5.33944639714359
13710,5.33944639714359,0,0,5.33944639714359
13711,5.33944639714359,0,0,5.33944639714359
13712,5.3219414403718135,0,0,5.3219414403718135
13713,5.3237564766415,0,0,5.3237564766415
13714,5.303555219951198,0,0,5.303555219951198
13715,5.303555219951198,0,0,5.303555219951198
13716,5.367539229978743,0,0,5.367539229978743
13717,5.378266773984853,0,0,5.378266773984853
13718,5.378266773984855,0,0,5.378266773984855
13719,5.378266773984855,0,0,5.378266773984855
13720,5.207118118964715,0,0,5.207118118964715
13721,5.207296221654532,0,0,5.207296221654532
13722,5.207298607513189,0,0,5.207298607513189
13723,5.2073812371077155,0,0,5.2073812371077155
13724,5.207543873152401,0,0,5.207543873152401
13725,5.207450622603644,0,0,5.207450622603644
13726,5.207450622603644,0,0,5.207450622603644
13727,5.207651296298315,0,0,5.207651296298315
13728,5.205999633530489,0,0,5.205999633530489
13729,5.205912284629383,0,0,5.205912284629383
13730,5.33478640457268,0,0,5.33478640457268
13731,5.33478640457268,0,0,5.33478640457268
13732,5.014854010746533,0,0,5.014854010746533
13733,5.014854010746533,0,0,5.014854010746533
13734,5.014854010746533,0,0,5.014854010746533
13735,5.014854010746533,0,0,5.014854010746533
13736,5.086413680574895,0,0,5.086413680574895
13737,5.08657151582967,0,0,5.08657151582967
13738,5.08657151582967,0,0,5.08657151582967
13739,4.683945249477474,0,0,4.683945249477474
13740,4.129304061815637,0,0,4.129304061815637
13741,4.129155857496577,0,0,4.129155857496577
13742,4.129155857496577,0,0,4.129155857496577
13743,3.623040691143616,0,0,3.623040691143616
13744,3.623040691143613,0,0,3.623040691143613
13745,3.623040691143613,0,0,3.623040691143613
13746,3.6230406911436175,0,0,3.6230406911436175
13747,3.6230406911436175,0,0,3.6230406911436175
13748,2.9372052290913224,0,0,2.9372052290913224
13749,2.9372052290913264,0,0,2.9372052290913264
13750,4.687563791111773,0,0,4.687563791111773
13751,4.599725188618263,0,0,4.599725188618263
13752,4.599725188618263,0,0,4.599725188618263
13753,4.599725188618263,0,0,4.599725188618263
13754,4.537081965022828,0,0,4.537081965022828
13755,4.537249547151447,0,0,4.537249547151447
13756,4.53724954715145,0,0,4.53724954715145
13757,4.53724954715145,0,0,4.53724954715145
13758,3.7743218015666122,0,0,3.7743218015666122
13759,3.565818459909153,0,0,3.565818459909153
13760,3.0186191308048578,0,0,3.0186191308048578
13761,3.0175816219452822,0,0,3.0175816219452822
13762,4.495265396464936,0,0,4.495265396464936
13763,4.495265396464938,0,0,4.495265396464938
13764,4.495265396464938,0,0,4.495265396464938
13765,4.875345624923242,0,0,4.875345624923242
13766,4.8299924434217125,0,0,4.8299924434217125
13767,4.8299924434217125,0,0,4.8299924434217125
13768,4.8299924434217125,0,0,4.8299924434217125
13769,4.8299924434217125,0,0,4.8299924434217125
13770,4.3386452813329335,0,0,4.3386452813329335
13771,4.3386452813329335,0,0,4.3386452813329335
13772,4.338819910028952,0,0,4.338819910028952
13773,4.529821169540818,0,0,4.529821169540818
13774,4.529821169540818,0,0,4.529821169540818
13775,4.529821169540818,0,0,4.529821169540818
13776,4.252924384621431,0,0,4.252924384621431
13777,4.252924384621431,0,0,4.252924384621431
13778,4.200491279386923,0,0,4.200491279386923
13779,4.200491279386926,0,0,4.200491279386926
13780,2.437057412416039,0,0,2.437057412416039
13781,1.895131346711121,0,0,1.895131346711121
13782,1.895131346711127,0,0,1.895131346711127
13783,3.5762489214934754,0,0,3.5762489214934754
13784,3.576617281564552,0,0,3.576617281564552
13785,4.090601657778154,0,0,4.090601657778154
13786,4.09751415758464,0,0,4.09751415758464
13787,4.40836138365458,0,0,4.40836138365458
13788,4.408595486933938,0,0,4.408595486933938
13789,4.408595486933938,0,0,4.408595486933938
13790,3.927752542817679,0,0,3.927752542817679
13791,3.9279827171011004,0,0,3.9279827171011004
13792,3.9279827171011004,0,0,3.9279827171011004
13793,3.9279827171011004,0,0,3.9279827171011004
13794,3.9279827171011004,0,0,3.9279827171011004
13795,3.927982717101103,0,0,3.927982717101103
13796,3.927982717101103,0,0,3.927982717101103
13797,3.927982717101103,0,0,3.927982717101103
13798,4.334321540332905,0,0,4.334321540332905
13799,4.334321540332905,0,0,4.334321540332905
13800,4.334321540332905,0,0,4.334321540332905
13801,4.60935533145595,0,0,4.60935533145595
13802,4.60935533145595,0,0,4.60935533145595
13803,4.60935533145595,0,0,4.60935533145595
13804,4.60935533145595,0,0,4.60935533145595
13805,4.609355331455952,0,0,4.609355331455952
13806,4.609355331455952,0,0,4.609355331455952
13807,4.609355331455952,0,0,4.609355331455952
13808,4.760939357339814,0,0,4.760939357339814
13809,4.543043124445443,0,0,4.543043124445443
13810,4.543043124445443,0,0,4.543043124445443
13811,4.542945695637407,0,0,4.542945695637407
13812,4.700274154221245,0,0,4.700274154221245
13813,4.700373165421056,0,0,4.700373165421056
13814,4.61712113399663,0,0,4.61712113399663
13815,4.61769441262775,0,0,4.61769441262775
13816,4.61769441262775,0,0,4.61769441262775
13817,4.6181652029678135,0,0,4.6181652029678135
13818,4.617988459709444,0,0,4.617988459709444
13819,4.617988459709444,0,0,4.617988459709444
13820,5.796046361939686,0,1,5.796046361939686
13821,5.797088082133994,0,1,5.797088082133994
13822,5.796523139610963,0,1,5.796523139610963
13823,5.623848313775725,0,1,5.623848313775725
13824,5.623848313775725,0,1,5.623848313775725
13825,6.164612467983508,0,1,6.164612467983508
13826,6.164612467983508,0,1,6.164612467983508
13827,6.164612467983508,0,1,6.164612467983508
13828,6.080175038035313,0,1,6.080175038035313
13829,6.080175038035313,0,1,6.080175038035313
13830,6.080175038035313,0,1,6.080175038035313
13831,6.165118973313175,0,1,6.165118973313175
13832,6.165118973313173,0,1,6.165118973313173
13833,5.8626117846874415,0,1,5.8626117846874415
13834,5.862611784687443,0,1,5.862611784687443
13835,5.862611784687443,0,1,5.862611784687443
13836,5.24144586239709,0,0,5.24144586239709
13837,5.152577857285842,0,0,5.152577857285842
13838,5.1523764720401335,0,0,5.1523764720401335
13839,4.781999370099244,0,0,4.781999370099244
13840,5.777269408599126,0,1,5.777269408599126
13841,5.777181023362714,0,1,5.777181023362714
13842,5.777181023362714,0,1,5.777181023362714
13843,5.777181023362712,0,1,5.777181023362712
13844,6.028204417102357,0,1,6.028204417102357
13845,6.028204417102357,0,1,6.028204417102357
13846,6.028204417102357,0,1,6.028204417102357
13847,6.028204417102357,0,1,6.028204417102357
13848,6.003541196980237,0,1,6.003541196980237
13849,6.096539898966617,0,1,6.096539898966617
13850,6.01991814518392,0,1,6.01991814518392
13851,6.01991814518392,0,1,6.01991814518392
13852,6.01991814518392,0,1,6.01991814518392
13853,5.429238424921755,0,0,5.429238424921755
13854,5.429238424921755,0,0,5.429238424921755
13855,5.425481007284878,0,0,5.425481007284878
13856,5.42616052291567,0,0,5.42616052291567
13857,5.821017562607349,0,1,5.821017562607349
13858,5.75685702723134,0,1,5.75685702723134
13859,5.330667160784555,0,0,5.330667160784555
13860,5.694623917733833,0,1,5.694623917733833
13861,5.728635035549166,0,1,5.728635035549166
13862,5.7887347273356715,0,1,5.7887347273356715
13863,5.788531030020571,0,1,5.788531030020571
13864,4.980290856607343,0,0,4.980290856607343
13865,4.9806393029743505,0,0,4.9806393029743505
13866,5.841927706297307,0,1,5.841927706297307
13867,5.965111712024168,0,1,5.965111712024168
13868,5.965111712024168,0,1,5.965111712024168
13869,5.592155281405144,0,1,5.592155281405144
13870,5.592155281405144,0,1,5.592155281405144
13871,6.059399245181786,0,1,6.059399245181786
13872,6.145969201196519,0,1,6.145969201196519
13873,6.145969201196517,0,1,6.145969201196517
13874,6.086293048393993,0,1,6.086293048393993
13875,5.562198045529693,0,0,5.562198045529693
13876,5.562198045529693,0,0,5.562198045529693
13877,5.088991552599348,0,0,5.088991552599348
13878,5.08849382252142,0,0,5.08849382252142
13879,5.5691049907259425,0,1,5.5691049907259425
13880,5.5691049907259425,0,1,5.5691049907259425
13881,4.7790498107762565,0,0,4.7790498107762565
13882,4.779049810776257,0,0,4.779049810776257
13883,4.874104330506316,0,0,4.874104330506316
13884,5.348425159515432,0,0,5.348425159515432
13885,5.348425159515432,0,0,5.348425159515432
13886,4.95089099771761,0,0,4.95089099771761
13887,4.95089099771761,0,0,4.95089099771761
13888,5.688012227479265,0,1,5.688012227479265
13889,5.688012227479265,0,1,5.688012227479265
13890,5.341061444803242,0,0,5.341061444803242
13891,5.373111113897551,0,0,5.373111113897551
13892,5.512076979815021,0,0,5.512076979815021
13893,5.611287606069184,0,1,5.611287606069184
13894,5.500688202826367,0,0,5.500688202826367
13895,5.500688202826367,0,0,5.500688202826367
13896,5.500688202826367,0,0,5.500688202826367
13897,5.500688202826367,0,0,5.500688202826367
13898,5.127012319214091,0,0,5.127012319214091
13899,5.061200799949919,0,0,5.061200799949919
13900,5.061200799949919,0,0,5.061200799949919
13901,5.061200799949919,0,0,5.061200799949919
13902,5.343017988943175,0,0,5.343017988943175
13903,5.72046976569021,0,1,5.72046976569021
13904,5.72046976569021,0,1,5.72046976569021
13905,5.72046976569021,0,1,5.72046976569021
13906,5.720469765690209,0,1,5.720469765690209
13907,5.288015886879132,0,0,5.288015886879132
13908,5.288115806370383,0,0,5.288115806370383
13909,5.288115806370384,0,0,5.288115806370384
13910,5.28801588687913,0,0,5.28801588687913
13911,5.28801588687913,0,0,5.28801588687913
13912,5.288115806370384,0,0,5.288115806370384
13913,5.682509181266351,0,1,5.682509181266351
13914,5.682453761212354,0,1,5.682453761212354
13915,5.682397803561235,0,1,5.682397803561235
13916,4.888977859483168,0,0,4.888977859483168
13917,5.917319696384422,0,1,5.917319696384422
13918,5.917319696384422,0,1,5.917319696384422
13919,5.960089355055788,0,1,5.960089355055788
13920,5.960089355055789,0,1,5.960089355055789
13921,5.864600253298034,0,1,5.864600253298034
13922,5.879418041746264,0,1,5.879418041746264
13923,5.879418041746264,0,1,5.879418041746264
13924,5.796067525237633,0,1,5.796067525237633
13925,5.796067525237633,0,1,5.796067525237633
13926,5.796067525237633,0,1,5.796067525237633
13927,5.796067525237633,0,1,5.796067525237633
13928,5.879418041746264,0,1,5.879418041746264
13929,5.002608109761397,0,0,5.002608109761397
13930,4.487781425686386,0,0,4.487781425686386
13931,4.487781425686383,0,0,4.487781425686383
13932,4.48778142568638,0,0,4.48778142568638
13933,4.48778142568638,0,0,4.48778142568638
13934,3.1269065386402155,0,0,3.1269065386402155
13935,3.1269065386402155,0,0,3.1269065386402155
13936,3.1269065386402155,0,0,3.1269065386402155
13937,3.126906538640219,0,0,3.126906538640219
13938,3.126906538640219,0,0,3.126906538640219
13939,3.126906538640219,0,0,3.126906538640219
13940,2.7473364389958714,0,0,2.7473364389958714
13941,2.6493860668822125,0,0,2.6493860668822125
13942,2.0785527803172834,0,0,2.0785527803172834
13943,0.9660444931399871,0,0,0.9660444931399871
13944,0.9756135848252554,0,0,0.9756135848252554
13945,0.9756135848252554,0,0,0.9756135848252554
13946,0.9756135848252554,0,0,0.9756135848252554
13947,0.9756135848252554,0,0,0.9756135848252554
13948,0.9756135848252554,0,0,0.9756135848252554
13949,0.9756135848252554,0,0,0.9756135848252554
13950,0.9756135848252782,0,0,0.9756135848252782
13951,0.9674776085017969,0,0,0.9674776085017969
13952,0.9674776085017969,0,0,0.9674776085017969
13953,1.0957311000605747,0,0,1.0957311000605747
13954,0.7287480654885493,0,0,0.7287480654885493
13955,0.7287480654885493,0,0,0.7287480654885493
13956,1.2365233058577718,0,0,1.2365233058577718
13957,1.2365233058577718,0,0,1.2365233058577718
13958,1.2363528566412432,0,0,1.2363528566412432
13959,1.2363528566412432,0,0,1.2363528566412432
13960,1.2363528566412432,0,0,1.2363528566412432
13961,1.2363528566412432,0,0,1.2363528566412432
13962,1.2362430291499726,0,0,1.2362430291499726
13963,1.2362430291499635,0,0,1.2362430291499635
13964,1.2362430291499635,0,0,1.2362430291499635
13965,1.2362430291499635,0,0,1.2362430291499635
13966,1.2323193152991847,0,0,1.2323193152991847
13967,1.2446486231828138,0,0,1.2446486231828138
13968,1.2446486231828138,0,0,1.2446486231828138
13969,1.2762743934996517,0,0,1.2762743934996517
13970,1.4212851934111363,0,0,1.4212851934111363
13971,2.050956303142004,0,0,2.050956303142004
13972,2.050956303142004,0,0,2.050956303142004
13973,2.050956303142004,0,0,2.050956303142004
13974,2.050995950911597,0,0,2.050995950911597
13975,2.050995950911597,0,0,2.050995950911597
13976,2.050995950911597,0,0,2.050995950911597
13977,2.050995950911597,0,0,2.050995950911597
13978,2.050995950911597,0,0,2.050995950911597
13979,2.050995950911597,0,0,2.050995950911597
13980,2.2579488876068994,0,0,2.2579488876068994
13981,2.2561250120688676,0,0,2.2561250120688676
13982,3.0567214766179123,0,0,3.0567214766179123
13983,3.0567214766179123,0,0,3.0567214766179123
13984,3.0564046981332913,0,0,3.0564046981332913
13985,3.0564046981332913,0,0,3.0564046981332913
13986,3.0564046981332913,0,0,3.0564046981332913
13987,3.0564046981332913,0,0,3.0564046981332913
13988,3.0560267792448377,0,0,3.0560267792448377
13989,3.056057904807494,0,0,3.056057904807494
13990,3.056057904807494,0,0,3.056057904807494
13991,3.056057904807494,0,0,3.056057904807494
13992,3.056057904807494,0,0,3.056057904807494
13993,3.1860036890029972,0,0,3.1860036890029972
13994,3.1809379794993258,0,0,3.1809379794993258
13995,3.131677726004161,0,0,3.131677726004161
13996,3.1319719120135066,0,0,3.1319719120135066
13997,3.1319719120135066,0,0,3.1319719120135066
13998,3.1319719120135066,0,0,3.1319719120135066
13999,3.1319719120135066,0,0,3.1319719120135066
14000,3.1319719120135066,0,0,3.1319719120135066
14001,3.1314996985541272,0,0,3.1314996985541272
14002,3.1314996985541272,0,0,3.1314996985541272
14003,3.1314996985541272,0,0,3.1314996985541272
14004,3.131499698554131,0,0,3.131499698554131
14005,3.131499698554131,0,0,3.131499698554131
14006,3.5017920694729816,0,0,3.5017920694729816
14007,3.5012870780789127,0,0,3.5012870780789127
14008,3.152624288405107,0,0,3.152624288405107
14009,3.16126826427396,0,0,3.16126826427396
14010,3.161268264273958,0,0,3.161268264273958
14011,3.161268264273958,0,0,3.161268264273958
14012,3.161202686807673,0,0,3.161202686807673
14013,3.161202686807673,0,0,3.161202686807673
14014,3.161202686807673,0,0,3.161202686807673
14015,3.0426570386799177,0,0,3.0426570386799177
14016,3.0426570386799177,0,0,3.0426570386799177
14017,3.1775605139567533,0,0,3.1775605139567533
14018,3.1775605139567533,0,0,3.1775605139567533
14019,2.9715458669372548,0,0,2.9715458669372548
14020,2.1022849614735795,0,0,2.1022849614735795
14021,1.6163459394367192,0,0,1.6163459394367192
14022,1.6163459394367192,0,0,1.6163459394367192
14023,1.6163459394367192,0,0,1.6163459394367192
14024,1.6163994849503953,0,0,1.6163994849503953
14025,1.63087149598678,0,0,1.63087149598678
14026,1.630871495986787,0,0,1.630871495986787
14027,1.630871495986787,0,0,1.630871495986787
14028,1.630871495986787,0,0,1.630871495986787
14029,1.630871495986787,0,0,1.630871495986787
14030,1.630871495986787,0,0,1.630871495986787
14031,1.471297254382837,0,0,1.471297254382837
14032,1.2998958170703336,0,0,1.2998958170703336
14033,1.2998958170703507,0,0,1.2998958170703507
14034,1.2762743934996517,0,0,1.2762743934996517
14035,1.4212851934111363,0,0,1.4212851934111363
14036,1.8616701621115996,0,0,1.8616701621115996
14037,1.8616701621115996,0,0,1.8616701621115996
14038,1.8616701621115936,0,0,1.8616701621115936
14039,1.862301235802969,0,0,1.862301235802969
14040,1.862301235802969,0,0,1.862301235802969
14041,1.862301235802969,0,0,1.862301235802969
14042,1.862301235802969,0,0,1.862301235802969
14043,1.862301235802969,0,0,1.862301235802969
14044,1.862301235802969,0,0,1.862301235802969
14045,2.0998391544965123,0,0,2.0998391544965123
14046,2.09936502020175,0,0,2.09936502020175
14047,2.09936502020175,0,0,2.09936502020175
14048,2.7046715273747464,0,0,2.7046715273747464
14049,2.704671527374744,0,0,2.704671527374744
14050,2.531730638797347,0,0,2.531730638797347
14051,2.5317306387973426,0,0,2.5317306387973426
14052,2.5317306387973426,0,0,2.5317306387973426
14053,2.5317306387973426,0,0,2.5317306387973426
14054,2.5317306387973426,0,0,2.5317306387973426
14055,2.5317306387973426,0,0,2.5317306387973426
14056,2.5317306387973426,0,0,2.5317306387973426
14057,2.5317306387973404,0,0,2.5317306387973404
14058,2.8228392715858197,0,0,2.8228392715858197
14059,2.809973585947284,0,0,2.809973585947284
14060,2.809973585947284,0,0,2.809973585947284
14061,2.408090291886369,0,0,2.408090291886369
14062,2.4082307892540826,0,0,2.4082307892540826
14063,2.4082307892540826,0,0,2.4082307892540826
14064,2.4082307892540826,0,0,2.4082307892540826
14065,2.4082307892540826,0,0,2.4082307892540826
14066,2.408096641100589,0,0,2.408096641100589
14067,2.178998848871643,0,0,2.178998848871643
14068,2.178998848871646,0,0,2.178998848871646
14069,2.173226932253715,0,0,2.173226932253715
14070,2.1731838287865166,0,0,2.1731838287865166
14071,2.342656592725812,0,0,2.342656592725812
14072,2.2479274267307976,0,0,2.2479274267307976
14073,2.2479274267307976,0,0,2.2479274267307976
14074,2.441160416629159,0,0,2.441160416629159
14075,2.385448669446069,0,0,2.385448669446069
14076,2.3854733847626686,0,0,2.3854733847626686
14077,2.3854733847626686,0,0,2.3854733847626686
14078,2.3854733847626686,0,0,2.3854733847626686
14079,2.3854733847626637,0,0,2.3854733847626637
14080,2.3854733847626637,0,0,2.3854733847626637
14081,2.385104434727609,0,0,2.385104434727609
14082,2.385104434727609,0,0,2.385104434727609
14083,2.3853715343793227,0,0,2.3853715343793227
14084,1.6703275540683307,0,0,1.6703275540683307
14085,1.161413953398986,0,0,1.161413953398986
14086,1.161413953398991,0,0,1.161413953398991
14087,1.1614139533990004,0,0,1.1614139533990004
14088,1.043840405809519,0,0,1.043840405809519
14089,1.3753984080522095,0,0,1.3753984080522095
14090,1.0148743611153923,0,0,1.0148743611153923
14091,1.0148743611153923,0,0,1.0148743611153923
14092,1.0148743611153923,0,0,1.0148743611153923
14093,1.0148743611153923,0,0,1.0148743611153923
14094,1.0148743611153923,0,0,1.0148743611153923
14095,1.0148743611153923,0,0,1.0148743611153923
14096,1.014753401932933,0,0,1.014753401932933
14097,1.014753401932933,0,0,1.014753401932933
14098,1.0955957758910162,0,0,1.0955957758910162
14099,1.0955957758910162,0,0,1.0955957758910162
14100,1.0954469028346798,0,0,1.0954469028346798
14101,1.1608982840840838,0,0,1.1608982840840838
14102,1.1608982840840743,0,0,1.1608982840840743
14103,1.1608982840840743,0,0,1.1608982840840743
14104,1.1608982840840743,0,0,1.1608982840840743
14105,1.1608982840840743,0,0,1.1608982840840743
14106,1.1608982840840743,0,0,1.1608982840840743
14107,1.1608982840840791,0,0,1.1608982840840791
14108,1.1608083284002033,0,0,1.1608083284002033
14109,1.1608083284002033,0,0,1.1608083284002033
14110,1.1603803081975697,0,0,1.1603803081975697
14111,1.2359721151830902,0,0,1.2359721151830902
14112,1.233977476911742,0,0,1.233977476911742
14113,1.2355104053894834,0,0,1.2355104053894834
14114,1.446804172929103,0,0,1.446804172929103
14115,1.446804172929103,0,0,1.446804172929103
14116,1.4468105393422768,0,0,1.4468105393422768
14117,1.4468105393422843,0,0,1.4468105393422843
14118,1.4468105393422843,0,0,1.4468105393422843
14119,1.4468105393422843,0,0,1.4468105393422843
14120,1.446812968570306,0,0,1.446812968570306
14121,1.446812968570306,0,0,1.446812968570306
14122,1.446812968570306,0,0,1.446812968570306
14123,1.4468129685703137,0,0,1.4468129685703137
14124,1.4468129685703137,0,0,1.4468129685703137
14125,1.3895137252040974,0,0,1.3895137252040974
14126,1.3904710801385118,0,0,1.3904710801385118
14127,1.8500656820035797,0,0,1.8500656820035797
14128,2.668414143168025,0,0,2.668414143168025
14129,2.6684325830235087,0,0,2.6684325830235087
14130,2.6684325830235087,0,0,2.6684325830235087
14131,2.6684325830235087,0,0,2.6684325830235087
14132,2.6684325830235047,0,0,2.6684325830235047
14133,2.6681522282219476,0,0,2.6681522282219476
14134,2.6681522282219476,0,0,2.6681522282219476
14135,2.6681522282219476,0,0,2.6681522282219476
14136,2.6681668377340206,0,0,2.6681668377340206
14137,2.065434401436307,0,0,2.065434401436307
14138,2.1153160592575673,0,0,2.1153160592575673
14139,1.9236328669820588,0,0,1.9236328669820588
14140,1.9236328669820646,0,0,1.9236328669820646
14141,3.3458300199501405,0,0,3.3458300199501405
14142,3.444749500549743,0,0,3.444749500549743
14143,3.4447495005497464,0,0,3.4447495005497464
14144,3.4447495005497464,0,0,3.4447495005497464
14145,3.4583255701751714,0,0,3.4583255701751714
14146,3.4579212445147594,0,0,3.4579212445147594
14147,3.4579212445147594,0,0,3.4579212445147594
14148,3.4579212445147594,0,0,3.4579212445147594
14149,3.4578701210390173,0,0,3.4578701210390173
14150,3.4574631119232815,0,0,3.4574631119232815
14151,2.9985492968834038,0,0,2.9985492968834038
14152,2.9985492968834038,0,0,2.9985492968834038
14153,2.9985492968834038,0,0,2.9985492968834038
14154,3.009236561233899,0,0,3.009236561233899
14155,3.011476030264011,0,0,3.011476030264011
14156,3.011476030264011,0,0,3.011476030264011
14157,3.011476030264011,0,0,3.011476030264011
14158,3.0111582679335362,0,0,3.0111582679335362
14159,3.0111582679335362,0,0,3.0111582679335362
14160,3.0111582679335362,0,0,3.0111582679335362
14161,3.0111582679335362,0,0,3.0111582679335362
14162,3.015424044538223,0,0,3.015424044538223
14163,3.015424044538223,0,0,3.015424044538223
14164,4.379571806305258,0,0,4.379571806305258
14165,4.379571806305258,0,0,4.379571806305258
14166,4.379571806305255,0,0,4.379571806305255
14167,4.604903052921764,0,0,4.604903052921764
14168,4.813521290918725,0,0,4.813521290918725
14169,3.581432978500338,0,0,3.581432978500338
14170,3.581432978500338,0,0,3.581432978500338
14171,3.581432978500338,0,0,3.581432978500338
14172,3.582696871376826,0,0,3.582696871376826
14173,4.112276103835415,0,0,4.112276103835415
14174,4.532389627198945,0,0,4.532389627198945
14175,4.532389627198945,0,0,4.532389627198945
14176,4.532389627198945,0,0,4.532389627198945
14177,4.532389627198945,0,0,4.532389627198945
14178,4.602950826731412,0,0,4.602950826731412
14179,4.602950826731412,0,0,4.602950826731412
14180,4.602950826731412,0,0,4.602950826731412
14181,4.602950826731412,0,0,4.602950826731412
14182,4.60288824337872,0,0,4.60288824337872
14183,4.5461381090877016,0,0,4.5461381090877016
14184,3.5511061932263552,0,0,3.5511061932263552
14185,3.5511061932263552,0,0,3.5511061932263552
14186,3.5511061932263552,0,0,3.5511061932263552
14187,3.5511061932263552,0,0,3.5511061932263552
14188,3.834325340854611,0,0,3.834325340854611
14189,3.8995709029501486,0,0,3.8995709029501486
14190,3.8995709029501486,0,0,3.8995709029501486
14191,4.487781425686386,0,0,4.487781425686386
14192,4.487781425686383,0,0,4.487781425686383
14193,4.48778142568638,0,0,4.48778142568638
14194,4.48778142568638,0,0,4.48778142568638
14195,3.1269065386402155,0,0,3.1269065386402155
14196,3.1269065386402155,0,0,3.1269065386402155
14197,3.1269065386402155,0,0,3.1269065386402155
14198,3.126906538640219,0,0,3.126906538640219
14199,3.126906538640219,0,0,3.126906538640219
14200,3.126906538640219,0,0,3.126906538640219
14201,3.126906538640219,0,0,3.126906538640219
14202,3.0292855845490636,0,0,3.0292855845490636
14203,2.5212517496209412,0,0,2.5212517496209412
14204,0.7508892691289912,0,0,0.7508892691289912
14205,0.750889269129006,0,0,0.750889269129006
14206,0.750889269129006,0,0,0.750889269129006
14207,0.750889269129006,0,0,0.750889269129006
14208,0.750889269129006,0,0,0.750889269129006
14209,0.750889269129006,0,0,0.750889269129006
14210,0.7508892691290208,0,0,0.7508892691290208
14211,0.7508892691290355,0,0,0.7508892691290355
14212,0.7408923659085777,0,0,0.7408923659085777
14213,0.7406320408889081,0,0,0.7406320408889081
14214,0.4945961557288898,0,0,0.4945961557288898
14215,0.05793627129998916,0,0,0.05793627129998916
14216,0.05793627129979753,0,0,0.05793627129979753
14217,0.05238311564425099,0,0,0.05238311564425099
14218,0.05238311564425099,0,0,0.05238311564425099
14219,0.05238311564425099,0,0,0.05238311564425099
14220,0.05238311564446293,0,0,0.05238311564446293
14221,2.1319864551036973,0,0,2.1319864551036973
14222,2.1320482008868775,0,0,2.1320482008868775
14223,2.1321254858731695,0,0,2.1321254858731695
14224,2.1321254858731695,0,0,2.1321254858731695
14225,2.1321254858731695,0,0,2.1321254858731695
14226,2.1321254858731695,0,0,2.1321254858731695
14227,2.1321254858731695,0,0,2.1321254858731695
14228,2.4036733753699004,0,0,2.4036733753699004
14229,1.5354025618124447,0,0,1.5354025618124447
14230,1.5354025618124447,0,0,1.5354025618124447
14231,1.5354025618124447,0,0,1.5354025618124447
14232,1.5354025618124447,0,0,1.5354025618124447
14233,1.5354025618124518,0,0,1.5354025618124518
14234,3.8190558323804837,0,0,3.8190558323804837
14235,4.329441164674974,0,0,4.329441164674974
14236,4.329117252290682,0,0,4.329117252290682
14237,4.329117252290679,0,0,4.329117252290679
14238,4.329117252290679,0,0,4.329117252290679
14239,4.329117252290679,0,0,4.329117252290679
14240,4.329117252290679,0,0,4.329117252290679
14241,5.057429105420294,0,0,5.057429105420294
14242,5.057429105420294,0,0,5.057429105420294
14243,5.249369905267548,0,0,5.249369905267548
14244,4.662641994428566,0,0,4.662641994428566
14245,4.662641994428566,0,0,4.662641994428566
14246,4.662641994428566,0,0,4.662641994428566
14247,4.471037401492446,0,0,4.471037401492446
14248,4.471037401492446,0,0,4.471037401492446
14249,4.471037401492444,0,0,4.471037401492444
14250,4.471037401492444,0,0,4.471037401492444
14251,4.471248277199135,0,0,4.471248277199135
14252,4.471248277199135,0,0,4.471248277199135
14253,4.471248277199136,0,0,4.471248277199136
14254,4.535195830298838,0,0,4.535195830298838
14255,4.5337718090222925,0,0,4.5337718090222925
14256,4.5337718090222925,0,0,4.5337718090222925
14257,4.5337718090222925,0,0,4.5337718090222925
14258,4.5337718090222925,0,0,4.5337718090222925
14259,4.5337718090222925,0,0,4.5337718090222925
14260,4.5337718090222925,0,0,4.5337718090222925
14261,4.45828335632895,0,0,4.45828335632895
14262,4.458283356328951,0,0,4.458283356328951
14263,4.457774218108254,0,0,4.457774218108254
14264,4.458283356328951,0,0,4.458283356328951
14265,4.458283356328951,0,0,4.458283356328951
14266,4.458283356328951,0,0,4.458283356328951
14267,1.9167585877670978,0,0,1.9167585877670978
14268,1.9167585877670978,0,0,1.9167585877670978
14269,1.916758587767092,0,0,1.916758587767092
14270,1.916758587767092,0,0,1.916758587767092
14271,1.690962034376146,0,0,1.690962034376146
14272,1.6723361730528141,0,0,1.6723361730528141
14273,1.6910774859339324,0,0,1.6910774859339324
14274,1.6910774859339324,0,0,1.6910774859339324
14275,2.655432758923815,0,0,2.655432758923815
14276,4.247451284130181,0,0,4.247451284130181
14277,5.342450794286685,0,0,5.342450794286685
14278,5.538220378154354,0,0,5.538220378154354
14279,5.476261300024726,0,0,5.476261300024726
14280,5.476240053080878,0,0,5.476240053080878
14281,5.476240053080878,0,0,5.476240053080878
14282,5.429041634875231,0,0,5.429041634875231
14283,5.237753307759907,0,0,5.237753307759907
14284,5.237753307759904,0,0,5.237753307759904
14285,4.920317113894041,0,0,4.920317113894041
14286,4.920317113894041,0,0,4.920317113894041
14287,4.920317113894041,0,0,4.920317113894041
14288,4.920317113894041,0,0,4.920317113894041
14289,4.920317113894041,0,0,4.920317113894041
14290,4.544432726437194,0,0,4.544432726437194
14291,4.544432726437196,0,0,4.544432726437196
14292,4.544580012740868,0,0,4.544580012740868
14293,4.544580012740868,0,0,4.544580012740868
14294,4.544580012740868,0,0,4.544580012740868
14295,4.544580012740868,0,0,4.544580012740868
14296,4.544580012740868,0,0,4.544580012740868
14297,4.917367451010868,0,0,4.917367451010868
14298,4.917367451010868,0,0,4.917367451010868
14299,4.917367451010868,0,0,4.917367451010868
14300,4.648972424217447,0,0,4.648972424217447
14301,4.637255408264321,0,0,4.637255408264321
14302,4.637255408264321,0,0,4.637255408264321
14303,4.7356169864835325,0,0,4.7356169864835325
14304,4.565295971986658,0,0,4.565295971986658
14305,4.565295971986658,0,0,4.565295971986658
14306,4.56529597198666,0,0,4.56529597198666
14307,4.56529597198666,0,0,4.56529597198666
14308,4.56529597198666,0,0,4.56529597198666
14309,4.56529597198666,0,0,4.56529597198666
14310,4.56486396405484,0,0,4.56486396405484
14311,4.095411907666394,0,0,4.095411907666394
14312,3.992896402022544,0,0,3.992896402022544
14313,3.992896402022544,0,0,3.992896402022544
14314,3.2440888805108394,0,0,3.2440888805108394
14315,3.2440888805108394,0,0,3.2440888805108394
14316,4.142612707973334,0,0,4.142612707973334
14317,4.142612707973336,0,0,4.142612707973336
14318,4.142612707973336,0,0,4.142612707973336
14319,4.142612707973336,0,0,4.142612707973336
14320,4.1426974095221825,0,0,4.1426974095221825
14321,4.1426974095221825,0,0,4.1426974095221825
14322,4.14269740952218,0,0,4.14269740952218
14323,4.14269740952218,0,0,4.14269740952218
14324,4.14269740952218,0,0,4.14269740952218
14325,4.073723659888151,0,0,4.073723659888151
14326,3.491109124180383,0,0,3.491109124180383
14327,1.7796895346971697,0,0,1.7796895346971697
14328,1.7832783529133465,0,0,1.7832783529133465
14329,1.7832621130661825,0,0,1.7832621130661825
14330,1.6750603760026619,0,0,1.6750603760026619
14331,1.7406336001598088,0,0,1.7406336001598088
14332,1.7406336001598088,0,0,1.7406336001598088
14333,1.7406336001598088,0,0,1.7406336001598088
14334,1.7406336001598088,0,0,1.7406336001598088
14335,1.7406336001598088,0,0,1.7406336001598088
14336,1.7406336001598024,0,0,1.7406336001598024
14337,1.7406336001598024,0,0,1.7406336001598024
14338,1.7406336001598024,0,0,1.7406336001598024
14339,1.7406336001598024,0,0,1.7406336001598024
14340,1.0273842343026205,0,0,1.0273842343026205
14341,0.8857589213351199,0,0,0.8857589213351199
14342,1.0272977403112948,0,0,1.0272977403112948
14343,1.026948446554577,0,0,1.026948446554577
14344,1.0780232347595553,0,0,1.0780232347595553
14345,1.0780232347595553,0,0,1.0780232347595553
14346,1.0804526587379149,0,0,1.0804526587379149
14347,1.0804526587379149,0,0,1.0804526587379149
14348,1.0804526587379149,0,0,1.0804526587379149
14349,1.0804526587379149,0,0,1.0804526587379149
14350,1.0804526587379149,0,0,1.0804526587379149
14351,1.0797145569306295,0,0,1.0797145569306295
14352,1.0797145569306295,0,0,1.0797145569306295
14353,1.0794543952895301,0,0,1.0794543952895301
14354,1.0694450518695218,0,0,1.0694450518695218
14355,1.0694450518695218,0,0,1.0694450518695218
14356,4.130019790777481,0,0,4.130019790777481
14357,4.130019790777481,0,0,4.130019790777481
14358,4.142612707973336,0,0,4.142612707973336
14359,4.142612707973336,0,0,4.142612707973336
14360,4.1426974095221825,0,0,4.1426974095221825
14361,4.1426974095221825,0,0,4.1426974095221825
14362,4.14269740952218,0,0,4.14269740952218
14363,4.14269740952218,0,0,4.14269740952218
14364,4.14269740952218,0,0,4.14269740952218
14365,4.073723659888151,0,0,4.073723659888151
14366,3.8649376306973435,0,0,3.8649376306973435
14367,1.7796895346971697,0,0,1.7796895346971697
14368,1.7832783529133465,0,0,1.7832783529133465
14369,1.7832621130661825,0,0,1.7832621130661825
14370,1.6750603760026619,0,0,1.6750603760026619
14371,1.7406336001598088,0,0,1.7406336001598088
14372,1.7406336001598088,0,0,1.7406336001598088
14373,1.7406336001598088,0,0,1.7406336001598088
14374,1.7406336001598088,0,0,1.7406336001598088
14375,1.7406336001598088,0,0,1.7406336001598088
14376,1.7406336001598024,0,0,1.7406336001598024
14377,1.7406336001598024,0,0,1.7406336001598024
14378,1.7406336001598024,0,0,1.7406336001598024
14379,1.7406336001598024,0,0,1.7406336001598024
14380,1.1294358858578195,0,0,1.1294358858578195
14381,0.8857589213351199,0,0,0.8857589213351199
14382,3.2092605297241774,0,0,3.2092605297241774
14383,3.2092605297241774,0,0,3.2092605297241774
14384,2.8448142395071474,0,0,2.8448142395071474
14385,2.8448142395071474,0,0,2.8448142395071474
14386,2.846691079174184,0,0,2.846691079174184
14387,2.846691079174184,0,0,2.846691079174184
14388,2.846691079174184,0,0,2.846691079174184
14389,2.846691079174184,0,0,2.846691079174184
14390,2.8466605139640624,0,0,2.8466605139640624
14391,2.8458943028844783,0,0,2.8458943028844783
14392,2.8459205907117835,0,0,2.8459205907117835
14393,2.8455738115023257,0,0,2.8455738115023257
14394,4.940354139637741,0,0,4.940354139637741
14395,4.940354139637741,0,0,4.940354139637741
14396,4.940354139637741,0,0,4.940354139637741
14397,4.214633321964654,0,0,4.214633321964654
14398,4.214633321964654,0,0,4.214633321964654
14399,4.214633321964657,0,0,4.214633321964657
14400,4.214633321964657,0,0,4.214633321964657
14401,4.214633321964657,0,0,4.214633321964657
14402,4.214633321964657,0,0,4.214633321964657
14403,4.214633321964657,0,0,4.214633321964657
14404,4.8340568733574445,0,0,4.8340568733574445
14405,4.8340568733574445,0,0,4.8340568733574445
14406,5.422550872168343,0,0,5.422550872168343
14407,5.4749764556452325,0,0,5.4749764556452325
14408,5.575449796331179,0,1,5.575449796331179
14409,5.575449796331179,0,1,5.575449796331179
14410,5.575449796331179,0,1,5.575449796331179
14411,4.627787386659199,0,0,4.627787386659199
14412,4.627787386659201,0,0,4.627787386659201
14413,4.627787386659201,0,0,4.627787386659201
14414,4.627787386659201,0,0,4.627787386659201
14415,4.627787386659201,0,0,4.627787386659201
14416,4.627787386659201,0,0,4.627787386659201
14417,4.627787386659201,0,0,4.627787386659201
14418,4.626479532031532,0,0,4.626479532031532
14419,5.573900156977124,0,1,5.573900156977124
14420,5.256966677588322,0,0,5.256966677588322
14421,5.5892693532864,0,1,5.5892693532864
14422,5.5892693532864,0,1,5.5892693532864
14423,5.679642423571338,0,1,5.679642423571338
14424,5.268077214626332,0,0,5.268077214626332
14425,5.268077214626332,0,0,5.268077214626332
14426,5.268077214626332,0,0,5.268077214626332
14427,5.268077214626332,0,0,5.268077214626332
14428,5.655985427959552,0,1,5.655985427959552
14429,5.453897486295889,0,0,5.453897486295889
14430,5.453777640379369,0,0,5.453777640379369
14431,5.453657491295636,0,0,5.453657491295636
14432,5.114356768189803,0,0,5.114356768189803
14433,5.1394486863228686,0,0,5.1394486863228686
14434,2.7768990745652973,0,0,2.7768990745652973
14435,2.7767977428482196,0,0,2.7767977428482196
14436,2.7767977428482196,0,0,2.7767977428482196
14437,2.7767977428482196,0,0,2.7767977428482196
14438,3.0304510359848664,0,0,3.0304510359848664
14439,3.0302119327813193,0,0,3.0302119327813193
14440,3.0302119327813193,0,0,3.0302119327813193
14441,3.030211932781321,0,0,3.030211932781321
14442,3.0299992186903135,0,0,3.0299992186903135
14443,3.0299992186903135,0,0,3.0299992186903135
14444,3.769809820114203,0,0,3.769809820114203
14445,3.7693712312350898,0,0,3.7693712312350898
14446,3.86325390311879,0,0,3.86325390311879
14447,3.864422042967738,0,0,3.864422042967738
14448,3.864422042967738,0,0,3.864422042967738
14449,3.864422042967738,0,0,3.864422042967738
14450,3.864422042967738,0,0,3.864422042967738
14451,3.864422042967738,0,0,3.864422042967738
14452,3.864422042967738,0,0,3.864422042967738
14453,3.864422042967738,0,0,3.864422042967738
14454,3.864422042967738,0,0,3.864422042967738
14455,3.8644220429677394,0,0,3.8644220429677394
14456,3.8644220429677394,0,0,3.8644220429677394
14457,3.6495043552922386,0,0,3.6495043552922386
14458,3.142480470811268,0,0,3.142480470811268
14459,3.152624288405107,0,0,3.152624288405107
14460,3.16126826427396,0,0,3.16126826427396
14461,3.161268264273958,0,0,3.161268264273958
14462,3.161268264273958,0,0,3.161268264273958
14463,3.161202686807673,0,0,3.161202686807673
14464,3.161202686807673,0,0,3.161202686807673
14465,3.161202686807673,0,0,3.161202686807673
14466,3.0297885675406255,0,0,3.0297885675406255
14467,3.0297885675406255,0,0,3.0297885675406255
14468,3.029788567540629,0,0,3.029788567540629
14469,3.0297885675406255,0,0,3.0297885675406255
14470,2.664039314012827,0,0,2.664039314012827
14471,2.524639970791079,0,0,2.524639970791079
14472,2.767144373103968,0,0,2.767144373103968
14473,2.385448669446069,0,0,2.385448669446069
14474,2.3854733847626686,0,0,2.3854733847626686
14475,2.3854733847626686,0,0,2.3854733847626686
14476,2.3854733847626686,0,0,2.3854733847626686
14477,2.3854733847626637,0,0,2.3854733847626637
14478,2.3854733847626637,0,0,2.3854733847626637
14479,2.385104434727609,0,0,2.385104434727609
14480,2.385104434727609,0,0,2.385104434727609
14481,2.3853715343793227,0,0,2.3853715343793227
14482,1.6703275540683307,0,0,1.6703275540683307
14483,1.161413953398986,0,0,1.161413953398986
14484,1.161413953398991,0,0,1.161413953398991
14485,1.1614139533990004,0,0,1.1614139533990004
14486,1.043840405809519,0,0,1.043840405809519
14487,1.3753984080522095,0,0,1.3753984080522095
14488,1.0148743611153923,0,0,1.0148743611153923
14489,1.0148743611153923,0,0,1.0148743611153923
14490,1.0148743611153923,0,0,1.0148743611153923
14491,1.0148743611153923,0,0,1.0148743611153923
14492,1.0148743611153923,0,0,1.0148743611153923
14493,1.0148743611153923,0,0,1.0148743611153923
14494,1.014753401932933,0,0,1.014753401932933
14495,1.014753401932933,0,0,1.014753401932933
14496,1.0955957758910162,0,0,1.0955957758910162
14497,1.0955957758910162,0,0,1.0955957758910162
14498,1.0954469028346798,0,0,1.0954469028346798
14499,0.7508892691289912,0,0,0.7508892691289912
14500,0.750889269129006,0,0,0.750889269129006
14501,0.750889269129006,0,0,0.750889269129006
14502,0.750889269129006,0,0,0.750889269129006
14503,0.750889269129006,0,0,0.750889269129006
14504,0.750889269129006,0,0,0.750889269129006
14505,0.7508892691290208,0,0,0.7508892691290208
14506,0.7508892691290355,0,0,0.7508892691290355
14507,0.7408923659085777,0,0,0.7408923659085777
14508,0.7406320408889081,0,0,0.7406320408889081
14509,0.4945961557288898,0,0,0.4945961557288898
14510,0.1955789741585072,0,0,0.1955789741585072
14511,0.46730439600736123,0,0,0.46730439600736123
14512,0.4091119892660161,0,0,0.4091119892660161
14513,0.4091119892660161,0,0,0.4091119892660161
14514,0.4091119892660161,0,0,0.4091119892660161
14515,0.40911198926604325,0,0,0.40911198926604325
14516,0.40911198926604325,0,0,0.40911198926604325
14517,0.4091119892660704,0,0,0.4091119892660704
14518,0.4091119892660704,0,0,0.4091119892660704
14519,0.4091119892660704,0,0,0.4091119892660704
14520,0.4091119892660704,0,0,0.4091119892660704
14521,0.40911198926609754,0,0,0.40911198926609754
14522,0.40911198926609754,0,0,0.40911198926609754
14523,0.40290836965696347,0,0,0.40290836965696347
14524,0.40290836965696347,0,0,0.40290836965696347
14525,0.3560007206667173,0,0,0.3560007206667173
14526,0.3560007206667173,0,0,0.3560007206667173
14527,0.3560007206667173,0,0,0.3560007206667173
14528,0.3560007206667173,0,0,0.3560007206667173
14529,0.3560007206667173,0,0,0.3560007206667173
14530,0.3560007206667484,0,0,0.3560007206667484
14531,0.3556361167027697,0,0,0.3556361167027697
14532,0.3556361167027697,0,0,0.3556361167027697
14533,0.3556361167027697,0,0,0.3556361167027697
14534,0.3556361167027697,0,0,0.3556361167027697
14535,0.3556361167027697,0,0,0.3556361167027697
14536,0.2843119887567967,0,0,0.2843119887567967
14537,0.28431198875675767,0,0,0.28431198875675767
14538,1.5920684661658795,0,0,1.5920684661658795
14539,1.5358181368841481,0,0,1.5358181368841481
14540,1.5358181368841481,0,0,1.5358181368841481
14541,1.5358181368841481,0,0,1.5358181368841481
14542,1.5358181368841481,0,0,1.5358181368841481
14543,1.536072633769909,0,0,1.536072633769909
14544,1.536072633769909,0,0,1.536072633769909
14545,1.536072633769909,0,0,1.536072633769909
14546,1.536072633769909,0,0,1.536072633769909
14547,1.536072633769909,0,0,1.536072633769909
14548,1.536072633769909,0,0,1.536072633769909
14549,1.8110010703107797,0,0,1.8110010703107797
14550,1.8110010703107797,0,0,1.8110010703107797
14551,1.811001070310786,0,0,1.811001070310786
14552,3.6843419891773266,0,0,3.6843419891773266
14553,4.985433453437557,0,0,4.985433453437557
14554,4.985433453437557,0,0,4.985433453437557
14555,4.985433453437557,0,0,4.985433453437557
14556,4.985433453437557,0,0,4.985433453437557
14557,4.985433453437557,0,0,4.985433453437557
14558,4.985433453437557,0,0,4.985433453437557
14559,4.985433453437557,0,0,4.985433453437557
14560,4.985682665914284,0,0,4.985682665914284
14561,4.045389428482213,0,0,4.045389428482213
14562,1.030291413625027,0,0,1.030291413625027
14563,1.030291413625027,0,0,1.030291413625027
14564,1.030291413625027,0,0,1.030291413625027
14565,1.030291413625027,0,0,1.030291413625027
14566,1.030291413625027,0,0,1.030291413625027
14567,1.4423947202926892,0,0,1.4423947202926892
14568,1.4423947202926817,0,0,1.4423947202926817
14569,1.4423947202926817,0,0,1.4423947202926817
14570,1.4423947202926817,0,0,1.4423947202926817
14571,1.4426963801718435,0,0,1.4426963801718435
14572,1.4426963801718435,0,0,1.4426963801718435
14573,1.2629882402678285,0,0,1.2629882402678285
14574,1.262988240267824,0,0,1.262988240267824
14575,1.421525721877348,0,0,1.421525721877348
14576,1.421525721877348,0,0,1.421525721877348
14577,1.3230381272827738,0,0,1.3230381272827738
14578,1.3230381272827738,0,0,1.3230381272827738
14579,1.3230381272827696,0,0,1.3230381272827696
14580,1.3230381272827696,0,0,1.3230381272827696
14581,1.123588451929697,0,0,1.123588451929697
14582,1.960582380397623,0,0,1.960582380397623
14583,1.960582380397623,0,0,1.960582380397623
14584,1.960582380397623,0,0,1.960582380397623
14585,1.960709875398489,0,0,1.960709875398489
14586,1.9607098753984862,0,0,1.9607098753984862
14587,1.9607098753984862,0,0,1.9607098753984862
14588,1.8630494422629882,0,0,1.8630494422629882
14589,1.478167239725447,0,0,1.478167239725447
14590,1.478167239725447,0,0,1.478167239725447
14591,1.478167239725447,0,0,1.478167239725447
14592,1.478167239725447,0,0,1.478167239725447
14593,1.4784830568568825,0,0,1.4784830568568825
14594,1.47844757754575,0,0,1.47844757754575
14595,1.4786700918842264,0,0,1.4786700918842264
14596,1.4080506220318778,0,0,1.4080506220318778
14597,1.4080506220318778,0,0,1.4080506220318778
14598,1.4080506220318778,0,0,1.4080506220318778
14599,1.4080952829771556,0,0,1.4080952829771556
14600,1.4080952829771556,0,0,1.4080952829771556
14601,1.4080952829771556,0,0,1.4080952829771556
14602,1.4080952829771556,0,0,1.4080952829771556
14603,1.4045542871978016,0,0,1.4045542871978016
14604,1.4045542871978096,0,0,1.4045542871978096
14605,1.4045542871978096,0,0,1.4045542871978096
14606,1.4045542871978096,0,0,1.4045542871978096
14607,1.4045778977011394,0,0,1.4045778977011394
14608,3.0701002330037737,0,0,3.0701002330037737
14609,3.0701002330037737,0,0,3.0701002330037737
14610,3.0701002330037737,0,0,3.0701002330037737
14611,4.060956289438158,0,0,4.060956289438158
14612,4.060956289438158,0,0,4.060956289438158
14613,4.060956289438158,0,0,4.060956289438158
14614,4.060956289438158,0,0,4.060956289438158
14615,4.060956289438158,0,0,4.060956289438158
14616,4.061024965009158,0,0,4.061024965009158
14617,3.9565214244173568,0,0,3.9565214244173568
14618,3.9564629691651443,0,0,3.9564629691651443
14619,3.9541246232058462,0,0,3.9541246232058462
14620,3.96001365802032,0,0,3.96001365802032
14621,3.96001365802032,0,0,3.96001365802032
14622,4.553809904668002,0,0,4.553809904668002
14623,4.560309423570836,0,0,4.560309423570836
14624,4.560309423570836,0,0,4.560309423570836
14625,4.557575689688559,0,0,4.557575689688559
14626,4.557485195652001,0,0,4.557485195652001
14627,4.557485195652001,0,0,4.557485195652001
14628,4.554726270184541,0,0,4.554726270184541
14629,4.554726270184541,0,0,4.554726270184541
14630,4.554726270184541,0,0,4.554726270184541
14631,3.6212464974150866,0,0,3.6212464974150866
14632,1.0273842343026205,0,0,1.0273842343026205
14633,1.0273842343026205,0,0,1.0273842343026205
14634,1.0272977403112948,0,0,1.0272977403112948
14635,1.026948446554577,0,0,1.026948446554577
14636,1.0780232347595553,0,0,1.0780232347595553
14637,1.0780232347595553,0,0,1.0780232347595553
14638,1.0804526587379149,0,0,1.0804526587379149
14639,1.0804526587379149,0,0,1.0804526587379149
14640,1.0804526587379149,0,0,1.0804526587379149
14641,1.0804526587379149,0,0,1.0804526587379149
14642,1.0804526587379149,0,0,1.0804526587379149
14643,1.0797145569306295,0,0,1.0797145569306295
14644,1.0797145569306295,0,0,1.0797145569306295
14645,1.0794543952895301,0,0,1.0794543952895301
14646,0.20111301246403823,0,0,0.20111301246403823
14647,0.20111301246403823,0,0,0.20111301246403823
14648,0.20111301246398303,0,0,0.20111301246398303
14649,0.20111301246398303,0,0,0.20111301246398303
14650,1.4423947202926892,0,0,1.4423947202926892
14651,1.4423947202926817,0,0,1.4423947202926817
14652,1.4423947202926817,0,0,1.4423947202926817
14653,1.4423947202926817,0,0,1.4423947202926817
14654,1.4426963801718435,0,0,1.4426963801718435
14655,1.4426963801718435,0,0,1.4426963801718435
14656,1.2824337223695956,0,0,1.2824337223695956
14657,1.2824337223695956,0,0,1.2824337223695956
14658,1.4244505140707546,0,0,1.4244505140707546
14659,1.4244505140707546,0,0,1.4244505140707546
14660,1.3072200090225385,0,0,1.3072200090225385
14661,1.3072200090225385,0,0,1.3072200090225385
14662,1.30722000902253,0,0,1.30722000902253
14663,1.3074157356005764,0,0,1.3074157356005764
14664,1.4786700918842264,0,0,1.4786700918842264
14665,1.4080506220318778,0,0,1.4080506220318778
14666,1.4080506220318778,0,0,1.4080506220318778
14667,1.4080506220318778,0,0,1.4080506220318778
14668,1.4080952829771556,0,0,1.4080952829771556
14669,1.4080952829771556,0,0,1.4080952829771556
14670,1.4080952829771556,0,0,1.4080952829771556
14671,1.4080952829771556,0,0,1.4080952829771556
14672,1.4045542871978016,0,0,1.4045542871978016
14673,1.4045542871978096,0,0,1.4045542871978096
14674,1.4045542871978096,0,0,1.4045542871978096
14675,1.4045542871978096,0,0,1.4045542871978096
14676,1.4045778977011394,0,0,1.4045778977011394
14677,3.0701002330037737,0,0,3.0701002330037737
14678,3.0701002330037737,0,0,3.0701002330037737
14679,3.0701002330037737,0,0,3.0701002330037737
14680,4.556200025405109,0,0,4.556200025405109
14681,4.328706448891736,0,0,4.328706448891736
14682,4.328706448891734,0,0,4.328706448891734
14683,4.328706448891734,0,0,4.328706448891734
14684,4.328706448891734,0,0,4.328706448891734
14685,3.349316681404001,0,0,3.349316681404001
14686,0.5413046423453493,0,0,0.5413046423453493
14687,0.5413046423453287,0,0,0.5413046423453287
14688,0.5375130173916394,0,0,0.5375130173916394
14689,0.5372442885832746,0,0,0.5372442885832746
14690,0.5372442885832746,0,0,0.5372442885832746
14691,0.5375130173916394,0,0,0.5375130173916394
14692,0.5375130173916394,0,0,0.5375130173916394
14693,0.53751301739166,0,0,0.53751301739166
14694,0.53751301739166,0,0,0.53751301739166
14695,1.3869118004787084,0,0,1.3869118004787084
14696,1.3867303951882204,0,0,1.3867303951882204
14697,1.3867303951882204,0,0,1.3867303951882204
14698,1.3867303951882204,0,0,1.3867303951882204
14699,1.3867303951882204,0,0,1.3867303951882204
14700,1.5688442680820003,0,0,1.5688442680820003
14701,1.5688442680820003,0,0,1.5688442680820003
14702,1.5688442680819896,0,0,1.5688442680819896
14703,1.5688442680819896,0,0,1.5688442680819896
14704,1.5683996682367645,0,0,1.5683996682367645
14705,1.5683996682367645,0,0,1.5683996682367645
14706,1.5683996682367611,0,0,1.5683996682367611
14707,1.5688442680819827,0,0,1.5688442680819827
14708,1.5688442680819896,0,0,1.5688442680819896
14709,1.5688442680819896,0,0,1.5688442680819896
14710,1.6813379635271102,0,0,1.6813379635271102
14711,1.371559686429556,0,0,1.371559686429556
14712,1.371559686429556,0,0,1.371559686429556
14713,1.371409115463358,0,0,1.371409115463358
14714,1.371409115463358,0,0,1.371409115463358
14715,0.48807916788393507,0,0,0.48807916788393507
14716,0.48807916788393507,0,0,0.48807916788393507
14717,0.4880791678839237,0,0,0.4880791678839237
14718,0.4880791678839237,0,0,0.4880791678839237
14719,0.487796245569717,0,0,0.487796245569717
14720,0.487796245569717,0,0,0.487796245569717
14721,0.4880791678839237,0,0,0.4880791678839237
14722,0.4885400379360584,0,0,0.4885400379360584
14723,0.4885400379360811,0,0,0.4885400379360811
14724,0.48854003793610384,0,0,0.48854003793610384
14725,0.6179501608805431,0,0,0.6179501608805431
14726,0.6179501608805431,0,0,0.6179501608805431
14727,0.6179501608805431,0,0,0.6179501608805431
14728,0.6179501608805431,0,0,0.6179501608805431
14729,0.6179501608805431,0,0,0.6179501608805431
14730,0.29401950472379235,0,0,0.29401950472379235
14731,0.2940195047237735,0,0,0.2940195047237735
14732,0.2940195047237735,0,0,0.2940195047237735
14733,0.2940195047237735,0,0,0.2940195047237735
14734,0.2940195047237735,0,0,0.2940195047237735
14735,0.2940195047237546,0,0,0.2940195047237546
14736,0.2940195047237546,0,0,0.2940195047237546
14737,0.2940195047237546,0,0,0.2940195047237546
14738,0.2940195047237168,0,0,0.2940195047237168
14739,0.2940195047237168,0,0,0.2940195047237168
14740,0.42810461197338745,0,0,0.42810461197338745
14741,0.42810461197338745,0,0,0.42810461197338745
14742,0.42810461197341343,0,0,0.42810461197341343
14743,0.42810461197341343,0,0,0.42810461197341343
14744,3.4080577534626593,0,0,3.4080577534626593
14745,3.759459139812841,0,0,3.759459139812841
14746,3.7594591398128427,0,0,3.7594591398128427
14747,3.7594591398128427,0,0,3.7594591398128427
14748,4.1308881439083205,0,0,4.1308881439083205
14749,4.1308881439083205,0,0,4.1308881439083205
14750,4.1308881439083205,0,0,4.1308881439083205
14751,4.130888143908319,0,0,4.130888143908319
14752,4.130888143908319,0,0,4.130888143908319
14753,4.131205729164502,0,0,4.131205729164502
14754,4.131205729164502,0,0,4.131205729164502
14755,4.9609252511375255,0,0,4.9609252511375255
14756,4.9609252511375255,0,0,4.9609252511375255
14757,4.96065243112265,0,0,4.96065243112265
14758,4.960343034984374,0,0,4.960343034984374
14759,4.334323931587898,0,0,4.334323931587898
14760,4.835451003840887,0,0,4.835451003840887
14761,4.835451003840886,0,0,4.835451003840886
14762,4.835451003840886,0,0,4.835451003840886
14763,4.835697145203253,0,0,4.835697145203253
14764,4.835697145203253,0,0,4.835697145203253
14765,4.835697145203253,0,0,4.835697145203253
14766,4.835697145203251,0,0,4.835697145203251
14767,4.835697145203251,0,0,4.835697145203251
14768,4.835697145203251,0,0,4.835697145203251
14769,4.835697145203251,0,0,4.835697145203251
14770,4.83569714520325,0,0,4.83569714520325
14771,4.83569714520325,0,0,4.83569714520325
14772,4.835451003840879,0,0,4.835451003840879
14773,4.835451003840879,0,0,4.835451003840879
14774,4.334323931587898,0,0,4.334323931587898
14775,3.9071334066666554,0,0,3.9071334066666554
14776,3.9071334066666537,0,0,3.9071334066666537
14777,3.9071334066666537,0,0,3.9071334066666537
14778,3.9071334066666537,0,0,3.9071334066666537
14779,1.3591119006275099,0,0,1.3591119006275099
14780,1.3591119006275019,0,0,1.3591119006275019
14781,1.3591119006274937,0,0,1.3591119006274937
14782,1.3591119006274937,0,0,1.3591119006274937
14783,1.3591119006274937,0,0,1.3591119006274937
14784,1.3591119006274937,0,0,1.3591119006274937
14785,1.3591119006274854,0,0,1.3591119006274854
14786,1.3591119006274854,0,0,1.3591119006274854
14787,1.3591119006274814,0,0,1.3591119006274814
14788,1.3591119006274814,0,0,1.3591119006274814
14789,1.6947252122137517,0,0,1.6947252122137517
14790,1.371559686429556,0,0,1.371559686429556
14791,1.371559686429556,0,0,1.371559686429556
14792,1.371409115463358,0,0,1.371409115463358
14793,1.371409115463358,0,0,1.371409115463358
14794,1.480904571315246,0,0,1.480904571315246
14795,1.480904571315246,0,0,1.480904571315246
14796,1.4809045713152422,0,0,1.4809045713152422
14797,1.4809045713152422,0,0,1.4809045713152422
14798,1.4809045713152422,0,0,1.4809045713152422
14799,1.4809045713152422,0,0,1.4809045713152422
14800,1.4809045713152422,0,0,1.4809045713152422
14801,1.481073972256874,0,0,1.481073972256874
14802,1.4812352743202746,0,0,1.4812352743202746
14803,1.481235274320282,0,0,1.481235274320282
14804,1.367159283994124,0,0,1.367159283994124
14805,1.367159283994124,0,0,1.367159283994124
14806,1.367159283994124,0,0,1.367159283994124
14807,1.367309382280132,0,0,1.367309382280132
14808,1.367309382280132,0,0,1.367309382280132
14809,0.48807916788393507,0,0,0.48807916788393507
14810,0.48807916788393507,0,0,0.48807916788393507
14811,0.4880791678839237,0,0,0.4880791678839237
14812,0.4880791678839237,0,0,0.4880791678839237
14813,0.487796245569717,0,0,0.487796245569717
14814,0.487796245569717,0,0,0.487796245569717
14815,0.4880791678839237,0,0,0.4880791678839237
14816,0.4885400379360584,0,0,0.4885400379360584
14817,0.4885400379360811,0,0,0.4885400379360811
14818,0.48854003793610384,0,0,0.48854003793610384
14819,0.6179501608805431,0,0,0.6179501608805431
14820,0.6179501608805431,0,0,0.6179501608805431
14821,0.6179501608805431,0,0,0.6179501608805431
14822,0.6179501608805431,0,0,0.6179501608805431
14823,0.6179501608805431,0,0,0.6179501608805431
14824,0.29401950472379235,0,0,0.29401950472379235
14825,0.2940195047237735,0,0,0.2940195047237735
14826,0.2940195047237735,0,0,0.2940195047237735
14827,0.2940195047237735,0,0,0.2940195047237735
14828,0.2940195047237735,0,0,0.2940195047237735
14829,0.2940195047237546,0,0,0.2940195047237546
14830,0.2940195047237546,0,0,0.2940195047237546
14831,0.2940195047237546,0,0,0.2940195047237546
14832,0.2940195047237168,0,0,0.2940195047237168
14833,0.2940195047237168,0,0,0.2940195047237168
14834,0.42810461197338745,0,0,0.42810461197338745
14835,0.42810461197338745,0,0,0.42810461197338745
14836,0.42810461197341343,0,0,0.42810461197341343
14837,0.42810461197341343,0,0,0.42810461197341343
14838,2.0525311499929617,0,0,2.0525311499929617
14839,2.196304575021554,0,0,2.196304575021554
14840,2.196304575021554,0,0,2.196304575021554
14841,2.196304575021554,0,0,2.196304575021554
14842,4.006724649471258,0,0,4.006724649471258
14843,4.0067246494712565,0,0,4.0067246494712565
14844,4.0067246494712565,0,0,4.0067246494712565
14845,4.0067246494712565,0,0,4.0067246494712565
14846,4.0067246494712565,0,0,4.0067246494712565
14847,4.007016931371226,0,0,4.007016931371226
14848,4.007016931371226,0,0,4.007016931371226
14849,4.345908149055071,0,0,4.345908149055071
14850,4.9609252511375255,0,0,4.9609252511375255
14851,4.96065243112265,0,0,4.96065243112265
14852,4.960343034984374,0,0,4.960343034984374
14853,5.076200043290873,0,0,5.076200043290873
14854,4.059513102904568,0,0,4.059513102904568
14855,4.0592587917581415,0,0,4.0592587917581415
14856,4.683413380171226,0,0,4.683413380171226
14857,4.682814351528081,0,0,4.682814351528081
14858,5.895526854675518,0,1,5.895526854675518
14859,5.564829562594316,0,0,5.564829562594316
14860,5.564829562594316,0,0,5.564829562594316
14861,5.564829562594316,0,0,5.564829562594316
14862,5.564829562594316,0,0,5.564829562594316
14863,5.564829562594316,0,0,5.564829562594316
14864,5.564829562594316,0,0,5.564829562594316
14865,5.802239355746872,0,1,5.802239355746872
14866,5.802239355746872,0,1,5.802239355746872
14867,5.802239355746872,0,1,5.802239355746872
14868,5.802239355746873,0,1,5.802239355746873
14869,5.716088630985781,0,1,5.716088630985781
14870,5.716326116888317,0,1,5.716326116888317
14871,5.794983176547309,0,1,5.794983176547309
14872,5.52799001944043,0,0,5.52799001944043
14873,5.52799001944043,0,0,5.52799001944043
14874,5.528044991183626,0,0,5.528044991183626
14875,5.528064387319467,0,0,5.528064387319467
14876,5.528024775619566,0,0,5.528024775619566
14877,5.528381824420883,0,0,5.528381824420883
14878,5.476669560762058,0,0,5.476669560762058
14879,5.4766695607620575,0,0,5.4766695607620575
14880,5.4766695607620575,0,0,5.4766695607620575
14881,5.4766695607620575,0,0,5.4766695607620575
14882,5.4766695607620575,0,0,5.4766695607620575
14883,5.4766695607620575,0,0,5.4766695607620575
14884,5.4249272354302684,0,0,5.4249272354302684
14885,5.4249272354302684,0,0,5.4249272354302684
14886,4.912590280420194,0,0,4.912590280420194
14887,4.912590280420194,0,0,4.912590280420194
14888,4.914390469768997,0,0,4.914390469768997
14889,4.914390469768997,0,0,4.914390469768997
14890,4.914390469768997,0,0,4.914390469768997
14891,4.914390469768997,0,0,4.914390469768997
14892,5.198404792262185,0,0,5.198404792262185
14893,5.173491159328161,0,0,5.173491159328161
14894,3.823136748736166,0,0,3.823136748736166
14895,3.823136748736166,0,0,3.823136748736166
14896,3.8087873867048048,0,0,3.8087873867048048
14897,3.8087873867048048,0,0,3.8087873867048048
14898,3.808787386704803,0,0,3.808787386704803
14899,3.808787386704803,0,0,3.808787386704803
14900,3.5725355546824975,0,0,3.5725355546824975
14901,3.5725355546824975,0,0,3.5725355546824975
14902,3.5725355546824975,0,0,3.5725355546824975
14903,3.5725355546824975,0,0,3.5725355546824975
14904,3.5728777057807006,0,0,3.5728777057807006
14905,3.5728777057807006,0,0,3.5728777057807006
14906,1.2629882402678285,0,0,1.2629882402678285
14907,1.262988240267824,0,0,1.262988240267824
14908,1.421525721877348,0,0,1.421525721877348
14909,1.030291413625027,0,0,1.030291413625027
14910,0.20111301246403823,0,0,0.20111301246403823
14911,0.20111301246403823,0,0,0.20111301246403823
14912,0.20111301246398303,0,0,0.20111301246398303
14913,0.20111301246398303,0,0,0.20111301246398303
14914,1.123588451929697,0,0,1.123588451929697
14915,2.4070989533257663,0,0,2.4070989533257663
14916,2.4091341096291816,0,0,2.4091341096291816
14917,2.4091341096291816,0,0,2.4091341096291816
14918,2.409288815289326,0,0,2.409288815289326
14919,2.4092888152893237,0,0,2.4092888152893237
14920,2.4092888152893237,0,0,2.4092888152893237
14921,2.330780593785204,0,0,2.330780593785204
14922,2.4276043475618185,0,0,2.4276043475618185
14923,2.4276043475618185,0,0,2.4276043475618185
14924,2.4276043475618225,0,0,2.4276043475618225
14925,2.4276043475618225,0,0,2.4276043475618225
14926,2.427925365747916,0,0,2.427925365747916
14927,2.427925365747916,0,0,2.427925365747916
14928,3.2248375252232053,0,0,3.2248375252232053
14929,3.6238293612284074,0,0,3.6238293612284074
14930,3.6238899948090837,0,0,3.6238899948090837
14931,3.623911241286428,0,0,3.623911241286428
14932,3.6239136879784764,0,0,3.6239136879784764
14933,3.6243098798558036,0,0,3.6243098798558036
14934,3.6243098798558036,0,0,3.6243098798558036
14935,3.6244295989880317,0,0,3.6244295989880317
14936,3.1405245341495402,0,0,3.1405245341495402
14937,3.400239646685286,0,0,3.400239646685286
14938,3.4000996893976403,0,0,3.4000996893976403
14939,3.4000996893976403,0,0,3.4000996893976403
14940,3.532008864562592,0,0,3.532008864562592
14941,4.060134368601741,0,0,4.060134368601741
14942,4.060141781655651,0,0,4.060141781655651
14943,4.060141781655651,0,0,4.060141781655651
14944,4.060141781655651,0,0,4.060141781655651
14945,4.060141781655651,0,0,4.060141781655651
14946,4.060141781655651,0,0,4.060141781655651
14947,4.060282123598528,0,0,4.060282123598528
14948,4.060282123598528,0,0,4.060282123598528
14949,4.060242654324536,0,0,4.060242654324536
14950,3.5727745693582382,0,0,3.5727745693582382
14951,3.5727745693582382,0,0,3.5727745693582382
14952,3.572788474206206,0,0,3.572788474206206
14953,3.572880289604057,0,0,3.572880289604057
14954,3.9795117390049493,0,0,3.9795117390049493
14955,3.9795117390049493,0,0,3.9795117390049493
14956,3.9795117390049493,0,0,3.9795117390049493
14957,3.9795117390049493,0,0,3.9795117390049493
14958,3.9795532463382735,0,0,3.9795532463382735
14959,3.979500495986469,0,0,3.979500495986469
14960,3.9795206932990346,0,0,3.9795206932990346
14961,3.9795206932990346,0,0,3.9795206932990346
14962,3.979479130816112,0,0,3.979479130816112
14963,3.9794174215803007,0,0,3.9794174215803007
14964,0.4662558302538115,0,0,0.4662558302538115
14965,0.1955789741585072,0,0,0.1955789741585072
14966,4.738568863238352,0,0,4.738568863238352
14967,4.681011096892798,0,0,4.681011096892798
14968,4.681011096892798,0,0,4.681011096892798
14969,4.681011096892798,0,0,4.681011096892798
14970,4.681011096892798,0,0,4.681011096892798
14971,4.681011096892798,0,0,4.681011096892798
14972,4.707023079109318,0,0,4.707023079109318
14973,4.707023079109318,0,0,4.707023079109318
14974,4.615750427211639,0,0,4.615750427211639
14975,4.707023079109318,0,0,4.707023079109318
14976,4.707023079109318,0,0,4.707023079109318
14977,4.347020811948354,0,0,4.347020811948354
14978,4.256738064081948,0,0,4.256738064081948
14979,4.250973221188667,0,0,4.250973221188667
14980,4.061192462108873,0,0,4.061192462108873
14981,4.061192462108873,0,0,4.061192462108873
14982,4.061192462108873,0,0,4.061192462108873
14983,3.7933291541658556,0,0,3.7933291541658556
14984,3.7933291541658556,0,0,3.7933291541658556
14985,3.7933291541658556,0,0,3.7933291541658556
14986,3.793329154165857,0,0,3.793329154165857
14987,4.282069178237875,0,0,4.282069178237875
14988,4.282069178237875,0,0,4.282069178237875
14989,4.282069178237875,0,0,4.282069178237875
14990,4.283495223856388,0,0,4.283495223856388
14991,3.3673026414026563,0,0,3.3673026414026563
14992,3.445408027882091,0,0,3.445408027882091
14993,3.585097675216284,0,0,3.585097675216284
14994,3.739818179891964,0,0,3.739818179891964
14995,3.0739018148674213,0,0,3.0739018148674213
14996,3.073901814867423,0,0,3.073901814867423
14997,3.073901814867423,0,0,3.073901814867423
14998,3.073901814867423,0,0,3.073901814867423
14999,3.073684981494879,0,0,3.073684981494879
15000,3.073684981494879,0,0,3.073684981494879
15001,3.073684981494879,0,0,3.073684981494879
15002,3.0736849814948823,0,0,3.0736849814948823
15003,4.359254374248242,0,0,4.359254374248242
15004,4.218467362307427,0,0,4.218467362307427
15005,4.218467362307427,0,0,4.218467362307427
15006,4.218467362307425,0,0,4.218467362307425
15007,4.218467362307425,0,0,4.218467362307425
15008,4.250075337701392,0,0,4.250075337701392
15009,4.145479453149268,0,0,4.145479453149268
15010,4.145479453149271,0,0,4.145479453149271
15011,4.145479453149271,0,0,4.145479453149271
15012,4.249848453301087,0,0,4.249848453301087
15013,4.249848453301087,0,0,4.249848453301087
15014,4.251470647206376,0,0,4.251470647206376
15015,4.2186653170191555,0,0,4.2186653170191555
15016,1.2965248689413094,0,0,1.2965248689413094
15017,1.5354025618124447,0,0,1.5354025618124447
15018,1.5354025618124447,0,0,1.5354025618124447
15019,1.5354025618124447,0,0,1.5354025618124447
15020,1.5354025618124518,0,0,1.5354025618124518
15021,4.27804025595499,0,0,4.27804025595499
15022,4.277658868520728,0,0,4.277658868520728
15023,4.277488020875603,0,0,4.277488020875603
15024,4.277488020875603,0,0,4.277488020875603
15025,4.277488020875603,0,0,4.277488020875603
15026,4.277488020875603,0,0,4.277488020875603
15027,4.277488020875603,0,0,4.277488020875603
15028,4.624274249126019,0,0,4.624274249126019
15029,4.622959786035692,0,0,4.622959786035692
15030,4.6229597860356915,0,0,4.6229597860356915
15031,4.6229597860356915,0,0,4.6229597860356915
15032,4.6229597860356915,0,0,4.6229597860356915
15033,4.6229597860356915,0,0,4.6229597860356915
15034,4.544432726437194,0,0,4.544432726437194
15035,4.544432726437196,0,0,4.544432726437196
15036,4.544580012740868,0,0,4.544580012740868
15037,4.544580012740868,0,0,4.544580012740868
15038,4.544580012740868,0,0,4.544580012740868
15039,4.544580012740868,0,0,4.544580012740868
15040,4.544580012740868,0,0,4.544580012740868
15041,4.050108720573129,0,0,4.050108720573129
15042,4.050108720573126,0,0,4.050108720573126
15043,4.050108720573126,0,0,4.050108720573126
15044,4.0501087205731245,0,0,4.0501087205731245
15045,3.923666632387014,0,0,3.923666632387014
15046,3.829237423734092,0,0,3.829237423734092
15047,3.9234445411424614,0,0,3.9234445411424614
15048,3.923444541142464,0,0,3.923444541142464
15049,3.923444541142464,0,0,3.923444541142464
15050,3.923220855131598,0,0,3.923220855131598
15051,3.923220855131598,0,0,3.923220855131598
15052,3.923220855131598,0,0,3.923220855131598
15053,3.923220855131598,0,0,3.923220855131598
15054,2.5933067614810255,0,0,2.5933067614810255
15055,2.5933067614810255,0,0,2.5933067614810255
15056,2.5933067614810295,0,0,2.5933067614810295
15057,1.0070340689002986,0,0,1.0070340689002986
15058,4.590428412183929e-06,0,0,4.590428412183929e-06
15059,1.5727256202409836e-05,0,0,1.5727256202409836e-05
15060,1.3773703585018328e-05,0,0,1.3773703585018328e-05
15061,1.3773703585018328e-05,0,0,1.3773703585018328e-05
15062,1.3773703585018328e-05,0,0,1.3773703585018328e-05
15063,1.3773703585018328e-05,0,0,1.3773703585018328e-05
15064,1.3773703585018328e-05,0,0,1.3773703585018328e-05
15065,1.377531558146425e-05,0,0,1.377531558146425e-05
15066,1.377531558146425e-05,0,0,1.377531558146425e-05
15067,1.377531558146425e-05,0,0,1.377531558146425e-05
15068,1.377531558146425e-05,0,0,1.377531558146425e-05
15069,1.377531558146425e-05,0,0,1.377531558146425e-05
15070,1.377531558146425e-05,0,0,1.377531558146425e-05
15071,1.5726903237000996e-05,0,0,1.5726903237000996e-05
15072,1.5726903237000996e-05,0,0,1.5726903237000996e-05
15073,1.3773703585018328e-05,0,0,1.3773703585018328e-05
15074,1.3773703585018328e-05,0,0,1.3773703585018328e-05
15075,1.3773703585018328e-05,0,0,1.3773703585018328e-05
15076,1.3773703585018328e-05,0,0,1.3773703585018328e-05
15077,1.3773703585018328e-05,0,0,1.3773703585018328e-05
15078,1.377531558146425e-05,0,0,1.377531558146425e-05
15079,1.377531558146425e-05,0,0,1.377531558146425e-05
15080,1.377531558146425e-05,0,0,1.377531558146425e-05
15081,1.377531558146425e-05,0,0,1.377531558146425e-05
15082,1.377531558146425e-05,0,0,1.377531558146425e-05
15083,1.377531558146425e-05,0,0,1.377531558146425e-05
15084,1.5726903237000996e-05,0,0,1.5726903237000996e-05
15085,1.5727256202409836e-05,0,0,1.5727256202409836e-05
15086,1.3773703585018328e-05,0,0,1.3773703585018328e-05
15087,1.3773703585018328e-05,0,0,1.3773703585018328e-05
15088,1.3773703585018328e-05,0,0,1.3773703585018328e-05
15089,1.3773703585018328e-05,0,0,1.3773703585018328e-05
15090,1.3773703585018328e-05,0,0,1.3773703585018328e-05
15091,1.377531558146425e-05,0,0,1.377531558146425e-05
15092,1.377531558146425e-05,0,0,1.377531558146425e-05
15093,1.377531558146425e-05,0,0,1.377531558146425e-05
15094,1.377531558146425e-05,0,0,1.377531558146425e-05
15095,1.377531558146425e-05,0,0,1.377531558146425e-05
15096,1.377531558146425e-05,0,0,1.377531558146425e-05
15097,1.5726903237000996e-05,0,0,1.5726903237000996e-05
15098,1.5726903237000996e-05,0,0,1.5726903237000996e-05
15099,1.3773703585018328e-05,0,0,1.3773703585018328e-05
15100,1.3773703585018328e-05,0,0,1.3773703585018328e-05
15101,1.3773703585018328e-05,0,0,1.3773703585018328e-05
15102,1.3773703585018328e-05,0,0,1.3773703585018328e-05
15103,1.3773703585018328e-05,0,0,1.3773703585018328e-05
15104,1.377531558146425e-05,0,0,1.377531558146425e-05
15105,1.377531558146425e-05,0,0,1.377531558146425e-05
15106,1.377531558146425e-05,0,0,1.377531558146425e-05
15107,1.377531558146425e-05,0,0,1.377531558146425e-05
15108,1.377531558146425e-05,0,0,1.377531558146425e-05
15109,1.377531558146425e-05,0,0,1.377531558146425e-05
15110,4.590428412183929e-06,0,0,4.590428412183929e-06
15111,1.0727312604621293,0,0,1.0727312604621293
15112,1.191952717563595,0,0,1.191952717563595
15113,1.191952717563595,0,0,1.191952717563595
15114,1.191952717563595,0,0,1.191952717563595
15115,1.191952717563595,0,0,1.191952717563595
15116,1.191952717563595,0,0,1.191952717563595
15117,1.191952717563595,0,0,1.191952717563595
15118,1.191952717563595,0,0,1.191952717563595
15119,1.191952717563595,0,0,1.191952717563595
15120,1.191952717563595,0,0,1.191952717563595
15121,1.191952717563595,0,0,1.191952717563595
15122,1.0256260155540033,0,0,1.0256260155540033
15123,1.1730708740393954,0,0,1.1730708740393954
15124,1.1749904545048169,0,0,1.1749904545048169
15125,1.5920684661658795,0,0,1.5920684661658795
15126,1.5358181368841481,0,0,1.5358181368841481
15127,1.5358181368841481,0,0,1.5358181368841481
15128,1.5358181368841481,0,0,1.5358181368841481
15129,1.5358181368841481,0,0,1.5358181368841481
15130,1.536072633769909,0,0,1.536072633769909
15131,1.536072633769909,0,0,1.536072633769909
15132,1.536072633769909,0,0,1.536072633769909
15133,1.536072633769909,0,0,1.536072633769909
15134,1.536072633769909,0,0,1.536072633769909
15135,1.536072633769909,0,0,1.536072633769909
15136,4.1921462899702835,0,0,4.1921462899702835
15137,4.1921462899702835,0,0,4.1921462899702835
15138,4.192146289970286,0,0,4.192146289970286
15139,4.2907072513654,0,0,4.2907072513654
15140,4.650598922259386,0,0,4.650598922259386
15141,4.650598922259386,0,0,4.650598922259386
15142,4.650598922259383,0,0,4.650598922259383
15143,4.650598922259383,0,0,4.650598922259383
15144,4.650598922259383,0,0,4.650598922259383
15145,4.650598922259383,0,0,4.650598922259383
15146,4.210434958366629,0,0,4.210434958366629
15147,4.210434958366629,0,0,4.210434958366629
15148,4.210434958366629,0,0,4.210434958366629
15149,3.270969198702231,0,0,3.270969198702231
15150,3.270969198702231,0,0,3.270969198702231
15151,3.2709691987022347,0,0,3.2709691987022347
15152,3.0119807307768003,0,0,3.0119807307768003
15153,3.0117157233046665,0,0,3.0117157233046665
15154,3.0117157233046665,0,0,3.0117157233046665
15155,3.0117157233046665,0,0,3.0117157233046665
15156,2.760253380872379,0,0,2.760253380872379
15157,2.7607751068706,0,0,2.7607751068706
15158,2.7607751068706,0,0,2.7607751068706
15159,1.3563520542003094,0,0,1.3563520542003094
15160,1.356352054200293,0,0,1.356352054200293
15161,1.0198378270687065,0,0,1.0198378270687065
15162,0.8114778861461608,0,0,0.8114778861461608
15163,1.9735262728953105,0,0,1.9735262728953105
15164,1.7849021200971098,0,0,1.7849021200971098
15165,1.6123618024744242,0,0,1.6123618024744242
15166,0.4905628007223505,0,0,0.4905628007223505
15167,0.4905628007223505,0,0,0.4905628007223505
15168,0.4905628007223505,0,0,0.4905628007223505
15169,0.4905628007223505,0,0,0.4905628007223505
15170,0.4905628007223505,0,0,0.4905628007223505
15171,0.5817836315877207,0,0,0.5817836315877207
15172,0.5813064373051867,0,0,0.5813064373051867
15173,0.5813064373051867,0,0,0.5813064373051867
15174,0.5813064373051772,0,0,0.5813064373051772
15175,0.515638617993778,0,0,0.515638617993778
15176,0.5412821046727186,0,0,0.5412821046727186
15177,0.5412821046727186,0,0,0.5412821046727186
15178,0.5412821046727186,0,0,0.5412821046727186
15179,0.5409361052191776,0,0,0.5409361052191776
15180,0.5409361052191776,0,0,0.5409361052191776
15181,0.5409361052191776,0,0,0.5409361052191776
15182,0.5409361052191776,0,0,0.5409361052191776
15183,0.5409361052191468,0,0,0.5409361052191468
15184,0.5409361052191468,0,0,0.5409361052191468
15185,2.5865524541866747,0,0,2.5865524541866747
15186,2.5176698837417195,0,0,2.5176698837417195
15187,2.5176698837417284,0,0,2.5176698837417284
15188,2.5176698837417284,0,0,2.5176698837417284
15189,2.517713894733778,0,0,2.517713894733778
15190,2.517713894733778,0,0,2.517713894733778
15191,2.517713894733778,0,0,2.517713894733778
15192,2.517713894733778,0,0,2.517713894733778
15193,2.5177554993788367,0,0,2.5177554993788367
15194,2.5232247632595,0,0,2.5232247632595
15195,2.3079872607494205,0,0,2.3079872607494205
15196,2.11129741180905,0,0,2.11129741180905
15197,1.5538973518129773,0,0,1.5538973518129773
15198,1.5538973518129773,0,0,1.5538973518129773
15199,1.5538973518129773,0,0,1.5538973518129773
15200,1.553897351812963,0,0,1.553897351812963
15201,1.553897351812963,0,0,1.553897351812963
15202,1.553897351812963,0,0,1.553897351812963
15203,1.553897351812963,0,0,1.553897351812963
15204,1.553897351812963,0,0,1.553897351812963
15205,1.748606928400926,0,0,1.748606928400926
15206,1.8111561210743645,0,0,1.8111561210743645
15207,1.7850874391587732,0,0,1.7850874391587732
15208,1.7850874391587732,0,0,1.7850874391587732
15209,1.785152058504214,0,0,1.785152058504214
15210,1.785152058504214,0,0,1.785152058504214
15211,1.7851520585042233,0,0,1.7851520585042233
15212,1.7851520585042233,0,0,1.7851520585042233
15213,1.7851520585042295,0,0,1.7851520585042295
15214,1.7853095827679266,0,0,1.7853095827679266
15215,1.6999201822513808,0,0,1.6999201822513808
15216,1.7250965309730826,0,0,1.7250965309730826
15217,1.7250965309730826,0,0,1.7250965309730826
15218,1.7250965309730761,0,0,1.7250965309730761
15219,1.8947970738874669,0,0,1.8947970738874669
15220,1.8947970738874669,0,0,1.8947970738874669
15221,1.8770373658332336,0,0,1.8770373658332336
15222,1.8770373658332336,0,0,1.8770373658332336
15223,1.8771895895256498,0,0,1.8771895895256498
15224,0.011677854435670033,1,0,0.011677854435670033
15225,0.011765528276584298,1,0,0.011765528276584298
15226,0.011142161352533765,1,0,0.011142161352533765
15227,0.011142161352533765,1,0,0.011142161352533765
15228,0.011142161352533765,1,0,0.011142161352533765
15229,0.011142186933497899,1,0,0.011142186933497899
15230,0.010668086458748047,1,0,0.010668086458748047
15231,0.010668086457707351,1,0,0.010668086457707351
15232,0.011557236823924117,1,0,0.011557236823924117
15233,0.011557233722048917,1,0,0.011557233722048917
15234,0.011821657611315862,1,0,0.011821657611315862
15235,0.01134234521581607,1,0,0.01134234521581607
15236,0.01134234521581607,1,0,0.01134234521581607
15237,0.011437763183734503,1,0,0.011437763183734503
15238,0.011444394189439338,1,0,0.011444394189439338
15239,0.011446533662057107,1,0,0.011446533662057107
15240,0.010218537580434664,1,0,0.010218537580434664
15241,0.010633315821542037,1,0,0.010633315821542037
15242,0.011674767680943584,1,0,0.011674767680943584
15243,0.011674767680943584,1,0,0.011674767680943584
15244,0.011674507231651204,1,0,0.011674507231651204
15245,0.010698622867649004,1,0,0.010698622867649004
15246,0.011205905838931916,1,0,0.011205905838931916
15247,0.011205905838931916,1,0,0.011205905838931916
15248,0.011813954426286171,1,0,0.011813954426286171
15249,0.011894497685424867,1,0,0.011894497685424867
15250,0.01213435887947447,1,0,0.01213435887947447
15251,0.01213435887947447,1,0,0.01213435887947447
15252,0.012269183980752555,1,0,0.012269183980752555
15253,0.012269183980752555,1,0,0.012269183980752555
15254,0.0119144186528332,1,0,0.0119144186528332
15255,0.01052718073868124,1,0,0.01052718073868124
15256,0.01161932045794355,1,0,0.01161932045794355
15257,0.01161932045794355,1,0,0.01161932045794355
15258,0.011619320458421298,1,0,0.011619320458421298
15259,0.011623598375280047,1,0,0.011623598375280047
15260,0.011623813279170258,1,0,0.011623813279170258
15261,0.011623714422040375,1,0,0.011623714422040375
15262,0.011623662624412095,1,0,0.011623662624412095
15263,0.011697481546792315,1,0,0.011697481546792315
15264,0.01159910547500338,1,0,0.01159910547500338
15265,0.01130425707172422,1,0,0.01130425707172422
15266,0.01130425707172422,1,0,0.01130425707172422
15267,0.011371744664454802,1,0,0.011371744664454802
15268,0.011373433497401978,1,0,0.011373433497401978
15269,0.01168157697195558,1,0,0.01168157697195558
15270,0.011681576971480376,1,0,0.011681576971480376
15271,0.01172104655581787,1,0,0.01172104655581787
15272,0.01172104655581787,1,0,0.01172104655581787
15273,0.011721046600810093,1,0,0.011721046600810093
15274,6.332535965576185,0,1,6.332535965576185
15275,6.332535965576185,0,1,6.332535965576185
15276,6.269934404655677,0,1,6.269934404655677
15277,6.269934404655677,0,1,6.269934404655677
15278,6.224912548143728,0,1,6.224912548143728
15279,6.224912548143728,0,1,6.224912548143728
15280,6.224912548143728,0,1,6.224912548143728
15281,6.225051679411639,0,1,6.225051679411639
15282,6.375216601870175,0,1,6.375216601870175
15283,6.374719683282923,0,1,6.374719683282923
15284,6.317686759954481,0,1,6.317686759954481
15285,6.22741282045883,0,1,6.22741282045883
15286,6.221661978445821,0,1,6.221661978445821
15287,6.224921200845886,0,1,6.224921200845886
15288,6.220844076531064,0,1,6.220844076531064
15289,6.151524390049932,0,1,6.151524390049932
15290,6.151240792980399,0,1,6.151240792980399
15291,5.760391540218601,0,1,5.760391540218601
15292,5.687150408264431,0,1,5.687150408264431
15293,6.1042574174408735,0,1,6.1042574174408735
15294,5.745598765563871,0,1,5.745598765563871
15295,5.745598765563871,0,1,5.745598765563871
15296,5.21704202697253,0,0,5.21704202697253
15297,5.21704202697253,0,0,5.21704202697253
15298,3.5775868233546717,0,0,3.5775868233546717
15299,3.577586823354675,0,0,3.577586823354675
15300,3.5776556788916234,0,0,3.5776556788916234
15301,3.5776556788916216,0,0,3.5776556788916216
15302,4.280994014124265,0,0,4.280994014124265
15303,4.280994014124265,0,0,4.280994014124265
15304,4.717989139754288,0,0,4.717989139754288
15305,4.717989139754288,0,0,4.717989139754288
15306,4.625060374124604,0,0,4.625060374124604
15307,4.625060374124605,0,0,4.625060374124605
15308,4.625060374124605,0,0,4.625060374124605
15309,4.594537420248155,0,0,4.594537420248155
15310,4.594537420248155,0,0,4.594537420248155
15311,4.989512592938367,0,0,4.989512592938367
15312,4.9891194028930705,0,0,4.9891194028930705
15313,4.704029201081706,0,0,4.704029201081706
15314,4.704029201081706,0,0,4.704029201081706
15315,4.704171597332096,0,0,4.704171597332096
15316,5.12107180257019,0,0,5.12107180257019
15317,4.882713175904412,0,0,4.882713175904412
15318,4.882713175904412,0,0,4.882713175904412
15319,4.882713175904412,0,0,4.882713175904412
15320,4.789013130311697,0,0,4.789013130311697
15321,4.657672899818964,0,0,4.657672899818964
15322,4.391554318468966,0,0,4.391554318468966
15323,4.391554318468966,0,0,4.391554318468966
15324,4.392173500073122,0,0,4.392173500073122
15325,4.392173500073122,0,0,4.392173500073122
15326,4.392197229837383,0,0,4.392197229837383
15327,4.392197229837383,0,0,4.392197229837383
15328,4.354294821566957,0,0,4.354294821566957
15329,4.297796946181377,0,0,4.297796946181377
15330,4.298326603364696,0,0,4.298326603364696
15331,4.227951113328789,0,0,4.227951113328789
15332,1.9793232872779185,0,0,1.9793232872779185
15333,1.9793232872779185,0,0,1.9793232872779185
15334,1.9793232872779185,0,0,1.9793232872779185
15335,1.9793232872779156,0,0,1.9793232872779156
15336,1.9793232872779156,0,0,1.9793232872779156
15337,2.2155465640400185,0,0,2.2155465640400185
15338,2.2066503850016126,0,0,2.2066503850016126
15339,2.2066503850016126,0,0,2.2066503850016126
15340,2.2062796018967767,0,0,2.2062796018967767
15341,2.2062796018967767,0,0,2.2062796018967767
15342,2.0843499853600016,0,0,2.0843499853600016
15343,1.0208943725575077,0,0,1.0208943725575077
15344,1.0208943725575077,0,0,1.0208943725575077
15345,1.0208943725575077,0,0,1.0208943725575077
15346,1.0208943725575024,0,0,1.0208943725575024
15347,2.250852965291517,0,0,2.250852965291517
15348,3.0536961005713867,0,0,3.0536961005713867
15349,3.053641352128028,0,0,3.053641352128028
15350,3.053641352128028,0,0,3.053641352128028
15351,3.0535851711893436,0,0,3.0535851711893436
15352,3.0904563981950353,0,0,3.0904563981950353
15353,3.0910490959903196,0,0,3.0910490959903196
15354,3.0910490959903196,0,0,3.0910490959903196
15355,3.0910490959903214,0,0,3.0910490959903214
15356,3.0910490959903214,0,0,3.0910490959903214
15357,3.091049095990318,0,0,3.091049095990318
15358,2.9226975995515354,0,0,2.9226975995515354
15359,2.9226975995515354,0,0,2.9226975995515354
15360,2.922697599551537,0,0,2.922697599551537
15361,2.3470476567263283,0,0,2.3470476567263283
15362,2.3470476567263283,0,0,2.3470476567263283
15363,2.347047656726324,0,0,2.347047656726324
15364,2.347047656726324,0,0,2.347047656726324
15365,2.346773836732011,0,0,2.346773836732011
15366,2.346773836732011,0,0,2.346773836732011
15367,2.849758325864053,0,0,2.849758325864053
15368,3.5583108649707205,0,0,3.5583108649707205
15369,3.558241046647658,0,0,3.558241046647658
15370,2.439581551637279,0,0,2.439581551637279
15371,2.4395815516372767,0,0,2.4395815516372767
15372,2.4395815516372767,0,0,2.4395815516372767
15373,2.4395815516372767,0,0,2.4395815516372767
15374,2.4304512135357896,0,0,2.4304512135357896
15375,2.430451213535792,0,0,2.430451213535792
15376,2.430436247061818,0,0,2.430436247061818
15377,2.8288133633383343,0,0,2.8288133633383343
15378,2.420534030637957,0,0,2.420534030637957
15379,2.060223755869865,0,0,2.060223755869865
15380,2.060223755869865,0,0,2.060223755869865
15381,2.060223755869865,0,0,2.060223755869865
15382,2.55878051733831,0,0,2.55878051733831
15383,3.1140935134789114,0,0,3.1140935134789114
15384,3.11382074485411,0,0,3.11382074485411
15385,3.11382074485411,0,0,3.11382074485411
15386,3.113820744854108,0,0,3.113820744854108
15387,3.5855340813558425,0,0,3.5855340813558425
15388,3.6590078327935585,0,0,3.6590078327935585
15389,3.6590078327935585,0,0,3.6590078327935585
15390,3.6590078327935585,0,0,3.6590078327935585
15391,3.6590078327935602,0,0,3.6590078327935602
15392,3.6590078327935602,0,0,3.6590078327935602
15393,3.6590078327935602,0,0,3.6590078327935602
15394,3.6590078327935602,0,0,3.6590078327935602
15395,3.6590078327935602,0,0,3.6590078327935602
15396,3.6590078327935602,0,0,3.6590078327935602
15397,3.632581867308538,0,0,3.632581867308538
15398,3.9110581229747554,0,0,3.9110581229747554
15399,3.9110581229747554,0,0,3.9110581229747554
15400,3.9110581229747554,0,0,3.9110581229747554
15401,3.9110581229747554,0,0,3.9110581229747554
15402,4.128641848508356,0,0,4.128641848508356
15403,4.128174577971247,0,0,4.128174577971247
15404,4.128174577971247,0,0,4.128174577971247
15405,4.128174577971247,0,0,4.128174577971247
15406,4.180447340828254,0,0,4.180447340828254
15407,4.31967734563198,0,0,4.31967734563198
15408,3.781541287879849,0,0,3.781541287879849
15409,3.781541287879849,0,0,3.781541287879849
15410,3.7774669958452582,0,0,3.7774669958452582
15411,3.7774669958452582,0,0,3.7774669958452582
15412,4.633905053590248,0,0,4.633905053590248
15413,4.633905053590248,0,0,4.633905053590248
15414,4.633905053590248,0,0,4.633905053590248
15415,4.633905053590248,0,0,4.633905053590248
15416,4.63390505359025,0,0,4.63390505359025
15417,4.382416637719018,0,0,4.382416637719018
15418,4.332131289680871,0,0,4.332131289680871
15419,4.332131289680871,0,0,4.332131289680871
15420,4.332131289680871,0,0,4.332131289680871
15421,4.603990935913654,0,0,4.603990935913654
15422,4.479747650852569,0,0,4.479747650852569
15423,4.5041747700141475,0,0,4.5041747700141475
15424,4.277120866838891,0,0,4.277120866838891
15425,4.277120866838891,0,0,4.277120866838891
15426,4.179133481332592,0,0,4.179133481332592
15427,4.539792108640309,0,0,4.539792108640309
15428,4.539792108640308,0,0,4.539792108640308
15429,4.539792108640308,0,0,4.539792108640308
15430,4.373449980151451,0,0,4.373449980151451
15431,4.609725040585105,0,0,4.609725040585105
15432,4.205087074634998,0,0,4.205087074634998
15433,4.2050870746349975,0,0,4.2050870746349975
15434,4.2050870746349975,0,0,4.2050870746349975
15435,4.2050870746349975,0,0,4.2050870746349975
15436,4.269078867718689,0,0,4.269078867718689
15437,3.7857610741529024,0,0,3.7857610741529024
15438,3.3486627490227194,0,0,3.3486627490227194
15439,3.3486627490227194,0,0,3.3486627490227194
15440,3.2644386222571864,0,0,3.2644386222571864
15441,3.2646275011108314,0,0,3.2646275011108314
15442,3.4026104851907575,0,0,3.4026104851907575
15443,3.4026104851907575,0,0,3.4026104851907575
15444,3.4026104851907575,0,0,3.4026104851907575
15445,3.4026104851907575,0,0,3.4026104851907575
15446,3.4978084126161657,0,0,3.4978084126161657
15447,2.5038531953255427,0,0,2.5038531953255427
15448,2.5038531953255427,0,0,2.5038531953255427
15449,2.5038531953255427,0,0,2.5038531953255427
15450,2.5038531953255427,0,0,2.5038531953255427
15451,2.8288133633383343,0,0,2.8288133633383343
15452,2.420534030637957,0,0,2.420534030637957
15453,2.060223755869865,0,0,2.060223755869865
15454,2.060223755869865,0,0,2.060223755869865
15455,2.060223755869865,0,0,2.060223755869865
15456,2.55878051733831,0,0,2.55878051733831
15457,4.167541188927623,0,0,4.167541188927623
15458,4.167541188927623,0,0,4.167541188927623
15459,4.167541188927623,0,0,4.167541188927623
15460,4.167541188927623,0,0,4.167541188927623
15461,4.562330920189343,0,0,4.562330920189343
15462,4.777412387063838,0,0,4.777412387063838
15463,5.168469187562524,0,0,5.168469187562524
15464,5.168469187562524,0,0,5.168469187562524
15465,5.168469187562524,0,0,5.168469187562524
15466,5.168469187562524,0,0,5.168469187562524
15467,5.222189566763757,0,0,5.222189566763757
15468,5.668613373934797,0,1,5.668613373934797
15469,5.668613373934797,0,1,5.668613373934797
15470,5.613064048072943,0,1,5.613064048072943
15471,5.613064048072943,0,1,5.613064048072943
15472,5.466413350451578,0,0,5.466413350451578
15473,5.466413350451578,0,0,5.466413350451578
15474,5.466413350451579,0,0,5.466413350451579
15475,5.466413350451579,0,0,5.466413350451579
15476,5.466413350451579,0,0,5.466413350451579
15477,4.931275439785164,0,0,4.931275439785164
15478,4.905037643816992,0,0,4.905037643816992
15479,4.905037643816992,0,0,4.905037643816992
15480,4.905037643816992,0,0,4.905037643816992
15481,4.905037643816992,0,0,4.905037643816992
15482,4.24235060012055,0,0,4.24235060012055
15483,3.8398601346969303,0,0,3.8398601346969303
15484,3.8398601346969303,0,0,3.8398601346969303
15485,3.8398601346969303,0,0,3.8398601346969303
15486,3.806598913915451,0,0,3.806598913915451
15487,3.6450141639867795,0,0,3.6450141639867795
15488,3.6450141639867795,0,0,3.6450141639867795
15489,3.103202488671375,0,0,3.103202488671375
15490,3.1032024886713767,0,0,3.1032024886713767
15491,3.1032024886713767,0,0,3.1032024886713767
15492,3.001833422830402,0,0,3.001833422830402
15493,3.001833422830402,0,0,3.001833422830402
15494,3.001833422830402,0,0,3.001833422830402
15495,1.6423339207471663,0,0,1.6423339207471663
15496,1.4206576136505056,0,0,1.4206576136505056
15497,1.3922762305519405,0,0,1.3922762305519405
15498,1.3922762305519405,0,0,1.3922762305519405
15499,1.3922762305519405,0,0,1.3922762305519405
15500,1.3922762305519405,0,0,1.3922762305519405
15501,1.3410649516533684,0,0,1.3410649516533684
