Index,Decision_Score,Predicted_Label
0,-9.004473895402043e-07,0
1,-9.004473895402043e-07,0
2,-9.004473895402043e-07,0
3,-9.004473895402043e-07,0
4,-9.004473895402043e-07,0
5,-9.004473895402043e-07,0
6,-0.32950809457167907,0
7,-9.004473895402043e-07,0
8,-9.004473895402043e-07,0
9,-9.004473895402043e-07,0
10,-9.004473895402043e-07,0
11,-9.004473895402043e-07,0
12,-0.28595247955843206,0
13,-9.004473895402043e-07,0
14,-9.004473895402043e-07,0
15,-9.004473895402043e-07,0
16,-9.004473895402043e-07,0
17,-9.004473895402043e-07,0
18,-0.28595247955843206,0
19,-9.004473895402043e-07,0
20,-9.004473895402043e-07,0
21,-9.004473895402043e-07,0
22,-9.004473895402043e-07,0
23,-9.004473895402043e-07,0
24,-0.32950809457167907,0
25,-9.004473895402043e-07,0
26,-9.004473895402043e-07,0
27,-9.004473895402043e-07,0
28,-9.004473895402043e-07,0
29,-9.004473895402043e-07,0
30,-0.28595247955843206,0
31,-9.004473895402043e-07,0
32,-9.004473895402043e-07,0
33,-9.004473895402043e-07,0
34,-9.004473895402043e-07,0
35,-9.004473895402043e-07,0
36,-0.28595247955843206,0
37,-9.004473895402043e-07,0
38,-9.004473895402043e-07,0
39,-9.004473895402043e-07,0
40,-9.004473895402043e-07,0
41,-9.004473895402043e-07,0
42,-0.32950809457167907,0
43,-9.004473895402043e-07,0
44,-9.004473895402043e-07,0
45,-9.004473895402043e-07,0
46,-9.004473895402043e-07,0
47,-9.004473895402043e-07,0
48,-9.004473895402043e-07,0
49,-9.004473895402043e-07,0
50,-9.004473895402043e-07,0
51,-9.004473895402043e-07,0
52,-9.004473895402043e-07,0
53,-9.004473895402043e-07,0
54,-0.28595247955843206,0
55,-9.004473895402043e-07,0
56,-9.004473895402043e-07,0
57,-9.004473895402043e-07,0
58,-9.004473895402043e-07,0
59,-9.004473895402043e-07,0
60,-9.004473895402043e-07,0
61,-0.28209942319654147,0
62,-9.004473895402043e-07,0
63,-9.004473895402043e-07,0
64,-9.004473895402043e-07,0
65,-9.004473895402043e-07,0
66,-9.004473895402043e-07,0
67,-0.3535976003262249,0
68,-9.004473895402043e-07,0
69,-9.004473895402043e-07,0
70,-9.004473895402043e-07,0
71,-9.004473895402043e-07,0
72,-9.004473895402043e-07,0
73,-0.28595247955843206,0
74,-9.004473895402043e-07,0
75,-9.004473895402043e-07,0
76,-9.004473895402043e-07,0
77,-9.004473895402043e-07,0
78,-9.004473895402043e-07,0
79,-0.21137473892724756,0
80,-0.35436697993998223,0
81,-9.004473895402043e-07,0
82,-9.004473895402043e-07,0
83,-9.004473895402043e-07,0
84,-9.004473895402043e-07,0
85,-9.004473895402043e-07,0
86,-0.28595247955843206,0
87,-9.004473895402043e-07,0
88,-9.004473895402043e-07,0
89,-9.004473895402043e-07,0
90,-9.004473895402043e-07,0
91,-9.004473895402043e-07,0
92,-0.32950809457167907,0
93,-0.32950809457167907,0
94,-9.004473895402043e-07,0
95,-9.004473895402043e-07,0
96,-9.004473895402043e-07,0
97,-9.004473895402043e-07,0
98,-9.004473895402043e-07,0
99,-9.004473895402043e-07,0
100,-0.28595247955843206,0
101,-9.004473895402043e-07,0
102,-9.004473895402043e-07,0
103,-9.004473895402043e-07,0
104,-9.004473895402043e-07,0
105,-9.004473895402043e-07,0
106,-0.12430074745736874,0
107,-9.004473895402043e-07,0
108,-9.004473895402043e-07,0
109,-9.004473895402043e-07,0
110,-9.004473895402043e-07,0
111,-9.004473895402043e-07,0
112,-0.35436697993998223,0
113,-9.004473895402043e-07,0
114,-9.004473895402043e-07,0
115,-9.004473895402043e-07,0
116,-9.004473895402043e-07,0
117,-9.004473895402043e-07,0
118,-0.28595247955843206,0
119,-9.004473895402043e-07,0
120,-9.004473895402043e-07,0
121,-9.004473895402043e-07,0
122,-9.004473895402043e-07,0
123,-9.004473895402043e-07,0
124,-0.21137473892724756,0
125,-9.004473895402043e-07,0
126,-9.004473895402043e-07,0
127,-0.32950809457167907,0
128,-9.004473895402043e-07,0
129,-9.004473895402043e-07,0
130,-9.004473895402043e-07,0
131,-9.004473895402043e-07,0
132,-9.004473895402043e-07,0
133,-0.12430074745736874,0
134,-9.004473895402043e-07,0
135,-9.004473895402043e-07,0
136,-9.004473895402043e-07,0
137,-9.004473895402043e-07,0
138,-9.004473895402043e-07,0
139,-0.28595247955843206,0
140,-9.004473895402043e-07,0
141,-9.004473895402043e-07,0
142,-9.004473895402043e-07,0
143,-9.004473895402043e-07,0
144,-9.004473895402043e-07,0
145,-0.32950809457167907,0
146,-0.32950809457167907,0
147,-9.004473895402043e-07,0
148,-9.004473895402043e-07,0
149,-9.004473895402043e-07,0
150,-9.004473895402043e-07,0
151,-9.004473895402043e-07,0
152,0.919190922764983,1
153,-9.004473895402043e-07,0
154,-9.004473895402043e-07,0
155,-9.004473895402043e-07,0
156,-9.004473895402043e-07,0
157,-9.004473895402043e-07,0
158,-0.28595247955843206,0
159,-9.004473895402043e-07,0
160,-9.004473895402043e-07,0
161,-9.004473895402043e-07,0
162,-9.004473895402043e-07,0
163,-9.004473895402043e-07,0
164,-0.28595247955843206,0
165,-9.004473895402043e-07,0
166,-9.004473895402043e-07,0
167,-9.004473895402043e-07,0
168,-9.004473895402043e-07,0
169,-9.004473895402043e-07,0
170,-0.28595247955843206,0
171,-9.004473895402043e-07,0
172,-9.004473895402043e-07,0
173,-9.004473895402043e-07,0
174,-9.004473895402043e-07,0
175,-9.004473895402043e-07,0
176,-0.28595247955843206,0
177,-9.004473895402043e-07,0
178,-9.004473895402043e-07,0
179,-9.004473895402043e-07,0
180,-9.004473895402043e-07,0
181,-9.004473895402043e-07,0
182,-0.28595247955843206,0
183,-9.004473895402043e-07,0
184,-9.004473895402043e-07,0
185,-9.004473895402043e-07,0
186,-9.004473895402043e-07,0
187,-9.004473895402043e-07,0
188,-0.28595247955843206,0
189,-9.004473895402043e-07,0
190,-9.004473895402043e-07,0
191,-9.004473895402043e-07,0
192,-9.004473895402043e-07,0
193,-9.004473895402043e-07,0
194,-0.12430074745736874,0
195,-9.004473895402043e-07,0
196,-9.004473895402043e-07,0
197,-9.004473895402043e-07,0
198,-9.004473895402043e-07,0
199,-9.004473895402043e-07,0
200,-0.12430074745736874,0
201,-9.004473895402043e-07,0
202,-9.004473895402043e-07,0
203,-9.004473895402043e-07,0
204,-9.004473895402043e-07,0
205,-9.004473895402043e-07,0
206,-0.32950809457167907,0
207,-9.004473895402043e-07,0
208,-9.004473895402043e-07,0
209,-9.004473895402043e-07,0
210,-9.004473895402043e-07,0
211,-9.004473895402043e-07,0
212,-0.28595247955843206,0
213,-9.004473895402043e-07,0
214,-9.004473895402043e-07,0
215,-9.004473895402043e-07,0
216,-9.004473895402043e-07,0
217,-9.004473895402043e-07,0
218,-0.28595247955843206,0
219,-9.004473895402043e-07,0
220,-9.004473895402043e-07,0
221,-9.004473895402043e-07,0
222,-9.004473895402043e-07,0
223,-9.004473895402043e-07,0
224,-0.3535976003262249,0
225,-9.004473895402043e-07,0
226,-9.004473895402043e-07,0
227,-0.0042875259291577095,0
228,-9.004473895402043e-07,0
229,-9.004473895402043e-07,0
230,-0.2801175569060206,0
231,-9.004473895402043e-07,0
232,-9.004473895402043e-07,0
233,-0.28595247955843206,0
234,-9.004473895402043e-07,0
235,-9.004473895402043e-07,0
236,0.13051701723099995,1
237,-9.004473895402043e-07,0
238,-9.004473895402043e-07,0
239,-0.32950809457167907,0
240,-9.004473895402043e-07,0
241,-9.004473895402043e-07,0
242,-0.28595247955843206,0
243,-9.004473895402043e-07,0
244,-9.004473895402043e-07,0
245,-0.32950809457167907,0
246,-9.004473895402043e-07,0
247,-9.004473895402043e-07,0
248,-9.004473895402043e-07,0
249,-9.004473895402043e-07,0
250,-9.004473895402043e-07,0
251,-0.32950809457167907,0
252,-9.004473895402043e-07,0
253,-9.004473895402043e-07,0
254,-0.28595247955843206,0
255,-9.004473895402043e-07,0
256,-9.004473895402043e-07,0
257,-0.28595247955843206,0
258,-9.004473895402043e-07,0
259,-9.004473895402043e-07,0
260,-0.28595247955843206,0
261,-9.004473895402043e-07,0
262,-9.004473895402043e-07,0
263,-0.28595247955843206,0
264,-9.004473895402043e-07,0
265,-9.004473895402043e-07,0
266,-0.28595247955843206,0
267,-9.004473895402043e-07,0
268,-9.004473895402043e-07,0
269,-0.28595247955843206,0
270,-9.004473895402043e-07,0
271,-9.004473895402043e-07,0
272,-0.28595247955843206,0
273,-9.004473895402043e-07,0
274,-9.004473895402043e-07,0
275,-0.28595247955843206,0
276,-9.004473895402043e-07,0
277,-9.004473895402043e-07,0
278,-0.28595247955843206,0
279,-9.004473895402043e-07,0
280,-9.004473895402043e-07,0
281,-0.28595247955843206,0
282,-9.004473895402043e-07,0
283,-9.004473895402043e-07,0
284,-0.28595247955843206,0
285,-9.004473895402043e-07,0
286,-9.004473895402043e-07,0
287,-0.28595247955843206,0
288,-9.004473895402043e-07,0
289,-9.004473895402043e-07,0
290,-9.004473895402043e-07,0
291,-0.28209942319654147,0
292,-0.3535976003262249,0
293,-0.28595247955843206,0
294,-0.28595247955843206,0
295,-0.28595247955843206,0
296,-0.35436697993998223,0
297,-0.35436697993998223,0
298,-0.28595247955843206,0
299,0.13051701723099995,1
300,-9.004473895402043e-07,0
301,0.13051701723099995,1
302,-0.21137473892724756,0
303,-0.35436697993998223,0
304,-0.28595247955843206,0
305,-0.28595247955843206,0
306,-0.28595247955843206,0
307,-0.28595247955843206,0
308,-0.28595247955843206,0
309,-0.35436697993998223,0
310,-9.004473895402043e-07,0
311,-0.12430074745736874,0
312,3.6075237449248334,1
313,-0.12430074745736874,0
314,-0.35436697993998223,0
315,-0.28595247955843206,0
316,-0.28595247955843206,0
317,0.919190922764983,1
318,-9.004473895402043e-07,0
319,-9.004473895402043e-07,0
320,-9.004473895402043e-07,0
321,-0.28595247955843206,0
322,-9.004473895402043e-07,0
323,-9.004473895402043e-07,0
324,-0.28595247955843206,0
325,-9.004473895402043e-07,0
326,-9.004473895402043e-07,0
327,3.6075237449248334,1
328,-9.004473895402043e-07,0
329,-9.004473895402043e-07,0
330,-9.004473895402043e-07,0
331,-9.004473895402043e-07,0
332,-9.004473895402043e-07,0
333,-9.004473895402043e-07,0
334,-9.004473895402043e-07,0
335,0.919190922764983,1
336,-9.004473895402043e-07,0
337,-9.004473895402043e-07,0
338,-9.004473895402043e-07,0
339,-9.004473895402043e-07,0
340,-9.004473895402043e-07,0
341,-9.004473895402043e-07,0
342,-9.004473895402043e-07,0
343,-0.12430074745736874,0
344,-9.004473895402043e-07,0
345,-9.004473895402043e-07,0
346,-9.004473895402043e-07,0
347,-9.004473895402043e-07,0
348,-9.004473895402043e-07,0
349,-9.004473895402043e-07,0
350,-9.004473895402043e-07,0
351,-0.28595247955843206,0
352,-9.004473895402043e-07,0
353,-9.004473895402043e-07,0
354,-9.004473895402043e-07,0
355,-9.004473895402043e-07,0
356,-9.004473895402043e-07,0
357,-9.004473895402043e-07,0
358,-9.004473895402043e-07,0
359,-0.28595247955843206,0
360,-9.004473895402043e-07,0
361,-9.004473895402043e-07,0
362,-9.004473895402043e-07,0
363,-9.004473895402043e-07,0
364,-9.004473895402043e-07,0
365,-9.004473895402043e-07,0
366,-9.004473895402043e-07,0
367,-0.21137473892724756,0
368,-9.004473895402043e-07,0
369,-9.004473895402043e-07,0
370,-9.004473895402043e-07,0
371,-9.004473895402043e-07,0
372,-9.004473895402043e-07,0
373,-9.004473895402043e-07,0
374,-9.004473895402043e-07,0
375,-0.32950809457167907,0
376,-9.004473895402043e-07,0
377,-9.004473895402043e-07,0
378,-9.004473895402043e-07,0
379,-9.004473895402043e-07,0
380,-9.004473895402043e-07,0
381,-9.004473895402043e-07,0
382,-9.004473895402043e-07,0
383,0.919190922764983,1
384,-9.004473895402043e-07,0
385,-9.004473895402043e-07,0
386,-9.004473895402043e-07,0
387,-9.004473895402043e-07,0
388,-9.004473895402043e-07,0
389,-9.004473895402043e-07,0
390,-9.004473895402043e-07,0
391,0.13051701723099995,1
392,-9.004473895402043e-07,0
393,-9.004473895402043e-07,0
394,-9.004473895402043e-07,0
395,-9.004473895402043e-07,0
396,-9.004473895402043e-07,0
397,-9.004473895402043e-07,0
398,-9.004473895402043e-07,0
399,-0.21137473892724756,0
400,-9.004473895402043e-07,0
401,-9.004473895402043e-07,0
402,-9.004473895402043e-07,0
403,-9.004473895402043e-07,0
404,-9.004473895402043e-07,0
405,-9.004473895402043e-07,0
406,-9.004473895402043e-07,0
407,-0.21137473892724756,0
408,-9.004473895402043e-07,0
409,-9.004473895402043e-07,0
410,-9.004473895402043e-07,0
411,-9.004473895402043e-07,0
412,-9.004473895402043e-07,0
413,-9.004473895402043e-07,0
414,-9.004473895402043e-07,0
415,0.13051701723099995,1
416,-9.004473895402043e-07,0
417,-9.004473895402043e-07,0
418,-9.004473895402043e-07,0
419,-9.004473895402043e-07,0
420,-9.004473895402043e-07,0
421,-9.004473895402043e-07,0
422,-9.004473895402043e-07,0
423,-0.21137473892724756,0
424,-9.004473895402043e-07,0
425,-9.004473895402043e-07,0
426,-9.004473895402043e-07,0
427,-9.004473895402043e-07,0
428,-9.004473895402043e-07,0
429,-9.004473895402043e-07,0
430,-9.004473895402043e-07,0
431,-0.21137473892724756,0
432,-9.004473895402043e-07,0
433,-9.004473895402043e-07,0
434,-9.004473895402043e-07,0
435,-9.004473895402043e-07,0
436,-9.004473895402043e-07,0
437,-9.004473895402043e-07,0
438,-9.004473895402043e-07,0
439,-0.28595247955843206,0
440,-9.004473895402043e-07,0
441,-9.004473895402043e-07,0
442,-9.004473895402043e-07,0
443,-9.004473895402043e-07,0
444,-9.004473895402043e-07,0
445,-9.004473895402043e-07,0
446,-9.004473895402043e-07,0
447,-0.28595247955843206,0
448,-9.004473895402043e-07,0
449,-9.004473895402043e-07,0
450,-9.004473895402043e-07,0
451,-9.004473895402043e-07,0
452,-9.004473895402043e-07,0
453,-9.004473895402043e-07,0
454,-9.004473895402043e-07,0
455,-0.28595247955843206,0
456,-9.004473895402043e-07,0
457,-9.004473895402043e-07,0
458,-9.004473895402043e-07,0
459,-9.004473895402043e-07,0
460,-9.004473895402043e-07,0
461,-9.004473895402043e-07,0
462,-9.004473895402043e-07,0
463,-0.28595247955843206,0
464,-9.004473895402043e-07,0
465,-9.004473895402043e-07,0
466,-9.004473895402043e-07,0
467,-9.004473895402043e-07,0
468,-9.004473895402043e-07,0
469,-9.004473895402043e-07,0
470,-9.004473895402043e-07,0
471,-0.28595247955843206,0
472,-9.004473895402043e-07,0
473,-9.004473895402043e-07,0
474,-9.004473895402043e-07,0
475,-9.004473895402043e-07,0
476,-9.004473895402043e-07,0
477,-9.004473895402043e-07,0
478,-9.004473895402043e-07,0
479,-0.28595247955843206,0
480,-9.004473895402043e-07,0
481,-9.004473895402043e-07,0
482,-9.004473895402043e-07,0
483,-9.004473895402043e-07,0
484,-9.004473895402043e-07,0
485,-9.004473895402043e-07,0
486,-9.004473895402043e-07,0
487,-0.28595247955843206,0
488,-9.004473895402043e-07,0
489,-9.004473895402043e-07,0
490,-9.004473895402043e-07,0
491,-9.004473895402043e-07,0
492,-9.004473895402043e-07,0
493,-9.004473895402043e-07,0
494,-9.004473895402043e-07,0
495,-0.28595247955843206,0
496,-9.004473895402043e-07,0
497,-9.004473895402043e-07,0
498,-9.004473895402043e-07,0
499,-9.004473895402043e-07,0
500,-9.004473895402043e-07,0
501,-9.004473895402043e-07,0
502,-9.004473895402043e-07,0
503,-0.28595247955843206,0
504,-9.004473895402043e-07,0
505,-9.004473895402043e-07,0
506,-9.004473895402043e-07,0
507,-9.004473895402043e-07,0
508,-9.004473895402043e-07,0
509,-9.004473895402043e-07,0
510,-9.004473895402043e-07,0
511,-0.28595247955843206,0
512,-9.004473895402043e-07,0
513,-9.004473895402043e-07,0
514,-9.004473895402043e-07,0
515,-9.004473895402043e-07,0
516,-9.004473895402043e-07,0
517,-9.004473895402043e-07,0
518,-9.004473895402043e-07,0
519,-0.28595247955843206,0
520,-9.004473895402043e-07,0
521,-9.004473895402043e-07,0
522,-9.004473895402043e-07,0
523,-9.004473895402043e-07,0
524,-9.004473895402043e-07,0
525,-9.004473895402043e-07,0
526,-9.004473895402043e-07,0
527,-0.35436697993998223,0
528,-9.004473895402043e-07,0
529,-9.004473895402043e-07,0
530,-9.004473895402043e-07,0
531,-9.004473895402043e-07,0
532,-9.004473895402043e-07,0
533,-9.004473895402043e-07,0
534,-9.004473895402043e-07,0
535,-0.35436697993998223,0
536,-9.004473895402043e-07,0
537,-9.004473895402043e-07,0
538,-9.004473895402043e-07,0
539,-9.004473895402043e-07,0
540,-9.004473895402043e-07,0
541,-9.004473895402043e-07,0
542,-9.004473895402043e-07,0
543,-0.35436697993998223,0
544,-9.004473895402043e-07,0
545,-9.004473895402043e-07,0
546,-9.004473895402043e-07,0
547,-9.004473895402043e-07,0
548,-9.004473895402043e-07,0
549,-9.004473895402043e-07,0
550,-9.004473895402043e-07,0
551,-0.35436697993998223,0
552,-9.004473895402043e-07,0
553,-9.004473895402043e-07,0
554,-9.004473895402043e-07,0
555,-9.004473895402043e-07,0
556,-9.004473895402043e-07,0
557,-9.004473895402043e-07,0
558,-9.004473895402043e-07,0
559,-0.32950809457167907,0
560,-9.004473895402043e-07,0
561,-9.004473895402043e-07,0
562,-9.004473895402043e-07,0
563,-9.004473895402043e-07,0
564,-9.004473895402043e-07,0
565,-9.004473895402043e-07,0
566,-9.004473895402043e-07,0
567,-0.32950809457167907,0
568,-9.004473895402043e-07,0
569,-9.004473895402043e-07,0
570,-9.004473895402043e-07,0
571,-9.004473895402043e-07,0
572,-9.004473895402043e-07,0
573,-9.004473895402043e-07,0
574,-9.004473895402043e-07,0
575,-0.28595247955843206,0
576,-9.004473895402043e-07,0
577,-9.004473895402043e-07,0
578,-9.004473895402043e-07,0
579,-9.004473895402043e-07,0
580,-9.004473895402043e-07,0
581,-9.004473895402043e-07,0
582,-9.004473895402043e-07,0
583,-0.28595247955843206,0
584,-9.004473895402043e-07,0
585,-9.004473895402043e-07,0
586,-9.004473895402043e-07,0
587,-9.004473895402043e-07,0
588,-9.004473895402043e-07,0
589,-9.004473895402043e-07,0
590,-9.004473895402043e-07,0
591,-0.35436697993998223,0
592,-9.004473895402043e-07,0
593,-9.004473895402043e-07,0
594,-9.004473895402043e-07,0
595,-9.004473895402043e-07,0
596,-9.004473895402043e-07,0
597,-9.004473895402043e-07,0
598,-9.004473895402043e-07,0
599,-0.32950809457167907,0
600,-9.004473895402043e-07,0
601,-9.004473895402043e-07,0
602,-9.004473895402043e-07,0
603,-9.004473895402043e-07,0
604,-9.004473895402043e-07,0
605,-9.004473895402043e-07,0
606,-9.004473895402043e-07,0
607,-0.32950809457167907,0
608,-9.004473895402043e-07,0
609,-9.004473895402043e-07,0
610,-9.004473895402043e-07,0
611,-9.004473895402043e-07,0
612,-9.004473895402043e-07,0
613,-9.004473895402043e-07,0
614,-9.004473895402043e-07,0
615,-0.32950809457167907,0
616,-9.004473895402043e-07,0
617,-9.004473895402043e-07,0
618,-9.004473895402043e-07,0
619,-9.004473895402043e-07,0
620,-9.004473895402043e-07,0
621,-9.004473895402043e-07,0
622,-9.004473895402043e-07,0
623,-9.004473895402043e-07,0
624,-9.004473895402043e-07,0
625,-0.21137473892724756,0
626,-0.28595247955843206,0
627,-9.004473895402043e-07,0
628,-9.004473895402043e-07,0
629,-0.28209942319654147,0
630,-9.004473895402043e-07,0
631,-9.004473895402043e-07,0
632,-0.3535976003262249,0
633,-9.004473895402043e-07,0
634,-9.004473895402043e-07,0
635,-9.004473895402043e-07,0
636,-9.004473895402043e-07,0
637,-9.004473895402043e-07,0
638,-0.28595247955843206,0
639,-9.004473895402043e-07,0
640,-9.004473895402043e-07,0
641,-9.004473895402043e-07,0
642,-9.004473895402043e-07,0
643,-9.004473895402043e-07,0
644,-0.3318174651086565,0
645,-0.11733938621227935,0
646,-9.004473895402043e-07,0
647,-9.004473895402043e-07,0
648,-9.004473895402043e-07,0
649,-9.004473895402043e-07,0
650,-0.3318174651086565,0
651,-9.004473895402043e-07,0
652,-9.004473895402043e-07,0
653,-9.004473895402043e-07,0
654,-9.004473895402043e-07,0
655,-0.3535976003262249,0
656,-0.28209942319654147,0
657,-9.004473895402043e-07,0
658,-9.004473895402043e-07,0
659,-9.004473895402043e-07,0
660,-9.004473895402043e-07,0
661,-0.28209942319654147,0
662,-9.004473895402043e-07,0
663,-9.004473895402043e-07,0
664,-9.004473895402043e-07,0
665,-9.004473895402043e-07,0
666,-9.004473895402043e-07,0
667,-0.35436697993998223,0
668,-9.004473895402043e-07,0
669,-9.004473895402043e-07,0
670,-9.004473895402043e-07,0
671,-9.004473895402043e-07,0
672,-9.004473895402043e-07,0
673,-9.004473895402043e-07,0
674,-9.004473895402043e-07,0
675,-9.004473895402043e-07,0
676,-0.28595247955843206,0
677,-9.004473895402043e-07,0
678,-9.004473895402043e-07,0
679,-9.004473895402043e-07,0
680,-9.004473895402043e-07,0
681,-9.004473895402043e-07,0
682,-9.004473895402043e-07,0
683,-9.004473895402043e-07,0
684,-9.004473895402043e-07,0
685,-0.28595247955843206,0
686,-9.004473895402043e-07,0
687,-9.004473895402043e-07,0
688,-9.004473895402043e-07,0
689,-9.004473895402043e-07,0
690,-9.004473895402043e-07,0
691,-9.004473895402043e-07,0
692,-9.004473895402043e-07,0
693,-9.004473895402043e-07,0
694,-0.28595247955843206,0
695,-9.004473895402043e-07,0
696,-9.004473895402043e-07,0
697,-9.004473895402043e-07,0
698,-9.004473895402043e-07,0
699,-9.004473895402043e-07,0
700,-9.004473895402043e-07,0
701,-9.004473895402043e-07,0
702,-9.004473895402043e-07,0
703,-0.3535976003262249,0
704,-0.21137473892724756,0
705,-0.11733938621227935,0
706,-9.004473895402043e-07,0
707,-9.004473895402043e-07,0
708,-9.004473895402043e-07,0
709,-9.004473895402043e-07,0
710,-9.004473895402043e-07,0
711,-9.004473895402043e-07,0
712,-9.004473895402043e-07,0
713,-9.004473895402043e-07,0
714,-0.28209942319654147,0
715,-0.11733938621227935,0
716,-9.004473895402043e-07,0
717,-0.21137473892724756,0
718,-0.21137473892724756,0
719,-9.004473895402043e-07,0
720,-9.004473895402043e-07,0
721,-9.004473895402043e-07,0
722,-9.004473895402043e-07,0
723,-9.004473895402043e-07,0
724,-9.004473895402043e-07,0
725,-9.004473895402043e-07,0
726,-0.21137473892724756,0
727,-9.004473895402043e-07,0
728,-0.35436697993998223,0
729,-9.004473895402043e-07,0
730,-9.004473895402043e-07,0
731,-9.004473895402043e-07,0
732,-9.004473895402043e-07,0
733,-9.004473895402043e-07,0
734,-9.004473895402043e-07,0
735,-9.004473895402043e-07,0
736,-9.004473895402043e-07,0
737,-0.28595247955843206,0
738,-9.004473895402043e-07,0
739,-9.004473895402043e-07,0
740,-9.004473895402043e-07,0
741,-9.004473895402043e-07,0
742,-9.004473895402043e-07,0
743,-9.004473895402043e-07,0
744,-9.004473895402043e-07,0
745,-9.004473895402043e-07,0
746,-0.28595247955843206,0
747,-9.004473895402043e-07,0
748,-9.004473895402043e-07,0
749,-9.004473895402043e-07,0
750,-9.004473895402043e-07,0
751,-9.004473895402043e-07,0
752,-9.004473895402043e-07,0
753,-9.004473895402043e-07,0
754,-9.004473895402043e-07,0
755,-0.28595247955843206,0
756,-9.004473895402043e-07,0
757,-9.004473895402043e-07,0
758,-9.004473895402043e-07,0
759,-9.004473895402043e-07,0
760,-9.004473895402043e-07,0
761,-9.004473895402043e-07,0
762,-9.004473895402043e-07,0
763,-9.004473895402043e-07,0
764,-0.11733938621227935,0
765,-0.11733938621227935,0
766,-0.21137473892724756,0
767,-0.32950809457167907,0
768,-9.004473895402043e-07,0
769,-9.004473895402043e-07,0
770,-9.004473895402043e-07,0
771,-9.004473895402043e-07,0
772,-9.004473895402043e-07,0
773,-9.004473895402043e-07,0
774,-9.004473895402043e-07,0
775,-9.004473895402043e-07,0
776,-0.3318174651086565,0
777,-9.004473895402043e-07,0
778,-9.004473895402043e-07,0
779,-9.004473895402043e-07,0
780,-9.004473895402043e-07,0
781,-9.004473895402043e-07,0
782,-9.004473895402043e-07,0
783,-9.004473895402043e-07,0
784,-9.004473895402043e-07,0
785,-0.2167776384675335,0
786,-9.004473895402043e-07,0
787,-9.004473895402043e-07,0
788,-9.004473895402043e-07,0
789,-9.004473895402043e-07,0
790,-9.004473895402043e-07,0
791,-9.004473895402043e-07,0
792,-9.004473895402043e-07,0
793,-0.21137473892724756,0
794,-0.21137473892724756,0
795,-9.004473895402043e-07,0
796,-9.004473895402043e-07,0
797,-9.004473895402043e-07,0
798,-9.004473895402043e-07,0
799,-9.004473895402043e-07,0
800,-9.004473895402043e-07,0
801,-9.004473895402043e-07,0
802,-0.21137473892724756,0
803,-0.21137473892724756,0
804,-9.004473895402043e-07,0
805,-9.004473895402043e-07,0
806,-9.004473895402043e-07,0
807,-9.004473895402043e-07,0
808,-9.004473895402043e-07,0
809,-9.004473895402043e-07,0
810,-9.004473895402043e-07,0
811,-0.35436697993998223,0
812,-0.21137473892724756,0
813,-9.004473895402043e-07,0
814,-9.004473895402043e-07,0
815,-9.004473895402043e-07,0
816,-9.004473895402043e-07,0
817,-9.004473895402043e-07,0
818,-9.004473895402043e-07,0
819,-9.004473895402043e-07,0
820,-0.32950809457167907,0
821,-0.32950809457167907,0
822,-9.004473895402043e-07,0
823,-9.004473895402043e-07,0
824,-9.004473895402043e-07,0
825,-9.004473895402043e-07,0
826,-9.004473895402043e-07,0
827,-9.004473895402043e-07,0
828,-9.004473895402043e-07,0
829,-9.004473895402043e-07,0
830,-0.32950809457167907,0
831,-0.32950809457167907,0
832,-9.004473895402043e-07,0
833,-9.004473895402043e-07,0
834,-9.004473895402043e-07,0
835,-9.004473895402043e-07,0
836,-9.004473895402043e-07,0
837,-9.004473895402043e-07,0
838,-9.004473895402043e-07,0
839,-0.12430074745736874,0
840,-9.004473895402043e-07,0
841,-9.004473895402043e-07,0
842,-9.004473895402043e-07,0
843,-9.004473895402043e-07,0
844,-9.004473895402043e-07,0
845,-9.004473895402043e-07,0
846,-9.004473895402043e-07,0
847,-0.35436697993998223,0
848,-9.004473895402043e-07,0
849,-9.004473895402043e-07,0
850,-9.004473895402043e-07,0
851,-9.004473895402043e-07,0
852,-9.004473895402043e-07,0
853,-9.004473895402043e-07,0
854,-9.004473895402043e-07,0
855,-0.32950809457167907,0
856,-9.004473895402043e-07,0
857,-9.004473895402043e-07,0
858,-9.004473895402043e-07,0
859,-9.004473895402043e-07,0
860,-9.004473895402043e-07,0
861,-9.004473895402043e-07,0
862,-9.004473895402043e-07,0
863,-9.004473895402043e-07,0
864,-0.28595247955843206,0
865,-9.004473895402043e-07,0
866,-9.004473895402043e-07,0
867,-9.004473895402043e-07,0
868,-9.004473895402043e-07,0
869,-9.004473895402043e-07,0
870,-0.35436697993998223,0
871,-9.004473895402043e-07,0
872,-9.004473895402043e-07,0
873,-9.004473895402043e-07,0
874,-9.004473895402043e-07,0
875,-9.004473895402043e-07,0
876,-0.35436697993998223,0
877,-9.004473895402043e-07,0
878,-9.004473895402043e-07,0
879,-9.004473895402043e-07,0
880,-9.004473895402043e-07,0
881,-9.004473895402043e-07,0
882,-0.28595247955843206,0
883,-9.004473895402043e-07,0
884,-9.004473895402043e-07,0
885,-9.004473895402043e-07,0
886,-9.004473895402043e-07,0
887,-9.004473895402043e-07,0
888,-0.28595247955843206,0
889,-9.004473895402043e-07,0
890,-9.004473895402043e-07,0
891,-9.004473895402043e-07,0
892,-9.004473895402043e-07,0
893,-9.004473895402043e-07,0
894,-0.28595247955843206,0
895,-9.004473895402043e-07,0
896,-9.004473895402043e-07,0
897,-9.004473895402043e-07,0
898,-9.004473895402043e-07,0
899,-9.004473895402043e-07,0
900,-0.28595247955843206,0
901,-9.004473895402043e-07,0
902,-9.004473895402043e-07,0
903,-9.004473895402043e-07,0
904,-9.004473895402043e-07,0
905,-9.004473895402043e-07,0
906,-0.28595247955843206,0
907,-9.004473895402043e-07,0
908,-9.004473895402043e-07,0
909,-9.004473895402043e-07,0
910,-9.004473895402043e-07,0
911,-9.004473895402043e-07,0
912,-0.28595247955843206,0
913,-9.004473895402043e-07,0
914,-9.004473895402043e-07,0
915,-9.004473895402043e-07,0
916,-9.004473895402043e-07,0
917,-9.004473895402043e-07,0
918,-0.28595247955843206,0
919,-9.004473895402043e-07,0
920,-9.004473895402043e-07,0
921,-9.004473895402043e-07,0
922,-9.004473895402043e-07,0
923,-9.004473895402043e-07,0
924,-9.004473895402043e-07,0
925,-9.004473895402043e-07,0
926,-9.004473895402043e-07,0
927,-9.004473895402043e-07,0
928,-9.004473895402043e-07,0
929,-9.004473895402043e-07,0
930,-9.004473895402043e-07,0
931,-9.004473895402043e-07,0
932,-9.004473895402043e-07,0
933,-9.004473895402043e-07,0
934,-0.12430074745736874,0
935,-9.004473895402043e-07,0
936,-9.004473895402043e-07,0
937,-9.004473895402043e-07,0
938,-9.004473895402043e-07,0
939,-9.004473895402043e-07,0
940,-0.28595247955843206,0
941,-9.004473895402043e-07,0
942,-9.004473895402043e-07,0
943,-9.004473895402043e-07,0
944,-9.004473895402043e-07,0
945,-9.004473895402043e-07,0
946,-0.28595247955843206,0
947,-9.004473895402043e-07,0
948,-9.004473895402043e-07,0
949,-9.004473895402043e-07,0
950,-9.004473895402043e-07,0
951,-9.004473895402043e-07,0
952,-0.28595247955843206,0
953,-9.004473895402043e-07,0
954,-9.004473895402043e-07,0
955,-9.004473895402043e-07,0
956,-9.004473895402043e-07,0
957,-9.004473895402043e-07,0
958,-0.3535976003262249,0
959,-9.004473895402043e-07,0
960,-9.004473895402043e-07,0
961,-0.28209942319654147,0
962,-9.004473895402043e-07,0
963,-9.004473895402043e-07,0
964,-9.004473895402043e-07,0
965,-9.004473895402043e-07,0
966,-9.004473895402043e-07,0
967,-0.28595247955843206,0
968,-9.004473895402043e-07,0
969,-9.004473895402043e-07,0
970,-9.004473895402043e-07,0
971,-9.004473895402043e-07,0
972,-9.004473895402043e-07,0
973,-0.28595247955843206,0
974,-9.004473895402043e-07,0
975,-9.004473895402043e-07,0
976,-9.004473895402043e-07,0
977,-9.004473895402043e-07,0
978,-9.004473895402043e-07,0
979,-0.28595247955843206,0
980,-9.004473895402043e-07,0
981,-9.004473895402043e-07,0
982,-9.004473895402043e-07,0
983,-9.004473895402043e-07,0
984,-9.004473895402043e-07,0
985,-0.28595247955843206,0
986,-9.004473895402043e-07,0
987,-9.004473895402043e-07,0
988,-9.004473895402043e-07,0
989,-9.004473895402043e-07,0
990,-9.004473895402043e-07,0
991,-0.28595247955843206,0
992,-9.004473895402043e-07,0
993,-9.004473895402043e-07,0
994,-9.004473895402043e-07,0
995,-9.004473895402043e-07,0
996,-9.004473895402043e-07,0
997,-0.28595247955843206,0
998,-9.004473895402043e-07,0
999,-9.004473895402043e-07,0
1000,-9.004473895402043e-07,0
1001,-9.004473895402043e-07,0
1002,-9.004473895402043e-07,0
1003,-0.32950809457167907,0
1004,-9.004473895402043e-07,0
1005,-9.004473895402043e-07,0
1006,-0.0042875259291577095,0
1007,-9.004473895402043e-07,0
1008,-9.004473895402043e-07,0
1009,-9.004473895402043e-07,0
1010,-9.004473895402043e-07,0
1011,-0.35436697993998223,0
1012,-9.004473895402043e-07,0
1013,-0.35436697993998223,0
1014,-9.004473895402043e-07,0
1015,-0.28595247955843206,0
1016,-9.004473895402043e-07,0
1017,-0.35436697993998223,0
1018,-9.004473895402043e-07,0
1019,-0.12430074745736874,0
1020,-9.004473895402043e-07,0
1021,-0.28595247955843206,0
1022,-9.004473895402043e-07,0
1023,-0.21137473892724756,0
1024,-0.35436697993998223,0
1025,-9.004473895402043e-07,0
1026,-9.004473895402043e-07,0
1027,-0.28595247955843206,0
1028,-9.004473895402043e-07,0
1029,-9.004473895402043e-07,0
1030,-0.28595247955843206,0
1031,-9.004473895402043e-07,0
1032,-9.004473895402043e-07,0
1033,-0.28595247955843206,0
1034,-9.004473895402043e-07,0
1035,-9.004473895402043e-07,0
1036,0.919190922764983,1
1037,-9.004473895402043e-07,0
1038,-9.004473895402043e-07,0
1039,0.919190922764983,1
1040,-9.004473895402043e-07,0
1041,-9.004473895402043e-07,0
1042,2.0788010528141285,1
1043,-9.004473895402043e-07,0
1044,-9.004473895402043e-07,0
1045,0.478394616704918,1
1046,-9.004473895402043e-07,0
1047,-9.004473895402043e-07,0
1048,-0.35436697993998223,0
1049,-9.004473895402043e-07,0
1050,-9.004473895402043e-07,0
1051,0.13051701723099995,1
1052,-9.004473895402043e-07,0
1053,-9.004473895402043e-07,0
1054,0.13051701723099995,1
1055,-9.004473895402043e-07,0
1056,-9.004473895402043e-07,0
1057,-0.32950809457167907,0
1058,-9.004473895402043e-07,0
1059,-9.004473895402043e-07,0
1060,-0.32950809457167907,0
1061,-9.004473895402043e-07,0
1062,-9.004473895402043e-07,0
1063,-0.32950809457167907,0
1064,-9.004473895402043e-07,0
1065,-9.004473895402043e-07,0
1066,-0.21137473892724756,0
1067,-0.21137473892724756,0
1068,-9.004473895402043e-07,0
1069,-0.28595247955843206,0
1070,-9.004473895402043e-07,0
1071,-0.28595247955843206,0
1072,-9.004473895402043e-07,0
1073,-0.28595247955843206,0
1074,-9.004473895402043e-07,0
1075,1.4527299670046432,1
1076,-9.004473895402043e-07,0
1077,-9.004473895402043e-07,0
1078,0.919190922764983,1
1079,-9.004473895402043e-07,0
1080,-9.004473895402043e-07,0
1081,-0.35436697993998223,0
1082,-9.004473895402043e-07,0
1083,-9.004473895402043e-07,0
1084,-0.28595247955843206,0
1085,-9.004473895402043e-07,0
1086,-9.004473895402043e-07,0
1087,-0.28595247955843206,0
1088,-9.004473895402043e-07,0
1089,-9.004473895402043e-07,0
1090,-0.32950809457167907,0
1091,-9.004473895402043e-07,0
1092,-9.004473895402043e-07,0
1093,-0.32950809457167907,0
1094,-9.004473895402043e-07,0
1095,-9.004473895402043e-07,0
1096,-0.32950809457167907,0
1097,-9.004473895402043e-07,0
1098,-9.004473895402043e-07,0
1099,-9.004473895402043e-07,0
1100,-9.004473895402043e-07,0
1101,-9.004473895402043e-07,0
1102,-0.35436697993998223,0
1103,-9.004473895402043e-07,0
1104,-9.004473895402043e-07,0
1105,-0.35436697993998223,0
1106,-9.004473895402043e-07,0
1107,-9.004473895402043e-07,0
1108,-0.12430074745736874,0
1109,-9.004473895402043e-07,0
1110,-9.004473895402043e-07,0
1111,-0.28595247955843206,0
1112,-9.004473895402043e-07,0
1113,-9.004473895402043e-07,0
1114,0.919190922764983,1
1115,-9.004473895402043e-07,0
1116,-9.004473895402043e-07,0
1117,1.4527299670046432,1
1118,-9.004473895402043e-07,0
1119,-9.004473895402043e-07,0
1120,-0.32950809457167907,0
1121,-9.004473895402043e-07,0
1122,-9.004473895402043e-07,0
1123,-0.12430074745736874,0
1124,-0.28595247955843206,0
1125,-0.28595247955843206,0
1126,-0.21137473892724756,0
1127,-0.35436697993998223,0
1128,-0.28595247955843206,0
1129,-0.35436697993998223,0
1130,18.480159476027552,1
1131,-0.32950809457167907,0
1132,3.6075237449248334,1
1133,-0.28595247955843206,0
1134,-0.28595247955843206,0
1135,-9.004473895402043e-07,0
1136,-0.32950809457167907,0
1137,-0.21137473892724756,0
1138,-0.32950809457167907,0
1139,-0.28595247955843206,0
1140,-0.28595247955843206,0
1141,-0.28595247955843206,0
1142,-0.28595247955843206,0
1143,-9.004473895402043e-07,0
1144,-0.28595247955843206,0
1145,-0.28595247955843206,0
1146,-0.28595247955843206,0
1147,-0.28595247955843206,0
1148,-0.28595247955843206,0
1149,-0.28595247955843206,0
1150,-0.28595247955843206,0
1151,-0.28595247955843206,0
1152,-0.28595247955843206,0
1153,-0.28595247955843206,0
1154,-0.28595247955843206,0
1155,-0.28595247955843206,0
1156,-0.28595247955843206,0
1157,-0.28595247955843206,0
1158,-0.28595247955843206,0
1159,-0.35436697993998223,0
1160,-9.004473895402043e-07,0
1161,745.645311477143,1
1162,-9.004473895402043e-07,0
1163,-0.32950809457167907,0
1164,-0.35436697993998223,0
1165,-0.32950809457167907,0
1166,-0.35436697993998223,0
1167,-0.28595247955843206,0
1168,-0.28595247955843206,0
1169,-0.28595247955843206,0
1170,-0.28595247955843206,0
1171,-0.28595247955843206,0
1172,-0.28595247955843206,0
1173,0.13051701723099995,1
1174,-9.004473895402043e-07,0
1175,-9.004473895402043e-07,0
1176,-9.004473895402043e-07,0
1177,0.478394616704918,1
1178,-9.004473895402043e-07,0
1179,-9.004473895402043e-07,0
1180,-0.21137473892724756,0
1181,-9.004473895402043e-07,0
1182,-9.004473895402043e-07,0
1183,-0.35436697993998223,0
1184,-9.004473895402043e-07,0
1185,-9.004473895402043e-07,0
1186,-9.004473895402043e-07,0
1187,-9.004473895402043e-07,0
1188,-9.004473895402043e-07,0
1189,-0.28595247955843206,0
1190,-9.004473895402043e-07,0
1191,-9.004473895402043e-07,0
1192,-9.004473895402043e-07,0
1193,-9.004473895402043e-07,0
1194,-9.004473895402043e-07,0
1195,-0.28595247955843206,0
1196,-9.004473895402043e-07,0
1197,-9.004473895402043e-07,0
1198,-9.004473895402043e-07,0
1199,-9.004473895402043e-07,0
1200,-9.004473895402043e-07,0
1201,-0.32950809457167907,0
1202,-0.32950809457167907,0
1203,-9.004473895402043e-07,0
1204,-9.004473895402043e-07,0
1205,-9.004473895402043e-07,0
1206,-9.004473895402043e-07,0
1207,-9.004473895402043e-07,0
1208,-9.004473895402043e-07,0
1209,-0.21137473892724756,0
1210,-9.004473895402043e-07,0
1211,-9.004473895402043e-07,0
1212,-0.35436697993998223,0
1213,-9.004473895402043e-07,0
1214,-9.004473895402043e-07,0
1215,-9.004473895402043e-07,0
1216,-0.28595247955843206,0
1217,-9.004473895402043e-07,0
1218,-9.004473895402043e-07,0
1219,-9.004473895402043e-07,0
1220,-0.28595247955843206,0
1221,-9.004473895402043e-07,0
1222,-9.004473895402043e-07,0
1223,-9.004473895402043e-07,0
1224,-0.28595247955843206,0
1225,-9.004473895402043e-07,0
1226,-9.004473895402043e-07,0
1227,-9.004473895402043e-07,0
1228,-0.28595247955843206,0
1229,-9.004473895402043e-07,0
1230,-9.004473895402043e-07,0
1231,-9.004473895402043e-07,0
1232,-0.28595247955843206,0
1233,-9.004473895402043e-07,0
1234,-9.004473895402043e-07,0
1235,-9.004473895402043e-07,0
1236,-0.28595247955843206,0
1237,-9.004473895402043e-07,0
1238,-9.004473895402043e-07,0
1239,-9.004473895402043e-07,0
1240,-0.28595247955843206,0
1241,-9.004473895402043e-07,0
1242,-9.004473895402043e-07,0
1243,-9.004473895402043e-07,0
1244,-0.28595247955843206,0
1245,-9.004473895402043e-07,0
1246,-9.004473895402043e-07,0
1247,-9.004473895402043e-07,0
1248,-0.35436697993998223,0
1249,-9.004473895402043e-07,0
1250,-9.004473895402043e-07,0
1251,-9.004473895402043e-07,0
1252,2.0788010528141285,1
1253,-9.004473895402043e-07,0
1254,-9.004473895402043e-07,0
1255,-9.004473895402043e-07,0
1256,0.478394616704918,1
1257,-9.004473895402043e-07,0
1258,-9.004473895402043e-07,0
1259,-9.004473895402043e-07,0
1260,-0.35436697993998223,0
1261,-9.004473895402043e-07,0
1262,-9.004473895402043e-07,0
1263,-9.004473895402043e-07,0
1264,-9.004473895402043e-07,0
1265,-9.004473895402043e-07,0
1266,2.0788010528141285,1
1267,-9.004473895402043e-07,0
1268,-9.004473895402043e-07,0
1269,733.9451497989359,1
1270,-9.004473895402043e-07,0
1271,-9.004473895402043e-07,0
1272,-0.35436697993998223,0
1273,-9.004473895402043e-07,0
1274,-9.004473895402043e-07,0
1275,-0.28595247955843206,0
1276,-9.004473895402043e-07,0
1277,-9.004473895402043e-07,0
1278,-0.28595247955843206,0
1279,-9.004473895402043e-07,0
1280,-9.004473895402043e-07,0
1281,-0.28595247955843206,0
1282,-9.004473895402043e-07,0
1283,-9.004473895402043e-07,0
1284,-0.28595247955843206,0
1285,-9.004473895402043e-07,0
1286,-9.004473895402043e-07,0
1287,-0.28595247955843206,0
1288,-9.004473895402043e-07,0
1289,-9.004473895402043e-07,0
1290,-0.28595247955843206,0
1291,-9.004473895402043e-07,0
1292,-9.004473895402043e-07,0
1293,-0.28595247955843206,0
1294,-9.004473895402043e-07,0
1295,-9.004473895402043e-07,0
1296,-0.28595247955843206,0
1297,-9.004473895402043e-07,0
1298,-9.004473895402043e-07,0
1299,-0.28595247955843206,0
1300,-9.004473895402043e-07,0
1301,-9.004473895402043e-07,0
1302,-0.21137473892724756,0
1303,-0.35436697993998223,0
1304,-9.004473895402043e-07,0
1305,-9.004473895402043e-07,0
1306,-0.28595247955843206,0
1307,-9.004473895402043e-07,0
1308,-9.004473895402043e-07,0
1309,-0.28595247955843206,0
1310,-9.004473895402043e-07,0
1311,-9.004473895402043e-07,0
1312,-0.12430074745736874,0
1313,-9.004473895402043e-07,0
1314,-9.004473895402043e-07,0
1315,-0.12430074745736874,0
1316,-9.004473895402043e-07,0
1317,-9.004473895402043e-07,0
1318,0.13051701723099995,1
1319,-9.004473895402043e-07,0
1320,-9.004473895402043e-07,0
1321,-0.28595247955843206,0
1322,-9.004473895402043e-07,0
1323,-9.004473895402043e-07,0
1324,-0.28595247955843206,0
1325,-9.004473895402043e-07,0
1326,-9.004473895402043e-07,0
1327,0.919190922764983,1
1328,-9.004473895402043e-07,0
1329,-9.004473895402043e-07,0
1330,-0.28595247955843206,0
1331,-9.004473895402043e-07,0
1332,-9.004473895402043e-07,0
1333,-0.28595247955843206,0
1334,-9.004473895402043e-07,0
1335,-9.004473895402043e-07,0
1336,-9.004473895402043e-07,0
1337,-0.21137473892724756,0
1338,-0.11733938621227935,0
1339,-9.004473895402043e-07,0
1340,-9.004473895402043e-07,0
1341,-0.21137473892724756,0
1342,-0.11733938621227935,0
1343,-9.004473895402043e-07,0
1344,-9.004473895402043e-07,0
1345,-9.004473895402043e-07,0
1346,-0.28595247955843206,0
1347,-9.004473895402043e-07,0
1348,-9.004473895402043e-07,0
1349,-9.004473895402043e-07,0
1350,-0.35436697993998223,0
1351,-0.21137473892724756,0
1352,-9.004473895402043e-07,0
1353,-9.004473895402043e-07,0
1354,-9.004473895402043e-07,0
1355,-9.004473895402043e-07,0
1356,-9.004473895402043e-07,0
1357,-0.28595247955843206,0
1358,-9.004473895402043e-07,0
1359,-0.28595247955843206,0
1360,-9.004473895402043e-07,0
1361,-0.28595247955843206,0
1362,-9.004473895402043e-07,0
1363,-0.28595247955843206,0
1364,-9.004473895402043e-07,0
1365,-0.28595247955843206,0
1366,-9.004473895402043e-07,0
1367,-0.28595247955843206,0
1368,-9.004473895402043e-07,0
1369,0.919190922764983,1
1370,-9.004473895402043e-07,0
1371,-0.28595247955843206,0
1372,-9.004473895402043e-07,0
1373,-0.28595247955843206,0
1374,-9.004473895402043e-07,0
1375,-9.004473895402043e-07,0
1376,-9.004473895402043e-07,0
1377,-9.004473895402043e-07,0
1378,-9.004473895402043e-07,0
1379,-9.004473895402043e-07,0
1380,-9.004473895402043e-07,0
1381,-0.28595247955843206,0
1382,-9.004473895402043e-07,0
1383,-9.004473895402043e-07,0
1384,-9.004473895402043e-07,0
1385,-9.004473895402043e-07,0
1386,-9.004473895402043e-07,0
1387,-0.35436697993998223,0
1388,-9.004473895402043e-07,0
1389,-9.004473895402043e-07,0
1390,-9.004473895402043e-07,0
1391,-9.004473895402043e-07,0
1392,-9.004473895402043e-07,0
1393,-0.32950809457167907,0
1394,-9.004473895402043e-07,0
1395,-9.004473895402043e-07,0
1396,-9.004473895402043e-07,0
1397,-9.004473895402043e-07,0
1398,-9.004473895402043e-07,0
1399,-0.32950809457167907,0
1400,-9.004473895402043e-07,0
1401,-9.004473895402043e-07,0
1402,-9.004473895402043e-07,0
1403,-9.004473895402043e-07,0
1404,-9.004473895402043e-07,0
1405,-0.32950809457167907,0
1406,-9.004473895402043e-07,0
1407,-9.004473895402043e-07,0
1408,-9.004473895402043e-07,0
1409,-9.004473895402043e-07,0
1410,-9.004473895402043e-07,0
1411,-0.21137473892724756,0
1412,-9.004473895402043e-07,0
1413,-9.004473895402043e-07,0
1414,-9.004473895402043e-07,0
1415,-9.004473895402043e-07,0
1416,-9.004473895402043e-07,0
1417,-9.004473895402043e-07,0
1418,-9.004473895402043e-07,0
1419,-9.004473895402043e-07,0
1420,-0.35436697993998223,0
1421,-9.004473895402043e-07,0
1422,-9.004473895402043e-07,0
1423,-9.004473895402043e-07,0
1424,-9.004473895402043e-07,0
1425,-9.004473895402043e-07,0
1426,-9.004473895402043e-07,0
1427,-9.004473895402043e-07,0
1428,-9.004473895402043e-07,0
1429,-0.32950809457167907,0
1430,-9.004473895402043e-07,0
1431,-9.004473895402043e-07,0
1432,-9.004473895402043e-07,0
1433,-9.004473895402043e-07,0
1434,-9.004473895402043e-07,0
1435,-9.004473895402043e-07,0
1436,-9.004473895402043e-07,0
1437,-9.004473895402043e-07,0
1438,-0.32950809457167907,0
1439,-9.004473895402043e-07,0
1440,-9.004473895402043e-07,0
1441,-9.004473895402043e-07,0
1442,-9.004473895402043e-07,0
1443,-9.004473895402043e-07,0
1444,-9.004473895402043e-07,0
1445,-9.004473895402043e-07,0
1446,-9.004473895402043e-07,0
1447,-0.32950809457167907,0
1448,-9.004473895402043e-07,0
1449,-9.004473895402043e-07,0
1450,-9.004473895402043e-07,0
1451,-9.004473895402043e-07,0
1452,-9.004473895402043e-07,0
1453,-9.004473895402043e-07,0
1454,-9.004473895402043e-07,0
1455,-9.004473895402043e-07,0
1456,-0.32950809457167907,0
1457,-9.004473895402043e-07,0
1458,-9.004473895402043e-07,0
1459,-9.004473895402043e-07,0
1460,-9.004473895402043e-07,0
1461,-9.004473895402043e-07,0
1462,-9.004473895402043e-07,0
1463,-9.004473895402043e-07,0
1464,-9.004473895402043e-07,0
1465,-0.32950809457167907,0
1466,-9.004473895402043e-07,0
1467,-9.004473895402043e-07,0
1468,-9.004473895402043e-07,0
1469,-9.004473895402043e-07,0
1470,-9.004473895402043e-07,0
1471,-9.004473895402043e-07,0
1472,-9.004473895402043e-07,0
1473,-9.004473895402043e-07,0
1474,-0.32950809457167907,0
1475,-9.004473895402043e-07,0
1476,-9.004473895402043e-07,0
1477,-9.004473895402043e-07,0
1478,-9.004473895402043e-07,0
1479,-9.004473895402043e-07,0
1480,-9.004473895402043e-07,0
1481,-9.004473895402043e-07,0
1482,-9.004473895402043e-07,0
1483,-0.32950809457167907,0
1484,-9.004473895402043e-07,0
1485,-9.004473895402043e-07,0
1486,-9.004473895402043e-07,0
1487,-9.004473895402043e-07,0
1488,-9.004473895402043e-07,0
1489,-9.004473895402043e-07,0
1490,-9.004473895402043e-07,0
1491,-9.004473895402043e-07,0
1492,-0.32950809457167907,0
1493,-9.004473895402043e-07,0
1494,-9.004473895402043e-07,0
1495,-9.004473895402043e-07,0
1496,-9.004473895402043e-07,0
1497,-9.004473895402043e-07,0
1498,-9.004473895402043e-07,0
1499,-9.004473895402043e-07,0
1500,-9.004473895402043e-07,0
1501,-0.32950809457167907,0
1502,-9.004473895402043e-07,0
1503,-9.004473895402043e-07,0
1504,-9.004473895402043e-07,0
1505,-9.004473895402043e-07,0
1506,-9.004473895402043e-07,0
1507,-9.004473895402043e-07,0
1508,-9.004473895402043e-07,0
1509,-9.004473895402043e-07,0
1510,-0.35436697993998223,0
1511,-9.004473895402043e-07,0
1512,-9.004473895402043e-07,0
1513,-9.004473895402043e-07,0
1514,-9.004473895402043e-07,0
1515,-9.004473895402043e-07,0
1516,-9.004473895402043e-07,0
1517,-9.004473895402043e-07,0
1518,-9.004473895402043e-07,0
1519,-0.35436697993998223,0
1520,-9.004473895402043e-07,0
1521,-9.004473895402043e-07,0
1522,-9.004473895402043e-07,0
1523,-9.004473895402043e-07,0
1524,-9.004473895402043e-07,0
1525,-9.004473895402043e-07,0
1526,-9.004473895402043e-07,0
1527,-9.004473895402043e-07,0
1528,-0.32950809457167907,0
1529,-9.004473895402043e-07,0
1530,-9.004473895402043e-07,0
1531,-9.004473895402043e-07,0
1532,-9.004473895402043e-07,0
1533,-9.004473895402043e-07,0
1534,-9.004473895402043e-07,0
1535,-9.004473895402043e-07,0
1536,-9.004473895402043e-07,0
1537,-0.32950809457167907,0
1538,-9.004473895402043e-07,0
1539,-9.004473895402043e-07,0
1540,-9.004473895402043e-07,0
1541,-9.004473895402043e-07,0
1542,-9.004473895402043e-07,0
1543,-9.004473895402043e-07,0
1544,-9.004473895402043e-07,0
1545,-9.004473895402043e-07,0
1546,-0.32950809457167907,0
1547,-9.004473895402043e-07,0
1548,-9.004473895402043e-07,0
1549,-9.004473895402043e-07,0
1550,-9.004473895402043e-07,0
1551,-9.004473895402043e-07,0
1552,-9.004473895402043e-07,0
1553,-9.004473895402043e-07,0
1554,-9.004473895402043e-07,0
1555,-0.32950809457167907,0
1556,-9.004473895402043e-07,0
1557,-9.004473895402043e-07,0
1558,-9.004473895402043e-07,0
1559,-9.004473895402043e-07,0
1560,-9.004473895402043e-07,0
1561,-9.004473895402043e-07,0
1562,-9.004473895402043e-07,0
1563,-9.004473895402043e-07,0
1564,-0.32950809457167907,0
1565,-9.004473895402043e-07,0
1566,-9.004473895402043e-07,0
1567,-9.004473895402043e-07,0
1568,-9.004473895402043e-07,0
1569,-9.004473895402043e-07,0
1570,-9.004473895402043e-07,0
1571,-9.004473895402043e-07,0
1572,-9.004473895402043e-07,0
1573,-0.32950809457167907,0
1574,-9.004473895402043e-07,0
1575,-9.004473895402043e-07,0
1576,-9.004473895402043e-07,0
1577,-9.004473895402043e-07,0
1578,-9.004473895402043e-07,0
1579,-9.004473895402043e-07,0
1580,-9.004473895402043e-07,0
1581,-9.004473895402043e-07,0
1582,-0.32950809457167907,0
1583,-9.004473895402043e-07,0
1584,-9.004473895402043e-07,0
1585,-9.004473895402043e-07,0
1586,-9.004473895402043e-07,0
1587,-9.004473895402043e-07,0
1588,-9.004473895402043e-07,0
1589,-9.004473895402043e-07,0
1590,-9.004473895402043e-07,0
1591,-0.32950809457167907,0
1592,-9.004473895402043e-07,0
1593,-9.004473895402043e-07,0
1594,-9.004473895402043e-07,0
1595,-9.004473895402043e-07,0
1596,-9.004473895402043e-07,0
1597,-9.004473895402043e-07,0
1598,-9.004473895402043e-07,0
1599,-9.004473895402043e-07,0
1600,-0.32950809457167907,0
1601,-9.004473895402043e-07,0
1602,-9.004473895402043e-07,0
1603,-9.004473895402043e-07,0
1604,-9.004473895402043e-07,0
1605,-9.004473895402043e-07,0
1606,-9.004473895402043e-07,0
1607,-9.004473895402043e-07,0
1608,-9.004473895402043e-07,0
1609,-0.32950809457167907,0
1610,-9.004473895402043e-07,0
1611,-9.004473895402043e-07,0
1612,-9.004473895402043e-07,0
1613,-9.004473895402043e-07,0
1614,-9.004473895402043e-07,0
1615,-9.004473895402043e-07,0
1616,-9.004473895402043e-07,0
1617,-9.004473895402043e-07,0
1618,-0.32950809457167907,0
1619,-9.004473895402043e-07,0
1620,-9.004473895402043e-07,0
1621,-9.004473895402043e-07,0
1622,-9.004473895402043e-07,0
1623,-9.004473895402043e-07,0
1624,-9.004473895402043e-07,0
1625,-9.004473895402043e-07,0
1626,-9.004473895402043e-07,0
1627,-0.32950809457167907,0
1628,-9.004473895402043e-07,0
1629,-9.004473895402043e-07,0
1630,-9.004473895402043e-07,0
1631,-9.004473895402043e-07,0
1632,-9.004473895402043e-07,0
1633,-9.004473895402043e-07,0
1634,-9.004473895402043e-07,0
1635,-9.004473895402043e-07,0
1636,-0.32950809457167907,0
1637,-9.004473895402043e-07,0
1638,-9.004473895402043e-07,0
1639,-9.004473895402043e-07,0
1640,-9.004473895402043e-07,0
1641,-9.004473895402043e-07,0
1642,-9.004473895402043e-07,0
1643,-9.004473895402043e-07,0
1644,-9.004473895402043e-07,0
1645,2.0788010528141285,1
1646,-9.004473895402043e-07,0
1647,-9.004473895402043e-07,0
1648,-9.004473895402043e-07,0
1649,-9.004473895402043e-07,0
1650,-9.004473895402043e-07,0
1651,-9.004473895402043e-07,0
1652,-9.004473895402043e-07,0
1653,-9.004473895402043e-07,0
1654,-0.28595247955843206,0
1655,-9.004473895402043e-07,0
1656,-9.004473895402043e-07,0
1657,-9.004473895402043e-07,0
1658,-9.004473895402043e-07,0
1659,-9.004473895402043e-07,0
1660,-9.004473895402043e-07,0
1661,-9.004473895402043e-07,0
1662,-9.004473895402043e-07,0
1663,-0.32950809457167907,0
1664,-9.004473895402043e-07,0
1665,-9.004473895402043e-07,0
1666,-9.004473895402043e-07,0
1667,-9.004473895402043e-07,0
1668,-9.004473895402043e-07,0
1669,-9.004473895402043e-07,0
1670,-9.004473895402043e-07,0
1671,-9.004473895402043e-07,0
1672,-0.32950809457167907,0
1673,-9.004473895402043e-07,0
1674,-9.004473895402043e-07,0
1675,-9.004473895402043e-07,0
1676,-9.004473895402043e-07,0
1677,-9.004473895402043e-07,0
1678,-9.004473895402043e-07,0
1679,-9.004473895402043e-07,0
1680,-9.004473895402043e-07,0
1681,-0.28595247955843206,0
1682,-9.004473895402043e-07,0
1683,-9.004473895402043e-07,0
1684,-9.004473895402043e-07,0
1685,-9.004473895402043e-07,0
1686,-9.004473895402043e-07,0
1687,-9.004473895402043e-07,0
1688,-9.004473895402043e-07,0
1689,-9.004473895402043e-07,0
1690,0.919190922764983,1
1691,-9.004473895402043e-07,0
1692,-9.004473895402043e-07,0
1693,-9.004473895402043e-07,0
1694,-9.004473895402043e-07,0
1695,-9.004473895402043e-07,0
1696,-9.004473895402043e-07,0
1697,-9.004473895402043e-07,0
1698,-9.004473895402043e-07,0
1699,0.919190922764983,1
1700,-9.004473895402043e-07,0
1701,-9.004473895402043e-07,0
1702,-9.004473895402043e-07,0
1703,-9.004473895402043e-07,0
1704,-9.004473895402043e-07,0
1705,-9.004473895402043e-07,0
1706,-9.004473895402043e-07,0
1707,-9.004473895402043e-07,0
1708,-0.32950809457167907,0
1709,-9.004473895402043e-07,0
1710,-9.004473895402043e-07,0
1711,-9.004473895402043e-07,0
1712,-9.004473895402043e-07,0
1713,-9.004473895402043e-07,0
1714,-9.004473895402043e-07,0
1715,-9.004473895402043e-07,0
1716,-9.004473895402043e-07,0
1717,-0.32950809457167907,0
1718,-9.004473895402043e-07,0
1719,-9.004473895402043e-07,0
1720,-9.004473895402043e-07,0
1721,-9.004473895402043e-07,0
1722,-9.004473895402043e-07,0
1723,-9.004473895402043e-07,0
1724,-9.004473895402043e-07,0
1725,-9.004473895402043e-07,0
1726,-0.32950809457167907,0
1727,-9.004473895402043e-07,0
1728,-9.004473895402043e-07,0
1729,-9.004473895402043e-07,0
1730,-9.004473895402043e-07,0
1731,-9.004473895402043e-07,0
1732,-0.32950809457167907,0
1733,-9.004473895402043e-07,0
1734,-9.004473895402043e-07,0
1735,-9.004473895402043e-07,0
1736,-9.004473895402043e-07,0
1737,-9.004473895402043e-07,0
1738,-0.21137473892724756,0
1739,-9.004473895402043e-07,0
1740,-9.004473895402043e-07,0
1741,-0.21137473892724756,0
1742,-9.004473895402043e-07,0
1743,-9.004473895402043e-07,0
1744,-9.004473895402043e-07,0
1745,-9.004473895402043e-07,0
1746,-9.004473895402043e-07,0
1747,-0.32950809457167907,0
1748,-9.004473895402043e-07,0
1749,-9.004473895402043e-07,0
1750,-9.004473895402043e-07,0
1751,-9.004473895402043e-07,0
1752,-9.004473895402043e-07,0
1753,-0.32950809457167907,0
1754,-9.004473895402043e-07,0
1755,-9.004473895402043e-07,0
1756,-9.004473895402043e-07,0
1757,-9.004473895402043e-07,0
1758,-9.004473895402043e-07,0
1759,-0.32950809457167907,0
1760,-9.004473895402043e-07,0
1761,-9.004473895402043e-07,0
1762,-9.004473895402043e-07,0
1763,-9.004473895402043e-07,0
1764,-9.004473895402043e-07,0
1765,-0.28595247955843206,0
1766,-9.004473895402043e-07,0
1767,-9.004473895402043e-07,0
1768,-9.004473895402043e-07,0
1769,-9.004473895402043e-07,0
1770,-9.004473895402043e-07,0
1771,-0.28595247955843206,0
1772,-9.004473895402043e-07,0
1773,-9.004473895402043e-07,0
1774,-9.004473895402043e-07,0
1775,-9.004473895402043e-07,0
1776,-9.004473895402043e-07,0
1777,-0.35436697993998223,0
1778,-0.21137473892724756,0
1779,-9.004473895402043e-07,0
1780,-9.004473895402043e-07,0
1781,-9.004473895402043e-07,0
1782,-9.004473895402043e-07,0
1783,-9.004473895402043e-07,0
1784,-0.28595247955843206,0
1785,-9.004473895402043e-07,0
1786,-9.004473895402043e-07,0
1787,-9.004473895402043e-07,0
1788,-9.004473895402043e-07,0
1789,-9.004473895402043e-07,0
1790,-0.28595247955843206,0
1791,-9.004473895402043e-07,0
1792,-9.004473895402043e-07,0
1793,-9.004473895402043e-07,0
1794,-9.004473895402043e-07,0
1795,-9.004473895402043e-07,0
1796,-0.28595247955843206,0
1797,-9.004473895402043e-07,0
1798,-9.004473895402043e-07,0
1799,-9.004473895402043e-07,0
1800,-9.004473895402043e-07,0
1801,-9.004473895402043e-07,0
1802,-0.32950809457167907,0
1803,-9.004473895402043e-07,0
1804,-9.004473895402043e-07,0
1805,-9.004473895402043e-07,0
1806,-9.004473895402043e-07,0
1807,-9.004473895402043e-07,0
1808,-0.32950809457167907,0
1809,-9.004473895402043e-07,0
1810,-9.004473895402043e-07,0
1811,-9.004473895402043e-07,0
1812,-9.004473895402043e-07,0
1813,-9.004473895402043e-07,0
1814,-0.32950809457167907,0
1815,-9.004473895402043e-07,0
1816,-9.004473895402043e-07,0
1817,-0.32950809457167907,0
1818,-9.004473895402043e-07,0
1819,-9.004473895402043e-07,0
1820,-0.28595247955843206,0
1821,-9.004473895402043e-07,0
1822,-9.004473895402043e-07,0
1823,-0.28595247955843206,0
1824,-9.004473895402043e-07,0
1825,-9.004473895402043e-07,0
1826,-0.35436697993998223,0
1827,-9.004473895402043e-07,0
1828,-9.004473895402043e-07,0
1829,-0.32950809457167907,0
1830,-9.004473895402043e-07,0
1831,-9.004473895402043e-07,0
1832,-0.32950809457167907,0
1833,-9.004473895402043e-07,0
1834,-9.004473895402043e-07,0
1835,-0.32950809457167907,0
1836,-9.004473895402043e-07,0
1837,-9.004473895402043e-07,0
1838,-0.32950809457167907,0
1839,-9.004473895402043e-07,0
1840,-9.004473895402043e-07,0
1841,-0.32950809457167907,0
1842,-9.004473895402043e-07,0
1843,-9.004473895402043e-07,0
1844,-0.35436697993998223,0
1845,-9.004473895402043e-07,0
1846,-9.004473895402043e-07,0
1847,-0.32950809457167907,0
1848,-9.004473895402043e-07,0
1849,-9.004473895402043e-07,0
1850,-0.32950809457167907,0
1851,-9.004473895402043e-07,0
1852,-9.004473895402043e-07,0
1853,-0.32950809457167907,0
1854,-9.004473895402043e-07,0
1855,-9.004473895402043e-07,0
1856,-0.32950809457167907,0
1857,-9.004473895402043e-07,0
1858,-9.004473895402043e-07,0
1859,654.3471204802075,1
1860,-9.004473895402043e-07,0
1861,-9.004473895402043e-07,0
1862,-0.32950809457167907,0
1863,-9.004473895402043e-07,0
1864,-9.004473895402043e-07,0
1865,-0.32950809457167907,0
1866,-9.004473895402043e-07,0
1867,-9.004473895402043e-07,0
1868,-0.32950809457167907,0
1869,-9.004473895402043e-07,0
1870,-9.004473895402043e-07,0
1871,-0.32950809457167907,0
1872,-9.004473895402043e-07,0
1873,-9.004473895402043e-07,0
1874,-0.28595247955843206,0
1875,-9.004473895402043e-07,0
1876,-9.004473895402043e-07,0
1877,-0.28595247955843206,0
1878,-9.004473895402043e-07,0
1879,-9.004473895402043e-07,0
1880,-0.28595247955843206,0
1881,-9.004473895402043e-07,0
1882,-9.004473895402043e-07,0
1883,-0.32950809457167907,0
1884,-9.004473895402043e-07,0
1885,-9.004473895402043e-07,0
1886,-0.32950809457167907,0
1887,-9.004473895402043e-07,0
1888,-9.004473895402043e-07,0
1889,-0.28595247955843206,0
1890,-9.004473895402043e-07,0
1891,-9.004473895402043e-07,0
1892,-0.32950809457167907,0
1893,-9.004473895402043e-07,0
1894,-9.004473895402043e-07,0
1895,-0.32950809457167907,0
1896,-9.004473895402043e-07,0
1897,-9.004473895402043e-07,0
1898,-0.28595247955843206,0
1899,-9.004473895402043e-07,0
1900,-9.004473895402043e-07,0
1901,-0.28595247955843206,0
1902,-9.004473895402043e-07,0
1903,-9.004473895402043e-07,0
1904,-9.004473895402043e-07,0
1905,-9.004473895402043e-07,0
1906,-9.004473895402043e-07,0
1907,-9.004473895402043e-07,0
1908,-9.004473895402043e-07,0
1909,-9.004473895402043e-07,0
1910,-0.28595247955843206,0
1911,-9.004473895402043e-07,0
1912,-9.004473895402043e-07,0
1913,-9.004473895402043e-07,0
1914,-9.004473895402043e-07,0
1915,-9.004473895402043e-07,0
1916,-0.28595247955843206,0
1917,-9.004473895402043e-07,0
1918,-9.004473895402043e-07,0
1919,-9.004473895402043e-07,0
1920,-9.004473895402043e-07,0
1921,-9.004473895402043e-07,0
1922,-0.28595247955843206,0
1923,-9.004473895402043e-07,0
1924,-9.004473895402043e-07,0
1925,-9.004473895402043e-07,0
1926,-9.004473895402043e-07,0
1927,-9.004473895402043e-07,0
1928,-0.28595247955843206,0
1929,-9.004473895402043e-07,0
1930,-9.004473895402043e-07,0
1931,-9.004473895402043e-07,0
1932,-9.004473895402043e-07,0
1933,-9.004473895402043e-07,0
1934,-0.28595247955843206,0
1935,-9.004473895402043e-07,0
1936,-9.004473895402043e-07,0
1937,-9.004473895402043e-07,0
1938,-9.004473895402043e-07,0
1939,-9.004473895402043e-07,0
1940,-0.28595247955843206,0
1941,-9.004473895402043e-07,0
1942,-9.004473895402043e-07,0
1943,-9.004473895402043e-07,0
1944,-9.004473895402043e-07,0
1945,-9.004473895402043e-07,0
1946,-0.28595247955843206,0
1947,-9.004473895402043e-07,0
1948,-9.004473895402043e-07,0
1949,-9.004473895402043e-07,0
1950,-9.004473895402043e-07,0
1951,-9.004473895402043e-07,0
1952,-0.28595247955843206,0
1953,-9.004473895402043e-07,0
1954,-9.004473895402043e-07,0
1955,-9.004473895402043e-07,0
1956,-9.004473895402043e-07,0
1957,-9.004473895402043e-07,0
1958,-0.28595247955843206,0
1959,-9.004473895402043e-07,0
1960,-9.004473895402043e-07,0
1961,-9.004473895402043e-07,0
1962,-9.004473895402043e-07,0
1963,-9.004473895402043e-07,0
1964,-0.28595247955843206,0
1965,-9.004473895402043e-07,0
1966,-9.004473895402043e-07,0
1967,-9.004473895402043e-07,0
1968,-9.004473895402043e-07,0
1969,-9.004473895402043e-07,0
1970,-0.28595247955843206,0
1971,-9.004473895402043e-07,0
1972,-9.004473895402043e-07,0
1973,-9.004473895402043e-07,0
1974,-9.004473895402043e-07,0
1975,-9.004473895402043e-07,0
1976,-0.28595247955843206,0
1977,-9.004473895402043e-07,0
1978,-9.004473895402043e-07,0
1979,-9.004473895402043e-07,0
1980,-9.004473895402043e-07,0
1981,-9.004473895402043e-07,0
1982,-0.28595247955843206,0
1983,-9.004473895402043e-07,0
1984,-9.004473895402043e-07,0
1985,-9.004473895402043e-07,0
1986,-9.004473895402043e-07,0
1987,-9.004473895402043e-07,0
1988,-0.28595247955843206,0
1989,-9.004473895402043e-07,0
1990,-9.004473895402043e-07,0
1991,-9.004473895402043e-07,0
1992,-9.004473895402043e-07,0
1993,-9.004473895402043e-07,0
1994,-0.28595247955843206,0
1995,-9.004473895402043e-07,0
1996,-9.004473895402043e-07,0
1997,-9.004473895402043e-07,0
1998,-9.004473895402043e-07,0
1999,-9.004473895402043e-07,0
2000,-0.28595247955843206,0
2001,-9.004473895402043e-07,0
2002,-9.004473895402043e-07,0
2003,-9.004473895402043e-07,0
2004,-9.004473895402043e-07,0
2005,-9.004473895402043e-07,0
2006,743.507065074607,1
2007,-9.004473895402043e-07,0
2008,-9.004473895402043e-07,0
2009,-9.004473895402043e-07,0
2010,-9.004473895402043e-07,0
2011,-9.004473895402043e-07,0
2012,660.2109692868761,1
2013,589.3747464063403,1
2014,-9.004473895402043e-07,0
2015,-9.004473895402043e-07,0
2016,-9.004473895402043e-07,0
2017,-9.004473895402043e-07,0
2018,-0.21137473892724756,0
2019,-9.004473895402043e-07,0
2020,-9.004473895402043e-07,0
2021,-9.004473895402043e-07,0
2022,-9.004473895402043e-07,0
2023,-0.28595247955843206,0
2024,-9.004473895402043e-07,0
2025,-9.004473895402043e-07,0
2026,-9.004473895402043e-07,0
2027,-9.004473895402043e-07,0
2028,-0.28595247955843206,0
2029,-9.004473895402043e-07,0
2030,-9.004473895402043e-07,0
2031,-9.004473895402043e-07,0
2032,-9.004473895402043e-07,0
2033,-0.28595247955843206,0
2034,-9.004473895402043e-07,0
2035,-9.004473895402043e-07,0
2036,-9.004473895402043e-07,0
2037,-9.004473895402043e-07,0
2038,-0.28595247955843206,0
2039,-9.004473895402043e-07,0
2040,-9.004473895402043e-07,0
2041,-9.004473895402043e-07,0
2042,-9.004473895402043e-07,0
2043,-0.28595247955843206,0
2044,-9.004473895402043e-07,0
2045,-9.004473895402043e-07,0
2046,-9.004473895402043e-07,0
2047,-9.004473895402043e-07,0
2048,-0.28595247955843206,0
2049,-9.004473895402043e-07,0
2050,-9.004473895402043e-07,0
2051,-9.004473895402043e-07,0
2052,-9.004473895402043e-07,0
2053,-0.28595247955843206,0
2054,-9.004473895402043e-07,0
2055,-9.004473895402043e-07,0
2056,-9.004473895402043e-07,0
2057,-9.004473895402043e-07,0
2058,-0.28595247955843206,0
2059,-9.004473895402043e-07,0
2060,-9.004473895402043e-07,0
2061,-9.004473895402043e-07,0
2062,-9.004473895402043e-07,0
2063,-0.28595247955843206,0
2064,-9.004473895402043e-07,0
2065,-9.004473895402043e-07,0
2066,-9.004473895402043e-07,0
2067,-9.004473895402043e-07,0
2068,-0.28595247955843206,0
2069,-9.004473895402043e-07,0
2070,-9.004473895402043e-07,0
2071,-9.004473895402043e-07,0
2072,-9.004473895402043e-07,0
2073,-0.28595247955843206,0
2074,-9.004473895402043e-07,0
2075,-9.004473895402043e-07,0
2076,-9.004473895402043e-07,0
2077,-9.004473895402043e-07,0
2078,-0.28595247955843206,0
2079,-9.004473895402043e-07,0
2080,-9.004473895402043e-07,0
2081,-9.004473895402043e-07,0
2082,-9.004473895402043e-07,0
2083,-0.28595247955843206,0
2084,-9.004473895402043e-07,0
2085,-9.004473895402043e-07,0
2086,-9.004473895402043e-07,0
2087,-9.004473895402043e-07,0
2088,-0.28595247955843206,0
2089,-9.004473895402043e-07,0
2090,-9.004473895402043e-07,0
2091,-9.004473895402043e-07,0
2092,-9.004473895402043e-07,0
2093,-0.28595247955843206,0
2094,-9.004473895402043e-07,0
2095,-9.004473895402043e-07,0
2096,-9.004473895402043e-07,0
2097,-9.004473895402043e-07,0
2098,-0.28595247955843206,0
2099,-9.004473895402043e-07,0
2100,-9.004473895402043e-07,0
2101,-9.004473895402043e-07,0
2102,-9.004473895402043e-07,0
2103,-0.28595247955843206,0
2104,-9.004473895402043e-07,0
2105,-9.004473895402043e-07,0
2106,-9.004473895402043e-07,0
2107,-9.004473895402043e-07,0
2108,-0.28595247955843206,0
2109,-9.004473895402043e-07,0
2110,-9.004473895402043e-07,0
2111,-9.004473895402043e-07,0
2112,-9.004473895402043e-07,0
2113,-0.12430074745736874,0
2114,-9.004473895402043e-07,0
2115,-9.004473895402043e-07,0
2116,-9.004473895402043e-07,0
2117,-9.004473895402043e-07,0
2118,2.7971588889715804,1
2119,-9.004473895402043e-07,0
2120,-9.004473895402043e-07,0
2121,-9.004473895402043e-07,0
2122,-9.004473895402043e-07,0
2123,-0.28595247955843206,0
2124,-9.004473895402043e-07,0
2125,-9.004473895402043e-07,0
2126,-9.004473895402043e-07,0
2127,-9.004473895402043e-07,0
2128,-0.3318174651086565,0
2129,-9.004473895402043e-07,0
2130,-9.004473895402043e-07,0
2131,-9.004473895402043e-07,0
2132,-9.004473895402043e-07,0
2133,-9.004473895402043e-07,0
2134,-9.004473895402043e-07,0
2135,-9.004473895402043e-07,0
2136,-0.11733938621227935,0
2137,-9.004473895402043e-07,0
2138,-9.004473895402043e-07,0
2139,-9.004473895402043e-07,0
2140,-9.004473895402043e-07,0
2141,-9.004473895402043e-07,0
2142,-9.004473895402043e-07,0
2143,-9.004473895402043e-07,0
2144,-0.32950809457167907,0
2145,-9.004473895402043e-07,0
2146,-9.004473895402043e-07,0
2147,-9.004473895402043e-07,0
2148,-9.004473895402043e-07,0
2149,-9.004473895402043e-07,0
2150,-9.004473895402043e-07,0
2151,-9.004473895402043e-07,0
2152,-0.32950809457167907,0
2153,-9.004473895402043e-07,0
2154,-9.004473895402043e-07,0
2155,-9.004473895402043e-07,0
2156,-9.004473895402043e-07,0
2157,-9.004473895402043e-07,0
2158,-9.004473895402043e-07,0
2159,-9.004473895402043e-07,0
2160,-0.32950809457167907,0
2161,-9.004473895402043e-07,0
2162,-9.004473895402043e-07,0
2163,-0.32950809457167907,0
2164,-9.004473895402043e-07,0
2165,-9.004473895402043e-07,0
2166,-9.004473895402043e-07,0
2167,-9.004473895402043e-07,0
2168,-9.004473895402043e-07,0
2169,-9.004473895402043e-07,0
2170,-9.004473895402043e-07,0
2171,-0.28595247955843206,0
2172,-9.004473895402043e-07,0
2173,-9.004473895402043e-07,0
2174,-9.004473895402043e-07,0
2175,-9.004473895402043e-07,0
2176,-9.004473895402043e-07,0
2177,-9.004473895402043e-07,0
2178,-9.004473895402043e-07,0
2179,-0.28595247955843206,0
2180,-9.004473895402043e-07,0
2181,-9.004473895402043e-07,0
2182,-9.004473895402043e-07,0
2183,-9.004473895402043e-07,0
2184,-9.004473895402043e-07,0
2185,-9.004473895402043e-07,0
2186,-9.004473895402043e-07,0
2187,-0.28595247955843206,0
2188,-9.004473895402043e-07,0
2189,-9.004473895402043e-07,0
2190,-9.004473895402043e-07,0
2191,-9.004473895402043e-07,0
2192,-9.004473895402043e-07,0
2193,-9.004473895402043e-07,0
2194,-9.004473895402043e-07,0
2195,-0.35436697993998223,0
2196,-9.004473895402043e-07,0
2197,-9.004473895402043e-07,0
2198,-9.004473895402043e-07,0
2199,-9.004473895402043e-07,0
2200,-9.004473895402043e-07,0
2201,-9.004473895402043e-07,0
2202,-9.004473895402043e-07,0
2203,-0.12430074745736874,0
2204,-9.004473895402043e-07,0
2205,-9.004473895402043e-07,0
2206,-9.004473895402043e-07,0
2207,-9.004473895402043e-07,0
2208,-9.004473895402043e-07,0
2209,-9.004473895402043e-07,0
2210,-9.004473895402043e-07,0
2211,-0.28595247955843206,0
2212,-9.004473895402043e-07,0
2213,-9.004473895402043e-07,0
2214,-9.004473895402043e-07,0
2215,-9.004473895402043e-07,0
2216,-9.004473895402043e-07,0
2217,-9.004473895402043e-07,0
2218,-9.004473895402043e-07,0
2219,-0.28595247955843206,0
2220,-9.004473895402043e-07,0
2221,-9.004473895402043e-07,0
2222,-9.004473895402043e-07,0
2223,-9.004473895402043e-07,0
2224,-9.004473895402043e-07,0
2225,-9.004473895402043e-07,0
2226,-9.004473895402043e-07,0
2227,-0.28595247955843206,0
2228,-9.004473895402043e-07,0
2229,-9.004473895402043e-07,0
2230,-9.004473895402043e-07,0
2231,-9.004473895402043e-07,0
2232,-9.004473895402043e-07,0
2233,-9.004473895402043e-07,0
2234,-9.004473895402043e-07,0
2235,-0.28595247955843206,0
2236,-9.004473895402043e-07,0
2237,-9.004473895402043e-07,0
2238,-9.004473895402043e-07,0
2239,-9.004473895402043e-07,0
2240,-9.004473895402043e-07,0
2241,-9.004473895402043e-07,0
2242,-9.004473895402043e-07,0
2243,-0.28595247955843206,0
2244,-9.004473895402043e-07,0
2245,-9.004473895402043e-07,0
2246,-9.004473895402043e-07,0
2247,-9.004473895402043e-07,0
2248,-9.004473895402043e-07,0
2249,-9.004473895402043e-07,0
2250,-9.004473895402043e-07,0
2251,-0.28595247955843206,0
2252,-9.004473895402043e-07,0
2253,-9.004473895402043e-07,0
2254,-9.004473895402043e-07,0
2255,-9.004473895402043e-07,0
2256,-9.004473895402043e-07,0
2257,-9.004473895402043e-07,0
2258,-9.004473895402043e-07,0
2259,-0.28595247955843206,0
2260,-9.004473895402043e-07,0
2261,-9.004473895402043e-07,0
2262,-9.004473895402043e-07,0
2263,-9.004473895402043e-07,0
2264,-9.004473895402043e-07,0
2265,-9.004473895402043e-07,0
2266,-9.004473895402043e-07,0
2267,-0.28595247955843206,0
2268,-9.004473895402043e-07,0
2269,-9.004473895402043e-07,0
2270,-9.004473895402043e-07,0
2271,-9.004473895402043e-07,0
2272,-9.004473895402043e-07,0
2273,-9.004473895402043e-07,0
2274,-9.004473895402043e-07,0
2275,-0.28595247955843206,0
2276,-9.004473895402043e-07,0
2277,-9.004473895402043e-07,0
2278,-9.004473895402043e-07,0
2279,-9.004473895402043e-07,0
2280,-9.004473895402043e-07,0
2281,-9.004473895402043e-07,0
2282,-9.004473895402043e-07,0
2283,-0.28595247955843206,0
2284,-9.004473895402043e-07,0
2285,-9.004473895402043e-07,0
2286,-9.004473895402043e-07,0
2287,-9.004473895402043e-07,0
2288,-9.004473895402043e-07,0
2289,-9.004473895402043e-07,0
2290,-9.004473895402043e-07,0
2291,-0.32950809457167907,0
2292,-9.004473895402043e-07,0
2293,-9.004473895402043e-07,0
2294,-9.004473895402043e-07,0
2295,-9.004473895402043e-07,0
2296,-9.004473895402043e-07,0
2297,-9.004473895402043e-07,0
2298,-9.004473895402043e-07,0
2299,-0.32950809457167907,0
2300,-9.004473895402043e-07,0
2301,-9.004473895402043e-07,0
2302,-9.004473895402043e-07,0
2303,-9.004473895402043e-07,0
2304,-9.004473895402043e-07,0
2305,-9.004473895402043e-07,0
2306,-9.004473895402043e-07,0
2307,-0.28595247955843206,0
2308,-9.004473895402043e-07,0
2309,-9.004473895402043e-07,0
2310,-9.004473895402043e-07,0
2311,-9.004473895402043e-07,0
2312,-9.004473895402043e-07,0
2313,-9.004473895402043e-07,0
2314,-9.004473895402043e-07,0
2315,-0.28595247955843206,0
2316,-9.004473895402043e-07,0
2317,-9.004473895402043e-07,0
2318,-9.004473895402043e-07,0
2319,-9.004473895402043e-07,0
2320,-9.004473895402043e-07,0
2321,-9.004473895402043e-07,0
2322,-9.004473895402043e-07,0
2323,-0.28595247955843206,0
2324,-9.004473895402043e-07,0
2325,-9.004473895402043e-07,0
2326,-9.004473895402043e-07,0
2327,-9.004473895402043e-07,0
2328,-9.004473895402043e-07,0
2329,-9.004473895402043e-07,0
2330,-9.004473895402043e-07,0
2331,-0.28595247955843206,0
2332,-9.004473895402043e-07,0
2333,-9.004473895402043e-07,0
2334,-9.004473895402043e-07,0
2335,-9.004473895402043e-07,0
2336,-9.004473895402043e-07,0
2337,-9.004473895402043e-07,0
2338,-9.004473895402043e-07,0
2339,-0.28595247955843206,0
2340,-9.004473895402043e-07,0
2341,-9.004473895402043e-07,0
2342,-9.004473895402043e-07,0
2343,-9.004473895402043e-07,0
2344,-9.004473895402043e-07,0
2345,-9.004473895402043e-07,0
2346,-9.004473895402043e-07,0
2347,-0.28595247955843206,0
2348,-9.004473895402043e-07,0
2349,-9.004473895402043e-07,0
2350,-9.004473895402043e-07,0
2351,-9.004473895402043e-07,0
2352,-9.004473895402043e-07,0
2353,-9.004473895402043e-07,0
2354,-9.004473895402043e-07,0
2355,-0.28595247955843206,0
2356,-9.004473895402043e-07,0
2357,-9.004473895402043e-07,0
2358,-9.004473895402043e-07,0
2359,-9.004473895402043e-07,0
2360,-9.004473895402043e-07,0
2361,-9.004473895402043e-07,0
2362,-9.004473895402043e-07,0
2363,-0.28595247955843206,0
2364,-9.004473895402043e-07,0
2365,-9.004473895402043e-07,0
2366,-9.004473895402043e-07,0
2367,-9.004473895402043e-07,0
2368,-9.004473895402043e-07,0
2369,-9.004473895402043e-07,0
2370,-9.004473895402043e-07,0
2371,-0.28595247955843206,0
2372,-9.004473895402043e-07,0
2373,-9.004473895402043e-07,0
2374,-9.004473895402043e-07,0
2375,-9.004473895402043e-07,0
2376,-9.004473895402043e-07,0
2377,-9.004473895402043e-07,0
2378,-9.004473895402043e-07,0
2379,-0.28595247955843206,0
2380,-9.004473895402043e-07,0
2381,-9.004473895402043e-07,0
2382,-9.004473895402043e-07,0
2383,-9.004473895402043e-07,0
2384,-9.004473895402043e-07,0
2385,-9.004473895402043e-07,0
2386,-9.004473895402043e-07,0
2387,-0.28595247955843206,0
2388,-9.004473895402043e-07,0
2389,-9.004473895402043e-07,0
2390,-9.004473895402043e-07,0
2391,-9.004473895402043e-07,0
2392,-9.004473895402043e-07,0
2393,-9.004473895402043e-07,0
2394,-9.004473895402043e-07,0
2395,-0.28595247955843206,0
2396,-9.004473895402043e-07,0
2397,-9.004473895402043e-07,0
2398,-9.004473895402043e-07,0
2399,-9.004473895402043e-07,0
2400,-9.004473895402043e-07,0
2401,-9.004473895402043e-07,0
2402,-9.004473895402043e-07,0
2403,-0.28595247955843206,0
2404,-9.004473895402043e-07,0
2405,-9.004473895402043e-07,0
2406,-9.004473895402043e-07,0
2407,-9.004473895402043e-07,0
2408,-9.004473895402043e-07,0
2409,-9.004473895402043e-07,0
2410,-9.004473895402043e-07,0
2411,-0.28595247955843206,0
2412,-9.004473895402043e-07,0
2413,-9.004473895402043e-07,0
2414,-9.004473895402043e-07,0
2415,-9.004473895402043e-07,0
2416,-9.004473895402043e-07,0
2417,-9.004473895402043e-07,0
2418,-9.004473895402043e-07,0
2419,-0.28595247955843206,0
2420,-9.004473895402043e-07,0
2421,-9.004473895402043e-07,0
2422,-9.004473895402043e-07,0
2423,-9.004473895402043e-07,0
2424,-9.004473895402043e-07,0
2425,-9.004473895402043e-07,0
2426,-9.004473895402043e-07,0
2427,-0.28595247955843206,0
2428,-9.004473895402043e-07,0
2429,-9.004473895402043e-07,0
2430,-9.004473895402043e-07,0
2431,-9.004473895402043e-07,0
2432,-9.004473895402043e-07,0
2433,-9.004473895402043e-07,0
2434,-9.004473895402043e-07,0
2435,-0.28595247955843206,0
2436,-9.004473895402043e-07,0
2437,-9.004473895402043e-07,0
2438,-9.004473895402043e-07,0
2439,-9.004473895402043e-07,0
2440,-9.004473895402043e-07,0
2441,-9.004473895402043e-07,0
2442,-9.004473895402043e-07,0
2443,-0.28595247955843206,0
2444,-9.004473895402043e-07,0
2445,-9.004473895402043e-07,0
2446,-9.004473895402043e-07,0
2447,-9.004473895402043e-07,0
2448,-9.004473895402043e-07,0
2449,-9.004473895402043e-07,0
2450,-9.004473895402043e-07,0
2451,-0.28595247955843206,0
2452,-9.004473895402043e-07,0
2453,-9.004473895402043e-07,0
2454,-9.004473895402043e-07,0
2455,-9.004473895402043e-07,0
2456,-9.004473895402043e-07,0
2457,-9.004473895402043e-07,0
2458,-9.004473895402043e-07,0
2459,-0.28595247955843206,0
2460,-9.004473895402043e-07,0
2461,-9.004473895402043e-07,0
2462,-9.004473895402043e-07,0
2463,-9.004473895402043e-07,0
2464,-9.004473895402043e-07,0
2465,-9.004473895402043e-07,0
2466,-9.004473895402043e-07,0
2467,-0.28595247955843206,0
2468,-9.004473895402043e-07,0
2469,-9.004473895402043e-07,0
2470,-9.004473895402043e-07,0
2471,-9.004473895402043e-07,0
2472,-9.004473895402043e-07,0
2473,-9.004473895402043e-07,0
2474,-9.004473895402043e-07,0
2475,-0.28595247955843206,0
2476,-9.004473895402043e-07,0
2477,-9.004473895402043e-07,0
2478,-9.004473895402043e-07,0
2479,-9.004473895402043e-07,0
2480,-9.004473895402043e-07,0
2481,-9.004473895402043e-07,0
2482,-9.004473895402043e-07,0
2483,-0.35436697993998223,0
2484,-9.004473895402043e-07,0
2485,-9.004473895402043e-07,0
2486,-9.004473895402043e-07,0
2487,-9.004473895402043e-07,0
2488,-9.004473895402043e-07,0
2489,-9.004473895402043e-07,0
2490,-9.004473895402043e-07,0
2491,-0.21137473892724756,0
2492,-9.004473895402043e-07,0
2493,-9.004473895402043e-07,0
2494,-9.004473895402043e-07,0
2495,-9.004473895402043e-07,0
2496,-9.004473895402043e-07,0
2497,-9.004473895402043e-07,0
2498,-9.004473895402043e-07,0
2499,-0.28595247955843206,0
2500,-9.004473895402043e-07,0
2501,-9.004473895402043e-07,0
2502,-9.004473895402043e-07,0
2503,-9.004473895402043e-07,0
2504,-9.004473895402043e-07,0
2505,-9.004473895402043e-07,0
2506,-9.004473895402043e-07,0
2507,-0.28595247955843206,0
2508,-9.004473895402043e-07,0
2509,-9.004473895402043e-07,0
2510,-9.004473895402043e-07,0
2511,-9.004473895402043e-07,0
2512,-9.004473895402043e-07,0
2513,-9.004473895402043e-07,0
2514,-9.004473895402043e-07,0
2515,-0.21137473892724756,0
2516,-9.004473895402043e-07,0
2517,-9.004473895402043e-07,0
2518,-9.004473895402043e-07,0
2519,-9.004473895402043e-07,0
2520,-9.004473895402043e-07,0
2521,-9.004473895402043e-07,0
2522,-9.004473895402043e-07,0
2523,-0.35436697993998223,0
2524,-9.004473895402043e-07,0
2525,-9.004473895402043e-07,0
2526,-9.004473895402043e-07,0
2527,-9.004473895402043e-07,0
2528,-9.004473895402043e-07,0
2529,-9.004473895402043e-07,0
2530,-9.004473895402043e-07,0
2531,-0.28595247955843206,0
2532,-9.004473895402043e-07,0
2533,-9.004473895402043e-07,0
2534,-9.004473895402043e-07,0
2535,-9.004473895402043e-07,0
2536,-9.004473895402043e-07,0
2537,-9.004473895402043e-07,0
2538,-9.004473895402043e-07,0
2539,-0.28595247955843206,0
2540,-9.004473895402043e-07,0
2541,-9.004473895402043e-07,0
2542,-9.004473895402043e-07,0
2543,-9.004473895402043e-07,0
2544,-9.004473895402043e-07,0
2545,-9.004473895402043e-07,0
2546,-9.004473895402043e-07,0
2547,-0.28595247955843206,0
2548,-9.004473895402043e-07,0
2549,-9.004473895402043e-07,0
2550,-9.004473895402043e-07,0
2551,-9.004473895402043e-07,0
2552,-9.004473895402043e-07,0
2553,-9.004473895402043e-07,0
2554,-9.004473895402043e-07,0
2555,-0.28595247955843206,0
2556,-9.004473895402043e-07,0
2557,-9.004473895402043e-07,0
2558,-9.004473895402043e-07,0
2559,-9.004473895402043e-07,0
2560,-9.004473895402043e-07,0
2561,-9.004473895402043e-07,0
2562,-9.004473895402043e-07,0
2563,-0.28595247955843206,0
2564,-9.004473895402043e-07,0
2565,-9.004473895402043e-07,0
2566,-9.004473895402043e-07,0
2567,-9.004473895402043e-07,0
2568,-9.004473895402043e-07,0
2569,-9.004473895402043e-07,0
2570,-9.004473895402043e-07,0
2571,-0.28595247955843206,0
2572,-9.004473895402043e-07,0
2573,-9.004473895402043e-07,0
2574,-9.004473895402043e-07,0
2575,-9.004473895402043e-07,0
2576,-9.004473895402043e-07,0
2577,-9.004473895402043e-07,0
2578,-9.004473895402043e-07,0
2579,-0.28595247955843206,0
2580,-9.004473895402043e-07,0
2581,-9.004473895402043e-07,0
2582,-9.004473895402043e-07,0
2583,-9.004473895402043e-07,0
2584,-9.004473895402043e-07,0
2585,-9.004473895402043e-07,0
2586,-9.004473895402043e-07,0
2587,3.6075237449248334,1
2588,-9.004473895402043e-07,0
2589,-9.004473895402043e-07,0
2590,-9.004473895402043e-07,0
2591,-9.004473895402043e-07,0
2592,-9.004473895402043e-07,0
2593,-9.004473895402043e-07,0
2594,-9.004473895402043e-07,0
2595,-0.28595247955843206,0
2596,-9.004473895402043e-07,0
2597,-9.004473895402043e-07,0
2598,-9.004473895402043e-07,0
2599,-9.004473895402043e-07,0
2600,-9.004473895402043e-07,0
2601,-9.004473895402043e-07,0
2602,-9.004473895402043e-07,0
2603,-0.28595247955843206,0
2604,-9.004473895402043e-07,0
2605,-9.004473895402043e-07,0
2606,-9.004473895402043e-07,0
2607,-9.004473895402043e-07,0
2608,-9.004473895402043e-07,0
2609,-9.004473895402043e-07,0
2610,-9.004473895402043e-07,0
2611,-0.28595247955843206,0
2612,-9.004473895402043e-07,0
2613,-9.004473895402043e-07,0
2614,-9.004473895402043e-07,0
2615,-9.004473895402043e-07,0
2616,-9.004473895402043e-07,0
2617,-9.004473895402043e-07,0
2618,-9.004473895402043e-07,0
2619,-0.28595247955843206,0
2620,-9.004473895402043e-07,0
2621,-9.004473895402043e-07,0
2622,-9.004473895402043e-07,0
2623,-9.004473895402043e-07,0
2624,-9.004473895402043e-07,0
2625,-9.004473895402043e-07,0
2626,-9.004473895402043e-07,0
2627,-0.28595247955843206,0
2628,-9.004473895402043e-07,0
2629,-9.004473895402043e-07,0
2630,-9.004473895402043e-07,0
2631,-9.004473895402043e-07,0
2632,-9.004473895402043e-07,0
2633,-9.004473895402043e-07,0
2634,-9.004473895402043e-07,0
2635,-0.28595247955843206,0
2636,-9.004473895402043e-07,0
2637,-9.004473895402043e-07,0
2638,-9.004473895402043e-07,0
2639,-9.004473895402043e-07,0
2640,-9.004473895402043e-07,0
2641,-9.004473895402043e-07,0
2642,-9.004473895402043e-07,0
2643,-0.21137473892724756,0
2644,-9.004473895402043e-07,0
2645,-9.004473895402043e-07,0
2646,-0.32950809457167907,0
2647,-9.004473895402043e-07,0
2648,-0.32950809457167907,0
2649,-9.004473895402043e-07,0
2650,-0.32950809457167907,0
2651,-9.004473895402043e-07,0
2652,-0.28595247955843206,0
2653,-9.004473895402043e-07,0
2654,0.13051701723099995,1
2655,-9.004473895402043e-07,0
2656,-9.004473895402043e-07,0
2657,-9.004473895402043e-07,0
2658,-9.004473895402043e-07,0
2659,-0.32950809457167907,0
2660,-9.004473895402043e-07,0
2661,-9.004473895402043e-07,0
2662,-9.004473895402043e-07,0
2663,-9.004473895402043e-07,0
2664,-0.32950809457167907,0
2665,-9.004473895402043e-07,0
2666,-9.004473895402043e-07,0
2667,-9.004473895402043e-07,0
2668,-9.004473895402043e-07,0
2669,-0.32950809457167907,0
2670,-9.004473895402043e-07,0
2671,-9.004473895402043e-07,0
2672,-9.004473895402043e-07,0
2673,-9.004473895402043e-07,0
2674,-0.32950809457167907,0
2675,-9.004473895402043e-07,0
2676,-9.004473895402043e-07,0
2677,-9.004473895402043e-07,0
2678,-9.004473895402043e-07,0
2679,-0.32950809457167907,0
2680,-9.004473895402043e-07,0
2681,-9.004473895402043e-07,0
2682,-9.004473895402043e-07,0
2683,-9.004473895402043e-07,0
2684,-0.32950809457167907,0
2685,-9.004473895402043e-07,0
2686,-9.004473895402043e-07,0
2687,-9.004473895402043e-07,0
2688,-9.004473895402043e-07,0
2689,-0.32950809457167907,0
2690,-9.004473895402043e-07,0
2691,-9.004473895402043e-07,0
2692,-9.004473895402043e-07,0
2693,-9.004473895402043e-07,0
2694,1.4527299670046432,1
2695,-9.004473895402043e-07,0
2696,-9.004473895402043e-07,0
2697,-9.004473895402043e-07,0
2698,-9.004473895402043e-07,0
2699,-0.35436697993998223,0
2700,-9.004473895402043e-07,0
2701,-9.004473895402043e-07,0
2702,-9.004473895402043e-07,0
2703,-9.004473895402043e-07,0
2704,-0.28595247955843206,0
2705,-9.004473895402043e-07,0
2706,-9.004473895402043e-07,0
2707,-9.004473895402043e-07,0
2708,-9.004473895402043e-07,0
2709,-0.28595247955843206,0
2710,-9.004473895402043e-07,0
2711,-9.004473895402043e-07,0
2712,-9.004473895402043e-07,0
2713,-9.004473895402043e-07,0
2714,1.4527299670046432,1
2715,-9.004473895402043e-07,0
2716,-9.004473895402043e-07,0
2717,-9.004473895402043e-07,0
2718,-9.004473895402043e-07,0
2719,-0.35436697993998223,0
2720,-9.004473895402043e-07,0
2721,-9.004473895402043e-07,0
2722,-9.004473895402043e-07,0
2723,-9.004473895402043e-07,0
2724,-0.28595247955843206,0
2725,-9.004473895402043e-07,0
2726,-9.004473895402043e-07,0
2727,-9.004473895402043e-07,0
2728,-9.004473895402043e-07,0
2729,-9.004473895402043e-07,0
2730,-9.004473895402043e-07,0
2731,-9.004473895402043e-07,0
2732,-9.004473895402043e-07,0
2733,-9.004473895402043e-07,0
2734,-9.004473895402043e-07,0
2735,-0.32950809457167907,0
2736,-9.004473895402043e-07,0
2737,-9.004473895402043e-07,0
2738,-9.004473895402043e-07,0
2739,-9.004473895402043e-07,0
2740,-9.004473895402043e-07,0
2741,-9.004473895402043e-07,0
2742,-9.004473895402043e-07,0
2743,-9.004473895402043e-07,0
2744,-9.004473895402043e-07,0
2745,-9.004473895402043e-07,0
2746,-0.32950809457167907,0
2747,-9.004473895402043e-07,0
2748,-9.004473895402043e-07,0
2749,-9.004473895402043e-07,0
2750,-9.004473895402043e-07,0
2751,-9.004473895402043e-07,0
2752,-9.004473895402043e-07,0
2753,-9.004473895402043e-07,0
2754,-9.004473895402043e-07,0
2755,-9.004473895402043e-07,0
2756,-9.004473895402043e-07,0
2757,-0.32950809457167907,0
2758,-9.004473895402043e-07,0
2759,-9.004473895402043e-07,0
2760,-9.004473895402043e-07,0
2761,-9.004473895402043e-07,0
2762,-9.004473895402043e-07,0
2763,-9.004473895402043e-07,0
2764,-9.004473895402043e-07,0
2765,-9.004473895402043e-07,0
2766,-9.004473895402043e-07,0
2767,-9.004473895402043e-07,0
2768,-0.21137473892724756,0
2769,-9.004473895402043e-07,0
2770,-9.004473895402043e-07,0
2771,-0.21137473892724756,0
2772,-9.004473895402043e-07,0
2773,-9.004473895402043e-07,0
2774,-9.004473895402043e-07,0
2775,-9.004473895402043e-07,0
2776,-9.004473895402043e-07,0
2777,-9.004473895402043e-07,0
2778,-9.004473895402043e-07,0
2779,-9.004473895402043e-07,0
2780,-9.004473895402043e-07,0
2781,-9.004473895402043e-07,0
2782,-0.28595247955843206,0
2783,-9.004473895402043e-07,0
2784,-9.004473895402043e-07,0
2785,-9.004473895402043e-07,0
2786,-9.004473895402043e-07,0
2787,-9.004473895402043e-07,0
2788,-9.004473895402043e-07,0
2789,-9.004473895402043e-07,0
2790,-9.004473895402043e-07,0
2791,-9.004473895402043e-07,0
2792,-9.004473895402043e-07,0
2793,-0.28595247955843206,0
2794,-9.004473895402043e-07,0
2795,-9.004473895402043e-07,0
2796,-9.004473895402043e-07,0
2797,-9.004473895402043e-07,0
2798,-9.004473895402043e-07,0
2799,-9.004473895402043e-07,0
2800,-9.004473895402043e-07,0
2801,-9.004473895402043e-07,0
2802,-9.004473895402043e-07,0
2803,-9.004473895402043e-07,0
2804,-0.28595247955843206,0
2805,-9.004473895402043e-07,0
2806,-9.004473895402043e-07,0
2807,-9.004473895402043e-07,0
2808,-9.004473895402043e-07,0
2809,-9.004473895402043e-07,0
2810,-9.004473895402043e-07,0
2811,-9.004473895402043e-07,0
2812,-9.004473895402043e-07,0
2813,-9.004473895402043e-07,0
2814,-9.004473895402043e-07,0
2815,-9.004473895402043e-07,0
2816,-0.28595247955843206,0
2817,-9.004473895402043e-07,0
2818,-9.004473895402043e-07,0
2819,-9.004473895402043e-07,0
2820,-9.004473895402043e-07,0
2821,-9.004473895402043e-07,0
2822,-9.004473895402043e-07,0
2823,-9.004473895402043e-07,0
2824,-9.004473895402043e-07,0
2825,-9.004473895402043e-07,0
2826,-9.004473895402043e-07,0
2827,-9.004473895402043e-07,0
2828,-0.28595247955843206,0
2829,-9.004473895402043e-07,0
2830,-9.004473895402043e-07,0
2831,-9.004473895402043e-07,0
2832,-9.004473895402043e-07,0
2833,-9.004473895402043e-07,0
2834,-9.004473895402043e-07,0
2835,-9.004473895402043e-07,0
2836,-9.004473895402043e-07,0
2837,-9.004473895402043e-07,0
2838,-9.004473895402043e-07,0
2839,-9.004473895402043e-07,0
2840,-0.28595247955843206,0
2841,-9.004473895402043e-07,0
2842,-9.004473895402043e-07,0
2843,-9.004473895402043e-07,0
2844,-9.004473895402043e-07,0
2845,-9.004473895402043e-07,0
2846,-9.004473895402043e-07,0
2847,-9.004473895402043e-07,0
2848,-9.004473895402043e-07,0
2849,-9.004473895402043e-07,0
2850,-9.004473895402043e-07,0
2851,-9.004473895402043e-07,0
2852,-0.28595247955843206,0
2853,-9.004473895402043e-07,0
2854,-9.004473895402043e-07,0
2855,-9.004473895402043e-07,0
2856,-9.004473895402043e-07,0
2857,-9.004473895402043e-07,0
2858,-9.004473895402043e-07,0
2859,-9.004473895402043e-07,0
2860,-9.004473895402043e-07,0
2861,-9.004473895402043e-07,0
2862,-9.004473895402043e-07,0
2863,-9.004473895402043e-07,0
2864,-0.28595247955843206,0
2865,-9.004473895402043e-07,0
2866,-9.004473895402043e-07,0
2867,-9.004473895402043e-07,0
2868,-9.004473895402043e-07,0
2869,-9.004473895402043e-07,0
2870,-9.004473895402043e-07,0
2871,-9.004473895402043e-07,0
2872,-9.004473895402043e-07,0
2873,-9.004473895402043e-07,0
2874,-9.004473895402043e-07,0
2875,-9.004473895402043e-07,0
2876,-0.35436697993998223,0
2877,-9.004473895402043e-07,0
2878,-9.004473895402043e-07,0
2879,-9.004473895402043e-07,0
2880,-9.004473895402043e-07,0
2881,-9.004473895402043e-07,0
2882,-9.004473895402043e-07,0
2883,-9.004473895402043e-07,0
2884,-9.004473895402043e-07,0
2885,-9.004473895402043e-07,0
2886,-9.004473895402043e-07,0
2887,-9.004473895402043e-07,0
2888,-0.32950809457167907,0
2889,-9.004473895402043e-07,0
2890,-9.004473895402043e-07,0
2891,-9.004473895402043e-07,0
2892,-9.004473895402043e-07,0
2893,-9.004473895402043e-07,0
2894,-9.004473895402043e-07,0
2895,-9.004473895402043e-07,0
2896,-9.004473895402043e-07,0
2897,-9.004473895402043e-07,0
2898,-9.004473895402043e-07,0
2899,-9.004473895402043e-07,0
2900,-0.35436697993998223,0
2901,-9.004473895402043e-07,0
2902,-9.004473895402043e-07,0
2903,-9.004473895402043e-07,0
2904,-9.004473895402043e-07,0
2905,-9.004473895402043e-07,0
2906,-9.004473895402043e-07,0
2907,-9.004473895402043e-07,0
2908,-9.004473895402043e-07,0
2909,-9.004473895402043e-07,0
2910,-9.004473895402043e-07,0
2911,-9.004473895402043e-07,0
2912,-0.28595247955843206,0
2913,-9.004473895402043e-07,0
2914,-9.004473895402043e-07,0
2915,-9.004473895402043e-07,0
2916,-9.004473895402043e-07,0
2917,-9.004473895402043e-07,0
2918,-9.004473895402043e-07,0
2919,-9.004473895402043e-07,0
2920,-9.004473895402043e-07,0
2921,-9.004473895402043e-07,0
2922,-9.004473895402043e-07,0
2923,-9.004473895402043e-07,0
2924,-0.35436697993998223,0
2925,-9.004473895402043e-07,0
2926,-9.004473895402043e-07,0
2927,-9.004473895402043e-07,0
2928,-9.004473895402043e-07,0
2929,-9.004473895402043e-07,0
2930,-9.004473895402043e-07,0
2931,-9.004473895402043e-07,0
2932,-9.004473895402043e-07,0
2933,-9.004473895402043e-07,0
2934,-9.004473895402043e-07,0
2935,-9.004473895402043e-07,0
2936,-0.21137473892724756,0
2937,-9.004473895402043e-07,0
2938,-9.004473895402043e-07,0
2939,-9.004473895402043e-07,0
2940,-9.004473895402043e-07,0
2941,-9.004473895402043e-07,0
2942,-9.004473895402043e-07,0
2943,-9.004473895402043e-07,0
2944,-9.004473895402043e-07,0
2945,-9.004473895402043e-07,0
2946,-9.004473895402043e-07,0
2947,-9.004473895402043e-07,0
2948,-0.32950809457167907,0
2949,-9.004473895402043e-07,0
2950,-9.004473895402043e-07,0
2951,-9.004473895402043e-07,0
2952,-9.004473895402043e-07,0
2953,-9.004473895402043e-07,0
2954,-9.004473895402043e-07,0
2955,-9.004473895402043e-07,0
2956,-9.004473895402043e-07,0
2957,-9.004473895402043e-07,0
2958,-9.004473895402043e-07,0
2959,-9.004473895402043e-07,0
2960,-0.35436697993998223,0
2961,-9.004473895402043e-07,0
2962,-9.004473895402043e-07,0
2963,-9.004473895402043e-07,0
2964,-9.004473895402043e-07,0
2965,-9.004473895402043e-07,0
2966,-9.004473895402043e-07,0
2967,-9.004473895402043e-07,0
2968,-9.004473895402043e-07,0
2969,-9.004473895402043e-07,0
2970,-9.004473895402043e-07,0
2971,-9.004473895402043e-07,0
2972,-0.35436697993998223,0
2973,-9.004473895402043e-07,0
2974,-9.004473895402043e-07,0
2975,-9.004473895402043e-07,0
2976,-9.004473895402043e-07,0
2977,-9.004473895402043e-07,0
2978,-9.004473895402043e-07,0
2979,-9.004473895402043e-07,0
2980,-9.004473895402043e-07,0
2981,-0.32950809457167907,0
2982,-9.004473895402043e-07,0
2983,-9.004473895402043e-07,0
2984,-9.004473895402043e-07,0
2985,-9.004473895402043e-07,0
2986,-9.004473895402043e-07,0
2987,-9.004473895402043e-07,0
2988,-9.004473895402043e-07,0
2989,-9.004473895402043e-07,0
2990,-0.32950809457167907,0
2991,-9.004473895402043e-07,0
2992,-9.004473895402043e-07,0
2993,-9.004473895402043e-07,0
2994,-9.004473895402043e-07,0
2995,-9.004473895402043e-07,0
2996,-9.004473895402043e-07,0
2997,-9.004473895402043e-07,0
2998,-9.004473895402043e-07,0
2999,-0.21137473892724756,0
3000,-9.004473895402043e-07,0
3001,-9.004473895402043e-07,0
3002,-9.004473895402043e-07,0
3003,-9.004473895402043e-07,0
3004,-9.004473895402043e-07,0
3005,-9.004473895402043e-07,0
3006,-9.004473895402043e-07,0
3007,-9.004473895402043e-07,0
3008,-0.32950809457167907,0
3009,-9.004473895402043e-07,0
3010,-9.004473895402043e-07,0
3011,-9.004473895402043e-07,0
3012,-9.004473895402043e-07,0
3013,-9.004473895402043e-07,0
3014,-9.004473895402043e-07,0
3015,-9.004473895402043e-07,0
3016,-9.004473895402043e-07,0
3017,-0.12430074745736874,0
3018,-9.004473895402043e-07,0
3019,-9.004473895402043e-07,0
3020,-9.004473895402043e-07,0
3021,-9.004473895402043e-07,0
3022,-9.004473895402043e-07,0
3023,-9.004473895402043e-07,0
3024,-9.004473895402043e-07,0
3025,-9.004473895402043e-07,0
3026,-9.004473895402043e-07,0
3027,-0.28595247955843206,0
3028,-9.004473895402043e-07,0
3029,-9.004473895402043e-07,0
3030,-9.004473895402043e-07,0
3031,-9.004473895402043e-07,0
3032,-9.004473895402043e-07,0
3033,-9.004473895402043e-07,0
3034,-9.004473895402043e-07,0
3035,-9.004473895402043e-07,0
3036,-9.004473895402043e-07,0
3037,0.13051701723099995,1
3038,-9.004473895402043e-07,0
3039,-9.004473895402043e-07,0
3040,-9.004473895402043e-07,0
3041,-9.004473895402043e-07,0
3042,-9.004473895402043e-07,0
3043,-9.004473895402043e-07,0
3044,-9.004473895402043e-07,0
3045,-9.004473895402043e-07,0
3046,-9.004473895402043e-07,0
3047,2.0788010528141285,1
3048,-9.004473895402043e-07,0
3049,-9.004473895402043e-07,0
3050,-9.004473895402043e-07,0
3051,-9.004473895402043e-07,0
3052,-9.004473895402043e-07,0
3053,-9.004473895402043e-07,0
3054,-9.004473895402043e-07,0
3055,-9.004473895402043e-07,0
3056,-9.004473895402043e-07,0
3057,-0.28595247955843206,0
3058,-9.004473895402043e-07,0
3059,-9.004473895402043e-07,0
3060,-9.004473895402043e-07,0
3061,-9.004473895402043e-07,0
3062,-9.004473895402043e-07,0
3063,-9.004473895402043e-07,0
3064,-9.004473895402043e-07,0
3065,-9.004473895402043e-07,0
3066,-9.004473895402043e-07,0
3067,-0.28595247955843206,0
3068,-9.004473895402043e-07,0
3069,-9.004473895402043e-07,0
3070,-9.004473895402043e-07,0
3071,-9.004473895402043e-07,0
3072,-9.004473895402043e-07,0
3073,-9.004473895402043e-07,0
3074,-9.004473895402043e-07,0
3075,-9.004473895402043e-07,0
3076,-9.004473895402043e-07,0
3077,-0.28595247955843206,0
3078,-9.004473895402043e-07,0
3079,-9.004473895402043e-07,0
3080,-9.004473895402043e-07,0
3081,-9.004473895402043e-07,0
3082,-9.004473895402043e-07,0
3083,-9.004473895402043e-07,0
3084,-9.004473895402043e-07,0
3085,-9.004473895402043e-07,0
3086,-9.004473895402043e-07,0
3087,-0.28595247955843206,0
3088,-9.004473895402043e-07,0
3089,-9.004473895402043e-07,0
3090,-9.004473895402043e-07,0
3091,-9.004473895402043e-07,0
3092,-9.004473895402043e-07,0
3093,-9.004473895402043e-07,0
3094,-9.004473895402043e-07,0
3095,-9.004473895402043e-07,0
3096,-9.004473895402043e-07,0
3097,-0.32950809457167907,0
3098,-9.004473895402043e-07,0
3099,-9.004473895402043e-07,0
3100,-0.32950809457167907,0
3101,-9.004473895402043e-07,0
3102,-9.004473895402043e-07,0
3103,-9.004473895402043e-07,0
3104,-9.004473895402043e-07,0
3105,-9.004473895402043e-07,0
3106,-9.004473895402043e-07,0
3107,-9.004473895402043e-07,0
3108,-9.004473895402043e-07,0
3109,-9.004473895402043e-07,0
3110,-0.28595247955843206,0
3111,-9.004473895402043e-07,0
3112,-9.004473895402043e-07,0
3113,-9.004473895402043e-07,0
3114,-9.004473895402043e-07,0
3115,-9.004473895402043e-07,0
3116,-9.004473895402043e-07,0
3117,-0.28595247955843206,0
3118,-9.004473895402043e-07,0
3119,-9.004473895402043e-07,0
3120,-9.004473895402043e-07,0
3121,-9.004473895402043e-07,0
3122,-9.004473895402043e-07,0
3123,-9.004473895402043e-07,0
3124,1.4527299670046432,1
3125,-9.004473895402043e-07,0
3126,-9.004473895402043e-07,0
3127,-9.004473895402043e-07,0
3128,-9.004473895402043e-07,0
3129,-9.004473895402043e-07,0
3130,-9.004473895402043e-07,0
3131,-9.004473895402043e-07,0
3132,-9.004473895402043e-07,0
3133,-0.35436697993998223,0
3134,-9.004473895402043e-07,0
3135,-9.004473895402043e-07,0
3136,-9.004473895402043e-07,0
3137,-9.004473895402043e-07,0
3138,-9.004473895402043e-07,0
3139,-9.004473895402043e-07,0
3140,-9.004473895402043e-07,0
3141,-9.004473895402043e-07,0
3142,-0.32950809457167907,0
3143,-9.004473895402043e-07,0
3144,-9.004473895402043e-07,0
3145,-9.004473895402043e-07,0
3146,-9.004473895402043e-07,0
3147,-9.004473895402043e-07,0
3148,-9.004473895402043e-07,0
3149,-9.004473895402043e-07,0
3150,-9.004473895402043e-07,0
3151,-0.0042875259291577095,0
3152,-9.004473895402043e-07,0
3153,-9.004473895402043e-07,0
3154,-0.3283034916747738,0
3155,-9.004473895402043e-07,0
3156,-9.004473895402043e-07,0
3157,-9.004473895402043e-07,0
3158,-9.004473895402043e-07,0
3159,-9.004473895402043e-07,0
3160,-0.32950809457167907,0
3161,-9.004473895402043e-07,0
3162,-9.004473895402043e-07,0
3163,-9.004473895402043e-07,0
3164,-9.004473895402043e-07,0
3165,-9.004473895402043e-07,0
3166,0.13051701723099995,1
3167,-9.004473895402043e-07,0
3168,-9.004473895402043e-07,0
3169,-9.004473895402043e-07,0
3170,-9.004473895402043e-07,0
3171,-9.004473895402043e-07,0
3172,-0.28595247955843206,0
3173,-9.004473895402043e-07,0
3174,-9.004473895402043e-07,0
3175,-9.004473895402043e-07,0
3176,-9.004473895402043e-07,0
3177,-9.004473895402043e-07,0
3178,-0.28595247955843206,0
3179,-9.004473895402043e-07,0
3180,-9.004473895402043e-07,0
3181,-9.004473895402043e-07,0
3182,-9.004473895402043e-07,0
3183,-9.004473895402043e-07,0
3184,-0.28595247955843206,0
3185,-9.004473895402043e-07,0
3186,-9.004473895402043e-07,0
3187,-9.004473895402043e-07,0
3188,-9.004473895402043e-07,0
3189,-9.004473895402043e-07,0
3190,-0.35436697993998223,0
3191,-9.004473895402043e-07,0
3192,-9.004473895402043e-07,0
3193,-9.004473895402043e-07,0
3194,-9.004473895402043e-07,0
3195,-9.004473895402043e-07,0
3196,-0.35436697993998223,0
3197,-9.004473895402043e-07,0
3198,-9.004473895402043e-07,0
3199,-9.004473895402043e-07,0
3200,-9.004473895402043e-07,0
3201,-9.004473895402043e-07,0
3202,-0.32950809457167907,0
3203,-9.004473895402043e-07,0
3204,-9.004473895402043e-07,0
3205,-9.004473895402043e-07,0
3206,-9.004473895402043e-07,0
3207,-9.004473895402043e-07,0
3208,-0.28595247955843206,0
3209,-9.004473895402043e-07,0
3210,-9.004473895402043e-07,0
3211,-9.004473895402043e-07,0
3212,-9.004473895402043e-07,0
3213,-9.004473895402043e-07,0
3214,-0.28595247955843206,0
3215,-9.004473895402043e-07,0
3216,-9.004473895402043e-07,0
3217,-9.004473895402043e-07,0
3218,-9.004473895402043e-07,0
3219,-9.004473895402043e-07,0
3220,-0.28595247955843206,0
3221,-9.004473895402043e-07,0
3222,-9.004473895402043e-07,0
3223,-9.004473895402043e-07,0
3224,-9.004473895402043e-07,0
3225,-9.004473895402043e-07,0
3226,-0.28595247955843206,0
3227,-9.004473895402043e-07,0
3228,-9.004473895402043e-07,0
3229,-9.004473895402043e-07,0
3230,-9.004473895402043e-07,0
3231,-9.004473895402043e-07,0
3232,-0.28595247955843206,0
3233,-9.004473895402043e-07,0
3234,-9.004473895402043e-07,0
3235,-9.004473895402043e-07,0
3236,-9.004473895402043e-07,0
3237,-9.004473895402043e-07,0
3238,-0.28595247955843206,0
3239,-9.004473895402043e-07,0
3240,-9.004473895402043e-07,0
3241,-9.004473895402043e-07,0
3242,-9.004473895402043e-07,0
3243,-9.004473895402043e-07,0
3244,-0.28595247955843206,0
3245,-9.004473895402043e-07,0
3246,-9.004473895402043e-07,0
3247,-9.004473895402043e-07,0
3248,-9.004473895402043e-07,0
3249,-9.004473895402043e-07,0
3250,-0.21137473892724756,0
3251,-9.004473895402043e-07,0
3252,-9.004473895402043e-07,0
3253,-9.004473895402043e-07,0
3254,-9.004473895402043e-07,0
3255,-9.004473895402043e-07,0
3256,-0.35436697993998223,0
3257,-9.004473895402043e-07,0
3258,-9.004473895402043e-07,0
3259,-9.004473895402043e-07,0
3260,-9.004473895402043e-07,0
3261,-9.004473895402043e-07,0
3262,-0.28595247955843206,0
3263,-9.004473895402043e-07,0
3264,-9.004473895402043e-07,0
3265,-9.004473895402043e-07,0
3266,-9.004473895402043e-07,0
3267,-9.004473895402043e-07,0
3268,-0.28595247955843206,0
3269,-9.004473895402043e-07,0
3270,-9.004473895402043e-07,0
3271,-9.004473895402043e-07,0
3272,-9.004473895402043e-07,0
3273,-9.004473895402043e-07,0
3274,-0.28595247955843206,0
3275,-9.004473895402043e-07,0
3276,-9.004473895402043e-07,0
3277,-9.004473895402043e-07,0
3278,-9.004473895402043e-07,0
3279,-9.004473895402043e-07,0
3280,-0.28595247955843206,0
3281,-9.004473895402043e-07,0
3282,-9.004473895402043e-07,0
3283,-9.004473895402043e-07,0
3284,-9.004473895402043e-07,0
3285,-9.004473895402043e-07,0
3286,-0.28595247955843206,0
3287,-9.004473895402043e-07,0
3288,-9.004473895402043e-07,0
3289,-9.004473895402043e-07,0
3290,-9.004473895402043e-07,0
3291,-9.004473895402043e-07,0
3292,-0.28595247955843206,0
3293,-9.004473895402043e-07,0
3294,-9.004473895402043e-07,0
3295,-9.004473895402043e-07,0
3296,-9.004473895402043e-07,0
3297,-9.004473895402043e-07,0
3298,-0.28595247955843206,0
3299,-9.004473895402043e-07,0
3300,-9.004473895402043e-07,0
3301,-9.004473895402043e-07,0
3302,-9.004473895402043e-07,0
3303,-9.004473895402043e-07,0
3304,-0.28595247955843206,0
3305,-9.004473895402043e-07,0
3306,-9.004473895402043e-07,0
3307,-9.004473895402043e-07,0
3308,-9.004473895402043e-07,0
3309,-9.004473895402043e-07,0
3310,-0.28595247955843206,0
3311,-9.004473895402043e-07,0
3312,-9.004473895402043e-07,0
3313,-9.004473895402043e-07,0
3314,-9.004473895402043e-07,0
3315,-9.004473895402043e-07,0
3316,-0.21137473892724756,0
3317,-0.32950809457167907,0
3318,-9.004473895402043e-07,0
3319,-9.004473895402043e-07,0
3320,-0.21137473892724756,0
3321,-9.004473895402043e-07,0
3322,-9.004473895402043e-07,0
3323,-9.004473895402043e-07,0
3324,-0.28595247955843206,0
3325,-9.004473895402043e-07,0
3326,-9.004473895402043e-07,0
3327,-9.004473895402043e-07,0
3328,-0.28595247955843206,0
3329,-9.004473895402043e-07,0
3330,-9.004473895402043e-07,0
3331,-9.004473895402043e-07,0
3332,-0.28595247955843206,0
3333,-9.004473895402043e-07,0
3334,-9.004473895402043e-07,0
3335,-9.004473895402043e-07,0
3336,-0.28595247955843206,0
3337,-9.004473895402043e-07,0
3338,-9.004473895402043e-07,0
3339,-9.004473895402043e-07,0
3340,-0.28595247955843206,0
3341,-9.004473895402043e-07,0
3342,-9.004473895402043e-07,0
3343,-9.004473895402043e-07,0
3344,-0.28595247955843206,0
3345,-9.004473895402043e-07,0
3346,-9.004473895402043e-07,0
3347,-9.004473895402043e-07,0
3348,-0.28595247955843206,0
3349,-9.004473895402043e-07,0
3350,-9.004473895402043e-07,0
3351,-9.004473895402043e-07,0
3352,-0.28595247955843206,0
3353,-9.004473895402043e-07,0
3354,-9.004473895402043e-07,0
3355,-9.004473895402043e-07,0
3356,-0.28595247955843206,0
3357,-9.004473895402043e-07,0
3358,-9.004473895402043e-07,0
3359,-9.004473895402043e-07,0
3360,-0.32950809457167907,0
3361,-9.004473895402043e-07,0
3362,-9.004473895402043e-07,0
3363,-9.004473895402043e-07,0
3364,-0.32950809457167907,0
3365,-9.004473895402043e-07,0
3366,-9.004473895402043e-07,0
3367,-9.004473895402043e-07,0
3368,-0.32950809457167907,0
3369,-9.004473895402043e-07,0
3370,-9.004473895402043e-07,0
3371,-9.004473895402043e-07,0
3372,-0.32950809457167907,0
3373,-9.004473895402043e-07,0
3374,-9.004473895402043e-07,0
3375,-9.004473895402043e-07,0
3376,-0.32950809457167907,0
3377,-9.004473895402043e-07,0
3378,-9.004473895402043e-07,0
3379,-9.004473895402043e-07,0
3380,-9.004473895402043e-07,0
3381,-9.004473895402043e-07,0
3382,-0.32950809457167907,0
3383,-9.004473895402043e-07,0
3384,-9.004473895402043e-07,0
3385,-9.004473895402043e-07,0
3386,-9.004473895402043e-07,0
3387,-9.004473895402043e-07,0
3388,-0.28595247955843206,0
3389,-9.004473895402043e-07,0
3390,-9.004473895402043e-07,0
3391,-9.004473895402043e-07,0
3392,-9.004473895402043e-07,0
3393,-9.004473895402043e-07,0
3394,-0.28595247955843206,0
3395,-9.004473895402043e-07,0
3396,-9.004473895402043e-07,0
3397,-9.004473895402043e-07,0
3398,-9.004473895402043e-07,0
3399,-9.004473895402043e-07,0
3400,-0.28595247955843206,0
3401,-9.004473895402043e-07,0
3402,-9.004473895402043e-07,0
3403,-9.004473895402043e-07,0
3404,-9.004473895402043e-07,0
3405,-9.004473895402043e-07,0
3406,-0.28595247955843206,0
3407,-9.004473895402043e-07,0
3408,-9.004473895402043e-07,0
3409,-9.004473895402043e-07,0
3410,-9.004473895402043e-07,0
3411,-9.004473895402043e-07,0
3412,-0.28595247955843206,0
3413,-9.004473895402043e-07,0
3414,-9.004473895402043e-07,0
3415,-9.004473895402043e-07,0
3416,-9.004473895402043e-07,0
3417,-9.004473895402043e-07,0
3418,-0.28595247955843206,0
3419,-9.004473895402043e-07,0
3420,-9.004473895402043e-07,0
3421,-9.004473895402043e-07,0
3422,-9.004473895402043e-07,0
3423,-9.004473895402043e-07,0
3424,-0.28595247955843206,0
3425,-9.004473895402043e-07,0
3426,-9.004473895402043e-07,0
3427,-9.004473895402043e-07,0
3428,-9.004473895402043e-07,0
3429,-9.004473895402043e-07,0
3430,-0.28595247955843206,0
3431,-9.004473895402043e-07,0
3432,-9.004473895402043e-07,0
3433,-9.004473895402043e-07,0
3434,-9.004473895402043e-07,0
3435,-9.004473895402043e-07,0
3436,7.762263864732745,1
3437,-9.004473895402043e-07,0
3438,-9.004473895402043e-07,0
3439,-9.004473895402043e-07,0
3440,-9.004473895402043e-07,0
3441,-9.004473895402043e-07,0
3442,-0.28595247955843206,0
3443,-9.004473895402043e-07,0
3444,-9.004473895402043e-07,0
3445,-9.004473895402043e-07,0
3446,-9.004473895402043e-07,0
3447,-9.004473895402043e-07,0
3448,-0.28595247955843206,0
3449,-9.004473895402043e-07,0
3450,-9.004473895402043e-07,0
3451,-9.004473895402043e-07,0
3452,-9.004473895402043e-07,0
3453,-9.004473895402043e-07,0
3454,-0.28595247955843206,0
3455,-9.004473895402043e-07,0
3456,-9.004473895402043e-07,0
3457,-9.004473895402043e-07,0
3458,-9.004473895402043e-07,0
3459,-9.004473895402043e-07,0
3460,-0.28595247955843206,0
3461,-9.004473895402043e-07,0
3462,-9.004473895402043e-07,0
3463,-9.004473895402043e-07,0
3464,-9.004473895402043e-07,0
3465,-9.004473895402043e-07,0
3466,-0.28595247955843206,0
3467,-9.004473895402043e-07,0
3468,-9.004473895402043e-07,0
3469,-9.004473895402043e-07,0
3470,-9.004473895402043e-07,0
3471,-9.004473895402043e-07,0
3472,-0.28595247955843206,0
3473,-9.004473895402043e-07,0
3474,-9.004473895402043e-07,0
3475,-9.004473895402043e-07,0
3476,-9.004473895402043e-07,0
3477,-9.004473895402043e-07,0
3478,-0.28595247955843206,0
3479,-9.004473895402043e-07,0
3480,-9.004473895402043e-07,0
3481,-9.004473895402043e-07,0
3482,-9.004473895402043e-07,0
3483,-9.004473895402043e-07,0
3484,-0.28595247955843206,0
3485,-9.004473895402043e-07,0
3486,-9.004473895402043e-07,0
3487,-9.004473895402043e-07,0
3488,-9.004473895402043e-07,0
3489,-9.004473895402043e-07,0
3490,-0.28595247955843206,0
3491,-9.004473895402043e-07,0
3492,-9.004473895402043e-07,0
3493,-9.004473895402043e-07,0
3494,-9.004473895402043e-07,0
3495,-9.004473895402043e-07,0
3496,-0.21137473892724756,0
3497,-9.004473895402043e-07,0
3498,-9.004473895402043e-07,0
3499,-0.35436697993998223,0
3500,-9.004473895402043e-07,0
3501,-9.004473895402043e-07,0
3502,-9.004473895402043e-07,0
3503,-9.004473895402043e-07,0
3504,-9.004473895402043e-07,0
3505,-0.21137473892724756,0
3506,-9.004473895402043e-07,0
3507,-9.004473895402043e-07,0
3508,-0.21137473892724756,0
3509,-9.004473895402043e-07,0
3510,-9.004473895402043e-07,0
3511,-9.004473895402043e-07,0
3512,-9.004473895402043e-07,0
3513,-9.004473895402043e-07,0
3514,-0.32950809457167907,0
3515,-9.004473895402043e-07,0
3516,-9.004473895402043e-07,0
3517,-9.004473895402043e-07,0
3518,-9.004473895402043e-07,0
3519,-9.004473895402043e-07,0
3520,-0.28595247955843206,0
3521,-9.004473895402043e-07,0
3522,-9.004473895402043e-07,0
3523,-9.004473895402043e-07,0
3524,-9.004473895402043e-07,0
3525,-9.004473895402043e-07,0
3526,-0.28595247955843206,0
3527,-9.004473895402043e-07,0
3528,-9.004473895402043e-07,0
3529,-9.004473895402043e-07,0
3530,-9.004473895402043e-07,0
3531,-9.004473895402043e-07,0
3532,-0.28595247955843206,0
3533,-9.004473895402043e-07,0
3534,-9.004473895402043e-07,0
3535,-9.004473895402043e-07,0
3536,-9.004473895402043e-07,0
3537,-9.004473895402043e-07,0
3538,-0.28595247955843206,0
3539,-9.004473895402043e-07,0
3540,-9.004473895402043e-07,0
3541,-9.004473895402043e-07,0
3542,-9.004473895402043e-07,0
3543,-9.004473895402043e-07,0
3544,-0.28595247955843206,0
3545,-9.004473895402043e-07,0
3546,-9.004473895402043e-07,0
3547,-9.004473895402043e-07,0
3548,-9.004473895402043e-07,0
3549,-9.004473895402043e-07,0
3550,-0.28595247955843206,0
3551,-9.004473895402043e-07,0
3552,-9.004473895402043e-07,0
3553,-9.004473895402043e-07,0
3554,-9.004473895402043e-07,0
3555,-9.004473895402043e-07,0
3556,-9.004473895402043e-07,0
3557,-9.004473895402043e-07,0
3558,-9.004473895402043e-07,0
3559,-0.28595247955843206,0
3560,-9.004473895402043e-07,0
3561,-9.004473895402043e-07,0
3562,-9.004473895402043e-07,0
3563,-9.004473895402043e-07,0
3564,-9.004473895402043e-07,0
3565,-9.004473895402043e-07,0
3566,-9.004473895402043e-07,0
3567,-9.004473895402043e-07,0
3568,-0.32950809457167907,0
3569,-9.004473895402043e-07,0
3570,-9.004473895402043e-07,0
3571,-9.004473895402043e-07,0
3572,-9.004473895402043e-07,0
3573,-9.004473895402043e-07,0
3574,-9.004473895402043e-07,0
3575,-9.004473895402043e-07,0
3576,-9.004473895402043e-07,0
3577,-0.32950809457167907,0
3578,-9.004473895402043e-07,0
3579,-9.004473895402043e-07,0
3580,-9.004473895402043e-07,0
3581,-9.004473895402043e-07,0
3582,-9.004473895402043e-07,0
3583,-9.004473895402043e-07,0
3584,-9.004473895402043e-07,0
3585,-9.004473895402043e-07,0
3586,-0.0042875259291577095,0
3587,-9.004473895402043e-07,0
3588,-9.004473895402043e-07,0
3589,-0.3283034916747738,0
3590,-9.004473895402043e-07,0
3591,-9.004473895402043e-07,0
3592,-9.004473895402043e-07,0
3593,-9.004473895402043e-07,0
3594,-9.004473895402043e-07,0
3595,-0.32950809457167907,0
3596,-9.004473895402043e-07,0
3597,-9.004473895402043e-07,0
3598,-9.004473895402043e-07,0
3599,-9.004473895402043e-07,0
3600,-9.004473895402043e-07,0
3601,-0.32950809457167907,0
3602,-9.004473895402043e-07,0
3603,-9.004473895402043e-07,0
3604,-9.004473895402043e-07,0
3605,-9.004473895402043e-07,0
3606,-9.004473895402043e-07,0
3607,-0.32950809457167907,0
3608,-9.004473895402043e-07,0
3609,-9.004473895402043e-07,0
3610,-9.004473895402043e-07,0
3611,-9.004473895402043e-07,0
3612,-9.004473895402043e-07,0
3613,-0.32950809457167907,0
3614,-9.004473895402043e-07,0
3615,-9.004473895402043e-07,0
3616,-9.004473895402043e-07,0
3617,-9.004473895402043e-07,0
3618,-9.004473895402043e-07,0
3619,-0.32950809457167907,0
3620,-9.004473895402043e-07,0
3621,-9.004473895402043e-07,0
3622,-9.004473895402043e-07,0
3623,-9.004473895402043e-07,0
3624,-9.004473895402043e-07,0
3625,-0.28595247955843206,0
3626,-9.004473895402043e-07,0
3627,-9.004473895402043e-07,0
3628,-9.004473895402043e-07,0
3629,-9.004473895402043e-07,0
3630,-9.004473895402043e-07,0
3631,-0.28595247955843206,0
3632,-9.004473895402043e-07,0
3633,-9.004473895402043e-07,0
3634,-9.004473895402043e-07,0
3635,-9.004473895402043e-07,0
3636,-9.004473895402043e-07,0
3637,-0.32950809457167907,0
3638,-9.004473895402043e-07,0
3639,-9.004473895402043e-07,0
3640,-9.004473895402043e-07,0
3641,-9.004473895402043e-07,0
3642,-9.004473895402043e-07,0
3643,-0.32950809457167907,0
3644,-9.004473895402043e-07,0
3645,-9.004473895402043e-07,0
3646,-9.004473895402043e-07,0
3647,-9.004473895402043e-07,0
3648,-9.004473895402043e-07,0
3649,-0.32950809457167907,0
3650,-9.004473895402043e-07,0
3651,-9.004473895402043e-07,0
3652,-9.004473895402043e-07,0
3653,-9.004473895402043e-07,0
3654,-9.004473895402043e-07,0
3655,-0.32950809457167907,0
3656,-9.004473895402043e-07,0
3657,-9.004473895402043e-07,0
3658,-9.004473895402043e-07,0
3659,-9.004473895402043e-07,0
3660,-9.004473895402043e-07,0
3661,-0.32950809457167907,0
3662,-9.004473895402043e-07,0
3663,-9.004473895402043e-07,0
3664,-9.004473895402043e-07,0
3665,-9.004473895402043e-07,0
3666,-9.004473895402043e-07,0
3667,-0.32950809457167907,0
3668,-9.004473895402043e-07,0
3669,-9.004473895402043e-07,0
3670,-9.004473895402043e-07,0
3671,-9.004473895402043e-07,0
3672,-9.004473895402043e-07,0
3673,-0.28595247955843206,0
3674,-9.004473895402043e-07,0
3675,-9.004473895402043e-07,0
3676,-9.004473895402043e-07,0
3677,-9.004473895402043e-07,0
3678,-9.004473895402043e-07,0
3679,-0.28595247955843206,0
3680,-9.004473895402043e-07,0
3681,-9.004473895402043e-07,0
3682,-9.004473895402043e-07,0
3683,-9.004473895402043e-07,0
3684,-9.004473895402043e-07,0
3685,-0.28595247955843206,0
3686,-9.004473895402043e-07,0
3687,-9.004473895402043e-07,0
3688,-9.004473895402043e-07,0
3689,-9.004473895402043e-07,0
3690,-9.004473895402043e-07,0
3691,-0.32950809457167907,0
3692,-9.004473895402043e-07,0
3693,-9.004473895402043e-07,0
3694,-9.004473895402043e-07,0
3695,-9.004473895402043e-07,0
3696,-9.004473895402043e-07,0
3697,-0.32950809457167907,0
3698,-9.004473895402043e-07,0
3699,-9.004473895402043e-07,0
3700,-9.004473895402043e-07,0
3701,-9.004473895402043e-07,0
3702,-9.004473895402043e-07,0
3703,-0.32950809457167907,0
3704,-9.004473895402043e-07,0
3705,-9.004473895402043e-07,0
3706,-9.004473895402043e-07,0
3707,-9.004473895402043e-07,0
3708,-9.004473895402043e-07,0
3709,-0.32950809457167907,0
3710,-9.004473895402043e-07,0
3711,-9.004473895402043e-07,0
3712,-9.004473895402043e-07,0
3713,-9.004473895402043e-07,0
3714,-9.004473895402043e-07,0
3715,-0.32950809457167907,0
3716,-9.004473895402043e-07,0
3717,-9.004473895402043e-07,0
3718,-9.004473895402043e-07,0
3719,-9.004473895402043e-07,0
3720,-9.004473895402043e-07,0
3721,-0.32950809457167907,0
3722,-9.004473895402043e-07,0
3723,-9.004473895402043e-07,0
3724,-9.004473895402043e-07,0
3725,-9.004473895402043e-07,0
3726,-9.004473895402043e-07,0
3727,-0.35436697993998223,0
3728,-9.004473895402043e-07,0
3729,-9.004473895402043e-07,0
3730,-9.004473895402043e-07,0
3731,-9.004473895402043e-07,0
3732,-9.004473895402043e-07,0
3733,-9.004473895402043e-07,0
3734,-9.004473895402043e-07,0
3735,-0.35436697993998223,0
3736,-9.004473895402043e-07,0
3737,-9.004473895402043e-07,0
3738,-9.004473895402043e-07,0
3739,-9.004473895402043e-07,0
3740,0.13051701723099995,1
3741,-9.004473895402043e-07,0
3742,-9.004473895402043e-07,0
3743,-9.004473895402043e-07,0
3744,-9.004473895402043e-07,0
3745,-0.28595247955843206,0
3746,-9.004473895402043e-07,0
3747,-9.004473895402043e-07,0
3748,-9.004473895402043e-07,0
3749,-9.004473895402043e-07,0
3750,-0.28595247955843206,0
3751,-9.004473895402043e-07,0
3752,-9.004473895402043e-07,0
3753,-9.004473895402043e-07,0
3754,-9.004473895402043e-07,0
3755,-0.28595247955843206,0
3756,-9.004473895402043e-07,0
3757,-9.004473895402043e-07,0
3758,-9.004473895402043e-07,0
3759,-9.004473895402043e-07,0
3760,-0.28595247955843206,0
3761,-9.004473895402043e-07,0
3762,-9.004473895402043e-07,0
3763,-9.004473895402043e-07,0
3764,-9.004473895402043e-07,0
3765,-0.28595247955843206,0
3766,-9.004473895402043e-07,0
3767,-9.004473895402043e-07,0
3768,-9.004473895402043e-07,0
3769,-9.004473895402043e-07,0
3770,-0.28595247955843206,0
3771,-9.004473895402043e-07,0
3772,-9.004473895402043e-07,0
3773,-9.004473895402043e-07,0
3774,-9.004473895402043e-07,0
3775,-0.32950809457167907,0
3776,-9.004473895402043e-07,0
3777,-9.004473895402043e-07,0
3778,-9.004473895402043e-07,0
3779,-9.004473895402043e-07,0
3780,-0.32950809457167907,0
3781,-9.004473895402043e-07,0
3782,-9.004473895402043e-07,0
3783,-9.004473895402043e-07,0
3784,-9.004473895402043e-07,0
3785,-0.32950809457167907,0
3786,-9.004473895402043e-07,0
3787,-9.004473895402043e-07,0
3788,-9.004473895402043e-07,0
3789,-9.004473895402043e-07,0
3790,-0.32950809457167907,0
3791,-9.004473895402043e-07,0
3792,-9.004473895402043e-07,0
3793,-9.004473895402043e-07,0
3794,-9.004473895402043e-07,0
3795,-0.28595247955843206,0
3796,-9.004473895402043e-07,0
3797,-9.004473895402043e-07,0
3798,-9.004473895402043e-07,0
3799,-9.004473895402043e-07,0
3800,-0.32950809457167907,0
3801,-9.004473895402043e-07,0
3802,-9.004473895402043e-07,0
3803,-9.004473895402043e-07,0
3804,-9.004473895402043e-07,0
3805,-0.32950809457167907,0
3806,-9.004473895402043e-07,0
3807,-9.004473895402043e-07,0
3808,-9.004473895402043e-07,0
3809,-9.004473895402043e-07,0
3810,-0.32950809457167907,0
3811,-9.004473895402043e-07,0
3812,-9.004473895402043e-07,0
3813,-9.004473895402043e-07,0
3814,-9.004473895402043e-07,0
3815,-0.32950809457167907,0
3816,-9.004473895402043e-07,0
3817,-9.004473895402043e-07,0
3818,-9.004473895402043e-07,0
3819,-9.004473895402043e-07,0
3820,-0.32950809457167907,0
3821,-9.004473895402043e-07,0
3822,-9.004473895402043e-07,0
3823,-9.004473895402043e-07,0
3824,-9.004473895402043e-07,0
3825,-0.28595247955843206,0
3826,-9.004473895402043e-07,0
3827,-9.004473895402043e-07,0
3828,-9.004473895402043e-07,0
3829,-9.004473895402043e-07,0
3830,-0.32950809457167907,0
3831,-9.004473895402043e-07,0
3832,-9.004473895402043e-07,0
3833,-9.004473895402043e-07,0
3834,-9.004473895402043e-07,0
3835,-0.32950809457167907,0
3836,-9.004473895402043e-07,0
3837,-9.004473895402043e-07,0
3838,-9.004473895402043e-07,0
3839,-9.004473895402043e-07,0
3840,-0.32950809457167907,0
3841,-9.004473895402043e-07,0
3842,-9.004473895402043e-07,0
3843,-9.004473895402043e-07,0
3844,-9.004473895402043e-07,0
3845,-0.32950809457167907,0
3846,-9.004473895402043e-07,0
3847,-9.004473895402043e-07,0
3848,-9.004473895402043e-07,0
3849,-9.004473895402043e-07,0
3850,-0.32950809457167907,0
3851,-9.004473895402043e-07,0
3852,-9.004473895402043e-07,0
3853,-9.004473895402043e-07,0
3854,-9.004473895402043e-07,0
3855,-0.35436697993998223,0
3856,-9.004473895402043e-07,0
3857,-9.004473895402043e-07,0
3858,-9.004473895402043e-07,0
3859,-9.004473895402043e-07,0
3860,-0.21137473892724756,0
3861,-9.004473895402043e-07,0
3862,-9.004473895402043e-07,0
3863,-9.004473895402043e-07,0
3864,-9.004473895402043e-07,0
3865,-0.28595247955843206,0
3866,-9.004473895402043e-07,0
3867,-9.004473895402043e-07,0
3868,-9.004473895402043e-07,0
3869,-9.004473895402043e-07,0
3870,-0.28595247955843206,0
3871,-9.004473895402043e-07,0
3872,-9.004473895402043e-07,0
3873,-9.004473895402043e-07,0
3874,-9.004473895402043e-07,0
3875,-0.32950809457167907,0
3876,-9.004473895402043e-07,0
3877,-9.004473895402043e-07,0
3878,-9.004473895402043e-07,0
3879,-9.004473895402043e-07,0
3880,-0.32950809457167907,0
3881,-9.004473895402043e-07,0
3882,-9.004473895402043e-07,0
3883,-9.004473895402043e-07,0
3884,-9.004473895402043e-07,0
3885,-0.32950809457167907,0
3886,-9.004473895402043e-07,0
3887,-9.004473895402043e-07,0
3888,-9.004473895402043e-07,0
3889,-9.004473895402043e-07,0
3890,-0.32950809457167907,0
3891,-9.004473895402043e-07,0
3892,-9.004473895402043e-07,0
3893,-9.004473895402043e-07,0
3894,-9.004473895402043e-07,0
3895,-0.32950809457167907,0
3896,-9.004473895402043e-07,0
3897,-9.004473895402043e-07,0
3898,-9.004473895402043e-07,0
3899,-9.004473895402043e-07,0
3900,-0.32950809457167907,0
3901,-9.004473895402043e-07,0
3902,-9.004473895402043e-07,0
3903,-9.004473895402043e-07,0
3904,-9.004473895402043e-07,0
3905,2.0788010528141285,1
3906,-9.004473895402043e-07,0
3907,-9.004473895402043e-07,0
3908,-0.32950809457167907,0
3909,-9.004473895402043e-07,0
3910,-0.28595247955843206,0
3911,-9.004473895402043e-07,0
3912,-9.004473895402043e-07,0
3913,-9.004473895402043e-07,0
3914,-0.28595247955843206,0
3915,-9.004473895402043e-07,0
3916,-9.004473895402043e-07,0
3917,-9.004473895402043e-07,0
3918,-9.004473895402043e-07,0
3919,-0.28595247955843206,0
3920,-9.004473895402043e-07,0
3921,-9.004473895402043e-07,0
3922,-9.004473895402043e-07,0
3923,-9.004473895402043e-07,0
3924,-0.28595247955843206,0
3925,-9.004473895402043e-07,0
3926,-9.004473895402043e-07,0
3927,-9.004473895402043e-07,0
3928,-9.004473895402043e-07,0
3929,-0.28595247955843206,0
3930,-9.004473895402043e-07,0
3931,-9.004473895402043e-07,0
3932,-9.004473895402043e-07,0
3933,-9.004473895402043e-07,0
3934,-0.28595247955843206,0
3935,-9.004473895402043e-07,0
3936,-9.004473895402043e-07,0
3937,-9.004473895402043e-07,0
3938,-9.004473895402043e-07,0
3939,-0.35436697993998223,0
3940,-9.004473895402043e-07,0
3941,-9.004473895402043e-07,0
3942,-9.004473895402043e-07,0
3943,-9.004473895402043e-07,0
3944,-0.28595247955843206,0
3945,-9.004473895402043e-07,0
3946,-9.004473895402043e-07,0
3947,-9.004473895402043e-07,0
3948,-9.004473895402043e-07,0
3949,-0.35436697993998223,0
3950,-9.004473895402043e-07,0
3951,-9.004473895402043e-07,0
3952,-9.004473895402043e-07,0
3953,-9.004473895402043e-07,0
3954,-0.32950809457167907,0
3955,-9.004473895402043e-07,0
3956,-9.004473895402043e-07,0
3957,-9.004473895402043e-07,0
3958,-9.004473895402043e-07,0
3959,-0.28595247955843206,0
3960,-9.004473895402043e-07,0
3961,-9.004473895402043e-07,0
3962,-9.004473895402043e-07,0
3963,-9.004473895402043e-07,0
3964,-0.28595247955843206,0
3965,-9.004473895402043e-07,0
3966,-9.004473895402043e-07,0
3967,-9.004473895402043e-07,0
3968,-9.004473895402043e-07,0
3969,-9.004473895402043e-07,0
3970,-0.28595247955843206,0
3971,-9.004473895402043e-07,0
3972,-9.004473895402043e-07,0
3973,-9.004473895402043e-07,0
3974,-9.004473895402043e-07,0
3975,-9.004473895402043e-07,0
3976,-0.28595247955843206,0
3977,-9.004473895402043e-07,0
3978,-9.004473895402043e-07,0
3979,-9.004473895402043e-07,0
3980,-9.004473895402043e-07,0
3981,-9.004473895402043e-07,0
3982,-0.28595247955843206,0
3983,-9.004473895402043e-07,0
3984,-9.004473895402043e-07,0
3985,-9.004473895402043e-07,0
3986,-9.004473895402043e-07,0
3987,-9.004473895402043e-07,0
3988,-0.28595247955843206,0
3989,-9.004473895402043e-07,0
3990,-9.004473895402043e-07,0
3991,-9.004473895402043e-07,0
3992,-9.004473895402043e-07,0
3993,-9.004473895402043e-07,0
3994,-0.28595247955843206,0
3995,-9.004473895402043e-07,0
3996,-9.004473895402043e-07,0
3997,-9.004473895402043e-07,0
3998,-9.004473895402043e-07,0
3999,-9.004473895402043e-07,0
4000,-0.28595247955843206,0
4001,-9.004473895402043e-07,0
4002,-9.004473895402043e-07,0
4003,-9.004473895402043e-07,0
4004,-9.004473895402043e-07,0
4005,-9.004473895402043e-07,0
4006,-0.28595247955843206,0
4007,-9.004473895402043e-07,0
4008,-9.004473895402043e-07,0
4009,-9.004473895402043e-07,0
4010,-9.004473895402043e-07,0
4011,-9.004473895402043e-07,0
4012,-0.28595247955843206,0
4013,-9.004473895402043e-07,0
4014,-9.004473895402043e-07,0
4015,-9.004473895402043e-07,0
4016,-9.004473895402043e-07,0
4017,-9.004473895402043e-07,0
4018,0.13051701723099995,1
4019,-9.004473895402043e-07,0
4020,-9.004473895402043e-07,0
4021,-9.004473895402043e-07,0
4022,-9.004473895402043e-07,0
4023,-9.004473895402043e-07,0
4024,-0.32950809457167907,0
4025,-9.004473895402043e-07,0
4026,-9.004473895402043e-07,0
4027,-9.004473895402043e-07,0
4028,-9.004473895402043e-07,0
4029,-9.004473895402043e-07,0
4030,-0.28595247955843206,0
4031,-9.004473895402043e-07,0
4032,-9.004473895402043e-07,0
4033,-9.004473895402043e-07,0
4034,-9.004473895402043e-07,0
4035,-9.004473895402043e-07,0
4036,-9.004473895402043e-07,0
4037,-0.28595247955843206,0
4038,-9.004473895402043e-07,0
4039,-9.004473895402043e-07,0
4040,-9.004473895402043e-07,0
4041,-9.004473895402043e-07,0
4042,-9.004473895402043e-07,0
4043,-9.004473895402043e-07,0
4044,-0.28595247955843206,0
4045,-9.004473895402043e-07,0
4046,-9.004473895402043e-07,0
4047,-9.004473895402043e-07,0
4048,-9.004473895402043e-07,0
4049,-9.004473895402043e-07,0
4050,-9.004473895402043e-07,0
4051,-0.28595247955843206,0
4052,-9.004473895402043e-07,0
4053,-9.004473895402043e-07,0
4054,-9.004473895402043e-07,0
4055,-9.004473895402043e-07,0
4056,-9.004473895402043e-07,0
4057,-9.004473895402043e-07,0
4058,-0.28595247955843206,0
4059,-9.004473895402043e-07,0
4060,-9.004473895402043e-07,0
4061,-9.004473895402043e-07,0
4062,-9.004473895402043e-07,0
4063,-9.004473895402043e-07,0
4064,-9.004473895402043e-07,0
4065,-0.28595247955843206,0
4066,-9.004473895402043e-07,0
4067,-9.004473895402043e-07,0
4068,-9.004473895402043e-07,0
4069,-9.004473895402043e-07,0
4070,-9.004473895402043e-07,0
4071,-9.004473895402043e-07,0
4072,-0.28595247955843206,0
4073,-9.004473895402043e-07,0
4074,-9.004473895402043e-07,0
4075,-9.004473895402043e-07,0
4076,-9.004473895402043e-07,0
4077,-9.004473895402043e-07,0
4078,-9.004473895402043e-07,0
4079,-0.28595247955843206,0
4080,-9.004473895402043e-07,0
4081,-9.004473895402043e-07,0
4082,-9.004473895402043e-07,0
4083,-9.004473895402043e-07,0
4084,-9.004473895402043e-07,0
4085,-9.004473895402043e-07,0
4086,-9.004473895402043e-07,0
4087,-0.28595247955843206,0
4088,-9.004473895402043e-07,0
4089,-9.004473895402043e-07,0
4090,-9.004473895402043e-07,0
4091,-9.004473895402043e-07,0
4092,-0.32950809457167907,0
4093,-9.004473895402043e-07,0
4094,-9.004473895402043e-07,0
4095,-9.004473895402043e-07,0
4096,-9.004473895402043e-07,0
4097,-0.32950809457167907,0
4098,-9.004473895402043e-07,0
4099,-9.004473895402043e-07,0
4100,-9.004473895402043e-07,0
4101,-9.004473895402043e-07,0
4102,-0.32950809457167907,0
4103,-9.004473895402043e-07,0
4104,-9.004473895402043e-07,0
4105,-9.004473895402043e-07,0
4106,-9.004473895402043e-07,0
4107,-0.32950809457167907,0
4108,-9.004473895402043e-07,0
4109,-9.004473895402043e-07,0
4110,-9.004473895402043e-07,0
4111,-9.004473895402043e-07,0
4112,-0.32950809457167907,0
4113,-9.004473895402043e-07,0
4114,-9.004473895402043e-07,0
4115,-9.004473895402043e-07,0
4116,-9.004473895402043e-07,0
4117,-0.32950809457167907,0
4118,-9.004473895402043e-07,0
4119,-9.004473895402043e-07,0
4120,-9.004473895402043e-07,0
4121,-9.004473895402043e-07,0
4122,-0.28595247955843206,0
4123,-9.004473895402043e-07,0
4124,-9.004473895402043e-07,0
4125,-9.004473895402043e-07,0
4126,-9.004473895402043e-07,0
4127,-0.28595247955843206,0
4128,-9.004473895402043e-07,0
4129,-9.004473895402043e-07,0
4130,-9.004473895402043e-07,0
4131,-9.004473895402043e-07,0
4132,-0.28595247955843206,0
4133,-9.004473895402043e-07,0
4134,-9.004473895402043e-07,0
4135,-9.004473895402043e-07,0
4136,-9.004473895402043e-07,0
4137,-0.32950809457167907,0
4138,-9.004473895402043e-07,0
4139,-9.004473895402043e-07,0
4140,-9.004473895402043e-07,0
4141,-9.004473895402043e-07,0
4142,-0.32950809457167907,0
4143,-9.004473895402043e-07,0
4144,-9.004473895402043e-07,0
4145,-9.004473895402043e-07,0
4146,-9.004473895402043e-07,0
4147,-0.32950809457167907,0
4148,-9.004473895402043e-07,0
4149,-9.004473895402043e-07,0
4150,-9.004473895402043e-07,0
4151,-9.004473895402043e-07,0
4152,-0.32950809457167907,0
4153,-9.004473895402043e-07,0
4154,-9.004473895402043e-07,0
4155,-9.004473895402043e-07,0
4156,-9.004473895402043e-07,0
4157,-0.32950809457167907,0
4158,-9.004473895402043e-07,0
4159,-9.004473895402043e-07,0
4160,-9.004473895402043e-07,0
4161,-9.004473895402043e-07,0
4162,-0.32950809457167907,0
4163,-9.004473895402043e-07,0
4164,-9.004473895402043e-07,0
4165,-9.004473895402043e-07,0
4166,-9.004473895402043e-07,0
4167,-0.28595247955843206,0
4168,-9.004473895402043e-07,0
4169,-9.004473895402043e-07,0
4170,-9.004473895402043e-07,0
4171,-9.004473895402043e-07,0
4172,-0.28595247955843206,0
4173,-9.004473895402043e-07,0
4174,-9.004473895402043e-07,0
4175,-9.004473895402043e-07,0
4176,-9.004473895402043e-07,0
4177,-0.28595247955843206,0
4178,-9.004473895402043e-07,0
4179,-9.004473895402043e-07,0
4180,-9.004473895402043e-07,0
4181,-9.004473895402043e-07,0
4182,-9.004473895402043e-07,0
4183,-0.21137473892724756,0
4184,0.29283134040952064,1
4185,-0.28209942319654147,0
4186,-9.004473895402043e-07,0
4187,-9.004473895402043e-07,0
4188,-0.21137473892724756,0
4189,-9.004473895402043e-07,0
4190,-9.004473895402043e-07,0
4191,-0.28209942319654147,0
4192,-0.3535976003262249,0
4193,-9.004473895402043e-07,0
4194,-9.004473895402043e-07,0
4195,-0.28209942319654147,0
4196,-0.3535976003262249,0
4197,-9.004473895402043e-07,0
4198,-9.004473895402043e-07,0
4199,-0.21137473892724756,0
4200,-0.35689728030183687,0
4201,-0.06158247844575726,0
4202,-9.004473895402043e-07,0
4203,-9.004473895402043e-07,0
4204,-0.32950809457167907,0
4205,-0.32950809457167907,0
4206,-9.004473895402043e-07,0
4207,-9.004473895402043e-07,0
4208,-9.004473895402043e-07,0
4209,-0.32950809457167907,0
4210,-9.004473895402043e-07,0
4211,-9.004473895402043e-07,0
4212,-9.004473895402043e-07,0
4213,-0.12430074745736874,0
4214,-9.004473895402043e-07,0
4215,-9.004473895402043e-07,0
4216,-0.12430074745736874,0
4217,-9.004473895402043e-07,0
4218,-9.004473895402043e-07,0
4219,-9.004473895402043e-07,0
4220,-0.32950809457167907,0
4221,-0.32950809457167907,0
4222,-9.004473895402043e-07,0
4223,-9.004473895402043e-07,0
4224,-9.004473895402043e-07,0
4225,-0.32950809457167907,0
4226,-9.004473895402043e-07,0
4227,-9.004473895402043e-07,0
4228,-0.21137473892724756,0
4229,-0.21137473892724756,0
4230,-9.004473895402043e-07,0
4231,-9.004473895402043e-07,0
4232,-9.004473895402043e-07,0
4233,-0.28595247955843206,0
4234,-9.004473895402043e-07,0
4235,-9.004473895402043e-07,0
4236,-9.004473895402043e-07,0
4237,-0.35436697993998223,0
4238,-0.32950809457167907,0
4239,-0.35436697993998223,0
4240,-0.21137473892724756,0
4241,-9.004473895402043e-07,0
4242,-9.004473895402043e-07,0
4243,-0.32950809457167907,0
4244,-0.35436697993998223,0
4245,-0.32950809457167907,0
4246,-0.28595247955843206,0
4247,-0.12430074745736874,0
4248,-0.21137473892724756,0
4249,-9.004473895402043e-07,0
4250,-9.004473895402043e-07,0
4251,-0.21137473892724756,0
4252,-0.21137473892724756,0
4253,-9.004473895402043e-07,0
4254,-9.004473895402043e-07,0
4255,-0.32950809457167907,0
4256,-0.32950809457167907,0
4257,-9.004473895402043e-07,0
4258,-9.004473895402043e-07,0
4259,-0.21137473892724756,0
4260,-0.35436697993998223,0
4261,-9.004473895402043e-07,0
4262,-9.004473895402043e-07,0
4263,-9.004473895402043e-07,0
4264,-0.28595247955843206,0
4265,-9.004473895402043e-07,0
4266,-9.004473895402043e-07,0
4267,-9.004473895402043e-07,0
4268,-0.35436697993998223,0
4269,-0.21137473892724756,0
4270,-9.004473895402043e-07,0
4271,-9.004473895402043e-07,0
4272,-0.21137473892724756,0
4273,-0.35436697993998223,0
4274,-9.004473895402043e-07,0
4275,-9.004473895402043e-07,0
4276,-9.004473895402043e-07,0
4277,-0.32950809457167907,0
4278,-0.32950809457167907,0
4279,-9.004473895402043e-07,0
4280,-9.004473895402043e-07,0
4281,-9.004473895402043e-07,0
4282,-0.32950809457167907,0
4283,-0.32950809457167907,0
4284,-9.004473895402043e-07,0
4285,-9.004473895402043e-07,0
4286,-9.004473895402043e-07,0
4287,-0.32950809457167907,0
4288,-0.32950809457167907,0
4289,-9.004473895402043e-07,0
4290,-9.004473895402043e-07,0
4291,-9.004473895402043e-07,0
4292,-0.28595247955843206,0
4293,-9.004473895402043e-07,0
4294,-9.004473895402043e-07,0
4295,-9.004473895402043e-07,0
4296,-0.28595247955843206,0
4297,-9.004473895402043e-07,0
4298,-9.004473895402043e-07,0
4299,-0.28595247955843206,0
4300,-9.004473895402043e-07,0
4301,-9.004473895402043e-07,0
4302,-9.004473895402043e-07,0
4303,-0.32950809457167907,0
4304,-0.32950809457167907,0
4305,-9.004473895402043e-07,0
4306,-9.004473895402043e-07,0
4307,-9.004473895402043e-07,0
4308,-0.32950809457167907,0
4309,-0.32950809457167907,0
4310,-9.004473895402043e-07,0
4311,-9.004473895402043e-07,0
4312,-9.004473895402043e-07,0
4313,-0.32950809457167907,0
4314,-0.32950809457167907,0
4315,-9.004473895402043e-07,0
4316,-9.004473895402043e-07,0
4317,-0.21137473892724756,0
4318,-0.35436697993998223,0
4319,-9.004473895402043e-07,0
4320,-9.004473895402043e-07,0
4321,-9.004473895402043e-07,0
4322,-0.35436697993998223,0
4323,-0.21137473892724756,0
4324,-9.004473895402043e-07,0
4325,-9.004473895402043e-07,0
4326,-0.21137473892724756,0
4327,-0.3535976003262249,0
4328,-0.12430074745736874,0
4329,-9.004473895402043e-07,0
4330,-9.004473895402043e-07,0
4331,-9.004473895402043e-07,0
4332,-0.3535976003262249,0
4333,-0.21137473892724756,0
4334,-9.004473895402043e-07,0
4335,-9.004473895402043e-07,0
4336,-0.32950809457167907,0
4337,-9.004473895402043e-07,0
4338,-9.004473895402043e-07,0
4339,-9.004473895402043e-07,0
4340,-9.004473895402043e-07,0
4341,-9.004473895402043e-07,0
4342,-9.004473895402043e-07,0
4343,0.13051701723099995,1
4344,-9.004473895402043e-07,0
4345,-9.004473895402043e-07,0
4346,-9.004473895402043e-07,0
4347,-9.004473895402043e-07,0
4348,-9.004473895402043e-07,0
4349,-0.21137473892724756,0
4350,-9.004473895402043e-07,0
4351,-9.004473895402043e-07,0
4352,-0.35436697993998223,0
4353,-9.004473895402043e-07,0
4354,-9.004473895402043e-07,0
4355,-0.28595247955843206,0
4356,-9.004473895402043e-07,0
4357,-9.004473895402043e-07,0
4358,-0.28595247955843206,0
4359,-9.004473895402043e-07,0
4360,-9.004473895402043e-07,0
4361,-0.28595247955843206,0
4362,-9.004473895402043e-07,0
4363,-9.004473895402043e-07,0
4364,-0.28595247955843206,0
4365,-9.004473895402043e-07,0
4366,-9.004473895402043e-07,0
4367,-0.28595247955843206,0
4368,-9.004473895402043e-07,0
4369,-9.004473895402043e-07,0
4370,-0.32950809457167907,0
4371,-0.32950809457167907,0
4372,-9.004473895402043e-07,0
4373,-9.004473895402043e-07,0
4374,-0.28595247955843206,0
4375,-9.004473895402043e-07,0
4376,-9.004473895402043e-07,0
4377,-9.004473895402043e-07,0
4378,-0.32950809457167907,0
4379,-0.32950809457167907,0
4380,-9.004473895402043e-07,0
4381,-9.004473895402043e-07,0
4382,-9.004473895402043e-07,0
4383,-0.32950809457167907,0
4384,-0.32950809457167907,0
4385,-9.004473895402043e-07,0
4386,-9.004473895402043e-07,0
4387,-9.004473895402043e-07,0
4388,-0.35436697993998223,0
4389,-9.004473895402043e-07,0
4390,-9.004473895402043e-07,0
4391,-0.12430074745736874,0
4392,-9.004473895402043e-07,0
4393,-9.004473895402043e-07,0
4394,-0.28595247955843206,0
4395,-9.004473895402043e-07,0
4396,-9.004473895402043e-07,0
4397,-0.28595247955843206,0
4398,-9.004473895402043e-07,0
4399,-9.004473895402043e-07,0
4400,-0.28595247955843206,0
4401,-9.004473895402043e-07,0
4402,-9.004473895402043e-07,0
4403,-0.35436697993998223,0
4404,-9.004473895402043e-07,0
4405,-9.004473895402043e-07,0
4406,-0.35436697993998223,0
4407,-9.004473895402043e-07,0
4408,-9.004473895402043e-07,0
4409,-0.32950809457167907,0
4410,-9.004473895402043e-07,0
4411,-9.004473895402043e-07,0
4412,-0.28595247955843206,0
4413,-9.004473895402043e-07,0
4414,-9.004473895402043e-07,0
4415,-0.28595247955843206,0
4416,-9.004473895402043e-07,0
4417,-9.004473895402043e-07,0
4418,-0.2167776384675335,0
4419,-9.004473895402043e-07,0
4420,-9.004473895402043e-07,0
4421,-0.2167776384675335,0
4422,-9.004473895402043e-07,0
4423,-9.004473895402043e-07,0
4424,-0.35436697993998223,0
4425,-9.004473895402043e-07,0
4426,-9.004473895402043e-07,0
4427,-0.28595247955843206,0
4428,-9.004473895402043e-07,0
4429,-9.004473895402043e-07,0
4430,-0.28595247955843206,0
4431,-9.004473895402043e-07,0
4432,-9.004473895402043e-07,0
4433,-0.28595247955843206,0
4434,-9.004473895402043e-07,0
4435,-9.004473895402043e-07,0
4436,-0.28595247955843206,0
4437,-9.004473895402043e-07,0
4438,-9.004473895402043e-07,0
4439,-0.28595247955843206,0
4440,-9.004473895402043e-07,0
4441,-9.004473895402043e-07,0
4442,-0.28595247955843206,0
4443,-9.004473895402043e-07,0
4444,-9.004473895402043e-07,0
4445,-0.28595247955843206,0
4446,-9.004473895402043e-07,0
4447,-9.004473895402043e-07,0
4448,0.919190922764983,1
4449,-9.004473895402043e-07,0
4450,-9.004473895402043e-07,0
4451,-0.28595247955843206,0
4452,-9.004473895402043e-07,0
4453,-9.004473895402043e-07,0
4454,-0.28595247955843206,0
4455,-9.004473895402043e-07,0
4456,-9.004473895402043e-07,0
4457,-0.28595247955843206,0
4458,-9.004473895402043e-07,0
4459,-9.004473895402043e-07,0
4460,-0.28595247955843206,0
4461,-9.004473895402043e-07,0
4462,-9.004473895402043e-07,0
4463,-0.28595247955843206,0
4464,-9.004473895402043e-07,0
4465,-9.004473895402043e-07,0
4466,-0.28595247955843206,0
4467,-9.004473895402043e-07,0
4468,-9.004473895402043e-07,0
4469,-0.28595247955843206,0
4470,-9.004473895402043e-07,0
4471,-9.004473895402043e-07,0
4472,-0.28595247955843206,0
4473,-9.004473895402043e-07,0
4474,-9.004473895402043e-07,0
4475,-0.28595247955843206,0
4476,-9.004473895402043e-07,0
4477,-9.004473895402043e-07,0
4478,-0.28595247955843206,0
4479,-9.004473895402043e-07,0
4480,-9.004473895402043e-07,0
4481,-0.32950809457167907,0
4482,-0.21137473892724756,0
4483,-9.004473895402043e-07,0
4484,-9.004473895402043e-07,0
4485,-0.12430074745736874,0
4486,-9.004473895402043e-07,0
4487,-9.004473895402043e-07,0
4488,-0.21137473892724756,0
4489,-0.28595247955843206,0
4490,-9.004473895402043e-07,0
4491,-9.004473895402043e-07,0
4492,2.7971588889715804,1
4493,-9.004473895402043e-07,0
4494,-9.004473895402043e-07,0
4495,-0.28595247955843206,0
4496,-9.004473895402043e-07,0
4497,-9.004473895402043e-07,0
4498,-0.28595247955843206,0
4499,-9.004473895402043e-07,0
4500,-9.004473895402043e-07,0
4501,-0.28595247955843206,0
4502,-9.004473895402043e-07,0
4503,-9.004473895402043e-07,0
4504,-0.28595247955843206,0
4505,-9.004473895402043e-07,0
4506,-9.004473895402043e-07,0
4507,-0.28595247955843206,0
4508,-9.004473895402043e-07,0
4509,-9.004473895402043e-07,0
4510,-0.35436697993998223,0
4511,-9.004473895402043e-07,0
4512,-9.004473895402043e-07,0
4513,13.357922072021893,1
4514,-0.32950809457167907,0
4515,-0.35436697993998223,0
4516,-0.32950809457167907,0
4517,-0.32950809457167907,0
4518,-0.32950809457167907,0
4519,-0.32950809457167907,0
4520,-0.32950809457167907,0
4521,-0.35436697993998223,0
4522,-0.32950809457167907,0
4523,0.478394616704918,1
4524,-0.32950809457167907,0
4525,-0.32950809457167907,0
4526,-0.32950809457167907,0
4527,-0.32950809457167907,0
4528,-0.32950809457167907,0
4529,-0.32950809457167907,0
4530,-0.32950809457167907,0
4531,-0.32950809457167907,0
4532,-0.32950809457167907,0
4533,-0.35436697993998223,0
4534,-0.32950809457167907,0
4535,-0.35436697993998223,0
4536,-0.32950809457167907,0
4537,2.0788010528141285,1
4538,-0.32950809457167907,0
4539,-9.004473895402043e-07,0
4540,-9.004473895402043e-07,0
4541,-0.21137473892724756,0
4542,-0.32950809457167907,0
4543,-9.004473895402043e-07,0
4544,-9.004473895402043e-07,0
4545,-9.004473895402043e-07,0
4546,-0.35436697993998223,0
4547,-9.004473895402043e-07,0
4548,-9.004473895402043e-07,0
4549,-9.004473895402043e-07,0
4550,-0.3535976003262249,0
4551,-0.28209942319654147,0
4552,-9.004473895402043e-07,0
4553,-9.004473895402043e-07,0
4554,-9.004473895402043e-07,0
4555,-0.32950809457167907,0
4556,-0.32950809457167907,0
4557,-9.004473895402043e-07,0
4558,-9.004473895402043e-07,0
4559,-9.004473895402043e-07,0
4560,-0.21137473892724756,0
4561,-0.21137473892724756,0
4562,-0.32950809457167907,0
4563,-9.004473895402043e-07,0
4564,-9.004473895402043e-07,0
4565,-9.004473895402043e-07,0
4566,-0.32950809457167907,0
4567,-0.32950809457167907,0
4568,-9.004473895402043e-07,0
4569,-9.004473895402043e-07,0
4570,-9.004473895402043e-07,0
4571,-0.32950809457167907,0
4572,-0.32950809457167907,0
4573,-9.004473895402043e-07,0
4574,-9.004473895402043e-07,0
4575,-9.004473895402043e-07,0
4576,-0.32950809457167907,0
4577,-0.32950809457167907,0
4578,-9.004473895402043e-07,0
4579,-9.004473895402043e-07,0
4580,-9.004473895402043e-07,0
4581,-0.21137473892724756,0
4582,-0.21137473892724756,0
4583,-0.32950809457167907,0
4584,-9.004473895402043e-07,0
4585,-9.004473895402043e-07,0
4586,-0.21137473892724756,0
4587,-0.32950809457167907,0
4588,-0.21137473892724756,0
4589,-9.004473895402043e-07,0
4590,-9.004473895402043e-07,0
4591,-0.21137473892724756,0
4592,-0.3535976003262249,0
4593,-0.11733938621227935,0
4594,-9.004473895402043e-07,0
4595,-9.004473895402043e-07,0
4596,-0.21137473892724756,0
4597,-0.35436697993998223,0
4598,-9.004473895402043e-07,0
4599,-9.004473895402043e-07,0
4600,-9.004473895402043e-07,0
4601,-0.32950809457167907,0
4602,-0.32950809457167907,0
4603,-9.004473895402043e-07,0
4604,-9.004473895402043e-07,0
4605,-9.004473895402043e-07,0
4606,-0.21137473892724756,0
4607,-9.004473895402043e-07,0
4608,-9.004473895402043e-07,0
4609,-0.32950809457167907,0
4610,-9.004473895402043e-07,0
4611,-9.004473895402043e-07,0
4612,-0.32950809457167907,0
4613,-0.35436697993998223,0
4614,-9.004473895402043e-07,0
4615,-9.004473895402043e-07,0
4616,-0.28209942319654147,0
4617,-0.3535976003262249,0
4618,-9.004473895402043e-07,0
4619,-9.004473895402043e-07,0
4620,-9.004473895402043e-07,0
4621,-0.28595247955843206,0
4622,-9.004473895402043e-07,0
4623,-9.004473895402043e-07,0
4624,-0.21137473892724756,0
4625,-0.35436697993998223,0
4626,-9.004473895402043e-07,0
4627,-9.004473895402043e-07,0
4628,-9.004473895402043e-07,0
4629,-0.32950809457167907,0
4630,-0.32950809457167907,0
4631,-9.004473895402043e-07,0
4632,-9.004473895402043e-07,0
4633,-9.004473895402043e-07,0
4634,-0.21137473892724756,0
4635,-9.004473895402043e-07,0
4636,-9.004473895402043e-07,0
4637,-9.004473895402043e-07,0
4638,-9.004473895402043e-07,0
4639,-0.3410486257382672,0
4640,-0.0042875259291577095,0
4641,-9.004473895402043e-07,0
4642,-0.3410306421491214,0
4643,-9.004473895402043e-07,0
4644,-0.28595247955843206,0
4645,-9.004473895402043e-07,0
4646,-0.2588382397771056,0
4647,-9.004473895402043e-07,0
4648,-0.27807581099943945,0
4649,-9.004473895402043e-07,0
4650,-0.1311906374942282,0
4651,-9.004473895402043e-07,0
4652,-0.3488062734893447,0
4653,-9.004473895402043e-07,0
4654,-0.3270491495420629,0
4655,-9.004473895402043e-07,0
4656,-0.28595247955843206,0
4657,-9.004473895402043e-07,0
4658,-0.28595247955843206,0
4659,-9.004473895402043e-07,0
4660,-0.20857839384882482,0
4661,-9.004473895402043e-07,0
4662,2.0676095673841246,1
4663,-9.004473895402043e-07,0
4664,-0.0042875259291577095,0
4665,-0.21949629279038163,0
4666,-9.004473895402043e-07,0
4667,-0.0042875259291577095,0
4668,746.5422541931401,1
4669,-0.32579230622661726,0
4670,-9.004473895402043e-07,0
4671,-0.3283034916747738,0
4672,-9.004473895402043e-07,0
4673,-0.3038610389438645,0
4674,-9.004473895402043e-07,0
4675,-0.3038610389438645,0
4676,-9.004473895402043e-07,0
4677,-0.21949629279038163,0
4678,-9.004473895402043e-07,0
4679,-0.26764724925828887,0
4680,-9.004473895402043e-07,0
4681,-0.28595247955843206,0
4682,-9.004473895402043e-07,0
4683,-0.28595247955843206,0
4684,-9.004473895402043e-07,0
4685,-0.2542783544275835,0
4686,-9.004473895402043e-07,0
4687,-0.26764724925828887,0
4688,-9.004473895402043e-07,0
4689,-0.3452423122479331,0
4690,-0.0042875259291577095,0
4691,-0.2448478339446183,0
4692,-9.004473895402043e-07,0
4693,-0.28595247955843206,0
4694,-9.004473895402043e-07,0
4695,-0.28595247955843206,0
4696,-9.004473895402043e-07,0
4697,-0.29158803144332524,0
4698,-9.004473895402043e-07,0
4699,-0.3205317607288407,0
4700,-0.3547239408283076,0
4701,-9.004473895402043e-07,0
4702,-0.35399100972404085,0
4703,-9.004473895402043e-07,0
4704,-0.15775037431353667,0
4705,-0.2969904763475597,0
4706,-0.32950809457167907,0
4707,-9.004473895402043e-07,0
4708,-9.004473895402043e-07,0
4709,-0.32950809457167907,0
4710,-9.004473895402043e-07,0
4711,-9.004473895402043e-07,0
4712,-0.28595247955843206,0
4713,-9.004473895402043e-07,0
4714,-9.004473895402043e-07,0
4715,-0.28595247955843206,0
4716,-9.004473895402043e-07,0
4717,-9.004473895402043e-07,0
4718,-0.28595247955843206,0
4719,-9.004473895402043e-07,0
4720,-9.004473895402043e-07,0
4721,-0.28595247955843206,0
4722,-9.004473895402043e-07,0
4723,-9.004473895402043e-07,0
4724,-0.28595247955843206,0
4725,-0.11733938621227935,0
4726,-0.11733938621227935,0
4727,-0.32950809457167907,0
4728,-9.004473895402043e-07,0
4729,-9.004473895402043e-07,0
4730,-0.160949638302327,0
4731,-9.004473895402043e-07,0
4732,-0.025313008367788825,0
4733,-9.004473895402043e-07,0
4734,-0.3460220017914253,0
4735,-0.0042875259291577095,0
4736,-0.24242546600430614,0
4737,-9.004473895402043e-07,0
4738,0.1406143278361469,1
4739,-9.004473895402043e-07,0
4740,-0.3452578838050613,0
4741,-9.004473895402043e-07,0
4742,-0.2167776384675335,0
4743,-9.004473895402043e-07,0
4744,293.30459751884956,1
4745,-0.356701614271401,0
4746,-0.3070960199777346,0
4747,-0.2698196279093281,0
4748,-9.004473895402043e-07,0
4749,-9.004473895402043e-07,0
4750,-9.004473895402043e-07,0
4751,-0.2840553825885763,0
4752,-9.004473895402043e-07,0
4753,-9.004473895402043e-07,0
4754,-9.004473895402043e-07,0
4755,-0.3133149954541068,0
4756,-9.004473895402043e-07,0
4757,-9.004473895402043e-07,0
4758,-0.33821213784540305,0
4759,-0.0042875259291577095,0
4760,-9.004473895402043e-07,0
4761,-0.3410486257382672,0
4762,-9.004473895402043e-07,0
4763,-0.3562770138074711,0
4764,-0.2952470858625702,0
4765,-9.004473895402043e-07,0
4766,0.7317326383072214,1
4767,-9.004473895402043e-07,0
4768,-9.004473895402043e-07,0
4769,-0.1277917039658405,0
4770,-0.06935329575094329,0
4771,-0.02946373955353465,0
4772,-0.3270491495420629,0
4773,-9.004473895402043e-07,0
4774,-0.3371949670807908,0
4775,-9.004473895402043e-07,0
4776,-0.20857839384882482,0
4777,-9.004473895402043e-07,0
4778,-0.3488062734893447,0
4779,-9.004473895402043e-07,0
4780,-0.21133736619526644,0
4781,-9.004473895402043e-07,0
4782,-0.26764724925828887,0
4783,-0.3021598079153591,0
4784,-9.004473895402043e-07,0
4785,-0.26764724925828887,0
4786,-9.004473895402043e-07,0
4787,-9.004473895402043e-07,0
4788,-0.2840553825885763,0
4789,-9.004473895402043e-07,0
4790,-0.20018338835075156,0
4791,-0.07319987230266634,0
4792,-0.3567941695417858,0
4793,-0.1380109800760465,0
4794,-0.26978475807777613,0
4795,1.400438486598432e-05,1
4796,-0.3282800872493681,0
4797,-0.3558581780721397,0
4798,-0.11733938621227935,0
4799,-9.004473895402043e-07,0
4800,-0.3488062734893447,0
4801,-9.004473895402043e-07,0
4802,-0.12433349115917736,0
4803,-9.004473895402043e-07,0
4804,-0.2800838273260524,0
4805,-9.004473895402043e-07,0
4806,-0.1137718114606514,0
4807,-9.004473895402043e-07,0
4808,-0.29158803144332524,0
4809,-9.004473895402043e-07,0
4810,-9.004473895402043e-07,0
4811,-9.004473895402043e-07,0
4812,-0.09204441993267665,0
4813,-0.016992107790770206,0
4814,-0.2167776384675335,0
4815,0.1457017578486557,1
4816,-0.35173305265709587,0
4817,-0.1855745905970707,0
4818,-0.008548269249445184,0
4819,-0.26329453881032805,0
4820,-0.012783130003981569,0
4821,-0.3474584150668534,0
4822,77.52838867877676,1
4823,-0.35358912951221555,0
4824,-0.28595247955843206,0
4825,-0.28595247955843206,0
4826,-0.0993709258580111,0
4827,-0.3232009035740475,0
4828,-0.298739488656679,0
4829,-9.004473895402043e-07,0
4830,-0.07702056030996118,0
4831,-0.06548083100881286,0
4832,-0.35173305265709587,0
4833,-0.32050588074787356,0
4834,-0.2698196279093281,0
4835,-0.32950809457167907,0
4836,-9.004473895402043e-07,0
4837,-9.004473895402043e-07,0
4838,-9.004473895402043e-07,0
4839,-0.32950809457167907,0
4840,-9.004473895402043e-07,0
4841,-9.004473895402043e-07,0
4842,0.919190922764983,1
4843,-9.004473895402043e-07,0
4844,-9.004473895402043e-07,0
4845,-9.004473895402043e-07,0
4846,-9.004473895402043e-07,0
4847,-0.205830864564291,0
4848,-9.004473895402043e-07,0
4849,-9.004473895402043e-07,0
4850,-9.004473895402043e-07,0
4851,-0.0042875259291577095,0
4852,-0.35399100972404085,0
4853,-9.004473895402043e-07,0
4854,-9.004473895402043e-07,0
4855,-9.004473895402043e-07,0
4856,-9.004473895402043e-07,0
4857,-9.004473895402043e-07,0
4858,-9.004473895402043e-07,0
4859,-9.004473895402043e-07,0
4860,-9.004473895402043e-07,0
4861,-9.004473895402043e-07,0
4862,-0.28595247955843206,0
4863,-9.004473895402043e-07,0
4864,-9.004473895402043e-07,0
4865,-9.004473895402043e-07,0
4866,-0.32950809457167907,0
4867,-9.004473895402043e-07,0
4868,-9.004473895402043e-07,0
4869,-9.004473895402043e-07,0
4870,-9.004473895402043e-07,0
4871,-0.0253324129585053,0
4872,-0.21949629279038163,0
4873,-0.1856114527996624,0
4874,-9.004473895402043e-07,0
4875,-9.004473895402043e-07,0
4876,-9.004473895402043e-07,0
4877,-9.004473895402043e-07,0
4878,-9.004473895402043e-07,0
4879,-9.004473895402043e-07,0
4880,-9.004473895402043e-07,0
4881,-9.004473895402043e-07,0
4882,-0.28595247955843206,0
4883,-0.34945392180441104,0
4884,-9.004473895402043e-07,0
4885,-9.004473895402043e-07,0
4886,-9.004473895402043e-07,0
4887,-9.004473895402043e-07,0
4888,-9.004473895402043e-07,0
4889,-9.004473895402043e-07,0
4890,-9.004473895402043e-07,0
4891,-9.004473895402043e-07,0
4892,-0.3401290407647366,0
4893,-9.004473895402043e-07,0
4894,-9.004473895402043e-07,0
4895,-9.004473895402043e-07,0
4896,-9.004473895402043e-07,0
4897,-9.004473895402043e-07,0
4898,-9.004473895402043e-07,0
4899,-9.004473895402043e-07,0
4900,-9.004473895402043e-07,0
4901,-0.0042875259291577095,0
4902,-0.30868961861563093,0
4903,-9.004473895402043e-07,0
4904,-9.004473895402043e-07,0
4905,-9.004473895402043e-07,0
4906,-9.004473895402043e-07,0
4907,-9.004473895402043e-07,0
4908,-9.004473895402043e-07,0
4909,-9.004473895402043e-07,0
4910,-9.004473895402043e-07,0
4911,-0.22992521446042247,0
4912,-9.004473895402043e-07,0
4913,-9.004473895402043e-07,0
4914,-9.004473895402043e-07,0
4915,-0.0042875259291577095,0
4916,-9.004473895402043e-07,0
4917,-9.004473895402043e-07,0
4918,-9.004473895402043e-07,0
4919,-9.004473895402043e-07,0
4920,-0.26329453881032805,0
4921,-9.004473895402043e-07,0
4922,-9.004473895402043e-07,0
4923,-9.004473895402043e-07,0
4924,-9.004473895402043e-07,0
4925,-9.004473895402043e-07,0
4926,-9.004473895402043e-07,0
4927,-9.004473895402043e-07,0
4928,-9.004473895402043e-07,0
4929,-0.0042875259291577095,0
4930,-0.3436353683428024,0
4931,-9.004473895402043e-07,0
4932,-9.004473895402043e-07,0
4933,-9.004473895402043e-07,0
4934,-0.0042875259291577095,0
4935,-9.004473895402043e-07,0
4936,-9.004473895402043e-07,0
4937,-9.004473895402043e-07,0
4938,-9.004473895402043e-07,0
4939,-9.004473895402043e-07,0
4940,-0.17345137580707615,0
4941,-9.004473895402043e-07,0
4942,-9.004473895402043e-07,0
4943,-9.004473895402043e-07,0
4944,-9.004473895402043e-07,0
4945,-9.004473895402043e-07,0
4946,-9.004473895402043e-07,0
4947,-9.004473895402043e-07,0
4948,-9.004473895402043e-07,0
4949,-0.3381927468411732,0
4950,-9.004473895402043e-07,0
4951,-9.004473895402043e-07,0
4952,-9.004473895402043e-07,0
4953,-0.21137473892724756,0
4954,-9.004473895402043e-07,0
4955,-9.004473895402043e-07,0
4956,-9.004473895402043e-07,0
4957,-9.004473895402043e-07,0
4958,-9.004473895402043e-07,0
4959,-0.3564419717876035,0
4960,-9.004473895402043e-07,0
4961,-9.004473895402043e-07,0
4962,-9.004473895402043e-07,0
4963,-9.004473895402043e-07,0
4964,-9.004473895402043e-07,0
4965,-9.004473895402043e-07,0
4966,-9.004473895402043e-07,0
4967,-0.0042875259291577095,0
4968,-0.24961488504402496,0
4969,-9.004473895402043e-07,0
4970,-9.004473895402043e-07,0
4971,-9.004473895402043e-07,0
4972,-9.004473895402043e-07,0
4973,-9.004473895402043e-07,0
4974,-9.004473895402043e-07,0
4975,-9.004473895402043e-07,0
4976,-0.0042875259291577095,0
4977,-0.35317033060721315,0
4978,-0.205830864564291,0
4979,-0.1380109800760465,0
4980,-9.004473895402043e-07,0
4981,-9.004473895402043e-07,0
4982,-9.004473895402043e-07,0
4983,-9.004473895402043e-07,0
4984,-9.004473895402043e-07,0
4985,-9.004473895402043e-07,0
4986,-9.004473895402043e-07,0
4987,-9.004473895402043e-07,0
4988,-0.3054765184936059,0
4989,-0.3205317607288407,0
4990,-9.004473895402043e-07,0
4991,-9.004473895402043e-07,0
4992,-9.004473895402043e-07,0
4993,-0.0042875259291577095,0
4994,-9.004473895402043e-07,0
4995,-9.004473895402043e-07,0
4996,-9.004473895402043e-07,0
4997,-0.24001408079527664,0
4998,-0.21681500950455757,0
4999,-0.012783130003981569,0
5000,-9.004473895402043e-07,0
5001,-9.004473895402043e-07,0
5002,-9.004473895402043e-07,0
5003,-9.004473895402043e-07,0
5004,-9.004473895402043e-07,0
5005,-9.004473895402043e-07,0
5006,-9.004473895402043e-07,0
5007,-0.34674562269231046,0
5008,-9.004473895402043e-07,0
5009,-9.004473895402043e-07,0
5010,-9.004473895402043e-07,0
5011,-0.0042875259291577095,0
5012,-9.004473895402043e-07,0
5013,-9.004473895402043e-07,0
5014,-9.004473895402043e-07,0
5015,-0.32579230622661726,0
5016,-9.004473895402043e-07,0
5017,-9.004473895402043e-07,0
5018,-9.004473895402043e-07,0
5019,-0.0042875259291577095,0
5020,-9.004473895402043e-07,0
5021,-9.004473895402043e-07,0
5022,-9.004473895402043e-07,0
5023,-0.11733938621227935,0
5024,-0.11024171098449642,0
5025,-9.004473895402043e-07,0
5026,-9.004473895402043e-07,0
5027,-9.004473895402043e-07,0
5028,-9.004473895402043e-07,0
5029,-9.004473895402043e-07,0
5030,-9.004473895402043e-07,0
5031,-9.004473895402043e-07,0
5032,-0.3543744054347826,0
5033,-0.1944323122646665,0
5034,-9.004473895402043e-07,0
5035,-9.004473895402043e-07,0
5036,-9.004473895402043e-07,0
5037,-9.004473895402043e-07,0
5038,-9.004473895402043e-07,0
5039,-9.004473895402043e-07,0
5040,-9.004473895402043e-07,0
5041,-0.06545515255106693,0
5042,-9.004473895402043e-07,0
5043,-9.004473895402043e-07,0
5044,-9.004473895402043e-07,0
5045,-0.0042875259291577095,0
5046,-9.004473895402043e-07,0
5047,-9.004473895402043e-07,0
5048,-9.004473895402043e-07,0
5049,-0.05370811124134889,0
5050,-0.3306642452110964,0
5051,-0.289735414594702,0
5052,-9.004473895402043e-07,0
5053,-9.004473895402043e-07,0
5054,-9.004473895402043e-07,0
5055,-0.0042875259291577095,0
5056,-9.004473895402043e-07,0
5057,-9.004473895402043e-07,0
5058,-9.004473895402043e-07,0
5059,-0.0042875259291577095,0
5060,-0.31911951223264623,0
5061,-9.004473895402043e-07,0
5062,-9.004473895402043e-07,0
5063,-9.004473895402043e-07,0
5064,-9.004473895402043e-07,0
5065,-9.004473895402043e-07,0
5066,-9.004473895402043e-07,0
5067,-9.004473895402043e-07,0
5068,-9.004473895402043e-07,0
5069,-0.3531613393884072,0
5070,-9.004473895402043e-07,0
5071,-9.004473895402043e-07,0
5072,-9.004473895402043e-07,0
5073,-9.004473895402043e-07,0
5074,-9.004473895402043e-07,0
5075,-9.004473895402043e-07,0
5076,-9.004473895402043e-07,0
5077,-9.004473895402043e-07,0
5078,-0.2610793377277787,0
5079,-9.004473895402043e-07,0
5080,-9.004473895402043e-07,0
5081,-9.004473895402043e-07,0
5082,-9.004473895402043e-07,0
5083,-9.004473895402043e-07,0
5084,-9.004473895402043e-07,0
5085,-9.004473895402043e-07,0
5086,-9.004473895402043e-07,0
5087,-0.2654838427346249,0
5088,-9.004473895402043e-07,0
5089,-9.004473895402043e-07,0
5090,-9.004473895402043e-07,0
5091,-9.004473895402043e-07,0
5092,-9.004473895402043e-07,0
5093,-9.004473895402043e-07,0
5094,-9.004473895402043e-07,0
5095,-0.2801175569060206,0
5096,-0.35399895861166897,0
5097,-9.004473895402043e-07,0
5098,-9.004473895402043e-07,0
5099,-9.004473895402043e-07,0
5100,-9.004473895402043e-07,0
5101,-9.004473895402043e-07,0
5102,-9.004473895402043e-07,0
5103,-9.004473895402043e-07,0
5104,-0.033569181632401524,0
5105,-0.3004625992520005,0
5106,-9.004473895402043e-07,0
5107,-9.004473895402043e-07,0
5108,-9.004473895402043e-07,0
5109,-0.02946373955353465,0
5110,-0.3218918242282598,0
5111,-9.004473895402043e-07,0
5112,-9.004473895402043e-07,0
5113,-9.004473895402043e-07,0
5114,-0.3283034916747738,0
5115,-9.004473895402043e-07,0
5116,-9.004473895402043e-07,0
5117,-9.004473895402043e-07,0
5118,-9.004473895402043e-07,0
5119,-9.004473895402043e-07,0
5120,-9.004473895402043e-07,0
5121,-9.004473895402043e-07,0
5122,-9.004473895402043e-07,0
5123,-0.28595247955843206,0
5124,-9.004473895402043e-07,0
5125,-9.004473895402043e-07,0
5126,-9.004473895402043e-07,0
5127,-9.004473895402043e-07,0
5128,-9.004473895402043e-07,0
5129,-9.004473895402043e-07,0
5130,-9.004473895402043e-07,0
5131,-9.004473895402043e-07,0
5132,-0.28595247955843206,0
5133,-9.004473895402043e-07,0
5134,-9.004473895402043e-07,0
5135,-9.004473895402043e-07,0
5136,-9.004473895402043e-07,0
5137,-9.004473895402043e-07,0
5138,-9.004473895402043e-07,0
5139,-9.004473895402043e-07,0
5140,-9.004473895402043e-07,0
5141,-0.35561707850001767,0
5142,-9.004473895402043e-07,0
5143,-9.004473895402043e-07,0
5144,-9.004473895402043e-07,0
5145,-0.28209942319654147,0
5146,-9.004473895402043e-07,0
5147,-9.004473895402043e-07,0
5148,-9.004473895402043e-07,0
5149,-0.0042875259291577095,0
5150,-9.004473895402043e-07,0
5151,-9.004473895402043e-07,0
5152,-9.004473895402043e-07,0
5153,-9.004473895402043e-07,0
5154,-0.23500299620945952,0
5155,-9.004473895402043e-07,0
5156,-9.004473895402043e-07,0
5157,-9.004473895402043e-07,0
5158,-9.004473895402043e-07,0
5159,-9.004473895402043e-07,0
5160,-9.004473895402043e-07,0
5161,-9.004473895402043e-07,0
5162,-9.004473895402043e-07,0
5163,-0.27807581099943945,0
5164,-0.33617128021899134,0
5165,-9.004473895402043e-07,0
5166,-9.004473895402043e-07,0
5167,-9.004473895402043e-07,0
5168,-9.004473895402043e-07,0
5169,-0.08081535941857965,0
5170,-9.004473895402043e-07,0
5171,-9.004473895402043e-07,0
5172,-9.004473895402043e-07,0
5173,-0.31911951223264623,0
5174,-9.004473895402043e-07,0
5175,-9.004473895402043e-07,0
5176,-9.004473895402043e-07,0
5177,-0.14136561695943328,0
5178,-0.21137473892724756,0
5179,-9.004473895402043e-07,0
5180,-9.004473895402043e-07,0
5181,-9.004473895402043e-07,0
5182,-0.3500625716687864,0
5183,-9.004473895402043e-07,0
5184,-9.004473895402043e-07,0
5185,-9.004473895402043e-07,0
5186,-9.004473895402043e-07,0
5187,-9.004473895402043e-07,0
5188,-9.004473895402043e-07,0
5189,-9.004473895402043e-07,0
5190,-9.004473895402043e-07,0
5191,-0.07317311597489606,0
5192,-9.004473895402043e-07,0
5193,-9.004473895402043e-07,0
5194,-9.004473895402043e-07,0
5195,-9.004473895402043e-07,0
5196,-9.004473895402043e-07,0
5197,-9.004473895402043e-07,0
5198,-9.004473895402043e-07,0
5199,-0.041702410762582076,0
5200,-0.2840553825885763,0
5201,-9.004473895402043e-07,0
5202,-9.004473895402043e-07,0
5203,-9.004473895402043e-07,0
5204,-0.3340674015381637,0
5205,-9.004473895402043e-07,0
5206,-9.004473895402043e-07,0
5207,-9.004473895402043e-07,0
5208,-0.0042875259291577095,0
5209,-9.004473895402043e-07,0
5210,-9.004473895402043e-07,0
5211,-9.004473895402043e-07,0
5212,-9.004473895402043e-07,0
5213,-0.3021598079153591,0
5214,-0.08458426928723384,0
5215,-9.004473895402043e-07,0
5216,-9.004473895402043e-07,0
5217,-9.004473895402043e-07,0
5218,-9.004473895402043e-07,0
5219,-9.004473895402043e-07,0
5220,-9.004473895402043e-07,0
5221,-9.004473895402043e-07,0
5222,-0.35561175910277143,0
5223,-9.004473895402043e-07,0
5224,-9.004473895402043e-07,0
5225,-9.004473895402043e-07,0
5226,-9.004473895402043e-07,0
5227,-9.004473895402043e-07,0
5228,-9.004473895402043e-07,0
5229,-9.004473895402043e-07,0
5230,-9.004473895402043e-07,0
5231,-0.3004625992520005,0
5232,-9.004473895402043e-07,0
5233,-9.004473895402043e-07,0
5234,-9.004473895402043e-07,0
5235,-9.004473895402043e-07,0
5236,-9.004473895402043e-07,0
5237,-9.004473895402043e-07,0
5238,-9.004473895402043e-07,0
5239,-0.13463044874174557,0
5240,-0.3371949670807908,0
5241,-0.28595247955843206,0
5242,-9.004473895402043e-07,0
5243,-9.004473895402043e-07,0
5244,-9.004473895402043e-07,0
5245,-9.004473895402043e-07,0
5246,-9.004473895402043e-07,0
5247,-9.004473895402043e-07,0
5248,-9.004473895402043e-07,0
5249,-9.004473895402043e-07,0
5250,-0.26764724925828887,0
5251,-9.004473895402043e-07,0
5252,-9.004473895402043e-07,0
5253,-9.004473895402043e-07,0
5254,-9.004473895402043e-07,0
5255,-9.004473895402043e-07,0
5256,-9.004473895402043e-07,0
5257,-9.004473895402043e-07,0
5258,-9.004473895402043e-07,0
5259,-0.3177339044805194,0
5260,-0.32950809457167907,0
5261,-9.004473895402043e-07,0
5262,-9.004473895402043e-07,0
5263,-9.004473895402043e-07,0
5264,-9.004473895402043e-07,0
5265,-9.004473895402043e-07,0
5266,-9.004473895402043e-07,0
5267,-9.004473895402043e-07,0
5268,-9.004473895402043e-07,0
5269,-9.004473895402043e-07,0
5270,-0.316269061998355,0
5271,-9.004473895402043e-07,0
5272,-9.004473895402043e-07,0
5273,-9.004473895402043e-07,0
5274,-9.004473895402043e-07,0
5275,-9.004473895402043e-07,0
5276,-9.004473895402043e-07,0
5277,-9.004473895402043e-07,0
5278,-9.004473895402043e-07,0
5279,-0.22211434524228935,0
5280,-0.0253324129585053,0
5281,-9.004473895402043e-07,0
5282,-9.004473895402043e-07,0
5283,-9.004473895402043e-07,0
5284,-0.0042875259291577095,0
5285,-9.004473895402043e-07,0
5286,-9.004473895402043e-07,0
5287,-9.004473895402043e-07,0
5288,-9.004473895402043e-07,0
5289,-0.3500625716687864,0
5290,-9.004473895402043e-07,0
5291,-9.004473895402043e-07,0
5292,-9.004473895402043e-07,0
5293,0.10572613902991179,1
5294,-9.004473895402043e-07,0
5295,-9.004473895402043e-07,0
5296,-9.004473895402043e-07,0
5297,-9.004473895402043e-07,0
5298,-9.004473895402043e-07,0
5299,-9.004473895402043e-07,0
5300,-9.004473895402043e-07,0
5301,-9.004473895402043e-07,0
5302,-9.004473895402043e-07,0
5303,-0.13122402327007876,0
5304,-9.004473895402043e-07,0
5305,-9.004473895402043e-07,0
5306,-9.004473895402043e-07,0
5307,-0.34011058453370424,0
5308,-9.004473895402043e-07,0
5309,-9.004473895402043e-07,0
5310,-9.004473895402043e-07,0
5311,-9.004473895402043e-07,0
5312,-9.004473895402043e-07,0
5313,-9.004473895402043e-07,0
5314,-9.004473895402043e-07,0
5315,-9.004473895402043e-07,0
5316,-9.004473895402043e-07,0
5317,-0.28206594435084753,0
5318,-9.004473895402043e-07,0
5319,-9.004473895402043e-07,0
5320,-9.004473895402043e-07,0
5321,-9.004473895402043e-07,0
5322,-9.004473895402043e-07,0
5323,-9.004473895402043e-07,0
5324,-9.004473895402043e-07,0
5325,-9.004473895402043e-07,0
5326,-9.004473895402043e-07,0
5327,-0.33617128021899134,0
5328,-9.004473895402043e-07,0
5329,-9.004473895402043e-07,0
5330,-9.004473895402043e-07,0
5331,-9.004473895402043e-07,0
5332,-9.004473895402043e-07,0
5333,-9.004473895402043e-07,0
5334,-9.004473895402043e-07,0
5335,-0.0042875259291577095,0
5336,0.16630996236438023,1
5337,-0.32950809457167907,0
5338,-0.26764724925828887,0
5339,-9.004473895402043e-07,0
5340,-9.004473895402043e-07,0
5341,-9.004473895402043e-07,0
5342,-9.004473895402043e-07,0
5343,-9.004473895402043e-07,0
5344,-9.004473895402043e-07,0
5345,-9.004473895402043e-07,0
5346,-0.0042875259291577095,0
5347,-9.004473895402043e-07,0
5348,-9.004473895402043e-07,0
5349,-9.004473895402043e-07,0
5350,-0.0042875259291577095,0
5351,-0.03764873882573738,0
5352,-0.2878895801057979,0
5353,-0.3550475647879239,0
5354,-9.004473895402043e-07,0
5355,-9.004473895402043e-07,0
5356,-9.004473895402043e-07,0
5357,-9.004473895402043e-07,0
5358,-9.004473895402043e-07,0
5359,-9.004473895402043e-07,0
5360,-9.004473895402043e-07,0
5361,-9.004473895402043e-07,0
5362,-9.004473895402043e-07,0
5363,-0.2740165183741965,0
5364,-0.1641230058014571,0
5365,-0.29162014825681126,0
5366,-9.004473895402043e-07,0
5367,-9.004473895402043e-07,0
5368,-9.004473895402043e-07,0
5369,-9.004473895402043e-07,0
5370,-9.004473895402043e-07,0
5371,-9.004473895402043e-07,0
5372,-9.004473895402043e-07,0
5373,-9.004473895402043e-07,0
5374,-0.0042875259291577095,0
5375,-0.31911951223264623,0
5376,-9.004473895402043e-07,0
5377,-9.004473895402043e-07,0
5378,-9.004473895402043e-07,0
5379,-9.004473895402043e-07,0
5380,-9.004473895402043e-07,0
5381,-9.004473895402043e-07,0
5382,-9.004473895402043e-07,0
5383,-9.004473895402043e-07,0
5384,-9.004473895402043e-07,0
5385,-0.28595247955843206,0
5386,-9.004473895402043e-07,0
5387,-9.004473895402043e-07,0
5388,-9.004473895402043e-07,0
5389,-9.004473895402043e-07,0
5390,-9.004473895402043e-07,0
5391,-9.004473895402043e-07,0
5392,-9.004473895402043e-07,0
5393,-9.004473895402043e-07,0
5394,-9.004473895402043e-07,0
5395,-0.28595247955843206,0
5396,-9.004473895402043e-07,0
5397,-9.004473895402043e-07,0
5398,-9.004473895402043e-07,0
5399,-9.004473895402043e-07,0
5400,-9.004473895402043e-07,0
5401,-9.004473895402043e-07,0
5402,-9.004473895402043e-07,0
5403,-9.004473895402043e-07,0
5404,-9.004473895402043e-07,0
5405,-0.28595247955843206,0
5406,-9.004473895402043e-07,0
5407,-9.004473895402043e-07,0
5408,-9.004473895402043e-07,0
5409,-9.004473895402043e-07,0
5410,-0.17348772645027566,0
5411,-9.004473895402043e-07,0
5412,-9.004473895402043e-07,0
5413,-9.004473895402043e-07,0
5414,-9.004473895402043e-07,0
5415,-0.17655750513813473,0
5416,-9.004473895402043e-07,0
5417,-9.004473895402043e-07,0
5418,-9.004473895402043e-07,0
5419,-0.09940100950097985,0
5420,-0.05370811124134889,0
5421,-9.004473895402043e-07,0
5422,-9.004473895402043e-07,0
5423,-9.004473895402043e-07,0
5424,-0.31182727772716134,0
5425,-9.004473895402043e-07,0
5426,-9.004473895402043e-07,0
5427,-9.004473895402043e-07,0
5428,-0.0042875259291577095,0
5429,-0.3283034916747738,0
5430,-9.004473895402043e-07,0
5431,-9.004473895402043e-07,0
5432,-9.004473895402043e-07,0
5433,-9.004473895402043e-07,0
5434,-0.32950809457167907,0
5435,-0.08458426928723384,0
5436,-9.004473895402043e-07,0
5437,-9.004473895402043e-07,0
5438,-9.004473895402043e-07,0
5439,-0.0042875259291577095,0
5440,-9.004473895402043e-07,0
5441,-9.004473895402043e-07,0
5442,-9.004473895402043e-07,0
5443,-9.004473895402043e-07,0
5444,-0.29877039179143594,0
5445,-0.33619159127204057,0
5446,-9.004473895402043e-07,0
5447,-9.004473895402043e-07,0
5448,-9.004473895402043e-07,0
5449,-9.004473895402043e-07,0
5450,-9.004473895402043e-07,0
5451,-9.004473895402043e-07,0
5452,-9.004473895402043e-07,0
5453,-0.0042875259291577095,0
5454,-9.004473895402043e-07,0
5455,-0.2952155625513342,0
5456,-9.004473895402043e-07,0
5457,-9.004473895402043e-07,0
5458,-9.004473895402043e-07,0
5459,-9.004473895402043e-07,0
5460,-9.004473895402043e-07,0
5461,-9.004473895402043e-07,0
5462,-9.004473895402043e-07,0
5463,-9.004473895402043e-07,0
5464,-9.004473895402043e-07,0
5465,-0.2800838273260524,0
5466,-9.004473895402043e-07,0
5467,-9.004473895402043e-07,0
5468,-9.004473895402043e-07,0
5469,-9.004473895402043e-07,0
5470,-9.004473895402043e-07,0
5471,-9.004473895402043e-07,0
5472,-9.004473895402043e-07,0
5473,-0.0042875259291577095,0
5474,-9.004473895402043e-07,0
5475,-0.22211434524228935,0
5476,-0.012783130003981569,0
5477,-9.004473895402043e-07,0
5478,-9.004473895402043e-07,0
5479,-9.004473895402043e-07,0
5480,-9.004473895402043e-07,0
5481,-9.004473895402043e-07,0
5482,-9.004473895402043e-07,0
5483,-9.004473895402043e-07,0
5484,-9.004473895402043e-07,0
5485,-0.33916461938247267,0
5486,-0.2448478339446183,0
5487,-9.004473895402043e-07,0
5488,-9.004473895402043e-07,0
5489,-9.004473895402043e-07,0
5490,-0.0042875259291577095,0
5491,-9.004473895402043e-07,0
5492,-9.004473895402043e-07,0
5493,-9.004473895402043e-07,0
5494,-9.004473895402043e-07,0
5495,-0.15127415798031052,0
5496,-0.30868961861563093,0
5497,-9.004473895402043e-07,0
5498,-9.004473895402043e-07,0
5499,-9.004473895402043e-07,0
5500,-9.004473895402043e-07,0
5501,-9.004473895402043e-07,0
5502,-9.004473895402043e-07,0
5503,-9.004473895402043e-07,0
5504,-9.004473895402043e-07,0
5505,-9.004473895402043e-07,0
5506,-0.08829854828718453,0
5507,-9.004473895402043e-07,0
5508,-9.004473895402043e-07,0
5509,-9.004473895402043e-07,0
5510,-9.004473895402043e-07,0
5511,-9.004473895402043e-07,0
5512,-9.004473895402043e-07,0
5513,-9.004473895402043e-07,0
5514,-9.004473895402043e-07,0
5515,-9.004473895402043e-07,0
5516,-0.33183956912296253,0
5517,-9.004473895402043e-07,0
5518,-9.004473895402043e-07,0
5519,-9.004473895402043e-07,0
5520,-9.004473895402043e-07,0
5521,-9.004473895402043e-07,0
5522,-9.004473895402043e-07,0
5523,-9.004473895402043e-07,0
5524,-9.004473895402043e-07,0
5525,-9.004473895402043e-07,0
5526,-0.20857839384882482,0
5527,-9.004473895402043e-07,0
5528,-9.004473895402043e-07,0
5529,-9.004473895402043e-07,0
5530,-9.004473895402043e-07,0
5531,-9.004473895402043e-07,0
5532,-9.004473895402043e-07,0
5533,-9.004473895402043e-07,0
5534,-9.004473895402043e-07,0
5535,-0.19732080017820408,0
5536,-0.35358912951221555,0
5537,-9.004473895402043e-07,0
5538,-9.004473895402043e-07,0
5539,-9.004473895402043e-07,0
5540,-9.004473895402043e-07,0
5541,-9.004473895402043e-07,0
5542,-9.004473895402043e-07,0
5543,-9.004473895402043e-07,0
5544,-9.004473895402043e-07,0
5545,-0.008548269249445184,0
5546,-0.3318174651086565,0
5547,-9.004473895402043e-07,0
5548,-9.004473895402043e-07,0
5549,-9.004473895402043e-07,0
5550,-0.03764873882573738,0
5551,-9.004473895402043e-07,0
5552,-9.004473895402043e-07,0
5553,-9.004473895402043e-07,0
5554,-0.23251417993571977,0
5555,-0.3527171494039294,0
5556,-9.004473895402043e-07,0
5557,-9.004473895402043e-07,0
5558,-9.004473895402043e-07,0
5559,-0.0042875259291577095,0
5560,-9.004473895402043e-07,0
5561,-9.004473895402043e-07,0
5562,-9.004473895402043e-07,0
5563,-0.0042875259291577095,0
5564,-0.04573019705981096,0
5565,-0.3070960199777346,0
5566,-9.004473895402043e-07,0
5567,-9.004473895402043e-07,0
5568,-9.004473895402043e-07,0
5569,-0.0042875259291577095,0
5570,-9.004473895402043e-07,0
5571,-9.004473895402043e-07,0
5572,-9.004473895402043e-07,0
5573,-9.004473895402043e-07,0
5574,-9.004473895402043e-07,0
5575,-0.32050588074787356,0
5576,-9.004473895402043e-07,0
5577,-9.004473895402043e-07,0
5578,-9.004473895402043e-07,0
5579,-9.004473895402043e-07,0
5580,-9.004473895402043e-07,0
5581,-9.004473895402043e-07,0
5582,-9.004473895402043e-07,0
5583,-9.004473895402043e-07,0
5584,-9.004473895402043e-07,0
5585,-0.3102573142299434,0
5586,-0.17039205015430525,0
5587,-9.004473895402043e-07,0
5588,-9.004473895402043e-07,0
5589,-9.004473895402043e-07,0
5590,-0.057658238396015804,0
5591,-9.004473895402043e-07,0
5592,-9.004473895402043e-07,0
5593,-9.004473895402043e-07,0
5594,-0.17039205015430525,0
5595,-0.2543144850974386,0
5596,-0.0042875259291577095,0
5597,-0.3038610389438645,0
5598,-9.004473895402043e-07,0
5599,-9.004473895402043e-07,0
5600,-9.004473895402043e-07,0
5601,-9.004473895402043e-07,0
5602,-0.11733938621227935,0
5603,-9.004473895402043e-07,0
5604,-9.004473895402043e-07,0
5605,-9.004473895402043e-07,0
5606,-0.10304046804583322,0
5607,-0.016992107790770206,0
5608,-0.32950809457167907,0
5609,-0.21137473892724756,0
5610,-0.21137473892724756,0
5611,-0.14136561695943328,0
5612,-0.26332999846545135,0
5613,-9.004473895402043e-07,0
5614,-9.004473895402043e-07,0
5615,-9.004473895402043e-07,0
5616,-0.21681500950455757,0
5617,-0.3258165550461172,0
5618,-0.332966440626592,0
5619,-9.004473895402043e-07,0
5620,-9.004473895402043e-07,0
5621,-9.004473895402043e-07,0
5622,-0.08081535941857965,0
5623,-0.23500299620945952,0
5624,-9.004473895402043e-07,0
5625,-9.004473895402043e-07,0
5626,-9.004473895402043e-07,0
5627,-9.004473895402043e-07,0
5628,-9.004473895402043e-07,0
5629,-0.34674562269231046,0
5630,-0.0042875259291577095,0
5631,-9.004473895402043e-07,0
5632,-9.004473895402043e-07,0
5633,-9.004473895402043e-07,0
5634,-9.004473895402043e-07,0
5635,-0.021175202246240588,0
5636,-0.11733938621227935,0
5637,-0.3527171494039294,0
5638,-0.2086157521007408,0
5639,-0.09573566001881773,0
5640,-9.004473895402043e-07,0
5641,-9.004473895402043e-07,0
5642,-9.004473895402043e-07,0
5643,-9.004473895402043e-07,0
5644,-0.23750304684256207,0
5645,-0.0042875259291577095,0
5646,-9.004473895402043e-07,0
5647,-9.004473895402043e-07,0
5648,-9.004473895402043e-07,0
5649,-9.004473895402043e-07,0
5650,-0.033569181632401524,0
5651,-0.3102858478420103,0
5652,-0.25887405176649736,0
5653,-9.004473895402043e-07,0
5654,-9.004473895402043e-07,0
5655,-9.004473895402043e-07,0
5656,-9.004473895402043e-07,0
5657,-9.004473895402043e-07,0
5658,-0.28595247955843206,0
5659,-9.004473895402043e-07,0
5660,-9.004473895402043e-07,0
5661,-9.004473895402043e-07,0
5662,-9.004473895402043e-07,0
5663,-9.004473895402043e-07,0
5664,-0.28595247955843206,0
5665,-9.004473895402043e-07,0
5666,-9.004473895402043e-07,0
5667,-9.004473895402043e-07,0
5668,-9.004473895402043e-07,0
5669,-9.004473895402043e-07,0
5670,-0.08455600313402556,0
5671,-9.004473895402043e-07,0
5672,-9.004473895402043e-07,0
5673,-9.004473895402043e-07,0
5674,-9.004473895402043e-07,0
5675,-0.3054765184936059,0
5676,-9.004473895402043e-07,0
5677,-9.004473895402043e-07,0
5678,0.18733171384258185,1
5679,-9.004473895402043e-07,0
5680,-9.004473895402043e-07,0
5681,-9.004473895402043e-07,0
5682,-0.0042875259291577095,0
5683,-9.004473895402043e-07,0
5684,-0.24001408079527664,0
5685,-9.004473895402043e-07,0
5686,-9.004473895402043e-07,0
5687,-9.004473895402043e-07,0
5688,-0.3133149954541068,0
5689,-0.04570746843842244,0
5690,-0.3567925693350844,0
5691,-9.004473895402043e-07,0
5692,-9.004473895402043e-07,0
5693,-9.004473895402043e-07,0
5694,-9.004473895402043e-07,0
5695,-9.004473895402043e-07,0
5696,-9.004473895402043e-07,0
5697,-9.004473895402043e-07,0
5698,-0.35399895861166897,0
5699,1.511176910365407,1
5700,-9.004473895402043e-07,0
5701,-9.004473895402043e-07,0
5702,-9.004473895402043e-07,0
5703,-9.004473895402043e-07,0
5704,-9.004473895402043e-07,0
5705,-9.004473895402043e-07,0
5706,-0.0042875259291577095,0
5707,-9.004473895402043e-07,0
5708,-0.26329453881032805,0
5709,-9.004473895402043e-07,0
5710,-9.004473895402043e-07,0
5711,-9.004473895402043e-07,0
5712,-9.004473895402043e-07,0
5713,-9.004473895402043e-07,0
5714,-9.004473895402043e-07,0
5715,-0.0042875259291577095,0
5716,-9.004473895402043e-07,0
5717,-0.28206594435084753,0
5718,-9.004473895402043e-07,0
5719,-9.004473895402043e-07,0
5720,-9.004473895402043e-07,0
5721,-9.004473895402043e-07,0
5722,-9.004473895402043e-07,0
5723,-9.004473895402043e-07,0
5724,-9.004473895402043e-07,0
5725,-9.004473895402043e-07,0
5726,-0.27604189565511206,0
5727,-9.004473895402043e-07,0
5728,-9.004473895402043e-07,0
5729,-9.004473895402043e-07,0
5730,-9.004473895402043e-07,0
5731,-9.004473895402043e-07,0
5732,-9.004473895402043e-07,0
5733,-9.004473895402043e-07,0
5734,-9.004473895402043e-07,0
5735,-0.3517225105294983,0
5736,-0.03764873882573738,0
5737,-9.004473895402043e-07,0
5738,-9.004473895402043e-07,0
5739,-9.004473895402043e-07,0
5740,-9.004473895402043e-07,0
5741,-9.004473895402043e-07,0
5742,-9.004473895402043e-07,0
5743,-9.004473895402043e-07,0
5744,-0.24961488504402496,0
5745,-9.004473895402043e-07,0
5746,-9.004473895402043e-07,0
5747,-9.004473895402043e-07,0
5748,-9.004473895402043e-07,0
5749,-9.004473895402043e-07,0
5750,-9.004473895402043e-07,0
5751,-9.004473895402043e-07,0
5752,-0.0042875259291577095,0
5753,-0.3460220017914253,0
5754,-9.004473895402043e-07,0
5755,-9.004473895402043e-07,0
5756,-0.2934465709572578,0
5757,-9.004473895402043e-07,0
5758,-0.08081535941857965,0
5759,-9.004473895402043e-07,0
5760,-9.004473895402043e-07,0
5761,-9.004473895402043e-07,0
5762,-9.004473895402043e-07,0
5763,-9.004473895402043e-07,0
5764,-9.004473895402043e-07,0
5765,-0.012783130003981569,0
5766,-0.3038311144010777,0
5767,-9.004473895402043e-07,0
5768,-9.004473895402043e-07,0
5769,-9.004473895402043e-07,0
5770,-9.004473895402043e-07,0
5771,-9.004473895402043e-07,0
5772,-9.004473895402043e-07,0
5773,-9.004473895402043e-07,0
5774,-9.004473895402043e-07,0
5775,-9.004473895402043e-07,0
5776,-0.3381927468411732,0
5777,-9.004473895402043e-07,0
5778,-0.21137473892724756,0
5779,-9.004473895402043e-07,0
5780,-9.004473895402043e-07,0
5781,-9.004473895402043e-07,0
5782,-9.004473895402043e-07,0
5783,-9.004473895402043e-07,0
5784,-9.004473895402043e-07,0
5785,-9.004473895402043e-07,0
5786,-0.3306642452110964,0
5787,-9.004473895402043e-07,0
5788,-9.004473895402043e-07,0
5789,-9.004473895402043e-07,0
5790,-9.004473895402043e-07,0
5791,-9.004473895402043e-07,0
5792,-9.004473895402043e-07,0
5793,-9.004473895402043e-07,0
5794,-9.004473895402043e-07,0
5795,-0.0042875259291577095,0
5796,-0.26329453881032805,0
5797,-9.004473895402043e-07,0
5798,-9.004473895402043e-07,0
5799,-9.004473895402043e-07,0
5800,-9.004473895402043e-07,0
5801,-9.004473895402043e-07,0
5802,-9.004473895402043e-07,0
5803,-9.004473895402043e-07,0
5804,-9.004473895402043e-07,0
5805,-9.004473895402043e-07,0
5806,-0.319145787451248,0
5807,-9.004473895402043e-07,0
5808,-9.004473895402043e-07,0
5809,-9.004473895402043e-07,0
5810,746.8636383074423,1
5811,-0.29877039179143594,0
5812,-0.1446943591120089,0
5813,0.03073906905376589,1
5814,-0.20579353112191257,0
5815,-0.2969904763475597,0
5816,-9.004473895402043e-07,0
5817,-9.004473895402043e-07,0
5818,-0.0042875259291577095,0
5819,-0.0042875259291577095,0
5820,-9.004473895402043e-07,0
5821,-0.3162961119218153,0
5822,-0.28976781793289774,0
5823,-9.004473895402043e-07,0
5824,-9.004473895402043e-07,0
5825,-0.0042875259291577095,0
5826,-0.28402216184952067,0
5827,-9.004473895402043e-07,0
5828,-9.004473895402043e-07,0
5829,-9.004473895402043e-07,0
5830,-0.0042875259291577095,0
5831,-0.3021598079153591,0
5832,-0.205830864564291,0
5833,-0.3558581780721397,0
5834,-9.004473895402043e-07,0
5835,-9.004473895402043e-07,0
5836,-9.004473895402043e-07,0
5837,-9.004473895402043e-07,0
5838,0.17152663168690196,1
5839,-9.004473895402043e-07,0
5840,-9.004473895402043e-07,0
5841,-9.004473895402043e-07,0
5842,-9.004473895402043e-07,0
5843,-0.3270729784709374,0
5844,-9.004473895402043e-07,0
5845,-9.004473895402043e-07,0
5846,-0.0042875259291577095,0
5847,-0.11380349472892703,0
5848,-0.34192479207183624,0
5849,-0.04573019705981096,0
5850,-0.09204441993267665,0
5851,-9.004473895402043e-07,0
5852,-9.004473895402043e-07,0
5853,-9.004473895402043e-07,0
5854,-9.004473895402043e-07,0
5855,-9.004473895402043e-07,0
5856,-0.2952470858625702,0
5857,-0.32950809457167907,0
5858,-9.004473895402043e-07,0
5859,-9.004473895402043e-07,0
5860,-9.004473895402043e-07,0
5861,-9.004473895402043e-07,0
5862,-9.004473895402043e-07,0
5863,-9.004473895402043e-07,0
5864,-9.004473895402043e-07,0
5865,-0.33183956912296253,0
5866,-0.2375400169725026,0
5867,-9.004473895402043e-07,0
5868,-9.004473895402043e-07,0
5869,-9.004473895402043e-07,0
5870,-9.004473895402043e-07,0
5871,-9.004473895402043e-07,0
5872,-9.004473895402043e-07,0
5873,1.5805342425034041,1
5874,-0.32579230622661726,0
5875,-0.008548269249445184,0
5876,-0.008548269249445184,0
5877,-9.004473895402043e-07,0
5878,-9.004473895402043e-07,0
5879,-9.004473895402043e-07,0
5880,-9.004473895402043e-07,0
5881,-9.004473895402043e-07,0
5882,-9.004473895402043e-07,0
5883,-0.3245342214578386,0
5884,-0.32950809457167907,0
5885,-0.012783130003981569,0
5886,-9.004473895402043e-07,0
5887,-9.004473895402043e-07,0
5888,-9.004473895402043e-07,0
5889,-9.004473895402043e-07,0
5890,-9.004473895402043e-07,0
5891,-9.004473895402043e-07,0
5892,-0.3258165550461172,0
5893,-0.3547170400710229,0
5894,-9.004473895402043e-07,0
5895,-9.004473895402043e-07,0
5896,-9.004473895402043e-07,0
5897,-9.004473895402043e-07,0
5898,-9.004473895402043e-07,0
5899,-9.004473895402043e-07,0
5900,-9.004473895402043e-07,0
5901,0.013026704859271376,1
5902,-9.004473895402043e-07,0
5903,-9.004473895402043e-07,0
5904,-9.004473895402043e-07,0
5905,-9.004473895402043e-07,0
5906,-9.004473895402043e-07,0
5907,-0.0042875259291577095,0
5908,-0.2934147474909423,0
5909,-9.004473895402043e-07,0
5910,-9.004473895402043e-07,0
5911,-9.004473895402043e-07,0
5912,-9.004473895402043e-07,0
5913,-9.004473895402043e-07,0
5914,-0.0042875259291577095,0
5915,-0.3444517944044492,0
5916,-9.004473895402043e-07,0
5917,-9.004473895402043e-07,0
5918,-9.004473895402043e-07,0
5919,-9.004473895402043e-07,0
5920,-9.004473895402043e-07,0
5921,-9.004473895402043e-07,0
5922,-0.0042875259291577095,0
5923,-0.35436697993998223,0
5924,-9.004473895402043e-07,0
5925,-9.004473895402043e-07,0
5926,-9.004473895402043e-07,0
5927,-9.004473895402043e-07,0
5928,-9.004473895402043e-07,0
5929,-9.004473895402043e-07,0
5930,-9.004473895402043e-07,0
5931,-0.28595247955843206,0
5932,-0.3205317607288407,0
5933,-9.004473895402043e-07,0
5934,-9.004473895402043e-07,0
5935,-9.004473895402043e-07,0
5936,-9.004473895402043e-07,0
5937,-9.004473895402043e-07,0
5938,-9.004473895402043e-07,0
5939,-0.2739820815357916,0
5940,-9.004473895402043e-07,0
5941,-9.004473895402043e-07,0
5942,-9.004473895402043e-07,0
5943,-9.004473895402043e-07,0
5944,-9.004473895402043e-07,0
5945,-0.0042875259291577095,0
5946,-9.004473895402043e-07,0
5947,-0.22215167441913763,0
5948,3.7660466035595164,1
5949,-9.004473895402043e-07,0
5950,-9.004473895402043e-07,0
5951,-9.004473895402043e-07,0
5952,-9.004473895402043e-07,0
5953,-9.004473895402043e-07,0
5954,-9.004473895402043e-07,0
5955,-9.004473895402043e-07,0
5956,-0.28206594435084753,0
5957,-9.004473895402043e-07,0
5958,-9.004473895402043e-07,0
5959,-9.004473895402043e-07,0
5960,-9.004473895402043e-07,0
5961,-9.004473895402043e-07,0
5962,-9.004473895402043e-07,0
5963,-9.004473895402043e-07,0
5964,-0.24961488504402496,0
5965,-9.004473895402043e-07,0
5966,-9.004473895402043e-07,0
5967,-9.004473895402043e-07,0
5968,-9.004473895402043e-07,0
5969,-9.004473895402043e-07,0
5970,-9.004473895402043e-07,0
5971,-9.004473895402043e-07,0
5972,-0.28976781793289774,0
5973,-9.004473895402043e-07,0
5974,-9.004473895402043e-07,0
5975,-9.004473895402043e-07,0
5976,-9.004473895402043e-07,0
5977,-9.004473895402043e-07,0
5978,-9.004473895402043e-07,0
5979,-0.35399100972404085,0
5980,-9.004473895402043e-07,0
5981,-9.004473895402043e-07,0
5982,-9.004473895402043e-07,0
5983,-9.004473895402043e-07,0
5984,-9.004473895402043e-07,0
5985,-9.004473895402043e-07,0
5986,-9.004473895402043e-07,0
5987,0.5798888436165726,1
5988,-9.004473895402043e-07,0
5989,-9.004473895402043e-07,0
5990,-9.004473895402043e-07,0
5991,-9.004473895402043e-07,0
5992,-9.004473895402043e-07,0
5993,-9.004473895402043e-07,0
5994,-0.0042875259291577095,0
5995,-0.23750304684256207,0
5996,-9.004473895402043e-07,0
5997,-9.004473895402043e-07,0
5998,-9.004473895402043e-07,0
5999,-9.004473895402043e-07,0
6000,-9.004473895402043e-07,0
6001,-9.004473895402043e-07,0
6002,-9.004473895402043e-07,0
6003,-0.35222802980479173,0
6004,-9.004473895402043e-07,0
6005,-9.004473895402043e-07,0
6006,-9.004473895402043e-07,0
6007,-9.004473895402043e-07,0
6008,-9.004473895402043e-07,0
6009,-9.004473895402043e-07,0
6010,-0.0042875259291577095,0
6011,-0.3070960199777346,0
6012,-9.004473895402043e-07,0
6013,-9.004473895402043e-07,0
6014,-9.004473895402043e-07,0
6015,-9.004473895402043e-07,0
6016,-9.004473895402043e-07,0
6017,-9.004473895402043e-07,0
6018,-0.0042875259291577095,0
6019,-0.22992521446042247,0
6020,-9.004473895402043e-07,0
6021,-9.004473895402043e-07,0
6022,-9.004473895402043e-07,0
6023,-9.004473895402043e-07,0
6024,-9.004473895402043e-07,0
6025,-9.004473895402043e-07,0
6026,-9.004473895402043e-07,0
6027,-0.0042875259291577095,0
6028,-0.008548269249445184,0
6029,-9.004473895402043e-07,0
6030,-9.004473895402043e-07,0
6031,-9.004473895402043e-07,0
6032,-9.004473895402043e-07,0
6033,-9.004473895402043e-07,0
6034,-9.004473895402043e-07,0
6035,-0.28595247955843206,0
6036,-0.3245342214578386,0
6037,-9.004473895402043e-07,0
6038,-9.004473895402043e-07,0
6039,-9.004473895402043e-07,0
6040,-9.004473895402043e-07,0
6041,-9.004473895402043e-07,0
6042,-9.004473895402043e-07,0
6043,-0.3512021371093397,0
6044,-9.004473895402043e-07,0
6045,-9.004473895402043e-07,0
6046,-9.004473895402043e-07,0
6047,-9.004473895402043e-07,0
6048,-9.004473895402043e-07,0
6049,-9.004473895402043e-07,0
6050,-0.0042875259291577095,0
6051,-0.3474725038579436,0
6052,-9.004473895402043e-07,0
6053,-9.004473895402043e-07,0
6054,-9.004473895402043e-07,0
6055,-9.004473895402043e-07,0
6056,-9.004473895402043e-07,0
6057,-0.3102858478420103,0
6058,-9.004473895402043e-07,0
6059,-9.004473895402043e-07,0
6060,-9.004473895402043e-07,0
6061,-9.004473895402043e-07,0
6062,-9.004473895402043e-07,0
6063,-9.004473895402043e-07,0
6064,-9.004473895402043e-07,0
6065,-0.32950809457167907,0
6066,-0.2719310261746841,0
6067,-9.004473895402043e-07,0
6068,-9.004473895402043e-07,0
6069,-9.004473895402043e-07,0
6070,-9.004473895402043e-07,0
6071,-9.004473895402043e-07,0
6072,-9.004473895402043e-07,0
6073,-9.004473895402043e-07,0
6074,-0.2247438607762433,0
6075,-9.004473895402043e-07,0
6076,-9.004473895402043e-07,0
6077,-9.004473895402043e-07,0
6078,-9.004473895402043e-07,0
6079,-9.004473895402043e-07,0
6080,-0.0042875259291577095,0
6081,-9.004473895402043e-07,0
6082,-9.004473895402043e-07,0
6083,-9.004473895402043e-07,0
6084,-0.2543144850974386,0
6085,-0.008548269249445184,0
6086,-0.0042875259291577095,0
6087,-0.3568967467690527,0
6088,-0.012783130003981569,0
6089,-9.004473895402043e-07,0
6090,-0.28206594435084753,0
6091,-0.008548269249445184,0
6092,-9.004473895402043e-07,0
6093,-0.24724430705816758,0
6094,-0.0253324129585053,0
6095,-9.004473895402043e-07,0
6096,-0.3294851192021042,0
6097,-0.016992107790770206,0
6098,-9.004473895402043e-07,0
6099,-0.2739820815357916,0
6100,-9.004473895402043e-07,0
6101,-0.012783130003981569,0
6102,-0.3294851192021042,0
6103,-0.008548269249445184,0
6104,-9.004473895402043e-07,0
6105,-0.24724430705816758,0
6106,-0.016992107790770206,0
6107,-9.004473895402043e-07,0
6108,-0.31770723925899347,0
6109,-0.0042875259291577095,0
6110,-9.004473895402043e-07,0
6111,-0.23500299620945952,0
6112,-0.0042875259291577095,0
6113,-9.004473895402043e-07,0
6114,-0.35005049600977145,0
6115,-9.004473895402043e-07,0
6116,-9.004473895402043e-07,0
6117,-0.28595247955843206,0
6118,-9.004473895402043e-07,0
6119,-9.004473895402043e-07,0
6120,-9.004473895402043e-07,0
6121,-0.0042875259291577095,0
6122,-9.004473895402043e-07,0
6123,-9.004473895402043e-07,0
6124,-9.004473895402043e-07,0
6125,-9.004473895402043e-07,0
6126,-9.004473895402043e-07,0
6127,-9.004473895402043e-07,0
6128,-9.004473895402043e-07,0
6129,-9.004473895402043e-07,0
6130,-9.004473895402043e-07,0
6131,-0.2800838273260524,0
6132,-9.004473895402043e-07,0
6133,-9.004473895402043e-07,0
6134,-9.004473895402043e-07,0
6135,-9.004473895402043e-07,0
6136,-9.004473895402043e-07,0
6137,-9.004473895402043e-07,0
6138,-9.004473895402043e-07,0
6139,-0.0042875259291577095,0
6140,-9.004473895402043e-07,0
6141,-0.24242546600430614,0
6142,-9.004473895402043e-07,0
6143,-9.004473895402043e-07,0
6144,-9.004473895402043e-07,0
6145,-9.004473895402043e-07,0
6146,-9.004473895402043e-07,0
6147,-9.004473895402043e-07,0
6148,-9.004473895402043e-07,0
6149,-9.004473895402043e-07,0
6150,-9.004473895402043e-07,0
6151,-0.32450955751426136,0
6152,-9.004473895402043e-07,0
6153,-9.004473895402043e-07,0
6154,-9.004473895402043e-07,0
6155,-9.004473895402043e-07,0
6156,-9.004473895402043e-07,0
6157,-9.004473895402043e-07,0
6158,-9.004473895402043e-07,0
6159,-9.004473895402043e-07,0
6160,-9.004473895402043e-07,0
6161,-0.34674562269231046,0
6162,-9.004473895402043e-07,0
6163,-9.004473895402043e-07,0
6164,-9.004473895402043e-07,0
6165,-9.004473895402043e-07,0
6166,-9.004473895402043e-07,0
6167,-9.004473895402043e-07,0
6168,2.63369671905059,1
6169,-9.004473895402043e-07,0
6170,-0.021175202246240588,0
6171,-9.004473895402043e-07,0
6172,-9.004473895402043e-07,0
6173,-9.004473895402043e-07,0
6174,-0.31483240987734007,0
6175,-9.004473895402043e-07,0
6176,-9.004473895402043e-07,0
6177,-9.004473895402043e-07,0
6178,-9.004473895402043e-07,0
6179,-9.004473895402043e-07,0
6180,-0.29158803144332524,0
6181,-9.004473895402043e-07,0
6182,-9.004473895402043e-07,0
6183,-9.004473895402043e-07,0
6184,-9.004473895402043e-07,0
6185,-9.004473895402043e-07,0
6186,-0.34011058453370424,0
6187,-9.004473895402043e-07,0
6188,-0.11380349472892703,0
6189,-9.004473895402043e-07,0
6190,-9.004473895402043e-07,0
6191,-9.004473895402043e-07,0
6192,-9.004473895402043e-07,0
6193,-9.004473895402043e-07,0
6194,-0.35399895861166897,0
6195,-9.004473895402043e-07,0
6196,-9.004473895402043e-07,0
6197,-9.004473895402043e-07,0
6198,-0.30049318254657464,0
6199,-9.004473895402043e-07,0
6200,-9.004473895402043e-07,0
6201,-9.004473895402043e-07,0
6202,-0.21137473892724756,0
6203,-9.004473895402043e-07,0
6204,-9.004473895402043e-07,0
6205,-9.004473895402043e-07,0
6206,-0.35561707850001767,0
6207,-9.004473895402043e-07,0
6208,-9.004473895402043e-07,0
6209,-9.004473895402043e-07,0
6210,-9.004473895402043e-07,0
6211,-9.004473895402043e-07,0
6212,-9.004473895402043e-07,0
6213,-9.004473895402043e-07,0
6214,-0.3070960199777346,0
6215,-9.004473895402043e-07,0
6216,-9.004473895402043e-07,0
6217,-0.0042875259291577095,0
6218,-9.004473895402043e-07,0
6219,-9.004473895402043e-07,0
6220,-9.004473895402043e-07,0
6221,-9.004473895402043e-07,0
6222,-9.004473895402043e-07,0
6223,-0.19439518338185735,0
6224,-9.004473895402043e-07,0
6225,-9.004473895402043e-07,0
6226,-9.004473895402043e-07,0
6227,-9.004473895402043e-07,0
6228,-9.004473895402043e-07,0
6229,-9.004473895402043e-07,0
6230,-9.004473895402043e-07,0
6231,-9.004473895402043e-07,0
6232,-0.34011058453370424,0
6233,-9.004473895402043e-07,0
6234,-9.004473895402043e-07,0
6235,-9.004473895402043e-07,0
6236,-9.004473895402043e-07,0
6237,-9.004473895402043e-07,0
6238,-9.004473895402043e-07,0
6239,-9.004473895402043e-07,0
6240,-9.004473895402043e-07,0
6241,-0.2448478339446183,0
6242,-9.004473895402043e-07,0
6243,-9.004473895402043e-07,0
6244,-9.004473895402043e-07,0
6245,-9.004473895402043e-07,0
6246,-9.004473895402043e-07,0
6247,-9.004473895402043e-07,0
6248,-9.004473895402043e-07,0
6249,-9.004473895402043e-07,0
6250,-0.26329453881032805,0
6251,-9.004473895402043e-07,0
6252,-9.004473895402043e-07,0
6253,-0.0042875259291577095,0
6254,-9.004473895402043e-07,0
6255,-9.004473895402043e-07,0
6256,-9.004473895402043e-07,0
6257,-0.2086157521007408,0
6258,-9.004473895402043e-07,0
6259,-0.34944133929218424,0
6260,-9.004473895402043e-07,0
6261,-9.004473895402043e-07,0
6262,-9.004473895402043e-07,0
6263,-9.004473895402043e-07,0
6264,-9.004473895402043e-07,0
6265,-9.004473895402043e-07,0
6266,-9.004473895402043e-07,0
6267,-9.004473895402043e-07,0
6268,-0.34600692171147784,0
6269,-9.004473895402043e-07,0
6270,-9.004473895402043e-07,0
6271,-9.004473895402043e-07,0
6272,-9.004473895402043e-07,0
6273,-9.004473895402043e-07,0
6274,-9.004473895402043e-07,0
6275,-9.004473895402043e-07,0
6276,-9.004473895402043e-07,0
6277,-0.28209942319654147,0
6278,-0.3562770138074711,0
6279,-0.0042875259291577095,0
6280,-9.004473895402043e-07,0
6281,-0.0042875259291577095,0
6282,-9.004473895402043e-07,0
6283,-9.004473895402043e-07,0
6284,-9.004473895402043e-07,0
6285,-9.004473895402043e-07,0
6286,-9.004473895402043e-07,0
6287,-9.004473895402043e-07,0
6288,-0.3054765184936059,0
6289,-9.004473895402043e-07,0
6290,-9.004473895402043e-07,0
6291,-9.004473895402043e-07,0
6292,-9.004473895402043e-07,0
6293,-9.004473895402043e-07,0
6294,-9.004473895402043e-07,0
6295,-9.004473895402043e-07,0
6296,-0.21133736619526644,0
6297,-0.008548269249445184,0
6298,-9.004473895402043e-07,0
6299,-9.004473895402043e-07,0
6300,-9.004473895402043e-07,0
6301,-0.29702169285815216,0
6302,-9.004473895402043e-07,0
6303,-9.004473895402043e-07,0
6304,-0.35223805676309894,0
6305,-0.008548269249445184,0
6306,-9.004473895402043e-07,0
6307,-9.004473895402043e-07,0
6308,-9.004473895402043e-07,0
6309,-9.004473895402043e-07,0
6310,-9.004473895402043e-07,0
6311,-9.004473895402043e-07,0
6312,-0.3318174651086565,0
6313,-0.21410782480938906,0
6314,-9.004473895402043e-07,0
6315,-9.004473895402043e-07,0
6316,-0.0042875259291577095,0
6317,-9.004473895402043e-07,0
6318,-9.004473895402043e-07,0
6319,-9.004473895402043e-07,0
6320,-0.35222802980479173,0
6321,-0.008548269249445184,0
6322,-9.004473895402043e-07,0
6323,-9.004473895402043e-07,0
6324,-9.004473895402043e-07,0
6325,-9.004473895402043e-07,0
6326,-9.004473895402043e-07,0
6327,-9.004473895402043e-07,0
6328,-0.28206594435084753,0
6329,-0.17652100960856387,0
6330,-0.21949629279038163,0
6331,-9.004473895402043e-07,0
6332,-9.004473895402043e-07,0
6333,-9.004473895402043e-07,0
6334,-0.0042875259291577095,0
6335,-9.004473895402043e-07,0
6336,-9.004473895402043e-07,0
6337,-9.004473895402043e-07,0
6338,-0.3527171494039294,0
6339,-0.0042875259291577095,0
6340,-9.004473895402043e-07,0
6341,-9.004473895402043e-07,0
6342,-9.004473895402043e-07,0
6343,-9.004473895402043e-07,0
6344,-9.004473895402043e-07,0
6345,-9.004473895402043e-07,0
6346,-0.3070960199777346,0
6347,-9.004473895402043e-07,0
6348,-9.004473895402043e-07,0
6349,-9.004473895402043e-07,0
6350,-9.004473895402043e-07,0
6351,-9.004473895402043e-07,0
6352,-9.004473895402043e-07,0
6353,-0.02946373955353465,0
6354,-0.28402216184952067,0
6355,-0.008548269249445184,0
6356,-9.004473895402043e-07,0
6357,-9.004473895402043e-07,0
6358,-0.28785689722042207,0
6359,-0.02946373955353465,0
6360,-9.004473895402043e-07,0
6361,-9.004473895402043e-07,0
6362,-9.004473895402043e-07,0
6363,-9.004473895402043e-07,0
6364,-9.004473895402043e-07,0
6365,-9.004473895402043e-07,0
6366,-0.2800838273260524,0
6367,-0.012783130003981569,0
6368,-9.004473895402043e-07,0
6369,-9.004473895402043e-07,0
6370,-9.004473895402043e-07,0
6371,-9.004473895402043e-07,0
6372,-9.004473895402043e-07,0
6373,-9.004473895402043e-07,0
6374,-0.311799106579997,0
6375,-0.016992107790770206,0
6376,-9.004473895402043e-07,0
6377,-9.004473895402043e-07,0
6378,-9.004473895402043e-07,0
6379,-9.004473895402043e-07,0
6380,-9.004473895402043e-07,0
6381,-9.004473895402043e-07,0
6382,-0.34011058453370424,0
6383,-9.004473895402043e-07,0
6384,-9.004473895402043e-07,0
6385,-9.004473895402043e-07,0
6386,-9.004473895402043e-07,0
6387,-9.004473895402043e-07,0
6388,-9.004473895402043e-07,0
6389,-0.13463044874174557,0
6390,-0.311799106579997,0
6391,-0.0042875259291577095,0
6392,-9.004473895402043e-07,0
6393,-9.004473895402043e-07,0
6394,-9.004473895402043e-07,0
6395,-9.004473895402043e-07,0
6396,-9.004473895402043e-07,0
6397,-9.004473895402043e-07,0
6398,-0.2800838273260524,0
6399,-0.0042875259291577095,0
6400,-9.004473895402043e-07,0
6401,-9.004473895402043e-07,0
6402,-9.004473895402043e-07,0
6403,-9.004473895402043e-07,0
6404,-9.004473895402043e-07,0
6405,-9.004473895402043e-07,0
6406,-0.3070960199777346,0
6407,-0.016992107790770206,0
6408,-9.004473895402043e-07,0
6409,-9.004473895402043e-07,0
6410,-0.0042875259291577095,0
6411,-9.004473895402043e-07,0
6412,-9.004473895402043e-07,0
6413,-9.004473895402043e-07,0
6414,-0.200146135930936,0
6415,-0.008548269249445184,0
6416,-9.004473895402043e-07,0
6417,-9.004473895402043e-07,0
6418,-9.004473895402043e-07,0
6419,-9.004473895402043e-07,0
6420,-9.004473895402043e-07,0
6421,-9.004473895402043e-07,0
6422,-0.34192479207183624,0
6423,-9.004473895402043e-07,0
6424,-9.004473895402043e-07,0
6425,-9.004473895402043e-07,0
6426,-9.004473895402043e-07,0
6427,-9.004473895402043e-07,0
6428,-9.004473895402043e-07,0
6429,-0.2542783544275835,0
6430,-0.008548269249445184,0
6431,-9.004473895402043e-07,0
6432,-9.004473895402043e-07,0
6433,-9.004473895402043e-07,0
6434,-9.004473895402043e-07,0
6435,-9.004473895402043e-07,0
6436,-9.004473895402043e-07,0
6437,-0.28785689722042207,0
6438,-0.0042875259291577095,0
6439,-9.004473895402043e-07,0
6440,-9.004473895402043e-07,0
6441,-9.004473895402043e-07,0
6442,-9.004473895402043e-07,0
6443,-9.004473895402043e-07,0
6444,-9.004473895402043e-07,0
6445,-0.3102573142299434,0
6446,-9.004473895402043e-07,0
6447,-9.004473895402043e-07,0
6448,-9.004473895402043e-07,0
6449,-0.0042875259291577095,0
6450,-9.004473895402043e-07,0
6451,-9.004473895402043e-07,0
6452,-9.004473895402043e-07,0
6453,-0.23750304684256207,0
6454,-9.004473895402043e-07,0
6455,-9.004473895402043e-07,0
6456,-9.004473895402043e-07,0
6457,-0.0042875259291577095,0
6458,-9.004473895402043e-07,0
6459,-9.004473895402043e-07,0
6460,-9.004473895402043e-07,0
6461,-0.32050588074787356,0
6462,-0.3133149954541068,0
6463,-0.0042875259291577095,0
6464,-9.004473895402043e-07,0
6465,-9.004473895402043e-07,0
6466,-0.0042875259291577095,0
6467,-9.004473895402043e-07,0
6468,-9.004473895402043e-07,0
6469,-9.004473895402043e-07,0
6470,0.044294897009194756,1
6471,-9.004473895402043e-07,0
6472,-9.004473895402043e-07,0
6473,-9.004473895402043e-07,0
6474,-9.004473895402043e-07,0
6475,-9.004473895402043e-07,0
6476,-9.004473895402043e-07,0
6477,-0.22738473183642327,0
6478,-9.004473895402043e-07,0
6479,-9.004473895402043e-07,0
6480,-9.004473895402043e-07,0
6481,-9.004473895402043e-07,0
6482,-9.004473895402043e-07,0
6483,-9.004473895402043e-07,0
6484,-0.012783130003981569,0
6485,-0.32950809457167907,0
6486,-9.004473895402043e-07,0
6487,-9.004473895402043e-07,0
6488,-9.004473895402043e-07,0
6489,-9.004473895402043e-07,0
6490,-9.004473895402043e-07,0
6491,-9.004473895402043e-07,0
6492,-0.021175202246240588,0
6493,-0.3567941695417858,0
6494,-9.004473895402043e-07,0
6495,-9.004473895402043e-07,0
6496,-9.004473895402043e-07,0
6497,-9.004473895402043e-07,0
6498,-9.004473895402043e-07,0
6499,-9.004473895402043e-07,0
6500,-0.29702169285815216,0
6501,-9.004473895402043e-07,0
6502,-9.004473895402043e-07,0
6503,-9.004473895402043e-07,0
6504,-9.004473895402043e-07,0
6505,-9.004473895402043e-07,0
6506,-9.004473895402043e-07,0
6507,-0.02946373955353465,0
6508,-0.35005049600977145,0
6509,-0.016992107790770206,0
6510,-9.004473895402043e-07,0
6511,-9.004473895402043e-07,0
6512,-9.004473895402043e-07,0
6513,-9.004473895402043e-07,0
6514,-9.004473895402043e-07,0
6515,-9.004473895402043e-07,0
6516,-0.28402216184952067,0
6517,-0.012783130003981569,0
6518,-9.004473895402043e-07,0
6519,-9.004473895402043e-07,0
6520,-9.004473895402043e-07,0
6521,-9.004473895402043e-07,0
6522,-9.004473895402043e-07,0
6523,-9.004473895402043e-07,0
6524,-0.3148049806684412,0
6525,-9.004473895402043e-07,0
6526,-9.004473895402043e-07,0
6527,-9.004473895402043e-07,0
6528,-9.004473895402043e-07,0
6529,-9.004473895402043e-07,0
6530,-9.004473895402043e-07,0
6531,-0.2934147474909423,0
6532,-0.008548269249445184,0
6533,-9.004473895402043e-07,0
6534,-9.004473895402043e-07,0
6535,-9.004473895402043e-07,0
6536,-9.004473895402043e-07,0
6537,-9.004473895402043e-07,0
6538,-9.004473895402043e-07,0
6539,-0.3021598079153591,0
6540,-0.26978475807777613,0
6541,-0.3306642452110964,0
6542,-9.004473895402043e-07,0
6543,-9.004473895402043e-07,0
6544,-9.004473895402043e-07,0
6545,-9.004473895402043e-07,0
6546,-9.004473895402043e-07,0
6547,-9.004473895402043e-07,0
6548,-9.004473895402043e-07,0
6549,-0.20857839384882482,0
6550,-0.33294477871356776,0
6551,-9.004473895402043e-07,0
6552,-9.004473895402043e-07,0
6553,-9.004473895402043e-07,0
6554,-9.004473895402043e-07,0
6555,-9.004473895402043e-07,0
6556,-9.004473895402043e-07,0
6557,-0.016992107790770206,0
6558,-0.27807581099943945,0
6559,-9.004473895402043e-07,0
6560,-9.004473895402043e-07,0
6561,-9.004473895402043e-07,0
6562,-9.004473895402043e-07,0
6563,-9.004473895402043e-07,0
6564,-9.004473895402043e-07,0
6565,-0.3232009035740475,0
6566,-9.004473895402043e-07,0
6567,-9.004473895402043e-07,0
6568,-9.004473895402043e-07,0
6569,-9.004473895402043e-07,0
6570,-9.004473895402043e-07,0
6571,-9.004473895402043e-07,0
6572,-0.2542783544275835,0
6573,-9.004473895402043e-07,0
6574,-9.004473895402043e-07,0
6575,-0.28206594435084753,0
6576,-9.004473895402043e-07,0
6577,-9.004473895402043e-07,0
6578,-9.004473895402043e-07,0
6579,-0.10665403531425,0
6580,-0.0042875259291577095,0
6581,-9.004473895402043e-07,0
6582,-9.004473895402043e-07,0
6583,-9.004473895402043e-07,0
6584,-0.27607610434381513,0
6585,-9.004473895402043e-07,0
6586,-9.004473895402043e-07,0
6587,-0.0042875259291577095,0
6588,-9.004473895402043e-07,0
6589,-0.17039205015430525,0
6590,-9.004473895402043e-07,0
6591,-9.004473895402043e-07,0
6592,-0.012783130003981569,0
6593,-9.004473895402043e-07,0
6594,-9.004473895402043e-07,0
6595,-9.004473895402043e-07,0
6596,-0.33916461938247267,0
6597,-9.004473895402043e-07,0
6598,-9.004473895402043e-07,0
6599,-9.004473895402043e-07,0
6600,-9.004473895402043e-07,0
6601,-9.004473895402043e-07,0
6602,-0.35608294671317253,0
6603,-0.2519958447638828,0
6604,-9.004473895402043e-07,0
6605,-9.004473895402043e-07,0
6606,-9.004473895402043e-07,0
6607,-9.004473895402043e-07,0
6608,-9.004473895402043e-07,0
6609,-0.21945893770566727,0
6610,-9.004473895402043e-07,0
6611,-9.004473895402043e-07,0
6612,-9.004473895402043e-07,0
6613,-0.3133149954541068,0
6614,-9.004473895402043e-07,0
6615,-9.004473895402043e-07,0
6616,-9.004473895402043e-07,0
6617,-0.12430074745736874,0
6618,-9.004473895402043e-07,0
6619,-9.004473895402043e-07,0
6620,-9.004473895402043e-07,0
6621,-0.35436697993998223,0
6622,-9.004473895402043e-07,0
6623,-9.004473895402043e-07,0
6624,-9.004473895402043e-07,0
6625,-0.35064531009743405,0
6626,-9.004473895402043e-07,0
6627,-9.004473895402043e-07,0
6628,-9.004473895402043e-07,0
6629,-0.1380109800760465,0
6630,-9.004473895402043e-07,0
6631,-9.004473895402043e-07,0
6632,-9.004473895402043e-07,0
6633,-9.004473895402043e-07,0
6634,-0.12430074745736874,0
6635,-9.004473895402043e-07,0
6636,-9.004473895402043e-07,0
6637,-9.004473895402043e-07,0
6638,-9.004473895402043e-07,0
6639,-0.32950809457167907,0
6640,-9.004473895402043e-07,0
6641,-9.004473895402043e-07,0
6642,-9.004473895402043e-07,0
6643,-9.004473895402043e-07,0
6644,-0.3245342214578386,0
6645,-9.004473895402043e-07,0
6646,-9.004473895402043e-07,0
6647,-9.004473895402043e-07,0
6648,-9.004473895402043e-07,0
6649,-0.18258261736139048,0
6650,-9.004473895402043e-07,0
6651,-9.004473895402043e-07,0
6652,-9.004473895402043e-07,0
6653,-9.004473895402043e-07,0
6654,0.34605999338270976,1
6655,-9.004473895402043e-07,0
6656,-9.004473895402043e-07,0
6657,-9.004473895402043e-07,0
6658,-9.004473895402043e-07,0
6659,-0.17655750513813473,0
6660,-9.004473895402043e-07,0
6661,-9.004473895402043e-07,0
6662,-9.004473895402043e-07,0
6663,-9.004473895402043e-07,0
6664,-0.3232259778378648,0
6665,-0.3428100624412309,0
6666,-0.30868961861563093,0
6667,-9.004473895402043e-07,0
6668,-9.004473895402043e-07,0
6669,-0.2801175569060206,0
6670,-9.004473895402043e-07,0
6671,-9.004473895402043e-07,0
6672,-9.004473895402043e-07,0
6673,-0.0042875259291577095,0
6674,-0.3547170400710229,0
6675,-9.004473895402043e-07,0
6676,-9.004473895402043e-07,0
6677,-9.004473895402043e-07,0
6678,-9.004473895402043e-07,0
6679,-0.3071252610399142,0
6680,-0.21681500950455757,0
6681,-9.004473895402043e-07,0
6682,-9.004473895402043e-07,0
6683,-9.004473895402043e-07,0
6684,-9.004473895402043e-07,0
6685,-0.24728085102719888,0
6686,-9.004473895402043e-07,0
6687,-9.004473895402043e-07,0
6688,-9.004473895402043e-07,0
6689,-9.004473895402043e-07,0
6690,-9.004473895402043e-07,0
6691,-9.004473895402043e-07,0
6692,-9.004473895402043e-07,0
6693,-9.004473895402043e-07,0
6694,-9.004473895402043e-07,0
6695,1.228197928851273,1
6696,-9.004473895402043e-07,0
6697,-9.004473895402043e-07,0
6698,-9.004473895402043e-07,0
6699,-9.004473895402043e-07,0
6700,-0.0042875259291577095,0
6701,-9.004473895402043e-07,0
6702,-9.004473895402043e-07,0
6703,-9.004473895402043e-07,0
6704,-9.004473895402043e-07,0
6705,-0.25657124524946084,0
6706,-9.004473895402043e-07,0
6707,-9.004473895402043e-07,0
6708,-9.004473895402043e-07,0
6709,-0.02946373955353465,0
6710,-9.004473895402043e-07,0
6711,-9.004473895402043e-07,0
6712,-9.004473895402043e-07,0
6713,-0.3270491495420629,0
6714,-9.004473895402043e-07,0
6715,-9.004473895402043e-07,0
6716,-9.004473895402043e-07,0
6717,-0.3340461858750814,0
6718,-9.004473895402043e-07,0
6719,-9.004473895402043e-07,0
6720,-9.004473895402043e-07,0
6721,-9.004473895402043e-07,0
6722,-0.28595247955843206,0
6723,-9.004473895402043e-07,0
6724,-9.004473895402043e-07,0
6725,-9.004473895402043e-07,0
6726,-9.004473895402043e-07,0
6727,-0.28595247955843206,0
6728,-9.004473895402043e-07,0
6729,-9.004473895402043e-07,0
6730,-9.004473895402043e-07,0
6731,-9.004473895402043e-07,0
6732,-0.2969904763475597,0
6733,-9.004473895402043e-07,0
6734,-9.004473895402043e-07,0
6735,-9.004473895402043e-07,0
6736,-9.004473895402043e-07,0
6737,-0.3270491495420629,0
6738,-9.004473895402043e-07,0
6739,-9.004473895402043e-07,0
6740,-9.004473895402043e-07,0
6741,-9.004473895402043e-07,0
6742,2.023100009942368,1
6743,-9.004473895402043e-07,0
6744,-9.004473895402043e-07,0
6745,-9.004473895402043e-07,0
6746,-9.004473895402043e-07,0
6747,-0.3444517944044492,0
6748,-9.004473895402043e-07,0
6749,-9.004473895402043e-07,0
6750,-9.004473895402043e-07,0
6751,-9.004473895402043e-07,0
6752,-0.35436697993998223,0
6753,-9.004473895402043e-07,0
6754,-9.004473895402043e-07,0
6755,-9.004473895402043e-07,0
6756,-9.004473895402043e-07,0
6757,-0.18258261736139048,0
6758,-9.004473895402043e-07,0
6759,-9.004473895402043e-07,0
6760,-9.004473895402043e-07,0
6761,-9.004473895402043e-07,0
6762,3.564825044290501,1
6763,-9.004473895402043e-07,0
6764,-9.004473895402043e-07,0
6765,-9.004473895402043e-07,0
6766,-9.004473895402043e-07,0
6767,-0.26329453881032805,0
6768,-9.004473895402043e-07,0
6769,-9.004473895402043e-07,0
6770,-9.004473895402043e-07,0
6771,-9.004473895402043e-07,0
6772,-9.004473895402043e-07,0
6773,-9.004473895402043e-07,0
6774,-0.2719310261746841,0
6775,-0.2610793377277787,0
6776,0.33405060192308156,1
6777,-0.0042875259291577095,0
6778,-0.23504004994526895,0
6779,-9.004473895402043e-07,0
6780,-9.004473895402043e-07,0
6781,-9.004473895402043e-07,0
6782,-0.10665403531425,0
6783,0.43301798048833007,1
6784,-0.3567941695417858,0
6785,-0.12430074745736874,0
6786,-0.35358912951221555,0
6787,-9.004473895402043e-07,0
6788,-0.28595247955843206,0
6789,-9.004473895402043e-07,0
6790,-0.28595247955843206,0
6791,-9.004473895402043e-07,0
6792,-0.1795647569125549,0
6793,-9.004473895402043e-07,0
6794,-0.3381927468411732,0
6795,-9.004473895402043e-07,0
6796,-9.004473895402043e-07,0
6797,-9.004473895402043e-07,0
6798,-0.24728085102719888,0
6799,-9.004473895402043e-07,0
6800,-0.06548083100881286,0
6801,-0.016992107790770206,0
6802,-0.28209942319654147,0
6803,-9.004473895402043e-07,0
6804,-9.004473895402043e-07,0
6805,-9.004473895402043e-07,0
6806,-0.27604189565511206,0
6807,-9.004473895402043e-07,0
6808,-9.004473895402043e-07,0
6809,-9.004473895402043e-07,0
6810,-0.26764724925828887,0
6811,-9.004473895402043e-07,0
6812,-0.0042875259291577095,0
6813,-9.004473895402043e-07,0
6814,-0.3148049806684412,0
6815,-0.0042875259291577095,0
6816,-9.004473895402043e-07,0
6817,-9.004473895402043e-07,0
6818,-0.23750304684256207,0
6819,-9.004473895402043e-07,0
6820,-0.35436697993998223,0
6821,-9.004473895402043e-07,0
6822,-9.004473895402043e-07,0
6823,-0.0042875259291577095,0
6824,-0.2588382397771056,0
6825,-0.1915179248937875,0
6826,-0.3511910817419448,0
6827,-9.004473895402043e-07,0
6828,-9.004473895402043e-07,0
6829,-0.28595247955843206,0
6830,-9.004473895402043e-07,0
6831,-9.004473895402043e-07,0
6832,-0.28595247955843206,0
6833,-9.004473895402043e-07,0
6834,-9.004473895402043e-07,0
6835,-0.2718963689217162,0
6836,-9.004473895402043e-07,0
6837,-9.004473895402043e-07,0
6838,-0.33068678706626997,0
6839,-0.08832728957327163,0
6840,-0.3038610389438645,0
6841,-9.004473895402043e-07,0
6842,-0.3070960199777346,0
6843,-9.004473895402043e-07,0
6844,-9.004473895402043e-07,0
6845,-9.004473895402043e-07,0
6846,-0.28595247955843206,0
6847,-9.004473895402043e-07,0
6848,-9.004473895402043e-07,0
6849,-9.004473895402043e-07,0
6850,-0.35436697993998223,0
6851,-0.21137473892724756,0
6852,-9.004473895402043e-07,0
6853,-9.004473895402043e-07,0
6854,-0.28595247955843206,0
6855,-9.004473895402043e-07,0
6856,-9.004473895402043e-07,0
6857,2.6461173142132566,1
6858,-0.0042875259291577095,0
6859,-0.31911951223264623,0
6860,-9.004473895402043e-07,0
6861,-9.004473895402043e-07,0
6862,-9.004473895402043e-07,0
6863,-0.0042875259291577095,0
6864,-9.004473895402043e-07,0
6865,-9.004473895402043e-07,0
6866,-9.004473895402043e-07,0
6867,0.3521034290273519,1
6868,-9.004473895402043e-07,0
6869,-9.004473895402043e-07,0
6870,-9.004473895402043e-07,0
6871,-9.004473895402043e-07,0
6872,-9.004473895402043e-07,0
6873,-9.004473895402043e-07,0
6874,-9.004473895402043e-07,0
6875,-0.22992521446042247,0
6876,-9.004473895402043e-07,0
6877,-9.004473895402043e-07,0
6878,-9.004473895402043e-07,0
6879,-9.004473895402043e-07,0
6880,-9.004473895402043e-07,0
6881,-9.004473895402043e-07,0
6882,-9.004473895402043e-07,0
6883,-0.0042875259291577095,0
6884,-9.004473895402043e-07,0
6885,-9.004473895402043e-07,0
6886,-9.004473895402043e-07,0
6887,-0.35064531009743405,0
6888,-9.004473895402043e-07,0
6889,-9.004473895402043e-07,0
6890,-9.004473895402043e-07,0
6891,-9.004473895402043e-07,0
6892,-9.004473895402043e-07,0
6893,-9.004473895402043e-07,0
6894,-9.004473895402043e-07,0
6895,-9.004473895402043e-07,0
6896,-0.15448997763223815,0
6897,-9.004473895402043e-07,0
6898,-9.004473895402043e-07,0
6899,-9.004473895402043e-07,0
6900,-9.004473895402043e-07,0
6901,-9.004473895402043e-07,0
6902,-9.004473895402043e-07,0
6903,-9.004473895402043e-07,0
6904,-9.004473895402043e-07,0
6905,-0.3543744054347826,0
6906,-9.004473895402043e-07,0
6907,-0.0042875259291577095,0
6908,-0.22215167441913763,0
6909,-9.004473895402043e-07,0
6910,-9.004473895402043e-07,0
6911,-9.004473895402043e-07,0
6912,-9.004473895402043e-07,0
6913,-9.004473895402043e-07,0
6914,-9.004473895402043e-07,0
6915,-9.004473895402043e-07,0
6916,-9.004473895402043e-07,0
6917,0.03523181687910437,1
6918,-9.004473895402043e-07,0
6919,-9.004473895402043e-07,0
6920,-9.004473895402043e-07,0
6921,-9.004473895402043e-07,0
6922,-9.004473895402043e-07,0
6923,-9.004473895402043e-07,0
6924,-9.004473895402043e-07,0
6925,-9.004473895402043e-07,0
6926,-9.004473895402043e-07,0
6927,-9.004473895402043e-07,0
6928,-9.004473895402043e-07,0
6929,1.192216354062566,1
6930,-9.004473895402043e-07,0
6931,-9.004473895402043e-07,0
6932,-9.004473895402043e-07,0
6933,-0.0042875259291577095,0
6934,-9.004473895402043e-07,0
6935,-9.004473895402043e-07,0
6936,-9.004473895402043e-07,0
6937,-9.004473895402043e-07,0
6938,-9.004473895402043e-07,0
6939,-9.004473895402043e-07,0
6940,-9.004473895402043e-07,0
6941,-0.31483240987734007,0
6942,-9.004473895402043e-07,0
6943,-9.004473895402043e-07,0
6944,-9.004473895402043e-07,0
6945,-9.004473895402043e-07,0
6946,-9.004473895402043e-07,0
6947,-9.004473895402043e-07,0
6948,-9.004473895402043e-07,0
6949,-9.004473895402043e-07,0
6950,-0.29158803144332524,0
6951,-9.004473895402043e-07,0
6952,-9.004473895402043e-07,0
6953,-9.004473895402043e-07,0
6954,-9.004473895402043e-07,0
6955,-9.004473895402043e-07,0
6956,-9.004473895402043e-07,0
6957,-9.004473895402043e-07,0
6958,-0.0042875259291577095,0
6959,-9.004473895402043e-07,0
6960,-9.004473895402043e-07,0
6961,-9.004473895402043e-07,0
6962,-0.28206594435084753,0
6963,-9.004473895402043e-07,0
6964,-9.004473895402043e-07,0
6965,-9.004473895402043e-07,0
6966,-9.004473895402043e-07,0
6967,-9.004473895402043e-07,0
6968,-9.004473895402043e-07,0
6969,-9.004473895402043e-07,0
6970,-9.004473895402043e-07,0
6971,-0.2952155625513342,0
6972,-9.004473895402043e-07,0
6973,-9.004473895402043e-07,0
6974,-9.004473895402043e-07,0
6975,-9.004473895402043e-07,0
6976,-9.004473895402043e-07,0
6977,-9.004473895402043e-07,0
6978,-9.004473895402043e-07,0
6979,-9.004473895402043e-07,0
6980,-9.004473895402043e-07,0
6981,-0.35358912951221555,0
6982,-0.20298277837412115,0
6983,-0.20018338835075156,0
6984,-9.004473895402043e-07,0
6985,-9.004473895402043e-07,0
6986,-9.004473895402043e-07,0
6987,-9.004473895402043e-07,0
6988,-9.004473895402043e-07,0
6989,-9.004473895402043e-07,0
6990,-9.004473895402043e-07,0
6991,-9.004473895402043e-07,0
6992,-9.004473895402043e-07,0
6993,-9.004473895402043e-07,0
6994,-0.28206594435084753,0
6995,-9.004473895402043e-07,0
6996,-9.004473895402043e-07,0
6997,-9.004473895402043e-07,0
6998,-9.004473895402043e-07,0
6999,-9.004473895402043e-07,0
7000,-9.004473895402043e-07,0
7001,-9.004473895402043e-07,0
7002,-9.004473895402043e-07,0
7003,-0.2167776384675335,0
7004,-0.06548083100881286,0
7005,-9.004473895402043e-07,0
7006,-0.205830864564291,0
7007,-9.004473895402043e-07,0
7008,-9.004473895402043e-07,0
7009,-9.004473895402043e-07,0
7010,-0.0042875259291577095,0
7011,-9.004473895402043e-07,0
7012,-9.004473895402043e-07,0
7013,-9.004473895402043e-07,0
7014,-0.0042875259291577095,0
7015,-0.32950809457167907,0
7016,-9.004473895402043e-07,0
7017,-9.004473895402043e-07,0
7018,-9.004473895402043e-07,0
7019,-9.004473895402043e-07,0
7020,-9.004473895402043e-07,0
7021,-9.004473895402043e-07,0
7022,-9.004473895402043e-07,0
7023,-9.004473895402043e-07,0
7024,-0.3511910817419448,0
7025,-9.004473895402043e-07,0
7026,-9.004473895402043e-07,0
7027,-9.004473895402043e-07,0
7028,-0.0042875259291577095,0
7029,-9.004473895402043e-07,0
7030,-9.004473895402043e-07,0
7031,-9.004473895402043e-07,0
7032,-9.004473895402043e-07,0
7033,-9.004473895402043e-07,0
7034,-9.004473895402043e-07,0
7035,-9.004473895402043e-07,0
7036,-0.21407044785473772,0
7037,-9.004473895402043e-07,0
7038,-9.004473895402043e-07,0
7039,-9.004473895402043e-07,0
7040,-9.004473895402043e-07,0
7041,-9.004473895402043e-07,0
7042,-9.004473895402043e-07,0
7043,-9.004473895402043e-07,0
7044,-9.004473895402043e-07,0
7045,-9.004473895402043e-07,0
7046,-0.0042875259291577095,0
7047,-0.16408715920147188,0
7048,-9.004473895402043e-07,0
7049,-9.004473895402043e-07,0
7050,-9.004473895402043e-07,0
7051,-0.3102573142299434,0
7052,-9.004473895402043e-07,0
7053,-9.004473895402043e-07,0
7054,-9.004473895402043e-07,0
7055,-9.004473895402043e-07,0
7056,-9.004473895402043e-07,0
7057,-9.004473895402043e-07,0
7058,-9.004473895402043e-07,0
7059,-9.004473895402043e-07,0
7060,-0.2969904763475597,0
7061,-9.004473895402043e-07,0
7062,-9.004473895402043e-07,0
7063,-9.004473895402043e-07,0
7064,-9.004473895402043e-07,0
7065,-9.004473895402043e-07,0
7066,-9.004473895402043e-07,0
7067,-9.004473895402043e-07,0
7068,-9.004473895402043e-07,0
7069,-9.004473895402043e-07,0
7070,-9.004473895402043e-07,0
7071,-9.004473895402043e-07,0
7072,-0.3218663445927632,0
7073,-9.004473895402043e-07,0
7074,-9.004473895402043e-07,0
7075,-9.004473895402043e-07,0
7076,-9.004473895402043e-07,0
7077,-9.004473895402043e-07,0
7078,-9.004473895402043e-07,0
7079,-9.004473895402043e-07,0
7080,-9.004473895402043e-07,0
7081,-0.3340461858750814,0
7082,-9.004473895402043e-07,0
7083,-9.004473895402043e-07,0
7084,-9.004473895402043e-07,0
7085,-9.004473895402043e-07,0
7086,-9.004473895402043e-07,0
7087,-9.004473895402043e-07,0
7088,-9.004473895402043e-07,0
7089,-9.004473895402043e-07,0
7090,-0.21137473892724756,0
7091,-9.004473895402043e-07,0
7092,-9.004473895402043e-07,0
7093,-0.35436697993998223,0
7094,-9.004473895402043e-07,0
7095,-9.004473895402043e-07,0
7096,-9.004473895402043e-07,0
7097,-9.004473895402043e-07,0
7098,-9.004473895402043e-07,0
7099,-9.004473895402043e-07,0
7100,-9.004473895402043e-07,0
7101,-9.004473895402043e-07,0
7102,-9.004473895402043e-07,0
7103,-0.28595247955843206,0
7104,-9.004473895402043e-07,0
7105,-9.004473895402043e-07,0
7106,-9.004473895402043e-07,0
7107,-9.004473895402043e-07,0
7108,-9.004473895402043e-07,0
7109,-9.004473895402043e-07,0
7110,-9.004473895402043e-07,0
7111,-9.004473895402043e-07,0
7112,0.058083470642145585,1
7113,-9.004473895402043e-07,0
7114,-9.004473895402043e-07,0
7115,-9.004473895402043e-07,0
7116,-9.004473895402043e-07,0
7117,-0.008548269249445184,0
7118,-9.004473895402043e-07,0
7119,-9.004473895402043e-07,0
7120,-9.004473895402043e-07,0
7121,-0.0042875259291577095,0
7122,-0.15127415798031052,0
7123,-0.319145787451248,0
7124,-9.004473895402043e-07,0
7125,-9.004473895402043e-07,0
7126,-9.004473895402043e-07,0
7127,-0.0042875259291577095,0
7128,-9.004473895402043e-07,0
7129,-9.004473895402043e-07,0
7130,-9.004473895402043e-07,0
7131,-9.004473895402043e-07,0
7132,-0.008548269249445184,0
7133,-0.26764724925828887,0
7134,-0.3340461858750814,0
7135,-9.004473895402043e-07,0
7136,-9.004473895402043e-07,0
7137,-9.004473895402043e-07,0
7138,-9.004473895402043e-07,0
7139,-9.004473895402043e-07,0
7140,-9.004473895402043e-07,0
7141,-9.004473895402043e-07,0
7142,-9.004473895402043e-07,0
7143,-9.004473895402043e-07,0
7144,-9.004473895402043e-07,0
7145,-0.28595247955843206,0
7146,-9.004473895402043e-07,0
7147,-9.004473895402043e-07,0
7148,-9.004473895402043e-07,0
7149,-9.004473895402043e-07,0
7150,-9.004473895402043e-07,0
7151,-9.004473895402043e-07,0
7152,-9.004473895402043e-07,0
7153,-9.004473895402043e-07,0
7154,-9.004473895402043e-07,0
7155,-9.004473895402043e-07,0
7156,-0.28595247955843206,0
7157,-9.004473895402043e-07,0
7158,-9.004473895402043e-07,0
7159,-9.004473895402043e-07,0
7160,-9.004473895402043e-07,0
7161,-0.0042875259291577095,0
7162,-9.004473895402043e-07,0
7163,-9.004473895402043e-07,0
7164,-9.004473895402043e-07,0
7165,-0.28785689722042207,0
7166,-9.004473895402043e-07,0
7167,-9.004473895402043e-07,0
7168,-9.004473895402043e-07,0
7169,-9.004473895402043e-07,0
7170,-9.004473895402043e-07,0
7171,-9.004473895402043e-07,0
7172,-9.004473895402043e-07,0
7173,-9.004473895402043e-07,0
7174,-0.3205317607288407,0
7175,-0.0042875259291577095,0
7176,-0.3511910817419448,0
7177,-9.004473895402043e-07,0
7178,-9.004473895402043e-07,0
7179,-9.004473895402043e-07,0
7180,-9.004473895402043e-07,0
7181,-9.004473895402043e-07,0
7182,-9.004473895402043e-07,0
7183,-9.004473895402043e-07,0
7184,-0.0042875259291577095,0
7185,-9.004473895402043e-07,0
7186,-9.004473895402043e-07,0
7187,-0.35504119002371226,0
7188,-9.004473895402043e-07,0
7189,-0.08832728957327163,0
7190,-9.004473895402043e-07,0
7191,-9.004473895402043e-07,0
7192,-9.004473895402043e-07,0
7193,-0.298739488656679,0
7194,-0.021175202246240588,0
7195,-9.004473895402043e-07,0
7196,-9.004473895402043e-07,0
7197,-9.004473895402043e-07,0
7198,-9.004473895402043e-07,0
7199,-9.004473895402043e-07,0
7200,-9.004473895402043e-07,0
7201,-9.004473895402043e-07,0
7202,-9.004473895402043e-07,0
7203,-9.004473895402043e-07,0
7204,-0.16091398316802952,0
7205,-9.004473895402043e-07,0
7206,-9.004473895402043e-07,0
7207,-9.004473895402043e-07,0
7208,-9.004473895402043e-07,0
7209,-9.004473895402043e-07,0
7210,-9.004473895402043e-07,0
7211,-9.004473895402043e-07,0
7212,-9.004473895402043e-07,0
7213,-0.3282800872493681,0
7214,-9.004473895402043e-07,0
7215,-0.021175202246240588,0
7216,-9.004473895402043e-07,0
7217,-9.004473895402043e-07,0
7218,-9.004473895402043e-07,0
7219,-9.004473895402043e-07,0
7220,-9.004473895402043e-07,0
7221,-9.004473895402043e-07,0
7222,-9.004473895402043e-07,0
7223,-9.004473895402043e-07,0
7224,-0.3474584150668534,0
7225,-9.004473895402043e-07,0
7226,-9.004473895402043e-07,0
7227,-9.004473895402043e-07,0
7228,-9.004473895402043e-07,0
7229,-9.004473895402043e-07,0
7230,-9.004473895402043e-07,0
7231,-9.004473895402043e-07,0
7232,-9.004473895402043e-07,0
7233,-9.004473895402043e-07,0
7234,-9.004473895402043e-07,0
7235,-0.1795647569125549,0
7236,-9.004473895402043e-07,0
7237,-9.004473895402043e-07,0
7238,-9.004473895402043e-07,0
7239,-9.004473895402043e-07,0
7240,-9.004473895402043e-07,0
7241,-9.004473895402043e-07,0
7242,-9.004473895402043e-07,0
7243,-9.004473895402043e-07,0
7244,-9.004473895402043e-07,0
7245,-9.004473895402043e-07,0
7246,-0.3294851192021042,0
7247,-9.004473895402043e-07,0
7248,-9.004473895402043e-07,0
7249,-9.004473895402043e-07,0
7250,-9.004473895402043e-07,0
7251,-9.004473895402043e-07,0
7252,-9.004473895402043e-07,0
7253,-9.004473895402043e-07,0
7254,-0.21137473892724756,0
7255,-9.004473895402043e-07,0
7256,-9.004473895402043e-07,0
7257,-0.0042875259291577095,0
7258,-0.3568967467690527,0
7259,-9.004473895402043e-07,0
7260,-9.004473895402043e-07,0
7261,-9.004473895402043e-07,0
7262,-9.004473895402043e-07,0
7263,-9.004473895402043e-07,0
7264,-9.004473895402043e-07,0
7265,-9.004473895402043e-07,0
7266,-0.0042875259291577095,0
7267,-9.004473895402043e-07,0
7268,-9.004473895402043e-07,0
7269,-9.004473895402043e-07,0
7270,-0.2718963689217162,0
7271,-9.004473895402043e-07,0
7272,-9.004473895402043e-07,0
7273,-9.004473895402043e-07,0
7274,-0.0042875259291577095,0
7275,-9.004473895402043e-07,0
7276,-9.004473895402043e-07,0
7277,-9.004473895402043e-07,0
7278,-9.004473895402043e-07,0
7279,-9.004473895402043e-07,0
7280,-9.004473895402043e-07,0
7281,-9.004473895402043e-07,0
7282,-0.2934147474909423,0
7283,-9.004473895402043e-07,0
7284,-9.004473895402043e-07,0
7285,-9.004473895402043e-07,0
7286,-0.008548269249445184,0
7287,-9.004473895402043e-07,0
7288,-0.0042875259291577095,0
7289,-9.004473895402043e-07,0
7290,745.5558042810037,1
7291,-0.34945392180441104,0
7292,-0.2878895801057979,0
7293,-0.0042875259291577095,0
7294,-0.35399100972404085,0
7295,-0.0042875259291577095,0
7296,-0.12084938512259669,0
7297,0.8869170402726922,1
7298,-0.13797700322504625,0
7299,-0.0042875259291577095,0
7300,-0.2542783544275835,0
7301,-0.02946373955353465,0
7302,-0.3474584150668534,0
7303,-0.3444517944044492,0
7304,-0.041702410762582076,0
7305,-9.004473895402043e-07,0
7306,-9.004473895402043e-07,0
7307,-0.10665403531425,0
7308,-0.2543144850974386,0
7309,-0.1944323122646665,0
7310,0.6079344864300538,1
7311,-0.2969904763475597,0
7312,-0.22211434524228935,0
7313,-0.2588382397771056,0
7314,-0.200146135930936,0
7315,-0.35658741414044925,0
7316,-0.21407044785473772,0
7317,-0.33617128021899134,0
7318,-9.004473895402043e-07,0
7319,-0.3102858478420103,0
7320,-0.3436519141021108,0
7321,-9.004473895402043e-07,0
7322,-0.21137473892724756,0
7323,-9.004473895402043e-07,0
7324,-9.004473895402043e-07,0
7325,-9.004473895402043e-07,0
7326,-0.22211434524228935,0
7327,-0.35399100972404085,0
7328,-9.004473895402043e-07,0
7329,-9.004473895402043e-07,0
7330,-9.004473895402043e-07,0
7331,-9.004473895402043e-07,0
7332,-9.004473895402043e-07,0
7333,-0.32450955751426136,0
7334,-9.004473895402043e-07,0
7335,-9.004473895402043e-07,0
7336,-9.004473895402043e-07,0
7337,-9.004473895402043e-07,0
7338,-9.004473895402043e-07,0
7339,-0.21133736619526644,0
7340,-9.004473895402043e-07,0
7341,-9.004473895402043e-07,0
7342,-9.004473895402043e-07,0
7343,-9.004473895402043e-07,0
7344,-9.004473895402043e-07,0
7345,0.9110838059023081,1
7346,-9.004473895402043e-07,0
7347,-9.004473895402043e-07,0
7348,-9.004473895402043e-07,0
7349,-9.004473895402043e-07,0
7350,-0.0042875259291577095,0
7351,0.021831160527199245,1
7352,-9.004473895402043e-07,0
7353,-9.004473895402043e-07,0
7354,-9.004473895402043e-07,0
7355,-9.004473895402043e-07,0
7356,-0.3553394297344994,0
7357,-9.004473895402043e-07,0
7358,-9.004473895402043e-07,0
7359,-9.004473895402043e-07,0
7360,-9.004473895402043e-07,0
7361,-9.004473895402043e-07,0
7362,-0.3511910817419448,0
7363,-9.004473895402043e-07,0
7364,-9.004473895402043e-07,0
7365,-9.004473895402043e-07,0
7366,-9.004473895402043e-07,0
7367,-9.004473895402043e-07,0
7368,-0.28595247955843206,0
7369,-9.004473895402043e-07,0
7370,-9.004473895402043e-07,0
7371,-9.004473895402043e-07,0
7372,-9.004473895402043e-07,0
7373,-9.004473895402043e-07,0
7374,-0.26978475807777613,0
7375,-9.004473895402043e-07,0
7376,-9.004473895402043e-07,0
7377,-9.004473895402043e-07,0
7378,-9.004473895402043e-07,0
7379,-9.004473895402043e-07,0
7380,-0.28206594435084753,0
7381,-9.004473895402043e-07,0
7382,-9.004473895402043e-07,0
7383,-9.004473895402043e-07,0
7384,-9.004473895402043e-07,0
7385,-0.2247438607762433,0
7386,-9.004473895402043e-07,0
7387,-9.004473895402043e-07,0
7388,-9.004473895402043e-07,0
7389,-9.004473895402043e-07,0
7390,-0.3547170400710229,0
7391,-9.004473895402043e-07,0
7392,-9.004473895402043e-07,0
7393,-9.004473895402043e-07,0
7394,-0.008548269249445184,0
7395,-0.27807581099943945,0
7396,-9.004473895402043e-07,0
7397,-9.004473895402043e-07,0
7398,-9.004473895402043e-07,0
7399,-9.004473895402043e-07,0
7400,-0.16091398316802952,0
7401,-9.004473895402043e-07,0
7402,-9.004473895402043e-07,0
7403,-9.004473895402043e-07,0
7404,-9.004473895402043e-07,0
7405,-0.30868961861563093,0
7406,-9.004473895402043e-07,0
7407,-9.004473895402043e-07,0
7408,-9.004473895402043e-07,0
7409,-0.0042875259291577095,0
7410,-0.29158803144332524,0
7411,-9.004473895402043e-07,0
7412,-9.004473895402043e-07,0
7413,-9.004473895402043e-07,0
7414,-9.004473895402043e-07,0
7415,-0.31770723925899347,0
7416,-9.004473895402043e-07,0
7417,-9.004473895402043e-07,0
7418,-9.004473895402043e-07,0
7419,-9.004473895402043e-07,0
7420,-0.3452423122479331,0
7421,-9.004473895402043e-07,0
7422,-9.004473895402043e-07,0
7423,-9.004473895402043e-07,0
7424,-9.004473895402043e-07,0
7425,-0.025313008367788825,0
7426,-9.004473895402043e-07,0
7427,-9.004473895402043e-07,0
7428,-9.004473895402043e-07,0
7429,-9.004473895402043e-07,0
7430,-0.2952155625513342,0
7431,-9.004473895402043e-07,0
7432,-9.004473895402043e-07,0
7433,-9.004473895402043e-07,0
7434,-0.0042875259291577095,0
7435,0.5591255113307625,1
7436,-9.004473895402043e-07,0
7437,-9.004473895402043e-07,0
7438,-9.004473895402043e-07,0
7439,-0.0042875259291577095,0
7440,1.4721094761869153,1
7441,-9.004473895402043e-07,0
7442,-9.004473895402043e-07,0
7443,-9.004473895402043e-07,0
7444,-9.004473895402043e-07,0
7445,-0.3148049806684412,0
7446,-9.004473895402043e-07,0
7447,-9.004473895402043e-07,0
7448,-9.004473895402043e-07,0
7449,-9.004473895402043e-07,0
7450,-0.23500299620945952,0
7451,-9.004473895402043e-07,0
7452,-9.004473895402043e-07,0
7453,-9.004473895402043e-07,0
7454,-9.004473895402043e-07,0
7455,0.044294897009194756,1
7456,-9.004473895402043e-07,0
7457,-9.004473895402043e-07,0
7458,-9.004473895402043e-07,0
7459,-9.004473895402043e-07,0
7460,-0.25887405176649736,0
7461,-9.004473895402043e-07,0
7462,-9.004473895402043e-07,0
7463,-9.004473895402043e-07,0
7464,-9.004473895402043e-07,0
7465,-0.2969904763475597,0
7466,-9.004473895402043e-07,0
7467,-9.004473895402043e-07,0
7468,-9.004473895402043e-07,0
7469,-9.004473895402043e-07,0
7470,-0.3070960199777346,0
7471,-0.0042875259291577095,0
7472,-9.004473895402043e-07,0
7473,-9.004473895402043e-07,0
7474,-9.004473895402043e-07,0
7475,-0.3306642452110964,0
7476,-0.0042875259291577095,0
7477,-9.004473895402043e-07,0
7478,-9.004473895402043e-07,0
7479,-9.004473895402043e-07,0
7480,-0.09204441993267665,0
7481,-9.004473895402043e-07,0
7482,-9.004473895402043e-07,0
7483,-9.004473895402043e-07,0
7484,-0.06932707116163783,0
7485,-9.004473895402043e-07,0
7486,-9.004473895402043e-07,0
7487,-9.004473895402043e-07,0
7488,-9.004473895402043e-07,0
7489,-0.34814529870857314,0
7490,-9.004473895402043e-07,0
7491,-9.004473895402043e-07,0
7492,-9.004473895402043e-07,0
7493,-0.0042875259291577095,0
7494,-0.2542783544275835,0
7495,-9.004473895402043e-07,0
7496,-9.004473895402043e-07,0
7497,-9.004473895402043e-07,0
7498,-0.28595247955843206,0
7499,-9.004473895402043e-07,0
7500,-9.004473895402043e-07,0
7501,-9.004473895402043e-07,0
7502,-9.004473895402043e-07,0
7503,-0.3038311144010777,0
7504,-9.004473895402043e-07,0
7505,-9.004473895402043e-07,0
7506,-9.004473895402043e-07,0
7507,-9.004473895402043e-07,0
7508,-0.2588382397771056,0
7509,-9.004473895402043e-07,0
7510,-9.004473895402043e-07,0
7511,-9.004473895402043e-07,0
7512,-0.0042875259291577095,0
7513,-0.311799106579997,0
7514,-9.004473895402043e-07,0
7515,-9.004473895402043e-07,0
7516,-9.004473895402043e-07,0
7517,-0.0042875259291577095,0
7518,-0.3270491495420629,0
7519,-0.06935329575094329,0
7520,-9.004473895402043e-07,0
7521,-9.004473895402043e-07,0
7522,-9.004473895402043e-07,0
7523,-0.3148049806684412,0
7524,-9.004473895402043e-07,0
7525,-9.004473895402043e-07,0
7526,-9.004473895402043e-07,0
7527,-9.004473895402043e-07,0
7528,-0.28595247955843206,0
7529,-9.004473895402043e-07,0
7530,-9.004473895402043e-07,0
7531,-9.004473895402043e-07,0
7532,-0.3282800872493681,0
7533,-9.004473895402043e-07,0
7534,-9.004473895402043e-07,0
7535,-9.004473895402043e-07,0
7536,-9.004473895402043e-07,0
7537,-0.2247438607762433,0
7538,-9.004473895402043e-07,0
7539,-9.004473895402043e-07,0
7540,-9.004473895402043e-07,0
7541,-0.0042875259291577095,0
7542,-0.21949629279038163,0
7543,-9.004473895402043e-07,0
7544,-9.004473895402043e-07,0
7545,-9.004473895402043e-07,0
7546,-0.33916461938247267,0
7547,-9.004473895402043e-07,0
7548,-9.004473895402043e-07,0
7549,-9.004473895402043e-07,0
7550,-9.004473895402043e-07,0
7551,-0.15448997763223815,0
7552,-9.004473895402043e-07,0
7553,-9.004473895402043e-07,0
7554,-9.004473895402043e-07,0
7555,-9.004473895402043e-07,0
7556,-0.29158803144332524,0
7557,-9.004473895402043e-07,0
7558,-9.004473895402043e-07,0
7559,-9.004473895402043e-07,0
7560,-9.004473895402043e-07,0
7561,-0.28402216184952067,0
7562,-9.004473895402043e-07,0
7563,-9.004473895402043e-07,0
7564,-9.004473895402043e-07,0
7565,-9.004473895402043e-07,0
7566,-0.34192479207183624,0
7567,-0.3283034916747738,0
7568,-9.004473895402043e-07,0
7569,-9.004473895402043e-07,0
7570,-9.004473895402043e-07,0
7571,-0.0042875259291577095,0
7572,-0.3071252610399142,0
7573,-9.004473895402043e-07,0
7574,-9.004473895402043e-07,0
7575,-9.004473895402043e-07,0
7576,-9.004473895402043e-07,0
7577,-0.3038311144010777,0
7578,-9.004473895402043e-07,0
7579,-9.004473895402043e-07,0
7580,-9.004473895402043e-07,0
7581,-9.004473895402043e-07,0
7582,-0.34674562269231046,0
7583,-9.004473895402043e-07,0
7584,-9.004473895402043e-07,0
7585,-9.004473895402043e-07,0
7586,-0.0042875259291577095,0
7587,-0.04168031661663463,0
7588,-9.004473895402043e-07,0
7589,-9.004473895402043e-07,0
7590,-9.004473895402043e-07,0
7591,-9.004473895402043e-07,0
7592,-0.35689728030183687,0
7593,-9.004473895402043e-07,0
7594,-9.004473895402043e-07,0
7595,-9.004473895402043e-07,0
7596,-9.004473895402043e-07,0
7597,-0.22211434524228935,0
7598,-9.004473895402043e-07,0
7599,-9.004473895402043e-07,0
7600,-9.004473895402043e-07,0
7601,-9.004473895402043e-07,0
7602,-0.18854067624249637,0
7603,-9.004473895402043e-07,0
7604,-9.004473895402043e-07,0
7605,-9.004473895402043e-07,0
7606,-0.0042875259291577095,0
7607,-0.07699328654757664,0
7608,-9.004473895402043e-07,0
7609,-9.004473895402043e-07,0
7610,-9.004473895402043e-07,0
7611,-9.004473895402043e-07,0
7612,-0.10300996429987208,0
7613,-0.21137473892724756,0
7614,-9.004473895402043e-07,0
7615,-9.004473895402043e-07,0
7616,-9.004473895402043e-07,0
7617,-0.09940100950097985,0
7618,-9.004473895402043e-07,0
7619,-9.004473895402043e-07,0
7620,-9.004473895402043e-07,0
7621,0.24727356758285168,1
7622,-9.004473895402043e-07,0
7623,-9.004473895402043e-07,0
7624,-9.004473895402043e-07,0
7625,-0.021175202246240588,0
7626,-0.29702169285815216,0
7627,-0.3102858478420103,0
7628,-9.004473895402043e-07,0
7629,-9.004473895402043e-07,0
7630,-9.004473895402043e-07,0
7631,-0.33821213784540305,0
7632,-9.004473895402043e-07,0
7633,-9.004473895402043e-07,0
7634,-9.004473895402043e-07,0
7635,-9.004473895402043e-07,0
7636,-0.23500299620945952,0
7637,-9.004473895402043e-07,0
7638,-9.004473895402043e-07,0
7639,-9.004473895402043e-07,0
7640,-9.004473895402043e-07,0
7641,-0.28976781793289774,0
7642,-9.004473895402043e-07,0
7643,-9.004473895402043e-07,0
7644,-9.004473895402043e-07,0
7645,-0.2840553825885763,0
7646,-9.004473895402043e-07,0
7647,-9.004473895402043e-07,0
7648,-9.004473895402043e-07,0
7649,-0.0253324129585053,0
7650,-0.3021598079153591,0
7651,-9.004473895402043e-07,0
7652,-9.004473895402043e-07,0
7653,-0.35534527734887433,0
7654,-9.004473895402043e-07,0
7655,-0.0042875259291577095,0
7656,-0.10300996429987208,0
7657,-9.004473895402043e-07,0
7658,-9.004473895402043e-07,0
7659,-0.3021900649592908,0
7660,-9.004473895402043e-07,0
7661,-9.004473895402043e-07,0
7662,-0.3460220017914253,0
7663,-0.356857613513057,0
7664,-9.004473895402043e-07,0
7665,-0.0042875259291577095,0
7666,-0.35561707850001767,0
7667,-9.004473895402043e-07,0
7668,-0.10665403531425,0
7669,-0.2610793377277787,0
7670,-9.004473895402043e-07,0
7671,-0.0042875259291577095,0
7672,-0.30868961861563093,0
7673,-9.004473895402043e-07,0
7674,-9.004473895402043e-07,0
7675,-0.2934147474909423,0
7676,-9.004473895402043e-07,0
7677,-9.004473895402043e-07,0
7678,0.7392469723736212,1
7679,-9.004473895402043e-07,0
7680,-0.1856114527996624,0
7681,-9.004473895402043e-07,0
7682,-9.004473895402043e-07,0
7683,-0.35005049600977145,0
7684,-0.17655750513813473,0
7685,-9.004473895402043e-07,0
7686,-0.34814529870857314,0
7687,-9.004473895402043e-07,0
7688,-0.1277917039658405,0
7689,-0.311799106579997,0
7690,-9.004473895402043e-07,0
7691,-9.004473895402043e-07,0
7692,-0.33512168644324447,0
7693,-9.004473895402043e-07,0
7694,-9.004473895402043e-07,0
7695,-0.18258261736139048,0
7696,-0.11733938621227935,0
7697,-9.004473895402043e-07,0
7698,-0.34600692171147784,0
7699,-9.004473895402043e-07,0
7700,744.9820888386905,1
7701,-0.3102858478420103,0
7702,-0.3038311144010777,0
7703,-9.004473895402043e-07,0
7704,-0.0042875259291577095,0
7705,-9.004473895402043e-07,0
7706,-9.004473895402043e-07,0
7707,-9.004473895402043e-07,0
7708,-0.35607868655756647,0
7709,-9.004473895402043e-07,0
7710,-9.004473895402043e-07,0
7711,-9.004473895402043e-07,0
7712,-9.004473895402043e-07,0
7713,-9.004473895402043e-07,0
7714,-9.004473895402043e-07,0
7715,-0.35504119002371226,0
7716,-9.004473895402043e-07,0
7717,-9.004473895402043e-07,0
7718,-9.004473895402043e-07,0
7719,-9.004473895402043e-07,0
7720,-9.004473895402043e-07,0
7721,-9.004473895402043e-07,0
7722,-0.3038311144010777,0
7723,-9.004473895402043e-07,0
7724,-9.004473895402043e-07,0
7725,-9.004473895402043e-07,0
7726,-9.004473895402043e-07,0
7727,-9.004473895402043e-07,0
7728,-9.004473895402043e-07,0
7729,-0.2273474839529399,0
7730,-9.004473895402043e-07,0
7731,-9.004473895402043e-07,0
7732,-9.004473895402043e-07,0
7733,-9.004473895402043e-07,0
7734,-9.004473895402043e-07,0
7735,-9.004473895402043e-07,0
7736,-0.34674562269231046,0
7737,-9.004473895402043e-07,0
7738,-9.004473895402043e-07,0
7739,-9.004473895402043e-07,0
7740,-9.004473895402043e-07,0
7741,-9.004473895402043e-07,0
7742,-9.004473895402043e-07,0
7743,-0.2611149777018227,0
7744,-0.04973209733816475,0
7745,-9.004473895402043e-07,0
7746,-9.004473895402043e-07,0
7747,-0.352707639460732,0
7748,-9.004473895402043e-07,0
7749,-9.004473895402043e-07,0
7750,-0.0042875259291577095,0
7751,-9.004473895402043e-07,0
7752,-9.004473895402043e-07,0
7753,-9.004473895402043e-07,0
7754,-9.004473895402043e-07,0
7755,-9.004473895402043e-07,0
7756,-9.004473895402043e-07,0
7757,-0.3371949670807908,0
7758,-9.004473895402043e-07,0
7759,-9.004473895402043e-07,0
7760,-9.004473895402043e-07,0
7761,-9.004473895402043e-07,0
7762,-9.004473895402043e-07,0
7763,-0.0042875259291577095,0
7764,-9.004473895402043e-07,0
7765,-9.004473895402043e-07,0
7766,-9.004473895402043e-07,0
7767,-0.27807581099943945,0
7768,-9.004473895402043e-07,0
7769,-9.004473895402043e-07,0
7770,-9.004473895402043e-07,0
7771,-9.004473895402043e-07,0
7772,-9.004473895402043e-07,0
7773,-9.004473895402043e-07,0
7774,-9.004473895402043e-07,0
7775,-9.004473895402043e-07,0
7776,-9.004473895402043e-07,0
7777,-0.28206594435084753,0
7778,-9.004473895402043e-07,0
7779,-9.004473895402043e-07,0
7780,-9.004473895402043e-07,0
7781,-9.004473895402043e-07,0
7782,-9.004473895402043e-07,0
7783,-0.0042875259291577095,0
7784,-9.004473895402043e-07,0
7785,-9.004473895402043e-07,0
7786,-9.004473895402043e-07,0
7787,-0.3054765184936059,0
7788,-9.004473895402043e-07,0
7789,-9.004473895402043e-07,0
7790,-0.0042875259291577095,0
7791,-9.004473895402043e-07,0
7792,-9.004473895402043e-07,0
7793,-9.004473895402043e-07,0
7794,-9.004473895402043e-07,0
7795,-9.004473895402043e-07,0
7796,-9.004473895402043e-07,0
7797,-0.3004625992520005,0
7798,-9.004473895402043e-07,0
7799,-9.004473895402043e-07,0
7800,-9.004473895402043e-07,0
7801,-9.004473895402043e-07,0
7802,-9.004473895402043e-07,0
7803,-9.004473895402043e-07,0
7804,-9.004473895402043e-07,0
7805,-9.004473895402043e-07,0
7806,-9.004473895402043e-07,0
7807,-0.2952155625513342,0
7808,-9.004473895402043e-07,0
7809,-9.004473895402043e-07,0
7810,-9.004473895402043e-07,0
7811,-9.004473895402043e-07,0
7812,-9.004473895402043e-07,0
7813,-9.004473895402043e-07,0
7814,-9.004473895402043e-07,0
7815,-9.004473895402043e-07,0
7816,-9.004473895402043e-07,0
7817,-0.28595247955843206,0
7818,-9.004473895402043e-07,0
7819,-9.004473895402043e-07,0
7820,-9.004473895402043e-07,0
7821,-9.004473895402043e-07,0
7822,-9.004473895402043e-07,0
7823,-9.004473895402043e-07,0
7824,-9.004473895402043e-07,0
7825,-9.004473895402043e-07,0
7826,-9.004473895402043e-07,0
7827,-0.28595247955843206,0
7828,-9.004473895402043e-07,0
7829,-9.004473895402043e-07,0
7830,-9.004473895402043e-07,0
7831,-9.004473895402043e-07,0
7832,-9.004473895402043e-07,0
7833,-9.004473895402043e-07,0
7834,-9.004473895402043e-07,0
7835,-9.004473895402043e-07,0
7836,-9.004473895402043e-07,0
7837,-0.21133736619526644,0
7838,-9.004473895402043e-07,0
7839,-9.004473895402043e-07,0
7840,-9.004473895402043e-07,0
7841,-9.004473895402043e-07,0
7842,-9.004473895402043e-07,0
7843,-9.004473895402043e-07,0
7844,-9.004473895402043e-07,0
7845,-9.004473895402043e-07,0
7846,-9.004473895402043e-07,0
7847,-0.35534527734887433,0
7848,-9.004473895402043e-07,0
7849,-9.004473895402043e-07,0
7850,-0.24246224121452542,0
7851,-9.004473895402043e-07,0
7852,-9.004473895402043e-07,0
7853,-9.004473895402043e-07,0
7854,743.3453376569038,1
7855,-9.004473895402043e-07,0
7856,-0.3102573142299434,0
7857,-9.004473895402043e-07,0
7858,-9.004473895402043e-07,0
7859,-0.0042875259291577095,0
7860,-9.004473895402043e-07,0
7861,-9.004473895402043e-07,0
7862,-9.004473895402043e-07,0
7863,-0.0042875259291577095,0
7864,2.608932257878564,1
7865,-9.004473895402043e-07,0
7866,-9.004473895402043e-07,0
7867,-9.004473895402043e-07,0
7868,-0.12430074745736874,0
7869,-9.004473895402043e-07,0
7870,-9.004473895402043e-07,0
7871,-9.004473895402043e-07,0
7872,-9.004473895402043e-07,0
7873,-9.004473895402043e-07,0
7874,-0.0042875259291577095,0
7875,-9.004473895402043e-07,0
7876,-9.004473895402043e-07,0
7877,-9.004473895402043e-07,0
7878,-9.004473895402043e-07,0
7879,-9.004473895402043e-07,0
7880,-0.34674562269231046,0
7881,-9.004473895402043e-07,0
7882,-9.004473895402043e-07,0
7883,-9.004473895402043e-07,0
7884,-9.004473895402043e-07,0
7885,-9.004473895402043e-07,0
7886,-9.004473895402043e-07,0
7887,-9.004473895402043e-07,0
7888,-9.004473895402043e-07,0
7889,-0.3270729784709374,0
7890,-9.004473895402043e-07,0
7891,-9.004473895402043e-07,0
7892,-9.004473895402043e-07,0
7893,-9.004473895402043e-07,0
7894,-9.004473895402043e-07,0
7895,-9.004473895402043e-07,0
7896,-9.004473895402043e-07,0
7897,-9.004473895402043e-07,0
7898,-0.3553394297344994,0
7899,-9.004473895402043e-07,0
7900,-9.004473895402043e-07,0
7901,-9.004473895402043e-07,0
7902,-9.004473895402043e-07,0
7903,-9.004473895402043e-07,0
7904,-9.004473895402043e-07,0
7905,-0.0042875259291577095,0
7906,-9.004473895402043e-07,0
7907,-0.35399100972404085,0
7908,-9.004473895402043e-07,0
7909,-9.004473895402043e-07,0
7910,-9.004473895402043e-07,0
7911,-9.004473895402043e-07,0
7912,-9.004473895402043e-07,0
7913,-9.004473895402043e-07,0
7914,-9.004473895402043e-07,0
7915,-0.0042875259291577095,0
7916,-0.23504004994526895,0
7917,-9.004473895402043e-07,0
7918,-9.004473895402043e-07,0
7919,-9.004473895402043e-07,0
7920,-9.004473895402043e-07,0
7921,-9.004473895402043e-07,0
7922,-9.004473895402043e-07,0
7923,-9.004473895402043e-07,0
7924,-0.3232259778378648,0
7925,-9.004473895402043e-07,0
7926,-9.004473895402043e-07,0
7927,-9.004473895402043e-07,0
7928,-9.004473895402043e-07,0
7929,-9.004473895402043e-07,0
7930,-9.004473895402043e-07,0
7931,-9.004473895402043e-07,0
7932,-9.004473895402043e-07,0
7933,-0.2969904763475597,0
7934,-9.004473895402043e-07,0
7935,-9.004473895402043e-07,0
7936,-9.004473895402043e-07,0
7937,-9.004473895402043e-07,0
7938,-9.004473895402043e-07,0
7939,-9.004473895402043e-07,0
7940,-9.004473895402043e-07,0
7941,-9.004473895402043e-07,0
7942,-0.2588382397771056,0
7943,-9.004473895402043e-07,0
7944,-9.004473895402043e-07,0
7945,-0.0042875259291577095,0
7946,-9.004473895402043e-07,0
7947,-9.004473895402043e-07,0
7948,-9.004473895402043e-07,0
7949,-9.004473895402043e-07,0
7950,-9.004473895402043e-07,0
7951,-0.23500299620945952,0
7952,-9.004473895402043e-07,0
7953,-9.004473895402043e-07,0
7954,-9.004473895402043e-07,0
7955,-9.004473895402043e-07,0
7956,-9.004473895402043e-07,0
7957,-9.004473895402043e-07,0
7958,-9.004473895402043e-07,0
7959,-9.004473895402043e-07,0
7960,-0.2676823237462713,0
7961,-9.004473895402043e-07,0
7962,-9.004473895402043e-07,0
7963,-9.004473895402043e-07,0
7964,-9.004473895402043e-07,0
7965,-9.004473895402043e-07,0
7966,-9.004473895402043e-07,0
7967,-9.004473895402043e-07,0
7968,-9.004473895402043e-07,0
7969,0.6945477354146306,1
7970,-9.004473895402043e-07,0
7971,-9.004473895402043e-07,0
7972,-9.004473895402043e-07,0
7973,-9.004473895402043e-07,0
7974,-9.004473895402043e-07,0
7975,-9.004473895402043e-07,0
7976,-9.004473895402043e-07,0
7977,-9.004473895402043e-07,0
7978,-0.3071252610399142,0
7979,-9.004473895402043e-07,0
7980,-9.004473895402043e-07,0
7981,-9.004473895402043e-07,0
7982,-0.0042875259291577095,0
7983,-9.004473895402043e-07,0
7984,-9.004473895402043e-07,0
7985,-9.004473895402043e-07,0
7986,-9.004473895402043e-07,0
7987,-9.004473895402043e-07,0
7988,-0.1277917039658405,0
7989,-9.004473895402043e-07,0
7990,-9.004473895402043e-07,0
7991,1.0100693463318748,1
7992,-9.004473895402043e-07,0
7993,-9.004473895402043e-07,0
7994,-9.004473895402043e-07,0
7995,-9.004473895402043e-07,0
7996,-9.004473895402043e-07,0
7997,-9.004473895402043e-07,0
7998,-9.004473895402043e-07,0
7999,-9.004473895402043e-07,0
8000,-0.17035585590156188,0
8001,-9.004473895402043e-07,0
8002,-9.004473895402043e-07,0
8003,-9.004473895402043e-07,0
8004,-9.004473895402043e-07,0
8005,-9.004473895402043e-07,0
8006,-9.004473895402043e-07,0
8007,-0.0042875259291577095,0
8008,-9.004473895402043e-07,0
8009,-0.3038311144010777,0
8010,-0.0042875259291577095,0
8011,-9.004473895402043e-07,0
8012,-9.004473895402043e-07,0
8013,-9.004473895402043e-07,0
8014,-9.004473895402043e-07,0
8015,-9.004473895402043e-07,0
8016,-9.004473895402043e-07,0
8017,-9.004473895402043e-07,0
8018,-0.35644516962088346,0
8019,-9.004473895402043e-07,0
8020,-9.004473895402043e-07,0
8021,-0.0042875259291577095,0
8022,-9.004473895402043e-07,0
8023,-9.004473895402043e-07,0
8024,-9.004473895402043e-07,0
8025,-9.004473895402043e-07,0
8026,-0.16408715920147188,0
8027,-9.004473895402043e-07,0
8028,-9.004473895402043e-07,0
8029,-9.004473895402043e-07,0
8030,-0.3283034916747738,0
8031,-9.004473895402043e-07,0
8032,-9.004473895402043e-07,0
8033,-0.0042875259291577095,0
8034,-0.3205317607288407,0
8035,-9.004473895402043e-07,0
8036,-9.004473895402043e-07,0
8037,-9.004473895402043e-07,0
8038,-0.0042875259291577095,0
8039,-9.004473895402043e-07,0
8040,-9.004473895402043e-07,0
8041,-9.004473895402043e-07,0
8042,-0.012783130003981569,0
8043,-0.3087185089138984,0
8044,-9.004473895402043e-07,0
8045,-9.004473895402043e-07,0
8046,-9.004473895402043e-07,0
8047,-0.3500625716687864,0
8048,-9.004473895402043e-07,0
8049,-9.004473895402043e-07,0
8050,-9.004473895402043e-07,0
8051,-9.004473895402043e-07,0
8052,-9.004473895402043e-07,0
8053,-9.004473895402043e-07,0
8054,-9.004473895402043e-07,0
8055,-0.23750304684256207,0
8056,-9.004473895402043e-07,0
8057,-9.004473895402043e-07,0
8058,-9.004473895402043e-07,0
8059,-9.004473895402043e-07,0
8060,-9.004473895402043e-07,0
8061,-9.004473895402043e-07,0
8062,-9.004473895402043e-07,0
8063,-0.3340461858750814,0
8064,-9.004473895402043e-07,0
8065,-9.004473895402043e-07,0
8066,-9.004473895402043e-07,0
8067,-9.004473895402043e-07,0
8068,-9.004473895402043e-07,0
8069,-9.004473895402043e-07,0
8070,-9.004473895402043e-07,0
8071,-0.2952155625513342,0
8072,-9.004473895402043e-07,0
8073,-9.004473895402043e-07,0
8074,-9.004473895402043e-07,0
8075,-9.004473895402043e-07,0
8076,-9.004473895402043e-07,0
8077,-9.004473895402043e-07,0
8078,-0.0042875259291577095,0
8079,-0.3021598079153591,0
8080,-9.004473895402043e-07,0
8081,-9.004473895402043e-07,0
8082,-9.004473895402043e-07,0
8083,-9.004473895402043e-07,0
8084,-9.004473895402043e-07,0
8085,-9.004473895402043e-07,0
8086,-0.21949629279038163,0
8087,-0.3564419717876035,0
8088,-0.021175202246240588,0
8089,-9.004473895402043e-07,0
8090,-9.004473895402043e-07,0
8091,-9.004473895402043e-07,0
8092,-9.004473895402043e-07,0
8093,-9.004473895402043e-07,0
8094,-9.004473895402043e-07,0
8095,-0.28595247955843206,0
8096,-9.004473895402043e-07,0
8097,-9.004473895402043e-07,0
8098,-9.004473895402043e-07,0
8099,-9.004473895402043e-07,0
8100,-9.004473895402043e-07,0
8101,-9.004473895402043e-07,0
8102,-0.0042875259291577095,0
8103,-0.28785689722042207,0
8104,-9.004473895402043e-07,0
8105,-9.004473895402043e-07,0
8106,-9.004473895402043e-07,0
8107,-9.004473895402043e-07,0
8108,-9.004473895402043e-07,0
8109,-9.004473895402043e-07,0
8110,-9.004473895402043e-07,0
8111,-0.28595247955843206,0
8112,-9.004473895402043e-07,0
8113,-9.004473895402043e-07,0
8114,-9.004473895402043e-07,0
8115,-9.004473895402043e-07,0
8116,-9.004473895402043e-07,0
8117,-9.004473895402043e-07,0
8118,-0.28595247955843206,0
8119,-9.004473895402043e-07,0
8120,-9.004473895402043e-07,0
8121,-9.004473895402043e-07,0
8122,-9.004473895402043e-07,0
8123,-9.004473895402043e-07,0
8124,-9.004473895402043e-07,0
8125,-0.2610793377277787,0
8126,-9.004473895402043e-07,0
8127,-9.004473895402043e-07,0
8128,-9.004473895402043e-07,0
8129,-9.004473895402043e-07,0
8130,-9.004473895402043e-07,0
8131,-9.004473895402043e-07,0
8132,-0.289735414594702,0
8133,-9.004473895402043e-07,0
8134,-9.004473895402043e-07,0
8135,-9.004473895402043e-07,0
8136,-0.0042875259291577095,0
8137,-9.004473895402043e-07,0
8138,-9.004473895402043e-07,0
8139,-9.004473895402043e-07,0
8140,-0.2718963689217162,0
8141,-9.004473895402043e-07,0
8142,-9.004473895402043e-07,0
8143,-9.004473895402043e-07,0
8144,-9.004473895402043e-07,0
8145,-9.004473895402043e-07,0
8146,-9.004473895402043e-07,0
8147,-9.004473895402043e-07,0
8148,-0.3258165550461172,0
8149,-9.004473895402043e-07,0
8150,-9.004473895402043e-07,0
8151,-9.004473895402043e-07,0
8152,-0.3177339044805194,0
8153,-9.004473895402043e-07,0
8154,-9.004473895402043e-07,0
8155,-9.004473895402043e-07,0
8156,-9.004473895402043e-07,0
8157,-9.004473895402043e-07,0
8158,-9.004473895402043e-07,0
8159,-9.004473895402043e-07,0
8160,-0.3177339044805194,0
8161,-9.004473895402043e-07,0
8162,-9.004473895402043e-07,0
8163,-9.004473895402043e-07,0
8164,-0.3428100624412309,0
8165,-9.004473895402043e-07,0
8166,-9.004473895402043e-07,0
8167,-9.004473895402043e-07,0
8168,-9.004473895402043e-07,0
8169,-9.004473895402043e-07,0
8170,-9.004473895402043e-07,0
8171,-9.004473895402043e-07,0
8172,-0.27604189565511206,0
8173,-9.004473895402043e-07,0
8174,-9.004473895402043e-07,0
8175,-9.004473895402043e-07,0
8176,-9.004473895402043e-07,0
8177,-9.004473895402043e-07,0
8178,-9.004473895402043e-07,0
8179,-9.004473895402043e-07,0
8180,-0.2718963689217162,0
8181,-9.004473895402043e-07,0
8182,-9.004473895402043e-07,0
8183,-9.004473895402043e-07,0
8184,-9.004473895402043e-07,0
8185,-9.004473895402043e-07,0
8186,-9.004473895402043e-07,0
8187,-9.004473895402043e-07,0
8188,1.3386123534717171,1
8189,-9.004473895402043e-07,0
8190,-9.004473895402043e-07,0
8191,-9.004473895402043e-07,0
8192,-9.004473895402043e-07,0
8193,-9.004473895402043e-07,0
8194,-9.004473895402043e-07,0
8195,-9.004473895402043e-07,0
8196,-0.0042875259291577095,0
8197,-0.3511910817419448,0
8198,-9.004473895402043e-07,0
8199,-9.004473895402043e-07,0
8200,-9.004473895402043e-07,0
8201,-9.004473895402043e-07,0
8202,-9.004473895402043e-07,0
8203,-9.004473895402043e-07,0
8204,-9.004473895402043e-07,0
8205,-9.004473895402043e-07,0
8206,-0.28785689722042207,0
8207,-9.004473895402043e-07,0
8208,-9.004473895402043e-07,0
8209,-9.004473895402043e-07,0
8210,-9.004473895402043e-07,0
8211,-9.004473895402043e-07,0
8212,-9.004473895402043e-07,0
8213,-9.004473895402043e-07,0
8214,-9.004473895402043e-07,0
8215,-0.2952155625513342,0
8216,-9.004473895402043e-07,0
8217,-9.004473895402043e-07,0
8218,-9.004473895402043e-07,0
8219,-9.004473895402043e-07,0
8220,-9.004473895402043e-07,0
8221,-9.004473895402043e-07,0
8222,-9.004473895402043e-07,0
8223,-9.004473895402043e-07,0
8224,-0.2934147474909423,0
8225,-9.004473895402043e-07,0
8226,-9.004473895402043e-07,0
8227,-9.004473895402043e-07,0
8228,-0.0042875259291577095,0
8229,-9.004473895402043e-07,0
8230,-9.004473895402043e-07,0
8231,-9.004473895402043e-07,0
8232,-0.25195956759114324,0
8233,-9.004473895402043e-07,0
8234,-9.004473895402043e-07,0
8235,-9.004473895402043e-07,0
8236,-9.004473895402043e-07,0
8237,-9.004473895402043e-07,0
8238,-9.004473895402043e-07,0
8239,-9.004473895402043e-07,0
8240,-0.3004625992520005,0
8241,-9.004473895402043e-07,0
8242,-9.004473895402043e-07,0
8243,-9.004473895402043e-07,0
8244,-9.004473895402043e-07,0
8245,-9.004473895402043e-07,0
8246,-9.004473895402043e-07,0
8247,-9.004473895402043e-07,0
8248,-0.25657124524946084,0
8249,-9.004473895402043e-07,0
8250,-9.004473895402043e-07,0
8251,-9.004473895402043e-07,0
8252,-9.004473895402043e-07,0
8253,-9.004473895402043e-07,0
8254,-9.004473895402043e-07,0
8255,-9.004473895402043e-07,0
8256,-0.3391835447808944,0
8257,-9.004473895402043e-07,0
8258,-9.004473895402043e-07,0
8259,-9.004473895402043e-07,0
8260,-0.0042875259291577095,0
8261,-9.004473895402043e-07,0
8262,-9.004473895402043e-07,0
8263,-9.004473895402043e-07,0
8264,-0.28976781793289774,0
8265,-9.004473895402043e-07,0
8266,-9.004473895402043e-07,0
8267,-9.004473895402043e-07,0
8268,-9.004473895402043e-07,0
8269,-9.004473895402043e-07,0
8270,-9.004473895402043e-07,0
8271,-9.004473895402043e-07,0
8272,-0.3567037474423387,0
8273,-9.004473895402043e-07,0
8274,-9.004473895402043e-07,0
8275,-9.004473895402043e-07,0
8276,-9.004473895402043e-07,0
8277,-9.004473895402043e-07,0
8278,-9.004473895402043e-07,0
8279,-9.004473895402043e-07,0
8280,-0.3306642452110964,0
8281,-9.004473895402043e-07,0
8282,-9.004473895402043e-07,0
8283,-9.004473895402043e-07,0
8284,-9.004473895402043e-07,0
8285,-9.004473895402043e-07,0
8286,-9.004473895402043e-07,0
8287,-9.004473895402043e-07,0
8288,1.443078768107398,1
8289,-9.004473895402043e-07,0
8290,-9.004473895402043e-07,0
8291,-9.004473895402043e-07,0
8292,-0.07699328654757664,0
8293,-9.004473895402043e-07,0
8294,-9.004473895402043e-07,0
8295,-9.004473895402043e-07,0
8296,-0.0042875259291577095,0
8297,-9.004473895402043e-07,0
8298,-9.004473895402043e-07,0
8299,-9.004473895402043e-07,0
8300,-0.31911951223264623,0
8301,-9.004473895402043e-07,0
8302,-9.004473895402043e-07,0
8303,-9.004473895402043e-07,0
8304,-9.004473895402043e-07,0
8305,-9.004473895402043e-07,0
8306,-9.004473895402043e-07,0
8307,-9.004473895402043e-07,0
8308,-0.10662312500789994,0
8309,-0.35504119002371226,0
8310,-9.004473895402043e-07,0
8311,-9.004473895402043e-07,0
8312,-9.004473895402043e-07,0
8313,-0.012783130003981569,0
8314,-9.004473895402043e-07,0
8315,-9.004473895402043e-07,0
8316,-9.004473895402043e-07,0
8317,-0.0042875259291577095,0
8318,-0.12084938512259669,0
8319,-0.25195956759114324,0
8320,-9.004473895402043e-07,0
8321,-9.004473895402043e-07,0
8322,-9.004473895402043e-07,0
8323,-9.004473895402043e-07,0
8324,-9.004473895402043e-07,0
8325,-9.004473895402043e-07,0
8326,-9.004473895402043e-07,0
8327,-9.004473895402043e-07,0
8328,-0.0042875259291577095,0
8329,-0.3436353683428024,0
8330,-9.004473895402043e-07,0
8331,-9.004473895402043e-07,0
8332,-9.004473895402043e-07,0
8333,-9.004473895402043e-07,0
8334,-9.004473895402043e-07,0
8335,-9.004473895402043e-07,0
8336,-9.004473895402043e-07,0
8337,-9.004473895402043e-07,0
8338,-9.004473895402043e-07,0
8339,-0.2542783544275835,0
8340,-9.004473895402043e-07,0
8341,-9.004473895402043e-07,0
8342,-9.004473895402043e-07,0
8343,-9.004473895402043e-07,0
8344,-9.004473895402043e-07,0
8345,-9.004473895402043e-07,0
8346,-9.004473895402043e-07,0
8347,-9.004473895402043e-07,0
8348,-9.004473895402043e-07,0
8349,0.4718347995934664,1
8350,-9.004473895402043e-07,0
8351,-9.004473895402043e-07,0
8352,-9.004473895402043e-07,0
8353,-9.004473895402043e-07,0
8354,-9.004473895402043e-07,0
8355,-0.13122402327007876,0
8356,-9.004473895402043e-07,0
8357,-9.004473895402043e-07,0
8358,-9.004473895402043e-07,0
8359,-9.004473895402043e-07,0
8360,-9.004473895402043e-07,0
8361,-9.004473895402043e-07,0
8362,-9.004473895402043e-07,0
8363,-0.3218663445927632,0
8364,-9.004473895402043e-07,0
8365,-9.004473895402043e-07,0
8366,-9.004473895402043e-07,0
8367,-9.004473895402043e-07,0
8368,-9.004473895402043e-07,0
8369,-9.004473895402043e-07,0
8370,-9.004473895402043e-07,0
8371,-9.004473895402043e-07,0
8372,-9.004473895402043e-07,0
8373,-0.32950809457167907,0
8374,-0.21137473892724756,0
8375,-9.004473895402043e-07,0
8376,-9.004473895402043e-07,0
8377,-9.004473895402043e-07,0
8378,-0.31334279844156754,0
8379,-9.004473895402043e-07,0
8380,-9.004473895402043e-07,0
8381,-9.004473895402043e-07,0
8382,-9.004473895402043e-07,0
8383,747.2752117878936,1
8384,-0.31182727772716134,0
8385,-9.004473895402043e-07,0
8386,-9.004473895402043e-07,0
8387,-9.004473895402043e-07,0
8388,-0.0042875259291577095,0
8389,-0.0042875259291577095,0
8390,-9.004473895402043e-07,0
8391,0.10572613902991179,1
8392,-0.0042875259291577095,0
8393,-0.33916461938247267,0
8394,-9.004473895402043e-07,0
8395,-9.004473895402043e-07,0
8396,-9.004473895402043e-07,0
8397,-9.004473895402043e-07,0
8398,-0.28206594435084753,0
8399,-9.004473895402043e-07,0
8400,-9.004473895402043e-07,0
8401,-9.004473895402043e-07,0
8402,-9.004473895402043e-07,0
8403,-0.33512168644324447,0
8404,-9.004473895402043e-07,0
8405,-9.004473895402043e-07,0
8406,-9.004473895402043e-07,0
8407,-9.004473895402043e-07,0
8408,-0.29162014825681126,0
8409,-0.3547170400710229,0
8410,-9.004473895402043e-07,0
8411,-9.004473895402043e-07,0
8412,-9.004473895402043e-07,0
8413,-9.004473895402043e-07,0
8414,-9.004473895402043e-07,0
8415,0.6580075200949977,1
8416,-9.004473895402043e-07,0
8417,-9.004473895402043e-07,0
8418,-9.004473895402043e-07,0
8419,-0.012783130003981569,0
8420,-0.0042875259291577095,0
8421,-9.004473895402043e-07,0
8422,-0.316269061998355,0
8423,-9.004473895402043e-07,0
8424,-9.004473895402043e-07,0
8425,-9.004473895402043e-07,0
8426,-9.004473895402043e-07,0
8427,-0.057658238396015804,0
8428,-0.28595247955843206,0
8429,-9.004473895402043e-07,0
8430,-9.004473895402043e-07,0
8431,-9.004473895402043e-07,0
8432,-9.004473895402043e-07,0
8433,-9.004473895402043e-07,0
8434,-0.16727047650056193,0
8435,-0.22215167441913763,0
8436,-9.004473895402043e-07,0
8437,-9.004473895402043e-07,0
8438,-9.004473895402043e-07,0
8439,-0.34945392180441104,0
8440,-9.004473895402043e-07,0
8441,-9.004473895402043e-07,0
8442,-9.004473895402043e-07,0
8443,-9.004473895402043e-07,0
8444,-9.004473895402043e-07,0
8445,-0.3054765184936059,0
8446,-9.004473895402043e-07,0
8447,-9.004473895402043e-07,0
8448,-9.004473895402043e-07,0
8449,-9.004473895402043e-07,0
8450,-9.004473895402043e-07,0
8451,-0.28595247955843206,0
8452,-9.004473895402043e-07,0
8453,-9.004473895402043e-07,0
8454,-9.004473895402043e-07,0
8455,-9.004473895402043e-07,0
8456,-9.004473895402043e-07,0
8457,-0.28595247955843206,0
8458,-9.004473895402043e-07,0
8459,-9.004473895402043e-07,0
8460,-9.004473895402043e-07,0
8461,-9.004473895402043e-07,0
8462,-9.004473895402043e-07,0
8463,-0.20298277837412115,0
8464,-9.004473895402043e-07,0
8465,-9.004473895402043e-07,0
8466,-9.004473895402043e-07,0
8467,-0.05370811124134889,0
8468,-0.3460220017914253,0
8469,-9.004473895402043e-07,0
8470,-9.004473895402043e-07,0
8471,-9.004473895402043e-07,0
8472,-0.3270491495420629,0
8473,-0.10665403531425,0
8474,-0.3535976003262249,0
8475,-9.004473895402043e-07,0
8476,-9.004473895402043e-07,0
8477,-9.004473895402043e-07,0
8478,-9.004473895402043e-07,0
8479,-0.0042875259291577095,0
8480,-9.004473895402043e-07,0
8481,-0.3500625716687864,0
8482,-9.004473895402043e-07,0
8483,-9.004473895402043e-07,0
8484,-9.004473895402043e-07,0
8485,-9.004473895402043e-07,0
8486,-9.004473895402043e-07,0
8487,-0.28595247955843206,0
8488,-9.004473895402043e-07,0
8489,-9.004473895402043e-07,0
8490,-9.004473895402043e-07,0
8491,-9.004473895402043e-07,0
8492,-9.004473895402043e-07,0
8493,-0.28595247955843206,0
8494,-9.004473895402043e-07,0
8495,-9.004473895402043e-07,0
8496,-9.004473895402043e-07,0
8497,-9.004473895402043e-07,0
8498,-9.004473895402043e-07,0
8499,-0.23997720353202112,0
8500,-9.004473895402043e-07,0
8501,-9.004473895402043e-07,0
8502,-9.004473895402043e-07,0
8503,-0.0042875259291577095,0
8504,-9.004473895402043e-07,0
8505,-0.2781097839121003,0
8506,0.192651763965614,1
8507,-9.004473895402043e-07,0
8508,-9.004473895402043e-07,0
8509,-9.004473895402043e-07,0
8510,-9.004473895402043e-07,0
8511,-0.17345137580707615,0
8512,-9.004473895402043e-07,0
8513,-9.004473895402043e-07,0
8514,-9.004473895402043e-07,0
8515,-9.004473895402043e-07,0
8516,-0.3270491495420629,0
8517,-9.004473895402043e-07,0
8518,-9.004473895402043e-07,0
8519,-9.004473895402043e-07,0
8520,-0.0042875259291577095,0
8521,-0.311799106579997,0
8522,-9.004473895402043e-07,0
8523,-9.004473895402043e-07,0
8524,-9.004473895402043e-07,0
8525,-9.004473895402043e-07,0
8526,-0.2739820815357916,0
8527,-9.004473895402043e-07,0
8528,-9.004473895402043e-07,0
8529,-9.004473895402043e-07,0
8530,-9.004473895402043e-07,0
8531,-0.28402216184952067,0
8532,-0.0042875259291577095,0
8533,-9.004473895402043e-07,0
8534,-9.004473895402043e-07,0
8535,-9.004473895402043e-07,0
8536,-0.23997720353202112,0
8537,-9.004473895402043e-07,0
8538,-9.004473895402043e-07,0
8539,-9.004473895402043e-07,0
8540,-9.004473895402043e-07,0
8541,-0.3381927468411732,0
8542,-0.21137473892724756,0
8543,-9.004473895402043e-07,0
8544,-9.004473895402043e-07,0
8545,-9.004473895402043e-07,0
8546,-0.3232009035740475,0
8547,-9.004473895402043e-07,0
8548,-9.004473895402043e-07,0
8549,-9.004473895402043e-07,0
8550,-9.004473895402043e-07,0
8551,10.219263545219064,1
8552,-0.31182727772716134,0
8553,-0.289735414594702,0
8554,-0.289735414594702,0
8555,-0.28206594435084753,0
8556,-0.32950809457167907,0
8557,-0.021175202246240588,0
8558,-0.016992107790770206,0
8559,-0.008548269249445184,0
8560,-0.0042875259291577095,0
8561,-0.28209942319654147,0
8562,0.9436668458362192,1
8563,-9.004473895402043e-07,0
8564,-9.004473895402043e-07,0
8565,-0.28595247955843206,0
8566,-9.004473895402043e-07,0
8567,-0.28595247955843206,0
8568,-9.004473895402043e-07,0
8569,-0.21407044785473772,0
8570,-9.004473895402043e-07,0
8571,-9.004473895402043e-07,0
8572,3.396323460571807,1
8573,-9.004473895402043e-07,0
8574,-0.3071252610399142,0
8575,-9.004473895402043e-07,0
8576,-9.004473895402043e-07,0
8577,-9.004473895402043e-07,0
8578,-0.34814529870857314,0
8579,-9.004473895402043e-07,0
8580,-9.004473895402043e-07,0
8581,-9.004473895402043e-07,0
8582,-9.004473895402043e-07,0
8583,-0.3436353683428024,0
8584,-0.07702056030996118,0
8585,-9.004473895402043e-07,0
8586,-9.004473895402043e-07,0
8587,-9.004473895402043e-07,0
8588,-0.30049318254657464,0
8589,-9.004473895402043e-07,0
8590,-9.004473895402043e-07,0
8591,-9.004473895402043e-07,0
8592,-0.11021040753303168,0
8593,-9.004473895402043e-07,0
8594,-9.004473895402043e-07,0
8595,-9.004473895402043e-07,0
8596,-9.004473895402043e-07,0
8597,0.6008843780768984,1
8598,-9.004473895402043e-07,0
8599,-9.004473895402043e-07,0
8600,-9.004473895402043e-07,0
8601,-0.31182727772716134,0
8602,-9.004473895402043e-07,0
8603,-9.004473895402043e-07,0
8604,-9.004473895402043e-07,0
8605,-9.004473895402043e-07,0
8606,-0.2800838273260524,0
8607,-9.004473895402043e-07,0
8608,-9.004473895402043e-07,0
8609,-9.004473895402043e-07,0
8610,-9.004473895402043e-07,0
8611,-0.298739488656679,0
8612,-9.004473895402043e-07,0
8613,-9.004473895402043e-07,0
8614,-9.004473895402043e-07,0
8615,-9.004473895402043e-07,0
8616,-0.3038311144010777,0
8617,-9.004473895402043e-07,0
8618,-9.004473895402043e-07,0
8619,-9.004473895402043e-07,0
8620,-9.004473895402043e-07,0
8621,-0.3218663445927632,0
8622,-0.19439518338185735,0
8623,-0.34192479207183624,0
8624,-9.004473895402043e-07,0
8625,-9.004473895402043e-07,0
8626,-9.004473895402043e-07,0
8627,-9.004473895402043e-07,0
8628,-0.28595247955843206,0
8629,-9.004473895402043e-07,0
8630,-9.004473895402043e-07,0
8631,-9.004473895402043e-07,0
8632,-9.004473895402043e-07,0
8633,-0.28595247955843206,0
8634,-9.004473895402043e-07,0
8635,-9.004473895402043e-07,0
8636,-9.004473895402043e-07,0
8637,-9.004473895402043e-07,0
8638,-0.24724430705816758,0
8639,-9.004473895402043e-07,0
8640,-9.004473895402043e-07,0
8641,-9.004473895402043e-07,0
8642,-0.1641230058014571,0
8643,-9.004473895402043e-07,0
8644,-9.004473895402043e-07,0
8645,-9.004473895402043e-07,0
8646,-9.004473895402043e-07,0
8647,-0.25660722083443943,0
8648,-9.004473895402043e-07,0
8649,-9.004473895402043e-07,0
8650,-9.004473895402043e-07,0
8651,-0.24965129999907276,0
8652,-9.004473895402043e-07,0
8653,-9.004473895402043e-07,0
8654,-9.004473895402043e-07,0
8655,-9.004473895402043e-07,0
8656,-0.01697414030093114,0
8657,-9.004473895402043e-07,0
8658,-9.004473895402043e-07,0
8659,-9.004473895402043e-07,0
8660,-9.004473895402043e-07,0
8661,744.884019624409,1
8662,-0.35534527734887433,0
8663,-0.0042875259291577095,0
8664,-0.2543144850974386,0
8665,-9.004473895402043e-07,0
8666,-0.28402216184952067,0
8667,-0.0042875259291577095,0
8668,-0.26329453881032805,0
8669,-9.004473895402043e-07,0
8670,-0.2542783544275835,0
8671,-0.0042875259291577095,0
8672,-9.004473895402043e-07,0
8673,-0.1915179248937875,0
8674,-0.32450955751426136,0
8675,-0.3021900649592908,0
8676,-9.004473895402043e-07,0
8677,-0.31911951223264623,0
8678,-0.0042875259291577095,0
8679,-0.3372148199809999,0
8680,-9.004473895402043e-07,0
8681,-0.35608294671317253,0
8682,-9.004473895402043e-07,0
8683,-0.3102858478420103,0
8684,-0.0042875259291577095,0
8685,-0.2543144850974386,0
8686,0.46530079476826813,1
8687,-9.004473895402043e-07,0
8688,-0.26978475807777613,0
8689,-9.004473895402043e-07,0
8690,-0.3004625992520005,0
8691,-9.004473895402043e-07,0
8692,746.8636383074423,1
8693,-0.3527171494039294,0
8694,-0.008548269249445184,0
8695,-0.23504004994526895,0
8696,-9.004473895402043e-07,0
8697,-9.004473895402043e-07,0
8698,-9.004473895402043e-07,0
8699,-0.3568967467690527,0
8700,-9.004473895402043e-07,0
8701,-9.004473895402043e-07,0
8702,-9.004473895402043e-07,0
8703,-0.06932707116163783,0
8704,-0.03764873882573738,0
8705,-9.004473895402043e-07,0
8706,-9.004473895402043e-07,0
8707,-9.004473895402043e-07,0
8708,-9.004473895402043e-07,0
8709,-9.004473895402043e-07,0
8710,-9.004473895402043e-07,0
8711,-9.004473895402043e-07,0
8712,-0.008548269249445184,0
8713,1.5905452022731197,1
8714,-9.004473895402043e-07,0
8715,-9.004473895402043e-07,0
8716,-9.004473895402043e-07,0
8717,-9.004473895402043e-07,0
8718,-9.004473895402043e-07,0
8719,-9.004473895402043e-07,0
8720,-9.004473895402043e-07,0
8721,-0.2934465709572578,0
8722,-9.004473895402043e-07,0
8723,-9.004473895402043e-07,0
8724,-9.004473895402043e-07,0
8725,-9.004473895402043e-07,0
8726,-9.004473895402043e-07,0
8727,-9.004473895402043e-07,0
8728,-9.004473895402043e-07,0
8729,-9.004473895402043e-07,0
8730,-0.3133149954541068,0
8731,-9.004473895402043e-07,0
8732,-9.004473895402043e-07,0
8733,-9.004473895402043e-07,0
8734,-9.004473895402043e-07,0
8735,-9.004473895402043e-07,0
8736,-9.004473895402043e-07,0
8737,-9.004473895402043e-07,0
8738,-9.004473895402043e-07,0
8739,-0.25195956759114324,0
8740,-9.004473895402043e-07,0
8741,-9.004473895402043e-07,0
8742,-9.004473895402043e-07,0
8743,-9.004473895402043e-07,0
8744,-9.004473895402043e-07,0
8745,-9.004473895402043e-07,0
8746,-9.004473895402043e-07,0
8747,-0.008548269249445184,0
8748,-0.2167776384675335,0
8749,-9.004473895402043e-07,0
8750,-9.004473895402043e-07,0
8751,-9.004473895402043e-07,0
8752,-9.004473895402043e-07,0
8753,-9.004473895402043e-07,0
8754,-9.004473895402043e-07,0
8755,-9.004473895402043e-07,0
8756,-9.004473895402043e-07,0
8757,-0.28595247955843206,0
8758,-9.004473895402043e-07,0
8759,-9.004473895402043e-07,0
8760,-9.004473895402043e-07,0
8761,-9.004473895402043e-07,0
8762,-9.004473895402043e-07,0
8763,-9.004473895402043e-07,0
8764,-9.004473895402043e-07,0
8765,-9.004473895402043e-07,0
8766,-0.28595247955843206,0
8767,-9.004473895402043e-07,0
8768,-9.004473895402043e-07,0
8769,-9.004473895402043e-07,0
8770,-9.004473895402043e-07,0
8771,-9.004473895402043e-07,0
8772,-9.004473895402043e-07,0
8773,-9.004473895402043e-07,0
8774,-9.004473895402043e-07,0
8775,3.452082883000685,1
8776,-9.004473895402043e-07,0
8777,-9.004473895402043e-07,0
8778,-9.004473895402043e-07,0
8779,-9.004473895402043e-07,0
8780,-9.004473895402043e-07,0
8781,-9.004473895402043e-07,0
8782,-9.004473895402043e-07,0
8783,0.04886522828599027,1
8784,-9.004473895402043e-07,0
8785,-9.004473895402043e-07,0
8786,-9.004473895402043e-07,0
8787,-9.004473895402043e-07,0
8788,-9.004473895402043e-07,0
8789,-9.004473895402043e-07,0
8790,-9.004473895402043e-07,0
8791,-9.004473895402043e-07,0
8792,-0.24961488504402496,0
8793,-9.004473895402043e-07,0
8794,-9.004473895402043e-07,0
8795,-9.004473895402043e-07,0
8796,-9.004473895402043e-07,0
8797,-9.004473895402043e-07,0
8798,-9.004473895402043e-07,0
8799,-9.004473895402043e-07,0
8800,-9.004473895402043e-07,0
8801,-0.32579230622661726,0
8802,-9.004473895402043e-07,0
8803,-9.004473895402043e-07,0
8804,-9.004473895402043e-07,0
8805,-9.004473895402043e-07,0
8806,-9.004473895402043e-07,0
8807,-9.004473895402043e-07,0
8808,-9.004473895402043e-07,0
8809,-9.004473895402043e-07,0
8810,-0.1672344502338774,0
8811,-9.004473895402043e-07,0
8812,-9.004473895402043e-07,0
8813,-9.004473895402043e-07,0
8814,-0.0042875259291577095,0
8815,-9.004473895402043e-07,0
8816,-9.004473895402043e-07,0
8817,-9.004473895402043e-07,0
8818,3.664811933604369,1
8819,-9.004473895402043e-07,0
8820,-9.004473895402043e-07,0
8821,-9.004473895402043e-07,0
8822,-9.004473895402043e-07,0
8823,-0.24728085102719888,0
8824,-9.004473895402043e-07,0
8825,-9.004473895402043e-07,0
8826,-9.004473895402043e-07,0
8827,-9.004473895402043e-07,0
8828,-0.20302007657664944,0
8829,-9.004473895402043e-07,0
8830,-9.004473895402043e-07,0
8831,-9.004473895402043e-07,0
8832,-0.0042875259291577095,0
8833,-0.26978475807777613,0
8834,-9.004473895402043e-07,0
8835,-9.004473895402043e-07,0
8836,-9.004473895402043e-07,0
8837,-9.004473895402043e-07,0
8838,-9.004473895402043e-07,0
8839,-9.004473895402043e-07,0
8840,-9.004473895402043e-07,0
8841,-9.004473895402043e-07,0
8842,-9.004473895402043e-07,0
8843,7.360592225649725,1
8844,-9.004473895402043e-07,0
8845,-9.004473895402043e-07,0
8846,-9.004473895402043e-07,0
8847,-9.004473895402043e-07,0
8848,-9.004473895402043e-07,0
8849,-9.004473895402043e-07,0
8850,-9.004473895402043e-07,0
8851,-9.004473895402043e-07,0
8852,-0.23750304684256207,0
8853,-9.004473895402043e-07,0
8854,-9.004473895402043e-07,0
8855,-9.004473895402043e-07,0
8856,-0.30049318254657464,0
8857,746.5422541931401,1
8858,-0.3071252610399142,0
8859,-0.28976781793289774,0
8860,-0.06935329575094329,0
8861,-0.0042875259291577095,0
8862,-0.33068678706626997,0
8863,-0.3282800872493681,0
8864,-0.10304046804583322,0
8865,-0.3270491495420629,0
8866,-9.004473895402043e-07,0
8867,0.919190922764983,1
8868,-9.004473895402043e-07,0
8869,1.443078768107398,1
8870,-9.004473895402043e-07,0
8871,747.2747513365547,1
8872,-9.004473895402043e-07,0
8873,-0.35223805676309894,0
8874,-0.10304046804583322,0
8875,-0.012783130003981569,0
8876,0.8236061106449597,1
8877,-9.004473895402043e-07,0
8878,-0.3410306421491214,0
8879,-0.3562770138074711,0
8880,744.5265641475099,1
8881,-0.2676823237462713,0
8882,-0.1446943591120089,0
8883,-0.008548269249445184,0
8884,-0.23504004994526895,0
8885,-0.04973209733816475,0
8886,-9.004473895402043e-07,0
8887,-9.004473895402043e-07,0
8888,-9.004473895402043e-07,0
8889,-9.004473895402043e-07,0
8890,-0.3148049806684412,0
8891,-9.004473895402043e-07,0
8892,-9.004473895402043e-07,0
8893,-9.004473895402043e-07,0
8894,-9.004473895402043e-07,0
8895,-0.12433349115917736,0
8896,-0.28595247955843206,0
8897,-0.0042875259291577095,0
8898,-9.004473895402043e-07,0
8899,-9.004473895402043e-07,0
8900,-9.004473895402043e-07,0
8901,-9.004473895402043e-07,0
8902,-0.3547170400710229,0
8903,-0.1277917039658405,0
8904,-9.004473895402043e-07,0
8905,-9.004473895402043e-07,0
8906,-9.004473895402043e-07,0
8907,-9.004473895402043e-07,0
8908,-9.004473895402043e-07,0
8909,-0.28595247955843206,0
8910,-9.004473895402043e-07,0
8911,-9.004473895402043e-07,0
8912,-9.004473895402043e-07,0
8913,-9.004473895402043e-07,0
8914,-0.28595247955843206,0
8915,-9.004473895402043e-07,0
8916,-9.004473895402043e-07,0
8917,-9.004473895402043e-07,0
8918,-9.004473895402043e-07,0
8919,-9.004473895402043e-07,0
8920,-0.0042875259291577095,0
8921,-0.28785689722042207,0
8922,-9.004473895402043e-07,0
8923,-9.004473895402043e-07,0
8924,-9.004473895402043e-07,0
8925,-9.004473895402043e-07,0
8926,-0.08081535941857965,0
8927,-0.03764873882573738,0
8928,-0.3567941695417858,0
8929,-9.004473895402043e-07,0
8930,-9.004473895402043e-07,0
8931,-9.004473895402043e-07,0
8932,-0.008548269249445184,0
8933,-0.35627328448788376,0
8934,-9.004473895402043e-07,0
8935,-9.004473895402043e-07,0
8936,-9.004473895402043e-07,0
8937,-9.004473895402043e-07,0
8938,-0.27604189565511206,0
8939,-9.004473895402043e-07,0
8940,-9.004473895402043e-07,0
8941,-9.004473895402043e-07,0
8942,-9.004473895402043e-07,0
8943,-0.31334279844156754,0
8944,-9.004473895402043e-07,0
8945,-9.004473895402043e-07,0
8946,-9.004473895402043e-07,0
8947,-9.004473895402043e-07,0
8948,-0.28595247955843206,0
8949,-9.004473895402043e-07,0
8950,-9.004473895402043e-07,0
8951,-9.004473895402043e-07,0
8952,-9.004473895402043e-07,0
8953,-0.0042875259291577095,0
8954,-0.28785689722042207,0
8955,-9.004473895402043e-07,0
8956,-9.004473895402043e-07,0
8957,-9.004473895402043e-07,0
8958,-0.0042875259291577095,0
8959,-0.28785689722042207,0
8960,-9.004473895402043e-07,0
8961,-9.004473895402043e-07,0
8962,-9.004473895402043e-07,0
8963,-0.06932707116163783,0
8964,-9.004473895402043e-07,0
8965,-9.004473895402043e-07,0
8966,-9.004473895402043e-07,0
8967,-0.3517225105294983,0
8968,-9.004473895402043e-07,0
8969,-9.004473895402043e-07,0
8970,-9.004473895402043e-07,0
8971,-0.32050588074787356,0
8972,-9.004473895402043e-07,0
8973,-9.004473895402043e-07,0
8974,-9.004473895402043e-07,0
8975,-0.28595247955843206,0
8976,-9.004473895402043e-07,0
8977,-9.004473895402043e-07,0
8978,-9.004473895402043e-07,0
8979,744.3538730354456,1
8980,-9.004473895402043e-07,0
8981,-0.35561707850001767,0
8982,6.89182505029396,1
8983,-0.0042875259291577095,0
8984,-0.0042875259291577095,0
8985,-0.33068678706626997,0
8986,-9.004473895402043e-07,0
8987,-9.004473895402043e-07,0
8988,-0.2086157521007408,0
8989,-9.004473895402043e-07,0
8990,-9.004473895402043e-07,0
8991,-0.0042875259291577095,0
8992,-0.008548269249445184,0
8993,-9.004473895402043e-07,0
8994,-0.28595247955843206,0
8995,-9.004473895402043e-07,0
8996,-0.041702410762582076,0
8997,-9.004473895402043e-07,0
8998,-9.004473895402043e-07,0
8999,-9.004473895402043e-07,0
9000,-0.3021598079153591,0
9001,-9.004473895402043e-07,0
9002,-9.004473895402043e-07,0
9003,-9.004473895402043e-07,0
9004,-0.0042875259291577095,0
9005,-9.004473895402043e-07,0
9006,-0.09204441993267665,0
9007,-0.3102573142299434,0
9008,-9.004473895402043e-07,0
9009,-9.004473895402043e-07,0
9010,-9.004473895402043e-07,0
9011,-9.004473895402043e-07,0
9012,-0.0042875259291577095,0
9013,-0.3070960199777346,0
9014,-9.004473895402043e-07,0
9015,-9.004473895402043e-07,0
9016,-9.004473895402043e-07,0
9017,0.478394616704918,1
9018,-9.004473895402043e-07,0
9019,-9.004473895402043e-07,0
9020,-9.004473895402043e-07,0
9021,-0.21137473892724756,0
9022,-0.10304046804583322,0
9023,-0.29877039179143594,0
9024,-9.004473895402043e-07,0
9025,-9.004473895402043e-07,0
9026,-9.004473895402043e-07,0
9027,0.22511476100271466,1
9028,-9.004473895402043e-07,0
9029,-9.004473895402043e-07,0
9030,-9.004473895402043e-07,0
9031,-0.008548269249445184,0
9032,-9.004473895402043e-07,0
9033,-0.21945893770566727,0
9034,-9.004473895402043e-07,0
9035,-9.004473895402043e-07,0
9036,-9.004473895402043e-07,0
9037,-9.004473895402043e-07,0
9038,-9.004473895402043e-07,0
9039,-9.004473895402043e-07,0
9040,-0.012765904460025013,0
9041,-9.004473895402043e-07,0
9042,-9.004473895402043e-07,0
9043,-9.004473895402043e-07,0
9044,-0.0042875259291577095,0
9045,-9.004473895402043e-07,0
9046,745.6254033284991,1
9047,-0.2781097839121003,0
9048,-0.0042875259291577095,0
9049,1.2554542648753113,1
9050,-9.004473895402043e-07,0
9051,-0.3340461858750814,0
9052,-0.3218918242282598,0
9053,-9.004473895402043e-07,0
9054,744.4969506049664,1
9055,-0.3372148199809999,0
9056,-0.15775037431353667,0
9057,-0.0042875259291577095,0
9058,-9.004473895402043e-07,0
9059,-0.3452578838050613,0
9060,-0.0042875259291577095,0
9061,-0.016992107790770206,0
9062,-0.3270491495420629,0
9063,-9.004473895402043e-07,0
9064,-0.32579230622661726,0
9065,-0.3444678545691886,0
9066,-0.29162014825681126,0
9067,-0.041702410762582076,0
9068,-9.004473895402043e-07,0
9069,-0.28595247955843206,0
9070,-9.004473895402043e-07,0
9071,-0.3133149954541068,0
9072,-0.0042875259291577095,0
9073,-0.06158247844575726,0
9074,-0.2654838427346249,0
9075,744.9887204305976,1
9076,-0.3283034916747738,0
9077,0.07210477569287832,1
9078,-0.3562770138074711,0
9079,-0.033569181632401524,0
9080,-0.21407044785473772,0
9081,-0.3004625992520005,0
9082,-9.004473895402043e-07,0
9083,-0.35399100972404085,0
9084,-0.3527171494039294,0
9085,-9.004473895402043e-07,0
9086,-9.004473895402043e-07,0
9087,-0.23504004994526895,0
9088,-9.004473895402043e-07,0
9089,-0.10665403531425,0
9090,-0.0042875259291577095,0
9091,-0.0042875259291577095,0
9092,-0.298739488656679,0
9093,-9.004473895402043e-07,0
9094,-9.004473895402043e-07,0
9095,-0.2800838273260524,0
9096,-9.004473895402043e-07,0
9097,-9.004473895402043e-07,0
9098,-9.004473895402043e-07,0
9099,-9.004473895402043e-07,0
9100,-0.32579230622661726,0
9101,-9.004473895402043e-07,0
9102,-9.004473895402043e-07,0
9103,-9.004473895402043e-07,0
9104,-9.004473895402043e-07,0
9105,-0.28595247955843206,0
9106,-9.004473895402043e-07,0
9107,-9.004473895402043e-07,0
9108,-9.004473895402043e-07,0
9109,-9.004473895402043e-07,0
9110,-0.23247705198650692,0
9111,-9.004473895402043e-07,0
9112,-0.32450955751426136,0
9113,-0.0042875259291577095,0
9114,-0.0042875259291577095,0
9115,-9.004473895402043e-07,0
9116,-9.004473895402043e-07,0
9117,-0.27604189565511206,0
9118,-9.004473895402043e-07,0
9119,-9.004473895402043e-07,0
9120,-0.0042875259291577095,0
9121,-0.0042875259291577095,0
9122,0.49159168487722127,1
9123,-9.004473895402043e-07,0
9124,-9.004473895402043e-07,0
9125,-0.0042875259291577095,0
9126,-0.12081698183317258,0
9127,-0.0042875259291577095,0
9128,-0.298739488656679,0
9129,-9.004473895402043e-07,0
9130,-9.004473895402043e-07,0
9131,-9.004473895402043e-07,0
9132,-9.004473895402043e-07,0
9133,-0.1380109800760465,0
9134,-0.3511910817419448,0
9135,0.02627218344400717,1
9136,-0.298739488656679,0
9137,-0.356701614271401,0
9138,-0.3558581780721397,0
9139,-0.33821213784540305,0
9140,-9.004473895402043e-07,0
9141,-0.07702056030996118,0
9142,-9.004473895402043e-07,0
9143,-9.004473895402043e-07,0
9144,-0.1641230058014571,0
9145,-9.004473895402043e-07,0
9146,-9.004473895402043e-07,0
9147,-9.004473895402043e-07,0
9148,-0.3474725038579436,0
9149,-0.32950809457167907,0
9150,-9.004473895402043e-07,0
9151,-9.004473895402043e-07,0
9152,-9.004473895402043e-07,0
9153,-9.004473895402043e-07,0
9154,4.399627755673237,1
9155,-9.004473895402043e-07,0
9156,-9.004473895402043e-07,0
9157,-9.004473895402043e-07,0
9158,-0.289735414594702,0
9159,-9.004473895402043e-07,0
9160,-9.004473895402043e-07,0
9161,-9.004473895402043e-07,0
9162,0.46530079476826813,1
9163,3.6075237449248334,1
9164,-9.004473895402043e-07,0
9165,-9.004473895402043e-07,0
9166,-9.004473895402043e-07,0
9167,-9.004473895402043e-07,0
9168,-0.28595247955843206,0
9169,-9.004473895402043e-07,0
9170,-9.004473895402043e-07,0
9171,-9.004473895402043e-07,0
9172,-9.004473895402043e-07,0
9173,-0.28595247955843206,0
9174,-9.004473895402043e-07,0
9175,-9.004473895402043e-07,0
9176,-9.004473895402043e-07,0
9177,-9.004473895402043e-07,0
9178,-9.004473895402043e-07,0
9179,-0.2167776384675335,0
9180,-9.004473895402043e-07,0
9181,-9.004473895402043e-07,0
9182,-9.004473895402043e-07,0
9183,-9.004473895402043e-07,0
9184,-9.004473895402043e-07,0
9185,-0.3038311144010777,0
9186,-9.004473895402043e-07,0
9187,-9.004473895402043e-07,0
9188,-9.004473895402043e-07,0
9189,-9.004473895402043e-07,0
9190,-9.004473895402043e-07,0
9191,-0.31911951223264623,0
9192,-0.28595247955843206,0
9193,-9.004473895402043e-07,0
9194,-9.004473895402043e-07,0
9195,-9.004473895402043e-07,0
9196,-9.004473895402043e-07,0
9197,-0.3547239408283076,0
9198,-0.3232259778378648,0
9199,-9.004473895402043e-07,0
9200,-9.004473895402043e-07,0
9201,-9.004473895402043e-07,0
9202,-9.004473895402043e-07,0
9203,-0.3294851192021042,0
9204,-9.004473895402043e-07,0
9205,-9.004473895402043e-07,0
9206,-9.004473895402043e-07,0
9207,-9.004473895402043e-07,0
9208,-9.004473895402043e-07,0
9209,-0.28595247955843206,0
9210,-9.004473895402043e-07,0
9211,-9.004473895402043e-07,0
9212,-9.004473895402043e-07,0
9213,-9.004473895402043e-07,0
9214,-0.3340461858750814,0
9215,-0.12433349115917736,0
9216,-0.32950809457167907,0
9217,-9.004473895402043e-07,0
9218,-9.004473895402043e-07,0
9219,-9.004473895402043e-07,0
9220,-0.3427930341941874,0
9221,-9.004473895402043e-07,0
9222,-9.004473895402043e-07,0
9223,-9.004473895402043e-07,0
9224,-0.0042875259291577095,0
9225,-9.004473895402043e-07,0
9226,-0.3452578838050613,0
9227,-9.004473895402043e-07,0
9228,-9.004473895402043e-07,0
9229,-9.004473895402043e-07,0
9230,-9.004473895402043e-07,0
9231,-0.22215167441913763,0
9232,3.057072308078318,1
9233,-9.004473895402043e-07,0
9234,-9.004473895402043e-07,0
9235,-9.004473895402043e-07,0
9236,-0.28595247955843206,0
9237,-9.004473895402043e-07,0
9238,-9.004473895402043e-07,0
9239,-9.004473895402043e-07,0
9240,-0.28595247955843206,0
9241,-9.004473895402043e-07,0
9242,-9.004473895402043e-07,0
9243,-9.004473895402043e-07,0
9244,-9.004473895402043e-07,0
9245,-0.08832728957327163,0
9246,-9.004473895402043e-07,0
9247,-9.004473895402043e-07,0
9248,-9.004473895402043e-07,0
9249,-0.0042875259291577095,0
9250,-9.004473895402043e-07,0
9251,-9.004473895402043e-07,0
9252,-9.004473895402043e-07,0
9253,-0.008548269249445184,0
9254,-0.24488449803072854,0
9255,-0.22992521446042247,0
9256,0.919190922764983,1
9257,-9.004473895402043e-07,0
9258,-9.004473895402043e-07,0
9259,-9.004473895402043e-07,0
9260,-9.004473895402043e-07,0
9261,-9.004473895402043e-07,0
9262,-9.004473895402043e-07,0
9263,-9.004473895402043e-07,0
9264,-0.30049318254657464,0
9265,-0.3481588878855746,0
9266,-9.004473895402043e-07,0
9267,-9.004473895402043e-07,0
9268,-9.004473895402043e-07,0
9269,-9.004473895402043e-07,0
9270,-0.08832728957327163,0
9271,-9.004473895402043e-07,0
9272,-9.004473895402043e-07,0
9273,-9.004473895402043e-07,0
9274,-0.29702169285815216,0
9275,-9.004473895402043e-07,0
9276,-9.004473895402043e-07,0
9277,-9.004473895402043e-07,0
9278,0.13051701723099995,1
9279,-9.004473895402043e-07,0
9280,-9.004473895402043e-07,0
9281,-9.004473895402043e-07,0
9282,-9.004473895402043e-07,0
9283,-9.004473895402043e-07,0
9284,-9.004473895402043e-07,0
9285,-9.004473895402043e-07,0
9286,-9.004473895402043e-07,0
9287,-0.28595247955843206,0
9288,-9.004473895402043e-07,0
9289,-9.004473895402043e-07,0
9290,-9.004473895402043e-07,0
9291,-9.004473895402043e-07,0
9292,-9.004473895402043e-07,0
9293,-9.004473895402043e-07,0
9294,-9.004473895402043e-07,0
9295,-9.004473895402043e-07,0
9296,-0.28595247955843206,0
9297,-9.004473895402043e-07,0
9298,-9.004473895402043e-07,0
9299,-9.004473895402043e-07,0
9300,-9.004473895402043e-07,0
9301,-9.004473895402043e-07,0
9302,-9.004473895402043e-07,0
9303,-9.004473895402043e-07,0
9304,-9.004473895402043e-07,0
9305,-0.28595247955843206,0
9306,-9.004473895402043e-07,0
9307,-9.004473895402043e-07,0
9308,-9.004473895402043e-07,0
9309,-9.004473895402043e-07,0
9310,-0.32950809457167907,0
9311,-9.004473895402043e-07,0
9312,-9.004473895402043e-07,0
9313,-9.004473895402043e-07,0
9314,-0.32950809457167907,0
9315,-9.004473895402043e-07,0
9316,-9.004473895402043e-07,0
9317,-9.004473895402043e-07,0
9318,-9.004473895402043e-07,0
9319,-9.004473895402043e-07,0
9320,-9.004473895402043e-07,0
9321,-9.004473895402043e-07,0
9322,-9.004473895402043e-07,0
9323,-0.28595247955843206,0
9324,-9.004473895402043e-07,0
9325,-9.004473895402043e-07,0
9326,-9.004473895402043e-07,0
9327,-9.004473895402043e-07,0
9328,-9.004473895402043e-07,0
9329,-9.004473895402043e-07,0
9330,-9.004473895402043e-07,0
9331,-9.004473895402043e-07,0
9332,-0.28595247955843206,0
9333,-9.004473895402043e-07,0
9334,-9.004473895402043e-07,0
9335,-9.004473895402043e-07,0
9336,-9.004473895402043e-07,0
9337,-9.004473895402043e-07,0
9338,-9.004473895402043e-07,0
9339,-9.004473895402043e-07,0
9340,-9.004473895402043e-07,0
9341,-0.28595247955843206,0
9342,-9.004473895402043e-07,0
9343,-9.004473895402043e-07,0
9344,-9.004473895402043e-07,0
9345,-9.004473895402043e-07,0
9346,-9.004473895402043e-07,0
9347,-9.004473895402043e-07,0
9348,-9.004473895402043e-07,0
9349,-9.004473895402043e-07,0
9350,-0.28595247955843206,0
9351,-9.004473895402043e-07,0
9352,-9.004473895402043e-07,0
9353,-9.004473895402043e-07,0
9354,-9.004473895402043e-07,0
9355,-9.004473895402043e-07,0
9356,-9.004473895402043e-07,0
9357,-9.004473895402043e-07,0
9358,-9.004473895402043e-07,0
9359,0.27555341500033137,1
9360,-9.004473895402043e-07,0
9361,-9.004473895402043e-07,0
9362,-9.004473895402043e-07,0
9363,-9.004473895402043e-07,0
9364,-9.004473895402043e-07,0
9365,-9.004473895402043e-07,0
9366,-9.004473895402043e-07,0
9367,-9.004473895402043e-07,0
9368,1.785633107284184,1
9369,-9.004473895402043e-07,0
9370,-9.004473895402043e-07,0
9371,-9.004473895402043e-07,0
9372,-9.004473895402043e-07,0
9373,-9.004473895402043e-07,0
9374,-9.004473895402043e-07,0
9375,-9.004473895402043e-07,0
9376,-0.28595247955843206,0
9377,-9.004473895402043e-07,0
9378,-9.004473895402043e-07,0
9379,-9.004473895402043e-07,0
9380,-9.004473895402043e-07,0
9381,-9.004473895402043e-07,0
9382,-9.004473895402043e-07,0
9383,-9.004473895402043e-07,0
9384,-0.28595247955843206,0
9385,-9.004473895402043e-07,0
9386,-9.004473895402043e-07,0
9387,-9.004473895402043e-07,0
9388,-0.016992107790770206,0
9389,-9.004473895402043e-07,0
9390,-9.004473895402043e-07,0
9391,-9.004473895402043e-07,0
9392,-0.20018338835075156,0
9393,-9.004473895402043e-07,0
9394,-9.004473895402043e-07,0
9395,-9.004473895402043e-07,0
9396,-0.23750304684256207,0
9397,-9.004473895402043e-07,0
9398,-9.004473895402043e-07,0
9399,-9.004473895402043e-07,0
9400,-9.004473895402043e-07,0
9401,-9.004473895402043e-07,0
9402,-9.004473895402043e-07,0
9403,-9.004473895402043e-07,0
9404,2.523062440119702,1
9405,-9.004473895402043e-07,0
9406,-9.004473895402043e-07,0
9407,-9.004473895402043e-07,0
9408,-0.28595247955843206,0
9409,-9.004473895402043e-07,0
9410,-9.004473895402043e-07,0
9411,-9.004473895402043e-07,0
9412,0.919190922764983,1
9413,-9.004473895402043e-07,0
9414,-9.004473895402043e-07,0
9415,-9.004473895402043e-07,0
9416,-0.28595247955843206,0
9417,-9.004473895402043e-07,0
9418,-9.004473895402043e-07,0
9419,-9.004473895402043e-07,0
9420,-0.28595247955843206,0
9421,-9.004473895402043e-07,0
9422,-9.004473895402043e-07,0
9423,-9.004473895402043e-07,0
9424,-0.28595247955843206,0
9425,-9.004473895402043e-07,0
9426,-9.004473895402043e-07,0
9427,-9.004473895402043e-07,0
9428,-0.32950809457167907,0
9429,-9.004473895402043e-07,0
9430,-9.004473895402043e-07,0
9431,-9.004473895402043e-07,0
9432,-0.32950809457167907,0
9433,-9.004473895402043e-07,0
9434,-9.004473895402043e-07,0
9435,-9.004473895402043e-07,0
9436,-9.004473895402043e-07,0
9437,-9.004473895402043e-07,0
9438,-9.004473895402043e-07,0
9439,-9.004473895402043e-07,0
9440,-0.28595247955843206,0
9441,-9.004473895402043e-07,0
9442,-9.004473895402043e-07,0
9443,-9.004473895402043e-07,0
9444,-9.004473895402043e-07,0
9445,-9.004473895402043e-07,0
9446,-9.004473895402043e-07,0
9447,-9.004473895402043e-07,0
9448,-0.28595247955843206,0
9449,-9.004473895402043e-07,0
9450,-9.004473895402043e-07,0
9451,-9.004473895402043e-07,0
9452,-9.004473895402043e-07,0
9453,-9.004473895402043e-07,0
9454,-9.004473895402043e-07,0
9455,-9.004473895402043e-07,0
9456,-0.35436697993998223,0
9457,-0.21137473892724756,0
9458,-9.004473895402043e-07,0
9459,-9.004473895402043e-07,0
9460,-9.004473895402043e-07,0
9461,-0.08832728957327163,0
9462,-9.004473895402043e-07,0
9463,-9.004473895402043e-07,0
9464,-9.004473895402043e-07,0
9465,-0.25887405176649736,0
9466,-9.004473895402043e-07,0
9467,-9.004473895402043e-07,0
9468,-9.004473895402043e-07,0
9469,-0.0042875259291577095,0
9470,-9.004473895402043e-07,0
9471,-9.004473895402043e-07,0
9472,-9.004473895402043e-07,0
9473,-0.34676020848121425,0
9474,-0.2611149777018227,0
9475,-9.004473895402043e-07,0
9476,-9.004473895402043e-07,0
9477,-9.004473895402043e-07,0
9478,-9.004473895402043e-07,0
9479,-9.004473895402043e-07,0
9480,-9.004473895402043e-07,0
9481,-9.004473895402043e-07,0
9482,-0.35561175910277143,0
9483,-9.004473895402043e-07,0
9484,-9.004473895402043e-07,0
9485,-9.004473895402043e-07,0
9486,-9.004473895402043e-07,0
9487,-9.004473895402043e-07,0
9488,-9.004473895402043e-07,0
9489,-9.004473895402043e-07,0
9490,-9.004473895402043e-07,0
9491,-0.26978475807777613,0
9492,-9.004473895402043e-07,0
9493,-9.004473895402043e-07,0
9494,-9.004473895402043e-07,0
9495,-9.004473895402043e-07,0
9496,-9.004473895402043e-07,0
9497,-9.004473895402043e-07,0
9498,-9.004473895402043e-07,0
9499,-9.004473895402043e-07,0
9500,-0.29158803144332524,0
9501,-9.004473895402043e-07,0
9502,-9.004473895402043e-07,0
9503,-9.004473895402043e-07,0
9504,-9.004473895402043e-07,0
9505,-9.004473895402043e-07,0
9506,-9.004473895402043e-07,0
9507,-9.004473895402043e-07,0
9508,-0.32050588074787356,0
9509,-9.004473895402043e-07,0
9510,-9.004473895402043e-07,0
9511,-9.004473895402043e-07,0
9512,-9.004473895402043e-07,0
9513,-9.004473895402043e-07,0
9514,-9.004473895402043e-07,0
9515,-9.004473895402043e-07,0
9516,-9.004473895402043e-07,0
9517,-0.28595247955843206,0
9518,-9.004473895402043e-07,0
9519,-9.004473895402043e-07,0
9520,-9.004473895402043e-07,0
9521,-9.004473895402043e-07,0
9522,-9.004473895402043e-07,0
9523,-9.004473895402043e-07,0
9524,-9.004473895402043e-07,0
9525,-9.004473895402043e-07,0
9526,-0.28595247955843206,0
9527,-9.004473895402043e-07,0
9528,-9.004473895402043e-07,0
9529,-9.004473895402043e-07,0
9530,-9.004473895402043e-07,0
9531,-9.004473895402043e-07,0
9532,-9.004473895402043e-07,0
9533,-9.004473895402043e-07,0
9534,-9.004473895402043e-07,0
9535,-0.18854067624249637,0
9536,-9.004473895402043e-07,0
9537,-9.004473895402043e-07,0
9538,-9.004473895402043e-07,0
9539,-0.0042875259291577095,0
9540,-9.004473895402043e-07,0
9541,-9.004473895402043e-07,0
9542,-9.004473895402043e-07,0
9543,-9.004473895402043e-07,0
9544,0.8629821707354495,1
9545,-9.004473895402043e-07,0
9546,-9.004473895402043e-07,0
9547,-9.004473895402043e-07,0
9548,-9.004473895402043e-07,0
9549,-9.004473895402043e-07,0
9550,-9.004473895402043e-07,0
9551,-9.004473895402043e-07,0
9552,-9.004473895402043e-07,0
9553,-0.33617128021899134,0
9554,-9.004473895402043e-07,0
9555,-9.004473895402043e-07,0
9556,-9.004473895402043e-07,0
9557,-9.004473895402043e-07,0
9558,-9.004473895402043e-07,0
9559,-9.004473895402043e-07,0
9560,-9.004473895402043e-07,0
9561,-9.004473895402043e-07,0
9562,-0.28595247955843206,0
9563,-9.004473895402043e-07,0
9564,-9.004473895402043e-07,0
9565,-9.004473895402043e-07,0
9566,-9.004473895402043e-07,0
9567,-9.004473895402043e-07,0
9568,-9.004473895402043e-07,0
9569,-9.004473895402043e-07,0
9570,-9.004473895402043e-07,0
9571,-0.28595247955843206,0
9572,-9.004473895402043e-07,0
9573,-9.004473895402043e-07,0
9574,-9.004473895402043e-07,0
9575,-9.004473895402043e-07,0
9576,-9.004473895402043e-07,0
9577,-9.004473895402043e-07,0
9578,-9.004473895402043e-07,0
9579,-9.004473895402043e-07,0
9580,-0.32950809457167907,0
9581,-9.004473895402043e-07,0
9582,-9.004473895402043e-07,0
9583,-9.004473895402043e-07,0
9584,-0.3021900649592908,0
9585,-9.004473895402043e-07,0
9586,-9.004473895402043e-07,0
9587,-9.004473895402043e-07,0
9588,-0.07702056030996118,0
9589,-9.004473895402043e-07,0
9590,-9.004473895402043e-07,0
9591,-9.004473895402043e-07,0
9592,-9.004473895402043e-07,0
9593,-0.23500299620945952,0
9594,-9.004473895402043e-07,0
9595,-9.004473895402043e-07,0
9596,-9.004473895402043e-07,0
9597,-0.0042875259291577095,0
9598,-9.004473895402043e-07,0
9599,-9.004473895402043e-07,0
9600,-9.004473895402043e-07,0
9601,-9.004473895402043e-07,0
9602,-0.32050588074787356,0
9603,-9.004473895402043e-07,0
9604,-9.004473895402043e-07,0
9605,-9.004473895402043e-07,0
9606,-9.004473895402043e-07,0
9607,-9.004473895402043e-07,0
9608,-9.004473895402043e-07,0
9609,-9.004473895402043e-07,0
9610,-9.004473895402043e-07,0
9611,-0.29158803144332524,0
9612,-9.004473895402043e-07,0
9613,-9.004473895402043e-07,0
9614,-9.004473895402043e-07,0
9615,-9.004473895402043e-07,0
9616,-9.004473895402043e-07,0
9617,-9.004473895402043e-07,0
9618,-9.004473895402043e-07,0
9619,-9.004473895402043e-07,0
9620,-0.28595247955843206,0
9621,-9.004473895402043e-07,0
9622,-9.004473895402043e-07,0
9623,-9.004473895402043e-07,0
9624,-9.004473895402043e-07,0
9625,-9.004473895402043e-07,0
9626,-9.004473895402043e-07,0
9627,-9.004473895402043e-07,0
9628,-9.004473895402043e-07,0
9629,-0.32950809457167907,0
9630,-0.3205317607288407,0
9631,-9.004473895402043e-07,0
9632,-9.004473895402043e-07,0
9633,-9.004473895402043e-07,0
9634,-0.02946373955353465,0
9635,-0.28595247955843206,0
9636,-9.004473895402043e-07,0
9637,-9.004473895402043e-07,0
9638,-9.004473895402043e-07,0
9639,-9.004473895402043e-07,0
9640,-9.004473895402043e-07,0
9641,-9.004473895402043e-07,0
9642,-9.004473895402043e-07,0
9643,-9.004473895402043e-07,0
9644,-0.28595247955843206,0
9645,-9.004473895402043e-07,0
9646,-9.004473895402043e-07,0
9647,-9.004473895402043e-07,0
9648,-9.004473895402043e-07,0
9649,-9.004473895402043e-07,0
9650,-9.004473895402043e-07,0
9651,-9.004473895402043e-07,0
9652,-9.004473895402043e-07,0
9653,-0.28595247955843206,0
9654,-9.004473895402043e-07,0
9655,-9.004473895402043e-07,0
9656,-9.004473895402043e-07,0
9657,-9.004473895402043e-07,0
9658,-9.004473895402043e-07,0
9659,-9.004473895402043e-07,0
9660,-9.004473895402043e-07,0
9661,-9.004473895402043e-07,0
9662,-0.28595247955843206,0
9663,-9.004473895402043e-07,0
9664,-9.004473895402043e-07,0
9665,-9.004473895402043e-07,0
9666,-9.004473895402043e-07,0
9667,-9.004473895402043e-07,0
9668,-9.004473895402043e-07,0
9669,-9.004473895402043e-07,0
9670,-9.004473895402043e-07,0
9671,-0.28595247955843206,0
9672,-9.004473895402043e-07,0
9673,-9.004473895402043e-07,0
9674,-9.004473895402043e-07,0
9675,-9.004473895402043e-07,0
9676,-9.004473895402043e-07,0
9677,-9.004473895402043e-07,0
9678,-9.004473895402043e-07,0
9679,-9.004473895402043e-07,0
9680,-0.28595247955843206,0
9681,-9.004473895402043e-07,0
9682,-9.004473895402043e-07,0
9683,-9.004473895402043e-07,0
9684,-9.004473895402043e-07,0
9685,-9.004473895402043e-07,0
9686,-9.004473895402043e-07,0
9687,-9.004473895402043e-07,0
9688,-9.004473895402043e-07,0
9689,-0.28595247955843206,0
9690,-9.004473895402043e-07,0
9691,-9.004473895402043e-07,0
9692,-9.004473895402043e-07,0
9693,-9.004473895402043e-07,0
9694,-9.004473895402043e-07,0
9695,-9.004473895402043e-07,0
9696,-9.004473895402043e-07,0
9697,-9.004473895402043e-07,0
9698,-0.3245342214578386,0
9699,-9.004473895402043e-07,0
9700,-9.004473895402043e-07,0
9701,-9.004473895402043e-07,0
9702,-9.004473895402043e-07,0
9703,-9.004473895402043e-07,0
9704,-9.004473895402043e-07,0
9705,-9.004473895402043e-07,0
9706,-0.3340674015381637,0
9707,-9.004473895402043e-07,0
9708,-9.004473895402043e-07,0
9709,-9.004473895402043e-07,0
9710,-9.004473895402043e-07,0
9711,-9.004473895402043e-07,0
9712,-9.004473895402043e-07,0
9713,-9.004473895402043e-07,0
9714,-9.004473895402043e-07,0
9715,-0.3133149954541068,0
9716,-9.004473895402043e-07,0
9717,-9.004473895402043e-07,0
9718,-9.004473895402043e-07,0
9719,-0.13463044874174557,0
9720,-9.004473895402043e-07,0
9721,-9.004473895402043e-07,0
9722,-9.004473895402043e-07,0
9723,-9.004473895402043e-07,0
9724,-9.004473895402043e-07,0
9725,-9.004473895402043e-07,0
9726,-9.004473895402043e-07,0
9727,-9.004473895402043e-07,0
9728,-0.31770723925899347,0
9729,-9.004473895402043e-07,0
9730,-9.004473895402043e-07,0
9731,-9.004473895402043e-07,0
9732,-0.1856114527996624,0
9733,-9.004473895402043e-07,0
9734,-9.004473895402043e-07,0
9735,-9.004473895402043e-07,0
9736,-9.004473895402043e-07,0
9737,-0.35005049600977145,0
9738,-9.004473895402043e-07,0
9739,-9.004473895402043e-07,0
9740,-9.004473895402043e-07,0
9741,-9.004473895402043e-07,0
9742,-0.28595247955843206,0
9743,-9.004473895402043e-07,0
9744,-9.004473895402043e-07,0
9745,-9.004473895402043e-07,0
9746,-9.004473895402043e-07,0
9747,-9.004473895402043e-07,0
9748,-9.004473895402043e-07,0
9749,-9.004473895402043e-07,0
9750,-9.004473895402043e-07,0
9751,0.919190922764983,1
9752,-9.004473895402043e-07,0
9753,-9.004473895402043e-07,0
9754,-9.004473895402043e-07,0
9755,-9.004473895402043e-07,0
9756,-9.004473895402043e-07,0
9757,-9.004473895402043e-07,0
9758,-9.004473895402043e-07,0
9759,-0.2542783544275835,0
9760,-9.004473895402043e-07,0
9761,-9.004473895402043e-07,0
9762,-9.004473895402043e-07,0
9763,-9.004473895402043e-07,0
9764,-9.004473895402043e-07,0
9765,-9.004473895402043e-07,0
9766,-9.004473895402043e-07,0
9767,-0.32950809457167907,0
9768,-0.3004625992520005,0
9769,-9.004473895402043e-07,0
9770,-9.004473895402043e-07,0
9771,-9.004473895402043e-07,0
9772,-9.004473895402043e-07,0
9773,-9.004473895402043e-07,0
9774,-9.004473895402043e-07,0
9775,-9.004473895402043e-07,0
9776,-9.004473895402043e-07,0
9777,-0.298739488656679,0
9778,0.5454123012921173,1
9779,-9.004473895402043e-07,0
9780,-9.004473895402043e-07,0
9781,-0.0042875259291577095,0
9782,-0.34676020848121425,0
9783,-9.004473895402043e-07,0
9784,-9.004473895402043e-07,0
9785,-9.004473895402043e-07,0
9786,-0.0042875259291577095,0
9787,-9.004473895402043e-07,0
9788,-9.004473895402043e-07,0
9789,-9.004473895402043e-07,0
9790,-9.004473895402043e-07,0
9791,-9.004473895402043e-07,0
9792,-9.004473895402043e-07,0
9793,-9.004473895402043e-07,0
9794,-0.1311906374942282,0
9795,-9.004473895402043e-07,0
9796,-9.004473895402043e-07,0
9797,-9.004473895402043e-07,0
9798,-0.0042875259291577095,0
9799,-9.004473895402043e-07,0
9800,-9.004473895402043e-07,0
9801,-9.004473895402043e-07,0
9802,-0.1795647569125549,0
9803,-9.004473895402043e-07,0
9804,-9.004473895402043e-07,0
9805,-9.004473895402043e-07,0
9806,-9.004473895402043e-07,0
9807,-9.004473895402043e-07,0
9808,-9.004473895402043e-07,0
9809,-9.004473895402043e-07,0
9810,-9.004473895402043e-07,0
9811,-9.004473895402043e-07,0
9812,-9.004473895402043e-07,0
9813,-9.004473895402043e-07,0
9814,2.6461173142132566,1
9815,-9.004473895402043e-07,0
9816,-9.004473895402043e-07,0
9817,-9.004473895402043e-07,0
9818,-9.004473895402043e-07,0
9819,-9.004473895402043e-07,0
9820,-9.004473895402043e-07,0
9821,-9.004473895402043e-07,0
9822,-9.004473895402043e-07,0
9823,-9.004473895402043e-07,0
9824,-9.004473895402043e-07,0
9825,-9.004473895402043e-07,0
9826,-9.004473895402043e-07,0
9827,-0.057658238396015804,0
9828,-9.004473895402043e-07,0
9829,0.8392792210835296,1
9830,-9.004473895402043e-07,0
9831,0.08158160048787977,1
9832,-0.33294477871356776,0
9833,-9.004473895402043e-07,0
9834,-0.3102858478420103,0
9835,-0.0042875259291577095,0
9836,-0.24488449803072854,0
9837,-9.004473895402043e-07,0
9838,-0.31770723925899347,0
9839,-9.004473895402043e-07,0
9840,-0.21137473892724756,0
9841,-0.35436697993998223,0
9842,-9.004473895402043e-07,0
9843,-0.3410486257382672,0
9844,746.1821317816493,1
9845,-9.004473895402043e-07,0
9846,-0.3283034916747738,0
9847,-0.11733938621227935,0
9848,-0.11733938621227935,0
9849,-0.28595247955843206,0
9850,-0.28595247955843206,0
9851,-0.28595247955843206,0
9852,-0.28595247955843206,0
9853,1.2191639396153278,1
9854,-0.0042875259291577095,0
9855,-0.0042875259291577095,0
9856,0.09599075894391262,1
9857,-0.2952470858625702,0
9858,0.40765642404767277,1
9859,-0.07319987230266634,0
9860,-0.22478115418061861,0
9861,-9.004473895402043e-07,0
9862,-9.004473895402043e-07,0
9863,-9.004473895402043e-07,0
9864,-0.0042875259291577095,0
9865,-9.004473895402043e-07,0
9866,-9.004473895402043e-07,0
9867,-9.004473895402043e-07,0
9868,-0.01697414030093114,0
9869,-9.004473895402043e-07,0
9870,-9.004473895402043e-07,0
9871,-9.004473895402043e-07,0
9872,-0.0042875259291577095,0
9873,-9.004473895402043e-07,0
9874,-9.004473895402043e-07,0
9875,-9.004473895402043e-07,0
9876,-9.004473895402043e-07,0
9877,-0.3340461858750814,0
9878,-9.004473895402043e-07,0
9879,-9.004473895402043e-07,0
9880,-9.004473895402043e-07,0
9881,-9.004473895402043e-07,0
9882,-9.004473895402043e-07,0
9883,-9.004473895402043e-07,0
9884,-9.004473895402043e-07,0
9885,-0.3517225105294983,0
9886,-9.004473895402043e-07,0
9887,-9.004473895402043e-07,0
9888,-9.004473895402043e-07,0
9889,-9.004473895402043e-07,0
9890,-9.004473895402043e-07,0
9891,-9.004473895402043e-07,0
9892,-9.004473895402043e-07,0
9893,-9.004473895402043e-07,0
9894,-0.16727047650056193,0
9895,-9.004473895402043e-07,0
9896,-9.004473895402043e-07,0
9897,-9.004473895402043e-07,0
9898,-0.3270491495420629,0
9899,-9.004473895402043e-07,0
9900,-9.004473895402043e-07,0
9901,-9.004473895402043e-07,0
9902,-9.004473895402043e-07,0
9903,-9.004473895402043e-07,0
9904,-9.004473895402043e-07,0
9905,-9.004473895402043e-07,0
9906,-9.004473895402043e-07,0
9907,-0.3340461858750814,0
9908,-9.004473895402043e-07,0
9909,-9.004473895402043e-07,0
9910,-9.004473895402043e-07,0
9911,-9.004473895402043e-07,0
9912,-9.004473895402043e-07,0
9913,-9.004473895402043e-07,0
9914,-9.004473895402043e-07,0
9915,-9.004473895402043e-07,0
9916,-0.27604189565511206,0
9917,-9.004473895402043e-07,0
9918,-9.004473895402043e-07,0
9919,-9.004473895402043e-07,0
9920,-9.004473895402043e-07,0
9921,-9.004473895402043e-07,0
9922,-9.004473895402043e-07,0
9923,-9.004473895402043e-07,0
9924,-0.0042875259291577095,0
9925,-0.3318174651086565,0
9926,-9.004473895402043e-07,0
9927,-9.004473895402043e-07,0
9928,-9.004473895402043e-07,0
9929,-0.0042875259291577095,0
9930,-9.004473895402043e-07,0
9931,-9.004473895402043e-07,0
9932,-9.004473895402043e-07,0
9933,-9.004473895402043e-07,0
9934,-0.31911951223264623,0
9935,-9.004473895402043e-07,0
9936,-9.004473895402043e-07,0
9937,-9.004473895402043e-07,0
9938,-9.004473895402043e-07,0
9939,-9.004473895402043e-07,0
9940,-9.004473895402043e-07,0
9941,-9.004473895402043e-07,0
9942,-9.004473895402043e-07,0
9943,-0.3232009035740475,0
9944,-9.004473895402043e-07,0
9945,-9.004473895402043e-07,0
9946,-9.004473895402043e-07,0
9947,-9.004473895402043e-07,0
9948,-9.004473895402043e-07,0
9949,-9.004473895402043e-07,0
9950,-9.004473895402043e-07,0
9951,-0.0042875259291577095,0
9952,-0.14133136345583353,0
9953,-9.004473895402043e-07,0
9954,-9.004473895402043e-07,0
9955,-9.004473895402043e-07,0
9956,-9.004473895402043e-07,0
9957,-9.004473895402043e-07,0
9958,-9.004473895402043e-07,0
9959,-9.004473895402043e-07,0
9960,-9.004473895402043e-07,0
9961,-0.22992521446042247,0
9962,-9.004473895402043e-07,0
9963,-9.004473895402043e-07,0
9964,-9.004473895402043e-07,0
9965,-9.004473895402043e-07,0
9966,-9.004473895402043e-07,0
9967,-9.004473895402043e-07,0
9968,-9.004473895402043e-07,0
9969,-9.004473895402043e-07,0
9970,1.0353952282616774,1
9971,-9.004473895402043e-07,0
9972,-9.004473895402043e-07,0
9973,-9.004473895402043e-07,0
9974,-9.004473895402043e-07,0
9975,-9.004473895402043e-07,0
9976,-9.004473895402043e-07,0
9977,-9.004473895402043e-07,0
9978,-0.0042875259291577095,0
9979,-0.3488062734893447,0
9980,-9.004473895402043e-07,0
9981,-9.004473895402043e-07,0
9982,-9.004473895402043e-07,0
9983,-9.004473895402043e-07,0
9984,-9.004473895402043e-07,0
9985,-9.004473895402043e-07,0
9986,-9.004473895402043e-07,0
9987,-0.0042875259291577095,0
9988,-0.05763369573617183,0
9989,-9.004473895402043e-07,0
9990,-9.004473895402043e-07,0
9991,-9.004473895402043e-07,0
9992,-0.0042875259291577095,0
9993,-9.004473895402043e-07,0
9994,-9.004473895402043e-07,0
9995,-9.004473895402043e-07,0
9996,-9.004473895402043e-07,0
9997,-0.3340461858750814,0
9998,-9.004473895402043e-07,0
9999,-9.004473895402043e-07,0
10000,-9.004473895402043e-07,0
10001,-0.0042875259291577095,0
10002,-9.004473895402043e-07,0
10003,-9.004473895402043e-07,0
10004,-9.004473895402043e-07,0
10005,-0.21137473892724756,0
10006,-0.3567925693350844,0
10007,-9.004473895402043e-07,0
10008,-9.004473895402043e-07,0
10009,-9.004473895402043e-07,0
10010,-9.004473895402043e-07,0
10011,-9.004473895402043e-07,0
10012,-9.004473895402043e-07,0
10013,-9.004473895402043e-07,0
10014,-0.1855745905970707,0
10015,-9.004473895402043e-07,0
10016,-9.004473895402043e-07,0
10017,-9.004473895402043e-07,0
10018,-9.004473895402043e-07,0
10019,-9.004473895402043e-07,0
10020,-9.004473895402043e-07,0
10021,-9.004473895402043e-07,0
10022,-0.33294477871356776,0
10023,-9.004473895402043e-07,0
10024,-9.004473895402043e-07,0
10025,-9.004473895402043e-07,0
10026,-0.0042875259291577095,0
10027,-9.004473895402043e-07,0
10028,-9.004473895402043e-07,0
10029,-9.004473895402043e-07,0
10030,-0.3481588878855746,0
10031,-9.004473895402043e-07,0
10032,-9.004473895402043e-07,0
10033,-9.004473895402043e-07,0
10034,-9.004473895402043e-07,0
10035,-9.004473895402043e-07,0
10036,-9.004473895402043e-07,0
10037,-9.004473895402043e-07,0
10038,-0.03762729424272493,0
10039,-9.004473895402043e-07,0
10040,-9.004473895402043e-07,0
10041,-9.004473895402043e-07,0
10042,-9.004473895402043e-07,0
10043,-9.004473895402043e-07,0
10044,-9.004473895402043e-07,0
10045,-9.004473895402043e-07,0
10046,-0.27604189565511206,0
10047,-9.004473895402043e-07,0
10048,-9.004473895402043e-07,0
10049,-9.004473895402043e-07,0
10050,-9.004473895402043e-07,0
10051,-9.004473895402043e-07,0
10052,-9.004473895402043e-07,0
10053,-9.004473895402043e-07,0
10054,-0.1672344502338774,0
10055,-9.004473895402043e-07,0
10056,-9.004473895402043e-07,0
10057,-9.004473895402043e-07,0
10058,-0.0042875259291577095,0
10059,-9.004473895402043e-07,0
10060,-9.004473895402043e-07,0
10061,-9.004473895402043e-07,0
10062,-0.26329453881032805,0
10063,-9.004473895402043e-07,0
10064,-9.004473895402043e-07,0
10065,-9.004473895402043e-07,0
10066,-9.004473895402043e-07,0
10067,-9.004473895402043e-07,0
10068,-9.004473895402043e-07,0
10069,-9.004473895402043e-07,0
10070,-0.3547239408283076,0
10071,-9.004473895402043e-07,0
10072,-9.004473895402043e-07,0
10073,-9.004473895402043e-07,0
10074,-9.004473895402043e-07,0
10075,-9.004473895402043e-07,0
10076,-9.004473895402043e-07,0
10077,-9.004473895402043e-07,0
10078,-0.28595247955843206,0
10079,-9.004473895402043e-07,0
10080,-9.004473895402043e-07,0
10081,-9.004473895402043e-07,0
10082,-9.004473895402043e-07,0
10083,-9.004473895402043e-07,0
10084,-9.004473895402043e-07,0
10085,-9.004473895402043e-07,0
10086,-0.28595247955843206,0
10087,-9.004473895402043e-07,0
10088,-9.004473895402043e-07,0
10089,-9.004473895402043e-07,0
10090,-9.004473895402043e-07,0
10091,-9.004473895402043e-07,0
10092,-9.004473895402043e-07,0
10093,-9.004473895402043e-07,0
10094,-0.2610793377277787,0
10095,-9.004473895402043e-07,0
10096,-9.004473895402043e-07,0
10097,-9.004473895402043e-07,0
10098,-9.004473895402043e-07,0
10099,-9.004473895402043e-07,0
10100,-9.004473895402043e-07,0
10101,-9.004473895402043e-07,0
10102,-0.21407044785473772,0
10103,-9.004473895402043e-07,0
10104,-9.004473895402043e-07,0
10105,-9.004473895402043e-07,0
10106,-9.004473895402043e-07,0
10107,-9.004473895402043e-07,0
10108,-9.004473895402043e-07,0
10109,-9.004473895402043e-07,0
10110,-0.3318174651086565,0
10111,-9.004473895402043e-07,0
10112,-9.004473895402043e-07,0
10113,-9.004473895402043e-07,0
10114,-9.004473895402043e-07,0
10115,-9.004473895402043e-07,0
10116,-9.004473895402043e-07,0
10117,-9.004473895402043e-07,0
10118,-0.30868961861563093,0
10119,-9.004473895402043e-07,0
10120,-9.004473895402043e-07,0
10121,-9.004473895402043e-07,0
10122,-9.004473895402043e-07,0
10123,-9.004473895402043e-07,0
10124,-9.004473895402043e-07,0
10125,-9.004473895402043e-07,0
10126,0.04886522828599027,1
10127,-9.004473895402043e-07,0
10128,-9.004473895402043e-07,0
10129,-9.004473895402043e-07,0
10130,-9.004473895402043e-07,0
10131,-9.004473895402043e-07,0
10132,-9.004473895402043e-07,0
10133,-9.004473895402043e-07,0
10134,-0.35608294671317253,0
10135,-9.004473895402043e-07,0
10136,-9.004473895402043e-07,0
10137,-9.004473895402043e-07,0
10138,-9.004473895402043e-07,0
10139,-9.004473895402043e-07,0
10140,-9.004473895402043e-07,0
10141,-9.004473895402043e-07,0
10142,-0.1311906374942282,0
10143,-9.004473895402043e-07,0
10144,-9.004473895402043e-07,0
10145,-9.004473895402043e-07,0
10146,-9.004473895402043e-07,0
10147,-9.004473895402043e-07,0
10148,-9.004473895402043e-07,0
10149,-9.004473895402043e-07,0
10150,-0.3306642452110964,0
10151,-9.004473895402043e-07,0
10152,-9.004473895402043e-07,0
10153,-9.004473895402043e-07,0
10154,-9.004473895402043e-07,0
10155,-9.004473895402043e-07,0
10156,-9.004473895402043e-07,0
10157,-9.004473895402043e-07,0
10158,-0.35358912951221555,0
10159,-9.004473895402043e-07,0
10160,-9.004473895402043e-07,0
10161,-9.004473895402043e-07,0
10162,-0.2542783544275835,0
10163,-9.004473895402043e-07,0
10164,-9.004473895402043e-07,0
10165,-9.004473895402043e-07,0
10166,0.8629821707354495,1
10167,-9.004473895402043e-07,0
10168,-9.004473895402043e-07,0
10169,-9.004473895402043e-07,0
10170,-0.14796243668217812,0
10171,-9.004473895402043e-07,0
10172,-9.004473895402043e-07,0
10173,-9.004473895402043e-07,0
10174,-0.35005049600977145,0
10175,-9.004473895402043e-07,0
10176,-9.004473895402043e-07,0
10177,-9.004473895402043e-07,0
10178,0.9683746086923293,1
10179,-9.004473895402043e-07,0
10180,-9.004473895402043e-07,0
10181,-9.004473895402043e-07,0
10182,-0.23750304684256207,0
10183,-9.004473895402043e-07,0
10184,-9.004473895402043e-07,0
10185,-9.004473895402043e-07,0
10186,-0.28785689722042207,0
10187,-9.004473895402043e-07,0
10188,-9.004473895402043e-07,0
10189,-9.004473895402043e-07,0
10190,-0.2610793377277787,0
10191,-9.004473895402043e-07,0
10192,-9.004473895402043e-07,0
10193,-9.004473895402043e-07,0
10194,3.2043783199292193,1
10195,-9.004473895402043e-07,0
10196,-9.004473895402043e-07,0
10197,-9.004473895402043e-07,0
10198,-0.24242546600430614,0
10199,-9.004473895402043e-07,0
10200,-9.004473895402043e-07,0
10201,-9.004473895402043e-07,0
10202,-0.3070960199777346,0
10203,-9.004473895402043e-07,0
10204,-9.004473895402043e-07,0
10205,-9.004473895402043e-07,0
10206,-0.2654838427346249,0
10207,-9.004473895402043e-07,0
10208,-9.004473895402043e-07,0
10209,-9.004473895402043e-07,0
10210,-0.28595247955843206,0
10211,-9.004473895402043e-07,0
10212,-9.004473895402043e-07,0
10213,-9.004473895402043e-07,0
10214,-0.3569099690467965,0
10215,-0.3071252610399142,0
10216,-9.004473895402043e-07,0
10217,-9.004473895402043e-07,0
10218,-9.004473895402043e-07,0
10219,-0.16408715920147188,0
10220,-9.004473895402043e-07,0
10221,-9.004473895402043e-07,0
10222,-9.004473895402043e-07,0
10223,-0.0253324129585053,0
10224,-0.3565847484061351,0
10225,-9.004473895402043e-07,0
10226,-9.004473895402043e-07,0
10227,-9.004473895402043e-07,0
10228,-9.004473895402043e-07,0
10229,-0.316269061998355,0
10230,-9.004473895402043e-07,0
10231,-9.004473895402043e-07,0
10232,-9.004473895402043e-07,0
10233,-0.3282800872493681,0
10234,-0.2878895801057979,0
10235,-9.004473895402043e-07,0
10236,-9.004473895402043e-07,0
10237,-9.004473895402043e-07,0
10238,-0.3569099690467965,0
10239,-9.004473895402043e-07,0
10240,-9.004473895402043e-07,0
10241,-9.004473895402043e-07,0
10242,-9.004473895402043e-07,0
10243,-0.3558581780721397,0
10244,-0.33821213784540305,0
10245,-9.004473895402043e-07,0
10246,-9.004473895402043e-07,0
10247,-9.004473895402043e-07,0
10248,-9.004473895402043e-07,0
10249,-0.35608294671317253,0
10250,-9.004473895402043e-07,0
10251,-9.004473895402043e-07,0
10252,-9.004473895402043e-07,0
10253,-9.004473895402043e-07,0
10254,-0.2588382397771056,0
10255,-9.004473895402043e-07,0
10256,-9.004473895402043e-07,0
10257,-9.004473895402043e-07,0
10258,-9.004473895402043e-07,0
10259,-0.05763369573617183,0
10260,-0.34011058453370424,0
10261,-9.004473895402043e-07,0
10262,-9.004473895402043e-07,0
10263,-9.004473895402043e-07,0
10264,-0.31182727772716134,0
10265,-0.3102858478420103,0
10266,-9.004473895402043e-07,0
10267,-9.004473895402043e-07,0
10268,-9.004473895402043e-07,0
10269,-0.3218663445927632,0
10270,-0.10304046804583322,0
10271,-9.004473895402043e-07,0
10272,-9.004473895402043e-07,0
10273,-9.004473895402043e-07,0
10274,-0.32450955751426136,0
10275,-9.004473895402043e-07,0
10276,-9.004473895402043e-07,0
10277,-9.004473895402043e-07,0
10278,-9.004473895402043e-07,0
10279,-0.25657124524946084,0
10280,-9.004473895402043e-07,0
10281,-9.004473895402043e-07,0
10282,-9.004473895402043e-07,0
10283,-9.004473895402043e-07,0
10284,-0.2934147474909423,0
10285,-9.004473895402043e-07,0
10286,-9.004473895402043e-07,0
10287,-9.004473895402043e-07,0
10288,-9.004473895402043e-07,0
10289,-0.25657124524946084,0
10290,-9.004473895402043e-07,0
10291,-9.004473895402043e-07,0
10292,-9.004473895402043e-07,0
10293,-0.28595247955843206,0
10294,-9.004473895402043e-07,0
10295,-9.004473895402043e-07,0
10296,-9.004473895402043e-07,0
10297,-9.004473895402043e-07,0
10298,-0.3133149954541068,0
10299,-9.004473895402043e-07,0
10300,-9.004473895402043e-07,0
10301,-9.004473895402043e-07,0
10302,-0.2247438607762433,0
10303,-9.004473895402043e-07,0
10304,-9.004473895402043e-07,0
10305,-9.004473895402043e-07,0
10306,-9.004473895402043e-07,0
10307,-0.3054765184936059,0
10308,-9.004473895402043e-07,0
10309,-9.004473895402043e-07,0
10310,-9.004473895402043e-07,0
10311,-9.004473895402043e-07,0
10312,-0.28206594435084753,0
10313,-9.004473895402043e-07,0
10314,-9.004473895402043e-07,0
10315,-9.004473895402043e-07,0
10316,-0.0042875259291577095,0
10317,-0.2739820815357916,0
10318,-9.004473895402043e-07,0
10319,-9.004473895402043e-07,0
10320,-9.004473895402043e-07,0
10321,-9.004473895402043e-07,0
10322,-0.34192479207183624,0
10323,-0.35223805676309894,0
10324,0.039750426365458225,1
10325,-9.004473895402043e-07,0
10326,-9.004473895402043e-07,0
10327,-9.004473895402043e-07,0
10328,-0.26978475807777613,0
10329,-9.004473895402043e-07,0
10330,-9.004473895402043e-07,0
10331,-9.004473895402043e-07,0
10332,-9.004473895402043e-07,0
10333,-0.21407044785473772,0
10334,-9.004473895402043e-07,0
10335,-9.004473895402043e-07,0
10336,-9.004473895402043e-07,0
10337,-0.32450955751426136,0
10338,-9.004473895402043e-07,0
10339,-9.004473895402043e-07,0
10340,-9.004473895402043e-07,0
10341,-0.29702169285815216,0
10342,-0.3535976003262249,0
10343,-9.004473895402043e-07,0
10344,-9.004473895402043e-07,0
10345,-9.004473895402043e-07,0
10346,-0.28595247955843206,0
10347,-9.004473895402043e-07,0
10348,-9.004473895402043e-07,0
10349,-9.004473895402043e-07,0
10350,-0.0497087492016135,0
10351,-9.004473895402043e-07,0
10352,-9.004473895402043e-07,0
10353,-9.004473895402043e-07,0
10354,-0.35399895861166897,0
10355,-9.004473895402043e-07,0
10356,-9.004473895402043e-07,0
10357,-9.004473895402043e-07,0
10358,-9.004473895402043e-07,0
10359,-0.17652100960856387,0
10360,-9.004473895402043e-07,0
10361,-9.004473895402043e-07,0
10362,-9.004473895402043e-07,0
10363,-0.3558581780721397,0
10364,-9.004473895402043e-07,0
10365,-9.004473895402043e-07,0
10366,-9.004473895402043e-07,0
10367,-0.15775037431353667,0
10368,-0.3436353683428024,0
10369,-9.004473895402043e-07,0
10370,-9.004473895402043e-07,0
10371,-9.004473895402043e-07,0
10372,-0.28595247955843206,0
10373,-9.004473895402043e-07,0
10374,-9.004473895402043e-07,0
10375,-9.004473895402043e-07,0
10376,-0.2840553825885763,0
10377,-0.34192479207183624,0
10378,-9.004473895402043e-07,0
10379,-9.004473895402043e-07,0
10380,-9.004473895402043e-07,0
10381,0.70193314425876,1
10382,-9.004473895402043e-07,0
10383,-9.004473895402043e-07,0
10384,-9.004473895402043e-07,0
10385,-0.1914808739518321,0
10386,-9.004473895402043e-07,0
10387,-9.004473895402043e-07,0
10388,-9.004473895402043e-07,0
10389,-9.004473895402043e-07,0
10390,-0.3371949670807908,0
10391,-9.004473895402043e-07,0
10392,-9.004473895402043e-07,0
10393,-9.004473895402043e-07,0
10394,-0.31911951223264623,0
10395,-9.004473895402043e-07,0
10396,-9.004473895402043e-07,0
10397,-9.004473895402043e-07,0
10398,-9.004473895402043e-07,0
10399,-0.3381927468411732,0
10400,-9.004473895402043e-07,0
10401,-9.004473895402043e-07,0
10402,-9.004473895402043e-07,0
10403,-9.004473895402043e-07,0
10404,-0.21133736619526644,0
10405,-9.004473895402043e-07,0
10406,-9.004473895402043e-07,0
10407,-9.004473895402043e-07,0
10408,-0.35436697993998223,0
10409,-9.004473895402043e-07,0
10410,-9.004473895402043e-07,0
10411,-9.004473895402043e-07,0
10412,-9.004473895402043e-07,0
10413,-0.2934465709572578,0
10414,-9.004473895402043e-07,0
10415,-9.004473895402043e-07,0
10416,-9.004473895402043e-07,0
10417,-0.0042875259291577095,0
10418,-0.28595247955843206,0
10419,-9.004473895402043e-07,0
10420,-9.004473895402043e-07,0
10421,-9.004473895402043e-07,0
10422,-0.0042875259291577095,0
10423,-0.3371949670807908,0
10424,-0.15127415798031052,0
10425,-9.004473895402043e-07,0
10426,-9.004473895402043e-07,0
10427,-9.004473895402043e-07,0
10428,-0.3306642452110964,0
10429,-9.004473895402043e-07,0
10430,-9.004473895402043e-07,0
10431,-9.004473895402043e-07,0
10432,-9.004473895402043e-07,0
10433,-0.3021598079153591,0
10434,-9.004473895402043e-07,0
10435,-9.004473895402043e-07,0
10436,-9.004473895402043e-07,0
10437,-0.04973209733816475,0
10438,-0.31770723925899347,0
10439,-9.004473895402043e-07,0
10440,-9.004473895402043e-07,0
10441,-9.004473895402043e-07,0
10442,-0.21137473892724756,0
10443,-0.35607868655756647,0
10444,-0.021175202246240588,0
10445,-9.004473895402043e-07,0
10446,-9.004473895402043e-07,0
10447,-9.004473895402043e-07,0
10448,-0.28595247955843206,0
10449,-9.004473895402043e-07,0
10450,-9.004473895402043e-07,0
10451,-9.004473895402043e-07,0
10452,-0.28595247955843206,0
10453,-9.004473895402043e-07,0
10454,-9.004473895402043e-07,0
10455,-9.004473895402043e-07,0
10456,-9.004473895402043e-07,0
10457,-0.12430074745736874,0
10458,-9.004473895402043e-07,0
10459,-9.004473895402043e-07,0
10460,-9.004473895402043e-07,0
10461,-0.34192479207183624,0
10462,-9.004473895402043e-07,0
10463,-9.004473895402043e-07,0
10464,-9.004473895402043e-07,0
10465,-0.0042875259291577095,0
10466,-0.30868961861563093,0
10467,-9.004473895402043e-07,0
10468,-9.004473895402043e-07,0
10469,-9.004473895402043e-07,0
10470,-9.004473895402043e-07,0
10471,-0.26764724925828887,0
10472,-9.004473895402043e-07,0
10473,-9.004473895402043e-07,0
10474,-9.004473895402043e-07,0
10475,-0.21137473892724756,0
10476,-0.3511910817419448,0
10477,-9.004473895402043e-07,0
10478,-9.004473895402043e-07,0
10479,-9.004473895402043e-07,0
10480,3.636116903267407,1
10481,-9.004473895402043e-07,0
10482,-9.004473895402043e-07,0
10483,-9.004473895402043e-07,0
10484,-9.004473895402043e-07,0
10485,-9.004473895402043e-07,0
10486,-9.004473895402043e-07,0
10487,-0.06935329575094329,0
10488,-0.008548269249445184,0
10489,-9.004473895402043e-07,0
10490,-9.004473895402043e-07,0
10491,-9.004473895402043e-07,0
10492,0.6652639832715295,1
10493,-9.004473895402043e-07,0
10494,-9.004473895402043e-07,0
10495,-9.004473895402043e-07,0
10496,-9.004473895402043e-07,0
10497,-0.3070960199777346,0
10498,-9.004473895402043e-07,0
10499,-9.004473895402043e-07,0
10500,-9.004473895402043e-07,0
10501,-9.004473895402043e-07,0
10502,-9.004473895402043e-07,0
10503,-0.21407044785473772,0
10504,-9.004473895402043e-07,0
10505,-9.004473895402043e-07,0
10506,-9.004473895402043e-07,0
10507,-9.004473895402043e-07,0
10508,-9.004473895402043e-07,0
10509,-0.32050588074787356,0
10510,-9.004473895402043e-07,0
10511,-9.004473895402043e-07,0
10512,-9.004473895402043e-07,0
10513,-9.004473895402043e-07,0
10514,-9.004473895402043e-07,0
10515,-0.3569099690467965,0
10516,-9.004473895402043e-07,0
10517,-9.004473895402043e-07,0
10518,-9.004473895402043e-07,0
10519,-9.004473895402043e-07,0
10520,-0.2299624071567905,0
10521,-9.004473895402043e-07,0
10522,-9.004473895402043e-07,0
10523,-9.004473895402043e-07,0
10524,-9.004473895402043e-07,0
10525,-9.004473895402043e-07,0
10526,-0.28595247955843206,0
10527,-0.04973209733816475,0
10528,-9.004473895402043e-07,0
10529,-9.004473895402043e-07,0
10530,-9.004473895402043e-07,0
10531,-9.004473895402043e-07,0
10532,-9.004473895402043e-07,0
10533,-0.2739820815357916,0
10534,-9.004473895402043e-07,0
10535,-9.004473895402043e-07,0
10536,-9.004473895402043e-07,0
10537,-9.004473895402043e-07,0
10538,-9.004473895402043e-07,0
10539,-0.298739488656679,0
10540,-9.004473895402043e-07,0
10541,-9.004473895402043e-07,0
10542,-9.004473895402043e-07,0
10543,-9.004473895402043e-07,0
10544,-9.004473895402043e-07,0
10545,-0.35644516962088346,0
10546,-9.004473895402043e-07,0
10547,-9.004473895402043e-07,0
10548,-9.004473895402043e-07,0
10549,-9.004473895402043e-07,0
10550,-9.004473895402043e-07,0
10551,-0.2934465709572578,0
10552,-9.004473895402043e-07,0
10553,-9.004473895402043e-07,0
10554,-9.004473895402043e-07,0
10555,-9.004473895402043e-07,0
10556,-0.0042875259291577095,0
10557,-0.31911951223264623,0
10558,-9.004473895402043e-07,0
10559,-9.004473895402043e-07,0
10560,-9.004473895402043e-07,0
10561,-9.004473895402043e-07,0
10562,-0.0042875259291577095,0
10563,4.017093785973884,1
10564,-9.004473895402043e-07,0
10565,-9.004473895402043e-07,0
10566,-9.004473895402043e-07,0
10567,-9.004473895402043e-07,0
10568,-0.0042875259291577095,0
10569,0.11063260973401157,1
10570,-9.004473895402043e-07,0
10571,-9.004473895402043e-07,0
10572,-9.004473895402043e-07,0
10573,-9.004473895402043e-07,0
10574,-9.004473895402043e-07,0
10575,-0.30868961861563093,0
10576,-9.004473895402043e-07,0
10577,-9.004473895402043e-07,0
10578,-9.004473895402043e-07,0
10579,-9.004473895402043e-07,0
10580,-9.004473895402043e-07,0
10581,4.5729706847271245,1
10582,-9.004473895402043e-07,0
10583,-9.004473895402043e-07,0
10584,-9.004473895402043e-07,0
10585,-9.004473895402043e-07,0
10586,-9.004473895402043e-07,0
10587,-0.12081698183317258,0
10588,-9.004473895402043e-07,0
10589,-9.004473895402043e-07,0
10590,-9.004473895402043e-07,0
10591,-9.004473895402043e-07,0
10592,0.6507768484927965,1
10593,-9.004473895402043e-07,0
10594,-9.004473895402043e-07,0
10595,-9.004473895402043e-07,0
10596,-9.004473895402043e-07,0
10597,-0.0042875259291577095,0
10598,-0.21133736619526644,0
10599,-9.004473895402043e-07,0
10600,-9.004473895402043e-07,0
10601,-9.004473895402043e-07,0
10602,-9.004473895402043e-07,0
10603,-9.004473895402043e-07,0
10604,-0.31770723925899347,0
10605,-9.004473895402043e-07,0
10606,-9.004473895402043e-07,0
10607,-9.004473895402043e-07,0
10608,-9.004473895402043e-07,0
10609,-9.004473895402043e-07,0
10610,-0.316269061998355,0
10611,-9.004473895402043e-07,0
10612,-9.004473895402043e-07,0
10613,-9.004473895402043e-07,0
10614,-9.004473895402043e-07,0
10615,-9.004473895402043e-07,0
10616,-0.25195956759114324,0
10617,-9.004473895402043e-07,0
10618,-9.004473895402043e-07,0
10619,-9.004473895402043e-07,0
10620,-9.004473895402043e-07,0
10621,-9.004473895402043e-07,0
10622,-0.27807581099943945,0
10623,-9.004473895402043e-07,0
10624,-9.004473895402043e-07,0
10625,-9.004473895402043e-07,0
10626,-9.004473895402043e-07,0
10627,-0.3282800872493681,0
10628,-9.004473895402043e-07,0
10629,-9.004473895402043e-07,0
10630,-9.004473895402043e-07,0
10631,-9.004473895402043e-07,0
10632,-0.1137718114606514,0
10633,-9.004473895402043e-07,0
10634,-9.004473895402043e-07,0
10635,-9.004473895402043e-07,0
10636,-9.004473895402043e-07,0
10637,-0.1512391488930689,0
10638,-9.004473895402043e-07,0
10639,-9.004473895402043e-07,0
10640,-9.004473895402043e-07,0
10641,-9.004473895402043e-07,0
10642,-0.3460220017914253,0
10643,-9.004473895402043e-07,0
10644,-9.004473895402043e-07,0
10645,-9.004473895402043e-07,0
10646,-9.004473895402043e-07,0
10647,-9.004473895402043e-07,0
10648,-9.004473895402043e-07,0
10649,-0.012783130003981569,0
10650,-0.35627328448788376,0
10651,-0.14796243668217812,0
10652,-0.0042875259291577095,0
10653,-0.3517225105294983,0
10654,-9.004473895402043e-07,0
10655,-0.27807581099943945,0
10656,-9.004473895402043e-07,0
10657,-0.13459676110187502,0
10658,-9.004473895402043e-07,0
10659,-0.3381927468411732,0
10660,-9.004473895402043e-07,0
10661,-9.004473895402043e-07,0
10662,-9.004473895402043e-07,0
10663,-0.1944323122646665,0
10664,-0.12430074745736874,0
10665,-0.19439518338185735,0
10666,-0.3410306421491214,0
10667,-0.3511910817419448,0
10668,-9.004473895402043e-07,0
10669,-9.004473895402043e-07,0
10670,-0.35399100972404085,0
10671,-0.021175202246240588,0
10672,-0.0042875259291577095,0
10673,-0.35607868655756647,0
10674,-0.356857613513057,0
10675,-0.24246224121452542,0
10676,-0.34011058453370424,0
10677,-0.008548269249445184,0
10678,-9.004473895402043e-07,0
10679,-0.21410782480938906,0
10680,-0.3306642452110964,0
10681,-9.004473895402043e-07,0
10682,-9.004473895402043e-07,0
10683,-0.016992107790770206,0
10684,-0.28595247955843206,0
10685,-0.08458426928723384,0
10686,-9.004473895402043e-07,0
10687,-9.004473895402043e-07,0
10688,-0.26978475807777613,0
10689,-0.008548269249445184,0
10690,-9.004473895402043e-07,0
10691,-9.004473895402043e-07,0
10692,-0.24961488504402496,0
10693,-0.3004625992520005,0
10694,-0.008548269249445184,0
10695,-9.004473895402043e-07,0
10696,-9.004473895402043e-07,0
10697,-9.004473895402043e-07,0
10698,-0.311799106579997,0
10699,-0.012783130003981569,0
10700,-9.004473895402043e-07,0
10701,-9.004473895402043e-07,0
10702,-9.004473895402043e-07,0
10703,-0.2952155625513342,0
10704,-0.13463044874174557,0
10705,-0.12084938512259669,0
10706,-0.356701614271401,0
10707,-0.008548269249445184,0
10708,-9.004473895402043e-07,0
10709,-9.004473895402043e-07,0
10710,-9.004473895402043e-07,0
10711,-0.23750304684256207,0
10712,-0.33068678706626997,0
10713,-9.004473895402043e-07,0
10714,-9.004473895402043e-07,0
10715,-9.004473895402043e-07,0
10716,-0.057658238396015804,0
10717,-0.08832728957327163,0
10718,-0.22215167441913763,0
10719,-0.12775863281319744,0
10720,-0.0042875259291577095,0
10721,-0.35064531009743405,0
10722,-0.041702410762582076,0
10723,-0.34011058453370424,0
10724,-9.004473895402043e-07,0
10725,-0.1446943591120089,0
10726,-0.31770723925899347,0
10727,-0.0042875259291577095,0
10728,-0.07317311597489606,0
10729,-0.0042875259291577095,0
10730,-0.0042875259291577095,0
10731,-0.34814529870857314,0
10732,-0.3004625992520005,0
10733,-0.21681500950455757,0
10734,-0.0042875259291577095,0
10735,-9.004473895402043e-07,0
10736,-0.3381927468411732,0
10737,716.0667063600872,1
10738,-0.08081535941857965,0
10739,-0.0042875259291577095,0
10740,-0.18258261736139048,0
10741,-0.311799106579997,0
10742,0.687188114083483,1
10743,-9.004473895402043e-07,0
10744,-0.28209942319654147,0
10745,-9.004473895402043e-07,0
10746,-9.004473895402043e-07,0
10747,-9.004473895402043e-07,0
10748,-0.3535976003262249,0
10749,-9.004473895402043e-07,0
10750,-0.352707639460732,0
10751,-0.14465984141145327,0
10752,-9.004473895402043e-07,0
10753,-9.004473895402043e-07,0
10754,-9.004473895402043e-07,0
10755,-9.004473895402043e-07,0
10756,-9.004473895402043e-07,0
10757,-0.2800838273260524,0
10758,-9.004473895402043e-07,0
10759,-9.004473895402043e-07,0
10760,-9.004473895402043e-07,0
10761,-9.004473895402043e-07,0
10762,-9.004473895402043e-07,0
10763,-0.2718963689217162,0
10764,-9.004473895402043e-07,0
10765,-9.004473895402043e-07,0
10766,-9.004473895402043e-07,0
10767,-9.004473895402043e-07,0
10768,-9.004473895402043e-07,0
10769,-0.3004625992520005,0
10770,-9.004473895402043e-07,0
10771,-9.004473895402043e-07,0
10772,-9.004473895402043e-07,0
10773,-0.0253324129585053,0
10774,-9.004473895402043e-07,0
10775,-0.21133736619526644,0
10776,-9.004473895402043e-07,0
10777,-9.004473895402043e-07,0
10778,-9.004473895402043e-07,0
10779,-9.004473895402043e-07,0
10780,-9.004473895402043e-07,0
10781,-0.34011058453370424,0
10782,-9.004473895402043e-07,0
10783,-9.004473895402043e-07,0
10784,-9.004473895402043e-07,0
10785,-9.004473895402043e-07,0
10786,-9.004473895402043e-07,0
10787,-0.2654838427346249,0
10788,-9.004473895402043e-07,0
10789,-9.004473895402043e-07,0
10790,-9.004473895402043e-07,0
10791,-9.004473895402043e-07,0
10792,-9.004473895402043e-07,0
10793,-0.3306642452110964,0
10794,-9.004473895402043e-07,0
10795,-9.004473895402043e-07,0
10796,-9.004473895402043e-07,0
10797,-9.004473895402043e-07,0
10798,-9.004473895402043e-07,0
10799,-0.21133736619526644,0
10800,-9.004473895402043e-07,0
10801,-9.004473895402043e-07,0
10802,-9.004473895402043e-07,0
10803,-0.0042875259291577095,0
10804,-9.004473895402043e-07,0
10805,-0.2934147474909423,0
10806,-9.004473895402043e-07,0
10807,-9.004473895402043e-07,0
10808,-9.004473895402043e-07,0
10809,-9.004473895402043e-07,0
10810,-9.004473895402043e-07,0
10811,-0.21945893770566727,0
10812,-9.004473895402043e-07,0
10813,-9.004473895402043e-07,0
10814,-9.004473895402043e-07,0
10815,-9.004473895402043e-07,0
10816,-9.004473895402043e-07,0
10817,-9.004473895402043e-07,0
10818,-0.3148049806684412,0
10819,-9.004473895402043e-07,0
10820,-9.004473895402043e-07,0
10821,-9.004473895402043e-07,0
10822,-9.004473895402043e-07,0
10823,-9.004473895402043e-07,0
10824,-0.0042875259291577095,0
10825,-0.32579230622661726,0
10826,-9.004473895402043e-07,0
10827,-9.004473895402043e-07,0
10828,-9.004473895402043e-07,0
10829,-9.004473895402043e-07,0
10830,-9.004473895402043e-07,0
10831,-9.004473895402043e-07,0
10832,-0.3102573142299434,0
10833,-9.004473895402043e-07,0
10834,-9.004473895402043e-07,0
10835,-9.004473895402043e-07,0
10836,-9.004473895402043e-07,0
10837,-9.004473895402043e-07,0
10838,-9.004473895402043e-07,0
10839,-0.28402216184952067,0
10840,-9.004473895402043e-07,0
10841,-9.004473895402043e-07,0
10842,-9.004473895402043e-07,0
10843,-9.004473895402043e-07,0
10844,-9.004473895402043e-07,0
10845,-9.004473895402043e-07,0
10846,-0.2247438607762433,0
10847,-9.004473895402043e-07,0
10848,-9.004473895402043e-07,0
10849,-9.004473895402043e-07,0
10850,-0.0042875259291577095,0
10851,-0.0042875259291577095,0
10852,-0.016992107790770206,0
10853,-0.1446943591120089,0
10854,-0.32579230622661726,0
10855,-9.004473895402043e-07,0
10856,-9.004473895402043e-07,0
10857,-9.004473895402043e-07,0
10858,-0.0042875259291577095,0
10859,-0.3102573142299434,0
10860,-9.004473895402043e-07,0
10861,-9.004473895402043e-07,0
10862,-9.004473895402043e-07,0
10863,-9.004473895402043e-07,0
10864,-0.3294851192021042,0
10865,-9.004473895402043e-07,0
10866,-9.004473895402043e-07,0
10867,-9.004473895402043e-07,0
10868,-9.004473895402043e-07,0
10869,-0.2739820815357916,0
10870,-9.004473895402043e-07,0
10871,-9.004473895402043e-07,0
10872,-9.004473895402043e-07,0
10873,-9.004473895402043e-07,0
10874,-0.25657124524946084,0
10875,-9.004473895402043e-07,0
10876,-9.004473895402043e-07,0
10877,-9.004473895402043e-07,0
10878,-0.0042875259291577095,0
10879,-0.16091398316802952,0
10880,-9.004473895402043e-07,0
10881,-9.004473895402043e-07,0
10882,-9.004473895402043e-07,0
10883,-0.0042875259291577095,0
10884,-0.2718963689217162,0
10885,-9.004473895402043e-07,0
10886,-9.004473895402043e-07,0
10887,-9.004473895402043e-07,0
10888,-0.0042875259291577095,0
10889,-0.3021598079153591,0
10890,-0.3481588878855746,0
10891,-9.004473895402043e-07,0
10892,-9.004473895402043e-07,0
10893,-9.004473895402043e-07,0
10894,-0.18261936857356886,0
10895,-9.004473895402043e-07,0
10896,-9.004473895402043e-07,0
10897,-9.004473895402043e-07,0
10898,-9.004473895402043e-07,0
10899,-0.0042875259291577095,0
10900,-0.23750304684256207,0
10901,-9.004473895402043e-07,0
10902,-9.004473895402043e-07,0
10903,-9.004473895402043e-07,0
10904,-9.004473895402043e-07,0
10905,-0.0042875259291577095,0
10906,-0.289735414594702,0
10907,-9.004473895402043e-07,0
10908,-9.004473895402043e-07,0
10909,-9.004473895402043e-07,0
10910,-9.004473895402043e-07,0
10911,-0.041702410762582076,0
10912,-0.30868961861563093,0
10913,-9.004473895402043e-07,0
10914,-9.004473895402043e-07,0
10915,-9.004473895402043e-07,0
10916,-9.004473895402043e-07,0
10917,-9.004473895402043e-07,0
10918,-0.24246224121452542,0
10919,-9.004473895402043e-07,0
10920,-9.004473895402043e-07,0
10921,-9.004473895402043e-07,0
10922,-0.35223805676309894,0
10923,-9.004473895402043e-07,0
10924,-9.004473895402043e-07,0
10925,-9.004473895402043e-07,0
10926,-9.004473895402043e-07,0
10927,-0.3021598079153591,0
10928,-9.004473895402043e-07,0
10929,-9.004473895402043e-07,0
10930,-9.004473895402043e-07,0
10931,-9.004473895402043e-07,0
10932,-0.0042875259291577095,0
10933,-0.23500299620945952,0
10934,-9.004473895402043e-07,0
10935,-9.004473895402043e-07,0
10936,-9.004473895402043e-07,0
10937,-9.004473895402043e-07,0
10938,-9.004473895402043e-07,0
10939,-0.29158803144332524,0
10940,-9.004473895402043e-07,0
10941,-9.004473895402043e-07,0
10942,-9.004473895402043e-07,0
10943,-9.004473895402043e-07,0
10944,-9.004473895402043e-07,0
10945,-0.24961488504402496,0
10946,-9.004473895402043e-07,0
10947,-9.004473895402043e-07,0
10948,-9.004473895402043e-07,0
10949,-9.004473895402043e-07,0
10950,-0.0042875259291577095,0
10951,-0.34011058453370424,0
10952,-9.004473895402043e-07,0
10953,-9.004473895402043e-07,0
10954,-9.004473895402043e-07,0
10955,-9.004473895402043e-07,0
10956,-9.004473895402043e-07,0
10957,-0.18258261736139048,0
10958,-9.004473895402043e-07,0
10959,-9.004473895402043e-07,0
10960,-9.004473895402043e-07,0
10961,-0.0042875259291577095,0
10962,0.8789129830209959,1
10963,-9.004473895402043e-07,0
10964,-9.004473895402043e-07,0
10965,-9.004473895402043e-07,0
10966,-9.004473895402043e-07,0
10967,-9.004473895402043e-07,0
10968,-0.3021598079153591,0
10969,-9.004473895402043e-07,0
10970,-9.004473895402043e-07,0
10971,-9.004473895402043e-07,0
10972,-9.004473895402043e-07,0
10973,-9.004473895402043e-07,0
10974,-0.3460220017914253,0
10975,-0.10662312500789994,0
10976,-9.004473895402043e-07,0
10977,-9.004473895402043e-07,0
10978,-9.004473895402043e-07,0
10979,-0.26764724925828887,0
10980,-0.2800838273260524,0
10981,-9.004473895402043e-07,0
10982,-9.004473895402043e-07,0
10983,-9.004473895402043e-07,0
10984,-0.0042875259291577095,0
10985,-0.1277917039658405,0
10986,-0.2878895801057979,0
10987,-9.004473895402043e-07,0
10988,-9.004473895402043e-07,0
10989,-9.004473895402043e-07,0
10990,-9.004473895402043e-07,0
10991,-0.3162961119218153,0
10992,-9.004473895402043e-07,0
10993,-9.004473895402043e-07,0
10994,-9.004473895402043e-07,0
10995,-9.004473895402043e-07,0
10996,-9.004473895402043e-07,0
10997,-0.28595247955843206,0
10998,-9.004473895402043e-07,0
10999,-9.004473895402043e-07,0
11000,-9.004473895402043e-07,0
11001,-9.004473895402043e-07,0
11002,-9.004473895402043e-07,0
11003,-0.28595247955843206,0
11004,-9.004473895402043e-07,0
11005,-9.004473895402043e-07,0
11006,-9.004473895402043e-07,0
11007,-9.004473895402043e-07,0
11008,-0.2610793377277787,0
11009,-9.004473895402043e-07,0
11010,-9.004473895402043e-07,0
11011,-9.004473895402043e-07,0
11012,-0.08081535941857965,0
11013,-0.0042875259291577095,0
11014,-0.19439518338185735,0
11015,-9.004473895402043e-07,0
11016,-9.004473895402043e-07,0
11017,-9.004473895402043e-07,0
11018,-9.004473895402043e-07,0
11019,-0.0042875259291577095,0
11020,-0.35399100972404085,0
11021,-9.004473895402043e-07,0
11022,-9.004473895402043e-07,0
11023,-9.004473895402043e-07,0
11024,-9.004473895402043e-07,0
11025,-0.008548269249445184,0
11026,-0.2739820815357916,0
11027,-9.004473895402043e-07,0
11028,-9.004473895402043e-07,0
11029,-9.004473895402043e-07,0
11030,-0.0042875259291577095,0
11031,-0.02115650842802097,0
11032,-9.004473895402043e-07,0
11033,-9.004473895402043e-07,0
11034,-9.004473895402043e-07,0
11035,-0.0042875259291577095,0
11036,-0.35222802980479173,0
11037,-9.004473895402043e-07,0
11038,-9.004473895402043e-07,0
11039,-9.004473895402043e-07,0
11040,-9.004473895402043e-07,0
11041,-0.32450955751426136,0
11042,-9.004473895402043e-07,0
11043,-9.004473895402043e-07,0
11044,-9.004473895402043e-07,0
11045,-0.0042875259291577095,0
11046,-0.3054765184936059,0
11047,-9.004473895402043e-07,0
11048,-9.004473895402043e-07,0
11049,-9.004473895402043e-07,0
11050,-9.004473895402043e-07,0
11051,-0.28206594435084753,0
11052,-9.004473895402043e-07,0
11053,-9.004473895402043e-07,0
11054,-9.004473895402043e-07,0
11055,-9.004473895402043e-07,0
11056,-0.30868961861563093,0
11057,-9.004473895402043e-07,0
11058,-9.004473895402043e-07,0
11059,-9.004473895402043e-07,0
11060,-0.1311906374942282,0
11061,-9.004473895402043e-07,0
11062,-9.004473895402043e-07,0
11063,-9.004473895402043e-07,0
11064,-0.28206594435084753,0
11065,-9.004473895402043e-07,0
11066,-9.004473895402043e-07,0
11067,-9.004473895402043e-07,0
11068,-0.3306642452110964,0
11069,-9.004473895402043e-07,0
11070,-9.004473895402043e-07,0
11071,-9.004473895402043e-07,0
11072,-0.35317033060721315,0
11073,-9.004473895402043e-07,0
11074,-9.004473895402043e-07,0
11075,-9.004473895402043e-07,0
11076,-0.3162961119218153,0
11077,-9.004473895402043e-07,0
11078,-9.004473895402043e-07,0
11079,-9.004473895402043e-07,0
11080,-0.34674562269231046,0
11081,-0.20579353112191257,0
11082,-9.004473895402043e-07,0
11083,-9.004473895402043e-07,0
11084,-9.004473895402043e-07,0
11085,-9.004473895402043e-07,0
11086,-9.004473895402043e-07,0
11087,-9.004473895402043e-07,0
11088,-9.004473895402043e-07,0
11089,-9.004473895402043e-07,0
11090,-0.025313008367788825,0
11091,-9.004473895402043e-07,0
11092,-9.004473895402043e-07,0
11093,-9.004473895402043e-07,0
11094,-9.004473895402043e-07,0
11095,-9.004473895402043e-07,0
11096,-9.004473895402043e-07,0
11097,-9.004473895402043e-07,0
11098,-0.0042875259291577095,0
11099,-0.3567941695417858,0
11100,-9.004473895402043e-07,0
11101,-9.004473895402043e-07,0
11102,-9.004473895402043e-07,0
11103,-9.004473895402043e-07,0
11104,-9.004473895402043e-07,0
11105,-9.004473895402043e-07,0
11106,-9.004473895402043e-07,0
11107,-0.0042875259291577095,0
11108,-0.35399100972404085,0
11109,-9.004473895402043e-07,0
11110,-9.004473895402043e-07,0
11111,-9.004473895402043e-07,0
11112,-9.004473895402043e-07,0
11113,-9.004473895402043e-07,0
11114,-9.004473895402043e-07,0
11115,-9.004473895402043e-07,0
11116,-0.22211434524228935,0
11117,-9.004473895402043e-07,0
11118,-9.004473895402043e-07,0
11119,-9.004473895402043e-07,0
11120,-9.004473895402043e-07,0
11121,-9.004473895402043e-07,0
11122,-9.004473895402043e-07,0
11123,-9.004473895402043e-07,0
11124,-0.21133736619526644,0
11125,-9.004473895402043e-07,0
11126,-9.004473895402043e-07,0
11127,-9.004473895402043e-07,0
11128,-9.004473895402043e-07,0
11129,-9.004473895402043e-07,0
11130,-9.004473895402043e-07,0
11131,-9.004473895402043e-07,0
11132,-0.34192479207183624,0
11133,-9.004473895402043e-07,0
11134,-9.004473895402043e-07,0
11135,-9.004473895402043e-07,0
11136,-9.004473895402043e-07,0
11137,-9.004473895402043e-07,0
11138,-9.004473895402043e-07,0
11139,-9.004473895402043e-07,0
11140,-0.25195956759114324,0
11141,-9.004473895402043e-07,0
11142,-9.004473895402043e-07,0
11143,-9.004473895402043e-07,0
11144,-9.004473895402043e-07,0
11145,-9.004473895402043e-07,0
11146,-9.004473895402043e-07,0
11147,-9.004473895402043e-07,0
11148,0.1205231096892021,1
11149,-9.004473895402043e-07,0
11150,-9.004473895402043e-07,0
11151,-9.004473895402043e-07,0
11152,-9.004473895402043e-07,0
11153,-9.004473895402043e-07,0
11154,-9.004473895402043e-07,0
11155,-9.004473895402043e-07,0
11156,-0.2740165183741965,0
11157,-9.004473895402043e-07,0
11158,-9.004473895402043e-07,0
11159,-9.004473895402043e-07,0
11160,-9.004473895402043e-07,0
11161,-9.004473895402043e-07,0
11162,-9.004473895402043e-07,0
11163,-9.004473895402043e-07,0
11164,-0.17652100960856387,0
11165,-9.004473895402043e-07,0
11166,-9.004473895402043e-07,0
11167,-9.004473895402043e-07,0
11168,-0.0042875259291577095,0
11169,-9.004473895402043e-07,0
11170,-9.004473895402043e-07,0
11171,-9.004473895402043e-07,0
11172,-0.34600692171147784,0
11173,-9.004473895402043e-07,0
11174,-9.004473895402043e-07,0
11175,-9.004473895402043e-07,0
11176,-9.004473895402043e-07,0
11177,-9.004473895402043e-07,0
11178,-9.004473895402043e-07,0
11179,-9.004473895402043e-07,0
11180,0.6150103918947707,1
11181,-9.004473895402043e-07,0
11182,-9.004473895402043e-07,0
11183,-9.004473895402043e-07,0
11184,-9.004473895402043e-07,0
11185,-9.004473895402043e-07,0
11186,-9.004473895402043e-07,0
11187,-9.004473895402043e-07,0
11188,-0.008548269249445184,0
11189,-9.004473895402043e-07,0
11190,-9.004473895402043e-07,0
11191,-9.004473895402043e-07,0
11192,-9.004473895402043e-07,0
11193,-9.004473895402043e-07,0
11194,-9.004473895402043e-07,0
11195,-9.004473895402043e-07,0
11196,-0.14465984141145327,0
11197,-9.004473895402043e-07,0
11198,-9.004473895402043e-07,0
11199,-9.004473895402043e-07,0
11200,-9.004473895402043e-07,0
11201,-9.004473895402043e-07,0
11202,-9.004473895402043e-07,0
11203,-9.004473895402043e-07,0
11204,-0.05763369573617183,0
11205,-9.004473895402043e-07,0
11206,-9.004473895402043e-07,0
11207,-9.004473895402043e-07,0
11208,-9.004473895402043e-07,0
11209,-9.004473895402043e-07,0
11210,-9.004473895402043e-07,0
11211,-9.004473895402043e-07,0
11212,-0.34600692171147784,0
11213,-9.004473895402043e-07,0
11214,-9.004473895402043e-07,0
11215,-9.004473895402043e-07,0
11216,0.7695621257850007,1
11217,-9.004473895402043e-07,0
11218,-9.004473895402043e-07,0
11219,-9.004473895402043e-07,0
11220,-9.004473895402043e-07,0
11221,-9.004473895402043e-07,0
11222,-9.004473895402043e-07,0
11223,-9.004473895402043e-07,0
11224,-9.004473895402043e-07,0
11225,-0.3283034916747738,0
11226,-0.160949638302327,0
11227,-9.004473895402043e-07,0
11228,-0.2800838273260524,0
11229,-9.004473895402043e-07,0
11230,-0.3436353683428024,0
11231,-9.004473895402043e-07,0
11232,-0.3340461858750814,0
11233,-9.004473895402043e-07,0
11234,-0.21133736619526644,0
11235,-9.004473895402043e-07,0
11236,-0.25657124524946084,0
11237,-9.004473895402043e-07,0
11238,-9.004473895402043e-07,0
11239,-0.34194229964100487,0
11240,-0.2542783544275835,0
11241,-0.29158803144332524,0
11242,-0.3218663445927632,0
11243,-0.35222802980479173,0
11244,-0.2247438607762433,0
11245,-0.3428100624412309,0
11246,-9.004473895402043e-07,0
11247,-9.004473895402043e-07,0
11248,-0.041702410762582076,0
11249,-0.12084938512259669,0
11250,-9.004473895402043e-07,0
11251,-9.004473895402043e-07,0
11252,-0.008548269249445184,0
11253,-0.3565847484061351,0
11254,-0.0042875259291577095,0
11255,-9.004473895402043e-07,0
11256,-9.004473895402043e-07,0
11257,-9.004473895402043e-07,0
11258,-0.32579230622661726,0
11259,-9.004473895402043e-07,0
11260,-9.004473895402043e-07,0
11261,-9.004473895402043e-07,0
11262,-0.28595247955843206,0
11263,-9.004473895402043e-07,0
11264,-9.004473895402043e-07,0
11265,-9.004473895402043e-07,0
11266,-0.22478115418061861,0
11267,-0.3232259778378648,0
11268,-9.004473895402043e-07,0
11269,-9.004473895402043e-07,0
11270,-9.004473895402043e-07,0
11271,-9.004473895402043e-07,0
11272,-0.12430074745736874,0
11273,-9.004473895402043e-07,0
11274,-0.25195956759114324,0
11275,-9.004473895402043e-07,0
11276,-9.004473895402043e-07,0
11277,-9.004473895402043e-07,0
11278,-0.012783130003981569,0
11279,-9.004473895402043e-07,0
11280,-0.3232009035740475,0
11281,-0.28785689722042207,0
11282,-0.008548269249445184,0
11283,-9.004473895402043e-07,0
11284,-9.004473895402043e-07,0
11285,-9.004473895402043e-07,0
11286,-9.004473895402043e-07,0
11287,-0.3282800872493681,0
11288,-9.004473895402043e-07,0
11289,-9.004473895402043e-07,0
11290,-9.004473895402043e-07,0
11291,-9.004473895402043e-07,0
11292,-0.11733938621227935,0
11293,-0.21137473892724756,0
11294,-0.35627328448788376,0
11295,-9.004473895402043e-07,0
11296,-9.004473895402043e-07,0
11297,-9.004473895402043e-07,0
11298,-0.0042875259291577095,0
11299,-0.12433349115917736,0
11300,-0.35607868655756647,0
11301,-9.004473895402043e-07,0
11302,-9.004473895402043e-07,0
11303,-9.004473895402043e-07,0
11304,-9.004473895402043e-07,0
11305,-0.0042875259291577095,0
11306,-0.2719310261746841,0
11307,-9.004473895402043e-07,0
11308,-9.004473895402043e-07,0
11309,-9.004473895402043e-07,0
11310,-9.004473895402043e-07,0
11311,-9.004473895402043e-07,0
11312,-0.2934465709572578,0
11313,-0.0042875259291577095,0
11314,-0.200146135930936,0
11315,-0.2676823237462713,0
11316,-0.352707639460732,0
11317,-9.004473895402043e-07,0
11318,-0.316269061998355,0
11319,-9.004473895402043e-07,0
11320,-0.3021598079153591,0
11321,-0.1915179248937875,0
11322,701.214775937228,1
11323,-0.2878895801057979,0
11324,-0.008548269249445184,0
11325,-0.033569181632401524,0
11326,-9.004473895402043e-07,0
11327,-9.004473895402043e-07,0
11328,-9.004473895402043e-07,0
11329,1.8812777900999436,1
11330,-0.0042875259291577095,0
11331,-9.004473895402043e-07,0
11332,-9.004473895402043e-07,0
11333,-9.004473895402043e-07,0
11334,-9.004473895402043e-07,0
11335,-0.2698196279093281,0
11336,-9.004473895402043e-07,0
11337,-9.004473895402043e-07,0
11338,-0.319145787451248,0
11339,-0.35064531009743405,0
11340,-0.012783130003981569,0
11341,-0.0042875259291577095,0
11342,-0.24724430705816758,0
11343,-0.012783130003981569,0
11344,-9.004473895402043e-07,0
11345,-0.3381927468411732,0
11346,-0.008548269249445184,0
11347,-9.004473895402043e-07,0
11348,-0.28206594435084753,0
11349,-0.008548269249445184,0
11350,-9.004473895402043e-07,0
11351,-0.3054765184936059,0
11352,-0.021175202246240588,0
11353,-9.004473895402043e-07,0
11354,-0.25657124524946084,0
11355,-0.012783130003981569,0
11356,-9.004473895402043e-07,0
11357,-0.33512168644324447,0
11358,-9.004473895402043e-07,0
11359,-9.004473895402043e-07,0
11360,-0.24724430705816758,0
11361,-0.0042875259291577095,0
11362,-9.004473895402043e-07,0
11363,-0.31770723925899347,0
11364,-9.004473895402043e-07,0
11365,-0.2840553825885763,0
11366,-0.021175202246240588,0
11367,-9.004473895402043e-07,0
11368,-0.35064531009743405,0
11369,-0.1641230058014571,0
11370,-0.012783130003981569,0
11371,-0.3474584150668534,0
11372,-9.004473895402043e-07,0
11373,-9.004473895402043e-07,0
11374,-0.021175202246240588,0
11375,-0.2952155625513342,0
11376,-0.25195956759114324,0
11377,-9.004473895402043e-07,0
11378,0.9273238023085923,1
11379,-9.004473895402043e-07,0
11380,-9.004473895402043e-07,0
11381,-0.27604189565511206,0
11382,-0.016992107790770206,0
11383,-9.004473895402043e-07,0
11384,-9.004473895402043e-07,0
11385,-0.3270491495420629,0
11386,-9.004473895402043e-07,0
11387,-9.004473895402043e-07,0
11388,-0.05370811124134889,0
11389,-0.30868961861563093,0
11390,-9.004473895402043e-07,0
11391,-0.06158247844575726,0
11392,-0.012783130003981569,0
11393,-0.21949629279038163,0
11394,-9.004473895402043e-07,0
11395,-0.1641230058014571,0
11396,-0.3232259778378648,0
11397,-9.004473895402043e-07,0
11398,-0.06158247844575726,0
11399,-0.0042875259291577095,0
11400,-0.2542783544275835,0
11401,-9.004473895402043e-07,0
11402,-0.33294477871356776,0
11403,-9.004473895402043e-07,0
11404,-0.28595247955843206,0
11405,-9.004473895402043e-07,0
11406,-0.04573019705981096,0
11407,-0.24242546600430614,0
11408,-0.012783130003981569,0
11409,-9.004473895402043e-07,0
11410,-0.33617128021899134,0
11411,-9.004473895402043e-07,0
11412,-0.05370811124134889,0
11413,-0.30868961861563093,0
11414,-0.21137473892724756,0
11415,-0.160949638302327,0
11416,-9.004473895402043e-07,0
11417,-0.3460220017914253,0
11418,-0.09940100950097985,0
11419,-9.004473895402043e-07,0
11420,-9.004473895402043e-07,0
11421,-0.25195956759114324,0
11422,-9.004473895402043e-07,0
11423,-9.004473895402043e-07,0
11424,-0.3294851192021042,0
11425,-0.008548269249445184,0
11426,-9.004473895402043e-07,0
11427,-9.004473895402043e-07,0
11428,-0.2969904763475597,0
11429,-0.012783130003981569,0
11430,-9.004473895402043e-07,0
11431,-9.004473895402043e-07,0
11432,-0.3070960199777346,0
11433,-0.10665403531425,0
11434,-9.004473895402043e-07,0
11435,-9.004473895402043e-07,0
11436,-0.3004625992520005,0
11437,-0.22738473183642327,0
11438,-9.004473895402043e-07,0
11439,-9.004473895402043e-07,0
11440,-0.3568967467690527,0
11441,-0.0253324129585053,0
11442,-9.004473895402043e-07,0
11443,-9.004473895402043e-07,0
11444,-0.24242546600430614,0
11445,-0.012783130003981569,0
11446,-9.004473895402043e-07,0
11447,-9.004473895402043e-07,0
11448,-0.26329453881032805,0
11449,-0.016992107790770206,0
11450,-9.004473895402043e-07,0
11451,-9.004473895402043e-07,0
11452,-0.352707639460732,0
11453,-0.04973209733816475,0
11454,-9.004473895402043e-07,0
11455,-9.004473895402043e-07,0
11456,-0.3162961119218153,0
11457,-9.004473895402043e-07,0
11458,-0.34676020848121425,0
11459,-0.012783130003981569,0
11460,-9.004473895402043e-07,0
11461,-0.0042875259291577095,0
11462,-0.298739488656679,0
11463,-0.13122402327007876,0
11464,-0.021175202246240588,0
11465,-9.004473895402043e-07,0
11466,-0.0042875259291577095,0
11467,-0.3535976003262249,0
11468,-0.016992107790770206,0
11469,-9.004473895402043e-07,0
11470,-9.004473895402043e-07,0
11471,-9.004473895402043e-07,0
11472,-9.004473895402043e-07,0
11473,-9.004473895402043e-07,0
11474,-0.12081698183317258,0
11475,-0.016992107790770206,0
11476,-9.004473895402043e-07,0
11477,-9.004473895402043e-07,0
11478,-9.004473895402043e-07,0
11479,-9.004473895402043e-07,0
11480,-9.004473895402043e-07,0
11481,-0.32050588074787356,0
11482,-9.004473895402043e-07,0
11483,-9.004473895402043e-07,0
11484,-0.0042875259291577095,0
11485,-9.004473895402043e-07,0
11486,-9.004473895402043e-07,0
11487,-0.008548269249445184,0
11488,-0.2800838273260524,0
11489,-0.021175202246240588,0
11490,-9.004473895402043e-07,0
11491,-9.004473895402043e-07,0
11492,-9.004473895402043e-07,0
11493,-9.004473895402043e-07,0
11494,-9.004473895402043e-07,0
11495,-0.26329453881032805,0
11496,-9.004473895402043e-07,0
11497,-9.004473895402043e-07,0
11498,-9.004473895402043e-07,0
11499,-9.004473895402043e-07,0
11500,-0.12430074745736874,0
11501,-0.008548269249445184,0
11502,-9.004473895402043e-07,0
11503,-9.004473895402043e-07,0
11504,-0.0042875259291577095,0
11505,-9.004473895402043e-07,0
11506,-0.35222802980479173,0
11507,-0.08829854828718453,0
11508,-9.004473895402043e-07,0
11509,-0.016992107790770206,0
11510,-9.004473895402043e-07,0
11511,-0.33068678706626997,0
11512,-9.004473895402043e-07,0
11513,-9.004473895402043e-07,0
11514,-9.004473895402043e-07,0
11515,-9.004473895402043e-07,0
11516,-9.004473895402043e-07,0
11517,-9.004473895402043e-07,0
11518,-0.28595247955843206,0
11519,-9.004473895402043e-07,0
11520,-9.004473895402043e-07,0
11521,-9.004473895402043e-07,0
11522,-9.004473895402043e-07,0
11523,-9.004473895402043e-07,0
11524,-9.004473895402043e-07,0
11525,-0.28595247955843206,0
11526,-9.004473895402043e-07,0
11527,-9.004473895402043e-07,0
11528,-9.004473895402043e-07,0
11529,-9.004473895402043e-07,0
11530,-9.004473895402043e-07,0
11531,-9.004473895402043e-07,0
11532,-0.28595247955843206,0
11533,-9.004473895402043e-07,0
11534,-9.004473895402043e-07,0
11535,-0.041702410762582076,0
11536,-9.004473895402043e-07,0
11537,-9.004473895402043e-07,0
11538,-0.3038311144010777,0
11539,-0.12430074745736874,0
11540,-0.35436697993998223,0
11541,-9.004473895402043e-07,0
11542,-9.004473895402043e-07,0
11543,-9.004473895402043e-07,0
11544,-9.004473895402043e-07,0
11545,-9.004473895402043e-07,0
11546,-0.32950809457167907,0
11547,-0.32950809457167907,0
11548,-9.004473895402043e-07,0
11549,-9.004473895402043e-07,0
11550,-9.004473895402043e-07,0
11551,-9.004473895402043e-07,0
11552,-9.004473895402043e-07,0
11553,-9.004473895402043e-07,0
11554,-0.3535976003262249,0
11555,-9.004473895402043e-07,0
11556,-9.004473895402043e-07,0
11557,-9.004473895402043e-07,0
11558,-9.004473895402043e-07,0
11559,-0.28209942319654147,0
11560,-9.004473895402043e-07,0
11561,-9.004473895402043e-07,0
11562,-9.004473895402043e-07,0
11563,-9.004473895402043e-07,0
11564,-9.004473895402043e-07,0
11565,-9.004473895402043e-07,0
11566,-9.004473895402043e-07,0
11567,-9.004473895402043e-07,0
11568,-9.004473895402043e-07,0
11569,-9.004473895402043e-07,0
11570,-9.004473895402043e-07,0
11571,-0.20857839384882482,0
11572,-9.004473895402043e-07,0
11573,-9.004473895402043e-07,0
11574,-9.004473895402043e-07,0
11575,-9.004473895402043e-07,0
11576,-0.0042875259291577095,0
11577,-9.004473895402043e-07,0
11578,-9.004473895402043e-07,0
11579,-9.004473895402043e-07,0
11580,0.9683746086923293,1
11581,-9.004473895402043e-07,0
11582,-9.004473895402043e-07,0
11583,-9.004473895402043e-07,0
11584,-9.004473895402043e-07,0
11585,-9.004473895402043e-07,0
11586,-9.004473895402043e-07,0
11587,-9.004473895402043e-07,0
11588,-0.0042875259291577095,0
11589,-0.35561175910277143,0
11590,-0.09204441993267665,0
11591,-9.004473895402043e-07,0
11592,-9.004473895402043e-07,0
11593,-9.004473895402043e-07,0
11594,-9.004473895402043e-07,0
11595,-9.004473895402043e-07,0
11596,-9.004473895402043e-07,0
11597,-9.004473895402043e-07,0
11598,-9.004473895402043e-07,0
11599,-0.28595247955843206,0
11600,-9.004473895402043e-07,0
11601,-9.004473895402043e-07,0
11602,-9.004473895402043e-07,0
11603,-9.004473895402043e-07,0
11604,-9.004473895402043e-07,0
11605,-9.004473895402043e-07,0
11606,-9.004473895402043e-07,0
11607,-9.004473895402043e-07,0
11608,-9.004473895402043e-07,0
11609,-0.23997720353202112,0
11610,-9.004473895402043e-07,0
11611,-9.004473895402043e-07,0
11612,-9.004473895402043e-07,0
11613,-9.004473895402043e-07,0
11614,-9.004473895402043e-07,0
11615,-9.004473895402043e-07,0
11616,-9.004473895402043e-07,0
11617,-9.004473895402043e-07,0
11618,-0.28595247955843206,0
11619,-0.016992107790770206,0
11620,-9.004473895402043e-07,0
11621,-9.004473895402043e-07,0
11622,-9.004473895402043e-07,0
11623,-9.004473895402043e-07,0
11624,-9.004473895402043e-07,0
11625,-9.004473895402043e-07,0
11626,-9.004473895402043e-07,0
11627,-9.004473895402043e-07,0
11628,-0.3038311144010777,0
11629,-0.016992107790770206,0
11630,-9.004473895402043e-07,0
11631,-9.004473895402043e-07,0
11632,-9.004473895402043e-07,0
11633,-9.004473895402043e-07,0
11634,-9.004473895402043e-07,0
11635,-9.004473895402043e-07,0
11636,-9.004473895402043e-07,0
11637,-9.004473895402043e-07,0
11638,-0.24961488504402496,0
11639,-0.016992107790770206,0
11640,-9.004473895402043e-07,0
11641,-9.004473895402043e-07,0
11642,-0.0042875259291577095,0
11643,-9.004473895402043e-07,0
11644,-9.004473895402043e-07,0
11645,-9.004473895402043e-07,0
11646,-9.004473895402043e-07,0
11647,-9.004473895402043e-07,0
11648,-0.3427930341941874,0
11649,-0.21137473892724756,0
11650,-9.004473895402043e-07,0
11651,-9.004473895402043e-07,0
11652,-0.21137473892724756,0
11653,-9.004473895402043e-07,0
11654,-9.004473895402043e-07,0
11655,-9.004473895402043e-07,0
11656,-9.004473895402043e-07,0
11657,-9.004473895402043e-07,0
11658,-9.004473895402043e-07,0
11659,-0.32950809457167907,0
11660,-9.004473895402043e-07,0
11661,-9.004473895402043e-07,0
11662,-9.004473895402043e-07,0
11663,-9.004473895402043e-07,0
11664,-9.004473895402043e-07,0
11665,-9.004473895402043e-07,0
11666,-9.004473895402043e-07,0
11667,-9.004473895402043e-07,0
11668,-0.008548269249445184,0
11669,-9.004473895402043e-07,0
11670,-9.004473895402043e-07,0
11671,-9.004473895402043e-07,0
11672,-9.004473895402043e-07,0
11673,-0.289735414594702,0
11674,-9.004473895402043e-07,0
11675,-9.004473895402043e-07,0
11676,-9.004473895402043e-07,0
11677,-9.004473895402043e-07,0
11678,-9.004473895402043e-07,0
11679,-9.004473895402043e-07,0
11680,-9.004473895402043e-07,0
11681,-9.004473895402043e-07,0
11682,-0.28595247955843206,0
11683,-0.09204441993267665,0
11684,-9.004473895402043e-07,0
11685,-9.004473895402043e-07,0
11686,-9.004473895402043e-07,0
11687,-9.004473895402043e-07,0
11688,-0.02946373955353465,0
11689,-9.004473895402043e-07,0
11690,-9.004473895402043e-07,0
11691,-0.3318174651086565,0
11692,-9.004473895402043e-07,0
11693,-0.26978475807777613,0
11694,-9.004473895402043e-07,0
11695,-9.004473895402043e-07,0
11696,-9.004473895402043e-07,0
11697,-9.004473895402043e-07,0
11698,-9.004473895402043e-07,0
11699,-9.004473895402043e-07,0
11700,-9.004473895402043e-07,0
11701,-9.004473895402043e-07,0
11702,-0.1855745905970707,0
11703,-0.008548269249445184,0
11704,-9.004473895402043e-07,0
11705,-9.004473895402043e-07,0
11706,-9.004473895402043e-07,0
11707,-9.004473895402043e-07,0
11708,-9.004473895402043e-07,0
11709,-9.004473895402043e-07,0
11710,-9.004473895402043e-07,0
11711,-9.004473895402043e-07,0
11712,-0.3427930341941874,0
11713,-0.0042875259291577095,0
11714,-9.004473895402043e-07,0
11715,-9.004473895402043e-07,0
11716,-9.004473895402043e-07,0
11717,-9.004473895402043e-07,0
11718,-9.004473895402043e-07,0
11719,-9.004473895402043e-07,0
11720,-9.004473895402043e-07,0
11721,-9.004473895402043e-07,0
11722,-0.0042875259291577095,0
11723,-0.28785689722042207,0
11724,-9.004473895402043e-07,0
11725,-9.004473895402043e-07,0
11726,-9.004473895402043e-07,0
11727,-9.004473895402043e-07,0
11728,-9.004473895402043e-07,0
11729,-9.004473895402043e-07,0
11730,-9.004473895402043e-07,0
11731,-9.004473895402043e-07,0
11732,-0.356701614271401,0
11733,-0.2086157521007408,0
11734,-9.004473895402043e-07,0
11735,-9.004473895402043e-07,0
11736,-9.004473895402043e-07,0
11737,-9.004473895402043e-07,0
11738,-9.004473895402043e-07,0
11739,-9.004473895402043e-07,0
11740,-9.004473895402043e-07,0
11741,-9.004473895402043e-07,0
11742,-9.004473895402043e-07,0
11743,0.919190922764983,1
11744,-9.004473895402043e-07,0
11745,-9.004473895402043e-07,0
11746,-9.004473895402043e-07,0
11747,-9.004473895402043e-07,0
11748,-9.004473895402043e-07,0
11749,-9.004473895402043e-07,0
11750,-9.004473895402043e-07,0
11751,-0.11024171098449642,0
11752,-0.3004625992520005,0
11753,-0.012783130003981569,0
11754,-9.004473895402043e-07,0
11755,-9.004473895402043e-07,0
11756,-9.004473895402043e-07,0
11757,-9.004473895402043e-07,0
11758,-9.004473895402043e-07,0
11759,-9.004473895402043e-07,0
11760,-9.004473895402043e-07,0
11761,-9.004473895402043e-07,0
11762,-0.32050588074787356,0
11763,-0.0042875259291577095,0
11764,-9.004473895402043e-07,0
11765,-9.004473895402043e-07,0
11766,-0.0042875259291577095,0
11767,-9.004473895402043e-07,0
11768,-9.004473895402043e-07,0
11769,-9.004473895402043e-07,0
11770,-9.004473895402043e-07,0
11771,-9.004473895402043e-07,0
11772,-0.2588382397771056,0
11773,-0.008548269249445184,0
11774,-9.004473895402043e-07,0
11775,-9.004473895402043e-07,0
11776,-9.004473895402043e-07,0
11777,-9.004473895402043e-07,0
11778,-9.004473895402043e-07,0
11779,-9.004473895402043e-07,0
11780,-9.004473895402043e-07,0
11781,-9.004473895402043e-07,0
11782,-0.26978475807777613,0
11783,-0.008548269249445184,0
11784,-9.004473895402043e-07,0
11785,-9.004473895402043e-07,0
11786,-9.004473895402043e-07,0
11787,-9.004473895402043e-07,0
11788,-9.004473895402043e-07,0
11789,-9.004473895402043e-07,0
11790,-9.004473895402043e-07,0
11791,-9.004473895402043e-07,0
11792,-0.27607610434381513,0
11793,-9.004473895402043e-07,0
11794,-9.004473895402043e-07,0
11795,-9.004473895402043e-07,0
11796,-0.3340674015381637,0
11797,-0.11733938621227935,0
11798,-9.004473895402043e-07,0
11799,-9.004473895402043e-07,0
11800,-9.004473895402043e-07,0
11801,-9.004473895402043e-07,0
11802,-9.004473895402043e-07,0
11803,-9.004473895402043e-07,0
11804,-9.004473895402043e-07,0
11805,-9.004473895402043e-07,0
11806,-0.3318174651086565,0
11807,-0.1856114527996624,0
11808,-9.004473895402043e-07,0
11809,-9.004473895402043e-07,0
11810,-9.004473895402043e-07,0
11811,-0.0042875259291577095,0
11812,-9.004473895402043e-07,0
11813,-9.004473895402043e-07,0
11814,-9.004473895402043e-07,0
11815,-9.004473895402043e-07,0
11816,-0.34674562269231046,0
11817,-0.008548269249445184,0
11818,-9.004473895402043e-07,0
11819,-9.004473895402043e-07,0
11820,-9.004473895402043e-07,0
11821,-9.004473895402043e-07,0
11822,-9.004473895402043e-07,0
11823,-9.004473895402043e-07,0
11824,-9.004473895402043e-07,0
11825,-9.004473895402043e-07,0
11826,-0.2167776384675335,0
11827,-0.012783130003981569,0
11828,-9.004473895402043e-07,0
11829,-9.004473895402043e-07,0
11830,-9.004473895402043e-07,0
11831,-9.004473895402043e-07,0
11832,-9.004473895402043e-07,0
11833,-9.004473895402043e-07,0
11834,-9.004473895402043e-07,0
11835,-9.004473895402043e-07,0
11836,-0.3340461858750814,0
11837,-0.008548269249445184,0
11838,-9.004473895402043e-07,0
11839,-9.004473895402043e-07,0
11840,-9.004473895402043e-07,0
11841,-9.004473895402043e-07,0
11842,-9.004473895402043e-07,0
11843,-9.004473895402043e-07,0
11844,-9.004473895402043e-07,0
11845,-9.004473895402043e-07,0
11846,-0.3054765184936059,0
11847,-9.004473895402043e-07,0
11848,-9.004473895402043e-07,0
11849,-9.004473895402043e-07,0
11850,-9.004473895402043e-07,0
11851,-9.004473895402043e-07,0
11852,-9.004473895402043e-07,0
11853,-9.004473895402043e-07,0
11854,-9.004473895402043e-07,0
11855,-0.06158247844575726,0
11856,-0.3087185089138984,0
11857,-9.004473895402043e-07,0
11858,-9.004473895402043e-07,0
11859,-9.004473895402043e-07,0
11860,-9.004473895402043e-07,0
11861,-0.2519958447638828,0
11862,-0.35504119002371226,0
11863,0.22511476100271466,1
11864,-0.0253324129585053,0
11865,-9.004473895402043e-07,0
11866,-9.004473895402043e-07,0
11867,-9.004473895402043e-07,0
11868,-9.004473895402043e-07,0
11869,-9.004473895402043e-07,0
11870,-9.004473895402043e-07,0
11871,-9.004473895402043e-07,0
11872,-9.004473895402043e-07,0
11873,-0.3294851192021042,0
11874,-0.0042875259291577095,0
11875,-9.004473895402043e-07,0
11876,-9.004473895402043e-07,0
11877,-9.004473895402043e-07,0
11878,-0.0042875259291577095,0
11879,-9.004473895402043e-07,0
11880,-9.004473895402043e-07,0
11881,-9.004473895402043e-07,0
11882,-9.004473895402043e-07,0
11883,-0.28595247955843206,0
11884,-0.008548269249445184,0
11885,-9.004473895402043e-07,0
11886,-9.004473895402043e-07,0
11887,-9.004473895402043e-07,0
11888,-9.004473895402043e-07,0
11889,-9.004473895402043e-07,0
11890,-9.004473895402043e-07,0
11891,-9.004473895402043e-07,0
11892,-9.004473895402043e-07,0
11893,-0.3270729784709374,0
11894,-9.004473895402043e-07,0
11895,-9.004473895402043e-07,0
11896,-9.004473895402043e-07,0
11897,-0.31334279844156754,0
11898,-9.004473895402043e-07,0
11899,-9.004473895402043e-07,0
11900,-9.004473895402043e-07,0
11901,-9.004473895402043e-07,0
11902,-0.2740165183741965,0
11903,-9.004473895402043e-07,0
11904,-9.004473895402043e-07,0
11905,-9.004473895402043e-07,0
11906,-9.004473895402043e-07,0
11907,-0.15452521410406916,0
11908,-9.004473895402043e-07,0
11909,-9.004473895402043e-07,0
11910,-9.004473895402043e-07,0
11911,-9.004473895402043e-07,0
11912,-0.016992107790770206,0
11913,-0.31483240987734007,0
11914,-9.004473895402043e-07,0
11915,-9.004473895402043e-07,0
11916,-9.004473895402043e-07,0
11917,-9.004473895402043e-07,0
11918,-0.3436519141021108,0
11919,-0.34944133929218424,0
11920,-9.004473895402043e-07,0
11921,-9.004473895402043e-07,0
11922,-9.004473895402043e-07,0
11923,-9.004473895402043e-07,0
11924,-0.3562770138074711,0
11925,-0.016992107790770206,0
11926,-9.004473895402043e-07,0
11927,-9.004473895402043e-07,0
11928,-9.004473895402043e-07,0
11929,-9.004473895402043e-07,0
11930,-0.28595247955843206,0
11931,-0.016992107790770206,0
11932,-9.004473895402043e-07,0
11933,-9.004473895402043e-07,0
11934,-9.004473895402043e-07,0
11935,-9.004473895402043e-07,0
11936,-0.23750304684256207,0
11937,-0.012783130003981569,0
11938,-9.004473895402043e-07,0
11939,-9.004473895402043e-07,0
11940,-9.004473895402043e-07,0
11941,-9.004473895402043e-07,0
11942,-0.33183956912296253,0
11943,-9.004473895402043e-07,0
11944,-9.004473895402043e-07,0
11945,-9.004473895402043e-07,0
11946,-9.004473895402043e-07,0
11947,-0.34011058453370424,0
11948,-9.004473895402043e-07,0
11949,-9.004473895402043e-07,0
11950,-9.004473895402043e-07,0
11951,-9.004473895402043e-07,0
11952,-0.32950809457167907,0
11953,-9.004473895402043e-07,0
11954,-9.004473895402043e-07,0
11955,-9.004473895402043e-07,0
11956,-9.004473895402043e-07,0
11957,-0.28206594435084753,0
11958,-0.0042875259291577095,0
11959,-9.004473895402043e-07,0
11960,-9.004473895402043e-07,0
11961,-9.004473895402043e-07,0
11962,-9.004473895402043e-07,0
11963,-0.29158803144332524,0
11964,-0.09573566001881773,0
11965,-9.004473895402043e-07,0
11966,-9.004473895402043e-07,0
11967,-9.004473895402043e-07,0
11968,-9.004473895402043e-07,0
11969,-0.32450955751426136,0
11970,-0.28595247955843206,0
11971,-0.08832728957327163,0
11972,-9.004473895402043e-07,0
11973,-9.004473895402043e-07,0
11974,-9.004473895402043e-07,0
11975,-9.004473895402043e-07,0
11976,-0.3218663445927632,0
11977,-9.004473895402043e-07,0
11978,-9.004473895402043e-07,0
11979,-9.004473895402043e-07,0
11980,-9.004473895402043e-07,0
11981,-9.004473895402043e-07,0
11982,-0.28595247955843206,0
11983,-0.2519958447638828,0
11984,-9.004473895402043e-07,0
11985,-9.004473895402043e-07,0
11986,-9.004473895402043e-07,0
11987,-9.004473895402043e-07,0
11988,-0.3568586804799452,0
11989,-0.24728085102719888,0
11990,-9.004473895402043e-07,0
11991,-9.004473895402043e-07,0
11992,-9.004473895402043e-07,0
11993,-9.004473895402043e-07,0
11994,-0.3569099690467965,0
11995,-0.008548269249445184,0
11996,-9.004473895402043e-07,0
11997,-9.004473895402043e-07,0
11998,-9.004473895402043e-07,0
11999,-9.004473895402043e-07,0
12000,-0.289735414594702,0
12001,-0.008548269249445184,0
12002,-9.004473895402043e-07,0
12003,-9.004473895402043e-07,0
12004,-9.004473895402043e-07,0
12005,-9.004473895402043e-07,0
12006,-0.20298277837412115,0
12007,-0.016992107790770206,0
12008,-9.004473895402043e-07,0
12009,-9.004473895402043e-07,0
12010,-9.004473895402043e-07,0
12011,-9.004473895402043e-07,0
12012,-0.35005049600977145,0
12013,-0.012783130003981569,0
12014,-9.004473895402043e-07,0
12015,-9.004473895402043e-07,0
12016,-9.004473895402043e-07,0
12017,-9.004473895402043e-07,0
12018,-0.2952155625513342,0
12019,-0.012783130003981569,0
12020,-9.004473895402043e-07,0
12021,-9.004473895402043e-07,0
12022,-9.004473895402043e-07,0
12023,-9.004473895402043e-07,0
12024,-0.34011058453370424,0
12025,-9.004473895402043e-07,0
12026,-9.004473895402043e-07,0
12027,-9.004473895402043e-07,0
12028,-9.004473895402043e-07,0
12029,-0.1672344502338774,0
12030,-9.004473895402043e-07,0
12031,-9.004473895402043e-07,0
12032,-9.004473895402043e-07,0
12033,-9.004473895402043e-07,0
12034,-9.004473895402043e-07,0
12035,-0.28595247955843206,0
12036,-9.004473895402043e-07,0
12037,-9.004473895402043e-07,0
12038,-9.004473895402043e-07,0
12039,-9.004473895402043e-07,0
12040,-9.004473895402043e-07,0
12041,-0.28595247955843206,0
12042,-9.004473895402043e-07,0
12043,-9.004473895402043e-07,0
12044,-9.004473895402043e-07,0
12045,-9.004473895402043e-07,0
12046,-9.004473895402043e-07,0
12047,-0.28595247955843206,0
12048,-0.25660722083443943,0
12049,-9.004473895402043e-07,0
12050,-9.004473895402043e-07,0
12051,-9.004473895402043e-07,0
12052,-9.004473895402043e-07,0
12053,-0.33294477871356776,0
12054,-0.0042875259291577095,0
12055,-9.004473895402043e-07,0
12056,-9.004473895402043e-07,0
12057,-9.004473895402043e-07,0
12058,-9.004473895402043e-07,0
12059,-0.2800838273260524,0
12060,-0.3318174651086565,0
12061,-0.021175202246240588,0
12062,-9.004473895402043e-07,0
12063,-9.004473895402043e-07,0
12064,-9.004473895402043e-07,0
12065,-9.004473895402043e-07,0
12066,-0.3550475647879239,0
12067,-0.22215167441913763,0
12068,-9.004473895402043e-07,0
12069,-9.004473895402043e-07,0
12070,-9.004473895402043e-07,0
12071,-9.004473895402043e-07,0
12072,-0.25657124524946084,0
12073,-9.004473895402043e-07,0
12074,-9.004473895402043e-07,0
12075,-9.004473895402043e-07,0
12076,-9.004473895402043e-07,0
12077,-0.316269061998355,0
12078,-9.004473895402043e-07,0
12079,-9.004473895402043e-07,0
12080,-9.004473895402043e-07,0
12081,-9.004473895402043e-07,0
12082,-9.004473895402043e-07,0
12083,-0.3452578838050613,0
12084,-9.004473895402043e-07,0
12085,-9.004473895402043e-07,0
12086,-9.004473895402043e-07,0
12087,-9.004473895402043e-07,0
12088,-0.033569181632401524,0
12089,-0.35173305265709587,0
12090,-9.004473895402043e-07,0
12091,-9.004473895402043e-07,0
12092,-9.004473895402043e-07,0
12093,-9.004473895402043e-07,0
12094,-0.0253324129585053,0
12095,-0.22215167441913763,0
12096,-0.25887405176649736,0
12097,-9.004473895402043e-07,0
12098,-9.004473895402043e-07,0
12099,-9.004473895402043e-07,0
12100,-9.004473895402043e-07,0
12101,-0.35644516962088346,0
12102,-0.3460220017914253,0
12103,-0.0042875259291577095,0
12104,-9.004473895402043e-07,0
12105,-9.004473895402043e-07,0
12106,-9.004473895402043e-07,0
12107,-9.004473895402043e-07,0
12108,-0.24242546600430614,0
12109,-0.041702410762582076,0
12110,-9.004473895402043e-07,0
12111,-9.004473895402043e-07,0
12112,-9.004473895402043e-07,0
12113,-9.004473895402043e-07,0
12114,-0.26978475807777613,0
12115,-0.3506337435281921,0
12116,-0.008548269249445184,0
12117,-9.004473895402043e-07,0
12118,-9.004473895402043e-07,0
12119,-9.004473895402043e-07,0
12120,-9.004473895402043e-07,0
12121,-0.2247438607762433,0
12122,-0.008548269249445184,0
12123,-9.004473895402043e-07,0
12124,-9.004473895402043e-07,0
12125,-9.004473895402043e-07,0
12126,-9.004473895402043e-07,0
12127,-0.33617128021899134,0
12128,-0.21410782480938906,0
12129,-9.004473895402043e-07,0
12130,-9.004473895402043e-07,0
12131,-9.004473895402043e-07,0
12132,-9.004473895402043e-07,0
12133,-0.22738473183642327,0
12134,-0.3567037474423387,0
12135,-9.004473895402043e-07,0
12136,-9.004473895402043e-07,0
12137,-9.004473895402043e-07,0
12138,-9.004473895402043e-07,0
12139,-0.07702056030996118,0
12140,-0.35222802980479173,0
12141,-9.004473895402043e-07,0
12142,-9.004473895402043e-07,0
12143,-9.004473895402043e-07,0
12144,-9.004473895402043e-07,0
12145,-0.08081535941857965,0
12146,-0.32050588074787356,0
12147,-9.004473895402043e-07,0
12148,-9.004473895402043e-07,0
12149,-9.004473895402043e-07,0
12150,-9.004473895402043e-07,0
12151,-0.016992107790770206,0
12152,-0.3133149954541068,0
12153,-0.3177339044805194,0
12154,-9.004473895402043e-07,0
12155,-9.004473895402043e-07,0
12156,-9.004473895402043e-07,0
12157,-9.004473895402043e-07,0
12158,-0.3391835447808944,0
12159,-0.3038610389438645,0
12160,-9.004473895402043e-07,0
12161,-9.004473895402043e-07,0
12162,-9.004473895402043e-07,0
12163,-9.004473895402043e-07,0
12164,-0.34676020848121425,0
12165,-0.18261936857356886,0
12166,-9.004473895402043e-07,0
12167,-9.004473895402043e-07,0
12168,-9.004473895402043e-07,0
12169,-9.004473895402043e-07,0
12170,-0.3038610389438645,0
12171,-9.004473895402043e-07,0
12172,-9.004473895402043e-07,0
12173,-9.004473895402043e-07,0
12174,-9.004473895402043e-07,0
12175,-0.3071252610399142,0
12176,-0.0042875259291577095,0
12177,-9.004473895402043e-07,0
12178,-9.004473895402043e-07,0
12179,-9.004473895402043e-07,0
12180,-9.004473895402043e-07,0
12181,-0.21945893770566727,0
12182,-0.0042875259291577095,0
12183,-9.004473895402043e-07,0
12184,-9.004473895402043e-07,0
12185,-9.004473895402043e-07,0
12186,-9.004473895402043e-07,0
12187,-0.3004625992520005,0
12188,-9.004473895402043e-07,0
12189,-9.004473895402043e-07,0
12190,-9.004473895402043e-07,0
12191,-9.004473895402043e-07,0
12192,-9.004473895402043e-07,0
12193,-0.33617128021899134,0
12194,-0.008548269249445184,0
12195,-9.004473895402043e-07,0
12196,-9.004473895402043e-07,0
12197,-9.004473895402043e-07,0
12198,-9.004473895402043e-07,0
12199,-0.298739488656679,0
12200,-9.004473895402043e-07,0
12201,-9.004473895402043e-07,0
12202,-9.004473895402043e-07,0
12203,-9.004473895402043e-07,0
12204,-9.004473895402043e-07,0
12205,-0.28595247955843206,0
12206,-9.004473895402043e-07,0
12207,-9.004473895402043e-07,0
12208,-9.004473895402043e-07,0
12209,-9.004473895402043e-07,0
12210,-9.004473895402043e-07,0
12211,-0.2739820815357916,0
12212,-9.004473895402043e-07,0
12213,-9.004473895402043e-07,0
12214,-9.004473895402043e-07,0
12215,-9.004473895402043e-07,0
12216,-0.35658741414044925,0
12217,-0.3401290407647366,0
12218,-0.008548269249445184,0
12219,-9.004473895402043e-07,0
12220,-9.004473895402043e-07,0
12221,-9.004473895402043e-07,0
12222,-9.004473895402043e-07,0
12223,-0.28785689722042207,0
12224,-9.004473895402043e-07,0
12225,-9.004473895402043e-07,0
12226,-9.004473895402043e-07,0
12227,-9.004473895402043e-07,0
12228,-9.004473895402043e-07,0
12229,-0.35586296827602837,0
12230,-0.012783130003981569,0
12231,-9.004473895402043e-07,0
12232,-9.004473895402043e-07,0
12233,-9.004473895402043e-07,0
12234,-9.004473895402043e-07,0
12235,1.400438486598432e-05,1
12236,-0.021175202246240588,0
12237,-9.004473895402043e-07,0
12238,-9.004473895402043e-07,0
12239,-9.004473895402043e-07,0
12240,-9.004473895402043e-07,0
12241,-0.3568586804799452,0
12242,-9.004473895402043e-07,0
12243,-9.004473895402043e-07,0
12244,-9.004473895402043e-07,0
12245,-9.004473895402043e-07,0
12246,-0.205830864564291,0
12247,-0.31911951223264623,0
12248,-0.012783130003981569,0
12249,-9.004473895402043e-07,0
12250,-9.004473895402043e-07,0
12251,-9.004473895402043e-07,0
12252,-9.004473895402043e-07,0
12253,-0.3232259778378648,0
12254,-9.004473895402043e-07,0
12255,-9.004473895402043e-07,0
12256,-9.004473895402043e-07,0
12257,-9.004473895402043e-07,0
12258,-0.34194229964100487,0
12259,-0.016992107790770206,0
12260,-9.004473895402043e-07,0
12261,-9.004473895402043e-07,0
12262,-9.004473895402043e-07,0
12263,-9.004473895402043e-07,0
12264,-0.3474584150668534,0
12265,-9.004473895402043e-07,0
12266,-9.004473895402043e-07,0
12267,-9.004473895402043e-07,0
12268,-9.004473895402043e-07,0
12269,-0.19732080017820408,0
12270,-0.35399100972404085,0
12271,-0.0042875259291577095,0
12272,-9.004473895402043e-07,0
12273,-9.004473895402043e-07,0
12274,-9.004473895402043e-07,0
12275,-9.004473895402043e-07,0
12276,-0.3306642452110964,0
12277,-0.008548269249445184,0
12278,-9.004473895402043e-07,0
12279,-9.004473895402043e-07,0
12280,-9.004473895402043e-07,0
12281,-9.004473895402043e-07,0
12282,-0.18854067624249637,0
12283,-0.033569181632401524,0
12284,-9.004473895402043e-07,0
12285,-9.004473895402043e-07,0
12286,-9.004473895402043e-07,0
12287,-9.004473895402043e-07,0
12288,-0.3218663445927632,0
12289,-9.004473895402043e-07,0
12290,-9.004473895402043e-07,0
12291,-9.004473895402043e-07,0
12292,-9.004473895402043e-07,0
12293,-9.004473895402043e-07,0
12294,-0.23997720353202112,0
12295,-0.033569181632401524,0
12296,-9.004473895402043e-07,0
12297,-9.004473895402043e-07,0
12298,-9.004473895402043e-07,0
12299,-9.004473895402043e-07,0
12300,-0.28785689722042207,0
12301,-0.016992107790770206,0
12302,-9.004473895402043e-07,0
12303,-9.004473895402043e-07,0
12304,-9.004473895402043e-07,0
12305,-9.004473895402043e-07,0
12306,-0.1277917039658405,0
12307,-9.004473895402043e-07,0
12308,-9.004473895402043e-07,0
12309,-9.004473895402043e-07,0
12310,-9.004473895402043e-07,0
12311,-0.2952155625513342,0
12312,-9.004473895402043e-07,0
12313,-9.004473895402043e-07,0
12314,-9.004473895402043e-07,0
12315,-9.004473895402043e-07,0
12316,-9.004473895402043e-07,0
12317,-0.35436697993998223,0
12318,-9.004473895402043e-07,0
12319,-9.004473895402043e-07,0
12320,-9.004473895402043e-07,0
12321,-9.004473895402043e-07,0
12322,-0.28595247955843206,0
12323,-0.1380109800760465,0
12324,-9.004473895402043e-07,0
12325,-9.004473895402043e-07,0
12326,-9.004473895402043e-07,0
12327,-9.004473895402043e-07,0
12328,-0.31770723925899347,0
12329,-0.012783130003981569,0
12330,-9.004473895402043e-07,0
12331,-9.004473895402043e-07,0
12332,-9.004473895402043e-07,0
12333,-9.004473895402043e-07,0
12334,-0.20857839384882482,0
12335,-0.012783130003981569,0
12336,-9.004473895402043e-07,0
12337,-9.004473895402043e-07,0
12338,-9.004473895402043e-07,0
12339,-9.004473895402043e-07,0
12340,-0.32050588074787356,0
12341,-0.0042875259291577095,0
12342,-9.004473895402043e-07,0
12343,-9.004473895402043e-07,0
12344,-9.004473895402043e-07,0
12345,-9.004473895402043e-07,0
12346,-0.316269061998355,0
12347,-0.0042875259291577095,0
12348,-9.004473895402043e-07,0
12349,-9.004473895402043e-07,0
12350,-9.004473895402043e-07,0
12351,-9.004473895402043e-07,0
12352,-0.31770723925899347,0
12353,-0.22478115418061861,0
12354,-9.004473895402043e-07,0
12355,-9.004473895402043e-07,0
12356,-9.004473895402043e-07,0
12357,-9.004473895402043e-07,0
12358,-0.34944133929218424,0
12359,-0.008548269249445184,0
12360,-9.004473895402043e-07,0
12361,-9.004473895402043e-07,0
12362,-9.004473895402043e-07,0
12363,-9.004473895402043e-07,0
12364,-0.3148049806684412,0
12365,-9.004473895402043e-07,0
12366,-9.004473895402043e-07,0
12367,-9.004473895402043e-07,0
12368,-9.004473895402043e-07,0
12369,-9.004473895402043e-07,0
12370,1.8067078357667015,1
12371,-0.008548269249445184,0
12372,-9.004473895402043e-07,0
12373,-9.004473895402043e-07,0
12374,-9.004473895402043e-07,0
12375,-9.004473895402043e-07,0
12376,-0.3562770138074711,0
12377,-9.004473895402043e-07,0
12378,-9.004473895402043e-07,0
12379,-9.004473895402043e-07,0
12380,-9.004473895402043e-07,0
12381,-0.02944363963933938,0
12382,-9.004473895402043e-07,0
12383,-9.004473895402043e-07,0
12384,-9.004473895402043e-07,0
12385,-9.004473895402043e-07,0
12386,-0.19439518338185735,0
12387,-9.004473895402043e-07,0
12388,-9.004473895402043e-07,0
12389,-9.004473895402043e-07,0
12390,-9.004473895402043e-07,0
12391,-0.3550475647879239,0
12392,-9.004473895402043e-07,0
12393,-9.004473895402043e-07,0
12394,-9.004473895402043e-07,0
12395,-9.004473895402043e-07,0
12396,-0.22211434524228935,0
12397,-9.004473895402043e-07,0
12398,-9.004473895402043e-07,0
12399,-9.004473895402043e-07,0
12400,-9.004473895402043e-07,0
12401,-0.33617128021899134,0
12402,-9.004473895402043e-07,0
12403,-9.004473895402043e-07,0
12404,-9.004473895402043e-07,0
12405,-9.004473895402043e-07,0
12406,-0.3021598079153591,0
12407,-9.004473895402043e-07,0
12408,-9.004473895402043e-07,0
12409,-9.004473895402043e-07,0
12410,-9.004473895402043e-07,0
12411,-9.004473895402043e-07,0
12412,-9.004473895402043e-07,0
12413,-0.3372148199809999,0
12414,-0.012783130003981569,0
12415,-0.319145787451248,0
12416,-0.2952155625513342,0
12417,-0.160949638302327,0
12418,0.6008843780768984,1
12419,-0.15775037431353667,0
12420,-0.32579230622661726,0
12421,-9.004473895402043e-07,0
12422,-0.30868961861563093,0
12423,-9.004473895402043e-07,0
12424,-0.1855745905970707,0
12425,-9.004473895402043e-07,0
12426,-0.3564419717876035,0
12427,-9.004473895402043e-07,0
12428,-0.1914808739518321,0
12429,-9.004473895402043e-07,0
12430,-9.004473895402043e-07,0
12431,-0.2840553825885763,0
12432,-9.004473895402043e-07,0
12433,0.6150103918947707,1
12434,-0.30550610434443115,0
12435,-9.004473895402043e-07,0
12436,-0.0042875259291577095,0
12437,-0.27807581099943945,0
12438,-9.004473895402043e-07,0
12439,-0.18854067624249637,0
12440,0.08158160048787977,1
12441,-9.004473895402043e-07,0
12442,-0.2167776384675335,0
12443,-0.21137473892724756,0
12444,-0.3506337435281921,0
12445,-9.004473895402043e-07,0
12446,-0.3488062734893447,0
12447,-9.004473895402043e-07,0
12448,-9.004473895402043e-07,0
12449,-9.004473895402043e-07,0
12450,-0.3306642452110964,0
12451,-9.004473895402043e-07,0
12452,-9.004473895402043e-07,0
12453,-9.004473895402043e-07,0
12454,-0.0042875259291577095,0
12455,-9.004473895402043e-07,0
12456,-0.3567925693350844,0
12457,-9.004473895402043e-07,0
12458,-9.004473895402043e-07,0
12459,-9.004473895402043e-07,0
12460,-9.004473895402043e-07,0
12461,-9.004473895402043e-07,0
12462,-0.0497087492016135,0
12463,-9.004473895402043e-07,0
12464,-9.004473895402043e-07,0
12465,-9.004473895402043e-07,0
12466,-9.004473895402043e-07,0
12467,-9.004473895402043e-07,0
12468,2.6461173142132566,1
12469,-9.004473895402043e-07,0
12470,-9.004473895402043e-07,0
12471,-0.29162014825681126,0
12472,-0.3270491495420629,0
12473,-0.2167776384675335,0
12474,-0.289735414594702,0
12475,-0.12430074745736874,0
12476,-0.23251417993571977,0
12477,-9.004473895402043e-07,0
12478,-0.28976781793289774,0
12479,-9.004473895402043e-07,0
12480,-9.004473895402043e-07,0
12481,-9.004473895402043e-07,0
12482,-0.0042875259291577095,0
12483,-0.0042875259291577095,0
12484,-0.07319987230266634,0
12485,-0.3474725038579436,0
12486,-9.004473895402043e-07,0
12487,-9.004473895402043e-07,0
12488,-9.004473895402043e-07,0
12489,-0.0042875259291577095,0
12490,-0.3133149954541068,0
12491,-9.004473895402043e-07,0
12492,-9.004473895402043e-07,0
12493,-9.004473895402043e-07,0
12494,-9.004473895402043e-07,0
12495,-9.004473895402043e-07,0
12496,-0.298739488656679,0
12497,-9.004473895402043e-07,0
12498,-9.004473895402043e-07,0
12499,-9.004473895402043e-07,0
12500,-9.004473895402043e-07,0
12501,-9.004473895402043e-07,0
12502,-0.2800838273260524,0
12503,-9.004473895402043e-07,0
12504,-9.004473895402043e-07,0
12505,-9.004473895402043e-07,0
12506,-9.004473895402043e-07,0
12507,-9.004473895402043e-07,0
12508,-0.35399100972404085,0
12509,-0.3021900649592908,0
12510,-9.004473895402043e-07,0
12511,-9.004473895402043e-07,0
12512,-9.004473895402043e-07,0
12513,-9.004473895402043e-07,0
12514,-9.004473895402043e-07,0
12515,193.7010662639666,1
12516,-9.004473895402043e-07,0
12517,-9.004473895402043e-07,0
12518,-9.004473895402043e-07,0
12519,0.478394616704918,1
12520,-9.004473895402043e-07,0
12521,-9.004473895402043e-07,0
12522,-9.004473895402043e-07,0
12523,-0.28595247955843206,0
12524,-9.004473895402043e-07,0
12525,-9.004473895402043e-07,0
12526,-9.004473895402043e-07,0
12527,-0.28595247955843206,0
12528,-9.004473895402043e-07,0
12529,-9.004473895402043e-07,0
12530,-9.004473895402043e-07,0
12531,-0.28595247955843206,0
12532,-9.004473895402043e-07,0
12533,-9.004473895402043e-07,0
12534,-9.004473895402043e-07,0
12535,-0.33617128021899134,0
12536,-9.004473895402043e-07,0
12537,-9.004473895402043e-07,0
12538,-9.004473895402043e-07,0
12539,-0.13122402327007876,0
12540,-9.004473895402043e-07,0
12541,-9.004473895402043e-07,0
12542,-9.004473895402043e-07,0
12543,-0.3444678545691886,0
12544,-9.004473895402043e-07,0
12545,-9.004473895402043e-07,0
12546,-9.004473895402043e-07,0
12547,-0.2781097839121003,0
12548,-9.004473895402043e-07,0
12549,-9.004473895402043e-07,0
12550,-9.004473895402043e-07,0
12551,-0.24961488504402496,0
12552,-9.004473895402043e-07,0
12553,-9.004473895402043e-07,0
12554,-9.004473895402043e-07,0
12555,-9.004473895402043e-07,0
12556,-9.004473895402043e-07,0
12557,-9.004473895402043e-07,0
12558,-9.004473895402043e-07,0
12559,-9.004473895402043e-07,0
12560,26.984244601709065,1
12561,-0.27604189565511206,0
12562,-0.0042875259291577095,0
12563,-0.2167776384675335,0
12564,-0.32579230622661726,0
12565,-0.28595247955843206,0
12566,206.67970775907008,1
12567,-0.3452578838050613,0
12568,-0.35436697993998223,0
12569,-9.004473895402043e-07,0
12570,-0.28595247955843206,0
12571,-9.004473895402043e-07,0
12572,-0.28402216184952067,0
12573,-9.004473895402043e-07,0
12574,-0.3102573142299434,0
12575,-0.0042875259291577095,0
12576,-9.004473895402043e-07,0
12577,3.5506430933596675,1
12578,-9.004473895402043e-07,0
12579,17.27432356617703,1
12580,-9.004473895402043e-07,0
12581,-9.004473895402043e-07,0
12582,-0.3162961119218153,0
12583,-0.13459676110187502,0
12584,-0.2610793377277787,0
12585,-0.2739820815357916,0
12586,-0.2739820815357916,0
12587,-0.21407044785473772,0
12588,-0.3547170400710229,0
12589,-0.053684158458850106,0
12590,-0.3452578838050613,0
12591,-0.22738473183642327,0
12592,-9.004473895402043e-07,0
12593,-0.21410782480938906,0
12594,-0.34011058453370424,0
12595,-9.004473895402043e-07,0
12596,-9.004473895402043e-07,0
12597,-0.26329453881032805,0
12598,-9.004473895402043e-07,0
12599,-9.004473895402043e-07,0
12600,-0.35005049600977145,0
12601,-9.004473895402043e-07,0
12602,-9.004473895402043e-07,0
12603,-0.21407044785473772,0
12604,-9.004473895402043e-07,0
12605,-9.004473895402043e-07,0
12606,-0.3070960199777346,0
12607,-9.004473895402043e-07,0
12608,-9.004473895402043e-07,0
12609,-9.004473895402043e-07,0
12610,-0.0042875259291577095,0
12611,-0.3294851192021042,0
12612,-9.004473895402043e-07,0
12613,-9.004473895402043e-07,0
12614,-9.004473895402043e-07,0
12615,-9.004473895402043e-07,0
12616,-0.2952155625513342,0
12617,-9.004473895402043e-07,0
12618,-9.004473895402043e-07,0
12619,-9.004473895402043e-07,0
12620,-9.004473895402043e-07,0
12621,-0.2952155625513342,0
12622,-9.004473895402043e-07,0
12623,-9.004473895402043e-07,0
12624,-9.004473895402043e-07,0
12625,-0.28595247955843206,0
12626,-9.004473895402043e-07,0
12627,-9.004473895402043e-07,0
12628,-9.004473895402043e-07,0
12629,-9.004473895402043e-07,0
12630,-0.28595247955843206,0
12631,-9.004473895402043e-07,0
12632,-9.004473895402043e-07,0
12633,-9.004473895402043e-07,0
12634,-0.02946373955353465,0
12635,-9.004473895402043e-07,0
12636,-9.004473895402043e-07,0
12637,-9.004473895402043e-07,0
12638,-0.0042875259291577095,0
12639,-0.3004625992520005,0
12640,-9.004473895402043e-07,0
12641,-9.004473895402043e-07,0
12642,-9.004473895402043e-07,0
12643,-9.004473895402043e-07,0
12644,-0.28595247955843206,0
12645,-9.004473895402043e-07,0
12646,-9.004473895402043e-07,0
12647,-9.004473895402043e-07,0
12648,-9.004473895402043e-07,0
12649,-9.004473895402043e-07,0
12650,-9.004473895402043e-07,0
12651,-9.004473895402043e-07,0
12652,-9.004473895402043e-07,0
12653,-0.28595247955843206,0
12654,-9.004473895402043e-07,0
12655,-9.004473895402043e-07,0
12656,-9.004473895402043e-07,0
12657,-9.004473895402043e-07,0
12658,-9.004473895402043e-07,0
12659,-9.004473895402043e-07,0
12660,-9.004473895402043e-07,0
12661,-9.004473895402043e-07,0
12662,-0.28595247955843206,0
12663,-9.004473895402043e-07,0
12664,-9.004473895402043e-07,0
12665,-9.004473895402043e-07,0
12666,-9.004473895402043e-07,0
12667,-9.004473895402043e-07,0
12668,-9.004473895402043e-07,0
12669,-9.004473895402043e-07,0
12670,-9.004473895402043e-07,0
12671,-0.28595247955843206,0
12672,-9.004473895402043e-07,0
12673,-9.004473895402043e-07,0
12674,-9.004473895402043e-07,0
12675,-9.004473895402043e-07,0
12676,-0.28595247955843206,0
12677,-9.004473895402043e-07,0
12678,-9.004473895402043e-07,0
12679,-9.004473895402043e-07,0
12680,-9.004473895402043e-07,0
12681,-9.004473895402043e-07,0
12682,-9.004473895402043e-07,0
12683,-0.21949629279038163,0
12684,-9.004473895402043e-07,0
12685,-0.02115650842802097,0
12686,-9.004473895402043e-07,0
12687,-9.004473895402043e-07,0
12688,-9.004473895402043e-07,0
12689,-0.09204441993267665,0
12690,-9.004473895402043e-07,0
12691,-9.004473895402043e-07,0
12692,-9.004473895402043e-07,0
12693,-0.0042875259291577095,0
12694,-0.0042875259291577095,0
12695,-0.02944363963933938,0
12696,-9.004473895402043e-07,0
12697,-9.004473895402043e-07,0
12698,-9.004473895402043e-07,0
12699,-9.004473895402043e-07,0
12700,-9.004473895402043e-07,0
12701,-0.34192479207183624,0
12702,-9.004473895402043e-07,0
12703,-9.004473895402043e-07,0
12704,-9.004473895402043e-07,0
12705,-9.004473895402043e-07,0
12706,-9.004473895402043e-07,0
12707,-0.3070960199777346,0
12708,-9.004473895402043e-07,0
12709,-9.004473895402043e-07,0
12710,-9.004473895402043e-07,0
12711,-0.0042875259291577095,0
12712,-9.004473895402043e-07,0
12713,-0.23500299620945952,0
12714,-9.004473895402043e-07,0
12715,-9.004473895402043e-07,0
12716,-9.004473895402043e-07,0
12717,-9.004473895402043e-07,0
12718,-9.004473895402043e-07,0
12719,-0.3218918242282598,0
12720,-9.004473895402043e-07,0
12721,-9.004473895402043e-07,0
12722,-9.004473895402043e-07,0
12723,0.25287786458193295,1
12724,-9.004473895402043e-07,0
12725,-9.004473895402043e-07,0
12726,-9.004473895402043e-07,0
12727,-9.004473895402043e-07,0
12728,-9.004473895402043e-07,0
12729,0.8080360931180621,1
12730,-9.004473895402043e-07,0
12731,-9.004473895402043e-07,0
12732,-9.004473895402043e-07,0
12733,-9.004473895402043e-07,0
12734,-0.0042875259291577095,0
12735,-0.30868961861563093,0
12736,-9.004473895402043e-07,0
12737,-9.004473895402043e-07,0
12738,-9.004473895402043e-07,0
12739,-9.004473895402043e-07,0
12740,1.1040638392646542,1
12741,-9.004473895402043e-07,0
12742,-9.004473895402043e-07,0
12743,-9.004473895402043e-07,0
12744,-0.0042875259291577095,0
12745,0.6725462371891808,1
12746,-9.004473895402043e-07,0
12747,-9.004473895402043e-07,0
12748,-9.004473895402043e-07,0
12749,-9.004473895402043e-07,0
12750,-0.3391835447808944,0
12751,-9.004473895402043e-07,0
12752,-9.004473895402043e-07,0
12753,-9.004473895402043e-07,0
12754,-9.004473895402043e-07,0
12755,-0.3218663445927632,0
12756,-9.004473895402043e-07,0
12757,-9.004473895402043e-07,0
12758,-9.004473895402043e-07,0
12759,-9.004473895402043e-07,0
12760,-0.0042875259291577095,0
12761,-0.2610793377277787,0
12762,-9.004473895402043e-07,0
12763,-9.004473895402043e-07,0
12764,-9.004473895402043e-07,0
12765,-0.0042875259291577095,0
12766,-0.33068678706626997,0
12767,-9.004473895402043e-07,0
12768,-9.004473895402043e-07,0
12769,-9.004473895402043e-07,0
12770,-9.004473895402043e-07,0
12771,-0.23750304684256207,0
12772,-9.004473895402043e-07,0
12773,-9.004473895402043e-07,0
12774,-9.004473895402043e-07,0
12775,-9.004473895402043e-07,0
12776,-0.3102573142299434,0
12777,-9.004473895402043e-07,0
12778,-9.004473895402043e-07,0
12779,-9.004473895402043e-07,0
12780,-9.004473895402043e-07,0
12781,-0.28595247955843206,0
12782,-9.004473895402043e-07,0
12783,-9.004473895402043e-07,0
12784,-9.004473895402043e-07,0
12785,-9.004473895402043e-07,0
12786,-9.004473895402043e-07,0
12787,-0.22992521446042247,0
12788,-9.004473895402043e-07,0
12789,-9.004473895402043e-07,0
12790,-9.004473895402043e-07,0
12791,-9.004473895402043e-07,0
12792,-9.004473895402043e-07,0
12793,-0.32050588074787356,0
12794,-9.004473895402043e-07,0
12795,-9.004473895402043e-07,0
12796,-9.004473895402043e-07,0
12797,-9.004473895402043e-07,0
12798,-9.004473895402043e-07,0
12799,7.242045482916524,1
12800,-9.004473895402043e-07,0
12801,-9.004473895402043e-07,0
12802,-9.004473895402043e-07,0
12803,-9.004473895402043e-07,0
12804,-9.004473895402043e-07,0
12805,-0.2969904763475597,0
12806,-9.004473895402043e-07,0
12807,-9.004473895402043e-07,0
12808,-9.004473895402043e-07,0
12809,-9.004473895402043e-07,0
12810,-9.004473895402043e-07,0
12811,-0.21407044785473772,0
12812,-9.004473895402043e-07,0
12813,-9.004473895402043e-07,0
12814,-9.004473895402043e-07,0
12815,-9.004473895402043e-07,0
12816,-9.004473895402043e-07,0
12817,-0.15452521410406916,0
12818,-9.004473895402043e-07,0
12819,-9.004473895402043e-07,0
12820,-9.004473895402043e-07,0
12821,-0.15127415798031052,0
12822,-9.004473895402043e-07,0
12823,-0.3517225105294983,0
12824,-0.12081698183317258,0
12825,-0.3436519141021108,0
12826,-0.18258261736139048,0
12827,-0.3054765184936059,0
12828,-0.33294477871356776,0
12829,0.12550713778739464,1
12830,-0.16408715920147188,0
12831,-0.3558581780721397,0
12832,-0.0042875259291577095,0
12833,-9.004473895402043e-07,0
12834,-0.3428100624412309,0
12835,-9.004473895402043e-07,0
12836,-0.23500299620945952,0
12837,-9.004473895402043e-07,0
12838,-0.26978475807777613,0
12839,-9.004473895402043e-07,0
12840,-0.1672344502338774,0
12841,-9.004473895402043e-07,0
12842,0.7619446665235046,1
12843,-9.004473895402043e-07,0
12844,-9.004473895402043e-07,0
12845,-0.021175202246240588,0
12846,-0.2167776384675335,0
12847,-0.3500625716687864,0
12848,-0.3038311144010777,0
12849,-0.2952155625513342,0
12850,-0.3410486257382672,0
12851,-0.3021900649592908,0
12852,-9.004473895402043e-07,0
12853,-0.3460220017914253,0
12854,1.0269275165014733,1
12855,-9.004473895402043e-07,0
12856,-9.004473895402043e-07,0
12857,-9.004473895402043e-07,0
12858,-9.004473895402043e-07,0
12859,-9.004473895402043e-07,0
12860,-9.004473895402043e-07,0
12861,-9.004473895402043e-07,0
12862,-9.004473895402043e-07,0
12863,-9.004473895402043e-07,0
12864,-0.08455600313402556,0
12865,-9.004473895402043e-07,0
12866,0.46530079476826813,1
12867,-0.26332999846545135,0
12868,0.919190922764983,1
12869,-0.3391835447808944,0
12870,-0.2934465709572578,0
12871,-9.004473895402043e-07,0
12872,-9.004473895402043e-07,0
12873,-0.27607610434381513,0
12874,-0.0042875259291577095,0
12875,-0.09201521741249508,0
12876,-9.004473895402043e-07,0
12877,-0.2542783544275835,0
12878,-9.004473895402043e-07,0
12879,-0.13459676110187502,0
12880,-9.004473895402043e-07,0
12881,9.852070414914465,1
12882,-9.004473895402043e-07,0
12883,-9.004473895402043e-07,0
12884,-9.004473895402043e-07,0
12885,-0.21137473892724756,0
12886,-0.04573019705981096,0
12887,0.2306157041783763,1
12888,-9.004473895402043e-07,0
12889,-9.004473895402043e-07,0
12890,-9.004473895402043e-07,0
12891,0.8236061106449597,1
12892,-9.004473895402043e-07,0
12893,-9.004473895402043e-07,0
12894,-9.004473895402043e-07,0
12895,-9.004473895402043e-07,0
12896,-9.004473895402043e-07,0
12897,-9.004473895402043e-07,0
12898,-9.004473895402043e-07,0
12899,-9.004473895402043e-07,0
12900,-0.033569181632401524,0
12901,-0.02946373955353465,0
12902,-0.1512391488930689,0
12903,-9.004473895402043e-07,0
12904,-0.19732080017820408,0
12905,-9.004473895402043e-07,0
12906,-0.35607868655756647,0
12907,-9.004473895402043e-07,0
12908,-0.33617128021899134,0
12909,-9.004473895402043e-07,0
12910,-0.33512168644324447,0
12911,-9.004473895402043e-07,0
12912,-0.32050588074787356,0
12913,-0.09940100950097985,0
12914,-9.004473895402043e-07,0
12915,-9.004473895402043e-07,0
12916,-0.35317033060721315,0
12917,-9.004473895402043e-07,0
12918,-0.21945893770566727,0
12919,-9.004473895402043e-07,0
12920,-0.3460220017914253,0
12921,-9.004473895402043e-07,0
12922,0.6292395910614914,1
12923,-9.004473895402043e-07,0
12924,-0.35608294671317253,0
12925,-9.004473895402043e-07,0
12926,-0.3517225105294983,0
12927,-9.004473895402043e-07,0
12928,-0.11730733637170943,0
12929,-9.004473895402043e-07,0
12930,-0.34600692171147784,0
12931,-9.004473895402043e-07,0
12932,-0.28595247955843206,0
12933,-9.004473895402043e-07,0
12934,0.5938600676496435,1
12935,-0.0042875259291577095,0
12936,747.1130090030533,1
12937,-9.004473895402043e-07,0
12938,-0.3436519141021108,0
12939,-0.28595247955843206,0
12940,-0.1914808739518321,0
12941,-0.2167776384675335,0
12942,0.4202855661575313,1
12943,-0.28595247955843206,0
12944,-9.004473895402043e-07,0
12945,-9.004473895402043e-07,0
12946,-0.285985434951499,0
12947,-0.008548269249445184,0
12948,-0.0042875259291577095,0
12949,-9.004473895402043e-07,0
12950,-9.004473895402043e-07,0
12951,-9.004473895402043e-07,0
12952,-9.004473895402043e-07,0
12953,-0.3232009035740475,0
12954,-9.004473895402043e-07,0
12955,-9.004473895402043e-07,0
12956,-9.004473895402043e-07,0
12957,-9.004473895402043e-07,0
12958,-9.004473895402043e-07,0
12959,-9.004473895402043e-07,0
12960,-9.004473895402043e-07,0
12961,-0.008548269249445184,0
12962,-0.2934465709572578,0
12963,-9.004473895402043e-07,0
12964,-9.004473895402043e-07,0
12965,-9.004473895402043e-07,0
12966,-9.004473895402043e-07,0
12967,-9.004473895402043e-07,0
12968,-9.004473895402043e-07,0
12969,-9.004473895402043e-07,0
12970,-9.004473895402043e-07,0
12971,-0.3038610389438645,0
12972,-0.17655750513813473,0
12973,-9.004473895402043e-07,0
12974,-9.004473895402043e-07,0
12975,-9.004473895402043e-07,0
12976,-0.21137473892724756,0
12977,-9.004473895402043e-07,0
12978,-9.004473895402043e-07,0
12979,-9.004473895402043e-07,0
12980,-0.19732080017820408,0
12981,-9.004473895402043e-07,0
12982,-9.004473895402043e-07,0
12983,-9.004473895402043e-07,0
12984,-9.004473895402043e-07,0
12985,-9.004473895402043e-07,0
12986,-9.004473895402043e-07,0
12987,-9.004473895402043e-07,0
12988,-9.004473895402043e-07,0
12989,-0.23500299620945952,0
12990,-9.004473895402043e-07,0
12991,-9.004473895402043e-07,0
12992,-9.004473895402043e-07,0
12993,-9.004473895402043e-07,0
12994,-9.004473895402043e-07,0
12995,-9.004473895402043e-07,0
12996,-9.004473895402043e-07,0
12997,-9.004473895402043e-07,0
12998,-0.3565847484061351,0
12999,-9.004473895402043e-07,0
13000,-9.004473895402043e-07,0
13001,-9.004473895402043e-07,0
13002,-0.0042875259291577095,0
13003,-9.004473895402043e-07,0
13004,-9.004473895402043e-07,0
13005,-9.004473895402043e-07,0
13006,-0.08455600313402556,0
13007,-9.004473895402043e-07,0
13008,-9.004473895402043e-07,0
13009,-9.004473895402043e-07,0
13010,-9.004473895402043e-07,0
13011,-9.004473895402043e-07,0
13012,-9.004473895402043e-07,0
13013,-9.004473895402043e-07,0
13014,-0.20298277837412115,0
13015,-9.004473895402043e-07,0
13016,-9.004473895402043e-07,0
13017,-9.004473895402043e-07,0
13018,-0.23500299620945952,0
13019,-9.004473895402043e-07,0
13020,-9.004473895402043e-07,0
13021,-9.004473895402043e-07,0
13022,-9.004473895402043e-07,0
13023,-9.004473895402043e-07,0
13024,-0.20302007657664944,0
13025,-9.004473895402043e-07,0
13026,-9.004473895402043e-07,0
13027,1.1655003624052824,1
13028,-9.004473895402043e-07,0
13029,-0.2800838273260524,0
13030,-9.004473895402043e-07,0
13031,-9.004473895402043e-07,0
13032,-0.3070960199777346,0
13033,-9.004473895402043e-07,0
13034,-9.004473895402043e-07,0
13035,-0.1672344502338774,0
13036,-9.004473895402043e-07,0
13037,-9.004473895402043e-07,0
13038,-0.1446943591120089,0
13039,-0.3444678545691886,0
13040,-9.004473895402043e-07,0
13041,-0.25195956759114324,0
13042,-9.004473895402043e-07,0
13043,-0.28595247955843206,0
13044,-9.004473895402043e-07,0
13045,-0.3218918242282598,0
13046,-0.3102858478420103,0
13047,-9.004473895402043e-07,0
13048,-0.016992107790770206,0
13049,0.017416000824255207,1
13050,-0.35607868655756647,0
13051,-9.004473895402043e-07,0
13052,-9.004473895402043e-07,0
13053,743.9783356239068,1
13054,-0.012783130003981569,0
13055,-0.12433349115917736,0
13056,0.5660208205581512,1
13057,-0.3553394297344994,0
13058,440.1785513015927,1
13059,-9.004473895402043e-07,0
13060,-0.04973209733816475,0
13061,-0.033569181632401524,0
13062,-0.02946373955353465,0
13063,0.044294897009194756,1
13064,-9.004473895402043e-07,0
13065,0.16630996236438023,1
13066,-9.004473895402043e-07,0
13067,-0.30550610434443115,0
13068,-9.004473895402043e-07,0
13069,-0.21133736619526644,0
13070,-9.004473895402043e-07,0
13071,-0.3340461858750814,0
13072,-9.004473895402043e-07,0
13073,-0.3232009035740475,0
13074,-9.004473895402043e-07,0
13075,-0.3567925693350844,0
13076,-9.004473895402043e-07,0
13077,-0.3270491495420629,0
13078,-9.004473895402043e-07,0
13079,-0.21945893770566727,0
13080,-9.004473895402043e-07,0
13081,0.192651763965614,1
13082,-9.004473895402043e-07,0
13083,-0.0042875259291577095,0
13084,3.9573624651897035,1
13085,-9.004473895402043e-07,0
13086,-0.0042875259291577095,0
13087,-9.004473895402043e-07,0
13088,-0.35534527734887433,0
13089,-9.004473895402043e-07,0
13090,-9.004473895402043e-07,0
13091,-9.004473895402043e-07,0
13092,-0.16091398316802952,0
13093,-9.004473895402043e-07,0
13094,-9.004473895402043e-07,0
13095,-9.004473895402043e-07,0
13096,-0.07317311597489606,0
13097,-9.004473895402043e-07,0
13098,-0.3444678545691886,0
13099,-9.004473895402043e-07,0
13100,-0.28595247955843206,0
13101,-9.004473895402043e-07,0
13102,-0.3218663445927632,0
13103,-9.004473895402043e-07,0
13104,-0.17345137580707615,0
13105,-9.004473895402043e-07,0
13106,-0.26329453881032805,0
13107,-9.004473895402043e-07,0
13108,-9.004473895402043e-07,0
13109,-9.004473895402043e-07,0
13110,-0.3428100624412309,0
13111,-0.0042875259291577095,0
13112,-0.04573019705981096,0
13113,-0.3527171494039294,0
13114,-9.004473895402043e-07,0
13115,-9.004473895402043e-07,0
13116,-9.004473895402043e-07,0
13117,-0.1885776383276152,0
13118,-9.004473895402043e-07,0
13119,-9.004473895402043e-07,0
13120,-9.004473895402043e-07,0
13121,-9.004473895402043e-07,0
13122,-9.004473895402043e-07,0
13123,-0.25657124524946084,0
13124,-9.004473895402043e-07,0
13125,-9.004473895402043e-07,0
13126,-9.004473895402043e-07,0
13127,-9.004473895402043e-07,0
13128,-9.004473895402043e-07,0
13129,-0.3087185089138984,0
13130,-9.004473895402043e-07,0
13131,-9.004473895402043e-07,0
13132,-9.004473895402043e-07,0
13133,-9.004473895402043e-07,0
13134,-9.004473895402043e-07,0
13135,-9.004473895402043e-07,0
13136,-9.004473895402043e-07,0
13137,-0.3372148199809999,0
13138,-0.24246224121452542,0
13139,-9.004473895402043e-07,0
13140,-9.004473895402043e-07,0
13141,-0.2934465709572578,0
13142,-0.25660722083443943,0
13143,-9.004473895402043e-07,0
13144,-9.004473895402043e-07,0
13145,-9.004473895402043e-07,0
13146,-0.0042875259291577095,0
13147,-0.20302007657664944,0
13148,-0.0253324129585053,0
13149,-9.004473895402043e-07,0
13150,-9.004473895402043e-07,0
13151,-9.004473895402043e-07,0
13152,-0.3562770138074711,0
13153,-0.0042875259291577095,0
13154,-9.004473895402043e-07,0
13155,-9.004473895402043e-07,0
13156,-9.004473895402043e-07,0
13157,-9.004473895402043e-07,0
13158,-9.004473895402043e-07,0
13159,-9.004473895402043e-07,0
13160,-9.004473895402043e-07,0
13161,-0.2588382397771056,0
13162,-9.004473895402043e-07,0
13163,-9.004473895402043e-07,0
13164,-9.004473895402043e-07,0
13165,-0.0042875259291577095,0
13166,-9.004473895402043e-07,0
13167,-9.004473895402043e-07,0
13168,-9.004473895402043e-07,0
13169,-9.004473895402043e-07,0
13170,-0.32579230622661726,0
13171,-9.004473895402043e-07,0
13172,-9.004473895402043e-07,0
13173,-9.004473895402043e-07,0
13174,-9.004473895402043e-07,0
13175,-9.004473895402043e-07,0
13176,-9.004473895402043e-07,0
13177,-9.004473895402043e-07,0
13178,-9.004473895402043e-07,0
13179,-9.004473895402043e-07,0
13180,-0.28595247955843206,0
13181,-9.004473895402043e-07,0
13182,-9.004473895402043e-07,0
13183,-9.004473895402043e-07,0
13184,-9.004473895402043e-07,0
13185,-9.004473895402043e-07,0
13186,-9.004473895402043e-07,0
13187,-9.004473895402043e-07,0
13188,-9.004473895402043e-07,0
13189,-9.004473895402043e-07,0
13190,-0.28595247955843206,0
13191,-9.004473895402043e-07,0
13192,-9.004473895402043e-07,0
13193,-9.004473895402043e-07,0
13194,-9.004473895402043e-07,0
13195,-9.004473895402043e-07,0
13196,-9.004473895402043e-07,0
13197,-9.004473895402043e-07,0
13198,-9.004473895402043e-07,0
13199,-9.004473895402043e-07,0
13200,-0.18258261736139048,0
13201,-9.004473895402043e-07,0
13202,-9.004473895402043e-07,0
13203,-9.004473895402043e-07,0
13204,-0.012783130003981569,0
13205,-9.004473895402043e-07,0
13206,-0.0042875259291577095,0
13207,-9.004473895402043e-07,0
13208,-9.004473895402043e-07,0
13209,-9.004473895402043e-07,0
13210,-0.3444517944044492,0
13211,-0.09940100950097985,0
13212,-9.004473895402043e-07,0
13213,-9.004473895402043e-07,0
13214,-9.004473895402043e-07,0
13215,-9.004473895402043e-07,0
13216,-9.004473895402043e-07,0
13217,-0.0042875259291577095,0
13218,-9.004473895402043e-07,0
13219,-9.004473895402043e-07,0
13220,-0.3021598079153591,0
13221,-9.004473895402043e-07,0
13222,-9.004473895402043e-07,0
13223,-9.004473895402043e-07,0
13224,-0.0042875259291577095,0
13225,-9.004473895402043e-07,0
13226,-9.004473895402043e-07,0
13227,-9.004473895402043e-07,0
13228,-9.004473895402043e-07,0
13229,-9.004473895402043e-07,0
13230,-0.32050588074787356,0
13231,-9.004473895402043e-07,0
13232,-9.004473895402043e-07,0
13233,-9.004473895402043e-07,0
13234,-9.004473895402043e-07,0
13235,-9.004473895402043e-07,0
13236,-9.004473895402043e-07,0
13237,-9.004473895402043e-07,0
13238,-9.004473895402043e-07,0
13239,-9.004473895402043e-07,0
13240,-0.28595247955843206,0
13241,-9.004473895402043e-07,0
13242,-9.004473895402043e-07,0
13243,-9.004473895402043e-07,0
13244,-9.004473895402043e-07,0
13245,-9.004473895402043e-07,0
13246,-9.004473895402043e-07,0
13247,-9.004473895402043e-07,0
13248,-0.1944323122646665,0
13249,-9.004473895402043e-07,0
13250,-0.3517225105294983,0
13251,-9.004473895402043e-07,0
13252,-9.004473895402043e-07,0
13253,-9.004473895402043e-07,0
13254,-9.004473895402043e-07,0
13255,-9.004473895402043e-07,0
13256,-9.004473895402043e-07,0
13257,-9.004473895402043e-07,0
13258,-9.004473895402043e-07,0
13259,-9.004473895402043e-07,0
13260,-0.28595247955843206,0
13261,-9.004473895402043e-07,0
13262,-9.004473895402043e-07,0
13263,-9.004473895402043e-07,0
13264,-9.004473895402043e-07,0
13265,-0.1856114527996624,0
13266,-9.004473895402043e-07,0
13267,-9.004473895402043e-07,0
13268,-9.004473895402043e-07,0
13269,-0.03764873882573738,0
13270,-0.21137473892724756,0
13271,-0.32950809457167907,0
13272,-0.10304046804583322,0
13273,-9.004473895402043e-07,0
13274,-9.004473895402043e-07,0
13275,-9.004473895402043e-07,0
13276,-0.0042875259291577095,0
13277,-9.004473895402043e-07,0
13278,-9.004473895402043e-07,0
13279,-0.3282800872493681,0
13280,-9.004473895402043e-07,0
13281,-9.004473895402043e-07,0
13282,-0.06158247844575726,0
13283,-9.004473895402043e-07,0
13284,-9.004473895402043e-07,0
13285,-9.004473895402043e-07,0
13286,-0.0042875259291577095,0
13287,-9.004473895402043e-07,0
13288,-9.004473895402043e-07,0
13289,-9.004473895402043e-07,0
13290,-0.07699328654757664,0
13291,-0.3527171494039294,0
13292,-9.004473895402043e-07,0
13293,-9.004473895402043e-07,0
13294,-9.004473895402043e-07,0
13295,-9.004473895402043e-07,0
13296,-9.004473895402043e-07,0
13297,-9.004473895402043e-07,0
13298,-0.0042875259291577095,0
13299,-9.004473895402043e-07,0
13300,-9.004473895402043e-07,0
13301,-0.1672344502338774,0
13302,-9.004473895402043e-07,0
13303,-9.004473895402043e-07,0
13304,-9.004473895402043e-07,0
13305,-9.004473895402043e-07,0
13306,-9.004473895402043e-07,0
13307,-9.004473895402043e-07,0
13308,-0.0042875259291577095,0
13309,-9.004473895402043e-07,0
13310,-9.004473895402043e-07,0
13311,-9.004473895402043e-07,0
13312,-0.33617128021899134,0
13313,-9.004473895402043e-07,0
13314,-9.004473895402043e-07,0
13315,-9.004473895402043e-07,0
13316,-9.004473895402043e-07,0
13317,-9.004473895402043e-07,0
13318,-9.004473895402043e-07,0
13319,-9.004473895402043e-07,0
13320,-9.004473895402043e-07,0
13321,-9.004473895402043e-07,0
13322,-0.0042875259291577095,0
13323,-9.004473895402043e-07,0
13324,-0.31182727772716134,0
13325,-0.3460220017914253,0
13326,-0.0042875259291577095,0
13327,-9.004473895402043e-07,0
13328,-9.004473895402043e-07,0
13329,-9.004473895402043e-07,0
13330,-9.004473895402043e-07,0
13331,-9.004473895402043e-07,0
13332,-9.004473895402043e-07,0
13333,-9.004473895402043e-07,0
13334,-9.004473895402043e-07,0
13335,-9.004473895402043e-07,0
13336,-0.30868961861563093,0
13337,-9.004473895402043e-07,0
13338,-9.004473895402043e-07,0
13339,-9.004473895402043e-07,0
13340,-9.004473895402043e-07,0
13341,-9.004473895402043e-07,0
13342,-9.004473895402043e-07,0
13343,-9.004473895402043e-07,0
13344,-0.0042875259291577095,0
13345,-9.004473895402043e-07,0
13346,-9.004473895402043e-07,0
13347,-9.004473895402043e-07,0
13348,-0.2969904763475597,0
13349,-9.004473895402043e-07,0
13350,-9.004473895402043e-07,0
13351,-9.004473895402043e-07,0
13352,-9.004473895402043e-07,0
13353,-9.004473895402043e-07,0
13354,-9.004473895402043e-07,0
13355,-9.004473895402043e-07,0
13356,-9.004473895402043e-07,0
13357,-9.004473895402043e-07,0
13358,-9.004473895402043e-07,0
13359,-9.004473895402043e-07,0
13360,-0.28595247955843206,0
13361,-9.004473895402043e-07,0
13362,-9.004473895402043e-07,0
13363,-9.004473895402043e-07,0
13364,-9.004473895402043e-07,0
13365,-9.004473895402043e-07,0
13366,-9.004473895402043e-07,0
13367,-9.004473895402043e-07,0
13368,-9.004473895402043e-07,0
13369,-9.004473895402043e-07,0
13370,-9.004473895402043e-07,0
13371,-9.004473895402043e-07,0
13372,-0.28595247955843206,0
13373,-9.004473895402043e-07,0
13374,-9.004473895402043e-07,0
13375,-9.004473895402043e-07,0
13376,-9.004473895402043e-07,0
13377,-9.004473895402043e-07,0
13378,-9.004473895402043e-07,0
13379,-9.004473895402043e-07,0
13380,-9.004473895402043e-07,0
13381,-9.004473895402043e-07,0
13382,-9.004473895402043e-07,0
13383,-9.004473895402043e-07,0
13384,-0.21407044785473772,0
13385,-9.004473895402043e-07,0
13386,-9.004473895402043e-07,0
13387,-9.004473895402043e-07,0
13388,-9.004473895402043e-07,0
13389,-0.0042875259291577095,0
13390,-9.004473895402043e-07,0
13391,-9.004473895402043e-07,0
13392,-9.004473895402043e-07,0
13393,-9.004473895402043e-07,0
13394,-9.004473895402043e-07,0
13395,-9.004473895402043e-07,0
13396,-0.2247438607762433,0
13397,-9.004473895402043e-07,0
13398,-9.004473895402043e-07,0
13399,-9.004473895402043e-07,0
13400,-9.004473895402043e-07,0
13401,-9.004473895402043e-07,0
13402,-9.004473895402043e-07,0
13403,-9.004473895402043e-07,0
13404,-9.004473895402043e-07,0
13405,-9.004473895402043e-07,0
13406,-9.004473895402043e-07,0
13407,-9.004473895402043e-07,0
13408,-0.31911951223264623,0
13409,-9.004473895402043e-07,0
13410,-9.004473895402043e-07,0
13411,-9.004473895402043e-07,0
13412,-9.004473895402043e-07,0
13413,-9.004473895402043e-07,0
13414,-9.004473895402043e-07,0
13415,-9.004473895402043e-07,0
13416,-9.004473895402043e-07,0
13417,-9.004473895402043e-07,0
13418,-9.004473895402043e-07,0
13419,-0.0042875259291577095,0
13420,-0.32450955751426136,0
13421,-9.004473895402043e-07,0
13422,-9.004473895402043e-07,0
13423,-9.004473895402043e-07,0
13424,-9.004473895402043e-07,0
13425,-9.004473895402043e-07,0
13426,-9.004473895402043e-07,0
13427,-0.0042875259291577095,0
13428,-9.004473895402043e-07,0
13429,-9.004473895402043e-07,0
13430,-9.004473895402043e-07,0
13431,-9.004473895402043e-07,0
13432,-9.004473895402043e-07,0
13433,-9.004473895402043e-07,0
13434,-0.2698196279093281,0
13435,-0.3567925693350844,0
13436,-9.004473895402043e-07,0
13437,-9.004473895402043e-07,0
13438,-9.004473895402043e-07,0
13439,-9.004473895402043e-07,0
13440,-9.004473895402043e-07,0
13441,-9.004473895402043e-07,0
13442,-9.004473895402043e-07,0
13443,-9.004473895402043e-07,0
13444,-9.004473895402043e-07,0
13445,-9.004473895402043e-07,0
13446,-0.2542783544275835,0
13447,-9.004473895402043e-07,0
13448,-9.004473895402043e-07,0
13449,-9.004473895402043e-07,0
13450,-9.004473895402043e-07,0
13451,-9.004473895402043e-07,0
13452,-9.004473895402043e-07,0
13453,-9.004473895402043e-07,0
13454,-9.004473895402043e-07,0
13455,-9.004473895402043e-07,0
13456,-9.004473895402043e-07,0
13457,-9.004473895402043e-07,0
13458,-0.32450955751426136,0
13459,-9.004473895402043e-07,0
13460,-9.004473895402043e-07,0
13461,-9.004473895402043e-07,0
13462,-0.0042875259291577095,0
13463,-9.004473895402043e-07,0
13464,-9.004473895402043e-07,0
13465,-9.004473895402043e-07,0
13466,-9.004473895402043e-07,0
13467,-9.004473895402043e-07,0
13468,-0.0042875259291577095,0
13469,-9.004473895402043e-07,0
13470,-0.3021598079153591,0
13471,-9.004473895402043e-07,0
13472,-9.004473895402043e-07,0
13473,-9.004473895402043e-07,0
13474,-9.004473895402043e-07,0
13475,-9.004473895402043e-07,0
13476,-9.004473895402043e-07,0
13477,-9.004473895402043e-07,0
13478,-9.004473895402043e-07,0
13479,-9.004473895402043e-07,0
13480,-9.004473895402043e-07,0
13481,-9.004473895402043e-07,0
13482,-0.3102573142299434,0
13483,-0.03764873882573738,0
13484,-9.004473895402043e-07,0
13485,-9.004473895402043e-07,0
13486,-9.004473895402043e-07,0
13487,-9.004473895402043e-07,0
13488,-9.004473895402043e-07,0
13489,-9.004473895402043e-07,0
13490,-9.004473895402043e-07,0
13491,-9.004473895402043e-07,0
13492,-9.004473895402043e-07,0
13493,-0.0042875259291577095,0
13494,-0.28402216184952067,0
13495,-9.004473895402043e-07,0
13496,-9.004473895402043e-07,0
13497,-9.004473895402043e-07,0
13498,-9.004473895402043e-07,0
13499,-9.004473895402043e-07,0
13500,-9.004473895402043e-07,0
13501,-9.004473895402043e-07,0
13502,-9.004473895402043e-07,0
13503,-9.004473895402043e-07,0
13504,-0.0042875259291577095,0
13505,-0.1277917039658405,0
13506,-0.34011058453370424,0
13507,-9.004473895402043e-07,0
13508,-9.004473895402043e-07,0
13509,-9.004473895402043e-07,0
13510,-0.0042875259291577095,0
13511,-0.21137473892724756,0
13512,-9.004473895402043e-07,0
13513,-9.004473895402043e-07,0
13514,-9.004473895402043e-07,0
13515,-9.004473895402043e-07,0
13516,-9.004473895402043e-07,0
13517,-9.004473895402043e-07,0
13518,-0.28595247955843206,0
13519,-9.004473895402043e-07,0
13520,-9.004473895402043e-07,0
13521,-9.004473895402043e-07,0
13522,-9.004473895402043e-07,0
13523,-9.004473895402043e-07,0
13524,-9.004473895402043e-07,0
13525,-9.004473895402043e-07,0
13526,-9.004473895402043e-07,0
13527,-9.004473895402043e-07,0
13528,-9.004473895402043e-07,0
13529,-9.004473895402043e-07,0
13530,-0.3381927468411732,0
13531,-9.004473895402043e-07,0
13532,-9.004473895402043e-07,0
13533,-9.004473895402043e-07,0
13534,-9.004473895402043e-07,0
13535,-9.004473895402043e-07,0
13536,-9.004473895402043e-07,0
13537,-9.004473895402043e-07,0
13538,-9.004473895402043e-07,0
13539,-9.004473895402043e-07,0
13540,-0.0042875259291577095,0
13541,-0.34192479207183624,0
13542,-9.004473895402043e-07,0
13543,-9.004473895402043e-07,0
13544,-9.004473895402043e-07,0
13545,-9.004473895402043e-07,0
13546,-9.004473895402043e-07,0
13547,-9.004473895402043e-07,0
13548,-9.004473895402043e-07,0
13549,-9.004473895402043e-07,0
13550,-9.004473895402043e-07,0
13551,-0.0042875259291577095,0
13552,0.013026704859271376,1
13553,-9.004473895402043e-07,0
13554,-9.004473895402043e-07,0
13555,-9.004473895402043e-07,0
13556,-9.004473895402043e-07,0
13557,-9.004473895402043e-07,0
13558,-9.004473895402043e-07,0
13559,-9.004473895402043e-07,0
13560,-9.004473895402043e-07,0
13561,-9.004473895402043e-07,0
13562,-9.004473895402043e-07,0
13563,-0.35399895861166897,0
13564,-9.004473895402043e-07,0
13565,-9.004473895402043e-07,0
13566,-9.004473895402043e-07,0
13567,-9.004473895402043e-07,0
13568,-9.004473895402043e-07,0
13569,-9.004473895402043e-07,0
13570,-9.004473895402043e-07,0
13571,-9.004473895402043e-07,0
13572,-9.004473895402043e-07,0
13573,-9.004473895402043e-07,0
13574,-9.004473895402043e-07,0
13575,-0.28595247955843206,0
13576,-9.004473895402043e-07,0
13577,-9.004473895402043e-07,0
13578,-9.004473895402043e-07,0
13579,-9.004473895402043e-07,0
13580,-9.004473895402043e-07,0
13581,-9.004473895402043e-07,0
13582,-9.004473895402043e-07,0
13583,-9.004473895402043e-07,0
13584,-9.004473895402043e-07,0
13585,-9.004473895402043e-07,0
13586,-9.004473895402043e-07,0
13587,-0.28595247955843206,0
13588,-9.004473895402043e-07,0
13589,-9.004473895402043e-07,0
13590,-9.004473895402043e-07,0
13591,-9.004473895402043e-07,0
13592,-9.004473895402043e-07,0
13593,-9.004473895402043e-07,0
13594,-9.004473895402043e-07,0
13595,-9.004473895402043e-07,0
13596,-9.004473895402043e-07,0
13597,-9.004473895402043e-07,0
13598,-9.004473895402043e-07,0
13599,0.919190922764983,1
13600,-9.004473895402043e-07,0
13601,-9.004473895402043e-07,0
13602,-9.004473895402043e-07,0
13603,-9.004473895402043e-07,0
13604,-9.004473895402043e-07,0
13605,-9.004473895402043e-07,0
13606,-9.004473895402043e-07,0
13607,-9.004473895402043e-07,0
13608,-9.004473895402043e-07,0
13609,-9.004473895402043e-07,0
13610,-9.004473895402043e-07,0
13611,-0.28595247955843206,0
13612,-9.004473895402043e-07,0
13613,-9.004473895402043e-07,0
13614,-9.004473895402043e-07,0
13615,-9.004473895402043e-07,0
13616,-9.004473895402043e-07,0
13617,-9.004473895402043e-07,0
13618,-9.004473895402043e-07,0
13619,-9.004473895402043e-07,0
13620,-0.28595247955843206,0
13621,-9.004473895402043e-07,0
13622,-9.004473895402043e-07,0
13623,-9.004473895402043e-07,0
13624,-9.004473895402043e-07,0
13625,-9.004473895402043e-07,0
13626,-9.004473895402043e-07,0
13627,-9.004473895402043e-07,0
13628,-9.004473895402043e-07,0
13629,-9.004473895402043e-07,0
13630,-9.004473895402043e-07,0
13631,-9.004473895402043e-07,0
13632,-0.28595247955843206,0
13633,-9.004473895402043e-07,0
13634,-9.004473895402043e-07,0
13635,-9.004473895402043e-07,0
13636,-9.004473895402043e-07,0
13637,-9.004473895402043e-07,0
13638,-9.004473895402043e-07,0
13639,-9.004473895402043e-07,0
13640,-9.004473895402043e-07,0
13641,-9.004473895402043e-07,0
13642,-9.004473895402043e-07,0
13643,-9.004473895402043e-07,0
13644,-0.28595247955843206,0
13645,-9.004473895402043e-07,0
13646,-9.004473895402043e-07,0
13647,-9.004473895402043e-07,0
13648,-9.004473895402043e-07,0
13649,-9.004473895402043e-07,0
13650,-9.004473895402043e-07,0
13651,-9.004473895402043e-07,0
13652,-9.004473895402043e-07,0
13653,-9.004473895402043e-07,0
13654,-9.004473895402043e-07,0
13655,-9.004473895402043e-07,0
13656,-9.004473895402043e-07,0
13657,-0.28595247955843206,0
13658,-9.004473895402043e-07,0
13659,-9.004473895402043e-07,0
13660,-9.004473895402043e-07,0
13661,-9.004473895402043e-07,0
13662,-9.004473895402043e-07,0
13663,-9.004473895402043e-07,0
13664,-9.004473895402043e-07,0
13665,-9.004473895402043e-07,0
13666,-9.004473895402043e-07,0
13667,-9.004473895402043e-07,0
13668,-9.004473895402043e-07,0
13669,-0.28595247955843206,0
13670,-9.004473895402043e-07,0
13671,-9.004473895402043e-07,0
13672,-9.004473895402043e-07,0
13673,-9.004473895402043e-07,0
13674,-0.28595247955843206,0
13675,-9.004473895402043e-07,0
13676,-9.004473895402043e-07,0
13677,-9.004473895402043e-07,0
13678,-9.004473895402043e-07,0
13679,-9.004473895402043e-07,0
13680,-9.004473895402043e-07,0
13681,-0.25195956759114324,0
13682,-9.004473895402043e-07,0
13683,-9.004473895402043e-07,0
13684,-9.004473895402043e-07,0
13685,-9.004473895402043e-07,0
13686,-0.0042875259291577095,0
13687,-9.004473895402043e-07,0
13688,-9.004473895402043e-07,0
13689,-0.016992107790770206,0
13690,-9.004473895402043e-07,0
13691,-9.004473895402043e-07,0
13692,-0.3282800872493681,0
13693,-9.004473895402043e-07,0
13694,-9.004473895402043e-07,0
13695,-0.0253324129585053,0
13696,-0.0042875259291577095,0
13697,-9.004473895402043e-07,0
13698,-9.004473895402043e-07,0
13699,-9.004473895402043e-07,0
13700,-9.004473895402043e-07,0
13701,-9.004473895402043e-07,0
13702,-9.004473895402043e-07,0
13703,-0.28785689722042207,0
13704,-0.3270491495420629,0
13705,-9.004473895402043e-07,0
13706,-9.004473895402043e-07,0
13707,-0.008548269249445184,0
13708,-9.004473895402043e-07,0
13709,-9.004473895402043e-07,0
13710,-9.004473895402043e-07,0
13711,-0.09573566001881773,0
13712,-9.004473895402043e-07,0
13713,-9.004473895402043e-07,0
13714,-9.004473895402043e-07,0
13715,-9.004473895402043e-07,0
13716,-9.004473895402043e-07,0
13717,-9.004473895402043e-07,0
13718,-9.004473895402043e-07,0
13719,-0.28209942319654147,0
13720,-9.004473895402043e-07,0
13721,-9.004473895402043e-07,0
13722,-9.004473895402043e-07,0
13723,-0.0042875259291577095,0
13724,-9.004473895402043e-07,0
13725,-9.004473895402043e-07,0
13726,-9.004473895402043e-07,0
13727,-0.04973209733816475,0
13728,-9.004473895402043e-07,0
13729,-9.004473895402043e-07,0
13730,-9.004473895402043e-07,0
13731,-0.3460220017914253,0
13732,-9.004473895402043e-07,0
13733,-9.004473895402043e-07,0
13734,-9.004473895402043e-07,0
13735,-9.004473895402043e-07,0
13736,-9.004473895402043e-07,0
13737,-9.004473895402043e-07,0
13738,-0.28595247955843206,0
13739,-9.004473895402043e-07,0
13740,-9.004473895402043e-07,0
13741,-9.004473895402043e-07,0
13742,-9.004473895402043e-07,0
13743,-9.004473895402043e-07,0
13744,-9.004473895402043e-07,0
13745,-9.004473895402043e-07,0
13746,-9.004473895402043e-07,0
13747,-9.004473895402043e-07,0
13748,-9.004473895402043e-07,0
13749,-9.004473895402043e-07,0
13750,-0.10665403531425,0
13751,-9.004473895402043e-07,0
13752,-9.004473895402043e-07,0
13753,-0.17655750513813473,0
13754,-9.004473895402043e-07,0
13755,-9.004473895402043e-07,0
13756,-9.004473895402043e-07,0
13757,-0.35689728030183687,0
13758,-9.004473895402043e-07,0
13759,-9.004473895402043e-07,0
13760,-9.004473895402043e-07,0
13761,-9.004473895402043e-07,0
13762,-9.004473895402043e-07,0
13763,-9.004473895402043e-07,0
13764,-9.004473895402043e-07,0
13765,-0.17039205015430525,0
13766,-9.004473895402043e-07,0
13767,-9.004473895402043e-07,0
13768,-9.004473895402043e-07,0
13769,-0.34674562269231046,0
13770,-9.004473895402043e-07,0
13771,-9.004473895402043e-07,0
13772,-9.004473895402043e-07,0
13773,-9.004473895402043e-07,0
13774,-9.004473895402043e-07,0
13775,-9.004473895402043e-07,0
13776,-9.004473895402043e-07,0
13777,-9.004473895402043e-07,0
13778,-9.004473895402043e-07,0
13779,-0.28595247955843206,0
13780,-9.004473895402043e-07,0
13781,-9.004473895402043e-07,0
13782,-9.004473895402043e-07,0
13783,-9.004473895402043e-07,0
13784,-9.004473895402043e-07,0
13785,-0.17348772645027566,0
13786,-9.004473895402043e-07,0
13787,-9.004473895402043e-07,0
13788,-9.004473895402043e-07,0
13789,-0.3474584150668534,0
13790,-9.004473895402043e-07,0
13791,-9.004473895402043e-07,0
13792,-9.004473895402043e-07,0
13793,-9.004473895402043e-07,0
13794,-9.004473895402043e-07,0
13795,-9.004473895402043e-07,0
13796,-9.004473895402043e-07,0
13797,-9.004473895402043e-07,0
13798,-9.004473895402043e-07,0
13799,-9.004473895402043e-07,0
13800,-0.24724430705816758,0
13801,-9.004473895402043e-07,0
13802,-9.004473895402043e-07,0
13803,-9.004473895402043e-07,0
13804,-9.004473895402043e-07,0
13805,-9.004473895402043e-07,0
13806,-9.004473895402043e-07,0
13807,-9.004473895402043e-07,0
13808,-9.004473895402043e-07,0
13809,-9.004473895402043e-07,0
13810,-0.0042875259291577095,0
13811,-0.3070960199777346,0
13812,-9.004473895402043e-07,0
13813,-9.004473895402043e-07,0
13814,-0.0042875259291577095,0
13815,-9.004473895402043e-07,0
13816,-9.004473895402043e-07,0
13817,-9.004473895402043e-07,0
13818,-9.004473895402043e-07,0
13819,-9.004473895402043e-07,0
13820,-9.004473895402043e-07,0
13821,-0.0042875259291577095,0
13822,-0.3021598079153591,0
13823,-9.004473895402043e-07,0
13824,-9.004473895402043e-07,0
13825,-9.004473895402043e-07,0
13826,-9.004473895402043e-07,0
13827,-9.004473895402043e-07,0
13828,-9.004473895402043e-07,0
13829,-9.004473895402043e-07,0
13830,-9.004473895402043e-07,0
13831,-9.004473895402043e-07,0
13832,-0.3381927468411732,0
13833,-9.004473895402043e-07,0
13834,-9.004473895402043e-07,0
13835,-9.004473895402043e-07,0
13836,-0.23504004994526895,0
13837,-0.0042875259291577095,0
13838,-9.004473895402043e-07,0
13839,-9.004473895402043e-07,0
13840,-0.0042875259291577095,0
13841,-9.004473895402043e-07,0
13842,-9.004473895402043e-07,0
13843,-9.004473895402043e-07,0
13844,-9.004473895402043e-07,0
13845,-9.004473895402043e-07,0
13846,-9.004473895402043e-07,0
13847,-0.3371949670807908,0
13848,-9.004473895402043e-07,0
13849,-9.004473895402043e-07,0
13850,-9.004473895402043e-07,0
13851,-9.004473895402043e-07,0
13852,-9.004473895402043e-07,0
13853,-9.004473895402043e-07,0
13854,-9.004473895402043e-07,0
13855,-9.004473895402043e-07,0
13856,-9.004473895402043e-07,0
13857,-0.25660722083443943,0
13858,-0.35005049600977145,0
13859,-9.004473895402043e-07,0
13860,-9.004473895402043e-07,0
13861,-9.004473895402043e-07,0
13862,-0.0042875259291577095,0
13863,-0.3038311144010777,0
13864,-9.004473895402043e-07,0
13865,-9.004473895402043e-07,0
13866,-0.0042875259291577095,0
13867,-9.004473895402043e-07,0
13868,-9.004473895402043e-07,0
13869,-9.004473895402043e-07,0
13870,-9.004473895402043e-07,0
13871,-9.004473895402043e-07,0
13872,-9.004473895402043e-07,0
13873,-9.004473895402043e-07,0
13874,-0.27807581099943945,0
13875,-9.004473895402043e-07,0
13876,-9.004473895402043e-07,0
13877,-0.0042875259291577095,0
13878,-9.004473895402043e-07,0
13879,-9.004473895402043e-07,0
13880,-0.0042875259291577095,0
13881,-9.004473895402043e-07,0
13882,-9.004473895402043e-07,0
13883,-9.004473895402043e-07,0
13884,-9.004473895402043e-07,0
13885,-0.32579230622661726,0
13886,-9.004473895402043e-07,0
13887,-9.004473895402043e-07,0
13888,-9.004473895402043e-07,0
13889,-0.23247705198650692,0
13890,-9.004473895402043e-07,0
13891,-9.004473895402043e-07,0
13892,-9.004473895402043e-07,0
13893,-0.35561707850001767,0
13894,-9.004473895402043e-07,0
13895,-9.004473895402043e-07,0
13896,-9.004473895402043e-07,0
13897,-0.21137473892724756,0
13898,-0.21137473892724756,0
13899,-9.004473895402043e-07,0
13900,-9.004473895402043e-07,0
13901,-9.004473895402043e-07,0
13902,-0.15452521410406916,0
13903,-9.004473895402043e-07,0
13904,-9.004473895402043e-07,0
13905,-9.004473895402043e-07,0
13906,-0.3517225105294983,0
13907,-9.004473895402043e-07,0
13908,-9.004473895402043e-07,0
13909,-0.0042875259291577095,0
13910,-9.004473895402043e-07,0
13911,-9.004473895402043e-07,0
13912,-9.004473895402043e-07,0
13913,-0.0042875259291577095,0
13914,-0.0042875259291577095,0
13915,-0.3038311144010777,0
13916,-9.004473895402043e-07,0
13917,-9.004473895402043e-07,0
13918,-9.004473895402043e-07,0
13919,-9.004473895402043e-07,0
13920,-0.34944133929218424,0
13921,-0.041702410762582076,0
13922,-9.004473895402043e-07,0
13923,-9.004473895402043e-07,0
13924,-9.004473895402043e-07,0
13925,-9.004473895402043e-07,0
13926,-9.004473895402043e-07,0
13927,-9.004473895402043e-07,0
13928,-0.28595247955843206,0
13929,-9.004473895402043e-07,0
13930,-9.004473895402043e-07,0
13931,-9.004473895402043e-07,0
13932,-9.004473895402043e-07,0
13933,-0.28595247955843206,0
13934,-9.004473895402043e-07,0
13935,-9.004473895402043e-07,0
13936,-9.004473895402043e-07,0
13937,-9.004473895402043e-07,0
13938,-9.004473895402043e-07,0
13939,-9.004473895402043e-07,0
13940,-0.17655750513813473,0
13941,-0.3038610389438645,0
13942,-0.28209942319654147,0
13943,-9.004473895402043e-07,0
13944,-9.004473895402043e-07,0
13945,-9.004473895402043e-07,0
13946,-9.004473895402043e-07,0
13947,-9.004473895402043e-07,0
13948,-9.004473895402043e-07,0
13949,-9.004473895402043e-07,0
13950,-9.004473895402043e-07,0
13951,-9.004473895402043e-07,0
13952,-0.25657124524946084,0
13953,-9.004473895402043e-07,0
13954,-9.004473895402043e-07,0
13955,-9.004473895402043e-07,0
13956,-9.004473895402043e-07,0
13957,-0.0042875259291577095,0
13958,-9.004473895402043e-07,0
13959,-9.004473895402043e-07,0
13960,-9.004473895402043e-07,0
13961,-0.0042875259291577095,0
13962,-9.004473895402043e-07,0
13963,-9.004473895402043e-07,0
13964,-9.004473895402043e-07,0
13965,-9.004473895402043e-07,0
13966,-0.21133736619526644,0
13967,-9.004473895402043e-07,0
13968,-9.004473895402043e-07,0
13969,-9.004473895402043e-07,0
13970,-0.0042875259291577095,0
13971,-9.004473895402043e-07,0
13972,-9.004473895402043e-07,0
13973,-9.004473895402043e-07,0
13974,-9.004473895402043e-07,0
13975,-9.004473895402043e-07,0
13976,-9.004473895402043e-07,0
13977,-9.004473895402043e-07,0
13978,-9.004473895402043e-07,0
13979,-0.3427930341941874,0
13980,-9.004473895402043e-07,0
13981,-9.004473895402043e-07,0
13982,-9.004473895402043e-07,0
13983,-0.0042875259291577095,0
13984,-9.004473895402043e-07,0
13985,-9.004473895402043e-07,0
13986,-9.004473895402043e-07,0
13987,-9.004473895402043e-07,0
13988,-9.004473895402043e-07,0
13989,-9.004473895402043e-07,0
13990,-9.004473895402043e-07,0
13991,-9.004473895402043e-07,0
13992,-0.18258261736139048,0
13993,-0.03764873882573738,0
13994,-9.004473895402043e-07,0
13995,-9.004473895402043e-07,0
13996,-9.004473895402043e-07,0
13997,-9.004473895402043e-07,0
13998,-9.004473895402043e-07,0
13999,-9.004473895402043e-07,0
14000,-9.004473895402043e-07,0
14001,-9.004473895402043e-07,0
14002,-9.004473895402043e-07,0
14003,-9.004473895402043e-07,0
14004,-9.004473895402043e-07,0
14005,-0.35436697993998223,0
14006,-9.004473895402043e-07,0
14007,-9.004473895402043e-07,0
14008,-9.004473895402043e-07,0
14009,-9.004473895402043e-07,0
14010,-9.004473895402043e-07,0
14011,-9.004473895402043e-07,0
14012,-9.004473895402043e-07,0
14013,-9.004473895402043e-07,0
14014,-9.004473895402043e-07,0
14015,-9.004473895402043e-07,0
14016,-9.004473895402043e-07,0
14017,-9.004473895402043e-07,0
14018,-0.32950809457167907,0
14019,-0.32950809457167907,0
14020,-0.2719310261746841,0
14021,-9.004473895402043e-07,0
14022,-9.004473895402043e-07,0
14023,-0.0042875259291577095,0
14024,-9.004473895402043e-07,0
14025,-9.004473895402043e-07,0
14026,-9.004473895402043e-07,0
14027,-9.004473895402043e-07,0
14028,-9.004473895402043e-07,0
14029,-9.004473895402043e-07,0
14030,-9.004473895402043e-07,0
14031,-0.3564419717876035,0
14032,-9.004473895402043e-07,0
14033,-9.004473895402043e-07,0
14034,-9.004473895402043e-07,0
14035,-9.004473895402043e-07,0
14036,-9.004473895402043e-07,0
14037,-9.004473895402043e-07,0
14038,-0.0042875259291577095,0
14039,-9.004473895402043e-07,0
14040,-9.004473895402043e-07,0
14041,-9.004473895402043e-07,0
14042,-9.004473895402043e-07,0
14043,-9.004473895402043e-07,0
14044,-0.31770723925899347,0
14045,-0.016992107790770206,0
14046,-9.004473895402043e-07,0
14047,-9.004473895402043e-07,0
14048,-9.004473895402043e-07,0
14049,-9.004473895402043e-07,0
14050,-9.004473895402043e-07,0
14051,-9.004473895402043e-07,0
14052,-9.004473895402043e-07,0
14053,-9.004473895402043e-07,0
14054,-9.004473895402043e-07,0
14055,-9.004473895402043e-07,0
14056,-9.004473895402043e-07,0
14057,-0.2588382397771056,0
14058,-0.06158247844575726,0
14059,-9.004473895402043e-07,0
14060,-9.004473895402043e-07,0
14061,-0.0042875259291577095,0
14062,-9.004473895402043e-07,0
14063,-9.004473895402043e-07,0
14064,-9.004473895402043e-07,0
14065,-9.004473895402043e-07,0
14066,-0.205830864564291,0
14067,-9.004473895402043e-07,0
14068,-9.004473895402043e-07,0
14069,-9.004473895402043e-07,0
14070,-0.356701614271401,0
14071,-9.004473895402043e-07,0
14072,-9.004473895402043e-07,0
14073,-9.004473895402043e-07,0
14074,-9.004473895402043e-07,0
14075,-9.004473895402043e-07,0
14076,-9.004473895402043e-07,0
14077,-9.004473895402043e-07,0
14078,-9.004473895402043e-07,0
14079,-9.004473895402043e-07,0
14080,-9.004473895402043e-07,0
14081,-9.004473895402043e-07,0
14082,-9.004473895402043e-07,0
14083,-0.3102858478420103,0
14084,-0.35658741414044925,0
14085,-9.004473895402043e-07,0
14086,-9.004473895402043e-07,0
14087,-9.004473895402043e-07,0
14088,-9.004473895402043e-07,0
14089,-9.004473895402043e-07,0
14090,-9.004473895402043e-07,0
14091,-9.004473895402043e-07,0
14092,-9.004473895402043e-07,0
14093,-9.004473895402043e-07,0
14094,-9.004473895402043e-07,0
14095,-9.004473895402043e-07,0
14096,-9.004473895402043e-07,0
14097,-0.3148049806684412,0
14098,-9.004473895402043e-07,0
14099,-9.004473895402043e-07,0
14100,-9.004473895402043e-07,0
14101,-9.004473895402043e-07,0
14102,-9.004473895402043e-07,0
14103,-9.004473895402043e-07,0
14104,-9.004473895402043e-07,0
14105,-9.004473895402043e-07,0
14106,-9.004473895402043e-07,0
14107,-9.004473895402043e-07,0
14108,-9.004473895402043e-07,0
14109,-9.004473895402043e-07,0
14110,-0.3294851192021042,0
14111,-0.012783130003981569,0
14112,-9.004473895402043e-07,0
14113,-9.004473895402043e-07,0
14114,-9.004473895402043e-07,0
14115,-0.0042875259291577095,0
14116,-9.004473895402043e-07,0
14117,-9.004473895402043e-07,0
14118,-9.004473895402043e-07,0
14119,-0.0042875259291577095,0
14120,-9.004473895402043e-07,0
14121,-9.004473895402043e-07,0
14122,-9.004473895402043e-07,0
14123,-9.004473895402043e-07,0
14124,-0.1914808739518321,0
14125,-0.0042875259291577095,0
14126,-9.004473895402043e-07,0
14127,-9.004473895402043e-07,0
14128,-9.004473895402043e-07,0
14129,-9.004473895402043e-07,0
14130,-9.004473895402043e-07,0
14131,-9.004473895402043e-07,0
14132,-0.0042875259291577095,0
14133,-9.004473895402043e-07,0
14134,-9.004473895402043e-07,0
14135,-9.004473895402043e-07,0
14136,-9.004473895402043e-07,0
14137,-0.28595247955843206,0
14138,-0.205830864564291,0
14139,-9.004473895402043e-07,0
14140,-9.004473895402043e-07,0
14141,-9.004473895402043e-07,0
14142,-9.004473895402043e-07,0
14143,-9.004473895402043e-07,0
14144,-9.004473895402043e-07,0
14145,-0.0042875259291577095,0
14146,-9.004473895402043e-07,0
14147,-9.004473895402043e-07,0
14148,-9.004473895402043e-07,0
14149,-0.0042875259291577095,0
14150,-0.35005049600977145,0
14151,-9.004473895402043e-07,0
14152,-9.004473895402043e-07,0
14153,-9.004473895402043e-07,0
14154,-9.004473895402043e-07,0
14155,-9.004473895402043e-07,0
14156,-9.004473895402043e-07,0
14157,-0.0042875259291577095,0
14158,-9.004473895402043e-07,0
14159,-9.004473895402043e-07,0
14160,-9.004473895402043e-07,0
14161,-9.004473895402043e-07,0
14162,-9.004473895402043e-07,0
14163,-0.35561175910277143,0
14164,-9.004473895402043e-07,0
14165,-9.004473895402043e-07,0
14166,-9.004473895402043e-07,0
14167,-9.004473895402043e-07,0
14168,-9.004473895402043e-07,0
14169,-9.004473895402043e-07,0
14170,-9.004473895402043e-07,0
14171,-9.004473895402043e-07,0
14172,-9.004473895402043e-07,0
14173,-9.004473895402043e-07,0
14174,-9.004473895402043e-07,0
14175,-9.004473895402043e-07,0
14176,-9.004473895402043e-07,0
14177,0.3765354217815684,1
14178,-9.004473895402043e-07,0
14179,-9.004473895402043e-07,0
14180,-9.004473895402043e-07,0
14181,-9.004473895402043e-07,0
14182,-9.004473895402043e-07,0
14183,-9.004473895402043e-07,0
14184,-9.004473895402043e-07,0
14185,-9.004473895402043e-07,0
14186,-9.004473895402043e-07,0
14187,-9.004473895402043e-07,0
14188,-9.004473895402043e-07,0
14189,-9.004473895402043e-07,0
14190,-0.22478115418061861,0
14191,-9.004473895402043e-07,0
14192,-9.004473895402043e-07,0
14193,-9.004473895402043e-07,0
14194,-0.06548083100881286,0
14195,-9.004473895402043e-07,0
14196,-9.004473895402043e-07,0
14197,-9.004473895402043e-07,0
14198,-9.004473895402043e-07,0
14199,-9.004473895402043e-07,0
14200,-9.004473895402043e-07,0
14201,-9.004473895402043e-07,0
14202,-9.004473895402043e-07,0
14203,-0.28595247955843206,0
14204,-9.004473895402043e-07,0
14205,-9.004473895402043e-07,0
14206,-9.004473895402043e-07,0
14207,-9.004473895402043e-07,0
14208,-9.004473895402043e-07,0
14209,-9.004473895402043e-07,0
14210,-9.004473895402043e-07,0
14211,-0.033569181632401524,0
14212,-9.004473895402043e-07,0
14213,-0.3004625992520005,0
14214,-9.004473895402043e-07,0
14215,-9.004473895402043e-07,0
14216,-9.004473895402043e-07,0
14217,-9.004473895402043e-07,0
14218,-9.004473895402043e-07,0
14219,-9.004473895402043e-07,0
14220,-9.004473895402043e-07,0
14221,-0.008548269249445184,0
14222,-0.0042875259291577095,0
14223,-9.004473895402043e-07,0
14224,-9.004473895402043e-07,0
14225,-9.004473895402043e-07,0
14226,-9.004473895402043e-07,0
14227,-0.29158803144332524,0
14228,-9.004473895402043e-07,0
14229,-9.004473895402043e-07,0
14230,-9.004473895402043e-07,0
14231,-9.004473895402043e-07,0
14232,-9.004473895402043e-07,0
14233,-9.004473895402043e-07,0
14234,-9.004473895402043e-07,0
14235,-9.004473895402043e-07,0
14236,-9.004473895402043e-07,0
14237,-9.004473895402043e-07,0
14238,-9.004473895402043e-07,0
14239,-9.004473895402043e-07,0
14240,-0.28595247955843206,0
14241,-9.004473895402043e-07,0
14242,-9.004473895402043e-07,0
14243,-9.004473895402043e-07,0
14244,-9.004473895402043e-07,0
14245,-9.004473895402043e-07,0
14246,-9.004473895402043e-07,0
14247,-9.004473895402043e-07,0
14248,-9.004473895402043e-07,0
14249,-9.004473895402043e-07,0
14250,-9.004473895402043e-07,0
14251,-9.004473895402043e-07,0
14252,-9.004473895402043e-07,0
14253,-0.28595247955843206,0
14254,-9.004473895402043e-07,0
14255,-9.004473895402043e-07,0
14256,-9.004473895402043e-07,0
14257,-9.004473895402043e-07,0
14258,-9.004473895402043e-07,0
14259,-9.004473895402043e-07,0
14260,-9.004473895402043e-07,0
14261,-9.004473895402043e-07,0
14262,-9.004473895402043e-07,0
14263,-9.004473895402043e-07,0
14264,-9.004473895402043e-07,0
14265,-9.004473895402043e-07,0
14266,-0.28595247955843206,0
14267,-9.004473895402043e-07,0
14268,-9.004473895402043e-07,0
14269,-9.004473895402043e-07,0
14270,-0.3500625716687864,0
14271,-9.004473895402043e-07,0
14272,-9.004473895402043e-07,0
14273,-9.004473895402043e-07,0
14274,-9.004473895402043e-07,0
14275,-9.004473895402043e-07,0
14276,-9.004473895402043e-07,0
14277,-9.004473895402043e-07,0
14278,-9.004473895402043e-07,0
14279,-9.004473895402043e-07,0
14280,-9.004473895402043e-07,0
14281,-9.004473895402043e-07,0
14282,-9.004473895402043e-07,0
14283,-9.004473895402043e-07,0
14284,-0.3428100624412309,0
14285,-9.004473895402043e-07,0
14286,-9.004473895402043e-07,0
14287,-9.004473895402043e-07,0
14288,-9.004473895402043e-07,0
14289,-9.004473895402043e-07,0
14290,-9.004473895402043e-07,0
14291,-9.004473895402043e-07,0
14292,-9.004473895402043e-07,0
14293,-9.004473895402043e-07,0
14294,-9.004473895402043e-07,0
14295,-9.004473895402043e-07,0
14296,-0.14133136345583353,0
14297,-9.004473895402043e-07,0
14298,-9.004473895402043e-07,0
14299,-9.004473895402043e-07,0
14300,-0.0042875259291577095,0
14301,-9.004473895402043e-07,0
14302,-9.004473895402043e-07,0
14303,-9.004473895402043e-07,0
14304,-9.004473895402043e-07,0
14305,-9.004473895402043e-07,0
14306,-9.004473895402043e-07,0
14307,-9.004473895402043e-07,0
14308,-9.004473895402043e-07,0
14309,-9.004473895402043e-07,0
14310,-0.3527171494039294,0
14311,-9.004473895402043e-07,0
14312,-9.004473895402043e-07,0
14313,-9.004473895402043e-07,0
14314,-9.004473895402043e-07,0
14315,-9.004473895402043e-07,0
14316,-9.004473895402043e-07,0
14317,-9.004473895402043e-07,0
14318,-9.004473895402043e-07,0
14319,-9.004473895402043e-07,0
14320,-9.004473895402043e-07,0
14321,-9.004473895402043e-07,0
14322,-9.004473895402043e-07,0
14323,-9.004473895402043e-07,0
14324,-0.2086157521007408,0
14325,-0.35399100972404085,0
14326,-0.28595247955843206,0
14327,-9.004473895402043e-07,0
14328,-9.004473895402043e-07,0
14329,-9.004473895402043e-07,0
14330,-9.004473895402043e-07,0
14331,-9.004473895402043e-07,0
14332,-9.004473895402043e-07,0
14333,-9.004473895402043e-07,0
14334,-9.004473895402043e-07,0
14335,-9.004473895402043e-07,0
14336,-9.004473895402043e-07,0
14337,-9.004473895402043e-07,0
14338,-9.004473895402043e-07,0
14339,-0.012765904460025013,0
14340,-9.004473895402043e-07,0
14341,-0.0042875259291577095,0
14342,-9.004473895402043e-07,0
14343,-9.004473895402043e-07,0
14344,-9.004473895402043e-07,0
14345,-9.004473895402043e-07,0
14346,-9.004473895402043e-07,0
14347,-9.004473895402043e-07,0
14348,-9.004473895402043e-07,0
14349,-9.004473895402043e-07,0
14350,-9.004473895402043e-07,0
14351,-9.004473895402043e-07,0
14352,-9.004473895402043e-07,0
14353,-0.3452423122479331,0
14354,-9.004473895402043e-07,0
14355,-9.004473895402043e-07,0
14356,-9.004473895402043e-07,0
14357,-9.004473895402043e-07,0
14358,-9.004473895402043e-07,0
14359,-9.004473895402043e-07,0
14360,-9.004473895402043e-07,0
14361,-9.004473895402043e-07,0
14362,-9.004473895402043e-07,0
14363,-9.004473895402043e-07,0
14364,-9.004473895402043e-07,0
14365,-0.2448478339446183,0
14366,-9.004473895402043e-07,0
14367,-9.004473895402043e-07,0
14368,-9.004473895402043e-07,0
14369,-0.0042875259291577095,0
14370,-9.004473895402043e-07,0
14371,-9.004473895402043e-07,0
14372,-9.004473895402043e-07,0
14373,-9.004473895402043e-07,0
14374,-9.004473895402043e-07,0
14375,-9.004473895402043e-07,0
14376,-9.004473895402043e-07,0
14377,-9.004473895402043e-07,0
14378,-9.004473895402043e-07,0
14379,-0.3517225105294983,0
14380,-0.12084938512259669,0
14381,-9.004473895402043e-07,0
14382,-9.004473895402043e-07,0
14383,-9.004473895402043e-07,0
14384,-9.004473895402043e-07,0
14385,-9.004473895402043e-07,0
14386,-9.004473895402043e-07,0
14387,-9.004473895402043e-07,0
14388,-9.004473895402043e-07,0
14389,-0.0042875259291577095,0
14390,-9.004473895402043e-07,0
14391,-9.004473895402043e-07,0
14392,-9.004473895402043e-07,0
14393,-0.352707639460732,0
14394,-9.004473895402043e-07,0
14395,-9.004473895402043e-07,0
14396,-9.004473895402043e-07,0
14397,-9.004473895402043e-07,0
14398,-9.004473895402043e-07,0
14399,-9.004473895402043e-07,0
14400,-9.004473895402043e-07,0
14401,-9.004473895402043e-07,0
14402,-9.004473895402043e-07,0
14403,-9.004473895402043e-07,0
14404,-9.004473895402043e-07,0
14405,-0.3054765184936059,0
14406,-9.004473895402043e-07,0
14407,-9.004473895402043e-07,0
14408,-9.004473895402043e-07,0
14409,-9.004473895402043e-07,0
14410,-9.004473895402043e-07,0
14411,-9.004473895402043e-07,0
14412,-9.004473895402043e-07,0
14413,-9.004473895402043e-07,0
14414,-9.004473895402043e-07,0
14415,-9.004473895402043e-07,0
14416,-9.004473895402043e-07,0
14417,-0.0253324129585053,0
14418,-0.0042875259291577095,0
14419,-0.3460220017914253,0
14420,-9.004473895402043e-07,0
14421,-9.004473895402043e-07,0
14422,-9.004473895402043e-07,0
14423,-9.004473895402043e-07,0
14424,-9.004473895402043e-07,0
14425,-9.004473895402043e-07,0
14426,-9.004473895402043e-07,0
14427,-9.004473895402043e-07,0
14428,-9.004473895402043e-07,0
14429,-9.004473895402043e-07,0
14430,-9.004473895402043e-07,0
14431,-0.35223805676309894,0
14432,-9.004473895402043e-07,0
14433,-0.28206594435084753,0
14434,-9.004473895402043e-07,0
14435,-9.004473895402043e-07,0
14436,-9.004473895402043e-07,0
14437,-9.004473895402043e-07,0
14438,-9.004473895402043e-07,0
14439,-9.004473895402043e-07,0
14440,-9.004473895402043e-07,0
14441,-0.0042875259291577095,0
14442,-9.004473895402043e-07,0
14443,-0.24961488504402496,0
14444,-9.004473895402043e-07,0
14445,-9.004473895402043e-07,0
14446,-9.004473895402043e-07,0
14447,-9.004473895402043e-07,0
14448,-9.004473895402043e-07,0
14449,-9.004473895402043e-07,0
14450,-9.004473895402043e-07,0
14451,-9.004473895402043e-07,0
14452,-9.004473895402043e-07,0
14453,-9.004473895402043e-07,0
14454,-9.004473895402043e-07,0
14455,-9.004473895402043e-07,0
14456,-0.34814529870857314,0
14457,-0.24728085102719888,0
14458,-9.004473895402043e-07,0
14459,-9.004473895402043e-07,0
14460,-9.004473895402043e-07,0
14461,-9.004473895402043e-07,0
14462,-9.004473895402043e-07,0
14463,-9.004473895402043e-07,0
14464,-9.004473895402043e-07,0
14465,-9.004473895402043e-07,0
14466,-9.004473895402043e-07,0
14467,-9.004473895402043e-07,0
14468,-9.004473895402043e-07,0
14469,-0.17039205015430525,0
14470,-0.1446943591120089,0
14471,-9.004473895402043e-07,0
14472,-9.004473895402043e-07,0
14473,-9.004473895402043e-07,0
14474,-9.004473895402043e-07,0
14475,-9.004473895402043e-07,0
14476,-9.004473895402043e-07,0
14477,-9.004473895402043e-07,0
14478,-0.0042875259291577095,0
14479,-9.004473895402043e-07,0
14480,-9.004473895402043e-07,0
14481,-9.004473895402043e-07,0
14482,-0.26332999846545135,0
14483,-9.004473895402043e-07,0
14484,-9.004473895402043e-07,0
14485,-9.004473895402043e-07,0
14486,-9.004473895402043e-07,0
14487,-0.205830864564291,0
14488,-9.004473895402043e-07,0
14489,-9.004473895402043e-07,0
14490,-9.004473895402043e-07,0
14491,-9.004473895402043e-07,0
14492,-9.004473895402043e-07,0
14493,-9.004473895402043e-07,0
14494,-9.004473895402043e-07,0
14495,-0.3038311144010777,0
14496,-9.004473895402043e-07,0
14497,-9.004473895402043e-07,0
14498,-9.004473895402043e-07,0
14499,-9.004473895402043e-07,0
14500,-9.004473895402043e-07,0
14501,-9.004473895402043e-07,0
14502,-9.004473895402043e-07,0
14503,-9.004473895402043e-07,0
14504,-9.004473895402043e-07,0
14505,-9.004473895402043e-07,0
14506,-9.004473895402043e-07,0
14507,-0.0042875259291577095,0
14508,-0.3488062734893447,0
14509,-9.004473895402043e-07,0
14510,-9.004473895402043e-07,0
14511,-9.004473895402043e-07,0
14512,-9.004473895402043e-07,0
14513,-9.004473895402043e-07,0
14514,-9.004473895402043e-07,0
14515,-9.004473895402043e-07,0
14516,-9.004473895402043e-07,0
14517,-9.004473895402043e-07,0
14518,-9.004473895402043e-07,0
14519,-9.004473895402043e-07,0
14520,-9.004473895402043e-07,0
14521,-9.004473895402043e-07,0
14522,-0.2610793377277787,0
14523,-9.004473895402043e-07,0
14524,-9.004473895402043e-07,0
14525,-9.004473895402043e-07,0
14526,-9.004473895402043e-07,0
14527,-9.004473895402043e-07,0
14528,-9.004473895402043e-07,0
14529,-9.004473895402043e-07,0
14530,-0.0042875259291577095,0
14531,-9.004473895402043e-07,0
14532,-9.004473895402043e-07,0
14533,-9.004473895402043e-07,0
14534,-9.004473895402043e-07,0
14535,-0.26764724925828887,0
14536,-9.004473895402043e-07,0
14537,-9.004473895402043e-07,0
14538,-9.004473895402043e-07,0
14539,-9.004473895402043e-07,0
14540,-9.004473895402043e-07,0
14541,-9.004473895402043e-07,0
14542,-9.004473895402043e-07,0
14543,-9.004473895402043e-07,0
14544,-9.004473895402043e-07,0
14545,-9.004473895402043e-07,0
14546,-9.004473895402043e-07,0
14547,-9.004473895402043e-07,0
14548,-0.3218663445927632,0
14549,-9.004473895402043e-07,0
14550,-9.004473895402043e-07,0
14551,-9.004473895402043e-07,0
14552,-9.004473895402043e-07,0
14553,-9.004473895402043e-07,0
14554,-9.004473895402043e-07,0
14555,-9.004473895402043e-07,0
14556,-9.004473895402043e-07,0
14557,-9.004473895402043e-07,0
14558,-9.004473895402043e-07,0
14559,-9.004473895402043e-07,0
14560,-9.004473895402043e-07,0
14561,-0.28595247955843206,0
14562,-9.004473895402043e-07,0
14563,-9.004473895402043e-07,0
14564,-9.004473895402043e-07,0
14565,-9.004473895402043e-07,0
14566,-9.004473895402043e-07,0
14567,-9.004473895402043e-07,0
14568,-9.004473895402043e-07,0
14569,-9.004473895402043e-07,0
14570,-9.004473895402043e-07,0
14571,-9.004473895402043e-07,0
14572,-9.004473895402043e-07,0
14573,-9.004473895402043e-07,0
14574,-0.28595247955843206,0
14575,-9.004473895402043e-07,0
14576,-9.004473895402043e-07,0
14577,-9.004473895402043e-07,0
14578,-9.004473895402043e-07,0
14579,-9.004473895402043e-07,0
14580,-9.004473895402043e-07,0
14581,-9.004473895402043e-07,0
14582,-9.004473895402043e-07,0
14583,-9.004473895402043e-07,0
14584,-9.004473895402043e-07,0
14585,-9.004473895402043e-07,0
14586,-9.004473895402043e-07,0
14587,-0.1885776383276152,0
14588,-0.3444517944044492,0
14589,-9.004473895402043e-07,0
14590,-9.004473895402043e-07,0
14591,-9.004473895402043e-07,0
14592,-0.0042875259291577095,0
14593,-9.004473895402043e-07,0
14594,-9.004473895402043e-07,0
14595,-9.004473895402043e-07,0
14596,-9.004473895402043e-07,0
14597,-9.004473895402043e-07,0
14598,-9.004473895402043e-07,0
14599,-9.004473895402043e-07,0
14600,-9.004473895402043e-07,0
14601,-9.004473895402043e-07,0
14602,-0.28206594435084753,0
14603,-9.004473895402043e-07,0
14604,-9.004473895402043e-07,0
14605,-9.004473895402043e-07,0
14606,-9.004473895402043e-07,0
14607,-9.004473895402043e-07,0
14608,-9.004473895402043e-07,0
14609,-9.004473895402043e-07,0
14610,-9.004473895402043e-07,0
14611,-9.004473895402043e-07,0
14612,-9.004473895402043e-07,0
14613,-9.004473895402043e-07,0
14614,-9.004473895402043e-07,0
14615,-9.004473895402043e-07,0
14616,-0.3054765184936059,0
14617,-9.004473895402043e-07,0
14618,-9.004473895402043e-07,0
14619,-9.004473895402043e-07,0
14620,-9.004473895402043e-07,0
14621,-9.004473895402043e-07,0
14622,-9.004473895402043e-07,0
14623,-9.004473895402043e-07,0
14624,-9.004473895402043e-07,0
14625,-9.004473895402043e-07,0
14626,-9.004473895402043e-07,0
14627,-9.004473895402043e-07,0
14628,-9.004473895402043e-07,0
14629,-9.004473895402043e-07,0
14630,1.1743799586720343,1
14631,-9.004473895402043e-07,0
14632,-9.004473895402043e-07,0
14633,-9.004473895402043e-07,0
14634,-0.0042875259291577095,0
14635,-9.004473895402043e-07,0
14636,-9.004473895402043e-07,0
14637,-9.004473895402043e-07,0
14638,-9.004473895402043e-07,0
14639,-9.004473895402043e-07,0
14640,-9.004473895402043e-07,0
14641,-9.004473895402043e-07,0
14642,-0.008548269249445184,0
14643,-9.004473895402043e-07,0
14644,-0.0042875259291577095,0
14645,-0.3038311144010777,0
14646,-9.004473895402043e-07,0
14647,-9.004473895402043e-07,0
14648,-9.004473895402043e-07,0
14649,-9.004473895402043e-07,0
14650,-9.004473895402043e-07,0
14651,-9.004473895402043e-07,0
14652,-9.004473895402043e-07,0
14653,-9.004473895402043e-07,0
14654,-9.004473895402043e-07,0
14655,-9.004473895402043e-07,0
14656,-9.004473895402043e-07,0
14657,-0.28402216184952067,0
14658,-9.004473895402043e-07,0
14659,-9.004473895402043e-07,0
14660,-9.004473895402043e-07,0
14661,-9.004473895402043e-07,0
14662,-9.004473895402043e-07,0
14663,-9.004473895402043e-07,0
14664,-9.004473895402043e-07,0
14665,-9.004473895402043e-07,0
14666,-9.004473895402043e-07,0
14667,-0.0042875259291577095,0
14668,-9.004473895402043e-07,0
14669,-9.004473895402043e-07,0
14670,-9.004473895402043e-07,0
14671,-0.3218663445927632,0
14672,-9.004473895402043e-07,0
14673,-9.004473895402043e-07,0
14674,-9.004473895402043e-07,0
14675,-0.0042875259291577095,0
14676,-9.004473895402043e-07,0
14677,-9.004473895402043e-07,0
14678,-9.004473895402043e-07,0
14679,-9.004473895402043e-07,0
14680,-9.004473895402043e-07,0
14681,-9.004473895402043e-07,0
14682,-9.004473895402043e-07,0
14683,-9.004473895402043e-07,0
14684,-9.004473895402043e-07,0
14685,-0.2952155625513342,0
14686,-9.004473895402043e-07,0
14687,-0.016992107790770206,0
14688,-9.004473895402043e-07,0
14689,-9.004473895402043e-07,0
14690,-9.004473895402043e-07,0
14691,-9.004473895402043e-07,0
14692,-9.004473895402043e-07,0
14693,-9.004473895402043e-07,0
14694,-9.004473895402043e-07,0
14695,-0.0042875259291577095,0
14696,-9.004473895402043e-07,0
14697,-9.004473895402043e-07,0
14698,-9.004473895402043e-07,0
14699,-0.02944363963933938,0
14700,-9.004473895402043e-07,0
14701,-9.004473895402043e-07,0
14702,-9.004473895402043e-07,0
14703,-0.0042875259291577095,0
14704,-9.004473895402043e-07,0
14705,-9.004473895402043e-07,0
14706,-9.004473895402043e-07,0
14707,-9.004473895402043e-07,0
14708,-9.004473895402043e-07,0
14709,-9.004473895402043e-07,0
14710,-9.004473895402043e-07,0
14711,-9.004473895402043e-07,0
14712,-0.0042875259291577095,0
14713,-9.004473895402043e-07,0
14714,-0.34944133929218424,0
14715,-9.004473895402043e-07,0
14716,-9.004473895402043e-07,0
14717,-9.004473895402043e-07,0
14718,-9.004473895402043e-07,0
14719,-9.004473895402043e-07,0
14720,-9.004473895402043e-07,0
14721,-9.004473895402043e-07,0
14722,-9.004473895402043e-07,0
14723,-9.004473895402043e-07,0
14724,-9.004473895402043e-07,0
14725,-9.004473895402043e-07,0
14726,-9.004473895402043e-07,0
14727,-9.004473895402043e-07,0
14728,-9.004473895402043e-07,0
14729,-0.14465984141145327,0
14730,-9.004473895402043e-07,0
14731,-9.004473895402043e-07,0
14732,-9.004473895402043e-07,0
14733,-9.004473895402043e-07,0
14734,-9.004473895402043e-07,0
14735,-9.004473895402043e-07,0
14736,-9.004473895402043e-07,0
14737,-9.004473895402043e-07,0
14738,-9.004473895402043e-07,0
14739,-9.004473895402043e-07,0
14740,-9.004473895402043e-07,0
14741,-9.004473895402043e-07,0
14742,-9.004473895402043e-07,0
14743,-9.004473895402043e-07,0
14744,-0.35436697993998223,0
14745,-9.004473895402043e-07,0
14746,-9.004473895402043e-07,0
14747,-9.004473895402043e-07,0
14748,-9.004473895402043e-07,0
14749,-9.004473895402043e-07,0
14750,-9.004473895402043e-07,0
14751,-9.004473895402043e-07,0
14752,-9.004473895402043e-07,0
14753,-9.004473895402043e-07,0
14754,-9.004473895402043e-07,0
14755,-9.004473895402043e-07,0
14756,-0.0042875259291577095,0
14757,-9.004473895402043e-07,0
14758,-9.004473895402043e-07,0
14759,-0.32450955751426136,0
14760,-9.004473895402043e-07,0
14761,-9.004473895402043e-07,0
14762,-9.004473895402043e-07,0
14763,-9.004473895402043e-07,0
14764,-9.004473895402043e-07,0
14765,-9.004473895402043e-07,0
14766,-9.004473895402043e-07,0
14767,-9.004473895402043e-07,0
14768,-9.004473895402043e-07,0
14769,-9.004473895402043e-07,0
14770,-9.004473895402043e-07,0
14771,-0.0042875259291577095,0
14772,-9.004473895402043e-07,0
14773,-9.004473895402043e-07,0
14774,-0.2952155625513342,0
14775,-9.004473895402043e-07,0
14776,-9.004473895402043e-07,0
14777,-9.004473895402043e-07,0
14778,-9.004473895402043e-07,0
14779,-9.004473895402043e-07,0
14780,-9.004473895402043e-07,0
14781,-9.004473895402043e-07,0
14782,-9.004473895402043e-07,0
14783,-9.004473895402043e-07,0
14784,-9.004473895402043e-07,0
14785,-9.004473895402043e-07,0
14786,-9.004473895402043e-07,0
14787,-9.004473895402043e-07,0
14788,-9.004473895402043e-07,0
14789,-0.22215167441913763,0
14790,-9.004473895402043e-07,0
14791,-9.004473895402043e-07,0
14792,-9.004473895402043e-07,0
14793,-0.3506337435281921,0
14794,-9.004473895402043e-07,0
14795,-9.004473895402043e-07,0
14796,-9.004473895402043e-07,0
14797,-9.004473895402043e-07,0
14798,-9.004473895402043e-07,0
14799,-9.004473895402043e-07,0
14800,-9.004473895402043e-07,0
14801,-9.004473895402043e-07,0
14802,-9.004473895402043e-07,0
14803,-9.004473895402043e-07,0
14804,-9.004473895402043e-07,0
14805,-9.004473895402043e-07,0
14806,-9.004473895402043e-07,0
14807,-9.004473895402043e-07,0
14808,-0.14796243668217812,0
14809,-9.004473895402043e-07,0
14810,-9.004473895402043e-07,0
14811,-9.004473895402043e-07,0
14812,-0.0042875259291577095,0
14813,-9.004473895402043e-07,0
14814,-9.004473895402043e-07,0
14815,-9.004473895402043e-07,0
14816,-9.004473895402043e-07,0
14817,-9.004473895402043e-07,0
14818,-9.004473895402043e-07,0
14819,-9.004473895402043e-07,0
14820,-9.004473895402043e-07,0
14821,-9.004473895402043e-07,0
14822,-9.004473895402043e-07,0
14823,-0.25195956759114324,0
14824,-9.004473895402043e-07,0
14825,-9.004473895402043e-07,0
14826,-9.004473895402043e-07,0
14827,-9.004473895402043e-07,0
14828,-9.004473895402043e-07,0
14829,-9.004473895402043e-07,0
14830,-9.004473895402043e-07,0
14831,-9.004473895402043e-07,0
14832,-9.004473895402043e-07,0
14833,-9.004473895402043e-07,0
14834,-9.004473895402043e-07,0
14835,-9.004473895402043e-07,0
14836,-9.004473895402043e-07,0
14837,-9.004473895402043e-07,0
14838,-0.35607868655756647,0
14839,-9.004473895402043e-07,0
14840,-9.004473895402043e-07,0
14841,-9.004473895402043e-07,0
14842,-9.004473895402043e-07,0
14843,-9.004473895402043e-07,0
14844,-9.004473895402043e-07,0
14845,-9.004473895402043e-07,0
14846,-9.004473895402043e-07,0
14847,-9.004473895402043e-07,0
14848,-9.004473895402043e-07,0
14849,-9.004473895402043e-07,0
14850,-9.004473895402043e-07,0
14851,-0.0042875259291577095,0
14852,-9.004473895402043e-07,0
14853,-0.3218663445927632,0
14854,-9.004473895402043e-07,0
14855,-9.004473895402043e-07,0
14856,-0.0042875259291577095,0
14857,-9.004473895402043e-07,0
14858,-9.004473895402043e-07,0
14859,-9.004473895402043e-07,0
14860,-9.004473895402043e-07,0
14861,-9.004473895402043e-07,0
14862,-9.004473895402043e-07,0
14863,-9.004473895402043e-07,0
14864,-0.0042875259291577095,0
14865,-9.004473895402043e-07,0
14866,-9.004473895402043e-07,0
14867,-9.004473895402043e-07,0
14868,-0.26329453881032805,0
14869,-9.004473895402043e-07,0
14870,-9.004473895402043e-07,0
14871,-9.004473895402043e-07,0
14872,-9.004473895402043e-07,0
14873,-9.004473895402043e-07,0
14874,-9.004473895402043e-07,0
14875,-9.004473895402043e-07,0
14876,-9.004473895402043e-07,0
14877,-9.004473895402043e-07,0
14878,-9.004473895402043e-07,0
14879,-9.004473895402043e-07,0
14880,-9.004473895402043e-07,0
14881,-9.004473895402043e-07,0
14882,-9.004473895402043e-07,0
14883,-0.17960138593446118,0
14884,-9.004473895402043e-07,0
14885,-9.004473895402043e-07,0
14886,-9.004473895402043e-07,0
14887,-0.0042875259291577095,0
14888,-9.004473895402043e-07,0
14889,-9.004473895402043e-07,0
14890,-9.004473895402043e-07,0
14891,-0.3564419717876035,0
14892,-9.004473895402043e-07,0
14893,-9.004473895402043e-07,0
14894,-9.004473895402043e-07,0
14895,-9.004473895402043e-07,0
14896,-9.004473895402043e-07,0
14897,-9.004473895402043e-07,0
14898,-9.004473895402043e-07,0
14899,-9.004473895402043e-07,0
14900,-9.004473895402043e-07,0
14901,-9.004473895402043e-07,0
14902,-9.004473895402043e-07,0
14903,-9.004473895402043e-07,0
14904,-9.004473895402043e-07,0
14905,-0.28595247955843206,0
14906,-9.004473895402043e-07,0
14907,-0.28595247955843206,0
14908,-9.004473895402043e-07,0
14909,-9.004473895402043e-07,0
14910,-9.004473895402043e-07,0
14911,-9.004473895402043e-07,0
14912,-9.004473895402043e-07,0
14913,-9.004473895402043e-07,0
14914,-9.004473895402043e-07,0
14915,-9.004473895402043e-07,0
14916,-9.004473895402043e-07,0
14917,-9.004473895402043e-07,0
14918,-9.004473895402043e-07,0
14919,-9.004473895402043e-07,0
14920,-9.004473895402043e-07,0
14921,-0.23997720353202112,0
14922,-9.004473895402043e-07,0
14923,-9.004473895402043e-07,0
14924,-9.004473895402043e-07,0
14925,-0.0042875259291577095,0
14926,-9.004473895402043e-07,0
14927,-9.004473895402043e-07,0
14928,-9.004473895402043e-07,0
14929,-9.004473895402043e-07,0
14930,-9.004473895402043e-07,0
14931,-9.004473895402043e-07,0
14932,-9.004473895402043e-07,0
14933,-9.004473895402043e-07,0
14934,-9.004473895402043e-07,0
14935,-0.3102573142299434,0
14936,-9.004473895402043e-07,0
14937,-0.0253324129585053,0
14938,-9.004473895402043e-07,0
14939,-9.004473895402043e-07,0
14940,-9.004473895402043e-07,0
14941,-9.004473895402043e-07,0
14942,-9.004473895402043e-07,0
14943,-9.004473895402043e-07,0
14944,-9.004473895402043e-07,0
14945,-9.004473895402043e-07,0
14946,-9.004473895402043e-07,0
14947,-9.004473895402043e-07,0
14948,-9.004473895402043e-07,0
14949,-0.27807581099943945,0
14950,-9.004473895402043e-07,0
14951,-9.004473895402043e-07,0
14952,-9.004473895402043e-07,0
14953,-9.004473895402043e-07,0
14954,-9.004473895402043e-07,0
14955,-9.004473895402043e-07,0
14956,-9.004473895402043e-07,0
14957,-0.0042875259291577095,0
14958,-9.004473895402043e-07,0
14959,-9.004473895402043e-07,0
14960,-9.004473895402043e-07,0
14961,-9.004473895402043e-07,0
14962,-9.004473895402043e-07,0
14963,3.3271978034587164,1
14964,-0.27604189565511206,0
14965,-0.04573019705981096,0
14966,-9.004473895402043e-07,0
14967,-9.004473895402043e-07,0
14968,-9.004473895402043e-07,0
14969,-9.004473895402043e-07,0
14970,-9.004473895402043e-07,0
14971,-9.004473895402043e-07,0
14972,-9.004473895402043e-07,0
14973,-9.004473895402043e-07,0
14974,-9.004473895402043e-07,0
14975,-9.004473895402043e-07,0
14976,-9.004473895402043e-07,0
14977,-0.2542783544275835,0
14978,-9.004473895402043e-07,0
14979,-9.004473895402043e-07,0
14980,-9.004473895402043e-07,0
14981,-9.004473895402043e-07,0
14982,-9.004473895402043e-07,0
14983,-9.004473895402043e-07,0
14984,-9.004473895402043e-07,0
14985,-9.004473895402043e-07,0
14986,-9.004473895402043e-07,0
14987,-9.004473895402043e-07,0
14988,-9.004473895402043e-07,0
14989,-9.004473895402043e-07,0
14990,-0.2654838427346249,0
14991,-9.004473895402043e-07,0
14992,-9.004473895402043e-07,0
14993,-9.004473895402043e-07,0
14994,-9.004473895402043e-07,0
14995,-9.004473895402043e-07,0
14996,-9.004473895402043e-07,0
14997,-9.004473895402043e-07,0
14998,-0.0042875259291577095,0
14999,-9.004473895402043e-07,0
15000,-9.004473895402043e-07,0
15001,-9.004473895402043e-07,0
15002,-0.0042875259291577095,0
15003,-0.3218663445927632,0
15004,-9.004473895402043e-07,0
15005,-9.004473895402043e-07,0
15006,-9.004473895402043e-07,0
15007,-9.004473895402043e-07,0
15008,-9.004473895402043e-07,0
15009,-9.004473895402043e-07,0
15010,-9.004473895402043e-07,0
15011,-0.0042875259291577095,0
15012,-9.004473895402043e-07,0
15013,-9.004473895402043e-07,0
15014,-9.004473895402043e-07,0
15015,1.192216354062566,1
15016,-9.004473895402043e-07,0
15017,-9.004473895402043e-07,0
15018,-9.004473895402043e-07,0
15019,-9.004473895402043e-07,0
15020,-9.004473895402043e-07,0
15021,-9.004473895402043e-07,0
15022,-9.004473895402043e-07,0
15023,-9.004473895402043e-07,0
15024,-9.004473895402043e-07,0
15025,-9.004473895402043e-07,0
15026,-9.004473895402043e-07,0
15027,-0.3511910817419448,0
15028,-9.004473895402043e-07,0
15029,-9.004473895402043e-07,0
15030,-9.004473895402043e-07,0
15031,-9.004473895402043e-07,0
15032,-9.004473895402043e-07,0
15033,-9.004473895402043e-07,0
15034,-9.004473895402043e-07,0
15035,-9.004473895402043e-07,0
15036,-9.004473895402043e-07,0
15037,-9.004473895402043e-07,0
15038,-9.004473895402043e-07,0
15039,-9.004473895402043e-07,0
15040,-0.28595247955843206,0
15041,-9.004473895402043e-07,0
15042,-9.004473895402043e-07,0
15043,-9.004473895402043e-07,0
15044,-9.004473895402043e-07,0
15045,-9.004473895402043e-07,0
15046,-9.004473895402043e-07,0
15047,-9.004473895402043e-07,0
15048,-9.004473895402043e-07,0
15049,-9.004473895402043e-07,0
15050,-9.004473895402043e-07,0
15051,-9.004473895402043e-07,0
15052,-9.004473895402043e-07,0
15053,-0.35358912951221555,0
15054,-9.004473895402043e-07,0
15055,-9.004473895402043e-07,0
15056,-9.004473895402043e-07,0
15057,-0.205830864564291,0
15058,-9.004473895402043e-07,0
15059,-9.004473895402043e-07,0
15060,-9.004473895402043e-07,0
15061,-9.004473895402043e-07,0
15062,-9.004473895402043e-07,0
15063,-9.004473895402043e-07,0
15064,-9.004473895402043e-07,0
15065,-9.004473895402043e-07,0
15066,-9.004473895402043e-07,0
15067,-9.004473895402043e-07,0
15068,-9.004473895402043e-07,0
15069,-9.004473895402043e-07,0
15070,-0.28595247955843206,0
15071,-9.004473895402043e-07,0
15072,-9.004473895402043e-07,0
15073,-9.004473895402043e-07,0
15074,-9.004473895402043e-07,0
15075,-9.004473895402043e-07,0
15076,-9.004473895402043e-07,0
15077,-9.004473895402043e-07,0
15078,-9.004473895402043e-07,0
15079,-9.004473895402043e-07,0
15080,-9.004473895402043e-07,0
15081,-9.004473895402043e-07,0
15082,-9.004473895402043e-07,0
15083,-0.28595247955843206,0
15084,-9.004473895402043e-07,0
15085,-9.004473895402043e-07,0
15086,-9.004473895402043e-07,0
15087,-9.004473895402043e-07,0
15088,-9.004473895402043e-07,0
15089,-9.004473895402043e-07,0
15090,-9.004473895402043e-07,0
15091,-9.004473895402043e-07,0
15092,-9.004473895402043e-07,0
15093,-9.004473895402043e-07,0
15094,-9.004473895402043e-07,0
15095,-9.004473895402043e-07,0
15096,-0.28595247955843206,0
15097,-9.004473895402043e-07,0
15098,-9.004473895402043e-07,0
15099,-9.004473895402043e-07,0
15100,-9.004473895402043e-07,0
15101,-9.004473895402043e-07,0
15102,-9.004473895402043e-07,0
15103,-9.004473895402043e-07,0
15104,-9.004473895402043e-07,0
15105,-9.004473895402043e-07,0
15106,-9.004473895402043e-07,0
15107,-9.004473895402043e-07,0
15108,-9.004473895402043e-07,0
15109,-0.28595247955843206,0
15110,-9.004473895402043e-07,0
15111,-9.004473895402043e-07,0
15112,-9.004473895402043e-07,0
15113,-9.004473895402043e-07,0
15114,-9.004473895402043e-07,0
15115,-9.004473895402043e-07,0
15116,-9.004473895402043e-07,0
15117,-9.004473895402043e-07,0
15118,-9.004473895402043e-07,0
15119,-9.004473895402043e-07,0
15120,-9.004473895402043e-07,0
15121,-9.004473895402043e-07,0
15122,-0.28595247955843206,0
15123,-9.004473895402043e-07,0
15124,-9.004473895402043e-07,0
15125,-9.004473895402043e-07,0
15126,-9.004473895402043e-07,0
15127,-9.004473895402043e-07,0
15128,-9.004473895402043e-07,0
15129,-9.004473895402043e-07,0
15130,-9.004473895402043e-07,0
15131,-9.004473895402043e-07,0
15132,-9.004473895402043e-07,0
15133,-9.004473895402043e-07,0
15134,-9.004473895402043e-07,0
15135,-0.28595247955843206,0
15136,-9.004473895402043e-07,0
15137,-9.004473895402043e-07,0
15138,-9.004473895402043e-07,0
15139,-9.004473895402043e-07,0
15140,-9.004473895402043e-07,0
15141,-9.004473895402043e-07,0
15142,-9.004473895402043e-07,0
15143,-9.004473895402043e-07,0
15144,-9.004473895402043e-07,0
15145,-9.004473895402043e-07,0
15146,-9.004473895402043e-07,0
15147,-9.004473895402043e-07,0
15148,-0.28595247955843206,0
15149,-9.004473895402043e-07,0
15150,-9.004473895402043e-07,0
15151,-9.004473895402043e-07,0
15152,-9.004473895402043e-07,0
15153,-9.004473895402043e-07,0
15154,-9.004473895402043e-07,0
15155,-9.004473895402043e-07,0
15156,-9.004473895402043e-07,0
15157,-9.004473895402043e-07,0
15158,-9.004473895402043e-07,0
15159,-9.004473895402043e-07,0
15160,-0.21681500950455757,0
15161,-0.34814529870857314,0
15162,-9.004473895402043e-07,0
15163,-9.004473895402043e-07,0
15164,-9.004473895402043e-07,0
15165,-9.004473895402043e-07,0
15166,-9.004473895402043e-07,0
15167,-9.004473895402043e-07,0
15168,-9.004473895402043e-07,0
15169,-9.004473895402043e-07,0
15170,-9.004473895402043e-07,0
15171,-9.004473895402043e-07,0
15172,-9.004473895402043e-07,0
15173,-9.004473895402043e-07,0
15174,-0.07702056030996118,0
15175,-0.3004625992520005,0
15176,-9.004473895402043e-07,0
15177,-9.004473895402043e-07,0
15178,-9.004473895402043e-07,0
15179,-9.004473895402043e-07,0
15180,-9.004473895402043e-07,0
15181,-9.004473895402043e-07,0
15182,-9.004473895402043e-07,0
15183,-9.004473895402043e-07,0
15184,-9.004473895402043e-07,0
15185,-0.28785689722042207,0
15186,-9.004473895402043e-07,0
15187,-9.004473895402043e-07,0
15188,-9.004473895402043e-07,0
15189,-9.004473895402043e-07,0
15190,-9.004473895402043e-07,0
15191,-9.004473895402043e-07,0
15192,-9.004473895402043e-07,0
15193,-9.004473895402043e-07,0
15194,-9.004473895402043e-07,0
15195,-0.29158803144332524,0
15196,-9.004473895402043e-07,0
15197,-9.004473895402043e-07,0
15198,-9.004473895402043e-07,0
15199,-9.004473895402043e-07,0
15200,-9.004473895402043e-07,0
15201,-9.004473895402043e-07,0
15202,-9.004473895402043e-07,0
15203,-9.004473895402043e-07,0
15204,-9.004473895402043e-07,0
15205,-0.3021598079153591,0
15206,-9.004473895402043e-07,0
15207,-9.004473895402043e-07,0
15208,-9.004473895402043e-07,0
15209,-9.004473895402043e-07,0
15210,-9.004473895402043e-07,0
15211,-9.004473895402043e-07,0
15212,-9.004473895402043e-07,0
15213,-9.004473895402043e-07,0
15214,-9.004473895402043e-07,0
15215,-0.33617128021899134,0
15216,-9.004473895402043e-07,0
15217,-9.004473895402043e-07,0
15218,-9.004473895402043e-07,0
15219,-9.004473895402043e-07,0
15220,-0.08832728957327163,0
15221,-9.004473895402043e-07,0
15222,-9.004473895402043e-07,0
15223,-9.004473895402043e-07,0
15224,-9.004473895402043e-07,0
15225,-0.23247705198650692,0
15226,-9.004473895402043e-07,0
15227,-9.004473895402043e-07,0
15228,-9.004473895402043e-07,0
15229,-9.004473895402043e-07,0
15230,-9.004473895402043e-07,0
15231,-9.004473895402043e-07,0
15232,-9.004473895402043e-07,0
15233,-9.004473895402043e-07,0
15234,-0.3148049806684412,0
15235,-9.004473895402043e-07,0
15236,-9.004473895402043e-07,0
15237,-9.004473895402043e-07,0
15238,-9.004473895402043e-07,0
15239,-9.004473895402043e-07,0
15240,-9.004473895402043e-07,0
15241,-9.004473895402043e-07,0
15242,-9.004473895402043e-07,0
15243,-0.0042875259291577095,0
15244,-0.00853180140643417,0
15245,-9.004473895402043e-07,0
15246,-9.004473895402043e-07,0
15247,-9.004473895402043e-07,0
15248,-9.004473895402043e-07,0
15249,-9.004473895402043e-07,0
15250,-9.004473895402043e-07,0
15251,-9.004473895402043e-07,0
15252,-9.004473895402043e-07,0
15253,-9.004473895402043e-07,0
15254,0.3400423841231941,1
15255,-9.004473895402043e-07,0
15256,-9.004473895402043e-07,0
15257,-9.004473895402043e-07,0
15258,-9.004473895402043e-07,0
15259,-9.004473895402043e-07,0
15260,-9.004473895402043e-07,0
15261,-9.004473895402043e-07,0
15262,-9.004473895402043e-07,0
15263,-0.0042875259291577095,0
15264,-0.3004625992520005,0
15265,-9.004473895402043e-07,0
15266,-9.004473895402043e-07,0
15267,-9.004473895402043e-07,0
15268,-9.004473895402043e-07,0
15269,-9.004473895402043e-07,0
15270,-9.004473895402043e-07,0
15271,-9.004473895402043e-07,0
15272,-0.0042875259291577095,0
15273,747.2752117878936,1
15274,-9.004473895402043e-07,0
15275,-9.004473895402043e-07,0
15276,-9.004473895402043e-07,0
15277,-9.004473895402043e-07,0
15278,-9.004473895402043e-07,0
15279,-9.004473895402043e-07,0
15280,-9.004473895402043e-07,0
15281,-9.004473895402043e-07,0
15282,-9.004473895402043e-07,0
15283,-9.004473895402043e-07,0
15284,-9.004473895402043e-07,0
15285,-9.004473895402043e-07,0
15286,-0.28976781793289774,0
15287,-0.08458426928723384,0
15288,-0.352707639460732,0
15289,-9.004473895402043e-07,0
15290,-0.3371949670807908,0
15291,0.03523181687910437,1
15292,-9.004473895402043e-07,0
15293,-0.35436697993998223,0
15294,-9.004473895402043e-07,0
15295,-0.28595247955843206,0
15296,-9.004473895402043e-07,0
15297,-0.21407044785473772,0
15298,-9.004473895402043e-07,0
15299,-9.004473895402043e-07,0
15300,-9.004473895402043e-07,0
15301,-0.34676020848121425,0
15302,-9.004473895402043e-07,0
15303,-9.004473895402043e-07,0
15304,-9.004473895402043e-07,0
15305,-0.17960138593446118,0
15306,-9.004473895402043e-07,0
15307,-9.004473895402043e-07,0
15308,-0.09940100950097985,0
15309,-9.004473895402043e-07,0
15310,-0.016992107790770206,0
15311,-0.0042875259291577095,0
15312,-0.3038610389438645,0
15313,-9.004473895402043e-07,0
15314,-9.004473895402043e-07,0
15315,-9.004473895402043e-07,0
15316,-0.2740165183741965,0
15317,-9.004473895402043e-07,0
15318,-9.004473895402043e-07,0
15319,-9.004473895402043e-07,0
15320,-0.22738473183642327,0
15321,-9.004473895402043e-07,0
15322,-9.004473895402043e-07,0
15323,-9.004473895402043e-07,0
15324,-9.004473895402043e-07,0
15325,-9.004473895402043e-07,0
15326,-9.004473895402043e-07,0
15327,-9.004473895402043e-07,0
15328,-9.004473895402043e-07,0
15329,-9.004473895402043e-07,0
15330,-0.0042875259291577095,0
15331,-0.316269061998355,0
15332,-9.004473895402043e-07,0
15333,-9.004473895402043e-07,0
15334,-9.004473895402043e-07,0
15335,-9.004473895402043e-07,0
15336,-9.004473895402043e-07,0
15337,-9.004473895402043e-07,0
15338,-9.004473895402043e-07,0
15339,-0.0042875259291577095,0
15340,-9.004473895402043e-07,0
15341,-9.004473895402043e-07,0
15342,-0.24242546600430614,0
15343,-9.004473895402043e-07,0
15344,-9.004473895402043e-07,0
15345,-9.004473895402043e-07,0
15346,-9.004473895402043e-07,0
15347,-9.004473895402043e-07,0
15348,-9.004473895402043e-07,0
15349,-9.004473895402043e-07,0
15350,-9.004473895402043e-07,0
15351,-0.31483240987734007,0
15352,-9.004473895402043e-07,0
15353,-9.004473895402043e-07,0
15354,-9.004473895402043e-07,0
15355,-9.004473895402043e-07,0
15356,-9.004473895402043e-07,0
15357,-9.004473895402043e-07,0
15358,-9.004473895402043e-07,0
15359,-9.004473895402043e-07,0
15360,-0.3177339044805194,0
15361,-9.004473895402043e-07,0
15362,-9.004473895402043e-07,0
15363,-9.004473895402043e-07,0
15364,-0.0042875259291577095,0
15365,-9.004473895402043e-07,0
15366,-9.004473895402043e-07,0
15367,-9.004473895402043e-07,0
15368,-9.004473895402043e-07,0
15369,-0.3021598079153591,0
15370,-9.004473895402043e-07,0
15371,-9.004473895402043e-07,0
15372,-9.004473895402043e-07,0
15373,-0.0042875259291577095,0
15374,-9.004473895402043e-07,0
15375,-9.004473895402043e-07,0
15376,-9.004473895402043e-07,0
15377,-9.004473895402043e-07,0
15378,-0.2781097839121003,0
15379,-9.004473895402043e-07,0
15380,-9.004473895402043e-07,0
15381,-9.004473895402043e-07,0
15382,-9.004473895402043e-07,0
15383,-9.004473895402043e-07,0
15384,-9.004473895402043e-07,0
15385,-9.004473895402043e-07,0
15386,-9.004473895402043e-07,0
15387,-0.352707639460732,0
15388,-9.004473895402043e-07,0
15389,-9.004473895402043e-07,0
15390,-9.004473895402043e-07,0
15391,-9.004473895402043e-07,0
15392,-9.004473895402043e-07,0
15393,-9.004473895402043e-07,0
15394,-9.004473895402043e-07,0
15395,-9.004473895402043e-07,0
15396,-0.0042875259291577095,0
15397,-0.3511910817419448,0
15398,-9.004473895402043e-07,0
15399,-9.004473895402043e-07,0
15400,-9.004473895402043e-07,0
15401,-9.004473895402043e-07,0
15402,-0.0042875259291577095,0
15403,-9.004473895402043e-07,0
15404,-9.004473895402043e-07,0
15405,-9.004473895402043e-07,0
15406,-9.004473895402043e-07,0
15407,-0.2718963689217162,0
15408,-9.004473895402043e-07,0
15409,-9.004473895402043e-07,0
15410,-9.004473895402043e-07,0
15411,-9.004473895402043e-07,0
15412,-9.004473895402043e-07,0
15413,-9.004473895402043e-07,0
15414,-9.004473895402043e-07,0
15415,-9.004473895402043e-07,0
15416,-9.004473895402043e-07,0
15417,-0.1641230058014571,0
15418,-9.004473895402043e-07,0
15419,-9.004473895402043e-07,0
15420,-9.004473895402043e-07,0
15421,-9.004473895402043e-07,0
15422,-9.004473895402043e-07,0
15423,-9.004473895402043e-07,0
15424,-9.004473895402043e-07,0
15425,-9.004473895402043e-07,0
15426,0.10572613902991179,1
15427,-9.004473895402043e-07,0
15428,-9.004473895402043e-07,0
15429,-9.004473895402043e-07,0
15430,-9.004473895402043e-07,0
15431,-0.0042875259291577095,0
15432,-9.004473895402043e-07,0
15433,-9.004473895402043e-07,0
15434,-9.004473895402043e-07,0
15435,-9.004473895402043e-07,0
15436,-0.3428100624412309,0
15437,-9.004473895402043e-07,0
15438,-9.004473895402043e-07,0
15439,-9.004473895402043e-07,0
15440,-9.004473895402043e-07,0
15441,-9.004473895402043e-07,0
15442,-9.004473895402043e-07,0
15443,-9.004473895402043e-07,0
15444,-9.004473895402043e-07,0
15445,-9.004473895402043e-07,0
15446,-0.34676020848121425,0
15447,-9.004473895402043e-07,0
15448,-9.004473895402043e-07,0
15449,-9.004473895402043e-07,0
15450,-9.004473895402043e-07,0
15451,-0.3021900649592908,0
15452,-9.004473895402043e-07,0
15453,-9.004473895402043e-07,0
15454,-9.004473895402043e-07,0
15455,-9.004473895402043e-07,0
15456,-9.004473895402043e-07,0
15457,-9.004473895402043e-07,0
15458,-9.004473895402043e-07,0
15459,-9.004473895402043e-07,0
15460,-9.004473895402043e-07,0
15461,-0.35222802980479173,0
15462,-9.004473895402043e-07,0
15463,-9.004473895402043e-07,0
15464,-9.004473895402043e-07,0
15465,-9.004473895402043e-07,0
15466,-9.004473895402043e-07,0
15467,-9.004473895402043e-07,0
15468,-9.004473895402043e-07,0
15469,-9.004473895402043e-07,0
15470,-9.004473895402043e-07,0
15471,-0.25195956759114324,0
15472,-9.004473895402043e-07,0
15473,-9.004473895402043e-07,0
15474,-9.004473895402043e-07,0
15475,-9.004473895402043e-07,0
15476,-9.004473895402043e-07,0
15477,-9.004473895402043e-07,0
15478,-9.004473895402043e-07,0
15479,-9.004473895402043e-07,0
15480,-9.004473895402043e-07,0
15481,-0.3488062734893447,0
15482,-9.004473895402043e-07,0
15483,-9.004473895402043e-07,0
15484,-9.004473895402043e-07,0
15485,-0.15127415798031052,0
15486,-9.004473895402043e-07,0
15487,-9.004473895402043e-07,0
15488,-9.004473895402043e-07,0
15489,-9.004473895402043e-07,0
15490,-0.0042875259291577095,0
15491,-9.004473895402043e-07,0
15492,-9.004473895402043e-07,0
15493,-9.004473895402043e-07,0
15494,-9.004473895402043e-07,0
15495,-0.2655191138740065,0
15496,-9.004473895402043e-07,0
15497,-9.004473895402043e-07,0
15498,-9.004473895402043e-07,0
15499,-9.004473895402043e-07,0
15500,-0.06932707116163783,0
15501,-9.004473895402043e-07,0
15502,-9.004473895402043e-07,0
15503,-9.004473895402043e-07,0
15504,-9.004473895402043e-07,0
15505,-0.31182727772716134,0
15506,-0.26329453881032805,0
15507,-9.004473895402043e-07,0
15508,-9.004473895402043e-07,0
15509,-9.004473895402043e-07,0
15510,-9.004473895402043e-07,0
15511,-0.23750304684256207,0
15512,-9.004473895402043e-07,0
15513,-9.004473895402043e-07,0
15514,-9.004473895402043e-07,0
15515,-9.004473895402043e-07,0
15516,-0.3340461858750814,0
15517,-9.004473895402043e-07,0
15518,-9.004473895402043e-07,0
15519,-9.004473895402043e-07,0
15520,-9.004473895402043e-07,0
15521,-0.3232009035740475,0
15522,-9.004473895402043e-07,0
15523,-9.004473895402043e-07,0
15524,-9.004473895402043e-07,0
15525,-9.004473895402043e-07,0
15526,-0.2448478339446183,0
15527,-9.004473895402043e-07,0
15528,-9.004473895402043e-07,0
15529,-9.004473895402043e-07,0
15530,-9.004473895402043e-07,0
15531,-0.3148049806684412,0
15532,-9.004473895402043e-07,0
15533,-9.004473895402043e-07,0
15534,-9.004473895402043e-07,0
15535,-9.004473895402043e-07,0
15536,-0.2610793377277787,0
15537,-9.004473895402043e-07,0
15538,-9.004473895402043e-07,0
15539,-9.004473895402043e-07,0
15540,-0.0042875259291577095,0
15541,-0.27807581099943945,0
15542,-9.004473895402043e-07,0
15543,-9.004473895402043e-07,0
15544,-9.004473895402043e-07,0
15545,-9.004473895402043e-07,0
15546,-0.31770723925899347,0
15547,-9.004473895402043e-07,0
15548,-9.004473895402043e-07,0
15549,-9.004473895402043e-07,0
15550,-9.004473895402043e-07,0
