Index,Reconstruction_Error,Anomaly_Label
0,4.626443846920429e-05,Normal
1,4.193201293269331e-05,Normal
2,3.700726595134908e-05,Normal
3,0.00015422087570256688,Normal
4,0.00015238066970576966,Normal
5,0.0001410523420250836,Normal
6,0.00014715371628993884,Normal
7,0.00012137750307199984,Normal
8,0.00011190708966849875,Normal
9,0.00022007944957868215,Normal
10,0.00021725183828886474,Normal
11,0.00019635115302631215,Normal
12,0.00020765145634122525,Normal
13,0.00012137750307199984,Normal
14,0.00011190708966849875,Normal
15,0.00013371998066115815,Normal
16,0.0001300923865641288,Normal
17,0.00011074715888975773,Normal
18,0.0001200846725663845,Normal
19,4.193201293269331e-05,Normal
20,3.700726595134908e-05,Normal
21,0.00015422087570256688,Normal
22,0.00015238066970576966,Normal
23,0.0001410523420250836,Normal
24,0.00014715371628993884,Normal
25,0.00012137750307199984,Normal
26,0.00011190708966849875,Normal
27,0.00022007944957868215,Normal
28,0.00021725183828886474,Normal
29,0.00019635115302631215,Normal
30,0.00020765159742863732,Normal
31,0.00012137737561765033,Normal
32,0.00011190708966849875,Normal
33,0.00013371998066115815,Normal
34,0.0001300923865641288,Normal
35,0.00011074715888975773,Normal
36,0.0001200846725663845,Normal
37,4.193201293269331e-05,Normal
38,3.700726595134908e-05,Normal
39,2.978257542190316e-05,Normal
40,2.7426994177159733e-05,Normal
41,1.856229415940598e-05,Normal
42,2.4280159574712173e-05,Normal
43,1.190643805496348e-05,Normal
44,1.190643805496348e-05,Normal
45,0.00013777014781641092,Normal
46,0.00013741816678962407,Normal
47,0.0001345389256496306,Normal
48,0.00013045528320872798,Normal
49,0.00012137750307199984,Normal
50,0.00011190708966849875,Normal
51,9.708945702866241e-05,Normal
52,0.00011642826480791361,Normal
53,9.808749715205334e-05,Normal
54,0.00010770051456190615,Normal
55,3.300348989542354e-05,Normal
56,2.9791483334883045e-05,Normal
57,2.6063133126991596e-05,Normal
58,7.529883696457521e-05,Normal
59,7.358645107696033e-05,Normal
60,6.547027227356151e-05,Normal
61,6.991838502293189e-05,Normal
62,5.715924263759692e-05,Normal
63,5.1064344836000044e-05,Normal
64,0.00016605192979617269,Normal
65,0.00016393509377232463,Normal
66,0.0001505337401971976,Normal
67,0.00015803611253637108,Normal
68,0.00012137750307199984,Normal
69,0.00011190708966849875,Normal
70,0.00010922039696084323,Normal
71,0.00018045809492907408,Normal
72,0.00016192880147041668,Normal
73,0.00017301193790811805,Normal
74,9.225645048553565e-05,Normal
75,8.264449398922881e-05,Normal
76,7.286202843504887e-05,Normal
77,0.00018458506163403565,Normal
78,0.00017788770680923503,Normal
79,0.00016655485867568862,Normal
80,0.00017162281060201313,Normal
81,0.00012137750307199984,Normal
82,0.00011190708966849875,Normal
83,0.00013371998066115815,Normal
84,0.00016772149782512386,Normal
85,0.0001487490578554608,Normal
86,0.00015934607529950883,Normal
87,7.774526474313655e-05,Normal
88,6.742374316550058e-05,Normal
89,5.698502125767022e-05,Normal
90,4.601583476309607e-05,Normal
91,0.00016322603392823006,Normal
92,0.00016073754557754044,Normal
93,0.00015152967439425509,Normal
94,0.0001304552365780631,Normal
95,0.00012137737561765033,Normal
96,0.00011190708966849875,Normal
97,0.0002820280304616272,Normal
98,0.00027961014229524537,Normal
99,0.00025779276271673457,Normal
100,0.00027013356728855276,Normal
101,0.00017963516668038907,Normal
102,0.00016803003740676242,Normal
103,0.00022229637552143808,Normal
104,0.00021857003929524085,Normal
105,0.00019320169705030397,Normal
106,0.0002060230246078354,Normal
107,7.547602771122434e-05,Normal
108,6.823422536500134e-05,Normal
109,0.00018097231050590492,Normal
110,0.0001786162787197929,Normal
111,0.000163156085906038,Normal
112,0.00017162281060201313,Normal
113,0.00012137750307199984,Normal
114,0.00011190708966849875,Normal
115,0.00010922039696084323,Normal
116,0.00010528402210202845,Normal
117,8.658865098569611e-05,Normal
118,0.00013543647200666532,Normal
119,5.830871224744665e-05,Normal
120,5.445089199514889e-05,Normal
121,4.8760527160354486e-05,Normal
122,4.320902437679056e-05,Normal
123,3.418265448735171e-05,Normal
124,0.00022117470609808008,Normal
125,0.00021489923841013295,Normal
126,0.00020273538109783808,Normal
127,0.00020903601748857703,Normal
128,0.00017963516668038907,Normal
129,0.00016803003740676242,Normal
130,0.0002715389836098729,Normal
131,0.0002683124402595982,Normal
132,0.00024198597165584558,Normal
133,0.00025618579170998346,Normal
134,0.00012137750307199984,Normal
135,0.00011190708966849875,Normal
136,0.00013371998066115815,Normal
137,0.00016772149782512386,Normal
138,0.0001487490578554608,Normal
139,0.00015934607529950883,Normal
140,7.774526474313655e-05,Normal
141,6.742374316550058e-05,Normal
142,5.698502125767022e-05,Normal
143,0.0004956624534621977,Normal
144,0.0004899524362327078,Normal
145,0.00048472172002046374,Normal
146,0.00046947700512868956,Normal
147,0.00042853471193306827,Normal
148,0.0004110951529649988,Normal
149,0.0005000075668614731,Normal
150,0.0004964211135653003,Normal
151,0.0004538678338916177,Normal
152,0.0004768211970064439,Normal
153,0.00012137750307199984,Normal
154,0.00011190708966849875,Normal
155,0.00022007944957868215,Normal
156,0.00021725183828886474,Normal
157,0.00019635115302631215,Normal
158,0.00020765159742863732,Normal
159,0.00012137737561765033,Normal
160,0.00011190708966849875,Normal
161,0.00022007944957868215,Normal
162,0.00021725183828886474,Normal
163,0.00019635115302631215,Normal
164,0.00020765145634122525,Normal
165,0.00012137750307199984,Normal
166,0.00011190708966849875,Normal
167,0.00022007944957868215,Normal
168,0.00021725183828886474,Normal
169,0.00019635115302631215,Normal
170,0.00020765145634122525,Normal
171,0.00012137750307199984,Normal
172,0.00011190708966849875,Normal
173,0.00022007944957868215,Normal
174,0.00021725183828886474,Normal
175,0.00019635115302631215,Normal
176,0.00020765145634122525,Normal
177,0.00012137750307199984,Normal
178,0.00011190708966849875,Normal
179,0.00022007944957868215,Normal
180,0.00021725183828886474,Normal
181,0.00019635115302631215,Normal
182,0.00020765145634122525,Normal
183,0.00012137750307199984,Normal
184,0.00011190708966849875,Normal
185,0.0002820280304616272,Normal
186,0.00027961014229524537,Normal
187,0.00025779276271673457,Normal
188,0.00027013356728855276,Normal
189,0.00017963516668038907,Normal
190,0.00016802996050460612,Normal
191,0.00033329411019125546,Normal
192,0.0003305770793876726,Normal
193,0.00030319354158008486,Normal
194,0.00031881377460721484,Normal
195,0.00017963516668038907,Normal
196,0.00016803003740676242,Normal
197,0.00018556552629901587,Normal
198,0.00018134251840354394,Normal
199,0.00015684553100141931,Normal
200,0.0001683269897595551,Normal
201,4.193201293269331e-05,Normal
202,3.700726595134908e-05,Normal
203,0.00015422087570256688,Normal
204,0.00015238066970576966,Normal
205,0.0001410523420250836,Normal
206,0.00014715371628993884,Normal
207,0.00012137750307199984,Normal
208,0.00011190708966849875,Normal
209,0.00022007944957868215,Normal
210,0.00021725183828886474,Normal
211,0.00019635115302631215,Normal
212,0.00020765145634122525,Normal
213,0.00012137750307199984,Normal
214,0.00011190708966849875,Normal
215,0.00015061757561630335,Normal
216,0.00014718889516353794,Normal
217,0.00012748747520336385,Normal
218,0.00013742758391774125,Normal
219,5.726295066767947e-05,Normal
220,5.1160125002689655e-05,Normal
221,6.485793542094999e-05,Normal
222,6.21266510316139e-05,Normal
223,5.030756059087428e-05,Normal
224,0.00018705080821732121,Normal
225,0.00015430604436398107,Normal
226,0.0001474893668063708,Normal
227,0.0003987808431881373,Normal
228,0.0003875458730106935,Normal
229,0.00036794026209147925,Normal
230,0.00039688249709510443,Normal
231,0.00036428361525588803,Normal
232,0.00033379879456413064,Normal
233,0.000459595629932646,Normal
234,0.0003597195346643993,Normal
235,0.0003234634567329261,Normal
236,0.0003785870094282832,Normal
237,0.0001726073145628258,Normal
238,0.00015442944249361915,Normal
239,0.00014933703545895403,Normal
240,0.00012201574033113391,Normal
241,9.97297359751372e-05,Normal
242,0.00014423345151535474,Normal
243,6.489450627804083e-05,Normal
244,5.496084179683877e-05,Normal
245,0.00019002276527015362,Normal
246,0.00016663402874937387,Normal
247,0.00015860658531705415,Normal
248,0.00027059944982149906,Normal
249,0.00025923921587897407,Normal
250,0.0002396079393746356,Normal
251,0.0003607048037516447,Normal
252,0.00032320202210913394,Normal
253,0.0002944012472504755,Normal
254,0.00042636004200110445,Normal
255,0.00032320212842673667,Normal
256,0.0002944012472504755,Normal
257,0.00042636061895167906,Normal
258,0.00032320202210913394,Normal
259,0.0002944012472504755,Normal
260,0.00042636061895167906,Normal
261,0.00032320202210913394,Normal
262,0.0002944012472504755,Normal
263,0.00042636061895167906,Normal
264,0.00032320202210913394,Normal
265,0.0002944012472504755,Normal
266,0.00042636061895167906,Normal
267,0.00032320202210913394,Normal
268,0.0002944012472504755,Normal
269,0.00042636061895167906,Normal
270,0.00032320202210913394,Normal
271,0.0002944012472504755,Normal
272,0.00042636061895167906,Normal
273,0.00032320202210913394,Normal
274,0.0002944012472504755,Normal
275,0.00042636061895167906,Normal
276,0.00032320202210913394,Normal
277,0.0002944012472504755,Normal
278,0.00042636061895167906,Normal
279,0.00032320202210913394,Normal
280,0.0002944012472504755,Normal
281,0.00029821185456203934,Normal
282,0.00022337384806861747,Normal
283,0.0002518864473358308,Normal
284,0.00038516001799001096,Normal
285,0.00041910369664309704,Normal
286,0.0005228833893843902,Normal
287,0.0006153120434989224,Normal
288,0.0005863841884160446,Normal
289,0.000686122483290723,Normal
290,0.0009249927942501267,Anomaly
291,0.0008869306604928906,Anomaly
292,0.0011070754921934523,Anomaly
293,0.0010430452563151198,Anomaly
294,0.0009839081317548587,Anomaly
295,0.000991822062034926,Anomaly
296,0.0009887138539846536,Anomaly
297,0.0010371024198440185,Anomaly
298,0.0010638189675230936,Anomaly
299,0.0010944858779336573,Anomaly
300,0.0009180077718927964,Anomaly
301,0.0008948272243434173,Anomaly
302,0.0008669373598447034,Anomaly
303,0.0018316138689046402,Anomaly
304,0.0019427701434612285,Anomaly
305,0.0018845487618580382,Anomaly
306,0.001887153847860815,Anomaly
307,0.0018681273795224586,Anomaly
308,0.002190942830005361,Anomaly
309,0.0020258680456237167,Anomaly
310,0.0019060384433345987,Anomaly
311,0.0018034726614507338,Anomaly
312,0.0017294458843868186,Anomaly
313,0.0008886287697039681,Anomaly
314,0.0007103549364776928,Normal
315,0.0007779026381557562,Normal
316,0.0006569273657305827,Normal
317,0.000588754035247258,Normal
318,0.001178810575831401,Anomaly
319,0.0011693212423792292,Anomaly
320,0.0011300784538087834,Anomaly
321,0.0011421711108697721,Anomaly
322,0.0010083389981467086,Anomaly
323,0.0009719089129487006,Anomaly
324,0.0009565058744412464,Anomaly
325,0.0008538489879146592,Anomaly
326,0.001231975787031994,Anomaly
327,0.0012848938112076146,Anomaly
328,0.0004559314044074762,Normal
329,0.0004482662962379886,Normal
330,0.00042853471193306827,Normal
331,0.0004110951529649988,Normal
332,0.0003799592056349634,Normal
333,0.00037358653725433723,Normal
334,0.0005189139559804458,Normal
335,0.0005463599537642461,Normal
336,0.0001962598847389958,Normal
337,0.00019122651623943273,Normal
338,0.00017963516668038907,Normal
339,0.00016803003740676242,Normal
340,0.00014927863519738368,Normal
341,0.00014435985288308376,Normal
342,0.0002453998171308953,Normal
343,0.0002620436918183275,Normal
344,0.0001345389256496306,Normal
345,0.00013045528320872798,Normal
346,0.00012137750307199984,Normal
347,0.00011190708966849875,Normal
348,9.708945702866241e-05,Normal
349,9.292794327006751e-05,Normal
350,0.000199741887602241,Normal
351,0.000213785086736926,Normal
352,0.0001345389256496306,Normal
353,0.00013045528320872798,Normal
354,0.00012137750307199984,Normal
355,0.00011190708966849875,Normal
356,9.708945702866241e-05,Normal
357,9.292794327006751e-05,Normal
358,8.737398641364824e-05,Normal
359,9.638488896174728e-05,Normal
360,2.3935005383711e-05,Normal
361,2.285679353219826e-05,Normal
362,2.0740339696658147e-05,Normal
363,1.823164180106103e-05,Normal
364,1.4666528031738485e-05,Normal
365,1.3412114752587921e-05,Normal
366,4.691918168336013e-05,Normal
367,5.142336463640133e-05,Normal
368,4.8371444740848005e-05,Normal
369,4.626443846920429e-05,Normal
370,4.193201293269331e-05,Normal
371,3.700726595134908e-05,Normal
372,2.978257542190316e-05,Normal
373,2.7426994177159733e-05,Normal
374,0.00047022626386883604,Normal
375,0.00048359120673569666,Normal
376,0.0004559314044074762,Normal
377,0.0004482662962379886,Normal
378,0.00042853471193306827,Normal
379,0.0004110951529649988,Normal
380,0.0003799592056349634,Normal
381,0.00037358653725433723,Normal
382,0.0005929663439868276,Normal
383,0.0006233878000552817,Normal
384,0.0002703930082764434,Normal
385,0.0002644522130316214,Normal
386,0.00025024821294624116,Normal
387,0.00023660233505219149,Normal
388,0.00021382157920883673,Normal
389,0.00020828090778516172,Normal
390,0.00019255620187314158,Normal
391,0.0002048947736488461,Normal
392,2.3935005383711e-05,Normal
393,2.285679353219826e-05,Normal
394,2.0740339696658147e-05,Normal
395,1.823164180106103e-05,Normal
396,1.4666528031738485e-05,Normal
397,1.3412114752587921e-05,Normal
398,2.1708475718331003e-05,Normal
399,2.5796738389707418e-05,Normal
400,2.3935005383711e-05,Normal
401,2.285679353219826e-05,Normal
402,2.0740339696658147e-05,Normal
403,1.823164180106103e-05,Normal
404,1.4666528031738485e-05,Normal
405,1.3412114752587921e-05,Normal
406,0.0002727147075067913,Normal
407,0.00027913284815453524,Normal
408,0.0002703930082764434,Normal
409,0.0002644522130316214,Normal
410,0.00025024821294624116,Normal
411,0.00023660233505219149,Normal
412,0.00021382157920883673,Normal
413,0.00020828090778516172,Normal
414,0.00019255639829827327,Normal
415,0.00020489494826660565,Normal
416,2.3935005383711e-05,Normal
417,2.285679353219826e-05,Normal
418,2.0740339696658147e-05,Normal
419,1.823164180106103e-05,Normal
420,1.4666528031738485e-05,Normal
421,1.3412114752587921e-05,Normal
422,2.1708475718331003e-05,Normal
423,2.5796738389707418e-05,Normal
424,2.3935005383711e-05,Normal
425,2.285679353219826e-05,Normal
426,2.0740339696658147e-05,Normal
427,1.823164180106103e-05,Normal
428,1.4666528031738485e-05,Normal
429,1.3412114752587921e-05,Normal
430,0.0001347844184909506,Normal
431,0.0001402348523352743,Normal
432,0.0001345389256496306,Normal
433,0.00013045528320872798,Normal
434,0.00012137750307199984,Normal
435,0.00011190708966849875,Normal
436,9.708945702866241e-05,Normal
437,9.292794327006751e-05,Normal
438,0.0001997419544382,Normal
439,0.00021378491827928682,Normal
440,0.0001345389256496306,Normal
441,0.00013045528320872798,Normal
442,0.00012137750307199984,Normal
443,0.00011190708966849875,Normal
444,9.708945702866241e-05,Normal
445,9.292794327006751e-05,Normal
446,0.000199741887602241,Normal
447,0.000213785086736926,Normal
448,0.0001345389256496306,Normal
449,0.00013045528320872798,Normal
450,0.00012137750307199984,Normal
451,0.00011190708966849875,Normal
452,9.708945702866241e-05,Normal
453,9.292794327006751e-05,Normal
454,0.0001997419544382,Normal
455,0.00021378491827928682,Normal
456,0.0001345389256496306,Normal
457,0.00013045528320872798,Normal
458,0.00012137750307199984,Normal
459,0.00011190708966849875,Normal
460,9.708945702866241e-05,Normal
461,9.292794327006751e-05,Normal
462,0.0001997419544382,Normal
463,0.00021378491827928682,Normal
464,0.0001345389256496306,Normal
465,0.00013045528320872798,Normal
466,0.00012137750307199984,Normal
467,0.00011190708966849875,Normal
468,9.708945702866241e-05,Normal
469,9.292794327006751e-05,Normal
470,0.0001997419544382,Normal
471,0.00021378491827928682,Normal
472,0.0001345389256496306,Normal
473,0.00013045528320872798,Normal
474,0.00012137750307199984,Normal
475,0.00011190708966849875,Normal
476,9.708945702866241e-05,Normal
477,9.292794327006751e-05,Normal
478,0.000199741887602241,Normal
479,0.000213785086736926,Normal
480,0.0001345389256496306,Normal
481,0.00013045528320872798,Normal
482,0.00012137750307199984,Normal
483,0.00011190708966849875,Normal
484,9.708945702866241e-05,Normal
485,9.292794327006751e-05,Normal
486,0.0001997419544382,Normal
487,0.00021378491827928682,Normal
488,0.0001345389256496306,Normal
489,0.00013045528320872798,Normal
490,0.00012137750307199984,Normal
491,0.00011190708966849875,Normal
492,9.708945702866241e-05,Normal
493,9.292794327006751e-05,Normal
494,0.0001997419544382,Normal
495,0.00021378491827928682,Normal
496,0.0001345389256496306,Normal
497,0.00013045528320872798,Normal
498,0.00012137750307199984,Normal
499,0.00011190708966849875,Normal
500,9.708945702866241e-05,Normal
501,9.292794327006751e-05,Normal
502,0.0001997419544382,Normal
503,0.00021378491827928682,Normal
504,0.0001345389256496306,Normal
505,0.00013045528320872798,Normal
506,0.00012137750307199984,Normal
507,0.00011190708966849875,Normal
508,9.708945702866241e-05,Normal
509,9.292794327006751e-05,Normal
510,0.000199741887602241,Normal
511,0.000213785086736926,Normal
512,0.0001345389256496306,Normal
513,0.00013045528320872798,Normal
514,0.00012137750307199984,Normal
515,0.00011190708966849875,Normal
516,9.708945702866241e-05,Normal
517,9.292794327006751e-05,Normal
518,0.00014979329316034925,Normal
519,0.00016213361317282094,Normal
520,8.524496231635914e-05,Normal
521,8.213106531798465e-05,Normal
522,7.547602771122434e-05,Normal
523,6.823422536500134e-05,Normal
524,5.725673642110327e-05,Normal
525,5.3951629011662505e-05,Normal
526,0.00011633905867394286,Normal
527,0.00012646341234820674,Normal
528,8.524496231635914e-05,Normal
529,8.213106531798465e-05,Normal
530,7.547602771122434e-05,Normal
531,6.823422536500134e-05,Normal
532,5.725673642110327e-05,Normal
533,5.3951629011662505e-05,Normal
534,0.00011633905867394286,Normal
535,0.00012646341234820674,Normal
536,8.524496231635914e-05,Normal
537,8.213106531798465e-05,Normal
538,7.547602771122434e-05,Normal
539,6.823422536500134e-05,Normal
540,5.725673642110327e-05,Normal
541,5.3951629011662505e-05,Normal
542,0.00011633870901789439,Normal
543,0.00012646330613103103,Normal
544,8.524496231635914e-05,Normal
545,8.213106531798465e-05,Normal
546,7.547602771122434e-05,Normal
547,6.823422536500134e-05,Normal
548,5.725673642110327e-05,Normal
549,5.3951629011662505e-05,Normal
550,7.868669143664816e-05,Normal
551,8.741650885434247e-05,Normal
552,4.8371444740848005e-05,Normal
553,4.626443846920429e-05,Normal
554,4.193201293269331e-05,Normal
555,3.700726595134908e-05,Normal
556,2.978257542190316e-05,Normal
557,2.7426994177159733e-05,Normal
558,5.6520661685091235e-05,Normal
559,6.39643962694851e-05,Normal
560,4.8371444740848005e-05,Normal
561,4.626443846920429e-05,Normal
562,4.193201293269331e-05,Normal
563,3.700726595134908e-05,Normal
564,2.978257542190316e-05,Normal
565,2.7426994177159733e-05,Normal
566,0.00014436332310068352,Normal
567,0.00015375556287441398,Normal
568,0.0001345389256496306,Normal
569,0.00013045528320872798,Normal
570,0.00012137750307199984,Normal
571,0.00011190708966849875,Normal
572,9.708945702866241e-05,Normal
573,9.292794327006751e-05,Normal
574,0.000199741887602241,Normal
575,0.000213785086736926,Normal
576,0.0001345389256496306,Normal
577,0.00013045528320872798,Normal
578,0.00012137750307199984,Normal
579,0.00011190708966849875,Normal
580,9.708945702866241e-05,Normal
581,9.292794327006751e-05,Normal
582,0.00014979329316034925,Normal
583,0.00016213361317282094,Normal
584,8.524496231635914e-05,Normal
585,8.213106531798465e-05,Normal
586,7.547602771122434e-05,Normal
587,6.823422536500134e-05,Normal
588,5.725673642110327e-05,Normal
589,5.3951629011662505e-05,Normal
590,7.868669143664816e-05,Normal
591,8.741650885434247e-05,Normal
592,4.8371444740848005e-05,Normal
593,4.626443846920429e-05,Normal
594,4.193201293269331e-05,Normal
595,3.700726595134908e-05,Normal
596,2.978257542190316e-05,Normal
597,2.7426994177159733e-05,Normal
598,5.6520661685091235e-05,Normal
599,6.39643962694851e-05,Normal
600,4.8371444740848005e-05,Normal
601,4.626443846920429e-05,Normal
602,4.193201293269331e-05,Normal
603,3.700726595134908e-05,Normal
604,2.978257542190316e-05,Normal
605,2.7426994177159733e-05,Normal
606,5.6520685224045874e-05,Normal
607,6.39643444711281e-05,Normal
608,4.8371444740848005e-05,Normal
609,4.626443846920429e-05,Normal
610,4.193201293269331e-05,Normal
611,3.700726595134908e-05,Normal
612,2.978257542190316e-05,Normal
613,2.7426994177159733e-05,Normal
614,1.856229415940598e-05,Normal
615,2.4280159574712173e-05,Normal
616,2.4663699630386215e-05,Normal
617,0.00015065330669317313,Normal
618,0.00015010190937060037,Normal
619,0.00014614720488034173,Normal
620,0.00016459889878298558,Normal
621,0.00015193920284404974,Normal
622,0.00013918014335032443,Normal
623,0.0001744665159716345,Normal
624,0.00016365093086521438,Normal
625,0.00014474450621545268,Normal
626,0.0001483502761030296,Normal
627,6.368111619064329e-05,Normal
628,5.152373530343051e-05,Normal
629,0.00017658380493063803,Normal
630,0.00016393509377232463,Normal
631,0.0001505337401971976,Normal
632,0.00015803611253637108,Normal
633,0.00012137750307199984,Normal
634,0.00011190708966849875,Normal
635,0.00019379785460841946,Normal
636,0.00019549480114078427,Normal
637,0.00017509609904143886,Normal
638,0.00018610719808997582,Normal
639,0.00010118804963149203,Normal
640,9.136219586653574e-05,Normal
641,0.00017522773883025546,Normal
642,0.00016971128595890216,Normal
643,0.0001525818418047194,Normal
644,0.00015853189859951555,Normal
645,9.706759306403535e-05,Normal
646,0.00014308418841414355,Normal
647,0.0001520328296833855,Normal
648,0.00014857444224505793,Normal
649,0.00012925659602644156,Normal
650,0.0001356201854676536,Normal
651,6.913047095683406e-05,Normal
652,8.191898373426695e-05,Normal
653,7.160014072048189e-05,Normal
654,6.018647842722452e-05,Normal
655,5.7778843552644174e-05,Normal
656,3.641927347960569e-05,Normal
657,2.6063133126991596e-05,Normal
658,9.556358435862462e-05,Normal
659,9.39111716637398e-05,Normal
660,8.544711008855066e-05,Normal
661,8.982631667360093e-05,Normal
662,7.547602771122434e-05,Normal
663,6.823422536500134e-05,Normal
664,5.725673642110327e-05,Normal
665,5.3951629011662505e-05,Normal
666,4.0737314063200935e-05,Normal
667,0.00017828167865909013,Normal
668,0.00013741816678962407,Normal
669,0.0001345389256496306,Normal
670,0.0001304552365780631,Normal
671,0.00012137737561765033,Normal
672,0.00011190708966849875,Normal
673,9.708945702866241e-05,Normal
674,9.292794327006751e-05,Normal
675,7.482267727649007e-05,Normal
676,0.00021399793736983394,Normal
677,0.00013741816678962407,Normal
678,0.0001345389256496306,Normal
679,0.00013045528320872798,Normal
680,0.00012137750307199984,Normal
681,0.00011190708966849875,Normal
682,9.708945702866241e-05,Normal
683,9.292794327006751e-05,Normal
684,7.482267727649007e-05,Normal
685,0.00021399793736983394,Normal
686,0.00013741816678962407,Normal
687,0.0001345389256496306,Normal
688,0.00013045528320872798,Normal
689,0.00012137750307199984,Normal
690,0.00011190708966849875,Normal
691,9.708945702866241e-05,Normal
692,9.292794327006751e-05,Normal
693,7.482267727649007e-05,Normal
694,0.00014099652366134503,Normal
695,7.96754457258743e-05,Normal
696,8.293965729785482e-05,Normal
697,7.964659952817505e-05,Normal
698,7.349261227027377e-05,Normal
699,6.43367244909999e-05,Normal
700,5.248147038528841e-05,Normal
701,4.440383910566891e-05,Normal
702,3.1004996842991415e-05,Normal
703,3.0654615140184594e-05,Normal
704,9.6827416253705e-06,Normal
705,3.509813306382898e-05,Normal
706,4.0342460287313216e-05,Normal
707,3.948241968545108e-05,Normal
708,5.018503169085398e-05,Normal
709,5.9355367862892156e-05,Normal
710,5.375921513633707e-05,Normal
711,4.568921917406964e-05,Normal
712,3.923407613986943e-05,Normal
713,2.7555694448425776e-05,Normal
714,2.5004207842728156e-05,Normal
715,1.5890246771268135e-05,Normal
716,1.1266682337588722e-05,Normal
717,2.299942451942121e-05,Normal
718,2.5796738389707418e-05,Normal
719,9.944856178466053e-05,Normal
720,9.812752775885416e-05,Normal
721,9.384060139715824e-05,Normal
722,8.833547724324033e-05,Normal
723,7.80403829252077e-05,Normal
724,6.976758252679623e-05,Normal
725,5.474526208621816e-05,Normal
726,5.5635182736837155e-05,Normal
727,4.0737314063200935e-05,Normal
728,0.00017828167865909013,Normal
729,0.00013741816678962407,Normal
730,0.0001345389256496306,Normal
731,0.00013045528320872798,Normal
732,0.00012137750307199984,Normal
733,0.00011190708966849875,Normal
734,9.708921797128134e-05,Normal
735,9.292821571077828e-05,Normal
736,7.482267727649007e-05,Normal
737,0.00021399793736983394,Normal
738,0.00013741816678962407,Normal
739,0.0001345389256496306,Normal
740,0.00013045528320872798,Normal
741,0.00012137750307199984,Normal
742,0.00011190708966849875,Normal
743,9.708945702866241e-05,Normal
744,9.292794327006751e-05,Normal
745,7.482267727649007e-05,Normal
746,0.00021399793736983394,Normal
747,0.00013741816678962407,Normal
748,0.0001345389256496306,Normal
749,0.00013045528320872798,Normal
750,0.00012137750307199984,Normal
751,0.00011190708966849875,Normal
752,9.708945702866241e-05,Normal
753,9.292794327006751e-05,Normal
754,7.482267727649007e-05,Normal
755,8.772623627118699e-05,Normal
756,2.147263929871749e-05,Normal
757,3.398564475440792e-05,Normal
758,7.12658637113456e-05,Normal
759,6.936211928881734e-05,Normal
760,6.47442495646216e-05,Normal
761,5.828403206958992e-05,Normal
762,4.878479286571155e-05,Normal
763,3.8347204344401484e-05,Normal
764,2.9120092188870967e-05,Normal
765,2.4615955343731167e-05,Normal
766,1.9516374566065597e-05,Normal
767,0.00012684729639017778,Normal
768,0.00011077811111538168,Normal
769,0.00010833854112002787,Normal
770,0.00010473614942376559,Normal
771,9.688219851117847e-05,Normal
772,8.851423525590545e-05,Normal
773,7.562808771424486e-05,Normal
774,7.18944022881745e-05,Normal
775,5.623038119399547e-05,Normal
776,0.0002251429911152252,Normal
777,0.00016718844383577531,Normal
778,0.00016384764472169997,Normal
779,0.0001592839788638869,Normal
780,0.00014896219542436716,Normal
781,0.00013841228677026368,Normal
782,0.000121639698204231,Normal
783,0.0001170829176895565,Normal
784,0.0001089786163843527,Normal
785,0.00013261131608454372,Normal
786,3.676941052808298e-05,Normal
787,3.503145374006338e-05,Normal
788,3.226539107728687e-05,Normal
789,2.7272851841612018e-05,Normal
790,2.1842681890446105e-05,Normal
791,1.6507492178461747e-05,Normal
792,1.1266682337588722e-05,Normal
793,2.299942451942121e-05,Normal
794,3.898677860112376e-05,Normal
795,3.676941052808298e-05,Normal
796,3.503145374006338e-05,Normal
797,3.226539107728687e-05,Normal
798,2.7272856832496236e-05,Normal
799,2.1842747918373642e-05,Normal
800,1.6507492178461747e-05,Normal
801,1.1266682337588722e-05,Normal
802,8.692213891773503e-05,Normal
803,0.00010274667558010677,Normal
804,9.818149357532894e-05,Normal
805,9.420259194288204e-05,Normal
806,8.730157348807781e-05,Normal
807,7.710323579596875e-05,Normal
808,6.481389908650161e-05,Normal
809,5.694417241840345e-05,Normal
810,4.3539219692717764e-05,Normal
811,8.462993602551521e-05,Normal
812,9.031288627634875e-05,Normal
813,8.670603501105088e-05,Normal
814,8.300059464043098e-05,Normal
815,7.774526474313655e-05,Normal
816,6.742374316550058e-05,Normal
817,5.698502125767022e-05,Normal
818,4.601583476309607e-05,Normal
819,3.604834561285506e-05,Normal
820,3.124556868285144e-05,Normal
821,6.40530493682136e-05,Normal
822,8.767813759233603e-05,Normal
823,8.670603501105088e-05,Normal
824,8.300059464043098e-05,Normal
825,7.774526474313655e-05,Normal
826,6.742374316550058e-05,Normal
827,5.698502125767022e-05,Normal
828,4.601583476309607e-05,Normal
829,3.604834561285506e-05,Normal
830,0.00022480037105339668,Normal
831,0.0002174333814140472,Normal
832,0.0001962598847389958,Normal
833,0.00019122651623943273,Normal
834,0.00017963516668038907,Normal
835,0.00016803003740676242,Normal
836,0.00014927863519738368,Normal
837,0.00014435985288308376,Normal
838,0.00019567828227947228,Normal
839,0.00021030869688325567,Normal
840,8.524496231635914e-05,Normal
841,8.213106531798465e-05,Normal
842,7.547602771122434e-05,Normal
843,6.823422536500134e-05,Normal
844,5.725673642110327e-05,Normal
845,5.3951629011662505e-05,Normal
846,7.868669143664816e-05,Normal
847,8.741650885434247e-05,Normal
848,4.8371444740848005e-05,Normal
849,4.626443846920429e-05,Normal
850,4.193201293269331e-05,Normal
851,3.700726595134908e-05,Normal
852,2.978257542190316e-05,Normal
853,2.7426994177159733e-05,Normal
854,1.856229415940598e-05,Normal
855,0.0001540382789819128,Normal
856,0.00013741816678962407,Normal
857,0.0001345389256496306,Normal
858,0.00013045528320872798,Normal
859,0.00012137750307199984,Normal
860,0.00011190708966849875,Normal
861,0.00017064368850085878,Normal
862,0.00016741371278310087,Normal
863,0.0001473351205893842,Normal
864,0.00015763502915085062,Normal
865,7.547602771122434e-05,Normal
866,6.823422536500134e-05,Normal
867,0.00013134384728211802,Normal
868,0.0001286917930905271,Normal
869,0.00011391883439373061,Normal
870,0.00012175219613261047,Normal
871,7.547602771122434e-05,Normal
872,6.823422536500134e-05,Normal
873,0.00018097231050590492,Normal
874,0.0001786162787197929,Normal
875,0.000163156085906038,Normal
876,0.00017162281060201313,Normal
877,0.00012137750307199984,Normal
878,0.00011190708966849875,Normal
879,0.00022007944957868215,Normal
880,0.00021725183828886474,Normal
881,0.00019635115302631215,Normal
882,0.00020765145634122525,Normal
883,0.00012137750307199984,Normal
884,0.00011190708966849875,Normal
885,0.00022007944957868215,Normal
886,0.00021725183828886474,Normal
887,0.00019635115302631215,Normal
888,0.00020765145634122525,Normal
889,0.00012137750307199984,Normal
890,0.00011190708966849875,Normal
891,0.00022007944957868215,Normal
892,0.00021725183828886474,Normal
893,0.00019635115302631215,Normal
894,0.00020765159742863732,Normal
895,0.00012137737561765033,Normal
896,0.00011190708966849875,Normal
897,0.00022007944957868215,Normal
898,0.00021725183828886474,Normal
899,0.00019635115302631215,Normal
900,0.00020765145634122525,Normal
901,0.00012137750307199984,Normal
902,0.00011190708966849875,Normal
903,0.00022007944957868215,Normal
904,0.00021725183828886474,Normal
905,0.00019635115302631215,Normal
906,0.00020765145634122525,Normal
907,0.00012137750307199984,Normal
908,0.00011190708966849875,Normal
909,0.00022007944957868215,Normal
910,0.00021725183828886474,Normal
911,0.00019635115302631215,Normal
912,0.00020765145634122525,Normal
913,0.00012137750307199984,Normal
914,0.00011190708966849875,Normal
915,9.708945702866241e-05,Normal
916,9.292794327006751e-05,Normal
917,7.482267727649007e-05,Normal
918,8.238426189094925e-05,Normal
919,1.190643805496348e-05,Normal
920,1.190643805496348e-05,Normal
921,1.190643805496348e-05,Normal
922,1.190643805496348e-05,Normal
923,1.190643805496348e-05,Normal
924,1.190643805496348e-05,Normal
925,0.0002004885512674014,Normal
926,0.00020008763963016732,Normal
927,0.0001962601688796277,Normal
928,0.00019122651623943273,Normal
929,0.00017963516668038907,Normal
930,0.00016803003740676242,Normal
931,0.0002715389836098729,Normal
932,0.0002683124402595982,Normal
933,0.00024198597165584558,Normal
934,0.00025618579170998346,Normal
935,0.00012137750307199984,Normal
936,0.00011190708966849875,Normal
937,0.00022007944957868215,Normal
938,0.00021725183828886474,Normal
939,0.00019635115302631215,Normal
940,0.00020765145634122525,Normal
941,0.00012137750307199984,Normal
942,0.00011190708966849875,Normal
943,0.00022007944957868215,Normal
944,0.00021725183828886474,Normal
945,0.00019635115302631215,Normal
946,0.00020765145634122525,Normal
947,0.00012137750307199984,Normal
948,0.00011190708966849875,Normal
949,0.00015061757561630335,Normal
950,0.00014718889516353794,Normal
951,0.00012748747520336385,Normal
952,0.0001627412895143837,Normal
953,8.040534044164052e-05,Normal
954,7.329552548274672e-05,Normal
955,6.247255011096756e-05,Normal
956,5.658326056646327e-05,Normal
957,4.2347137360318215e-05,Normal
958,0.0001747091217036677,Normal
959,0.00014395079998996325,Normal
960,0.0001347125451979877,Normal
961,0.00013898899663757107,Normal
962,0.00012137750307199984,Normal
963,0.00011190708966849875,Normal
964,0.00022007944957868215,Normal
965,0.00021725183828886474,Normal
966,0.00019635115302631215,Normal
967,0.00020765145634122525,Normal
968,0.00012137750307199984,Normal
969,0.00011190708966849875,Normal
970,0.00022007944957868215,Normal
971,0.00021725183828886474,Normal
972,0.00019635115302631215,Normal
973,0.00020765145634122525,Normal
974,0.00012137750307199984,Normal
975,0.00011190708966849875,Normal
976,0.00022007944957868215,Normal
977,0.00021725183828886474,Normal
978,0.00019635115302631215,Normal
979,0.00020765145634122525,Normal
980,0.00012137750307199984,Normal
981,0.00011190708966849875,Normal
982,0.00022007944957868215,Normal
983,0.00021725183828886474,Normal
984,0.00019635115302631215,Normal
985,0.00020765145634122525,Normal
986,0.00012137750307199984,Normal
987,0.00011190708966849875,Normal
988,0.00022007944957868215,Normal
989,0.00021725183828886474,Normal
990,0.00019635110058706918,Normal
991,0.00020765159742863732,Normal
992,0.00012137750307199984,Normal
993,0.00011190708966849875,Normal
994,0.00013371998066115815,Normal
995,0.0001300923865641288,Normal
996,0.00011074715888975773,Normal
997,0.00012021128378125474,Normal
998,4.203660988782738e-05,Normal
999,3.71038249533391e-05,Normal
1000,2.9857540123377118e-05,Normal
1001,2.746906728691424e-05,Normal
1002,9.418570737606048e-05,Normal
1003,0.00010255384385848625,Normal
1004,0.00016039779869607526,Normal
1005,0.00015691486228625325,Normal
1006,0.00027277845178225234,Normal
1007,0.0002619247317653049,Normal
1008,0.00031454095212590685,Normal
1009,0.00030097127086511845,Normal
1010,0.00045708163533398846,Normal
1011,0.00046162071093479583,Normal
1012,0.0004982272805271496,Normal
1013,0.0005036073960826234,Normal
1014,0.0004229076478214565,Normal
1015,0.0005040820828886164,Normal
1016,0.00037584002047940615,Normal
1017,0.00037592712416068187,Normal
1018,0.00041017340416078796,Normal
1019,0.0004216204169551107,Normal
1020,0.0002560842095974944,Normal
1021,0.00038864238019075314,Normal
1022,0.00028523237324706337,Normal
1023,0.00026712913244698454,Normal
1024,0.00038876930331735796,Normal
1025,0.00032320202210913394,Normal
1026,0.0002944012472504755,Normal
1027,0.000754911030574332,Normal
1028,0.0006460178677445499,Normal
1029,0.000612893130414343,Normal
1030,0.0010749861099800522,Anomaly
1031,0.0009474316561747884,Anomaly
1032,0.000908092064693526,Anomaly
1033,0.0015919029896545433,Anomaly
1034,0.0014556821262227823,Anomaly
1035,0.0013873170071197801,Anomaly
1036,0.0017735175881667974,Anomaly
1037,0.0013460559313623335,Anomaly
1038,0.0012807830504511385,Anomaly
1039,0.0013833141695935355,Anomaly
1040,0.0009717071244042128,Anomaly
1041,0.0009055568663871672,Anomaly
1042,0.0012072512620006147,Anomaly
1043,0.0006038012419052148,Normal
1044,0.0005571466085534077,Normal
1045,0.0008492420958495098,Anomaly
1046,0.0005483419488675415,Normal
1047,0.0005201311161421695,Normal
1048,0.0005532051396890715,Normal
1049,0.000477694351852971,Normal
1050,0.0004365118163947641,Normal
1051,0.00048414620649015426,Normal
1052,0.00027332976240185985,Normal
1053,0.0002392191539639597,Normal
1054,0.00029137225124857677,Normal
1055,9.409913777517448e-05,Normal
1056,7.982065043476275e-05,Normal
1057,9.35268107736997e-05,Normal
1058,8.186361151684386e-05,Normal
1059,6.848053456807852e-05,Normal
1060,0.00019706072277979846,Normal
1061,0.00017242797909258653,Normal
1062,0.0002810548544021689,Normal
1063,0.00028662334218894304,Normal
1064,0.0003709684928996515,Normal
1065,0.0003543939395683259,Normal
1066,0.0008927329490633875,Anomaly
1067,0.0008769699276281621,Anomaly
1068,0.0008205925443077047,Anomaly
1069,0.001284089333478904,Anomaly
1070,0.0011254848745429554,Anomaly
1071,0.0011324344918431,Anomaly
1072,0.0010423385189267202,Anomaly
1073,0.0010549222469372565,Anomaly
1074,0.0008907969429093101,Anomaly
1075,0.001046052939953787,Anomaly
1076,0.0005558777345017046,Normal
1077,0.000506472761311187,Normal
1078,0.0006598087391149618,Normal
1079,0.0002850447365396975,Normal
1080,0.00026178380754836983,Normal
1081,0.00029982615161548395,Normal
1082,0.00023686885087732617,Normal
1083,0.00020965844144837567,Normal
1084,0.00025116647203913775,Normal
1085,0.00015884155431513086,Normal
1086,0.0001352575450397165,Normal
1087,0.0001809833038179114,Normal
1088,9.4099298868507e-05,Normal
1089,7.982065043476275e-05,Normal
1090,8.029069816043278e-05,Normal
1091,5.6995464269351065e-05,Normal
1092,4.382276979633116e-05,Normal
1093,0.00012198003413895187,Normal
1094,0.00010237889923092032,Normal
1095,9.179659005576086e-05,Normal
1096,0.00017569555030065294,Normal
1097,0.0001499026062492099,Normal
1098,0.0001404153743488911,Normal
1099,0.00031100986780149614,Normal
1100,0.0003020677419210379,Normal
1101,0.00027982869042446985,Normal
1102,0.0004101468861711236,Normal
1103,0.000342497903902528,Normal
1104,0.00031754774661543116,Normal
1105,0.0007688224661904457,Normal
1106,0.00069620349378814,Normal
1107,0.0006569711794051687,Normal
1108,0.0012392576831136055,Anomaly
1109,0.0010589179317606612,Anomaly
1110,0.0010182573934238168,Anomaly
1111,0.0010542911759275884,Anomaly
1112,0.0009231077195915383,Anomaly
1113,0.000866710516447035,Anomaly
1114,0.0010753204869956355,Anomaly
1115,0.0008088096292043091,Anomaly
1116,0.0008752377494357178,Anomaly
1117,0.000929963681949217,Anomaly
1118,0.0005318288072005897,Normal
1119,0.0006254751419754092,Normal
1120,0.000693686638926265,Normal
1121,0.004085130972782911,Anomaly
1122,0.004120317753721706,Anomaly
1123,0.005084695976503441,Anomaly
1124,0.0050212051750796235,Anomaly
1125,0.004940105461885675,Anomaly
1126,0.00477224958415322,Anomaly
1127,0.004653895586995705,Anomaly
1128,0.004575373553213788,Anomaly
1129,0.004317764004808789,Anomaly
1130,0.004399566230197596,Anomaly
1131,0.0013321070403071178,Anomaly
1132,0.0014229276185097086,Anomaly
1133,0.0007334629179638424,Normal
1134,0.0006390829929820163,Normal
1135,0.0006461943429557888,Normal
1136,0.0007557782959876538,Normal
1137,0.0008215663647617258,Anomaly
1138,0.0009147616383908189,Anomaly
1139,0.0009904304182464128,Anomaly
1140,0.0009987449189261526,Anomaly
1141,0.001004612698064419,Anomaly
1142,0.0010180849635103267,Anomaly
1143,0.0010345410420412736,Anomaly
1144,0.0011209456423825327,Anomaly
1145,0.0011209456423825327,Anomaly
1146,0.0011209456423825327,Anomaly
1147,0.0011209456423825327,Anomaly
1148,0.0011209456423825327,Anomaly
1149,0.0011209456423825327,Anomaly
1150,0.0010662330508439256,Anomaly
1151,0.000923127144540993,Anomaly
1152,0.6512891333795476,Anomaly
1153,1.3300922801175994,Anomaly
1154,1.3847231469482444,Anomaly
1155,1.2349166490691807,Anomaly
1156,1.2198908176109367,Anomaly
1157,1.2678218494399867,Anomaly
1158,1.2347536882912173,Anomaly
1159,1.351376149991018,Anomaly
1160,1.3322918230599432,Anomaly
1161,1.439671442387454,Anomaly
1162,0.0007892134515402053,Normal
1163,0.0008908149202667319,Anomaly
1164,0.001114394252029152,Anomaly
1165,0.0010175286256326912,Anomaly
1166,0.0009413079448686593,Anomaly
1167,0.0008355177731021997,Anomaly
1168,0.0010673952672034322,Anomaly
1169,0.0009371687354115456,Anomaly
1170,0.0008074421312565489,Anomaly
1171,0.0007177009343493325,Normal
1172,0.000602316906828442,Normal
1173,0.0005229187093632949,Normal
1174,0.0003721743210426511,Normal
1175,0.0003661464730457107,Normal
1176,0.0003277819917056848,Normal
1177,0.0003453224268636349,Normal
1178,7.663999686814343e-05,Normal
1179,6.548711764096989e-05,Normal
1180,0.0001856752044306883,Normal
1181,0.0001786162787197929,Normal
1182,0.00016315649070606594,Normal
1183,0.0001716226277207969,Normal
1184,0.00012137750307199984,Normal
1185,0.00011190708966849875,Normal
1186,0.00022007944957868215,Normal
1187,0.00021725183828886474,Normal
1188,0.00019635115302631215,Normal
1189,0.00020765145634122525,Normal
1190,0.00012137750307199984,Normal
1191,0.00011190708966849875,Normal
1192,0.00013371998066115815,Normal
1193,0.00016772149782512386,Normal
1194,0.0001487490578554608,Normal
1195,0.00015934607529950883,Normal
1196,7.774526474313655e-05,Normal
1197,6.742374316550058e-05,Normal
1198,5.698502125767022e-05,Normal
1199,4.601583476309607e-05,Normal
1200,4.919558355122208e-05,Normal
1201,4.482066346864681e-05,Normal
1202,3.7405224914082095e-05,Normal
1203,9.832585661606185e-05,Normal
1204,9.585073088259475e-05,Normal
1205,9.11845102054995e-05,Normal
1206,8.450235031025494e-05,Normal
1207,0.00020068246336477614,Normal
1208,0.00019004890395382147,Normal
1209,0.00018242428951217724,Normal
1210,0.00017144675982196998,Normal
1211,0.00027357512262362585,Normal
1212,0.00028212048216801327,Normal
1213,0.0002163172866750873,Normal
1214,0.0002100207427537703,Normal
1215,0.00030597397085073695,Normal
1216,0.0003185319046354054,Normal
1217,0.0002163172866750873,Normal
1218,0.00021002048074473864,Normal
1219,0.00030597466993697366,Normal
1220,0.0003185319046354054,Normal
1221,0.0002163172866750873,Normal
1222,0.00021002048074473864,Normal
1223,0.00030597466993697366,Normal
1224,0.0003185319046354054,Normal
1225,0.0002163172866750873,Normal
1226,0.00021002048074473864,Normal
1227,0.00030597466993697366,Normal
1228,0.0003185319046354054,Normal
1229,0.0002163172866750873,Normal
1230,0.00021002048074473864,Normal
1231,0.00030597466993697366,Normal
1232,0.0003185319046354054,Normal
1233,0.0002163172866750873,Normal
1234,0.00021002048074473864,Normal
1235,0.00030597466993697366,Normal
1236,0.0003185319046354054,Normal
1237,0.0002163172866750873,Normal
1238,0.00021002048074473864,Normal
1239,0.0002566060375990615,Normal
1240,0.00026722912983835633,Normal
1241,0.00016788292568349085,Normal
1242,0.00016206646264006833,Normal
1243,0.0008207420037975829,Anomaly
1244,0.0008449306369173662,Anomaly
1245,0.0007300339217611435,Normal
1246,0.0007213188490176227,Normal
1247,0.001025865537270724,Anomaly
1248,0.0010393115880302562,Anomaly
1249,0.0009252111819621569,Anomaly
1250,0.0009199309357448626,Anomaly
1251,0.0009196846829091877,Anomaly
1252,0.0009604455666127746,Anomaly
1253,0.0003595683104203573,Normal
1254,0.0003528571945525341,Normal
1255,0.00031279605812266305,Normal
1256,0.0003261210370414097,Normal
1257,0.0007415349539560844,Normal
1258,0.0007410174081953034,Normal
1259,0.0007194127546499135,Normal
1260,0.4404742812705571,Anomaly
1261,0.4078514036326849,Anomaly
1262,0.43431580703245665,Anomaly
1263,0.44837294407234285,Anomaly
1264,0.448861487249055,Anomaly
1265,0.4500605583202992,Anomaly
1266,0.43934616383595726,Anomaly
1267,0.4462504302201437,Anomaly
1268,0.4262878355347257,Anomaly
1269,0.43359120045860255,Anomaly
1270,0.0002850447365396975,Normal
1271,0.00026178380754836983,Normal
1272,0.00038876930331735796,Normal
1273,0.00032320202210913394,Normal
1274,0.0002944012472504755,Normal
1275,0.00042636061895167906,Normal
1276,0.00032320202210913394,Normal
1277,0.0002944012472504755,Normal
1278,0.00042636004200110445,Normal
1279,0.00032320212842673667,Normal
1280,0.0002944012472504755,Normal
1281,0.00042636061895167906,Normal
1282,0.00032320202210913394,Normal
1283,0.0002944012472504755,Normal
1284,0.00042636061895167906,Normal
1285,0.00032320202210913394,Normal
1286,0.0002944012472504755,Normal
1287,0.00042636061895167906,Normal
1288,0.00032320202210913394,Normal
1289,0.0002944012472504755,Normal
1290,0.00042636061895167906,Normal
1291,0.00032320202210913394,Normal
1292,0.0002944012472504755,Normal
1293,0.00031140567980512013,Normal
1294,0.0002863514120957107,Normal
1295,0.0002609191612707055,Normal
1296,0.0002637602552644582,Normal
1297,0.0002968001337849072,Normal
1298,0.0002687422073116653,Normal
1299,0.0002757670210233672,Normal
1300,0.00030117965423482544,Normal
1301,0.0002852325725289358,Normal
1302,0.00026712905964900704,Normal
1303,0.00045201804079132826,Normal
1304,0.00038511686293773984,Normal
1305,0.00035540889576288995,Normal
1306,0.0005512377138557053,Normal
1307,0.00044232984990685267,Normal
1308,0.0004108817806633142,Normal
1309,0.0006795134803186289,Normal
1310,0.0005668767390119852,Normal
1311,0.0005285544899407059,Normal
1312,0.0006653542677220588,Normal
1313,0.0005004344021914339,Normal
1314,0.00046271891115192744,Normal
1315,0.0005954857153063174,Normal
1316,0.00043679705283505073,Normal
1317,0.00039677376216132527,Normal
1318,0.0008684747614596975,Anomaly
1319,0.0006460178677445499,Normal
1320,0.000612893130414343,Normal
1321,0.0007476045569600439,Normal
1322,0.0006264269748068702,Normal
1323,0.0005915860523612398,Normal
1324,0.0007122207675682579,Normal
1325,0.0006003334461030046,Normal
1326,0.000548989188002064,Normal
1327,0.0005725589140763317,Normal
1328,0.00021267837334866955,Normal
1329,0.0001913669544729298,Normal
1330,0.00019371291970597112,Normal
1331,0.00010796520967462913,Normal
1332,0.00010011479573816047,Normal
1333,0.00011301811974088695,Normal
1334,3.361960832705988e-05,Normal
1335,2.880082175081665e-05,Normal
1336,2.1941947246981207e-05,Normal
1337,0.00014721737036973236,Normal
1338,0.000142361217086388,Normal
1339,0.00013547688554844836,Normal
1340,0.00012765839101105874,Normal
1341,0.00019740146130924622,Normal
1342,0.00019981922611995214,Normal
1343,0.00018036309853246084,Normal
1344,0.00017391066881212053,Normal
1345,0.00014926072073849787,Normal
1346,0.00015349688093814053,Normal
1347,6.481389908650161e-05,Normal
1348,0.0001817866938461273,Normal
1349,0.00017005832151251334,Normal
1350,0.0003039659853457008,Normal
1351,0.00026015549910398447,Normal
1352,0.000366952435679904,Normal
1353,0.00035287382719115294,Normal
1354,0.00044829004530696267,Normal
1355,0.000431770033230366,Normal
1356,0.0005158751181129156,Normal
1357,0.0005235378813882169,Normal
1358,0.0005158751181129156,Normal
1359,0.0005235378813882169,Normal
1360,0.0008382193910264722,Anomaly
1361,0.0008523866012786418,Anomaly
1362,0.0008324627812498324,Anomaly
1363,0.0008451775169685596,Anomaly
1364,0.0008182287013868722,Anomaly
1365,0.0008260246176134561,Anomaly
1366,0.0006711706534512899,Normal
1367,0.0006781918921377307,Normal
1368,0.0005283564946993574,Normal
1369,0.0005436639195435641,Normal
1370,0.00016172893700648286,Normal
1371,0.00016782340673892154,Normal
1372,0.0001997419544382,Normal
1373,0.00021378491827928682,Normal
1374,0.00013453908125579932,Normal
1375,0.0001304552365780631,Normal
1376,0.00012137750307199984,Normal
1377,0.00011190708966849875,Normal
1378,0.00017064368850085878,Normal
1379,0.00016741373191843362,Normal
1380,0.00014733474698771983,Normal
1381,0.00015763502915085062,Normal
1382,7.547602771122434e-05,Normal
1383,6.823422536500134e-05,Normal
1384,9.422840212554157e-05,Normal
1385,9.128443617388652e-05,Normal
1386,7.710239057385816e-05,Normal
1387,8.434786093578871e-05,Normal
1388,4.193201293269331e-05,Normal
1389,3.700726595134908e-05,Normal
1390,6.709487605107e-05,Normal
1391,6.489450627804083e-05,Normal
1392,5.496084179683877e-05,Normal
1393,6.0785777990609145e-05,Normal
1394,4.193201293269331e-05,Normal
1395,3.700726595134908e-05,Normal
1396,6.709487605107e-05,Normal
1397,6.489450627804083e-05,Normal
1398,5.496084179683877e-05,Normal
1399,6.0785777990609145e-05,Normal
1400,4.193201293269331e-05,Normal
1401,3.700726595134908e-05,Normal
1402,4.2232658068723976e-05,Normal
1403,3.992543498456527e-05,Normal
1404,3.056025270126736e-05,Normal
1405,3.630023192805654e-05,Normal
1406,2.0740351469138635e-05,Normal
1407,1.823161683264369e-05,Normal
1408,1.4666528031738485e-05,Normal
1409,1.3412114752587921e-05,Normal
1410,8.952021565707743e-06,Normal
1411,8.980894276102534e-05,Normal
1412,8.727159492608605e-05,Normal
1413,8.524496231635914e-05,Normal
1414,8.213106531798465e-05,Normal
1415,7.547602771122434e-05,Normal
1416,6.823422536500134e-05,Normal
1417,5.725673642110327e-05,Normal
1418,5.3951629011662505e-05,Normal
1419,4.0737314063200935e-05,Normal
1420,8.742699964579828e-05,Normal
1421,4.9644780182861296e-05,Normal
1422,4.8371444740848005e-05,Normal
1423,4.626443846920429e-05,Normal
1424,4.193201293269331e-05,Normal
1425,3.700726595134908e-05,Normal
1426,2.978257542190316e-05,Normal
1427,2.7426994177159733e-05,Normal
1428,1.856229415940598e-05,Normal
1429,6.40530493682136e-05,Normal
1430,4.9644780182861296e-05,Normal
1431,4.8371444740848005e-05,Normal
1432,4.626443846920429e-05,Normal
1433,4.193201293269331e-05,Normal
1434,3.700726595134908e-05,Normal
1435,2.978257542190316e-05,Normal
1436,2.7426994177159733e-05,Normal
1437,1.856229415940598e-05,Normal
1438,6.405310837339957e-05,Normal
1439,4.964471038344422e-05,Normal
1440,4.8371444740848005e-05,Normal
1441,4.626443846920429e-05,Normal
1442,4.193201293269331e-05,Normal
1443,3.700726595134908e-05,Normal
1444,2.978257542190316e-05,Normal
1445,2.7426994177159733e-05,Normal
1446,1.856229415940598e-05,Normal
1447,6.40530493682136e-05,Normal
1448,4.9644780182861296e-05,Normal
1449,4.8371444740848005e-05,Normal
1450,4.626443846920429e-05,Normal
1451,4.193201293269331e-05,Normal
1452,3.700726595134908e-05,Normal
1453,2.978257542190316e-05,Normal
1454,2.7426994177159733e-05,Normal
1455,1.856229415940598e-05,Normal
1456,6.40530493682136e-05,Normal
1457,4.9644780182861296e-05,Normal
1458,4.8371444740848005e-05,Normal
1459,4.626443846920429e-05,Normal
1460,4.193201293269331e-05,Normal
1461,3.700726595134908e-05,Normal
1462,2.978257542190316e-05,Normal
1463,2.7426994177159733e-05,Normal
1464,1.856229415940598e-05,Normal
1465,6.40530493682136e-05,Normal
1466,4.9644780182861296e-05,Normal
1467,4.8371444740848005e-05,Normal
1468,4.626443846920429e-05,Normal
1469,4.193201293269331e-05,Normal
1470,3.700740881029344e-05,Normal
1471,2.9782656315542973e-05,Normal
1472,2.7426994177159733e-05,Normal
1473,1.856229415940598e-05,Normal
1474,6.40530493682136e-05,Normal
1475,4.9644780182861296e-05,Normal
1476,4.8371444740848005e-05,Normal
1477,4.626443846920429e-05,Normal
1478,4.193201293269331e-05,Normal
1479,3.700726595134908e-05,Normal
1480,2.978257542190316e-05,Normal
1481,2.7426994177159733e-05,Normal
1482,1.856229415940598e-05,Normal
1483,6.40530493682136e-05,Normal
1484,4.9644780182861296e-05,Normal
1485,4.8371444740848005e-05,Normal
1486,4.626443846920429e-05,Normal
1487,4.193201293269331e-05,Normal
1488,3.700726595134908e-05,Normal
1489,2.978257542190316e-05,Normal
1490,2.7426994177159733e-05,Normal
1491,1.856229415940598e-05,Normal
1492,6.40530493682136e-05,Normal
1493,4.9644780182861296e-05,Normal
1494,4.8371444740848005e-05,Normal
1495,4.626443846920429e-05,Normal
1496,4.193201293269331e-05,Normal
1497,3.700726595134908e-05,Normal
1498,2.978257542190316e-05,Normal
1499,2.7426994177159733e-05,Normal
1500,1.856229415940598e-05,Normal
1501,0.00010278612693891268,Normal
1502,8.727161571635805e-05,Normal
1503,8.524516276739639e-05,Normal
1504,8.213106531798465e-05,Normal
1505,7.547602771122434e-05,Normal
1506,6.823422536500134e-05,Normal
1507,5.725673642110327e-05,Normal
1508,5.3951629011662505e-05,Normal
1509,4.0737314063200935e-05,Normal
1510,0.0001265941084368031,Normal
1511,8.727159492608605e-05,Normal
1512,8.524496231635914e-05,Normal
1513,8.213106531798465e-05,Normal
1514,7.547602771122434e-05,Normal
1515,6.823422536500134e-05,Normal
1516,5.725673642110327e-05,Normal
1517,5.3951629011662505e-05,Normal
1518,4.0737314063200935e-05,Normal
1519,8.742699964579828e-05,Normal
1520,4.9644780182861296e-05,Normal
1521,4.8371444740848005e-05,Normal
1522,4.626443846920429e-05,Normal
1523,4.193201293269331e-05,Normal
1524,3.700726595134908e-05,Normal
1525,2.978257542190316e-05,Normal
1526,2.7426994177159733e-05,Normal
1527,1.856229415940598e-05,Normal
1528,6.40530493682136e-05,Normal
1529,4.9644780182861296e-05,Normal
1530,4.8371444740848005e-05,Normal
1531,4.626443846920429e-05,Normal
1532,4.193201293269331e-05,Normal
1533,3.700726595134908e-05,Normal
1534,2.9782656315542973e-05,Normal
1535,2.7426908412192973e-05,Normal
1536,1.856229415940598e-05,Normal
1537,6.40530493682136e-05,Normal
1538,4.9644780182861296e-05,Normal
1539,4.8371444740848005e-05,Normal
1540,4.626443846920429e-05,Normal
1541,4.193201293269331e-05,Normal
1542,3.700726595134908e-05,Normal
1543,2.978257542190316e-05,Normal
1544,2.7426994177159733e-05,Normal
1545,1.856229415940598e-05,Normal
1546,6.40530493682136e-05,Normal
1547,4.9644780182861296e-05,Normal
1548,4.8371444740848005e-05,Normal
1549,4.626443846920429e-05,Normal
1550,4.193201293269331e-05,Normal
1551,3.700726595134908e-05,Normal
1552,2.978257542190316e-05,Normal
1553,2.7426994177159733e-05,Normal
1554,1.856229415940598e-05,Normal
1555,6.40530493682136e-05,Normal
1556,4.9644780182861296e-05,Normal
1557,4.8371444740848005e-05,Normal
1558,4.626443846920429e-05,Normal
1559,4.193201293269331e-05,Normal
1560,3.700726595134908e-05,Normal
1561,2.978257542190316e-05,Normal
1562,2.7426994177159733e-05,Normal
1563,1.856229415940598e-05,Normal
1564,6.40530493682136e-05,Normal
1565,4.9644780182861296e-05,Normal
1566,4.837143754287246e-05,Normal
1567,4.626453399617086e-05,Normal
1568,4.193201293269331e-05,Normal
1569,3.700726595134908e-05,Normal
1570,2.978257542190316e-05,Normal
1571,2.7426994177159733e-05,Normal
1572,1.856229415940598e-05,Normal
1573,6.40530493682136e-05,Normal
1574,4.9644780182861296e-05,Normal
1575,4.8371444740848005e-05,Normal
1576,4.626443846920429e-05,Normal
1577,4.193201293269331e-05,Normal
1578,3.700726595134908e-05,Normal
1579,2.978257542190316e-05,Normal
1580,2.7426994177159733e-05,Normal
1581,1.856229415940598e-05,Normal
1582,6.40530493682136e-05,Normal
1583,4.9644780182861296e-05,Normal
1584,4.8371444740848005e-05,Normal
1585,4.626443846920429e-05,Normal
1586,4.193201293269331e-05,Normal
1587,3.700726595134908e-05,Normal
1588,2.978257542190316e-05,Normal
1589,2.7426994177159733e-05,Normal
1590,1.856229415940598e-05,Normal
1591,6.40530493682136e-05,Normal
1592,4.9644780182861296e-05,Normal
1593,4.8371444740848005e-05,Normal
1594,4.626443846920429e-05,Normal
1595,4.193201293269331e-05,Normal
1596,3.700726595134908e-05,Normal
1597,2.978257542190316e-05,Normal
1598,2.7426908412192973e-05,Normal
1599,1.856220851218087e-05,Normal
1600,6.40530493682136e-05,Normal
1601,4.9644780182861296e-05,Normal
1602,4.8371444740848005e-05,Normal
1603,4.626443846920429e-05,Normal
1604,4.193201293269331e-05,Normal
1605,3.700726595134908e-05,Normal
1606,2.978257542190316e-05,Normal
1607,2.7426994177159733e-05,Normal
1608,1.856229415940598e-05,Normal
1609,6.40530493682136e-05,Normal
1610,4.9644780182861296e-05,Normal
1611,4.8371444740848005e-05,Normal
1612,4.626443846920429e-05,Normal
1613,4.193201293269331e-05,Normal
1614,3.700726595134908e-05,Normal
1615,2.978257542190316e-05,Normal
1616,2.7426994177159733e-05,Normal
1617,1.856229415940598e-05,Normal
1618,6.40530493682136e-05,Normal
1619,4.9644780182861296e-05,Normal
1620,4.8371444740848005e-05,Normal
1621,4.626443846920429e-05,Normal
1622,4.193201293269331e-05,Normal
1623,3.700726595134908e-05,Normal
1624,2.978257542190316e-05,Normal
1625,2.7426994177159733e-05,Normal
1626,1.856229415940598e-05,Normal
1627,6.40530493682136e-05,Normal
1628,4.9644780182861296e-05,Normal
1629,4.8371444740848005e-05,Normal
1630,4.626453399617086e-05,Normal
1631,4.193196305795314e-05,Normal
1632,3.700726595134908e-05,Normal
1633,2.978257542190316e-05,Normal
1634,2.7426994177159733e-05,Normal
1635,1.856229415940598e-05,Normal
1636,0.0007245235424069459,Normal
1637,0.0007011589465945313,Normal
1638,0.0006911626765318297,Normal
1639,0.0006819175171611539,Normal
1640,0.0006562252567005257,Normal
1641,0.0006353812595178961,Normal
1642,0.0005954825485199647,Normal
1643,0.0005888427930609625,Normal
1644,0.0005417132836338054,Normal
1645,0.0006909074670127623,Normal
1646,0.00013741816678962407,Normal
1647,0.0001345389256496306,Normal
1648,0.00013045528320872798,Normal
1649,0.00012137750307199984,Normal
1650,0.00011190708966849875,Normal
1651,9.708945702866241e-05,Normal
1652,9.292794327006751e-05,Normal
1653,7.482267727649007e-05,Normal
1654,0.00012292291830016058,Normal
1655,4.9644780182861296e-05,Normal
1656,4.8371444740848005e-05,Normal
1657,4.626443846920429e-05,Normal
1658,4.193201293269331e-05,Normal
1659,3.700726595134908e-05,Normal
1660,2.978257542190316e-05,Normal
1661,2.7426994177159733e-05,Normal
1662,1.856220851218087e-05,Normal
1663,6.405310837339957e-05,Normal
1664,4.9644780182861296e-05,Normal
1665,4.8371444740848005e-05,Normal
1666,4.626443846920429e-05,Normal
1667,4.193201293269331e-05,Normal
1668,3.700726595134908e-05,Normal
1669,2.978257542190316e-05,Normal
1670,2.7426994177159733e-05,Normal
1671,1.856229415940598e-05,Normal
1672,0.0001540382789819128,Normal
1673,0.00013741816678962407,Normal
1674,0.0001345389256496306,Normal
1675,0.00013045528320872798,Normal
1676,0.00012137750307199984,Normal
1677,0.00011190708966849875,Normal
1678,9.708945702866241e-05,Normal
1679,9.292794327006751e-05,Normal
1680,7.482267727649007e-05,Normal
1681,0.000546381044907445,Normal
1682,0.00046318864877575806,Normal
1683,0.0004559314044074762,Normal
1684,0.0004482662962379886,Normal
1685,0.00042853471193306827,Normal
1686,0.0004110951529649988,Normal
1687,0.0003799592056349634,Normal
1688,0.00037358653725433723,Normal
1689,0.0003360945109108991,Normal
1690,0.0008159759537648782,Anomaly
1691,0.00046318864877575806,Normal
1692,0.0004559314044074762,Normal
1693,0.0004482662962379886,Normal
1694,0.0004285344249734704,Normal
1695,0.0004110947424843817,Normal
1696,0.0003799592056349634,Normal
1697,0.00037358653725433723,Normal
1698,0.0003360945109108991,Normal
1699,0.000389959427351388,Normal
1700,4.9644780182861296e-05,Normal
1701,4.8371444740848005e-05,Normal
1702,4.626443846920429e-05,Normal
1703,4.193201293269331e-05,Normal
1704,3.700726595134908e-05,Normal
1705,2.978257542190316e-05,Normal
1706,2.7426994177159733e-05,Normal
1707,1.856229415940598e-05,Normal
1708,6.40530493682136e-05,Normal
1709,4.9644780182861296e-05,Normal
1710,4.8371444740848005e-05,Normal
1711,4.626443846920429e-05,Normal
1712,4.193201293269331e-05,Normal
1713,3.700726595134908e-05,Normal
1714,2.978257542190316e-05,Normal
1715,2.7426994177159733e-05,Normal
1716,1.856229415940598e-05,Normal
1717,6.40530493682136e-05,Normal
1718,4.9644780182861296e-05,Normal
1719,4.8371444740848005e-05,Normal
1720,4.626443846920429e-05,Normal
1721,4.193201293269331e-05,Normal
1722,3.700726595134908e-05,Normal
1723,6.709487605107e-05,Normal
1724,6.489450627804083e-05,Normal
1725,5.496084179683877e-05,Normal
1726,6.078602283129154e-05,Normal
1727,4.193196305795314e-05,Normal
1728,3.700726595134908e-05,Normal
1729,4.2232658068723976e-05,Normal
1730,3.992543498456527e-05,Normal
1731,3.056025270126736e-05,Normal
1732,4.984075661205968e-05,Normal
1733,3.329224345272929e-05,Normal
1734,3.01418135637173e-05,Normal
1735,2.548960994778589e-05,Normal
1736,2.213329220370468e-05,Normal
1737,1.5349306422132444e-05,Normal
1738,5.4606144277148454e-05,Normal
1739,5.101461241080786e-05,Normal
1740,4.538402029595644e-05,Normal
1741,4.814626998536812e-05,Normal
1742,4.193201293269331e-05,Normal
1743,3.700726595134908e-05,Normal
1744,6.709487605107e-05,Normal
1745,6.489450627804083e-05,Normal
1746,5.496084179683877e-05,Normal
1747,6.0785777990609145e-05,Normal
1748,4.193201293269331e-05,Normal
1749,3.700726595134908e-05,Normal
1750,6.709487605107e-05,Normal
1751,6.489450627804083e-05,Normal
1752,5.496084179683877e-05,Normal
1753,6.0785777990609145e-05,Normal
1754,4.193201293269331e-05,Normal
1755,3.700726595134908e-05,Normal
1756,0.00015422087570256688,Normal
1757,0.00015238066970576966,Normal
1758,0.00014105254392121673,Normal
1759,0.0001471538960691267,Normal
1760,0.00012137750307199984,Normal
1761,0.00011190708966849875,Normal
1762,0.00022007944957868215,Normal
1763,0.00021725183828886474,Normal
1764,0.00019635115302631215,Normal
1765,0.00020765145634122525,Normal
1766,0.00012137750307199984,Normal
1767,0.00011190708966849875,Normal
1768,0.00017064368850085878,Normal
1769,0.00018002264592366916,Normal
1770,0.00016012363731306135,Normal
1771,0.00017090088009178114,Normal
1772,8.730157348807781e-05,Normal
1773,7.710323579596875e-05,Normal
1774,6.481389908650161e-05,Normal
1775,0.0001817866938461273,Normal
1776,0.00017005832151251334,Normal
1777,0.00017341507587134768,Normal
1778,0.00013346295773229954,Normal
1779,0.00012137750307199984,Normal
1780,0.00011190708966849875,Normal
1781,0.00022007944957868215,Normal
1782,0.00021725183828886474,Normal
1783,0.00019635115302631215,Normal
1784,0.00020765145634122525,Normal
1785,0.00012137750307199984,Normal
1786,0.00011190708966849875,Normal
1787,0.00022007944957868215,Normal
1788,0.00021725183828886474,Normal
1789,0.00019635115302631215,Normal
1790,0.00020765159742863732,Normal
1791,0.00012137737561765033,Normal
1792,0.00011190708966849875,Normal
1793,0.00013371998066115815,Normal
1794,0.0001300923865641288,Normal
1795,0.00011074715888975773,Normal
1796,0.0001200846725663845,Normal
1797,4.193201293269331e-05,Normal
1798,3.700726595134908e-05,Normal
1799,6.709487605107e-05,Normal
1800,6.489450627804083e-05,Normal
1801,5.496084179683877e-05,Normal
1802,6.0785777990609145e-05,Normal
1803,4.193201293269331e-05,Normal
1804,3.700726595134908e-05,Normal
1805,6.709487605107e-05,Normal
1806,6.489450627804083e-05,Normal
1807,5.496084179683877e-05,Normal
1808,0.00010035047101343477,Normal
1809,7.928576527084878e-05,Normal
1810,7.297307012110854e-05,Normal
1811,0.00018752577398964198,Normal
1812,0.00018116705254160836,Normal
1813,0.000165476229441896,Normal
1814,0.0002936152476790855,Normal
1815,0.00025923921587897407,Normal
1816,0.0002396079393746356,Normal
1817,0.0003104212128418254,Normal
1818,0.00027379636651667696,Normal
1819,0.00024581670569861927,Normal
1820,0.0002879408283661416,Normal
1821,0.0001916895774482508,Normal
1822,0.00016625264136542733,Normal
1823,0.0002098802251684532,Normal
1824,0.00012026912381637754,Normal
1825,0.00010197015791527615,Normal
1826,0.00014454701600106912,Normal
1827,9.4099298868507e-05,Normal
1828,7.982065043476275e-05,Normal
1829,0.00011928572691426514,Normal
1830,9.4099298868507e-05,Normal
1831,7.982065043476275e-05,Normal
1832,0.00011928572691426514,Normal
1833,9.4099298868507e-05,Normal
1834,7.982065043476275e-05,Normal
1835,0.00015754081087706462,Normal
1836,0.00013136909077003355,Normal
1837,0.00011643409809500551,Normal
1838,0.00015583806910570162,Normal
1839,0.00012718491928038645,Normal
1840,0.00011088980434722885,Normal
1841,0.0001473061196676023,Normal
1842,0.00012026912381637754,Normal
1843,0.00010197015791527615,Normal
1844,0.00014454701600106912,Normal
1845,9.4099298868507e-05,Normal
1846,7.982065043476275e-05,Normal
1847,0.00011928572691426514,Normal
1848,9.4099298868507e-05,Normal
1849,7.982065043476275e-05,Normal
1850,0.22209168849081454,Anomaly
1851,0.21696392908299603,Anomaly
1852,0.22071273840695288,Anomaly
1853,0.22072490831785624,Anomaly
1854,0.22095219607009198,Anomaly
1855,0.22028596477500767,Anomaly
1856,0.21890609427510865,Anomaly
1857,0.21768955203892007,Anomaly
1858,0.21131919346155664,Anomaly
1859,0.20423609517841376,Anomaly
1860,9.4099298868507e-05,Normal
1861,7.982065043476275e-05,Normal
1862,0.00011928572691426514,Normal
1863,9.4099298868507e-05,Normal
1864,7.982065043476275e-05,Normal
1865,0.00020831473362727058,Normal
1866,0.00018116705254160836,Normal
1867,0.000165476229441896,Normal
1868,0.0002936152476790855,Normal
1869,0.00025923921587897407,Normal
1870,0.0002396079393746356,Normal
1871,0.0003607048037516447,Normal
1872,0.00032320202210913394,Normal
1873,0.0002944012472504755,Normal
1874,0.0003371994038404919,Normal
1875,0.00023686885087732617,Normal
1876,0.00020965844144837567,Normal
1877,0.00025116647203913775,Normal
1878,0.00015884155431513086,Normal
1879,0.00013525746365100603,Normal
1880,0.0002711094309910007,Normal
1881,0.00018116705254160836,Normal
1882,0.000165476229441896,Normal
1883,0.0002048710523795272,Normal
1884,0.0001726073145628258,Normal
1885,0.00015442944249361915,Normal
1886,0.00018770042499770544,Normal
1887,0.0001588416283705285,Normal
1888,0.00013525746365100603,Normal
1889,0.0002711094309910007,Normal
1890,0.00018116705254160836,Normal
1891,0.000165476229441896,Normal
1892,0.0002936152476790855,Normal
1893,0.00025923921587897407,Normal
1894,0.0002396079393746356,Normal
1895,0.0002344441708154085,Normal
1896,0.00020052448168625002,Normal
1897,0.0001745489483363914,Normal
1898,0.00017582617077589225,Normal
1899,9.292794327006751e-05,Normal
1900,7.482267727649007e-05,Normal
1901,0.00021399793736983394,Normal
1902,0.00013741816678962407,Normal
1903,0.0001345389256496306,Normal
1904,0.00013045528320872798,Normal
1905,0.00012137750307199984,Normal
1906,0.00011190708966849875,Normal
1907,0.00022007944957868215,Normal
1908,0.00021725183828886474,Normal
1909,0.00019635115302631215,Normal
1910,0.00020765145634122525,Normal
1911,0.00012137750307199984,Normal
1912,0.00011190708966849875,Normal
1913,0.00022007944957868215,Normal
1914,0.00021725183828886474,Normal
1915,0.00019635115302631215,Normal
1916,0.00020765145634122525,Normal
1917,0.00012137750307199984,Normal
1918,0.00011190728650249587,Normal
1919,0.00022007964424886097,Normal
1920,0.00021725183828886474,Normal
1921,0.00019635115302631215,Normal
1922,0.00020765145634122525,Normal
1923,0.00012137750307199984,Normal
1924,0.00011190708966849875,Normal
1925,0.00022007944957868215,Normal
1926,0.00021725183828886474,Normal
1927,0.00019635115302631215,Normal
1928,0.00020765145634122525,Normal
1929,0.00012137750307199984,Normal
1930,0.00011190708966849875,Normal
1931,0.00022007944957868215,Normal
1932,0.00021725183828886474,Normal
1933,0.00019635115302631215,Normal
1934,0.00020765145634122525,Normal
1935,0.00012137750307199984,Normal
1936,0.00011190708966849875,Normal
1937,0.00022007944957868215,Normal
1938,0.00021725183828886474,Normal
1939,0.00019635115302631215,Normal
1940,0.00020765145634122525,Normal
1941,0.00012137750307199984,Normal
1942,0.00011190708966849875,Normal
1943,0.00022007944957868215,Normal
1944,0.00021725183828886474,Normal
1945,0.00019635115302631215,Normal
1946,0.00020765145634122525,Normal
1947,0.00012137750307199984,Normal
1948,0.00011190708966849875,Normal
1949,0.00022007944957868215,Normal
1950,0.00021725113840718262,Normal
1951,0.00019635110058706918,Normal
1952,0.00020765145634122525,Normal
1953,0.00012137750307199984,Normal
1954,0.00011190708966849875,Normal
1955,0.00022007944957868215,Normal
1956,0.00021725183828886474,Normal
1957,0.00019635115302631215,Normal
1958,0.00020765145634122525,Normal
1959,0.00012137750307199984,Normal
1960,0.00011190708966849875,Normal
1961,0.00022007944957868215,Normal
1962,0.00021725183828886474,Normal
1963,0.00019635115302631215,Normal
1964,0.00020765145634122525,Normal
1965,0.00012137750307199984,Normal
1966,0.00011190708966849875,Normal
1967,0.00022007944957868215,Normal
1968,0.00021725183828886474,Normal
1969,0.00019635115302631215,Normal
1970,0.00020765145634122525,Normal
1971,0.00012137750307199984,Normal
1972,0.00011190708966849875,Normal
1973,0.00022007944957868215,Normal
1974,0.00021725183828886474,Normal
1975,0.00019635115302631215,Normal
1976,0.00020765145634122525,Normal
1977,0.00012137750307199984,Normal
1978,0.00011190708966849875,Normal
1979,0.00022007944957868215,Normal
1980,0.00021725183828886474,Normal
1981,0.00019635115302631215,Normal
1982,0.00020765159742863732,Normal
1983,0.00012137737561765033,Normal
1984,0.00011190708966849875,Normal
1985,0.00022007944957868215,Normal
1986,0.00021725183828886474,Normal
1987,0.00019635115302631215,Normal
1988,0.00020765145634122525,Normal
1989,0.00012137750307199984,Normal
1990,0.00011190708966849875,Normal
1991,0.00022007944957868215,Normal
1992,0.00021725183828886474,Normal
1993,0.00019635115302631215,Normal
1994,0.00020765145634122525,Normal
1995,0.00012137750307199984,Normal
1996,0.00011190708966849875,Normal
1997,0.588900263683134,Anomaly
1998,0.705064349245446,Anomaly
1999,0.947846895022001,Anomaly
2000,0.8148029040066656,Anomaly
2001,0.775557572444623,Anomaly
2002,0.8177974707633655,Anomaly
2003,1.009755860679433,Anomaly
2004,1.1955231113790152,Anomaly
2005,1.2665033208240224,Anomaly
2006,1.0183776217322627,Anomaly
2007,0.3815827211125063,Anomaly
2008,0.37131499451248284,Anomaly
2009,0.37824730588338523,Anomaly
2010,0.3611497302624259,Anomaly
2011,0.36567369116958165,Anomaly
2012,0.3402506945505478,Anomaly
2013,0.15097120923453858,Anomaly
2014,0.0001437537879360439,Normal
2015,0.00013944887289938005,Normal
2016,0.00013566329103492726,Normal
2017,0.00012743837265418313,Normal
2018,0.00012476175002058148,Normal
2019,0.0002363761899220538,Normal
2020,0.00021963065320506448,Normal
2021,0.0002139805993593881,Normal
2022,0.00019231856814406228,Normal
2023,0.00020011925007792892,Normal
2024,0.0002363761899220538,Normal
2025,0.00021963065320506448,Normal
2026,0.0002139805993593881,Normal
2027,0.00019231856814406228,Normal
2028,0.00020011925007792892,Normal
2029,0.0002363761899220538,Normal
2030,0.00021963065320506448,Normal
2031,0.0002139805993593881,Normal
2032,0.00019231856814406228,Normal
2033,0.00020011925007792892,Normal
2034,0.0002363761899220538,Normal
2035,0.00021963065320506448,Normal
2036,0.0002139805993593881,Normal
2037,0.00019231856814406228,Normal
2038,0.00020011925007792892,Normal
2039,0.0002363761899220538,Normal
2040,0.00021963065320506448,Normal
2041,0.0002139805993593881,Normal
2042,0.00019231856814406228,Normal
2043,0.00020011925007792892,Normal
2044,0.0002363761899220538,Normal
2045,0.00021963065320506448,Normal
2046,0.0002139807744847295,Normal
2047,0.00019231847674345187,Normal
2048,0.00020011925007792892,Normal
2049,0.0002363761899220538,Normal
2050,0.00021963065320506448,Normal
2051,0.0002139805993593881,Normal
2052,0.00019231856814406228,Normal
2053,0.00020011925007792892,Normal
2054,0.0002363761899220538,Normal
2055,0.00021963065320506448,Normal
2056,0.0002139805993593881,Normal
2057,0.00019231856814406228,Normal
2058,0.00020011925007792892,Normal
2059,0.0002363761899220538,Normal
2060,0.00021963065320506448,Normal
2061,0.0002139805993593881,Normal
2062,0.00019231856814406228,Normal
2063,0.00020011925007792892,Normal
2064,0.0002363761899220538,Normal
2065,0.00021963065320506448,Normal
2066,0.0002139805993593881,Normal
2067,0.00019231856814406228,Normal
2068,0.00020011925007792892,Normal
2069,0.0002363761899220538,Normal
2070,0.00021963065320506448,Normal
2071,0.0002139805993593881,Normal
2072,0.00019231856814406228,Normal
2073,0.00020011925007792892,Normal
2074,0.0002363761899220538,Normal
2075,0.00021963065320506448,Normal
2076,0.0002139805993593881,Normal
2077,0.00019231856814406228,Normal
2078,0.00020011977292132315,Normal
2079,0.00023637635588391162,Normal
2080,0.00021963065320506448,Normal
2081,0.0002139805993593881,Normal
2082,0.00019231856814406228,Normal
2083,0.00020011925007792892,Normal
2084,0.0002363761899220538,Normal
2085,0.00021963065320506448,Normal
2086,0.0002139805993593881,Normal
2087,0.00019231856814406228,Normal
2088,0.00020011925007792892,Normal
2089,0.0002363761899220538,Normal
2090,0.00021963065320506448,Normal
2091,0.0002139805993593881,Normal
2092,0.00019231856814406228,Normal
2093,0.00020011925007792892,Normal
2094,0.0002363761899220538,Normal
2095,0.00021963065320506448,Normal
2096,0.0002139805993593881,Normal
2097,0.00019231856814406228,Normal
2098,0.00020011925007792892,Normal
2099,0.0002363761899220538,Normal
2100,0.00021963065320506448,Normal
2101,0.0002139805993593881,Normal
2102,0.00019231856814406228,Normal
2103,0.00020011925007792892,Normal
2104,0.00029868366264834825,Normal
2105,0.00028154301826351005,Normal
2106,0.00027529693978109996,Normal
2107,0.0002528265061005128,Normal
2108,0.00026048984415223626,Normal
2109,0.0009904398623979164,Anomaly
2110,0.0009659569170861797,Anomaly
2111,0.0009540684445810159,Anomaly
2112,0.0009213857745296955,Anomaly
2113,0.0009333982507330798,Anomaly
2114,0.0008880549640893819,Anomaly
2115,0.0008388310123975971,Anomaly
2116,0.0008328645765430093,Anomaly
2117,0.0007741901871163601,Normal
2118,0.000806118302808323,Anomaly
2119,0.0002099149250329905,Normal
2120,0.00019337149409469023,Normal
2121,0.00018798092869434568,Normal
2122,0.00016673362328073997,Normal
2123,0.00017457435109403567,Normal
2124,8.851423525590545e-05,Normal
2125,7.562808771424486e-05,Normal
2126,7.18944022881745e-05,Normal
2127,6.0996636593963934e-05,Normal
2128,6.850577651391215e-05,Normal
2129,1.6380061644495205e-05,Normal
2130,1.582466943264422e-05,Normal
2131,1.4778977231793948e-05,Normal
2132,1.3513009459104087e-05,Normal
2133,1.1741390725274902e-05,Normal
2134,1.1095708151232252e-05,Normal
2135,4.682996600223615e-05,Normal
2136,4.918539888839481e-05,Normal
2137,4.8371444740848005e-05,Normal
2138,4.626443846920429e-05,Normal
2139,4.193201293269331e-05,Normal
2140,3.700726595134908e-05,Normal
2141,2.978257542190316e-05,Normal
2142,2.7426908412192973e-05,Normal
2143,5.6520685224045874e-05,Normal
2144,6.39643962694851e-05,Normal
2145,4.8371444740848005e-05,Normal
2146,4.626443846920429e-05,Normal
2147,4.193201293269331e-05,Normal
2148,3.700726595134908e-05,Normal
2149,2.978257542190316e-05,Normal
2150,2.7426994177159733e-05,Normal
2151,5.6520661685091235e-05,Normal
2152,6.39643962694851e-05,Normal
2153,4.8371444740848005e-05,Normal
2154,8.402197181326175e-05,Normal
2155,7.928576527084878e-05,Normal
2156,7.297307012110854e-05,Normal
2157,6.353154709211807e-05,Normal
2158,5.6995464269351065e-05,Normal
2159,4.382276979633116e-05,Normal
2160,4.445389890578584e-05,Normal
2161,2.7426994177159733e-05,Normal
2162,0.00014436332310068352,Normal
2163,0.00015375556287441398,Normal
2164,0.0001345389256496306,Normal
2165,0.00013045528320872798,Normal
2166,0.00012137750307199984,Normal
2167,0.00011190708966849875,Normal
2168,9.708945702866241e-05,Normal
2169,9.292794327006751e-05,Normal
2170,0.0001997419544382,Normal
2171,0.00021378491827928682,Normal
2172,0.0001345389256496306,Normal
2173,0.00013045528320872798,Normal
2174,0.00012137737561765033,Normal
2175,0.00011190728650249587,Normal
2176,9.708945702866241e-05,Normal
2177,9.292794327006751e-05,Normal
2178,0.0001997419544382,Normal
2179,0.00021378491827928682,Normal
2180,0.0001345389256496306,Normal
2181,0.00013045528320872798,Normal
2182,0.00012137750307199984,Normal
2183,0.00011190708966849875,Normal
2184,9.708945702866241e-05,Normal
2185,9.292794327006751e-05,Normal
2186,0.00014979329316034925,Normal
2187,0.00016213361317282094,Normal
2188,8.524496231635914e-05,Normal
2189,8.213106531798465e-05,Normal
2190,7.547602771122434e-05,Normal
2191,6.823422536500134e-05,Normal
2192,5.725673642110327e-05,Normal
2193,5.3951629011662505e-05,Normal
2194,0.00022919019324291103,Normal
2195,0.00024212035345024815,Normal
2196,0.0001962598847389958,Normal
2197,0.00019122651623943273,Normal
2198,0.00017963516668038907,Normal
2199,0.00016803003740676242,Normal
2200,0.00014927863519738368,Normal
2201,0.00014435985288308376,Normal
2202,0.0002453998171308953,Normal
2203,0.0002620436918183275,Normal
2204,0.0001345389256496306,Normal
2205,0.00013045528320872798,Normal
2206,0.00012137737561765033,Normal
2207,0.00011190728650249587,Normal
2208,9.708945702866241e-05,Normal
2209,9.292794327006751e-05,Normal
2210,0.0001997419544382,Normal
2211,0.00021378491827928682,Normal
2212,0.0001345389256496306,Normal
2213,0.00013045528320872798,Normal
2214,0.00012137750307199984,Normal
2215,0.00011190708966849875,Normal
2216,9.708945702866241e-05,Normal
2217,9.292794327006751e-05,Normal
2218,0.0001997419544382,Normal
2219,0.00021378491827928682,Normal
2220,0.0001345389256496306,Normal
2221,0.00013045528320872798,Normal
2222,0.00012137750307199984,Normal
2223,0.00011190708966849875,Normal
2224,9.708945702866241e-05,Normal
2225,9.292794327006751e-05,Normal
2226,0.0001997419544382,Normal
2227,0.00021378491827928682,Normal
2228,0.0001345389256496306,Normal
2229,0.00013045528320872798,Normal
2230,0.00012137750307199984,Normal
2231,0.00011190708966849875,Normal
2232,9.708945702866241e-05,Normal
2233,9.292794327006751e-05,Normal
2234,0.0001997419544382,Normal
2235,0.00021378491827928682,Normal
2236,0.0001345389256496306,Normal
2237,0.00013045528320872798,Normal
2238,0.00012137737561765033,Normal
2239,0.00011190728650249587,Normal
2240,9.708945702866241e-05,Normal
2241,9.292794327006751e-05,Normal
2242,0.0001997419544382,Normal
2243,0.00021378491827928682,Normal
2244,0.0001345389256496306,Normal
2245,0.00013045528320872798,Normal
2246,0.00012137750307199984,Normal
2247,0.00011190708966849875,Normal
2248,9.708945702866241e-05,Normal
2249,9.292794327006751e-05,Normal
2250,0.0001997419544382,Normal
2251,0.00021378491827928682,Normal
2252,0.0001345389256496306,Normal
2253,0.00013045528320872798,Normal
2254,0.00012137750307199984,Normal
2255,0.00011190708966849875,Normal
2256,9.708945702866241e-05,Normal
2257,9.292794327006751e-05,Normal
2258,0.0001997419544382,Normal
2259,0.00021378491827928682,Normal
2260,0.0001345389256496306,Normal
2261,0.00013045528320872798,Normal
2262,0.00012137750307199984,Normal
2263,0.00011190708966849875,Normal
2264,9.708945702866241e-05,Normal
2265,9.292794327006751e-05,Normal
2266,0.0001997419544382,Normal
2267,0.00021378491827928682,Normal
2268,0.0001345389256496306,Normal
2269,0.00013045528320872798,Normal
2270,0.00012137737561765033,Normal
2271,0.00011190728650249587,Normal
2272,9.708945702866241e-05,Normal
2273,9.292794327006751e-05,Normal
2274,0.0001997419544382,Normal
2275,0.00021378491827928682,Normal
2276,0.0001345389256496306,Normal
2277,0.00013045528320872798,Normal
2278,0.00012137750307199984,Normal
2279,0.00011190708966849875,Normal
2280,9.708945702866241e-05,Normal
2281,9.292794327006751e-05,Normal
2282,0.00011235795372743413,Normal
2283,0.00012299962463714734,Normal
2284,4.8371444740848005e-05,Normal
2285,4.626443846920429e-05,Normal
2286,4.193201293269331e-05,Normal
2287,3.700726595134908e-05,Normal
2288,2.978257542190316e-05,Normal
2289,2.7426994177159733e-05,Normal
2290,5.6520661685091235e-05,Normal
2291,6.39643962694851e-05,Normal
2292,4.8371444740848005e-05,Normal
2293,4.626443846920429e-05,Normal
2294,4.193201293269331e-05,Normal
2295,3.700726595134908e-05,Normal
2296,2.978257542190316e-05,Normal
2297,2.7426994177159733e-05,Normal
2298,0.00014436332310068352,Normal
2299,0.00015375556287441398,Normal
2300,0.0001345389256496306,Normal
2301,0.00013045528320872798,Normal
2302,0.00012137737561765033,Normal
2303,0.00011190728650249587,Normal
2304,9.708945702866241e-05,Normal
2305,9.292794327006751e-05,Normal
2306,0.0001997419544382,Normal
2307,0.00021378491827928682,Normal
2308,0.0001345389256496306,Normal
2309,0.00013045528320872798,Normal
2310,0.00012137750307199984,Normal
2311,0.00011190708966849875,Normal
2312,9.708945702866241e-05,Normal
2313,9.292794327006751e-05,Normal
2314,0.0001997419544382,Normal
2315,0.00021378491827928682,Normal
2316,0.0001345389256496306,Normal
2317,0.00013045528320872798,Normal
2318,0.00012137750307199984,Normal
2319,0.00011190708966849875,Normal
2320,9.708945702866241e-05,Normal
2321,9.292794327006751e-05,Normal
2322,0.0001997419544382,Normal
2323,0.00021378491827928682,Normal
2324,0.0001345389256496306,Normal
2325,0.00013045528320872798,Normal
2326,0.00012137750307199984,Normal
2327,0.00011190708966849875,Normal
2328,9.708945702866241e-05,Normal
2329,9.292794327006751e-05,Normal
2330,0.0001997419544382,Normal
2331,0.00021378491827928682,Normal
2332,0.0001345389256496306,Normal
2333,0.00013045528320872798,Normal
2334,0.00012137737561765033,Normal
2335,0.00011190728650249587,Normal
2336,9.708945702866241e-05,Normal
2337,9.292794327006751e-05,Normal
2338,0.0001997419544382,Normal
2339,0.00021378491827928682,Normal
2340,0.0001345389256496306,Normal
2341,0.00013045528320872798,Normal
2342,0.00012137750307199984,Normal
2343,0.00011190708966849875,Normal
2344,9.708945702866241e-05,Normal
2345,9.292794327006751e-05,Normal
2346,0.0001997419544382,Normal
2347,0.00021378491827928682,Normal
2348,0.0001345389256496306,Normal
2349,0.00013045528320872798,Normal
2350,0.00012137750307199984,Normal
2351,0.00011190708966849875,Normal
2352,9.708945702866241e-05,Normal
2353,9.292794327006751e-05,Normal
2354,0.0001997419544382,Normal
2355,0.00021378491827928682,Normal
2356,0.0001345389256496306,Normal
2357,0.00013045528320872798,Normal
2358,0.00012137750307199984,Normal
2359,0.00011190708966849875,Normal
2360,9.708945702866241e-05,Normal
2361,9.292794327006751e-05,Normal
2362,0.0001997419544382,Normal
2363,0.00021378491827928682,Normal
2364,0.0001345389256496306,Normal
2365,0.00013045528320872798,Normal
2366,0.00012137737561765033,Normal
2367,0.00011190728650249587,Normal
2368,9.708945702866241e-05,Normal
2369,9.292794327006751e-05,Normal
2370,0.0001997419544382,Normal
2371,0.00021378491827928682,Normal
2372,0.0001345389256496306,Normal
2373,0.00013045528320872798,Normal
2374,0.00012137750307199984,Normal
2375,0.00011190708966849875,Normal
2376,9.708945702866241e-05,Normal
2377,9.292794327006751e-05,Normal
2378,0.0001997419544382,Normal
2379,0.00021378491827928682,Normal
2380,0.0001345389256496306,Normal
2381,0.00013045528320872798,Normal
2382,0.00012137750307199984,Normal
2383,0.00011190708966849875,Normal
2384,9.708945702866241e-05,Normal
2385,9.292794327006751e-05,Normal
2386,0.0001997419544382,Normal
2387,0.00021378491827928682,Normal
2388,0.0001345389256496306,Normal
2389,0.00013045528320872798,Normal
2390,0.00012137750307199984,Normal
2391,0.00011190708966849875,Normal
2392,9.708945702866241e-05,Normal
2393,9.292794327006751e-05,Normal
2394,0.0001997419544382,Normal
2395,0.00021378491827928682,Normal
2396,0.0001345389256496306,Normal
2397,0.00013045528320872798,Normal
2398,0.00012137737561765033,Normal
2399,0.00011190728650249587,Normal
2400,9.708945702866241e-05,Normal
2401,9.292794327006751e-05,Normal
2402,0.0001997419544382,Normal
2403,0.00021378491827928682,Normal
2404,0.0001345389256496306,Normal
2405,0.00013045528320872798,Normal
2406,0.00012137750307199984,Normal
2407,0.00011190708966849875,Normal
2408,9.708945702866241e-05,Normal
2409,9.292794327006751e-05,Normal
2410,0.0001997419544382,Normal
2411,0.00021378491827928682,Normal
2412,0.0001345389256496306,Normal
2413,0.00013045528320872798,Normal
2414,0.00012137750307199984,Normal
2415,0.00011190708966849875,Normal
2416,9.708945702866241e-05,Normal
2417,9.292794327006751e-05,Normal
2418,0.0001997419544382,Normal
2419,0.00021378491827928682,Normal
2420,0.0001345389256496306,Normal
2421,0.00013045528320872798,Normal
2422,0.00012137750307199984,Normal
2423,0.00011190708966849875,Normal
2424,9.708945702866241e-05,Normal
2425,9.292794327006751e-05,Normal
2426,0.0001997419544382,Normal
2427,0.00021378491827928682,Normal
2428,0.0001345389256496306,Normal
2429,0.00013045528320872798,Normal
2430,0.00012137737561765033,Normal
2431,0.00011190728650249587,Normal
2432,9.708945702866241e-05,Normal
2433,9.292794327006751e-05,Normal
2434,0.0001997419544382,Normal
2435,0.00021378491827928682,Normal
2436,0.0001345389256496306,Normal
2437,0.00013045528320872798,Normal
2438,0.00012137750307199984,Normal
2439,0.00011190708966849875,Normal
2440,9.708945702866241e-05,Normal
2441,9.292794327006751e-05,Normal
2442,0.0001997419544382,Normal
2443,0.00021378491827928682,Normal
2444,0.0001345389256496306,Normal
2445,0.00013045528320872798,Normal
2446,0.00012137750307199984,Normal
2447,0.00011190708966849875,Normal
2448,9.708945702866241e-05,Normal
2449,9.292794327006751e-05,Normal
2450,0.0001997419544382,Normal
2451,0.00021378491827928682,Normal
2452,0.0001345389256496306,Normal
2453,0.00013045528320872798,Normal
2454,0.00012137750307199984,Normal
2455,0.00011190708966849875,Normal
2456,9.708945702866241e-05,Normal
2457,9.292794327006751e-05,Normal
2458,0.0001997419544382,Normal
2459,0.00021378491827928682,Normal
2460,0.0001345389256496306,Normal
2461,0.00013045528320872798,Normal
2462,0.00012137737561765033,Normal
2463,0.00011190728650249587,Normal
2464,9.708945702866241e-05,Normal
2465,9.292794327006751e-05,Normal
2466,0.0001997419544382,Normal
2467,0.00021378491827928682,Normal
2468,0.0001345389256496306,Normal
2469,0.00013045528320872798,Normal
2470,0.00012137750307199984,Normal
2471,0.00011190708966849875,Normal
2472,9.708945702866241e-05,Normal
2473,9.292794327006751e-05,Normal
2474,0.00014979329316034925,Normal
2475,0.00016213361317282094,Normal
2476,8.524496231635914e-05,Normal
2477,8.213106531798465e-05,Normal
2478,7.547602771122434e-05,Normal
2479,6.823422536500134e-05,Normal
2480,5.725673642110327e-05,Normal
2481,5.3951629011662505e-05,Normal
2482,5.349226812553968e-05,Normal
2483,6.0887879487314744e-05,Normal
2484,2.3935005383711e-05,Normal
2485,2.285679353219826e-05,Normal
2486,2.0740339696658147e-05,Normal
2487,1.823164180106103e-05,Normal
2488,1.4666528031738485e-05,Normal
2489,1.3412114752587921e-05,Normal
2490,0.0001347844184909506,Normal
2491,0.0001402348523352743,Normal
2492,0.0001345389256496306,Normal
2493,0.00013045528320872798,Normal
2494,0.00012137737561765033,Normal
2495,0.00011190728650249587,Normal
2496,9.708945702866241e-05,Normal
2497,9.292794327006751e-05,Normal
2498,0.0001997419544382,Normal
2499,0.00021378491827928682,Normal
2500,0.0001345389256496306,Normal
2501,0.00013045528320872798,Normal
2502,0.00012137750307199984,Normal
2503,0.00011190708966849875,Normal
2504,9.708945702866241e-05,Normal
2505,9.292794327006751e-05,Normal
2506,8.737398641364824e-05,Normal
2507,9.638488896174728e-05,Normal
2508,2.3935005383711e-05,Normal
2509,2.285679353219826e-05,Normal
2510,2.0740339696658147e-05,Normal
2511,1.823164180106103e-05,Normal
2512,1.4666528031738485e-05,Normal
2513,1.3412114752587921e-05,Normal
2514,8.459391831818614e-05,Normal
2515,8.956803983254994e-05,Normal
2516,8.524496231635914e-05,Normal
2517,8.213106531798465e-05,Normal
2518,7.547602771122434e-05,Normal
2519,6.823422536500134e-05,Normal
2520,5.725673642110327e-05,Normal
2521,5.3951629011662505e-05,Normal
2522,0.00016650631417339956,Normal
2523,0.00017803134940427793,Normal
2524,0.0001345389256496306,Normal
2525,0.00013045528320872798,Normal
2526,0.00012137737561765033,Normal
2527,0.00011190728650249587,Normal
2528,9.708945702866241e-05,Normal
2529,9.292794327006751e-05,Normal
2530,0.0001997419544382,Normal
2531,0.00021378491827928682,Normal
2532,0.0001345389256496306,Normal
2533,0.00013045528320872798,Normal
2534,0.00012137750307199984,Normal
2535,0.00011190708966849875,Normal
2536,9.708945702866241e-05,Normal
2537,9.292794327006751e-05,Normal
2538,0.0001997419544382,Normal
2539,0.00021378491827928682,Normal
2540,0.0001345389256496306,Normal
2541,0.00013045528320872798,Normal
2542,0.00012137750307199984,Normal
2543,0.00011190708966849875,Normal
2544,9.708945702866241e-05,Normal
2545,9.292794327006751e-05,Normal
2546,0.0001997419544382,Normal
2547,0.00021378491827928682,Normal
2548,0.0001345389256496306,Normal
2549,0.00013045528320872798,Normal
2550,0.00012137750307199984,Normal
2551,0.00011190708966849875,Normal
2552,9.708945702866241e-05,Normal
2553,9.292794327006751e-05,Normal
2554,0.0001997419544382,Normal
2555,0.00021378491827928682,Normal
2556,0.0001345389256496306,Normal
2557,0.00013045528320872798,Normal
2558,0.00012137737561765033,Normal
2559,0.00011190728650249587,Normal
2560,9.708945702866241e-05,Normal
2561,9.292794327006751e-05,Normal
2562,0.0001997419544382,Normal
2563,0.00021378491827928682,Normal
2564,0.0001345389256496306,Normal
2565,0.00013045528320872798,Normal
2566,0.00012137750307199984,Normal
2567,0.00011190708966849875,Normal
2568,9.708945702866241e-05,Normal
2569,9.292794327006751e-05,Normal
2570,0.0001997419544382,Normal
2571,0.00021378491827928682,Normal
2572,0.0001345389256496306,Normal
2573,0.00013045528320872798,Normal
2574,0.00012137750307199984,Normal
2575,0.00011190708966849875,Normal
2576,9.708945702866241e-05,Normal
2577,9.292794327006751e-05,Normal
2578,0.0010499265296676477,Anomaly
2579,0.0010778019663860191,Anomaly
2580,0.0009760851471813873,Anomaly
2581,0.0009651797255821921,Anomaly
2582,0.0009331161468904047,Anomaly
2583,0.0009091961699108272,Anomaly
2584,0.0008602030728111096,Anomaly
2585,0.0008538489879146592,Anomaly
2586,0.0009146412600288614,Anomaly
2587,0.0009504915259577003,Anomaly
2588,0.0001345389256496306,Normal
2589,0.00013045528320872798,Normal
2590,0.00012137737561765033,Normal
2591,0.00011190728650249587,Normal
2592,9.708945702866241e-05,Normal
2593,9.292794327006751e-05,Normal
2594,0.0001997419544382,Normal
2595,0.00021378491827928682,Normal
2596,0.0001345389256496306,Normal
2597,0.00013045528320872798,Normal
2598,0.00012137750307199984,Normal
2599,0.00011190708966849875,Normal
2600,9.708945702866241e-05,Normal
2601,9.292794327006751e-05,Normal
2602,0.0001997419544382,Normal
2603,0.00021378491827928682,Normal
2604,0.0001345389256496306,Normal
2605,0.00013045528320872798,Normal
2606,0.00012137750307199984,Normal
2607,0.00011190708966849875,Normal
2608,9.708945702866241e-05,Normal
2609,9.292794327006751e-05,Normal
2610,0.0001997419544382,Normal
2611,0.00021378491827928682,Normal
2612,0.0001345389256496306,Normal
2613,0.00013045528320872798,Normal
2614,0.00012137750307199984,Normal
2615,0.00011190708966849875,Normal
2616,9.708945702866241e-05,Normal
2617,9.292794327006751e-05,Normal
2618,0.0001997419544382,Normal
2619,0.00021378491827928682,Normal
2620,0.0001345389256496306,Normal
2621,0.00013045528320872798,Normal
2622,0.00012137737561765033,Normal
2623,0.00011190728650249587,Normal
2624,9.708945702866241e-05,Normal
2625,9.292794327006751e-05,Normal
2626,0.0001997419544382,Normal
2627,0.00021378491827928682,Normal
2628,0.0001345389256496306,Normal
2629,0.00013045528320872798,Normal
2630,0.00012137750307199984,Normal
2631,0.00011190708966849875,Normal
2632,9.708945702866241e-05,Normal
2633,9.292794327006751e-05,Normal
2634,8.737398641364824e-05,Normal
2635,9.638488896174728e-05,Normal
2636,2.3935005383711e-05,Normal
2637,6.072347282873093e-05,Normal
2638,5.830871224744665e-05,Normal
2639,9.206092091975098e-05,Normal
2640,8.603492839694867e-05,Normal
2641,0.00011677777857978719,Normal
2642,0.00010573489099343161,Normal
2643,0.00022587775255408183,Normal
2644,0.0002106494448164921,Normal
2645,0.0004514623889393805,Normal
2646,0.00045609649954837567,Normal
2647,0.0004032723147340136,Normal
2648,0.0004009102703892678,Normal
2649,0.0003422061605531094,Normal
2650,0.0003755089746871247,Normal
2651,0.0003145267025291083,Normal
2652,0.0003243418353210328,Normal
2653,0.00021338829719235648,Normal
2654,0.0002259864426032332,Normal
2655,7.469603868792037e-05,Normal
2656,6.679718740714932e-05,Normal
2657,6.352639486352924e-05,Normal
2658,5.2859280721265166e-05,Normal
2659,5.677679265400807e-05,Normal
2660,7.469614333654092e-05,Normal
2661,6.679718740714932e-05,Normal
2662,6.352639486352924e-05,Normal
2663,5.2859280721265166e-05,Normal
2664,5.677679265400807e-05,Normal
2665,7.469614333654092e-05,Normal
2666,6.679718740714932e-05,Normal
2667,6.352639486352924e-05,Normal
2668,5.2859280721265166e-05,Normal
2669,5.677679265400807e-05,Normal
2670,7.469614333654092e-05,Normal
2671,6.679718740714932e-05,Normal
2672,6.352639486352924e-05,Normal
2673,5.2859280721265166e-05,Normal
2674,5.677679265400807e-05,Normal
2675,7.469614333654092e-05,Normal
2676,6.679718740714932e-05,Normal
2677,6.352639486352924e-05,Normal
2678,5.2859280721265166e-05,Normal
2679,5.677679265400807e-05,Normal
2680,7.469614333654092e-05,Normal
2681,6.679718740714932e-05,Normal
2682,6.352639486352924e-05,Normal
2683,5.2859280721265166e-05,Normal
2684,5.677679265400807e-05,Normal
2685,0.0005998932933381328,Normal
2686,0.0005904228135866311,Normal
2687,0.0005810981219696166,Normal
2688,0.000565228595134697,Normal
2689,0.0005601744352245716,Normal
2690,0.0005904293904723623,Normal
2691,0.0005518581981724504,Normal
2692,0.0005453940790210884,Normal
2693,0.0004986652589288906,Normal
2694,0.0005209794788703881,Normal
2695,0.00019305507009879323,Normal
2696,0.00018054769120870562,Normal
2697,0.0001754387329740935,Normal
2698,0.00015909858008335,Normal
2699,0.0001635954428446106,Normal
2700,0.0002363761899220538,Normal
2701,0.00021963065320506448,Normal
2702,0.0002139805993593881,Normal
2703,0.00019231856814406228,Normal
2704,0.00020011925007792892,Normal
2705,0.0006730543442206068,Normal
2706,0.0006543384873461035,Normal
2707,0.0006447163420844772,Normal
2708,0.0006193904554288928,Normal
2709,0.0006256793390376535,Normal
2710,0.0005904293904723623,Normal
2711,0.0005518581981724504,Normal
2712,0.0005453940790210884,Normal
2713,0.0004986652589288906,Normal
2714,0.0005209794788703881,Normal
2715,0.00019305507009879323,Normal
2716,0.00018054769120870562,Normal
2717,0.0001754387329740935,Normal
2718,0.00015909848252121262,Normal
2719,0.0001635955069258498,Normal
2720,0.00011190708966849875,Normal
2721,9.708945702866241e-05,Normal
2722,9.292794327006751e-05,Normal
2723,7.482267727649007e-05,Normal
2724,8.238426189094925e-05,Normal
2725,1.190643805496348e-05,Normal
2726,4.988221201926563e-05,Normal
2727,4.9644780182861296e-05,Normal
2728,4.8371444740848005e-05,Normal
2729,4.626443846920429e-05,Normal
2730,4.193201293269331e-05,Normal
2731,3.700726595134908e-05,Normal
2732,2.978257542190316e-05,Normal
2733,2.7426994177159733e-05,Normal
2734,1.856229415940598e-05,Normal
2735,2.4280159574712173e-05,Normal
2736,1.190643805496348e-05,Normal
2737,4.988221201926563e-05,Normal
2738,4.9644780182861296e-05,Normal
2739,4.8371444740848005e-05,Normal
2740,4.626443846920429e-05,Normal
2741,4.193201293269331e-05,Normal
2742,3.700726595134908e-05,Normal
2743,2.978257542190316e-05,Normal
2744,2.7426994177159733e-05,Normal
2745,1.856229415940598e-05,Normal
2746,2.4280159574712173e-05,Normal
2747,1.190643805496348e-05,Normal
2748,4.988221201926563e-05,Normal
2749,4.9644780182861296e-05,Normal
2750,4.837143754287246e-05,Normal
2751,4.626453399617086e-05,Normal
2752,4.193201293269331e-05,Normal
2753,3.700726595134908e-05,Normal
2754,2.978257542190316e-05,Normal
2755,2.7426994177159733e-05,Normal
2756,1.856229415940598e-05,Normal
2757,2.4280159574712173e-05,Normal
2758,1.190643805496348e-05,Normal
2759,2.4663699630386215e-05,Normal
2760,2.4532466736842153e-05,Normal
2761,2.3935005383711e-05,Normal
2762,3.5575216727207745e-05,Normal
2763,3.329224345272929e-05,Normal
2764,3.01418135637173e-05,Normal
2765,2.548960994778589e-05,Normal
2766,2.213329220370468e-05,Normal
2767,1.5349306422132444e-05,Normal
2768,1.602426556666268e-05,Normal
2769,1.3412114752587921e-05,Normal
2770,8.952021565707743e-06,Normal
2771,1.2687329387533051e-05,Normal
2772,1.190643805496348e-05,Normal
2773,0.00013777014781641092,Normal
2774,0.00013741816678962407,Normal
2775,0.0001345389256496306,Normal
2776,0.00013045528320872798,Normal
2777,0.00012137750307199984,Normal
2778,0.00011190708966849875,Normal
2779,9.708945702866241e-05,Normal
2780,9.292794327006751e-05,Normal
2781,7.482267727649007e-05,Normal
2782,8.238401654716459e-05,Normal
2783,1.1906377435519295e-05,Normal
2784,0.00013777014781641092,Normal
2785,0.00013741816678962407,Normal
2786,0.0001345389256496306,Normal
2787,0.00013045528320872798,Normal
2788,0.00012137750307199984,Normal
2789,0.00011190708966849875,Normal
2790,9.708945702866241e-05,Normal
2791,9.292794327006751e-05,Normal
2792,7.482267727649007e-05,Normal
2793,8.238426189094925e-05,Normal
2794,1.190643805496348e-05,Normal
2795,0.00013777014781641092,Normal
2796,0.00013741816678962407,Normal
2797,0.0001345389256496306,Normal
2798,0.00013045528320872798,Normal
2799,0.00012137750307199984,Normal
2800,0.00011190708966849875,Normal
2801,9.708945702866241e-05,Normal
2802,9.292794327006751e-05,Normal
2803,7.482267727649007e-05,Normal
2804,8.238426189094925e-05,Normal
2805,1.190643805496348e-05,Normal
2806,1.190643805496348e-05,Normal
2807,0.00013777014781641092,Normal
2808,0.00013741816678962407,Normal
2809,0.0001345389256496306,Normal
2810,0.00013045528320872798,Normal
2811,0.00012137750307199984,Normal
2812,0.00011190708966849875,Normal
2813,9.708945702866241e-05,Normal
2814,9.292821571077828e-05,Normal
2815,7.4822665659526e-05,Normal
2816,8.238426189094925e-05,Normal
2817,1.190643805496348e-05,Normal
2818,1.190643805496348e-05,Normal
2819,0.00013777014781641092,Normal
2820,0.00013741816678962407,Normal
2821,0.0001345389256496306,Normal
2822,0.00013045528320872798,Normal
2823,0.00012137750307199984,Normal
2824,0.00011190708966849875,Normal
2825,9.708945702866241e-05,Normal
2826,9.292794327006751e-05,Normal
2827,7.482267727649007e-05,Normal
2828,8.238426189094925e-05,Normal
2829,1.190643805496348e-05,Normal
2830,1.190643805496348e-05,Normal
2831,0.00013777014781641092,Normal
2832,0.00013741816678962407,Normal
2833,0.0001345389256496306,Normal
2834,0.00013045528320872798,Normal
2835,0.00012137750307199984,Normal
2836,0.00011190708966849875,Normal
2837,9.708945702866241e-05,Normal
2838,9.292794327006751e-05,Normal
2839,7.482267727649007e-05,Normal
2840,8.238426189094925e-05,Normal
2841,1.190643805496348e-05,Normal
2842,1.190643805496348e-05,Normal
2843,0.00013777014781641092,Normal
2844,0.00013741816678962407,Normal
2845,0.0001345389256496306,Normal
2846,0.0001304552365780631,Normal
2847,0.00012137737561765033,Normal
2848,0.00011190708966849875,Normal
2849,9.708945702866241e-05,Normal
2850,9.292794327006751e-05,Normal
2851,7.482267727649007e-05,Normal
2852,8.238426189094925e-05,Normal
2853,1.190643805496348e-05,Normal
2854,1.190643805496348e-05,Normal
2855,0.00013777014781641092,Normal
2856,0.00013741816678962407,Normal
2857,0.0001345389256496306,Normal
2858,0.00013045528320872798,Normal
2859,0.00012137750307199984,Normal
2860,0.00011190708966849875,Normal
2861,9.708945702866241e-05,Normal
2862,9.292794327006751e-05,Normal
2863,7.482267727649007e-05,Normal
2864,8.238426189094925e-05,Normal
2865,1.190643805496348e-05,Normal
2866,1.190643805496348e-05,Normal
2867,8.756847432425247e-05,Normal
2868,8.727159492608605e-05,Normal
2869,8.524496231635914e-05,Normal
2870,8.213106531798465e-05,Normal
2871,7.547602771122434e-05,Normal
2872,6.823422536500134e-05,Normal
2873,5.725673642110327e-05,Normal
2874,5.3951629011662505e-05,Normal
2875,4.0737314063200935e-05,Normal
2876,4.693883786473792e-05,Normal
2877,1.190643805496348e-05,Normal
2878,1.1906377435519295e-05,Normal
2879,4.988211702138333e-05,Normal
2880,4.9644780182861296e-05,Normal
2881,4.8371444740848005e-05,Normal
2882,4.626443846920429e-05,Normal
2883,4.193201293269331e-05,Normal
2884,3.700726595134908e-05,Normal
2885,2.978257542190316e-05,Normal
2886,2.7426994177159733e-05,Normal
2887,1.856229415940598e-05,Normal
2888,2.4280159574712173e-05,Normal
2889,1.190643805496348e-05,Normal
2890,1.190643805496348e-05,Normal
2891,8.756847432425247e-05,Normal
2892,8.727159492608605e-05,Normal
2893,8.524496231635914e-05,Normal
2894,8.213106531798465e-05,Normal
2895,7.547602771122434e-05,Normal
2896,6.823422536500134e-05,Normal
2897,5.725673642110327e-05,Normal
2898,5.3951629011662505e-05,Normal
2899,4.0737314063200935e-05,Normal
2900,4.693883786473792e-05,Normal
2901,1.190643805496348e-05,Normal
2902,1.190643805496348e-05,Normal
2903,0.00013777014781641092,Normal
2904,0.00013741816678962407,Normal
2905,0.0001345389256496306,Normal
2906,0.00013045528320872798,Normal
2907,0.00012137750307199984,Normal
2908,0.00011190708966849875,Normal
2909,9.708945702866241e-05,Normal
2910,9.292821571077828e-05,Normal
2911,7.4822665659526e-05,Normal
2912,8.238426189094925e-05,Normal
2913,1.190643805496348e-05,Normal
2914,1.190643805496348e-05,Normal
2915,8.756847432425247e-05,Normal
2916,8.727159492608605e-05,Normal
2917,8.524496231635914e-05,Normal
2918,8.213106531798465e-05,Normal
2919,7.547602771122434e-05,Normal
2920,6.823422536500134e-05,Normal
2921,5.725673642110327e-05,Normal
2922,5.3951629011662505e-05,Normal
2923,4.0737314063200935e-05,Normal
2924,4.693883786473792e-05,Normal
2925,1.190643805496348e-05,Normal
2926,1.190643805496348e-05,Normal
2927,2.4663699630386215e-05,Normal
2928,2.4532466736842153e-05,Normal
2929,2.3935005383711e-05,Normal
2930,2.285679353219826e-05,Normal
2931,2.0740339696658147e-05,Normal
2932,1.823164180106103e-05,Normal
2933,1.4666528031738485e-05,Normal
2934,1.3412114752587921e-05,Normal
2935,8.952021565707743e-06,Normal
2936,1.2687329387533051e-05,Normal
2937,1.190643805496348e-05,Normal
2938,1.190643805496348e-05,Normal
2939,4.988221201926563e-05,Normal
2940,4.9644780182861296e-05,Normal
2941,4.8371444740848005e-05,Normal
2942,4.626453399617086e-05,Normal
2943,4.193196305795314e-05,Normal
2944,3.700726595134908e-05,Normal
2945,2.978257542190316e-05,Normal
2946,2.7426994177159733e-05,Normal
2947,1.856229415940598e-05,Normal
2948,2.4280159574712173e-05,Normal
2949,1.190643805496348e-05,Normal
2950,1.190643805496348e-05,Normal
2951,8.756847432425247e-05,Normal
2952,8.727159492608605e-05,Normal
2953,8.524496231635914e-05,Normal
2954,8.213106531798465e-05,Normal
2955,7.547602771122434e-05,Normal
2956,6.823422536500134e-05,Normal
2957,5.725673642110327e-05,Normal
2958,5.3951629011662505e-05,Normal
2959,4.0737314063200935e-05,Normal
2960,4.693883786473792e-05,Normal
2961,1.190643805496348e-05,Normal
2962,1.190643805496348e-05,Normal
2963,8.756847432425247e-05,Normal
2964,8.727159492608605e-05,Normal
2965,8.524496231635914e-05,Normal
2966,8.213106531798465e-05,Normal
2967,7.547602771122434e-05,Normal
2968,6.823422536500134e-05,Normal
2969,5.725673642110327e-05,Normal
2970,5.3951629011662505e-05,Normal
2971,4.0737314063200935e-05,Normal
2972,8.742699964579828e-05,Normal
2973,4.9644780182861296e-05,Normal
2974,4.837143754287246e-05,Normal
2975,4.626453399617086e-05,Normal
2976,4.193201293269331e-05,Normal
2977,3.700726595134908e-05,Normal
2978,2.978257542190316e-05,Normal
2979,2.7426994177159733e-05,Normal
2980,1.856229415940598e-05,Normal
2981,6.40530493682136e-05,Normal
2982,4.9644780182861296e-05,Normal
2983,4.8371444740848005e-05,Normal
2984,4.626443846920429e-05,Normal
2985,4.193201293269331e-05,Normal
2986,3.700726595134908e-05,Normal
2987,2.978257542190316e-05,Normal
2988,2.7426994177159733e-05,Normal
2989,1.856229415940598e-05,Normal
2990,3.785936801814107e-05,Normal
2991,2.4532466736842153e-05,Normal
2992,2.3935005383711e-05,Normal
2993,2.285679353219826e-05,Normal
2994,2.0740339696658147e-05,Normal
2995,1.823164180106103e-05,Normal
2996,1.4666528031738485e-05,Normal
2997,1.3412114752587921e-05,Normal
2998,8.952021565707743e-06,Normal
2999,5.158685354251647e-05,Normal
3000,4.9644780182861296e-05,Normal
3001,4.8371444740848005e-05,Normal
3002,4.626443846920429e-05,Normal
3003,4.193201293269331e-05,Normal
3004,3.700726595134908e-05,Normal
3005,2.978257542190316e-05,Normal
3006,2.7426908412192973e-05,Normal
3007,1.856220851218087e-05,Normal
3008,0.0002178106059544255,Normal
3009,0.00020008763124004786,Normal
3010,0.0001962598847389958,Normal
3011,0.00019122651623943273,Normal
3012,0.00017963516668038907,Normal
3013,0.00016803003740676242,Normal
3014,0.00014927863519738368,Normal
3015,0.00014435985288308376,Normal
3016,0.00012138087428387439,Normal
3017,0.0001303343973055405,Normal
3018,0.00013777014781641092,Normal
3019,0.00013741816678962407,Normal
3020,0.0001345389256496306,Normal
3021,0.00013045528320872798,Normal
3022,0.00012137750307199984,Normal
3023,0.00011190708966849875,Normal
3024,9.708945702866241e-05,Normal
3025,9.292794327006751e-05,Normal
3026,7.482267727649007e-05,Normal
3027,8.238426189094925e-05,Normal
3028,0.0002757235643282468,Normal
3029,0.00027527480617343963,Normal
3030,0.0002703930082764434,Normal
3031,0.0002644522130316214,Normal
3032,0.00025024821294624116,Normal
3033,0.00023660233505219149,Normal
3034,0.00021382157920883673,Normal
3035,0.00020828090778516172,Normal
3036,0.00018044930765778695,Normal
3037,0.00019079011208966568,Normal
3038,0.0007018369218745972,Normal
3039,0.0007011578250096735,Normal
3040,0.0006911626765318297,Normal
3041,0.0006819175171611539,Normal
3042,0.0006562252567005257,Normal
3043,0.0006353812595178961,Normal
3044,0.0005954825485199647,Normal
3045,0.0005888427930609625,Normal
3046,0.0005417132836338054,Normal
3047,0.0005576656484774758,Normal
3048,0.00013777014781641092,Normal
3049,0.00013741816678962407,Normal
3050,0.0001345389256496306,Normal
3051,0.00013045528320872798,Normal
3052,0.00012137750307199984,Normal
3053,0.00011190708966849875,Normal
3054,9.708945702866241e-05,Normal
3055,9.292794327006751e-05,Normal
3056,7.482267727649007e-05,Normal
3057,8.238426189094925e-05,Normal
3058,0.00013777014781641092,Normal
3059,0.00013741816678962407,Normal
3060,0.0001345389256496306,Normal
3061,0.00013045528320872798,Normal
3062,0.00012137750307199984,Normal
3063,0.00011190708966849875,Normal
3064,9.708945702866241e-05,Normal
3065,9.292794327006751e-05,Normal
3066,7.482267727649007e-05,Normal
3067,8.238426189094925e-05,Normal
3068,0.00013777014781641092,Normal
3069,0.00013741816678962407,Normal
3070,0.00013453908125579932,Normal
3071,0.0001304552365780631,Normal
3072,0.00012137750307199984,Normal
3073,0.00011190708966849875,Normal
3074,9.708945702866241e-05,Normal
3075,9.292794327006751e-05,Normal
3076,7.482267727649007e-05,Normal
3077,8.238426189094925e-05,Normal
3078,0.00013777014781641092,Normal
3079,0.00013741816678962407,Normal
3080,0.0001345389256496306,Normal
3081,0.00013045528320872798,Normal
3082,0.00012137750307199984,Normal
3083,0.00011190708966849875,Normal
3084,9.708945702866241e-05,Normal
3085,9.292794327006751e-05,Normal
3086,7.482267727649007e-05,Normal
3087,8.238426189094925e-05,Normal
3088,4.988221201926563e-05,Normal
3089,4.9644780182861296e-05,Normal
3090,4.8371444740848005e-05,Normal
3091,8.402197181326175e-05,Normal
3092,7.928576527084878e-05,Normal
3093,7.297307012110854e-05,Normal
3094,6.353154709211807e-05,Normal
3095,5.6995464269351065e-05,Normal
3096,4.382276979633116e-05,Normal
3097,4.445389890578584e-05,Normal
3098,2.7426994177159733e-05,Normal
3099,1.856229415940598e-05,Normal
3100,2.4280159574712173e-05,Normal
3101,0.00013777014781641092,Normal
3102,0.000137418573080642,Normal
3103,0.00013453908125579932,Normal
3104,0.00013045528320872798,Normal
3105,0.00012137750307199984,Normal
3106,0.00011190708966849875,Normal
3107,9.708945702866241e-05,Normal
3108,0.0002176558859360061,Normal
3109,0.00019936494750522998,Normal
3110,0.00021227068457617304,Normal
3111,0.00013045528320872798,Normal
3112,0.00012137750307199984,Normal
3113,0.00011190708966849875,Normal
3114,9.708945702866241e-05,Normal
3115,0.0006547326748676287,Normal
3116,0.0006366065851701925,Normal
3117,0.000654717392496083,Normal
3118,0.0005588603207247143,Normal
3119,0.0005362046619669978,Normal
3120,0.0005170146026422342,Normal
3121,0.0004815492261072599,Normal
3122,0.0004749718773831537,Normal
3123,0.00043266014417668597,Normal
3124,0.000527809790521521,Normal
3125,8.727159492608605e-05,Normal
3126,8.524496231635914e-05,Normal
3127,8.213106531798465e-05,Normal
3128,7.547602771122434e-05,Normal
3129,6.823422536500134e-05,Normal
3130,5.725673642110327e-05,Normal
3131,5.3951629011662505e-05,Normal
3132,4.0737314063200935e-05,Normal
3133,8.742699964579828e-05,Normal
3134,4.964471038344422e-05,Normal
3135,4.837143754287246e-05,Normal
3136,4.626443846920429e-05,Normal
3137,4.193201293269331e-05,Normal
3138,3.700726595134908e-05,Normal
3139,2.978257542190316e-05,Normal
3140,2.7426994177159733e-05,Normal
3141,1.856229415940598e-05,Normal
3142,2.44030356574075e-05,Normal
3143,1.2014352608331617e-05,Normal
3144,1.2006030408136324e-05,Normal
3145,4.9438775586337555e-05,Normal
3146,4.917155686144329e-05,Normal
3147,4.786168872020056e-05,Normal
3148,4.572091417101699e-05,Normal
3149,4.1396371871534496e-05,Normal
3150,3.6452943787152904e-05,Normal
3151,6.670819925927481e-05,Normal
3152,6.456070470074381e-05,Normal
3153,5.4698252997721796e-05,Normal
3154,6.04865788765973e-05,Normal
3155,4.193201293269331e-05,Normal
3156,3.700726595134908e-05,Normal
3157,0.0002913987498955739,Normal
3158,0.0002899334978340872,Normal
3159,0.0002768284105473507,Normal
3160,0.00028338266277140676,Normal
3161,0.00025024821294624116,Normal
3162,0.00023660233505219149,Normal
3163,0.00033534846295955103,Normal
3164,0.0003318617486267932,Normal
3165,0.00030012041397224404,Normal
3166,0.0003172249740164476,Normal
3167,0.00012137737561765033,Normal
3168,0.00011190708966849875,Normal
3169,0.00022007944957868215,Normal
3170,0.00021725183828886474,Normal
3171,0.00019635115302631215,Normal
3172,0.00020765145634122525,Normal
3173,0.00012137750307199984,Normal
3174,0.00011190708966849875,Normal
3175,0.00022007944957868215,Normal
3176,0.00021725183828886474,Normal
3177,0.00019635115302631215,Normal
3178,0.00020765145634122525,Normal
3179,0.00012137750307199984,Normal
3180,0.00011190708966849875,Normal
3181,0.00017064368850085878,Normal
3182,0.00016741373191843362,Normal
3183,0.00014733474698771983,Normal
3184,0.00015763502915085062,Normal
3185,7.547602771122434e-05,Normal
3186,6.823422536500134e-05,Normal
3187,0.00013134384728211802,Normal
3188,0.0001286917930905271,Normal
3189,0.00011391883439373061,Normal
3190,0.00012175219613261047,Normal
3191,7.547602771122434e-05,Normal
3192,6.823422536500134e-05,Normal
3193,9.422840212554157e-05,Normal
3194,9.128443617388652e-05,Normal
3195,7.710239057385816e-05,Normal
3196,8.434786093578871e-05,Normal
3197,4.193201293269331e-05,Normal
3198,3.700740881029344e-05,Normal
3199,0.00015422081294450758,Normal
3200,0.00015238066970576966,Normal
3201,0.0001410523420250836,Normal
3202,0.00014715371628993884,Normal
3203,0.00012137750307199984,Normal
3204,0.00011190708966849875,Normal
3205,0.00022007944957868215,Normal
3206,0.00021725183828886474,Normal
3207,0.00019635115302631215,Normal
3208,0.00020765145634122525,Normal
3209,0.00012137750307199984,Normal
3210,0.00011190708966849875,Normal
3211,0.00022007944957868215,Normal
3212,0.00021725183828886474,Normal
3213,0.00019635115302631215,Normal
3214,0.00020765145634122525,Normal
3215,0.00012137750307199984,Normal
3216,0.00011190708966849875,Normal
3217,0.00022007944957868215,Normal
3218,0.00021725183828886474,Normal
3219,0.00019635115302631215,Normal
3220,0.00020765145634122525,Normal
3221,0.00012137750307199984,Normal
3222,0.00011190708966849875,Normal
3223,0.00022007944957868215,Normal
3224,0.00021725183828886474,Normal
3225,0.00019635115302631215,Normal
3226,0.00020765145634122525,Normal
3227,0.00012137750307199984,Normal
3228,0.00011190708966849875,Normal
3229,0.00022007944957868215,Normal
3230,0.00021725113840718262,Normal
3231,0.00019635110058706918,Normal
3232,0.00020765145634122525,Normal
3233,0.00012137750307199984,Normal
3234,0.00011190708966849875,Normal
3235,0.00022007944957868215,Normal
3236,0.00021725183828886474,Normal
3237,0.00019635115302631215,Normal
3238,0.00020765145634122525,Normal
3239,0.00012137750307199984,Normal
3240,0.00011190708966849875,Normal
3241,0.00010922039696084323,Normal
3242,0.00010528402210202845,Normal
3243,8.658865098569611e-05,Normal
3244,9.500119074996199e-05,Normal
3245,2.0740339696658147e-05,Normal
3246,1.823164180106103e-05,Normal
3247,8.981598359951037e-05,Normal
3248,8.85703954348798e-05,Normal
3249,8.223865374811748e-05,Normal
3250,8.457258695427096e-05,Normal
3251,7.547602771122434e-05,Normal
3252,6.823422536500134e-05,Normal
3253,0.00018097231050590492,Normal
3254,0.0001786162787197929,Normal
3255,0.000163156085906038,Normal
3256,0.00017162281060201313,Normal
3257,0.00012137750307199984,Normal
3258,0.00011190708966849875,Normal
3259,0.00022007944957868215,Normal
3260,0.00021725183828886474,Normal
3261,0.00019635115302631215,Normal
3262,0.00020765159742863732,Normal
3263,0.00012137737561765033,Normal
3264,0.00011190708966849875,Normal
3265,0.00022007944957868215,Normal
3266,0.00021725183828886474,Normal
3267,0.00019635115302631215,Normal
3268,0.00020765145634122525,Normal
3269,0.00012137750307199984,Normal
3270,0.00011190708966849875,Normal
3271,0.00022007944957868215,Normal
3272,0.00021725183828886474,Normal
3273,0.00019635115302631215,Normal
3274,0.00020765145634122525,Normal
3275,0.00012137750307199984,Normal
3276,0.00011190708966849875,Normal
3277,0.00022007944957868215,Normal
3278,0.00021725183828886474,Normal
3279,0.00019635115302631215,Normal
3280,0.00020765145634122525,Normal
3281,0.00012137750307199984,Normal
3282,0.00011190708966849875,Normal
3283,0.00022007944957868215,Normal
3284,0.00021725183828886474,Normal
3285,0.00019635115302631215,Normal
3286,0.00020765145634122525,Normal
3287,0.00012137750307199984,Normal
3288,0.00011190708966849875,Normal
3289,0.00022007944957868215,Normal
3290,0.00021725183828886474,Normal
3291,0.00019635115302631215,Normal
3292,0.00020765145634122525,Normal
3293,0.00012137750307199984,Normal
3294,0.00011190728650249587,Normal
3295,0.00022007964424886097,Normal
3296,0.00021725183828886474,Normal
3297,0.00019635115302631215,Normal
3298,0.00020765145634122525,Normal
3299,0.00012137750307199984,Normal
3300,0.00011190708966849875,Normal
3301,0.00022007944957868215,Normal
3302,0.00021725183828886474,Normal
3303,0.00019635115302631215,Normal
3304,0.00020765145634122525,Normal
3305,0.00012137750307199984,Normal
3306,0.00011190708966849875,Normal
3307,0.00010922039696084323,Normal
3308,0.0001429453131591085,Normal
3309,0.00012433076814656892,Normal
3310,0.00013443474928155613,Normal
3311,6.878171087008393e-05,Normal
3312,6.123867819140725e-05,Normal
3313,5.301708566386085e-05,Normal
3314,4.2748933585778974e-05,Normal
3315,0.00016008630710984142,Normal
3316,0.0001535803894193969,Normal
3317,0.00015465884258542652,Normal
3318,0.00013160993317976331,Normal
3319,0.000242076452948715,Normal
3320,0.0002408371723843251,Normal
3321,0.0002163172866750873,Normal
3322,0.00021002048074473864,Normal
3323,0.00030597466993697366,Normal
3324,0.0003185319046354054,Normal
3325,0.0002163172866750873,Normal
3326,0.0002100207427537703,Normal
3327,0.00030597397085073695,Normal
3328,0.0003185319046354054,Normal
3329,0.0002163172866750873,Normal
3330,0.00021002048074473864,Normal
3331,0.00030597466993697366,Normal
3332,0.0003185319046354054,Normal
3333,0.0002163172866750873,Normal
3334,0.00021002048074473864,Normal
3335,0.00030597466993697366,Normal
3336,0.0003185319046354054,Normal
3337,0.0002163172866750873,Normal
3338,0.00021002048074473864,Normal
3339,0.00030597466993697366,Normal
3340,0.0003185319046354054,Normal
3341,0.0002163172866750873,Normal
3342,0.00021002048074473864,Normal
3343,0.00030597466993697366,Normal
3344,0.0003185319046354054,Normal
3345,0.0002163172866750873,Normal
3346,0.00021002048074473864,Normal
3347,0.00030597466993697366,Normal
3348,0.0003185319046354054,Normal
3349,0.0002163172866750873,Normal
3350,0.00021002048074473864,Normal
3351,0.00021974973930300427,Normal
3352,0.00022844643476907975,Normal
3353,0.0001318765363367681,Normal
3354,0.00012656597009881744,Normal
3355,0.00014134584310207174,Normal
3356,0.00015079667146415836,Normal
3357,6.541219962649108e-05,Normal
3358,6.14443269103228e-05,Normal
3359,8.59875986560891e-05,Normal
3360,9.062280700001598e-05,Normal
3361,6.541219962649108e-05,Normal
3362,6.144407959611794e-05,Normal
3363,8.59877942310256e-05,Normal
3364,9.062280700001598e-05,Normal
3365,6.541219962649108e-05,Normal
3366,6.144407959611794e-05,Normal
3367,8.59877942310256e-05,Normal
3368,9.062280700001598e-05,Normal
3369,6.541219962649108e-05,Normal
3370,6.144407959611794e-05,Normal
3371,4.84816705604298e-05,Normal
3372,5.1272830768689295e-05,Normal
3373,6.709487605107e-05,Normal
3374,6.489450627804083e-05,Normal
3375,5.496084179683877e-05,Normal
3376,6.0785777990609145e-05,Normal
3377,4.193201293269331e-05,Normal
3378,3.700726595134908e-05,Normal
3379,0.00015422087570256688,Normal
3380,0.00015238066970576966,Normal
3381,0.0001410523420250836,Normal
3382,0.00014715371628993884,Normal
3383,0.00012137750307199984,Normal
3384,0.00011190708966849875,Normal
3385,0.00022007944957868215,Normal
3386,0.00021725183828886474,Normal
3387,0.00019635115302631215,Normal
3388,0.00020765145634122525,Normal
3389,0.00012137750307199984,Normal
3390,0.00011190728650249587,Normal
3391,0.00022007964424886097,Normal
3392,0.00021725183828886474,Normal
3393,0.00019635115302631215,Normal
3394,0.00020765145634122525,Normal
3395,0.00012137750307199984,Normal
3396,0.00011190708966849875,Normal
3397,0.00022007944957868215,Normal
3398,0.00021725183828886474,Normal
3399,0.00019635115302631215,Normal
3400,0.00020765145634122525,Normal
3401,0.00012137750307199984,Normal
3402,0.00011190708966849875,Normal
3403,0.00022007944957868215,Normal
3404,0.00021725183828886474,Normal
3405,0.00019635115302631215,Normal
3406,0.00020765145634122525,Normal
3407,0.00012137750307199984,Normal
3408,0.00011190708966849875,Normal
3409,0.00022007944957868215,Normal
3410,0.00021725183828886474,Normal
3411,0.00019635115302631215,Normal
3412,0.00020765145634122525,Normal
3413,0.00012137750307199984,Normal
3414,0.00011190708966849875,Normal
3415,0.00022007944957868215,Normal
3416,0.00021725183828886474,Normal
3417,0.00019635115302631215,Normal
3418,0.00020765145634122525,Normal
3419,0.00012137750307199984,Normal
3420,0.00011190708966849875,Normal
3421,0.00022007944957868215,Normal
3422,0.00021725113840718262,Normal
3423,0.00019635110058706918,Normal
3424,0.00020765145634122525,Normal
3425,0.00012137750307199984,Normal
3426,0.00011190708966849875,Normal
3427,0.0017895592818782731,Anomaly
3428,0.0017919187623583732,Anomaly
3429,0.0017532948054873522,Anomaly
3430,0.0017798339390081475,Anomaly
3431,0.001634768817229082,Anomaly
3432,0.0016058262686398776,Anomaly
3433,0.0016513761815544637,Anomaly
3434,0.0016529175379689474,Anomaly
3435,0.001567204867542004,Anomaly
3436,0.0016178760272241959,Anomaly
3437,0.00012137750307199984,Normal
3438,0.00011190708966849875,Normal
3439,0.00022007944957868215,Normal
3440,0.00021725183828886474,Normal
3441,0.00019635115302631215,Normal
3442,0.00020765145634122525,Normal
3443,0.00012137750307199984,Normal
3444,0.00011190708966849875,Normal
3445,0.00022007944957868215,Normal
3446,0.00021725183828886474,Normal
3447,0.00019635115302631215,Normal
3448,0.00020765145634122525,Normal
3449,0.00012137750307199984,Normal
3450,0.00011190708966849875,Normal
3451,0.00022007944957868215,Normal
3452,0.00021725183828886474,Normal
3453,0.00019635115302631215,Normal
3454,0.00020765159742863732,Normal
3455,0.00012137737561765033,Normal
3456,0.00011190708966849875,Normal
3457,0.00022007944957868215,Normal
3458,0.00021725183828886474,Normal
3459,0.00019635115302631215,Normal
3460,0.00020765145634122525,Normal
3461,0.00012137750307199984,Normal
3462,0.00011190708966849875,Normal
3463,0.00022007944957868215,Normal
3464,0.00021725183828886474,Normal
3465,0.00019635115302631215,Normal
3466,0.00020765145634122525,Normal
3467,0.00012137750307199984,Normal
3468,0.00011190708966849875,Normal
3469,0.00022007944957868215,Normal
3470,0.00021725183828886474,Normal
3471,0.00019635115302631215,Normal
3472,0.00020765145634122525,Normal
3473,0.00012137750307199984,Normal
3474,0.00011190708966849875,Normal
3475,0.00022007944957868215,Normal
3476,0.00021725183828886474,Normal
3477,0.00019635115302631215,Normal
3478,0.00020765145634122525,Normal
3479,0.00012137750307199984,Normal
3480,0.00011190708966849875,Normal
3481,0.00022007944957868215,Normal
3482,0.00021725183828886474,Normal
3483,0.00019635115302631215,Normal
3484,0.00020765145634122525,Normal
3485,0.00012137750307199984,Normal
3486,0.00011190728650249587,Normal
3487,0.00010922055215264583,Normal
3488,0.00010528402210202845,Normal
3489,8.658865098569611e-05,Normal
3490,0.0001746367735151823,Normal
3491,9.585073088259475e-05,Normal
3492,9.11845102054995e-05,Normal
3493,8.450235031025494e-05,Normal
3494,7.663999686814343e-05,Normal
3495,6.548711764096989e-05,Normal
3496,7.259682907299943e-05,Normal
3497,6.638630784131126e-05,Normal
3498,5.2719891233901215e-05,Normal
3499,7.326779206622732e-05,Normal
3500,3.329224345272929e-05,Normal
3501,3.01418135637173e-05,Normal
3502,2.548960994778589e-05,Normal
3503,2.213329220370468e-05,Normal
3504,1.5349306422132444e-05,Normal
3505,5.4606144277148454e-05,Normal
3506,5.101461241080786e-05,Normal
3507,4.538402029595644e-05,Normal
3508,4.814626998536812e-05,Normal
3509,4.193201293269331e-05,Normal
3510,3.700726595134908e-05,Normal
3511,0.00015422087570256688,Normal
3512,0.00015238066970576966,Normal
3513,0.0001410523420250836,Normal
3514,0.00014715371628993884,Normal
3515,0.00012137750307199984,Normal
3516,0.00011190708966849875,Normal
3517,0.00022007944957868215,Normal
3518,0.00021725113840718262,Normal
3519,0.00019635110058706918,Normal
3520,0.00020765145634122525,Normal
3521,0.00012137750307199984,Normal
3522,0.00011190708966849875,Normal
3523,0.00022007944957868215,Normal
3524,0.00021725183828886474,Normal
3525,0.00019635115302631215,Normal
3526,0.00020765145634122525,Normal
3527,0.00012137750307199984,Normal
3528,0.00011190708966849875,Normal
3529,0.00022007944957868215,Normal
3530,0.00021725183828886474,Normal
3531,0.00019635115302631215,Normal
3532,0.00020765145634122525,Normal
3533,0.00012137750307199984,Normal
3534,0.00011190708966849875,Normal
3535,0.00022007944957868215,Normal
3536,0.00021725183828886474,Normal
3537,0.00019635115302631215,Normal
3538,0.00020765145634122525,Normal
3539,0.00012137750307199984,Normal
3540,0.00011190708966849875,Normal
3541,0.00022007944957868215,Normal
3542,0.00021725183828886474,Normal
3543,0.00019635115302631215,Normal
3544,0.00020765145634122525,Normal
3545,0.00012137750307199984,Normal
3546,0.00011190708966849875,Normal
3547,9.708945702866241e-05,Normal
3548,9.292794327006751e-05,Normal
3549,7.482267727649007e-05,Normal
3550,0.00021399814242308848,Normal
3551,0.000137418573080642,Normal
3552,0.0001345389256496306,Normal
3553,0.00013045528320872798,Normal
3554,0.00012137750307199984,Normal
3555,0.00011190708966849875,Normal
3556,9.708945702866241e-05,Normal
3557,9.292794327006751e-05,Normal
3558,7.482267727649007e-05,Normal
3559,0.00012292291830016058,Normal
3560,4.9644780182861296e-05,Normal
3561,4.8371444740848005e-05,Normal
3562,4.626443846920429e-05,Normal
3563,4.193201293269331e-05,Normal
3564,3.700726595134908e-05,Normal
3565,2.978257542190316e-05,Normal
3566,2.7426994177159733e-05,Normal
3567,1.856229415940598e-05,Normal
3568,6.40530493682136e-05,Normal
3569,4.9644780182861296e-05,Normal
3570,4.8371444740848005e-05,Normal
3571,4.626443846920429e-05,Normal
3572,4.193201293269331e-05,Normal
3573,3.700726595134908e-05,Normal
3574,2.978257542190316e-05,Normal
3575,2.7426994177159733e-05,Normal
3576,1.856229415940598e-05,Normal
3577,2.44030356574075e-05,Normal
3578,1.2014352608331617e-05,Normal
3579,1.2006030408136324e-05,Normal
3580,4.9438775586337555e-05,Normal
3581,4.917155686144329e-05,Normal
3582,4.7861650240434245e-05,Normal
3583,4.572089311428034e-05,Normal
3584,4.1396371871534496e-05,Normal
3585,3.6452943787152904e-05,Normal
3586,6.670819925927481e-05,Normal
3587,6.456070470074381e-05,Normal
3588,5.4698252997721796e-05,Normal
3589,6.04865788765973e-05,Normal
3590,4.193201293269331e-05,Normal
3591,3.700726595134908e-05,Normal
3592,6.709487605107e-05,Normal
3593,6.489450627804083e-05,Normal
3594,5.496084179683877e-05,Normal
3595,6.0785777990609145e-05,Normal
3596,4.193201293269331e-05,Normal
3597,3.700726595134908e-05,Normal
3598,6.709487605107e-05,Normal
3599,6.489450627804083e-05,Normal
3600,5.496084179683877e-05,Normal
3601,6.0785777990609145e-05,Normal
3602,4.193201293269331e-05,Normal
3603,3.700726595134908e-05,Normal
3604,6.709487605107e-05,Normal
3605,6.489450627804083e-05,Normal
3606,5.496084179683877e-05,Normal
3607,6.0785777990609145e-05,Normal
3608,4.193201293269331e-05,Normal
3609,3.700726595134908e-05,Normal
3610,6.709487605107e-05,Normal
3611,6.489450627804083e-05,Normal
3612,5.496084179683877e-05,Normal
3613,6.0785777990609145e-05,Normal
3614,4.193196305795314e-05,Normal
3615,3.700740881029344e-05,Normal
3616,0.00015422087570256688,Normal
3617,0.00015238066970576966,Normal
3618,0.0001410523420250836,Normal
3619,0.00014715371628993884,Normal
3620,0.00012137750307199984,Normal
3621,0.00011190708966849875,Normal
3622,0.00022007944957868215,Normal
3623,0.00021725183828886474,Normal
3624,0.00019635115302631215,Normal
3625,0.00020765145634122525,Normal
3626,0.00012137750307199984,Normal
3627,0.00011190708966849875,Normal
3628,0.00013371998066115815,Normal
3629,0.0001300923865641288,Normal
3630,0.00011074715888975773,Normal
3631,0.0001200846725663845,Normal
3632,4.193201293269331e-05,Normal
3633,3.700726595134908e-05,Normal
3634,6.709487605107e-05,Normal
3635,6.489450627804083e-05,Normal
3636,5.496084179683877e-05,Normal
3637,6.0785777990609145e-05,Normal
3638,4.193201293269331e-05,Normal
3639,3.700726595134908e-05,Normal
3640,6.709487605107e-05,Normal
3641,6.489450627804083e-05,Normal
3642,5.496084179683877e-05,Normal
3643,6.0785777990609145e-05,Normal
3644,4.193201293269331e-05,Normal
3645,3.700726595134908e-05,Normal
3646,6.709443158218369e-05,Normal
3647,6.4894457531048e-05,Normal
3648,5.496084179683877e-05,Normal
3649,6.0785777990609145e-05,Normal
3650,4.193201293269331e-05,Normal
3651,3.700726595134908e-05,Normal
3652,6.709487605107e-05,Normal
3653,6.489450627804083e-05,Normal
3654,5.496084179683877e-05,Normal
3655,6.0785777990609145e-05,Normal
3656,4.193201293269331e-05,Normal
3657,3.700726595134908e-05,Normal
3658,6.709487605107e-05,Normal
3659,6.489450627804083e-05,Normal
3660,5.496084179683877e-05,Normal
3661,6.0785777990609145e-05,Normal
3662,4.193201293269331e-05,Normal
3663,3.700726595134908e-05,Normal
3664,0.00015422087570256688,Normal
3665,0.00015238066970576966,Normal
3666,0.0001410523420250836,Normal
3667,0.00014715371628993884,Normal
3668,0.00012137750307199984,Normal
3669,0.00011190708966849875,Normal
3670,0.00022007944957868215,Normal
3671,0.00021725183828886474,Normal
3672,0.00019635115302631215,Normal
3673,0.00020765145634122525,Normal
3674,0.00012137750307199984,Normal
3675,0.00011190708966849875,Normal
3676,0.00022007944957868215,Normal
3677,0.00021725183828886474,Normal
3678,0.00019635110058706918,Normal
3679,0.00020765159742863732,Normal
3680,0.00012137750307199984,Normal
3681,0.00011190708966849875,Normal
3682,0.00013371998066115815,Normal
3683,0.0001300923865641288,Normal
3684,0.00011074715888975773,Normal
3685,0.0001200846725663845,Normal
3686,4.193201293269331e-05,Normal
3687,3.700726595134908e-05,Normal
3688,6.709487605107e-05,Normal
3689,6.489450627804083e-05,Normal
3690,5.496084179683877e-05,Normal
3691,6.0785777990609145e-05,Normal
3692,4.193201293269331e-05,Normal
3693,3.700726595134908e-05,Normal
3694,6.709487605107e-05,Normal
3695,6.489450627804083e-05,Normal
3696,5.496084179683877e-05,Normal
3697,6.0785777990609145e-05,Normal
3698,4.193201293269331e-05,Normal
3699,3.700726595134908e-05,Normal
3700,6.709487605107e-05,Normal
3701,6.489450627804083e-05,Normal
3702,5.496084179683877e-05,Normal
3703,6.0785777990609145e-05,Normal
3704,4.193201293269331e-05,Normal
3705,3.700726595134908e-05,Normal
3706,6.709487605107e-05,Normal
3707,6.489450627804083e-05,Normal
3708,5.496084179683877e-05,Normal
3709,6.0785777990609145e-05,Normal
3710,4.193196305795314e-05,Normal
3711,3.700740881029344e-05,Normal
3712,6.709487605107e-05,Normal
3713,6.489450627804083e-05,Normal
3714,5.496084179683877e-05,Normal
3715,6.0785777990609145e-05,Normal
3716,4.193201293269331e-05,Normal
3717,3.700726595134908e-05,Normal
3718,0.00010440107202303517,Normal
3719,0.00010237889923092032,Normal
3720,9.179659005576086e-05,Normal
3721,9.77373183103554e-05,Normal
3722,7.547602771122434e-05,Normal
3723,6.823422536500134e-05,Normal
3724,5.725673642110327e-05,Normal
3725,5.3951629011662505e-05,Normal
3726,0.00011633905867394286,Normal
3727,0.00012646341234820674,Normal
3728,8.524496231635914e-05,Normal
3729,8.213106531798465e-05,Normal
3730,7.547602771122434e-05,Normal
3731,0.0003303867702741786,Normal
3732,0.000317265959569405,Normal
3733,0.0003107008150635826,Normal
3734,0.0002929996526871117,Normal
3735,0.00029617011243567926,Normal
3736,0.0003603661370203107,Normal
3737,0.0003348514530853167,Normal
3738,0.0003284051937867276,Normal
3739,0.0002961378238798713,Normal
3740,0.00031068439179364563,Normal
3741,0.0002363761899220538,Normal
3742,0.0002196301968571446,Normal
3743,0.0002139807744847295,Normal
3744,0.00019231856814406228,Normal
3745,0.00020011925007792892,Normal
3746,0.0002363761899220538,Normal
3747,0.00021963065320506448,Normal
3748,0.0002139805993593881,Normal
3749,0.00019231856814406228,Normal
3750,0.00020011925007792892,Normal
3751,0.0002363761899220538,Normal
3752,0.00021963065320506448,Normal
3753,0.0002139805993593881,Normal
3754,0.00019231856814406228,Normal
3755,0.00020011925007792892,Normal
3756,0.0002363761899220538,Normal
3757,0.00021963065320506448,Normal
3758,0.0002139805993593881,Normal
3759,0.00019231856814406228,Normal
3760,0.00020011925007792892,Normal
3761,0.0002363761899220538,Normal
3762,0.00021963065320506448,Normal
3763,0.0002139805993593881,Normal
3764,0.00019231856814406228,Normal
3765,0.00020011925007792892,Normal
3766,0.00014930044652783494,Normal
3767,0.00013336537191518442,Normal
3768,0.0001286250490445412,Normal
3769,0.00010866250214697942,Normal
3770,0.00011649996252791766,Normal
3771,7.469614333654092e-05,Normal
3772,6.679718740714932e-05,Normal
3773,6.352639486352924e-05,Normal
3774,5.285931725784145e-05,Normal
3775,5.677683402193186e-05,Normal
3776,7.469614333654092e-05,Normal
3777,6.679718740714932e-05,Normal
3778,6.352639486352924e-05,Normal
3779,5.2859280721265166e-05,Normal
3780,5.677679265400807e-05,Normal
3781,7.469614333654092e-05,Normal
3782,6.679718740714932e-05,Normal
3783,6.352639486352924e-05,Normal
3784,5.2859280721265166e-05,Normal
3785,5.677679265400807e-05,Normal
3786,0.00016218331654364757,Normal
3787,0.0001538195112710993,Normal
3788,0.00014929638340007608,Normal
3789,0.00013698626856233623,Normal
3790,0.00013877077788804478,Normal
3791,0.00014930044652783494,Normal
3792,0.00013336537191518442,Normal
3793,0.0001286250490445412,Normal
3794,0.00010866250214697942,Normal
3795,0.00011649996252791766,Normal
3796,7.469614333654092e-05,Normal
3797,6.679718740714932e-05,Normal
3798,6.352639486352924e-05,Normal
3799,5.2859280721265166e-05,Normal
3800,5.677679265400807e-05,Normal
3801,7.469614333654092e-05,Normal
3802,6.679718740714932e-05,Normal
3803,6.352639486352924e-05,Normal
3804,5.2859280721265166e-05,Normal
3805,5.677679265400807e-05,Normal
3806,7.469603868792037e-05,Normal
3807,6.679716248923968e-05,Normal
3808,6.352639486352924e-05,Normal
3809,5.2859280721265166e-05,Normal
3810,5.677679265400807e-05,Normal
3811,7.469614333654092e-05,Normal
3812,6.679718740714932e-05,Normal
3813,6.352639486352924e-05,Normal
3814,5.2859280721265166e-05,Normal
3815,5.677679265400807e-05,Normal
3816,0.00016218331654364757,Normal
3817,0.0001538195112710993,Normal
3818,0.00014929638340007608,Normal
3819,0.00013698626856233623,Normal
3820,0.00013877077788804478,Normal
3821,0.00014930044652783494,Normal
3822,0.00013336537191518442,Normal
3823,0.0001286250490445412,Normal
3824,0.00010866250214697942,Normal
3825,0.00011649996252791766,Normal
3826,7.469614333654092e-05,Normal
3827,6.679718740714932e-05,Normal
3828,6.352639486352924e-05,Normal
3829,5.2859280721265166e-05,Normal
3830,5.677679265400807e-05,Normal
3831,7.469614333654092e-05,Normal
3832,6.679718740714932e-05,Normal
3833,6.352639486352924e-05,Normal
3834,5.2859280721265166e-05,Normal
3835,5.677679265400807e-05,Normal
3836,7.469614333654092e-05,Normal
3837,6.679718740714932e-05,Normal
3838,6.352665218193659e-05,Normal
3839,5.285931725784145e-05,Normal
3840,5.677679265400807e-05,Normal
3841,7.469614333654092e-05,Normal
3842,6.679718740714932e-05,Normal
3843,6.352639486352924e-05,Normal
3844,5.2859280721265166e-05,Normal
3845,5.677679265400807e-05,Normal
3846,0.00011218417955977693,Normal
3847,0.00010405086117714637,Normal
3848,0.00010019634811235466,Normal
3849,8.869483619148553e-05,Normal
3850,9.158696339667113e-05,Normal
3851,8.08188788553239e-05,Normal
3852,6.935003370929339e-05,Normal
3853,6.571952250822497e-05,Normal
3854,5.164200869793849e-05,Normal
3855,5.7538411953873585e-05,Normal
3856,0.00014375390312037527,Normal
3857,0.00013944859782030088,Normal
3858,0.00013566329103492726,Normal
3859,0.00012743837265418313,Normal
3860,0.00012476175002058148,Normal
3861,0.0002363761899220538,Normal
3862,0.00021963065320506448,Normal
3863,0.0002139805993593881,Normal
3864,0.00019231856814406228,Normal
3865,0.00020011925007792892,Normal
3866,0.00014930044652783494,Normal
3867,0.00013336537191518442,Normal
3868,0.0001286250490445412,Normal
3869,0.00010866250214697942,Normal
3870,0.00011649997462496936,Normal
3871,7.469603868792037e-05,Normal
3872,6.679718740714932e-05,Normal
3873,6.352639486352924e-05,Normal
3874,5.2859280721265166e-05,Normal
3875,5.677679265400807e-05,Normal
3876,7.469614333654092e-05,Normal
3877,6.679718740714932e-05,Normal
3878,6.352639486352924e-05,Normal
3879,5.2859280721265166e-05,Normal
3880,5.677679265400807e-05,Normal
3881,7.469614333654092e-05,Normal
3882,6.679718740714932e-05,Normal
3883,6.352639486352924e-05,Normal
3884,5.2859280721265166e-05,Normal
3885,5.677679265400807e-05,Normal
3886,7.469614333654092e-05,Normal
3887,6.679718740714932e-05,Normal
3888,6.352639486352924e-05,Normal
3889,5.2859280721265166e-05,Normal
3890,5.677679265400807e-05,Normal
3891,7.469614333654092e-05,Normal
3892,6.679718740714932e-05,Normal
3893,6.352639486352924e-05,Normal
3894,5.2859280721265166e-05,Normal
3895,5.677679265400807e-05,Normal
3896,0.0007250045757349895,Normal
3897,0.0007152877634894741,Normal
3898,0.0007047222979426345,Normal
3899,0.0007250831748952185,Normal
3900,0.0007188312851977612,Normal
3901,0.0007914765703287086,Normal
3902,0.0007440575544848339,Normal
3903,0.0007344162009856979,Normal
3904,0.000676092824433898,Normal
3905,0.0008347269652142517,Anomaly
3906,0.00025103379483592994,Normal
3907,0.00022479200292640014,Normal
3908,0.00022917619367876935,Normal
3909,0.00018314876884957407,Normal
3910,0.00031882223342451476,Normal
3911,0.00021963065320506448,Normal
3912,0.0002139805993593881,Normal
3913,0.00019231856814406228,Normal
3914,0.00020011925007792892,Normal
3915,0.0002363761899220538,Normal
3916,0.00021963065320506448,Normal
3917,0.0002139805993593881,Normal
3918,0.00019231856814406228,Normal
3919,0.00020011925007792892,Normal
3920,0.0002363761899220538,Normal
3921,0.00021963065320506448,Normal
3922,0.0002139805993593881,Normal
3923,0.00019231856814406228,Normal
3924,0.00020011925007792892,Normal
3925,0.0002363761899220538,Normal
3926,0.00021963065320506448,Normal
3927,0.0002139805993593881,Normal
3928,0.00019231856814406228,Normal
3929,0.00020011925007792892,Normal
3930,0.00018658208759369773,Normal
3931,0.00017024171629474732,Normal
3932,0.00016508861253162853,Normal
3933,0.00014426312858134078,Normal
3934,0.00015212273520868726,Normal
3935,0.00019305503316056926,Normal
3936,0.00018054769120870562,Normal
3937,0.0001754387329740935,Normal
3938,0.00015909858008335,Normal
3939,0.0001635954428446106,Normal
3940,0.00018658208759369773,Normal
3941,0.00017024171629474732,Normal
3942,0.00016508861253162853,Normal
3943,0.00014426312858134078,Normal
3944,0.00015212298431511168,Normal
3945,0.00010577662934668612,Normal
3946,9.390291049772124e-05,Normal
3947,8.986273957804087e-05,Normal
3948,7.50039647365776e-05,Normal
3949,8.051556301262133e-05,Normal
3950,0.00016218331654364757,Normal
3951,0.0001538195112710993,Normal
3952,0.00014929638340007608,Normal
3953,0.00013698626856233623,Normal
3954,0.00013877077788804478,Normal
3955,0.0002363761899220538,Normal
3956,0.00021963065320506448,Normal
3957,0.0002139805993593881,Normal
3958,0.00019231856814406228,Normal
3959,0.00020011925007792892,Normal
3960,0.00011190708966849875,Normal
3961,0.00022007944957868215,Normal
3962,0.00021725183828886474,Normal
3963,0.00019635115302631215,Normal
3964,0.00020765145634122525,Normal
3965,0.00012137750307199984,Normal
3966,0.00011190728650249587,Normal
3967,0.00022007964424886097,Normal
3968,0.00021725183828886474,Normal
3969,0.00019635115302631215,Normal
3970,0.00020765145634122525,Normal
3971,0.00012137750307199984,Normal
3972,0.00011190708966849875,Normal
3973,0.00022007944957868215,Normal
3974,0.00021725183828886474,Normal
3975,0.00019635115302631215,Normal
3976,0.00020765145634122525,Normal
3977,0.00012137750307199984,Normal
3978,0.00011190708966849875,Normal
3979,0.00022007944957868215,Normal
3980,0.00021725183828886474,Normal
3981,0.00019635115302631215,Normal
3982,0.00020765145634122525,Normal
3983,0.00012137750307199984,Normal
3984,0.00011190708966849875,Normal
3985,0.00022007944957868215,Normal
3986,0.00021725183828886474,Normal
3987,0.00019635115302631215,Normal
3988,0.00020765145634122525,Normal
3989,0.00012137750307199984,Normal
3990,0.00011190708966849875,Normal
3991,0.00022007944957868215,Normal
3992,0.00021725183828886474,Normal
3993,0.00019635115302631215,Normal
3994,0.00020765145634122525,Normal
3995,0.00012137750307199984,Normal
3996,0.00011190708966849875,Normal
3997,0.00022007944957868215,Normal
3998,0.00021725113840718262,Normal
3999,0.00019635110058706918,Normal
4000,0.00020765145634122525,Normal
4001,0.00012137750307199984,Normal
4002,0.00011190708966849875,Normal
4003,0.00022007944957868215,Normal
4004,0.00021725183828886474,Normal
4005,0.00019635115302631215,Normal
4006,0.00020765145634122525,Normal
4007,0.00012137750307199984,Normal
4008,0.00011190708966849875,Normal
4009,0.0003564889890693535,Normal
4010,0.00035448447911611903,Normal
4011,0.00033164324718261727,Normal
4012,0.00034508045615557224,Normal
4013,0.00025024821294624116,Normal
4014,0.00023660233505219149,Normal
4015,0.0002497640427664523,Normal
4016,0.00024508171875489574,Normal
4017,0.0002154497379342527,Normal
4018,0.00022907503066073166,Normal
4019,4.193201293269331e-05,Normal
4020,3.700726595134908e-05,Normal
4021,0.00015422087570256688,Normal
4022,0.00015238066970576966,Normal
4023,0.0001410523420250836,Normal
4024,0.00014715371628993884,Normal
4025,0.00012137750307199984,Normal
4026,0.00011190708966849875,Normal
4027,9.708945702866241e-05,Normal
4028,0.0002176558859360061,Normal
4029,0.00019936494750522998,Normal
4030,0.0002122705246959593,Normal
4031,0.0001304552365780631,Normal
4032,0.00012137750307199984,Normal
4033,0.00011190708966849875,Normal
4034,9.708945702866241e-05,Normal
4035,0.0002176558859360061,Normal
4036,0.00019936494750522998,Normal
4037,0.00021227068457617304,Normal
4038,0.00013045528320872798,Normal
4039,0.00012137750307199984,Normal
4040,0.00011190708966849875,Normal
4041,9.708945702866241e-05,Normal
4042,0.0002176558859360061,Normal
4043,0.00019936494750522998,Normal
4044,0.00021227068457617304,Normal
4045,0.00013045528320872798,Normal
4046,0.00012137750307199984,Normal
4047,0.00011190708966849875,Normal
4048,9.708945702866241e-05,Normal
4049,0.0002176558859360061,Normal
4050,0.00019936494750522998,Normal
4051,0.00021227068457617304,Normal
4052,0.00013045528320872798,Normal
4053,0.00012137750307199984,Normal
4054,0.00011190708966849875,Normal
4055,9.708945702866241e-05,Normal
4056,0.0002176558859360061,Normal
4057,0.00019936494750522998,Normal
4058,0.00021227068457617304,Normal
4059,0.00013045528320872798,Normal
4060,0.00012137750307199984,Normal
4061,0.00011190708966849875,Normal
4062,9.708921797128134e-05,Normal
4063,0.00021765596347904115,Normal
4064,0.00019936494750522998,Normal
4065,0.00021227068457617304,Normal
4066,0.00013045528320872798,Normal
4067,0.00012137750307199984,Normal
4068,0.00011190708966849875,Normal
4069,9.708945702866241e-05,Normal
4070,0.0002176558859360061,Normal
4071,0.00019936494750522998,Normal
4072,0.00021227068457617304,Normal
4073,0.00013045528320872798,Normal
4074,0.00012137750307199984,Normal
4075,0.00011190708966849875,Normal
4076,9.708945702866241e-05,Normal
4077,9.292794327006751e-05,Normal
4078,0.0001997419544382,Normal
4079,0.00021378491827928682,Normal
4080,0.0001345389256496306,Normal
4081,0.00013045528320872798,Normal
4082,0.00012137750307199984,Normal
4083,0.00014930044652783494,Normal
4084,0.00013336537191518442,Normal
4085,0.0001286250490445412,Normal
4086,0.00010866250214697942,Normal
4087,0.00011649996252791766,Normal
4088,7.469614333654092e-05,Normal
4089,6.679718740714932e-05,Normal
4090,6.352639486352924e-05,Normal
4091,5.2859280721265166e-05,Normal
4092,5.677679265400807e-05,Normal
4093,7.469614333654092e-05,Normal
4094,6.679716248923968e-05,Normal
4095,6.352665218193659e-05,Normal
4096,5.2859280721265166e-05,Normal
4097,5.677679265400807e-05,Normal
4098,7.469614333654092e-05,Normal
4099,6.679718740714932e-05,Normal
4100,6.352639486352924e-05,Normal
4101,5.2859280721265166e-05,Normal
4102,5.677679265400807e-05,Normal
4103,7.469614333654092e-05,Normal
4104,6.679718740714932e-05,Normal
4105,6.352639486352924e-05,Normal
4106,5.2859280721265166e-05,Normal
4107,5.677679265400807e-05,Normal
4108,7.469614333654092e-05,Normal
4109,6.679718740714932e-05,Normal
4110,6.352639486352924e-05,Normal
4111,5.2859280721265166e-05,Normal
4112,5.677679265400807e-05,Normal
4113,0.00016218331654364757,Normal
4114,0.0001538195112710993,Normal
4115,0.00014929638340007608,Normal
4116,0.00013698626856233623,Normal
4117,0.00013877077788804478,Normal
4118,0.0002363761899220538,Normal
4119,0.00021963065320506448,Normal
4120,0.0002139805993593881,Normal
4121,0.00019231856814406228,Normal
4122,0.00020011925007792892,Normal
4123,0.0002363761899220538,Normal
4124,0.00021963065320506448,Normal
4125,0.0002139805993593881,Normal
4126,0.00019231847674345187,Normal
4127,0.00020011977292132315,Normal
4128,0.00014930044652783494,Normal
4129,0.00013336537191518442,Normal
4130,0.0001286250490445412,Normal
4131,0.00010866250214697942,Normal
4132,0.00011649996252791766,Normal
4133,7.469614333654092e-05,Normal
4134,6.679718740714932e-05,Normal
4135,6.352639486352924e-05,Normal
4136,5.2859280721265166e-05,Normal
4137,5.677679265400807e-05,Normal
4138,7.469614333654092e-05,Normal
4139,6.679718740714932e-05,Normal
4140,6.352639486352924e-05,Normal
4141,5.2859280721265166e-05,Normal
4142,5.677679265400807e-05,Normal
4143,7.469614333654092e-05,Normal
4144,6.679718740714932e-05,Normal
4145,6.352639486352924e-05,Normal
4146,5.2859280721265166e-05,Normal
4147,5.677679265400807e-05,Normal
4148,7.469614333654092e-05,Normal
4149,6.679718740714932e-05,Normal
4150,6.352639486352924e-05,Normal
4151,5.2859280721265166e-05,Normal
4152,5.677679265400807e-05,Normal
4153,7.469614333654092e-05,Normal
4154,6.679718740714932e-05,Normal
4155,6.352639486352924e-05,Normal
4156,5.2859280721265166e-05,Normal
4157,5.677679265400807e-05,Normal
4158,0.00016218287495227204,Normal
4159,0.0001538196282347849,Normal
4160,0.00014929638340007608,Normal
4161,0.00013698626856233623,Normal
4162,0.00013877077788804478,Normal
4163,0.0002363761899220538,Normal
4164,0.00021963065320506448,Normal
4165,0.0002139805993593881,Normal
4166,0.00019231856814406228,Normal
4167,0.00020011925007792892,Normal
4168,0.0002363761899220538,Normal
4169,0.00021963065320506448,Normal
4170,0.0002139805993593881,Normal
4171,0.00019231856814406228,Normal
4172,0.00020011925007792892,Normal
4173,0.00011190708966849875,Normal
4174,0.00010922039696084323,Normal
4175,0.00040987966751198084,Normal
4176,0.0004153889521778053,Normal
4177,0.00043163459573887606,Normal
4178,0.00033964005256947714,Normal
4179,0.0003335154060014629,Normal
4180,0.00031212468891554917,Normal
4181,0.00028214146013493056,Normal
4182,0.00028804375742446335,Normal
4183,0.0003144013287828395,Normal
4184,0.0003160091092426666,Normal
4185,9.797016568813626e-05,Normal
4186,0.00010695172470229905,Normal
4187,0.00014757568146576017,Normal
4188,0.00014397243935550401,Normal
4189,0.00012372028234612542,Normal
4190,0.00012491131333871366,Normal
4191,0.00017641025421746088,Normal
4192,0.0001705920279498629,Normal
4193,0.00012536852082844523,Normal
4194,0.00011405998145580724,Normal
4195,0.00013839497313515044,Normal
4196,0.00017047604327893325,Normal
4197,0.00012667647046551875,Normal
4198,0.00011569708049792259,Normal
4199,0.00010217688627466246,Normal
4200,0.00013882813481726696,Normal
4201,9.438388731056134e-05,Normal
4202,8.176461595585528e-05,Normal
4203,7.093137964036238e-05,Normal
4204,0.00025601667515039097,Normal
4205,0.0002435633456230282,Normal
4206,0.00021200824839750108,Normal
4207,0.00039188540742999525,Normal
4208,0.0003713480973464445,Normal
4209,0.000372468841359253,Normal
4210,0.0003244007791465129,Normal
4211,0.0003452420474654541,Normal
4212,0.0003492823773940259,Normal
4213,0.00035653349837424223,Normal
4214,0.00021386874766954016,Normal
4215,0.0001855468140127461,Normal
4216,0.00023228471977041363,Normal
4217,9.466613362492661e-05,Normal
4218,8.176461595585528e-05,Normal
4219,8.40005468480529e-05,Normal
4220,9.046265287909812e-05,Normal
4221,7.759589734811826e-05,Normal
4222,5.228208901931116e-05,Normal
4223,4.758379968981812e-05,Normal
4224,0.00015939013304762015,Normal
4225,0.00016471348624842182,Normal
4226,0.00013840089193013105,Normal
4227,0.0001303663937565259,Normal
4228,0.00019747861821950945,Normal
4229,0.00022889238599199576,Normal
4230,0.00027923177470558637,Normal
4231,0.0002865648897884326,Normal
4232,0.0002600356722586112,Normal
4233,0.0002638232077841739,Normal
4234,0.00020059270611133038,Normal
4235,0.0002565095816901055,Normal
4236,0.0002715346150665519,Normal
4237,0.00039426814111624356,Normal
4238,0.0005303640055485242,Normal
4239,0.0005186336366357773,Normal
4240,0.00045174769181880326,Normal
4241,0.00041605638108280495,Normal
4242,0.00039077450894703787,Normal
4243,0.0003704213005417402,Normal
4244,0.0003215516394689288,Normal
4245,0.00025728219263790287,Normal
4246,0.0002596200373333697,Normal
4247,0.00022632544446583337,Normal
4248,9.98386703777811e-05,Normal
4249,8.727041206634574e-05,Normal
4250,9.078648027189043e-05,Normal
4251,0.00015710200917655828,Normal
4252,0.00014881224263153136,Normal
4253,0.00012996240415867098,Normal
4254,0.00011780409688776491,Normal
4255,0.0002347686677363631,Normal
4256,0.0002169337204357841,Normal
4257,0.00018082704707416973,Normal
4258,0.00017067847102649952,Normal
4259,0.00022913251407100763,Normal
4260,0.00024455166643431883,Normal
4261,0.0001803633711159472,Normal
4262,0.00017391066881212053,Normal
4263,0.00016167506968920315,Normal
4264,0.0002460693902659411,Normal
4265,0.0001518834605703757,Normal
4266,0.00014083984559214432,Normal
4267,0.00012497428804583594,Normal
4268,0.00016065353480494734,Normal
4269,0.0001525885767492239,Normal
4270,0.00013373837671347557,Normal
4271,0.00012344185350763882,Normal
4272,0.00010919731604371315,Normal
4273,0.0001478222526838836,Normal
4274,0.00013282909886631536,Normal
4275,0.00012005247964631895,Normal
4276,0.00010839282807399853,Normal
4277,0.00010036267705543162,Normal
4278,0.0001228999290479873,Normal
4279,0.00013282909886631536,Normal
4280,0.00012005247964631895,Normal
4281,0.00010839282807399853,Normal
4282,0.00010036267705543162,Normal
4283,0.00021229205047492745,Normal
4284,0.00018234379510534654,Normal
4285,0.00016716802099966043,Normal
4286,0.00015567017876256915,Normal
4287,0.00027347685936210907,Normal
4288,0.00025621395791316115,Normal
4289,0.0002163172866750873,Normal
4290,0.0003335982572565788,Normal
4291,0.00030596716842811367,Normal
4292,0.0003165292452827201,Normal
4293,0.00021299337267005085,Normal
4294,0.00023708722168138855,Normal
4295,0.0002485998197692406,Normal
4296,0.0002530227693687179,Normal
4297,0.0001628116261991072,Normal
4298,0.00013983273647064467,Normal
4299,0.0001838011030060756,Normal
4300,0.00013282909886631536,Normal
4301,0.00012005247964631895,Normal
4302,0.00010839282807399853,Normal
4303,0.00010036267705543162,Normal
4304,0.0001228999290479873,Normal
4305,0.00013282909886631536,Normal
4306,0.00012005247964631895,Normal
4307,0.00010839282807399853,Normal
4308,0.00011398831412101325,Normal
4309,0.00017482459116937733,Normal
4310,0.00014512216821294032,Normal
4311,0.00012996240415867098,Normal
4312,0.00011780424313268589,Normal
4313,0.0001837868484596054,Normal
4314,0.0001794830992361399,Normal
4315,0.00014489999449613153,Normal
4316,0.0001345539999465594,Normal
4317,0.0001320390963235418,Normal
4318,0.00018902520950225585,Normal
4319,0.00031973427951061855,Normal
4320,0.00031012608216754743,Normal
4321,0.0002926769561395001,Normal
4322,0.00028907936520258207,Normal
4323,0.00028626225820662103,Normal
4324,0.0002744687141711302,Normal
4325,0.0002437982011540733,Normal
4326,0.0002310728133355443,Normal
4327,0.0002452950943583269,Normal
4328,0.0002242101488495859,Normal
4329,8.534340471798359e-05,Normal
4330,7.608740597584026e-05,Normal
4331,6.113908818079548e-05,Normal
4332,5.878825629672924e-05,Normal
4333,3.175112950784884e-05,Normal
4334,0.00029038468841735034,Normal
4335,0.0002818211544716305,Normal
4336,0.0002898185589365901,Normal
4337,0.0002644522130316214,Normal
4338,0.00025024821294624116,Normal
4339,0.00023660233505219149,Normal
4340,0.00022563115628825456,Normal
4341,0.00022046259890049638,Normal
4342,0.0001917549808892563,Normal
4343,0.0002836568503224382,Normal
4344,9.585073088259475e-05,Normal
4345,9.11845102054995e-05,Normal
4346,0.00020893598474226624,Normal
4347,0.00020061161231023657,Normal
4348,0.00018669595732794198,Normal
4349,0.0003036112209767436,Normal
4350,0.0002850443868823119,Normal
4351,0.0002617842234741611,Normal
4352,0.00038876930331735796,Normal
4353,0.00032320202210913394,Normal
4354,0.0002944012472504755,Normal
4355,0.00042636061895167906,Normal
4356,0.00032320202210913394,Normal
4357,0.0002944012472504755,Normal
4358,0.00042636061895167906,Normal
4359,0.00032320202210913394,Normal
4360,0.0002944012472504755,Normal
4361,0.0003371994038404919,Normal
4362,0.0002737091429781678,Normal
4363,0.0002476808822276719,Normal
4364,0.00025009089001377515,Normal
4365,0.0002822697441269825,Normal
4366,0.0002537667769276871,Normal
4367,0.0002596703347342682,Normal
4368,0.00016367936674937454,Normal
4369,0.0001839825351697205,Normal
4370,0.00021375397382182668,Normal
4371,0.0001899414978098213,Normal
4372,0.0001628116261991072,Normal
4373,0.00013983273647064467,Normal
4374,0.0001838011030060756,Normal
4375,0.00013282909886631536,Normal
4376,0.00012005247964631895,Normal
4377,0.00010839282807399853,Normal
4378,0.00010036267705543162,Normal
4379,0.0001613363834086821,Normal
4380,0.00013224956852869396,Normal
4381,0.00011825171723904859,Normal
4382,0.00029623444073904567,Normal
4383,0.0002899888763250281,Normal
4384,0.00027188142527757506,Normal
4385,0.00035671523925126134,Normal
4386,0.000342497903902528,Normal
4387,0.00031754774661543116,Normal
4388,0.0004414089369940235,Normal
4389,0.00037375810875088625,Normal
4390,0.00033939285838663667,Normal
4391,0.0004764572306389209,Normal
4392,0.00032320202210913394,Normal
4393,0.0002944012472504755,Normal
4394,0.00037552007853446925,Normal
4395,0.00027379636651667696,Normal
4396,0.00024581670569861927,Normal
4397,0.00032633042203526313,Normal
4398,0.0002287095382176462,Normal
4399,0.00020252569013805925,Normal
4400,0.00024682525410501876,Normal
4401,0.0001532415424624119,Normal
4402,0.0001330854609888213,Normal
4403,0.000262650305509491,Normal
4404,0.00020719493675789457,Normal
4405,0.00018759744752036903,Normal
4406,0.0003206347096803004,Normal
4407,0.00025923921587897407,Normal
4408,0.0002396079393746356,Normal
4409,0.0003905306134147433,Normal
4410,0.00035259400252989146,Normal
4411,0.00032335419254780656,Normal
4412,0.0004856923451897953,Normal
4413,0.00037968834547000903,Normal
4414,0.0003495626819574285,Normal
4415,0.0004297823735429565,Normal
4416,0.0003246815837983192,Normal
4417,0.00029312930226772945,Normal
4418,0.000425776332364808,Normal
4419,0.00030200235379228437,Normal
4420,0.0002722024018333232,Normal
4421,0.00040906927657369566,Normal
4422,0.0002850447365396975,Normal
4423,0.00026178380754836983,Normal
4424,0.00038876930331735796,Normal
4425,0.00032320202210913394,Normal
4426,0.0002944012472504755,Normal
4427,0.00042636061895167906,Normal
4428,0.00032320202210913394,Normal
4429,0.0002944012472504755,Normal
4430,0.00042636061895167906,Normal
4431,0.00032320202210913394,Normal
4432,0.0002944012472504755,Normal
4433,0.00042636061895167906,Normal
4434,0.00032320202210913394,Normal
4435,0.0002944012472504755,Normal
4436,0.00042636061895167906,Normal
4437,0.00032320202210913394,Normal
4438,0.0002944012472504755,Normal
4439,0.000754911030574332,Normal
4440,0.0006460178677445499,Normal
4441,0.000612893130414343,Normal
4442,0.0007476045569600439,Normal
4443,0.0006264269748068702,Normal
4444,0.0005915860523612398,Normal
4445,0.0007122207675682579,Normal
4446,0.0006003331884532142,Normal
4447,0.0005489892036533972,Normal
4448,0.0007017862070394673,Normal
4449,0.00032320202210913394,Normal
4450,0.0002944012472504755,Normal
4451,0.00042636061895167906,Normal
4452,0.00032320202210913394,Normal
4453,0.0002944012472504755,Normal
4454,0.00042636061895167906,Normal
4455,0.00032320202210913394,Normal
4456,0.0002944012472504755,Normal
4457,0.00042636061895167906,Normal
4458,0.00032320202210913394,Normal
4459,0.0002944012472504755,Normal
4460,0.00042636061895167906,Normal
4461,0.00032320202210913394,Normal
4462,0.0002944012472504755,Normal
4463,0.00042636061895167906,Normal
4464,0.00032320202210913394,Normal
4465,0.0002944012472504755,Normal
4466,0.00042636061895167906,Normal
4467,0.00032320202210913394,Normal
4468,0.0002944012472504755,Normal
4469,0.00042636061895167906,Normal
4470,0.00032320202210913394,Normal
4471,0.0002944012472504755,Normal
4472,0.0003371994038404919,Normal
4473,0.0002491332383270493,Normal
4474,0.0002225317727289593,Normal
4475,0.00022476030840384745,Normal
4476,0.00032034143442251665,Normal
4477,0.0002949272190524932,Normal
4478,0.00030314041598988715,Normal
4479,0.0002215052000202438,Normal
4480,0.00032713580061169835,Normal
4481,0.0003239537137908096,Normal
4482,0.0002854782132230219,Normal
4483,0.0010928604263859237,Anomaly
4484,0.001055304403415745,Anomaly
4485,0.0010752894429421713,Anomaly
4486,0.0010226570282855045,Anomaly
4487,0.0009856749702084901,Anomaly
4488,0.0009544221433411108,Anomaly
4489,0.0010558869591904196,Anomaly
4490,0.0009391233804865147,Anomaly
4491,0.0008707639741004957,Anomaly
4492,0.0010397773890379089,Anomaly
4493,0.00032320202210913394,Normal
4494,0.0002944012472504755,Normal
4495,0.00042636061895167906,Normal
4496,0.00032320202210913394,Normal
4497,0.0002944012472504755,Normal
4498,0.00042636061895167906,Normal
4499,0.00032320202210913394,Normal
4500,0.0002944012472504755,Normal
4501,0.00037552007853446925,Normal
4502,0.00027379636651667696,Normal
4503,0.00024581670569861927,Normal
4504,0.002894532754360181,Anomaly
4505,0.0028103878535435485,Anomaly
4506,0.002828670236542566,Anomaly
4507,0.002898159508741039,Anomaly
4508,0.002744336043436996,Anomaly
4509,0.002748000029771751,Anomaly
4510,0.0027150755605435065,Anomaly
4511,0.002669187888162322,Anomaly
4512,0.002596463379807345,Anomaly
4513,0.0026404044378297064,Anomaly
4514,0.000683006213440426,Normal
4515,0.0006873325049315811,Normal
4516,0.000651034094212196,Normal
4517,0.0006444144386174848,Normal
4518,0.0006249056360152921,Normal
4519,0.0006136304688094841,Normal
4520,0.0005852466991583874,Normal
4521,0.000585122021800427,Normal
4522,0.0005275520885287502,Normal
4523,0.0005273074247813912,Normal
4524,0.0003383959879869966,Normal
4525,0.000338142606197594,Normal
4526,0.00037705423186619734,Normal
4527,0.00037586439865310267,Normal
4528,0.0010393641422503166,Anomaly
4529,0.0010360803548054346,Anomaly
4530,0.000977466420890076,Anomaly
4531,0.000924556583605586,Anomaly
4532,0.0008684875816668275,Anomaly
4533,0.0008530243081315631,Anomaly
4534,0.0007521191972265251,Normal
4535,0.0007143739270728199,Normal
4536,0.0006219675780563748,Normal
4537,0.0006841528551387529,Normal
4538,0.00013342116887780271,Normal
4539,0.0001043976530548011,Normal
4540,9.58745530669116e-05,Normal
4541,0.0001404339711985983,Normal
4542,0.00016506501428896074,Normal
4543,0.0001326865149546712,Normal
4544,0.00012661075670296345,Normal
4545,0.00010841431232965603,Normal
4546,0.00014952497867658465,Normal
4547,0.00013369418859711298,Normal
4548,0.00012237422095562827,Normal
4549,0.0001095706297117092,Normal
4550,0.00010460663026341441,Normal
4551,8.874550817145925e-05,Normal
4552,8.249152261098031e-05,Normal
4553,0.0001083397374298948,Normal
4554,9.871964436242308e-05,Normal
4555,9.192707632489977e-05,Normal
4556,7.805318570073056e-05,Normal
4557,9.029734451536831e-05,Normal
4558,0.00011900370273834233,Normal
4559,0.00010521902705559793,Normal
4560,9.999128647300527e-05,Normal
4561,8.699150262182526e-05,Normal
4562,0.0001228999290479873,Normal
4563,0.00013282909886631536,Normal
4564,0.00012005247964631895,Normal
4565,0.00010839282807399853,Normal
4566,0.00010036267705543162,Normal
4567,0.0001228999290479873,Normal
4568,0.00013282909886631536,Normal
4569,0.00012005247964631895,Normal
4570,0.00010839282807399853,Normal
4571,0.00010036267705543162,Normal
4572,9.695418961196225e-05,Normal
4573,8.249152261098031e-05,Normal
4574,0.00010834023156545199,Normal
4575,9.871945814867746e-05,Normal
4576,9.192707632489977e-05,Normal
4577,9.16696782910805e-05,Normal
4578,0.00010311104195350222,Normal
4579,0.00010637692319694951,Normal
4580,9.135389099431872e-05,Normal
4581,8.526487051645337e-05,Normal
4582,8.322081414754938e-05,Normal
4583,0.00013665569750412261,Normal
4584,0.00011249332749351235,Normal
4585,9.954123489668498e-05,Normal
4586,9.008139830119938e-05,Normal
4587,9.519152953556257e-05,Normal
4588,0.00015130441799823547,Normal
4589,0.00013440203574199418,Normal
4590,0.00012306369831616837,Normal
4591,0.00011126370027687777,Normal
4592,0.0001465841889958355,Normal
4593,0.00014932113601215808,Normal
4594,0.00013373837671347557,Normal
4595,0.00012344185350763882,Normal
4596,0.00010919731604371315,Normal
4597,0.00012147646230204817,Normal
4598,6.959965969952401e-05,Normal
4599,5.7707024978528104e-05,Normal
4600,8.584276131810426e-05,Normal
4601,8.074843880080824e-05,Normal
4602,7.004086384075747e-05,Normal
4603,8.623452715833767e-05,Normal
4604,0.0001555246821622396,Normal
4605,0.00014626736126049445,Normal
4606,0.00014091376917319473,Normal
4607,0.00015274928176469633,Normal
4608,0.00018651767992508198,Normal
4609,0.0001859341366457353,Normal
4610,0.00014754229233898008,Normal
4611,0.00013408609987924325,Normal
4612,0.00024614408121957166,Normal
4613,0.00023091489929821433,Normal
4614,0.0001708577914262911,Normal
4615,0.000172927074426615,Normal
4616,0.000236208361928692,Normal
4617,0.00023003007818964903,Normal
4618,0.0001791026119146173,Normal
4619,0.00017238433361394038,Normal
4620,0.00018198746594488805,Normal
4621,0.000227522693875556,Normal
4622,0.00013373837671347557,Normal
4623,0.00012344185350763882,Normal
4624,0.00010919731604371315,Normal
4625,0.00012147646230204817,Normal
4626,6.959965969952401e-05,Normal
4627,5.7707024978528104e-05,Normal
4628,4.725788399381131e-05,Normal
4629,4.127985130217587e-05,Normal
4630,7.732666632052989e-05,Normal
4631,5.80854938202512e-05,Normal
4632,5.5619381221536405e-05,Normal
4633,0.00014031995900672052,Normal
4634,0.00014184745672598636,Normal
4635,0.0002547063864104446,Normal
4636,0.00024196744182555045,Normal
4637,0.00036581014015990446,Normal
4638,0.0003463316812069632,Normal
4639,0.0004705782022326421,Normal
4640,0.000421350575587889,Normal
4641,0.000567882683312422,Normal
4642,0.0005739759358664354,Normal
4643,0.0005462411317544001,Normal
4644,0.0005540488762288127,Normal
4645,0.000519434380022594,Normal
4646,0.0005264577997486036,Normal
4647,0.0005070519305751876,Normal
4648,0.0005162976686016428,Normal
4649,0.0005041768188358964,Normal
4650,0.0005174114038338948,Normal
4651,0.0005021908852585037,Normal
4652,0.0005070914308142385,Normal
4653,0.0010883996598863325,Anomaly
4654,0.001104130333045484,Anomaly
4655,0.0009712866312070144,Anomaly
4656,0.0009952455513525086,Anomaly
4657,0.0008401502270701007,Anomaly
4658,0.0008425844731555767,Anomaly
4659,61.592570537513666,Anomaly
4660,89.46880951162903,Anomaly
4661,95.79676719797482,Anomaly
4662,106.91254987718403,Anomaly
4663,107.08683100223027,Anomaly
4664,105.4216834905762,Anomaly
4665,105.080249682426,Anomaly
4666,96.53004419891258,Anomaly
4667,79.97249686594445,Anomaly
4668,114.80043084827727,Anomaly
4669,0.00014638793114674553,Normal
4670,0.00020085845110350678,Normal
4671,0.0002043624930871854,Normal
4672,0.00029234255336789346,Normal
4673,0.0002956280535444633,Normal
4674,0.0003816155624858105,Normal
4675,0.00038069015374451976,Normal
4676,0.00046872178382642343,Normal
4677,0.00046144257742312755,Normal
4678,0.0005443958746477917,Normal
4679,0.0005531527155538352,Normal
4680,0.000499722570181389,Normal
4681,0.0005066356268323952,Normal
4682,0.0005172369978515975,Normal
4683,0.0005246166858802464,Normal
4684,0.0005166590549353237,Normal
4685,0.0005262371571096291,Normal
4686,0.0005089846517952097,Normal
4687,0.0005168523672643762,Normal
4688,0.0005027339929006164,Normal
4689,0.000507143411615791,Normal
4690,0.0004359296978827863,Normal
4691,0.00050119118797676,Normal
4692,0.00035778795040610525,Normal
4693,0.0004393487095980384,Normal
4694,0.00031490069938208746,Normal
4695,0.00032582082443684415,Normal
4696,0.00032967668049824553,Normal
4697,0.00037106059175947626,Normal
4698,0.0002689988901004333,Normal
4699,0.00024992624163017467,Normal
4700,0.0002706801959732667,Normal
4701,0.00020696047216061972,Normal
4702,0.00020123248910291054,Normal
4703,0.0002640444070693337,Normal
4704,0.0002483793845461477,Normal
4705,0.00024247259749903992,Normal
4706,0.0002936152476790855,Normal
4707,0.00025923921587897407,Normal
4708,0.0002396079393746356,Normal
4709,0.0003607048037516447,Normal
4710,0.00032320202210913394,Normal
4711,0.0002944012472504755,Normal
4712,0.00042636061895167906,Normal
4713,0.00032320202210913394,Normal
4714,0.0002944012472504755,Normal
4715,0.00042636061895167906,Normal
4716,0.000327765453678004,Normal
4717,0.0003037357537233266,Normal
4718,0.0003469703632170525,Normal
4719,0.00024586870678705304,Normal
4720,0.00021700055830149137,Normal
4721,0.00022537012748707203,Normal
4722,0.00013208375207478427,Normal
4723,0.00032657373648920397,Normal
4724,0.00033403559584148596,Normal
4725,0.00029241600450484863,Normal
4726,0.0002793086890925546,Normal
4727,0.00042240047676325227,Normal
4728,0.000381533542987166,Normal
4729,0.0006083852138529871,Normal
4730,0.0006051408755021065,Normal
4731,0.0005966778490824732,Normal
4732,0.000614943630995968,Normal
4733,0.000561498725627963,Normal
4734,0.0005622410490362915,Normal
4735,0.05475494464344469,Anomaly
4736,0.05527436800249532,Anomaly
4737,0.05507887672951647,Anomaly
4738,0.055361892109539665,Anomaly
4739,0.054803440293678875,Anomaly
4740,0.05471691421453463,Anomaly
4741,0.05405876097346977,Anomaly
4742,0.05389062198054985,Anomaly
4743,0.05307942731936259,Anomaly
4744,0.05021689327610067,Anomaly
4745,0.00012900432156612757,Normal
4746,0.00021114568377926133,Normal
4747,0.0001445888688925663,Normal
4748,0.0001280028499559302,Normal
4749,0.00016467101227904133,Normal
4750,0.0001494808993916103,Normal
4751,0.00014895846444047336,Normal
4752,0.0001648037057797461,Normal
4753,0.00015698944908085186,Normal
4754,0.0001944789318098711,Normal
4755,0.0002307618225554376,Normal
4756,0.00015046589321960575,Normal
4757,0.0005400559797407665,Normal
4758,0.0005454785284219014,Normal
4759,0.0004948674035274113,Normal
4760,0.00047837722419951924,Normal
4761,0.0004656672056872815,Normal
4762,0.0004139271799574913,Normal
4763,0.0004935204514753761,Normal
4764,0.0004564634410211282,Normal
4765,0.0004905921435739806,Normal
4766,0.0005186271402464946,Normal
4767,0.00034744007459472674,Normal
4768,0.00033353202853206933,Normal
4769,0.00039425374443141463,Normal
4770,0.00037774112157412394,Normal
4771,0.0004971733440110952,Normal
4772,0.0005024792987716709,Normal
4773,0.0005230239350501196,Normal
4774,0.0006503027697662837,Normal
4775,0.0005385138344948861,Normal
4776,0.000680958622100379,Normal
4777,0.0005254791254860303,Normal
4778,0.0005169135365402885,Normal
4779,0.00044223254868947274,Normal
4780,0.00043182710463501357,Normal
4781,0.0003066081236915804,Normal
4782,0.00028515080686352225,Normal
4783,0.0002697135122576132,Normal
4784,0.0001757755048031595,Normal
4785,0.00032219246410814884,Normal
4786,0.0004505704434203732,Normal
4787,0.0005378138264216833,Normal
4788,0.0006092300309469576,Normal
4789,0.0005731725812608796,Normal
4790,0.0005462710953363197,Normal
4791,0.0005910801247351711,Normal
4792,0.0005537205421627684,Normal
4793,0.0004837716157016254,Normal
4794,0.00043626873357158403,Normal
4795,0.00046794101276075706,Normal
4796,0.00029903107878434895,Normal
4797,0.000427505855230404,Normal
4798,0.00037385254175515136,Normal
4799,0.0004647930268311903,Normal
4800,0.0004749918551464607,Normal
4801,0.0003839407199603181,Normal
4802,0.0003692422817336902,Normal
4803,0.00032928910531470327,Normal
4804,0.00033153540630541085,Normal
4805,0.00036508115668386007,Normal
4806,0.0006554511410565006,Normal
4807,0.0005474609665420846,Normal
4808,0.0007371464347702932,Normal
4809,0.0006334459145163171,Normal
4810,0.0007352193961237625,Normal
4811,0.0007046797817165232,Normal
4812,0.0007417761925384108,Normal
4813,0.013626355466235345,Anomaly
4814,0.013778349735244607,Anomaly
4815,0.013666777945027835,Anomaly
4816,0.013598920725015198,Anomaly
4817,0.013537130041087041,Anomaly
4818,0.01352346139234856,Anomaly
4819,0.013328121169196377,Anomaly
4820,0.013305863541473215,Anomaly
4821,0.012864367493264972,Anomaly
4822,0.012369504313100615,Anomaly
4823,0.0006268685752795061,Normal
4824,0.0006539626085123215,Normal
4825,0.0005565649816561093,Normal
4826,0.0004976512495301047,Normal
4827,0.0003444155653572011,Normal
4828,0.00027567737528886205,Normal
4829,0.00017868075365416633,Normal
4830,0.000191941033707205,Normal
4831,0.00017122224898868,Normal
4832,0.00015005671653689828,Normal
4833,0.0005877985109695548,Normal
4834,0.0005099676341838522,Normal
4835,0.0005029432798719061,Normal
4836,0.00046392668655677213,Normal
4837,0.00044221161441104583,Normal
4838,0.0004304560777933135,Normal
4839,0.0004136162943498943,Normal
4840,0.0003842390526575392,Normal
4841,0.0003453516226408416,Normal
4842,0.0003606937876530122,Normal
4843,9.409057738238473e-05,Normal
4844,9.005520048313269e-05,Normal
4845,8.703130870456411e-05,Normal
4846,7.98004826327694e-05,Normal
4847,7.861451289937331e-05,Normal
4848,6.883922979635581e-05,Normal
4849,5.776054068224093e-05,Normal
4850,5.4371343249324124e-05,Normal
4851,4.1142263763791306e-05,Normal
4852,4.742712057210931e-05,Normal
4853,0.00013777014781641092,Normal
4854,0.00013741816678962407,Normal
4855,0.0001345389256496306,Normal
4856,0.00013045528320872798,Normal
4857,0.00015843640356567263,Normal
4858,0.00014892264363657953,Normal
4859,0.0001318765363367681,Normal
4860,0.00012656597009881744,Normal
4861,0.00010427580224405188,Normal
4862,0.00011131888408867871,Normal
4863,4.3873550807736835e-05,Normal
4864,5.157570893180324e-05,Normal
4865,4.222335597300875e-05,Normal
4866,4.793957272910201e-05,Normal
4867,3.074761334426437e-05,Normal
4868,2.5672790068469958e-05,Normal
4869,2.025643836647186e-05,Normal
4870,1.492271436875736e-05,Normal
4871,1.0026211219506651e-05,Normal
4872,9.77446514758905e-06,Normal
4873,0.00013944717676871344,Normal
4874,0.00018772646693906346,Normal
4875,0.00018569318507510816,Normal
4876,0.00017908863747926023,Normal
4877,0.00017018333966252268,Normal
4878,0.00015292784398389047,Normal
4879,0.0001360176264782606,Normal
4880,0.00012009272269217143,Normal
4881,0.00010283207902276468,Normal
4882,9.451653607412858e-05,Normal
4883,7.695372859303331e-05,Normal
4884,5.5046476209342184e-05,Normal
4885,5.365351225012694e-05,Normal
4886,5.1377120520881415e-05,Normal
4887,4.666417480680848e-05,Normal
4888,4.134720062053285e-05,Normal
4889,3.3503106911587616e-05,Normal
4890,3.0978824229049555e-05,Normal
4891,2.1385581428967502e-05,Normal
4892,2.7396236484116347e-05,Normal
4893,0.00012594219536837147,Normal
4894,0.00012559824584578604,Normal
4895,0.00012289354748836902,Normal
4896,0.00011899823860897348,Normal
4897,0.00011040135148750467,Normal
4898,0.00010137045846333442,Normal
4899,8.735274509554608e-05,Normal
4900,8.330748382554917e-05,Normal
4901,6.631591065456096e-05,Normal
4902,0.00023046524116950706,Normal
4903,0.00016200936330934012,Normal
4904,0.00015874667398323744,Normal
4905,0.00015426307608910683,Normal
4906,0.00014425291309969553,Normal
4907,0.00013388015173085557,Normal
4908,0.00011741974025110402,Normal
4909,0.00011291370627690982,Normal
4910,9.274070282256223e-05,Normal
4911,0.00024345700168530861,Normal
4912,0.0001479030236894188,Normal
4913,0.00014484061741217401,Normal
4914,0.00014051102179883762,Normal
4915,0.00013110307980176582,Normal
4916,0.00012126390879509897,Normal
4917,0.0001057323319502796,Normal
4918,0.00010142206265627712,Normal
4919,8.24216783307607e-05,Normal
4920,9.036611154728178e-05,Normal
4921,0.00010142625257049719,Normal
4922,0.0001011078276973694,Normal
4923,9.881736864403214e-05,Normal
4924,9.538951915375626e-05,Normal
4925,8.80706781196497e-05,Normal
4926,8.011264478924761e-05,Normal
4927,6.794013914104534e-05,Normal
4928,6.429657872355501e-05,Normal
4929,4.9644073237906755e-05,Normal
4930,5.628595831296889e-05,Normal
4931,0.00018356637436804568,Normal
4932,0.00018316363451108248,Normal
4933,0.0001795131951737317,Normal
4934,0.00017483725947417463,Normal
4935,0.0001639125016819546,Normal
4936,0.0001528320957727884,Normal
4937,0.00013507308698619075,Normal
4938,0.00013033083649385393,Normal
4939,0.00010856813197031644,Normal
4940,0.00021636086778116818,Normal
4941,0.00010582643727615704,Normal
4942,0.0001034717213354495,Normal
4943,9.996606038330568e-05,Normal
4944,0.00010477389502436981,Normal
4945,9.654817500184995e-05,Normal
4946,8.304017413933248e-05,Normal
4947,7.871965827393775e-05,Normal
4948,6.15676432398528e-05,Normal
4949,6.734977763381327e-05,Normal
4950,8.409345160096704e-05,Normal
4951,8.283978890090098e-05,Normal
4952,7.660621675467305e-05,Normal
4953,7.899543075691611e-05,Normal
4954,7.028953555648501e-05,Normal
4955,6.335103696087034e-05,Normal
4956,5.2879183235191085e-05,Normal
4957,4.969239406263e-05,Normal
4958,3.716435905233308e-05,Normal
4959,0.00019145161390047766,Normal
4960,0.0001540122946160565,Normal
4961,0.00015085511233327122,Normal
4962,0.00014648193884908683,Normal
4963,0.00013664728396117507,Normal
4964,0.0001265291321192146,Normal
4965,0.00011056504855398299,Normal
4966,0.00010611130907045452,Normal
4967,8.678736354781949e-05,Normal
4968,0.00015281164320817345,Normal
4969,7.853002154213252e-05,Normal
4970,8.310932488261908e-05,Normal
4971,7.985128845218819e-05,Normal
4972,7.362290853042963e-05,Normal
4973,6.455111730364945e-05,Normal
4974,5.2479210070207964e-05,Normal
4975,4.436167790031289e-05,Normal
4976,3.066437875703322e-05,Normal
4977,3.0432462229958698e-05,Normal
4978,9.25702041645601e-06,Normal
4979,0.00012794623047061222,Normal
4980,0.00016164991513765493,Normal
4981,0.00015950156104273017,Normal
4982,0.00015369184290949032,Normal
4983,0.00014503202018117625,Normal
4984,0.00013005222042719567,Normal
4985,0.00011403390978693254,Normal
4986,0.00010089175452762168,Normal
4987,8.416423023802937e-05,Normal
4988,9.720096993137586e-05,Normal
4989,5.393130271478256e-05,Normal
4990,4.12659849988729e-05,Normal
4991,3.927402996211348e-05,Normal
4992,3.6083634080782075e-05,Normal
4993,3.052152099267904e-05,Normal
4994,2.4433448560387223e-05,Normal
4995,1.8532376134712472e-05,Normal
4996,1.2407652084494926e-05,Normal
4997,1.1078081356255315e-05,Normal
4998,0.00010035078408214336,Normal
4999,9.771882646745506e-05,Normal
5000,9.563561461907834e-05,Normal
5001,9.229245628125267e-05,Normal
5002,8.518587574705971e-05,Normal
5003,7.74145968848166e-05,Normal
5004,6.553515563935056e-05,Normal
5005,6.201656822093157e-05,Normal
5006,0.00015082769713785436,Normal
5007,0.00016226036869332273,Normal
5008,0.00011242166320500772,Normal
5009,0.00010872348445586192,Normal
5010,0.00010070064684680874,Normal
5011,9.225541398827522e-05,Normal
5012,7.907945832189523e-05,Normal
5013,7.525860252132052e-05,Normal
5014,6.391084945916615e-05,Normal
5015,7.64271443641696e-05,Normal
5016,2.072730370043682e-05,Normal
5017,1.9898241946701238e-05,Normal
5018,1.8428621762295574e-05,Normal
5019,1.6130876498407372e-05,Normal
5020,1.350958348173315e-05,Normal
5021,1.1000010346982744e-05,Normal
5022,8.361901985975778e-06,Normal
5023,6.514233689618298e-05,Normal
5024,7.887639642128287e-05,Normal
5025,7.756261945258471e-05,Normal
5026,7.417106246837786e-05,Normal
5027,6.833233688686394e-05,Normal
5028,5.957029331981178e-05,Normal
5029,4.910141346216748e-05,Normal
5030,4.217037412592384e-05,Normal
5031,3.0742263341669724e-05,Normal
5032,0.00024591675456793184,Normal
5033,0.00022155863771807882,Normal
5034,0.00021481364362462346,Normal
5035,0.00020953531107511776,Normal
5036,0.00019735936923282555,Normal
5037,0.00018519939518876874,Normal
5038,0.00016536566540842923,Normal
5039,0.0001602561780805726,Normal
5040,0.00013754066286170776,Normal
5041,0.00025238919290933813,Normal
5042,0.0002374298710343242,Normal
5043,0.00023573152023287458,Normal
5044,0.00022803619076753728,Normal
5045,0.0002187152431633107,Normal
5046,0.000198146638863473,Normal
5047,0.00017968827941232854,Normal
5048,0.00015666908720488447,Normal
5049,0.000140594039622162,Normal
5050,0.00012675366442777648,Normal
5051,0.00019409681865756984,Normal
5052,0.00011935268683440298,Normal
5053,0.00011673283657497213,Normal
5054,0.00011288014111169617,Normal
5055,0.00010468582970530375,Normal
5056,9.59477700360591e-05,Normal
5057,8.238091209080521e-05,Normal
5058,7.843561155673448e-05,Normal
5059,6.201325206447981e-05,Normal
5060,0.0001512326451427643,Normal
5061,8.948152540098905e-05,Normal
5062,8.741480584290528e-05,Normal
5063,8.425142886249673e-05,Normal
5064,7.747742241641698e-05,Normal
5065,7.012218121074758e-05,Normal
5066,5.8954822386727136e-05,Normal
5067,5.560623686479422e-05,Normal
5068,4.217246996441546e-05,Normal
5069,0.00019161179921473316,Normal
5070,0.00014895074453060488,Normal
5071,0.0001458897014919774,Normal
5072,0.0001416128959408873,Normal
5073,0.00013204076448626337,Normal
5074,0.00012213543047266201,Normal
5075,0.00010653895301150312,Normal
5076,0.00010221516666479973,Normal
5077,8.313306434762761e-05,Normal
5078,0.0002324955517740688,Normal
5079,0.00014699393178086454,Normal
5080,0.00014396314211033125,Normal
5081,0.00013971925236944352,Normal
5082,0.0001302295274957427,Normal
5083,0.00012039582925022779,Normal
5084,0.00010492958741995381,Normal
5085,0.00010063249006791821,Normal
5086,0.0001047474867030798,Normal
5087,0.00017377923864568862,Normal
5088,9.038675699346497e-05,Normal
5089,8.695737890118629e-05,Normal
5090,8.212312670143768e-05,Normal
5091,7.214985719895527e-05,Normal
5092,6.207630473607139e-05,Normal
5093,5.0058292227859276e-05,Normal
5094,4.1245919477850964e-05,Normal
5095,3.4850441547200976e-05,Normal
5096,0.00015871636976371638,Normal
5097,0.00013097382505709564,Normal
5098,0.00012806340869194334,Normal
5099,0.00012395890760464494,Normal
5100,0.00011558629755554559,Normal
5101,0.00014063732875248028,Normal
5102,0.00012488048364022407,Normal
5103,0.00011969924104163592,Normal
5104,0.00010082303911094736,Normal
5105,0.0001478556093623194,Normal
5106,7.142711673497029e-05,Normal
5107,6.259710079622808e-05,Normal
5108,5.823463456177409e-05,Normal
5109,4.621425139493136e-05,Normal
5110,4.910472922232576e-05,Normal
5111,2.9429399449160976e-05,Normal
5112,2.7090795404723182e-05,Normal
5113,1.829916336187507e-05,Normal
5114,0.00015372646681805795,Normal
5115,0.00013741816678962407,Normal
5116,0.0001345389256496306,Normal
5117,0.00013045528320872798,Normal
5118,0.00012137737561765033,Normal
5119,0.00011190728650249587,Normal
5120,9.708945702866241e-05,Normal
5121,9.292794327006751e-05,Normal
5122,7.482267727649007e-05,Normal
5123,0.00021399793736983394,Normal
5124,0.00013741816678962407,Normal
5125,0.0001345389256496306,Normal
5126,0.00013045528320872798,Normal
5127,0.00012137750307199984,Normal
5128,0.00011190708966849875,Normal
5129,9.708945702866241e-05,Normal
5130,9.292794327006751e-05,Normal
5131,7.482267727649007e-05,Normal
5132,0.00014498650707625086,Normal
5133,7.071889841190493e-05,Normal
5134,6.900327318827634e-05,Normal
5135,6.628943205708313e-05,Normal
5136,8.398761852796208e-05,Normal
5137,7.752698354741571e-05,Normal
5138,6.666833194046054e-05,Normal
5139,6.260461605250778e-05,Normal
5140,4.824985641162081e-05,Normal
5141,5.257989996882871e-05,Normal
5142,2.0775999642570676e-05,Normal
5143,1.8933844407269865e-05,Normal
5144,1.2231818308287634e-05,Normal
5145,0.00016885944740438198,Normal
5146,0.00015989360972439655,Normal
5147,0.00015664620095830856,Normal
5148,0.00015212571614766176,Normal
5149,0.0001422212261077695,Normal
5150,0.00013194893915242147,Normal
5151,0.00011563467127579597,Normal
5152,0.00011116734918918229,Normal
5153,9.119089850271248e-05,Normal
5154,0.00023490628246094673,Normal
5155,0.0002370947398666364,Normal
5156,0.00023537645484756554,Normal
5157,0.00022759851379039407,Normal
5158,0.00021840033177138434,Normal
5159,0.00019766730364047003,Normal
5160,0.00018223093986518746,Normal
5161,0.0001609535767404092,Normal
5162,0.0001436181755296888,Normal
5163,0.00012962211410898197,Normal
5164,0.00017564080920439887,Normal
5165,0.0001199238550362059,Normal
5166,0.00011601285938481716,Normal
5167,0.00011197066378837461,Normal
5168,0.00010846665484154374,Normal
5169,0.00011461327681536125,Normal
5170,0.00010020375413392378,Normal
5171,9.559776366034812e-05,Normal
5172,7.72036893257813e-05,Normal
5173,0.00013680891583240013,Normal
5174,6.974611164970555e-05,Normal
5175,6.318877571845872e-05,Normal
5176,5.737917723588455e-05,Normal
5177,5.052859737013204e-05,Normal
5178,4.944969431011752e-05,Normal
5179,3.8853327004410396e-05,Normal
5180,3.6115932906791235e-05,Normal
5181,2.557763195663008e-05,Normal
5182,0.000242746481125352,Normal
5183,0.0002165115164850078,Normal
5184,0.0002124464165545198,Normal
5185,0.00020719869889754272,Normal
5186,0.00019500651270059496,Normal
5187,0.00018291654654690274,Normal
5188,0.00016323409877253752,Normal
5189,0.00015815746984315147,Normal
5190,0.00013522006184373916,Normal
5191,0.0001707459996415819,Normal
5192,3.716649329338228e-05,Normal
5193,3.604800577341357e-05,Normal
5194,3.4203275731896724e-05,Normal
5195,7.026160118379762e-05,Normal
5196,6.596456818713567e-05,Normal
5197,5.845802662441829e-05,Normal
5198,5.412901396069501e-05,Normal
5199,4.387957182877011e-05,Normal
5200,4.57451635762178e-05,Normal
5201,3.132283479500608e-05,Normal
5202,2.8883408281350932e-05,Normal
5203,1.9694790982079173e-05,Normal
5204,0.00014684251300119323,Normal
5205,0.00013206898922195654,Normal
5206,0.00012935861157102884,Normal
5207,0.00012508445648167418,Normal
5208,0.0001163499681079221,Normal
5209,0.00010621667224841718,Normal
5210,9.148830022855706e-05,Normal
5211,8.589450058170003e-05,Normal
5212,6.848698644746911e-05,Normal
5213,0.00015056489595080422,Normal
5214,8.394151629922478e-05,Normal
5215,8.239946929237381e-05,Normal
5216,7.935244227064975e-05,Normal
5217,7.285502282639725e-05,Normal
5218,6.576497247609713e-05,Normal
5219,5.5040535183197816e-05,Normal
5220,5.179417377775091e-05,Normal
5221,3.88680282674407e-05,Normal
5222,0.00016871641937315365,Normal
5223,0.00013000884039672604,Normal
5224,0.00012724842705135999,Normal
5225,0.00012329260719543195,Normal
5226,0.00011454337806642604,Normal
5227,0.00010536479038191462,Normal
5228,9.106460762470471e-05,Normal
5229,8.701424595080488e-05,Normal
5230,7.537936470244718e-05,Normal
5231,0.00018318837136383943,Normal
5232,0.0002388017970673408,Normal
5233,0.000236762944223566,Normal
5234,0.0002289232711848958,Normal
5235,0.00021851638467172384,Normal
5236,0.00019734530915492136,Normal
5237,0.00017825357598096243,Normal
5238,0.00015359045683719516,Normal
5239,0.00013834213512229726,Normal
5240,0.00012455049734140977,Normal
5241,0.0002228475926718282,Normal
5242,0.00014602079193101766,Normal
5243,0.00014300494354867034,Normal
5244,0.0001387772352324226,Normal
5245,0.00012932853488550747,Normal
5246,0.00011953172826895564,Normal
5247,0.00010413003701504293,Normal
5248,9.984639675267626e-05,Normal
5249,8.100848010561976e-05,Normal
5250,0.00012451159903114896,Normal
5251,8.311964668972049e-05,Normal
5252,8.221091219512666e-05,Normal
5253,7.86976474537688e-05,Normal
5254,7.368196041420438e-05,Normal
5255,6.382272531955463e-05,Normal
5256,5.379792508139683e-05,Normal
5257,4.3109970047444996e-05,Normal
5258,3.364925690878107e-05,Normal
5259,2.8799789615323708e-05,Normal
5260,2.4280159574712173e-05,Normal
5261,0.00012139563605351669,Normal
5262,0.00012105877878254231,Normal
5263,0.00011844576497491517,Normal
5264,0.00011465013955938221,Normal
5265,0.00010630960573588177,Normal
5266,9.749799820275599e-05,Normal
5267,8.384192140391013e-05,Normal
5268,7.993333573501296e-05,Normal
5269,6.329177309410642e-05,Normal
5270,0.0002304117487168397,Normal
5271,0.00016581627128660516,Normal
5272,0.00016252080754027682,Normal
5273,0.00015791860969150226,Normal
5274,0.00014763226079192608,Normal
5275,0.00013696474743037822,Normal
5276,0.0001201709286713326,Normal
5277,0.0001151956102425374,Normal
5278,9.477728616680686e-05,Normal
5279,0.0001023525854665713,Normal
5280,6.255629687211424e-05,Normal
5281,6.252642353730132e-05,Normal
5282,6.09555498306218e-05,Normal
5283,5.8388270863482e-05,Normal
5284,0.0003085087314536813,Normal
5285,0.00030279656930034155,Normal
5286,0.00028767752308911485,Normal
5287,0.0002808476411127882,Normal
5288,0.00025717226628398104,Normal
5289,0.00025687778521260883,Normal
5290,0.0002079709120562091,Normal
5291,0.0002024766268086814,Normal
5292,0.0001750487063390128,Normal
5293,0.0001852747087130522,Normal
5294,1.7599303166641075e-05,Normal
5295,1.7528975544628168e-05,Normal
5296,1.7207875825839526e-05,Normal
5297,1.6582419620661113e-05,Normal
5298,0.00010777593230578371,Normal
5299,0.00010608584420671229,Normal
5300,0.0001015168461470001,Normal
5301,9.755794535416337e-05,Normal
5302,8.760393651044109e-05,Normal
5303,8.28853945053269e-05,Normal
5304,7.042710117011894e-05,Normal
5305,6.68119123998768e-05,Normal
5306,5.180084015853844e-05,Normal
5307,5.8483358171470255e-05,Normal
5308,0.00013965903623839394,Normal
5309,0.00013930572315119772,Normal
5310,0.0001363964263814417,Normal
5311,0.00013228044239463327,Normal
5312,0.0001231204959889604,Normal
5313,0.00011357702496371535,Normal
5314,9.862971762453261e-05,Normal
5315,9.444098374602618e-05,Normal
5316,7.617305805028029e-05,Normal
5317,8.378083609186654e-05,Normal
5318,0.00010778598807976497,Normal
5319,0.00010746322464183246,Normal
5320,0.00010508013141583082,Normal
5321,0.00010154227301097964,Normal
5322,9.384978737710101e-05,Normal
5323,8.563030574881901e-05,Normal
5324,7.300039749064921e-05,Normal
5325,6.932553183760421e-05,Normal
5326,5.4096287588560576e-05,Normal
5327,0.00034314757916969476,Normal
5328,0.00032279605238546525,Normal
5329,0.00045227088030836413,Normal
5330,0.000444733491283351,Normal
5331,0.00042702121494150505,Normal
5332,0.0004041593677428886,Normal
5333,0.0003687363998109637,Normal
5334,0.0003461356871028217,Normal
5335,0.00030264677702541965,Normal
5336,0.00029337141067356347,Normal
5337,9.503831840221974e-05,Normal
5338,8.890950254413352e-05,Normal
5339,1.2006030408136324e-05,Normal
5340,1.1986860226308185e-05,Normal
5341,1.2062122584868992e-05,Normal
5342,1.3130813778887017e-05,Normal
5343,3.817045914326476e-05,Normal
5344,9.585613216842402e-05,Normal
5345,9.484052285935972e-05,Normal
5346,9.115497312008205e-05,Normal
5347,8.575457390992541e-05,Normal
5348,7.505385599303568e-05,Normal
5349,6.432892894401618e-05,Normal
5350,5.1386402720510706e-05,Normal
5351,4.2800065248087366e-05,Normal
5352,3.573208732167115e-05,Normal
5353,3.5713355030840584e-05,Normal
5354,3.4074904448145094e-05,Normal
5355,4.2022789998919585e-05,Normal
5356,6.713942715111578e-05,Normal
5357,6.512744167336713e-05,Normal
5358,6.0649227313048486e-05,Normal
5359,5.3905140696770837e-05,Normal
5360,4.389949927383087e-05,Normal
5361,3.5700813213635713e-05,Normal
5362,2.3094353947096946e-05,Normal
5363,2.212475411510001e-05,Normal
5364,1.2649349147796727e-05,Normal
5365,1.8249062031199358e-05,Normal
5366,0.00011975658336110372,Normal
5367,0.0001194188741687129,Normal
5368,0.00011681625585417289,Normal
5369,0.00011303319862322296,Normal
5370,0.00010472135838966261,Normal
5371,9.59477700360591e-05,Normal
5372,8.238091209080521e-05,Normal
5373,7.843561155673448e-05,Normal
5374,6.2013275330908e-05,Normal
5375,6.917966137173224e-05,Normal
5376,0.00013777014781641092,Normal
5377,0.00013741816678962407,Normal
5378,0.0001345389256496306,Normal
5379,0.00013045528320872798,Normal
5380,0.00012137750307199984,Normal
5381,0.00011190708966849875,Normal
5382,9.708945702866241e-05,Normal
5383,9.292794327006751e-05,Normal
5384,7.482267727649007e-05,Normal
5385,8.238426189094925e-05,Normal
5386,0.00013777014781641092,Normal
5387,0.00013741816678962407,Normal
5388,0.0001345389256496306,Normal
5389,0.00013045528320872798,Normal
5390,0.00012137750307199984,Normal
5391,0.00011190708966849875,Normal
5392,9.708945702866241e-05,Normal
5393,9.292794327006751e-05,Normal
5394,7.482267727649007e-05,Normal
5395,8.238426189094925e-05,Normal
5396,0.00013777014781641092,Normal
5397,0.00013741816678962407,Normal
5398,0.0001345389256496306,Normal
5399,0.00013045528320872798,Normal
5400,0.00012137750307199984,Normal
5401,0.0001206661237679988,Normal
5402,0.00010537247160512387,Normal
5403,0.0001010222925913908,Normal
5404,8.214167986845667e-05,Normal
5405,8.984840420960293e-05,Normal
5406,2.497665796607295e-05,Normal
5407,2.2017810811573294e-05,Normal
5408,2.0604240497147155e-05,Normal
5409,1.6280098211514408e-05,Normal
5410,2.196830449544032e-05,Normal
5411,2.1377081946457455e-05,Normal
5412,1.82648510738483e-05,Normal
5413,1.672312012795289e-05,Normal
5414,1.2158752536218788e-05,Normal
5415,4.5985531739480864e-05,Normal
5416,4.325936623189976e-05,Normal
5417,4.0647625596366545e-05,Normal
5418,3.6937148681382096e-05,Normal
5419,3.418902720467755e-05,Normal
5420,6.8849699543306e-05,Normal
5421,6.214124838624876e-05,Normal
5422,5.9051569198962304e-05,Normal
5423,4.929277006648834e-05,Normal
5424,5.263110746652164e-05,Normal
5425,7.426962369747343e-05,Normal
5426,6.934028223276531e-05,Normal
5427,6.616037097136553e-05,Normal
5428,5.539526820400382e-05,Normal
5429,5.9191635138054464e-05,Normal
5430,3.882739144549027e-05,Normal
5431,3.1038671103715856e-05,Normal
5432,2.7167216370408673e-05,Normal
5433,1.813330083267884e-05,Normal
5434,2.192526019824919e-05,Normal
5435,3.895495613233056e-05,Normal
5436,8.062876179892922e-05,Normal
5437,7.979226019751742e-05,Normal
5438,7.638905355446177e-05,Normal
5439,7.171811167186974e-05,Normal
5440,6.22831167715471e-05,Normal
5441,5.26056266029172e-05,Normal
5442,4.190351305200883e-05,Normal
5443,3.300802567435947e-05,Normal
5444,2.7702429510000147e-05,Normal
5445,2.6162901015002023e-05,Normal
5446,0.00013320368628189598,Normal
5447,0.00013283984492811607,Normal
5448,0.00012999610195686158,Normal
5449,0.00012595470403238792,Normal
5450,0.0001170190517316789,Normal
5451,0.00010771672236299075,Normal
5452,9.315297170086207e-05,Normal
5453,8.915023502802048e-05,Normal
5454,7.150666459982772e-05,Normal
5455,7.895259071117235e-05,Normal
5456,0.00014060875856624684,Normal
5457,0.00014025467076626542,Normal
5458,0.000137330539888654,Normal
5459,0.00013319820793904576,Normal
5460,0.0001239969764636407,Normal
5461,0.00011441765444906277,Normal
5462,9.940533592044942e-05,Normal
5463,9.520307009274421e-05,Normal
5464,7.69594562613738e-05,Normal
5465,8.461474591411528e-05,Normal
5466,0.00016557526064119382,Normal
5467,0.0001655242939174033,Normal
5468,0.00016218074188512684,Normal
5469,0.0001575779637144982,Normal
5470,0.00014725041495618573,Normal
5471,0.00013661254585519827,Normal
5472,0.00011983069558217134,Normal
5473,0.00011517084034431465,Normal
5474,9.483114872188561e-05,Normal
5475,0.00010272188064751877,Normal
5476,0.00010520125868817994,Normal
5477,0.00024955456310034535,Normal
5478,0.0002481841010667469,Normal
5479,0.00024060166951679748,Normal
5480,0.00023177980751005095,Normal
5481,0.00021110121621933445,Normal
5482,0.00019287404106829476,Normal
5483,0.00016964068100774532,Normal
5484,0.000153242706376051,Normal
5485,0.00013739948742757345,Normal
5486,0.0001040602183722615,Normal
5487,0.00013294822853084215,Normal
5488,0.00013248942311286355,Normal
5489,0.00012899022935370237,Normal
5490,0.00012443741261159265,Normal
5491,0.00011387819632486859,Normal
5492,0.00010338056797250605,Normal
5493,8.79113643689869e-05,Normal
5494,8.104367018632602e-05,Normal
5495,6.609182658252596e-05,Normal
5496,7.364304108983416e-05,Normal
5497,0.00021215830930743714,Normal
5498,0.0002117495071359352,Normal
5499,0.00020775270027934331,Normal
5500,0.0002025655830781887,Normal
5501,0.00019054647658836723,Normal
5502,0.00017859432206364004,Normal
5503,0.00015917795292994826,Normal
5504,0.0001541461888733196,Normal
5505,0.00013035653579096111,Normal
5506,0.0001395419410826288,Normal
5507,5.093654089509732e-05,Normal
5508,5.0697099117305176e-05,Normal
5509,4.940045729170498e-05,Normal
5510,4.725941627319302e-05,Normal
5511,4.2850753228922856e-05,Normal
5512,3.7847770381812995e-05,Normal
5513,3.049925765246578e-05,Normal
5514,2.8109478160099004e-05,Normal
5515,1.9098989592675226e-05,Normal
5516,2.4854420136627643e-05,Normal
5517,0.00017071619918001245,Normal
5518,0.0001703369178498915,Normal
5519,0.00016694929758672924,Normal
5520,0.0001623380407254059,Normal
5521,0.00015189023149371502,Normal
5522,0.0001412335878051652,Normal
5523,0.0001242646533795694,Normal
5524,0.0001196698071322747,Normal
5525,9.888099851104257e-05,Normal
5526,0.00011943026238316252,Normal
5527,0.00010031565689248706,Normal
5528,9.982401181126994e-05,Normal
5529,9.678340664803565e-05,Normal
5530,9.236397896786525e-05,Normal
5531,8.2967475959598e-05,Normal
5532,7.328453544036431e-05,Normal
5533,6.041546520944469e-05,Normal
5534,5.293708469062699e-05,Normal
5535,4.2217435946062275e-05,Normal
5536,4.817802446451159e-05,Normal
5537,0.00011133087010620617,Normal
5538,0.00011099817224408093,Normal
5539,0.00010852050789709484,Normal
5540,0.00010487875107907547,Normal
5541,9.798488006103093e-05,Normal
5542,8.953613100487439e-05,Normal
5543,7.64426131263303e-05,Normal
5544,7.24553367370093e-05,Normal
5545,7.190185615725547e-05,Normal
5546,0.000137259794859397,Normal
5547,8.025860612863597e-05,Normal
5548,7.716706226604906e-05,Normal
5549,7.229666868597932e-05,Normal
5550,6.457982061265917e-05,Normal
5551,5.5871791140267604e-05,Normal
5552,4.469887610129552e-05,Normal
5553,3.7117578443627114e-05,Normal
5554,2.9462392089983907e-05,Normal
5555,3.515002166646327e-05,Normal
5556,0.0001281845978175783,Normal
5557,0.00012776944964340198,Normal
5558,0.00012477150115660954,Normal
5559,0.00012073168514850514,Normal
5560,0.00011166909625688621,Normal
5561,0.00010221320462992662,Normal
5562,8.764224652498074e-05,Normal
5563,8.300336193175437e-05,Normal
5564,6.649677781717308e-05,Normal
5565,7.432255829494264e-05,Normal
5566,0.00011871019295450267,Normal
5567,0.0001183603685569091,Normal
5568,0.00011571915619657863,Normal
5569,0.00011208425188302543,Normal
5570,0.00010390660316936949,Normal
5571,9.520527800866632e-05,Normal
5572,8.174234548659561e-05,Normal
5573,7.787708479402709e-05,Normal
5574,6.147952795877899e-05,Normal
5575,6.855587747205278e-05,Normal
5576,0.00012493687223901815,Normal
5577,0.00013326630579582946,Normal
5578,0.0001307175051970503,Normal
5579,0.00012618159634478703,Normal
5580,0.00011749047184158989,Normal
5581,0.00010803774476225201,Normal
5582,9.304212529964508e-05,Normal
5583,8.550016257184163e-05,Normal
5584,6.8351123888871e-05,Normal
5585,8.02494321675639e-05,Normal
5586,3.989483275973316e-05,Normal
5587,3.829587233453276e-05,Normal
5588,6.536321924570849e-05,Normal
5589,6.160741489821193e-05,Normal
5590,5.707585553205342e-05,Normal
5591,5.02005629390431e-05,Normal
5592,4.0679165495014626e-05,Normal
5593,3.653912314668892e-05,Normal
5594,2.802929708335182e-05,Normal
5595,3.015085404792941e-05,Normal
5596,1.819706516126856e-05,Normal
5597,2.7322814981483527e-05,Normal
5598,1.7891377362855294e-05,Normal
5599,5.363475250443196e-05,Normal
5600,6.518842136714467e-05,Normal
5601,7.35661699786291e-05,Normal
5602,7.935114604523876e-05,Normal
5603,9.227329674218311e-05,Normal
5604,8.318399349127023e-05,Normal
5605,6.890481545787111e-05,Normal
5606,5.9809064271958655e-05,Normal
5607,5.7133818778887616e-05,Normal
5608,9.079461843460746e-05,Normal
5609,0.0001090730238928193,Normal
5610,0.00010456225809904427,Normal
5611,9.33020234306572e-05,Normal
5612,9.154121942191599e-05,Normal
5613,7.555293523420457e-05,Normal
5614,0.00021198538911833403,Normal
5615,0.00019645130132576278,Normal
5616,0.0001884508239860675,Normal
5617,0.00017829697154693938,Normal
5618,0.00016216693865301048,Normal
5619,0.00013233853792752513,Normal
5620,0.0001992353517998183,Normal
5621,0.00019485299498970277,Normal
5622,0.00017385649342207234,Normal
5623,0.0001853895512826099,Normal
5624,8.517236806784402e-05,Normal
5625,7.735593176306213e-05,Normal
5626,6.600727239621724e-05,Normal
5627,6.719205394966075e-05,Normal
5628,0.00010683798301064995,Normal
5629,0.0001302246154323242,Normal
5630,8.480532982194211e-05,Normal
5631,8.072454471864017e-05,Normal
5632,7.307468152753306e-05,Normal
5633,6.273481104039374e-05,Normal
5634,4.9871075852468204e-05,Normal
5635,0.00018796624052341604,Normal
5636,0.00017820552554416365,Normal
5637,0.00018033743731546051,Normal
5638,0.00015179751568963196,Normal
5639,0.00014155522393055416,Normal
5640,0.0001310828966432092,Normal
5641,0.00011569714340398671,Normal
5642,0.00014178151533804096,Normal
5643,0.00014063020830689632,Normal
5644,0.00015235855142011983,Normal
5645,5.8884618439469687e-05,Normal
5646,5.4251390590259124e-05,Normal
5647,4.589582604908663e-05,Normal
5648,3.7316492240573795e-05,Normal
5649,0.0001540621719190428,Normal
5650,0.00014782152810097397,Normal
5651,0.00014622651273661478,Normal
5652,0.00013665004083779207,Normal
5653,0.00012137750307199984,Normal
5654,0.00011190708966849875,Normal
5655,0.00022007944957868215,Normal
5656,0.00021725183828886474,Normal
5657,0.00019635115302631215,Normal
5658,0.00020765145634122525,Normal
5659,0.00012137750307199984,Normal
5660,0.00011190708966849875,Normal
5661,0.00029474263445060465,Normal
5662,0.0002924004527858064,Normal
5663,0.0002704021161069443,Normal
5664,0.0002829411440079842,Normal
5665,0.0001916561684989408,Normal
5666,0.00029367809434242847,Normal
5667,0.0002718857461501352,Normal
5668,0.00026578017257814803,Normal
5669,0.000511977188585986,Normal
5670,0.000534936608680348,Normal
5671,0.0003733102056370793,Normal
5672,0.0003523333651933412,Normal
5673,0.00033481666807217314,Normal
5674,0.0003061754825714551,Normal
5675,0.00031943559532429585,Normal
5676,0.00023716703185243498,Normal
5677,0.00020733778143088816,Normal
5678,0.00021991323222476223,Normal
5679,0.00013433913152169962,Normal
5680,0.000344476765187602,Normal
5681,0.0004059928371332957,Normal
5682,0.0003982813803876929,Normal
5683,0.0003823445493388337,Normal
5684,0.0003672258729712674,Normal
5685,0.0003312646161328317,Normal
5686,0.00029934458011383815,Normal
5687,0.00026880498306890984,Normal
5688,0.0002396224595505479,Normal
5689,0.000231910699951478,Normal
5690,0.0006895773029491046,Normal
5691,0.0006445509447659133,Normal
5692,0.0006329693278242103,Normal
5693,0.0006227124657364213,Normal
5694,0.0005912390791440129,Normal
5695,0.0005676675735239122,Normal
5696,0.0005251394700927074,Normal
5697,0.000508609442814554,Normal
5698,0.00047373352128184587,Normal
5699,0.0006017619913134868,Normal
5700,0.00014804935108124814,Normal
5701,0.00014496363344093912,Normal
5702,0.0001406654446262559,Normal
5703,0.000131070990884392,Normal
5704,0.00012118859772396767,Normal
5705,0.00010558762886501367,Normal
5706,0.00010147492984701723,Normal
5707,8.252495510503248e-05,Normal
5708,0.00022396785622866514,Normal
5709,0.00013938445773526925,Normal
5710,0.00013643537588190404,Normal
5711,0.00013228158481420587,Normal
5712,0.00012305826272866537,Normal
5713,0.0001135020669572347,Normal
5714,9.848514709961766e-05,Normal
5715,9.438627647292087e-05,Normal
5716,7.617305805028029e-05,Normal
5717,0.00022028601465480567,Normal
5718,0.000142162917737392,Normal
5719,0.0001392075334514435,Normal
5720,0.00013504378232676704,Normal
5721,0.00012576056443828912,Normal
5722,0.00011610813040196527,Normal
5723,0.00010096622440224647,Normal
5724,9.673701041726582e-05,Normal
5725,7.822449819101569e-05,Normal
5726,0.00017034899382116928,Normal
5727,9.283607183095717e-05,Normal
5728,9.074706862296304e-05,Normal
5729,8.74351492230831e-05,Normal
5730,8.046116880435002e-05,Normal
5731,7.257207202320294e-05,Normal
5732,6.098382909344491e-05,Normal
5733,5.69424765638545e-05,Normal
5734,4.323839661584838e-05,Normal
5735,0.00019702538117016523,Normal
5736,0.0001536684528136121,Normal
5737,0.0001507656545820098,Normal
5738,0.00014640924788492915,Normal
5739,0.00013662978091662052,Normal
5740,0.0001265443675323112,Normal
5741,0.00011062208078214223,Normal
5742,0.00010623231566431535,Normal
5743,8.684893724684706e-05,Normal
5744,0.00014524205359638695,Normal
5745,5.914182463702594e-05,Normal
5746,5.764474670845089e-05,Normal
5747,8.146183025428601e-05,Normal
5748,7.603980128864376e-05,Normal
5749,7.208748071584628e-05,Normal
5750,6.19024543507655e-05,Normal
5751,5.5827758342121825e-05,Normal
5752,4.2011615459540165e-05,Normal
5753,4.3869195119135194e-05,Normal
5754,2.108033639221461e-05,Normal
5755,1.2902381517984786e-05,Normal
5756,1.7990586852460435e-05,Normal
5757,0.0001264874709098413,Normal
5758,0.00012824792282146573,Normal
5759,0.00012573873004294257,Normal
5760,0.00012175901010756015,Normal
5761,0.00011293268783753478,Normal
5762,0.00010372212582917773,Normal
5763,8.943033828049436e-05,Normal
5764,8.521315953216783e-05,Normal
5765,6.809003810194012e-05,Normal
5766,7.560815221308766e-05,Normal
5767,0.00010614753308723131,Normal
5768,0.00010582643727615704,Normal
5769,0.00011597418968606481,Normal
5770,0.00011251009275689637,Normal
5771,0.00010421028176925573,Normal
5772,9.501779293843272e-05,Normal
5773,8.037729088499645e-05,Normal
5774,7.440795308952199e-05,Normal
5775,5.609508733332525e-05,Normal
5776,6.21264437513335e-05,Normal
5777,0.00010896298410103878,Normal
5778,0.00011418190787434879,Normal
5779,0.00010916175413462119,Normal
5780,0.00010554335073554844,Normal
5781,9.764883808109152e-05,Normal
5782,8.924407747726996e-05,Normal
5783,7.629378703725805e-05,Normal
5784,7.254504463416238e-05,Normal
5785,5.6799710259948806e-05,Normal
5786,6.381840623334948e-05,Normal
5787,0.00014844260504599672,Normal
5788,0.0001480794538009055,Normal
5789,0.00014501448538248868,Normal
5790,0.00014073639952096704,Normal
5791,0.00013115097105956223,Normal
5792,0.00012124766422725003,Normal
5793,0.00010567509927514019,Normal
5794,0.0001013008519526169,Normal
5795,8.235920585158418e-05,Normal
5796,9.023880960886091e-05,Normal
5797,4.580270879434434e-05,Normal
5798,4.5573462976001895e-05,Normal
5799,4.4394798081700304e-05,Normal
5800,4.2423849107930205e-05,Normal
5801,38.14566184319242,Anomaly
5802,53.366435671393276,Anomaly
5803,57.08853221249096,Anomaly
5804,60.61607581076335,Anomaly
5805,62.47270806935406,Anomaly
5806,65.97630974929825,Anomaly
5807,60.6978488708812,Anomaly
5808,60.467513118246586,Anomaly
5809,52.35928777741367,Anomaly
5810,76.73477861933561,Anomaly
5811,0.00041449020956107997,Normal
5812,0.00039840401758494293,Normal
5813,0.0003966285319632505,Normal
5814,0.0002293005351956422,Normal
5815,0.00013737207726724574,Normal
5816,6.140953117572224e-05,Normal
5817,0.0001784386637598414,Normal
5818,0.00016984155326254426,Normal
5819,0.00015695702222814743,Normal
5820,0.00014628573910193022,Normal
5821,0.00013779639053461214,Normal
5822,0.0002412158041303274,Normal
5823,0.00022381301346306783,Normal
5824,0.00028984157256942627,Normal
5825,0.0002675376560663482,Normal
5826,0.00027746940856168104,Normal
5827,0.000180479323309423,Normal
5828,0.00015817857368931353,Normal
5829,0.0004172065875305585,Normal
5830,0.0003911719261036605,Normal
5831,0.0003954016163123239,Normal
5832,0.0003056021601442512,Normal
5833,0.0003041959886081931,Normal
5834,0.000282741010894443,Normal
5835,0.00025784013285918954,Normal
5836,0.00025196633943411933,Normal
5837,0.0002212891267194956,Normal
5838,0.00023918796684060662,Normal
5839,0.00013137222449618313,Normal
5840,0.00012447465545590113,Normal
5841,0.00012335502317535507,Normal
5842,0.00011110805819391245,Normal
5843,0.00011192314082991669,Normal
5844,8.58186547398118e-05,Normal
5845,7.115158523538206e-05,Normal
5846,6.40452329367467e-05,Normal
5847,7.646737654662262e-05,Normal
5848,0.0001245053867976053,Normal
5849,7.279349819846686e-05,Normal
5850,7.229280920990773e-05,Normal
5851,6.792259792288706e-05,Normal
5852,5.8779007611303603e-05,Normal
5853,4.94018286798049e-05,Normal
5854,3.915051217048842e-05,Normal
5855,3.048456773710466e-05,Normal
5856,6.60064465056473e-05,Normal
5857,8.209391377588519e-05,Normal
5858,6.57298049031576e-05,Normal
5859,6.261616672116083e-05,Normal
5860,5.7827346565058525e-05,Normal
5861,4.9513838759778766e-05,Normal
5862,4.051775974477783e-05,Normal
5863,3.288077885683243e-05,Normal
5864,0.0006169534284072754,Normal
5865,0.000728626972879165,Normal
5866,0.0007082407691187475,Normal
5867,0.0006846395015341843,Normal
5868,0.0006643105232507637,Normal
5869,0.0006297295597254929,Normal
5870,0.000593464187692057,Normal
5871,0.0005658335695514437,Normal
5872,0.0005248070853212364,Normal
5873,0.0005134875489945107,Normal
5874,0.00010399591691467949,Normal
5875,8.522865619035814e-05,Normal
5876,8.492689135280113e-05,Normal
5877,8.140598509437623e-05,Normal
5878,7.624451663860486e-05,Normal
5879,6.608718699369926e-05,Normal
5880,5.5720800559185467e-05,Normal
5881,4.477747628555636e-05,Normal
5882,3.484907657004754e-05,Normal
5883,6.808307716381262e-05,Normal
5884,0.00013957363102363448,Normal
5885,0.000122162506322477,Normal
5886,0.00011786031978140489,Normal
5887,0.00011194790764569556,Normal
5888,9.936407576501836e-05,Normal
5889,8.710643065935514e-05,Normal
5890,7.233279037330544e-05,Normal
5891,6.14707682612806e-05,Normal
5892,0.0002885100462313137,Normal
5893,0.0002847963952340699,Normal
5894,0.00023799406118452408,Normal
5895,0.00023242762091527916,Normal
5896,0.00021932456288712758,Normal
5897,0.0002065172453527059,Normal
5898,0.00018552321984057683,Normal
5899,0.00030069624208211107,Normal
5900,0.00027382248357463043,Normal
5901,0.0002913314905153036,Normal
5902,0.00012691716699657574,Normal
5903,0.00011795074272098416,Normal
5904,0.00010859111645856271,Normal
5905,9.409159185316972e-05,Normal
5906,0.00017768802966904512,Normal
5907,0.0001597945797733274,Normal
5908,0.00017164555615374843,Normal
5909,9.462740025803814e-05,Normal
5910,8.72438902497116e-05,Normal
5911,7.932453572283166e-05,Normal
5912,6.722970092514784e-05,Normal
5913,6.372118220003659e-05,Normal
5914,0.00012465608123326025,Normal
5915,0.0001354161563608351,Normal
5916,8.53331253384839e-05,Normal
5917,8.219939852642576e-05,Normal
5918,7.549297745307736e-05,Normal
5919,6.82130151936733e-05,Normal
5920,5.719793033055103e-05,Normal
5921,5.382331633776401e-05,Normal
5922,0.00016647006760767816,Normal
5923,0.00021458275766375782,Normal
5924,0.00016947186511354415,Normal
5925,0.00016346097640921562,Normal
5926,0.0001543912742031559,Normal
5927,0.00013885414433481487,Normal
5928,0.0001221729816210943,Normal
5929,0.000108848698261887,Normal
5930,0.0002244997035623606,Normal
5931,0.00022467587224847272,Normal
5932,0.0001550920325754712,Normal
5933,0.00013597196015396637,Normal
5934,0.00012664724838659034,Normal
5935,0.00011695889668265867,Normal
5936,0.00010185173560423474,Normal
5937,9.761256794491614e-05,Normal
5938,9.281757902120719e-05,Normal
5939,0.001127720027516579,Anomaly
5940,0.0010328001532084504,Anomaly
5941,0.0010178008178495005,Anomaly
5942,0.0010068986154003086,Anomaly
5943,0.000969726256775249,Anomaly
5944,0.0009450514610019802,Anomaly
5945,0.0008912232437058756,Anomaly
5946,0.0008816661373236181,Anomaly
5947,0.00095075777259221,Anomaly
5948,0.0009787695098449978,Anomaly
5949,0.00013639663832130366,Normal
5950,0.00013228044239463327,Normal
5951,0.00012312013381804364,Normal
5952,0.00011357702496371535,Normal
5953,9.862971762453261e-05,Normal
5954,9.444098374602618e-05,Normal
5955,0.00021748781724254657,Normal
5956,0.00023210363448045976,Normal
5957,0.0001507656545820098,Normal
5958,0.00014640924788492915,Normal
5959,0.00013662978091662052,Normal
5960,0.0001265443675323112,Normal
5961,0.00011062208078214223,Normal
5962,0.00010623231566431535,Normal
5963,0.00011183968898985491,Normal
5964,0.00012227475929244886,Normal
5965,3.6255436538126344e-05,Normal
5966,3.4591610426813665e-05,Normal
5967,3.1232211584186134e-05,Normal
5968,2.734268092700576e-05,Normal
5969,2.1715810518124037e-05,Normal
5970,9.591472994709583e-05,Normal
5971,8.891216503000204e-05,Normal
5972,9.472777064157049e-05,Normal
5973,8.283422859324668e-05,Normal
5974,7.613979721656988e-05,Normal
5975,6.885982109722399e-05,Normal
5976,5.781910021764528e-05,Normal
5977,5.449964344499895e-05,Normal
5978,0.0004164550358532287,Normal
5979,0.0004326002885545943,Normal
5980,0.0003805305158620916,Normal
5981,0.0003734981531832273,Normal
5982,0.00035588679474249954,Normal
5983,0.00033982529143776734,Normal
5984,0.0003118693414423443,Normal
5985,0.00030584647409319555,Normal
5986,0.00041511164535577833,Normal
5987,0.0004386257287677468,Normal
5988,0.00015581790744365675,Normal
5989,0.00015136475900713006,Normal
5990,0.00014132212839301685,Normal
5991,0.0001310245534139988,Normal
5992,0.00011473414001838618,Normal
5993,0.00011021565284990614,Normal
5994,0.00016880758553149494,Normal
5995,0.0001821740898882455,Normal
5996,8.887864098755058e-05,Normal
5997,8.56822355133338e-05,Normal
5998,7.882912052962378e-05,Normal
5999,7.139808173411871e-05,Normal
6000,6.010417261482577e-05,Normal
6001,5.683440356490094e-05,Normal
6002,0.00015793992536869503,Normal
6003,0.0001693336127652911,Normal
6004,0.00012377554854999502,Normal
6005,0.00011986437192310431,Normal
6006,0.0001112263018134036,Normal
6007,0.0001021587524794345,Normal
6008,8.807647953378104e-05,Normal
6009,8.412445475155547e-05,Normal
6010,0.0002167162831995725,Normal
6011,0.00023095849659998435,Normal
6012,0.0001588365470880646,Normal
6013,0.0001543360732968732,Normal
6014,0.00014416818595997338,Normal
6015,0.00013376315438849186,Normal
6016,0.00011727620117202749,Normal
6017,0.0001127196390879701,Normal
6018,9.274548564942953e-05,Normal
6019,0.00010123155449219979,Normal
6020,1.2227948543984537e-05,Normal
6021,1.2193766077883674e-05,Normal
6022,1.2126311865303366e-05,Normal
6023,1.2011570659596692e-05,Normal
6024,1.187593387415328e-05,Normal
6025,1.1730999540142482e-05,Normal
6026,0.0001374860041219113,Normal
6027,0.0001729590513782964,Normal
6028,0.0001709627439161149,Normal
6029,0.0001649415937213183,Normal
6030,0.0001558857954962936,Normal
6031,0.00014017443760193696,Normal
6032,0.00012346456476761407,Normal
6033,0.00010987637044386551,Normal
6034,0.0001455452509336128,Normal
6035,0.0001430887731860783,Normal
6036,7.614439596905494e-05,Normal
6037,5.9694930845828065e-05,Normal
6038,5.440686628566053e-05,Normal
6039,4.850542448092098e-05,Normal
6040,3.972791883646048e-05,Normal
6041,3.706651456095352e-05,Normal
6042,7.491278347433476e-05,Normal
6043,8.344492539945063e-05,Normal
6044,5.8791030158442265e-05,Normal
6045,5.6341169437020615e-05,Normal
6046,5.123352499367067e-05,Normal
6047,4.552482178497058e-05,Normal
6048,6.740896954148237e-05,Normal
6049,6.483688972180198e-05,Normal
6050,5.375410451903921e-05,Normal
6051,6.0182095502732324e-05,Normal
6052,3.588254921368614e-05,Normal
6053,3.151260253043739e-05,Normal
6054,2.5150562009952094e-05,Normal
6055,2.3037814159321385e-05,Normal
6056,5.3156281244853765e-05,Normal
6057,8.287985714920986e-05,Normal
6058,7.040387538970348e-05,Normal
6059,6.712603213728739e-05,Normal
6060,6.234084677555946e-05,Normal
6061,5.339390668050895e-05,Normal
6062,4.417116208449731e-05,Normal
6063,3.543961729923007e-05,Normal
6064,2.613797312580561e-05,Normal
6065,0.00018096556888071237,Normal
6066,0.00017156538094254377,Normal
6067,0.0001607764487717193,Normal
6068,0.00015626106966115788,Normal
6069,0.0001460647725363286,Normal
6070,0.00013562131848884567,Normal
6071,0.00011914371326577486,Normal
6072,0.0001146298712906314,Normal
6073,9.431916331043366e-05,Normal
6074,0.00010252349498893602,Normal
6075,3.0600103520099175e-05,Normal
6076,3.060188235621969e-05,Normal
6077,2.9871102701898654e-05,Normal
6078,9.466948001893558e-05,Normal
6079,9.179484419293974e-05,Normal
6080,8.663138318730708e-05,Normal
6081,0.00020520991676081739,Normal
6082,0.00019730301365983744,Normal
6083,0.00018254934083068245,Normal
6084,0.00032000523683368314,Normal
6085,0.0002981038460938655,Normal
6086,0.00027538883837657845,Normal
6087,0.0003756987622848371,Normal
6088,0.00031705561121764383,Normal
6089,0.00028760807228725904,Normal
6090,0.00042414970119534595,Normal
6091,0.000320403210162374,Normal
6092,0.00029089893364797067,Normal
6093,0.0003995258047031013,Normal
6094,0.000284917927841092,Normal
6095,0.0002588842510547306,Normal
6096,0.0004051832417390511,Normal
6097,0.0003233136662493844,Normal
6098,0.00029422225957689136,Normal
6099,0.000410376824329441,Normal
6100,0.0003030330754416665,Normal
6101,0.00027660723320773915,Normal
6102,0.000427728518261009,Normal
6103,0.0003438225047297983,Normal
6104,0.0003136047572513875,Normal
6105,0.00040355992341141293,Normal
6106,0.00028766022453580127,Normal
6107,0.0002605223526313472,Normal
6108,0.0003893405596243272,Normal
6109,0.0003020887258215163,Normal
6110,0.00027269294838285125,Normal
6111,0.0002797161463385921,Normal
6112,0.0001671286761863151,Normal
6113,0.00014546819943770083,Normal
6114,0.00014378232617325888,Normal
6115,9.300254462186784e-05,Normal
6116,7.486399351889929e-05,Normal
6117,8.241249751383046e-05,Normal
6118,1.1851205016143026e-05,Normal
6119,1.1828948792271148e-05,Normal
6120,1.175406131739904e-05,Normal
6121,1.1830842856411538e-05,Normal
6122,0.00014060875856624684,Normal
6123,0.00014025467076626542,Normal
6124,0.000137330539888654,Normal
6125,0.00013319820793904576,Normal
6126,0.0001239969764636407,Normal
6127,0.00011441765444906277,Normal
6128,9.940533592044942e-05,Normal
6129,9.520307009274421e-05,Normal
6130,7.69594562613738e-05,Normal
6131,8.461474591411528e-05,Normal
6132,0.0001573798350629991,Normal
6133,0.00015699594040938212,Normal
6134,0.00015377093078855193,Normal
6135,0.00014933018595388755,Normal
6136,0.0001393613886986693,Normal
6137,0.00012915584228352005,Normal
6138,0.0001129680445420424,Normal
6139,0.00010863086352715662,Normal
6140,8.895187270451942e-05,Normal
6141,9.697815305985226e-05,Normal
6142,0.00011618803425769682,Normal
6143,0.00011585609256402868,Normal
6144,0.00011332973519182948,Normal
6145,0.00010963076132475663,Normal
6146,0.00010153422863081757,Normal
6147,9.294359348600956e-05,Normal
6148,7.967317225737603e-05,Normal
6149,7.585149244059296e-05,Normal
6150,5.969870575384266e-05,Normal
6151,6.670537183008977e-05,Normal
6152,9.816283005458592e-05,Normal
6153,9.785191745266661e-05,Normal
6154,9.563561461907834e-05,Normal
6155,9.229245628125267e-05,Normal
6156,8.508106979716697e-05,Normal
6157,7.73109472142066e-05,Normal
6158,6.544549359869997e-05,Normal
6159,0.0008561462753702099,Anomaly
6160,0.0008429242974243043,Anomaly
6161,0.0008585927638920743,Anomaly
6162,0.0007875110022436806,Normal
6163,0.0007592926065187274,Normal
6164,0.0007371189038375026,Normal
6165,0.0007225448161210696,Normal
6166,0.0007172829685448405,Normal
6167,0.0006631648750528051,Normal
6168,0.0006868270980272485,Normal
6169,3.639250399068362e-05,Normal
6170,3.236368426778268e-05,Normal
6171,0.00014786624885250726,Normal
6172,0.000146129942187009,Normal
6173,0.00013560495762597843,Normal
6174,0.000141082700652889,Normal
6175,0.00011878916302284154,Normal
6176,0.00010942753167691081,Normal
6177,0.00018506218015088818,Normal
6178,0.0001820050082261373,Normal
6179,0.00016628584600551728,Normal
6180,0.00017748737776943617,Normal
6181,9.506903780028025e-05,Normal
6182,8.647458726912524e-05,Normal
6183,7.305255803709207e-05,Normal
6184,6.832837936109168e-05,Normal
6185,0.00010743548473574429,Normal
6186,0.00011718922343343994,Normal
6187,6.285250644624159e-05,Normal
6188,6.294981901273427e-05,Normal
6189,8.546191571227952e-05,Normal
6190,7.919491562003038e-05,Normal
6191,6.850016536645527e-05,Normal
6192,6.438189704603846e-05,Normal
6193,6.252251839154545e-05,Normal
6194,6.761546272129864e-05,Normal
6195,3.5061381174743924e-05,Normal
6196,3.2173088090311865e-05,Normal
6197,8.150472068762303e-05,Normal
6198,8.707326024576308e-05,Normal
6199,7.12151372290533e-05,Normal
6200,6.757335388393387e-05,Normal
6201,5.755160578626784e-05,Normal
6202,5.6301844774218835e-05,Normal
6203,4.4783736456036435e-05,Normal
6204,4.184040017075948e-05,Normal
6205,0.00014510577167119792,Normal
6206,0.00015573410780317417,Normal
6207,0.00012368597704412066,Normal
6208,0.00011990146910703619,Normal
6209,0.00011131006016958748,Normal
6210,0.000102270288283128,Normal
6211,8.820350338698446e-05,Normal
6212,8.41791618149858e-05,Normal
6213,6.701187462196505e-05,Normal
6214,0.00024508504220551423,Normal
6215,0.00017557265360174,Normal
6216,0.00017203391544800704,Normal
6217,0.00016746769642925536,Normal
6218,0.00015683939432254516,Normal
6219,0.00014600590663047257,Normal
6220,0.00012870776192180092,Normal
6221,0.00012405133296492017,Normal
6222,0.00010285643874468975,Normal
6223,0.00020878319592876563,Normal
6224,0.00010420373287417322,Normal
6225,0.00010187653369393434,Normal
6226,9.840330802033961e-05,Normal
6227,9.08717653732441e-05,Normal
6228,8.280192924784676e-05,Normal
6229,7.042710117011894e-05,Normal
6230,6.68119123998768e-05,Normal
6231,5.180084015853844e-05,Normal
6232,0.00020891626451057543,Normal
6233,0.00015590922870840706,Normal
6234,0.00015274025614728218,Normal
6235,0.00014835196630783615,Normal
6236,0.00013848902669081064,Normal
6237,0.0001283323863798801,Normal
6238,0.0001122792799880363,Normal
6239,0.00010786341096181316,Normal
6240,8.821221231150876e-05,Normal
6241,0.00023877603800947925,Normal
6242,0.0001479705146756757,Normal
6243,0.00014492468902198392,Normal
6244,0.00014077189010308714,Normal
6245,0.00013123361718395766,Normal
6246,0.00012135721969091544,Normal
6247,0.0001058007244899922,Normal
6248,0.00011369750795060633,Normal
6249,9.446651818887159e-05,Normal
6250,0.0001910303629039868,Normal
6251,0.00010524818809046679,Normal
6252,0.00010077232469005656,Normal
6253,9.527905604940971e-05,Normal
6254,8.466297869476913e-05,Normal
6255,7.606107310749325e-05,Normal
6256,6.046938961788424e-05,Normal
6257,6.119993240576618e-05,Normal
6258,4.55742383907224e-05,Normal
6259,0.00014341259003482822,Normal
6260,9.863369979832624e-05,Normal
6261,9.640382564428915e-05,Normal
6262,9.30442913268231e-05,Normal
6263,8.579280463510238e-05,Normal
6264,7.798521659498452e-05,Normal
6265,6.605632859125062e-05,Normal
6266,6.253742728808508e-05,Normal
6267,4.8107913391615156e-05,Normal
6268,8.023166380104858e-05,Normal
6269,9.671837088935343e-05,Normal
6270,9.609096018829046e-05,Normal
6271,9.254099047748098e-05,Normal
6272,8.76844866762065e-05,Normal
6273,7.731679737762843e-05,Normal
6274,6.688812467089837e-05,Normal
6275,5.4251986715184215e-05,Normal
6276,4.5143599574814186e-05,Normal
6277,3.704877263714428e-05,Normal
6278,3.7518243415810934e-05,Normal
6279,0.0001275050935191662,Normal
6280,0.00012713407985763975,Normal
6281,0.00012453591100626253,Normal
6282,0.00012066339415282353,Normal
6283,0.00011203711475325433,Normal
6284,0.00010296822209713229,Normal
6285,8.886150634757727e-05,Normal
6286,8.485359659911106e-05,Normal
6287,0.00022450628184174712,Normal
6288,0.00023921059765500842,Normal
6289,0.00016613833631788847,Normal
6290,0.0001615201802684634,Normal
6291,0.00015109827873557808,Normal
6292,0.0001671732831839036,Normal
6293,0.00014917068893677114,Normal
6294,0.00014403779875755884,Normal
6295,0.00017403544563825214,Normal
6296,0.00018691040657199006,Normal
6297,7.984853107834744e-05,Normal
6298,7.136475735714383e-05,Normal
6299,6.415846467914825e-05,Normal
6300,5.146785022202813e-05,Normal
6301,4.985244511863293e-05,Normal
6302,3.771416209258114e-05,Normal
6303,0.00012603889134893577,Normal
6304,0.0001498569864506019,Normal
6305,0.00012153547245563987,Normal
6306,0.00011708615479721787,Normal
6307,0.00010913812244899616,Normal
6308,9.769618655255721e-05,Normal
6309,8.352317251374414e-05,Normal
6310,7.508718463534337e-05,Normal
6311,0.00013956875294884085,Normal
6312,0.00014402363493131294,Normal
6313,9.178105695948659e-05,Normal
6314,8.580565002614754e-05,Normal
6315,7.886177422409989e-05,Normal
6316,7.144330534700579e-05,Normal
6317,6.014523462610495e-05,Normal
6318,5.6624741545600226e-05,Normal
6319,0.0001706889626322869,Normal
6320,0.00035882186561483345,Normal
6321,0.00032234637051994865,Normal
6322,0.0003138160787184452,Normal
6323,0.00030354968759732626,Normal
6324,0.0002790348910772122,Normal
6325,0.00025616739587240166,Normal
6326,0.00022801639925777175,Normal
6327,0.00020542952470071346,Normal
6328,0.00018271158114483726,Normal
6329,0.00017057451728844612,Normal
6330,6.817528052986512e-05,Normal
6331,6.407928119895286e-05,Normal
6332,6.147199108968011e-05,Normal
6333,5.598575543957129e-05,Normal
6334,5.002225616795302e-05,Normal
6335,4.108421762994942e-05,Normal
6336,3.819603008284693e-05,Normal
6337,0.00014205546742184405,Normal
6338,0.00015232393253406594,Normal
6339,0.00012365008574890396,Normal
6340,0.00011979380720027308,Normal
6341,0.00011120895538850634,Normal
6342,0.00010217620211423552,Normal
6343,8.813458587107544e-05,Normal
6344,8.496258226798492e-05,Normal
6345,0.0001938874981452665,Normal
6346,0.00020773327790029136,Normal
6347,0.00013639504912958073,Normal
6348,0.00013214472381937794,Normal
6349,0.0002455811088685562,Normal
6350,0.0002368744303342225,Normal
6351,0.00021683004400032215,Normal
6352,0.00020995741425349707,Normal
6353,0.0001834934049280771,Normal
6354,0.000188565610550713,Normal
6355,9.646629472603125e-05,Normal
6356,9.187325260520255e-05,Normal
6357,0.0002017646919311203,Normal
6358,0.0002154001521455466,Normal
6359,0.0001375068991887424,Normal
6360,0.0001335093864489775,Normal
6361,0.00012428255350138692,Normal
6362,0.00011455895735644166,Normal
6363,9.947348219015472e-05,Normal
6364,9.50517721290013e-05,Normal
6365,0.0001879796715319596,Normal
6366,0.00020189275660330934,Normal
6367,0.00012141955668889055,Normal
6368,0.00011762896396840443,Normal
6369,0.00010913180975135486,Normal
6370,0.00010001909009663482,Normal
6371,8.607027453030685e-05,Normal
6372,8.182827961519545e-05,Normal
6373,0.00015703750194672188,Normal
6374,0.0001689332475067131,Normal
6375,0.00010173092425156026,Normal
6376,9.840330802033961e-05,Normal
6377,9.08717653732441e-05,Normal
6378,8.280192924784676e-05,Normal
6379,7.042710117011894e-05,Normal
6380,7.265201774779584e-05,Normal
6381,0.0001695439025664661,Normal
6382,0.00018190615550674148,Normal
6383,0.00012640042246285982,Normal
6384,0.00012188375781611346,Normal
6385,0.0001115817738073905,Normal
6386,0.00010134624634957795,Normal
6387,8.611815384927883e-05,Normal
6388,7.961289021943529e-05,Normal
6389,0.00019372221408096895,Normal
6390,0.00020656100862619908,Normal
6391,0.00013740844571290435,Normal
6392,0.00013329829204340957,Normal
6393,0.00012408877490489875,Normal
6394,0.00011446091092046659,Normal
6395,9.942437281082454e-05,Normal
6396,9.514916604580748e-05,Normal
6397,0.00019070567296485246,Normal
6398,0.00020494275058212494,Normal
6399,0.00012411892874087782,Normal
6400,0.0001202163633801161,Normal
6401,0.00011170057386095484,Normal
6402,0.0001024774854615485,Normal
6403,8.832017448119437e-05,Normal
6404,8.402313428968254e-05,Normal
6405,0.00022805370626718455,Normal
6406,0.00024232699512770692,Normal
6407,0.0001701456539882304,Normal
6408,0.00016554293537679416,Normal
6409,0.00015488320669493387,Normal
6410,0.00014414067362499044,Normal
6411,0.00012696223344091357,Normal
6412,0.00012218276621059663,Normal
6413,0.00019096610791774154,Normal
6414,0.00020507026341135508,Normal
6415,0.00010021681898377414,Normal
6416,9.685527918141016e-05,Normal
6417,8.940360460984995e-05,Normal
6418,8.14084101840195e-05,Normal
6419,6.916125153910387e-05,Normal
6420,0.00020497702968146251,Normal
6421,0.00019057004125334266,Normal
6422,0.00020174085939814076,Normal
6423,0.0001446843591367106,Normal
6424,0.0001349706498890564,Normal
6425,0.00012486070024864956,Normal
6426,0.00010902035127126088,Normal
6427,0.00010451073656414167,Normal
6428,0.00020898774280581753,Normal
6429,0.00022353680066365772,Normal
6430,0.00013366235962671423,Normal
6431,0.00012964836098732673,Normal
6432,0.00012060304639067301,Normal
6433,0.00011112056423758055,Normal
6434,9.634314067601874e-05,Normal
6435,9.212279655344187e-05,Normal
6436,0.0001862781800308836,Normal
6437,0.0001997624025243439,Normal
6438,0.00012188928166442321,Normal
6439,0.00011806535255363067,Normal
6440,0.00010966581339246302,Normal
6441,0.00010070601603243644,Normal
6442,8.677793674036527e-05,Normal
6443,8.279899753699143e-05,Normal
6444,0.00021238997801047298,Normal
6445,0.00022641423991617238,Normal
6446,0.00015565734361411968,Normal
6447,0.0001512078959066436,Normal
6448,0.00014125266265646786,Normal
6449,0.0001311039907182616,Normal
6450,0.00011487694299037708,Normal
6451,0.00011041005993622014,Normal
6452,0.00019618676007459262,Normal
6453,0.000326474986996453,Normal
6454,0.0002282782467360255,Normal
6455,0.0002208659544630337,Normal
6456,0.0002119370728478793,Normal
6457,0.00019208617803182607,Normal
6458,0.00017415227654095947,Normal
6459,0.00015279050919144425,Normal
6460,0.00013604161504650602,Normal
6461,0.0003708552587561158,Normal
6462,0.00031940717575144135,Normal
6463,0.00024675699052343594,Normal
6464,0.00024109075094574283,Normal
6465,0.0002276125170796007,Normal
6466,0.00021469740317873933,Normal
6467,0.00019316192905440547,Normal
6468,0.00020216789243899898,Normal
6469,0.0001753089086941355,Normal
6470,0.00018742603363942298,Normal
6471,2.4636960817048447e-05,Normal
6472,2.2303464732163173e-05,Normal
6473,1.9548942855523284e-05,Normal
6474,1.562256173014476e-05,Normal
6475,1.4588027900283144e-05,Normal
6476,4.76579680611934e-05,Normal
6477,5.253810115845361e-05,Normal
6478,4.864695902905308e-05,Normal
6479,4.647276554806385e-05,Normal
6480,4.199036285460666e-05,Normal
6481,3.694341692896491e-05,Normal
6482,2.9613866468073474e-05,Normal
6483,2.7621786139908666e-05,Normal
6484,8.26938383130257e-05,Normal
6485,9.099012171424623e-05,Normal
6486,7.401291171159689e-05,Normal
6487,7.107826123736724e-05,Normal
6488,6.483567749156613e-05,Normal
6489,5.8047933987195345e-05,Normal
6490,4.795820193680996e-05,Normal
6491,7.166312920604154e-05,Normal
6492,5.996218030411643e-05,Normal
6493,6.782492375203676e-05,Normal
6494,3.623531998690594e-05,Normal
6495,3.2727336587859865e-05,Normal
6496,2.8677429511810206e-05,Normal
6497,2.2805931598424447e-05,Normal
6498,2.166915096584386e-05,Normal
6499,9.679208573996472e-05,Normal
6500,0.00010480856853624276,Normal
6501,9.301269194623784e-05,Normal
6502,8.956840249006783e-05,Normal
6503,8.21566668698934e-05,Normal
6504,7.412920303491177e-05,Normal
6505,6.22104564477255e-05,Normal
6506,5.799864488297128e-05,Normal
6507,0.00017138436332399284,Normal
6508,0.0001833882584559088,Normal
6509,0.00013569611443471912,Normal
6510,0.00013167781714428962,Normal
6511,0.00012253287950055023,Normal
6512,0.00011288185578882314,Normal
6513,9.792610352109897e-05,Normal
6514,9.353188788895932e-05,Normal
6515,0.0001848874950156802,Normal
6516,0.00019813270883680946,Normal
6517,0.0001192088303433684,Normal
6518,0.00011549901366846901,Normal
6519,0.00010711753552477939,Normal
6520,9.826917540034059e-05,Normal
6521,8.454866994360326e-05,Normal
6522,0.00020173930037286798,Normal
6523,0.000185203615710362,Normal
6524,0.0001972123271994902,Normal
6525,0.00012705054375825042,Normal
6526,0.0001181201893755154,Normal
6527,0.00010869924308647976,Normal
6528,9.409116691196861e-05,Normal
6529,8.983953288239342e-05,Normal
6530,0.000188787707489401,Normal
6531,0.000340907172191098,Normal
6532,0.00036212696849114367,Normal
6533,0.00035497676595438836,Normal
6534,0.0003437135168078656,Normal
6535,0.00032100405244190244,Normal
6536,0.0002929860233892733,Normal
6537,0.000264323300022606,Normal
6538,0.00023235294493676606,Normal
6539,0.00020687333507095305,Normal
6540,0.00029931928626005194,Normal
6541,0.0003312734561529003,Normal
6542,0.0002667572639864245,Normal
6543,0.000258162391153922,Normal
6544,0.0002483676540882112,Normal
6545,0.0002257803060770145,Normal
6546,0.00020628256930437346,Normal
6547,0.00018385811399006968,Normal
6548,0.00016520762573856313,Normal
6549,0.00028756432200105876,Normal
6550,0.0001981209878194979,Normal
6551,0.00013864668561462435,Normal
6552,0.000134426593819089,Normal
6553,0.00012496951378213438,Normal
6554,0.00011521715434993297,Normal
6555,9.997637294266012e-05,Normal
6556,0.00019970958160163587,Normal
6557,0.00018130644460191925,Normal
6558,0.00019403694093056298,Normal
6559,0.00011045826039130836,Normal
6560,0.00010232138339094864,Normal
6561,9.369408986042876e-05,Normal
6562,8.035956696406364e-05,Normal
6563,0.0002158215756587211,Normal
6564,0.00019963659229249082,Normal
6565,0.0002116578056307199,Normal
6566,0.00027101501685906795,Normal
6567,0.00026031549302820637,Normal
6568,0.00024704554620179396,Normal
6569,0.0002265072027291828,Normal
6570,0.00021773279352457626,Normal
6571,0.00019052683408657173,Normal
6572,0.00019301058381116548,Normal
6573,9.776414241572542e-05,Normal
6574,7.8575915949614e-05,Normal
6575,0.00011008025791723326,Normal
6576,3.39052377199506e-05,Normal
6577,3.241129098536063e-05,Normal
6578,2.9007877903796624e-05,Normal
6579,2.8137814192004343e-05,Normal
6580,3.377903592823757e-05,Normal
6581,2.8395738836019514e-05,Normal
6582,2.623686563556483e-05,Normal
6583,1.933098704982437e-05,Normal
6584,2.3239728847117007e-05,Normal
6585,1.5873864297902327e-05,Normal
6586,1.3017187960895875e-05,Normal
6587,0.00010528161919518087,Normal
6588,0.00010161428329137333,Normal
6589,0.00010367497683571709,Normal
6590,9.8946956818851e-05,Normal
6591,9.116058762894209e-05,Normal
6592,8.33744499587356e-05,Normal
6593,0.0001299133900273363,Normal
6594,0.00014505032642531576,Normal
6595,0.00012887538914148903,Normal
6596,0.00013780272178149982,Normal
6597,7.88563163803979e-05,Normal
6598,6.872960736165997e-05,Normal
6599,5.748517917725744e-05,Normal
6600,0.00020219972588990813,Normal
6601,0.00019249625713541033,Normal
6602,0.00019356492043581336,Normal
6603,0.000164244279704743,Normal
6604,0.0002570980247062671,Normal
6605,0.0002468301537359685,Normal
6606,0.0002254805786979761,Normal
6607,0.00021912010853672312,Normal
6608,0.00037466991269259446,Normal
6609,0.00039129232549017253,Normal
6610,0.0002656312396108255,Normal
6611,0.0002589656094592643,Normal
6612,0.0003043521677819472,Normal
6613,0.00031370579330061585,Normal
6614,0.00021942925368010485,Normal
6615,0.0002131754193219541,Normal
6616,0.00023305015738081525,Normal
6617,0.0002460531338513082,Normal
6618,0.0001054638919543579,Normal
6619,0.0001005373410906005,Normal
6620,8.852677414502048e-05,Normal
6621,9.302571222396344e-05,Normal
6622,4.473992016505006e-05,Normal
6623,4.148808657213937e-05,Normal
6624,2.970427851857979e-05,Normal
6625,0.00022913505556923912,Normal
6626,0.00019971288520099622,Normal
6627,0.0001953748834986363,Normal
6628,0.00018789905783875104,Normal
6629,0.00018076760986684344,Normal
6630,0.000205274284251291,Normal
6631,0.00018518256075301766,Normal
6632,0.0001798302670033748,Normal
6633,0.00015477243825346744,Normal
6634,0.0001649904872778754,Normal
6635,7.264199073511297e-05,Normal
6636,6.47586701669669e-05,Normal
6637,6.152386702490612e-05,Normal
6638,5.09132091993191e-05,Normal
6639,5.4896069734166884e-05,Normal
6640,0.0002030161638129695,Normal
6641,0.00019477507183060608,Normal
6642,0.00018976802162791175,Normal
6643,0.00017716968481469345,Normal
6644,0.0001778654436405649,Normal
6645,0.0004663906169045574,Normal
6646,0.00044541308527810486,Normal
6647,0.00043774348907750477,Normal
6648,0.0004101193575956684,Normal
6649,0.00042065599324134906,Normal
6650,0.00029675653087760204,Normal
6651,0.0002705557551084756,Normal
6652,0.0002646456870300069,Normal
6653,0.00023262935484080535,Normal
6654,0.0002450707727186829,Normal
6655,5.126274425526384e-05,Normal
6656,9.29041190697396e-05,Normal
6657,0.00020558302500545334,Normal
6658,0.00019883942756408426,Normal
6659,0.0001968497891479701,Normal
6660,0.0002049552683319429,Normal
6661,0.00018465414808925242,Normal
6662,0.00016501595861816986,Normal
6663,0.00013893069507958856,Normal
6664,0.00012768522095316554,Normal
6665,0.00017655279829620067,Normal
6666,0.00016336164104854842,Normal
6667,9.091582810091383e-05,Normal
6668,8.155428620273722e-05,Normal
6669,8.267132644225877e-05,Normal
6670,9.729028413112042e-05,Normal
6671,9.85023158357322e-05,Normal
6672,9.513776771113755e-05,Normal
6673,7.97876841222974e-05,Normal
6674,8.524614647261816e-05,Normal
6675,4.028103056691859e-05,Normal
6676,5.004029311886308e-05,Normal
6677,4.300938259551661e-05,Normal
6678,3.46640124247427e-05,Normal
6679,3.387969884531033e-05,Normal
6680,2.6372000639903126e-05,Normal
6681,2.1499075590896835e-05,Normal
6682,1.7089376488000814e-05,Normal
6683,1.556316620967638e-05,Normal
6684,1.0070547736448462e-05,Normal
6685,1.4423222632351259e-05,Normal
6686,0.0005299043529557836,Normal
6687,0.0005293225920072335,Normal
6688,0.000521282948494667,Normal
6689,0.0005131248357428496,Normal
6690,0.0004916541097028639,Normal
6691,0.0004732551335278126,Normal
6692,0.0004395137807857104,Normal
6693,0.00043300744621778897,Normal
6694,0.00039259395294205236,Normal
6695,0.0004066002175430208,Normal
6696,0.00015128261425816222,Normal
6697,0.00015085348153645072,Normal
6698,0.0001477454936885222,Normal
6699,0.00014336777301199606,Normal
6700,0.00013463187273446718,Normal
6701,0.0001246775401799115,Normal
6702,0.000108841290117599,Normal
6703,0.00010440260653247027,Normal
6704,0.0001864204301234983,Normal
6705,0.00020023916264956692,Normal
6706,0.00011124886507488094,Normal
6707,0.00010748079340188261,Normal
6708,0.00019492782918190718,Normal
6709,0.0001874810299358738,Normal
6710,0.00017048238573143126,Normal
6711,0.00016464774408900108,Normal
6712,0.00014131147972491458,Normal
6713,0.00027606604684986307,Normal
6714,0.00019724928741853793,Normal
6715,0.00019190295547846147,Normal
6716,0.00017308048539682385,Normal
6717,0.00017908394393836808,Normal
6718,0.00023637635588391162,Normal
6719,0.0002196301968571446,Normal
6720,0.0002139805993593881,Normal
6721,0.00019231856814406228,Normal
6722,0.00020011925007792892,Normal
6723,0.00023083364086847472,Normal
6724,0.00021412713308791953,Normal
6725,0.00020853225488421472,Normal
6726,0.00018695232750273863,Normal
6727,0.0001947628366131484,Normal
6728,0.00020836550023172287,Normal
6729,0.00019221902359061116,Normal
6730,0.00018685268428545224,Normal
6731,0.00016607756314174265,Normal
6732,0.00017359793859780194,Normal
6733,0.000767040112420633,Normal
6734,0.0007500076704640175,Normal
6735,0.0007394686831098581,Normal
6736,0.0007161541403338878,Normal
6737,0.0007191891604876736,Normal
6738,0.0007108916210863717,Normal
6739,0.0006676959313612348,Normal
6740,0.000661367300897495,Normal
6741,0.0006094685020740077,Normal
6742,0.0006353102236312889,Normal
6743,0.00015419834595923799,Normal
6744,0.00014084111658629116,Normal
6745,0.0001361447637453844,Normal
6746,0.0001190739187671025,Normal
6747,0.00012487036144136795,Normal
6748,0.0002354274093854962,Normal
6749,0.00022270465605979785,Normal
6750,0.0002171351691317925,Normal
6751,0.00020029778036583429,Normal
6752,0.00020436737923758614,Normal
6753,0.0011147001183090851,Anomaly
6754,0.0010912750983607961,Anomaly
6755,0.0010781795804199234,Anomaly
6756,0.001046582615718763,Anomaly
6757,0.0010562040976936867,Anomaly
6758,0.0010336482687995107,Anomaly
6759,0.0009794880405602751,Anomaly
6760,0.0009739804708521803,Anomaly
6761,0.0009100210938100076,Anomaly
6762,0.0009464000592313473,Anomaly
6763,0.00012126390879509897,Normal
6764,0.0001057323319502796,Normal
6765,0.00012287309952738895,Normal
6766,0.00024021538505976064,Normal
6767,0.000581592903132868,Normal
6768,0.00048527872953969527,Normal
6769,0.0004889527134568424,Normal
6770,0.0004733814731893618,Normal
6771,0.0004407415045811529,Normal
6772,0.0004119934497308506,Normal
6773,0.0003730969265639542,Normal
6774,0.0007013984395495161,Normal
6775,0.0007322645581859311,Normal
6776,0.0008506629458314874,Anomaly
6777,0.0006696526764368927,Normal
6778,0.0006628374922006492,Normal
6779,0.0007474195923940222,Normal
6780,0.0007055364388864761,Normal
6781,0.0007903013077824678,Normal
6782,0.0007382071258444335,Normal
6783,0.0008902355592118946,Anomaly
6784,0.0006044151708135487,Normal
6785,0.0006409327347564151,Normal
6786,0.0004981906362261797,Normal
6787,0.000401946466393846,Normal
6788,0.00040368649794699895,Normal
6789,0.00029570318107902105,Normal
6790,0.0002987038517697302,Normal
6791,0.00018634319810170857,Normal
6792,0.00019572978860577244,Normal
6793,9.132358447299768e-05,Normal
6794,9.898082053732657e-05,Normal
6795,4.098770945264777e-05,Normal
6796,3.734878678052873e-05,Normal
6797,0.0001576103009457363,Normal
6798,0.00016102135453021523,Normal
6799,0.00014472158683503431,Normal
6800,0.00014094912235517452,Normal
6801,0.00025814347128699414,Normal
6802,0.00026013890779869064,Normal
6803,0.00022855041178841185,Normal
6804,0.00022216214713352585,Normal
6805,0.00030189825571531783,Normal
6806,0.00031435487292076104,Normal
6807,0.0002083986971663375,Normal
6808,0.00020213325044368316,Normal
6809,0.0003191729886763845,Normal
6810,0.00033304105994891406,Normal
6811,0.000297839608245406,Normal
6812,0.0002925106208220985,Normal
6813,0.00026452576603767046,Normal
6814,0.00027046665806379684,Normal
6815,0.0003128946332416698,Normal
6816,0.0003125985896195782,Normal
6817,0.00036023126261250507,Normal
6818,0.00037524405514908734,Normal
6819,0.00024965359558081114,Normal
6820,0.00038114428301989423,Normal
6821,0.0003054615863180203,Normal
6822,0.00028789339423672324,Normal
6823,0.0003809644926186689,Normal
6824,0.00038420365124444797,Normal
6825,0.00026916792180164365,Normal
6826,0.0003992457510538758,Normal
6827,0.000329780688376308,Normal
6828,0.0003008794019276486,Normal
6829,0.0003442943777668503,Normal
6830,0.00024648636383340245,Normal
6831,0.00024751098176931916,Normal
6832,0.00025130904963028444,Normal
6833,0.000271089615331063,Normal
6834,0.00024573299555294935,Normal
6835,0.0002523917441418221,Normal
6836,0.00015358178621108288,Normal
6837,0.00025568974290391343,Normal
6838,0.0002552105193891638,Normal
6839,0.00021222596007941936,Normal
6840,0.00021471754338528472,Normal
6841,0.0002491004456591345,Normal
6842,0.00027257575405972,Normal
6843,0.0001803633711159472,Normal
6844,0.00017391066881212053,Normal
6845,0.0002731451733996316,Normal
6846,0.0002836995810622522,Normal
6847,0.00018570024579933126,Normal
6848,0.0009675427527679906,Anomaly
6849,0.0009504496287626129,Anomaly
6850,0.0010610575769315908,Anomaly
6851,0.00098242335343931,Anomaly
6852,0.0009374063692481926,Anomaly
6853,0.0008999234223520272,Anomaly
6854,0.0008826155163406274,Anomaly
6855,0.0007714913075417425,Normal
6856,0.0007070441084259334,Normal
6857,0.0007295847305030208,Normal
6858,0.00038189435567651496,Normal
6859,0.0003993732064350605,Normal
6860,0.00032663828409195376,Normal
6861,0.00032010126655139824,Normal
6862,0.00030403128269795203,Normal
6863,0.0002892159827076035,Normal
6864,0.0002637122066229348,Normal
6865,0.0002578324524947343,Normal
6866,0.0003735302691905957,Normal
6867,0.000395574560078583,Normal
6868,0.00015874667398323744,Normal
6869,0.00015426307608910683,Normal
6870,0.0001441499773298448,Normal
6871,0.00013377841570255623,Normal
6872,0.00011733340109035384,Normal
6873,0.00011284040304832864,Normal
6874,9.280585863120536e-05,Normal
6875,0.00010097400199401315,Normal
6876,1.2006030408136324e-05,Normal
6877,1.1986860226308185e-05,Normal
6878,6.349665888459087e-05,Normal
6879,6.319311468179842e-05,Normal
6880,6.156482518146822e-05,Normal
6881,5.903544859132131e-05,Normal
6882,5.371322856243933e-05,Normal
6883,4.794919099580945e-05,Normal
6884,3.928899317823018e-05,Normal
6885,3.653555673914745e-05,Normal
6886,2.5924510992962673e-05,Normal
6887,0.00021602170278534364,Normal
6888,0.00018988940322297508,Normal
6889,0.00018621156378835062,Normal
6890,0.00018131690078285043,Normal
6891,0.00017010942832785546,Normal
6892,0.00015881753002115336,Normal
6893,0.00014066249400260358,Normal
6894,0.0001358486849588829,Normal
6895,0.00011359924851316237,Normal
6896,0.00018236653469527178,Normal
6897,6.815429240744537e-05,Normal
6898,6.659629396405198e-05,Normal
6899,7.790000604961953e-05,Normal
6900,7.202904600923341e-05,Normal
6901,6.515293550972187e-05,Normal
6902,5.463640209595442e-05,Normal
6903,4.959474283611901e-05,Normal
6904,3.6050918519835294e-05,Normal
6905,3.975872443914773e-05,Normal
6906,1.3823246793119838e-05,Normal
6907,9.127915863208209e-06,Normal
6908,0.0002535655387502922,Normal
6909,0.00024882172955745246,Normal
6910,0.00024430139961482354,Normal
6911,0.00023865981000360226,Normal
6912,0.00022533795451969477,Normal
6913,0.00021236214825924327,Normal
6914,0.00019093506974445434,Normal
6915,0.00018558626730006417,Normal
6916,0.0001593699313801853,Normal
6917,0.00016924873191049493,Normal
6918,1.190643805496348e-05,Normal
6919,1.190643805496348e-05,Normal
6920,0.0005223295204506559,Normal
6921,0.0005217520985596831,Normal
6922,0.0005138004122537454,Normal
6923,0.0005056971607755088,Normal
6924,0.0004845171483912556,Normal
6925,0.00046613220969009966,Normal
6926,0.0004326768227587743,Normal
6927,0.0004261710475458581,Normal
6928,0.0003860666568178654,Normal
6929,0.00039995384911589574,Normal
6930,1.1851205016143026e-05,Normal
6931,1.1828948792271148e-05,Normal
6932,4.4178059074992446e-05,Normal
6933,4.4043900432921745e-05,Normal
6934,4.296051565985613e-05,Normal
6935,4.1040370491710594e-05,Normal
6936,3.7122463656643896e-05,Normal
6937,3.263310947121703e-05,Normal
6938,2.6086582921154503e-05,Normal
6939,2.3920985094273374e-05,Normal
6940,1.585973676082133e-05,Normal
6941,0.00014791293233543636,Normal
6942,0.00013461364272780984,Normal
6943,0.0001317792595264405,Normal
6944,0.0001277436166583631,Normal
6945,0.00011878871015165073,Normal
6946,0.00010942753167691081,Normal
6947,9.480432852513815e-05,Normal
6948,9.068419515567599e-05,Normal
6949,7.292921678478695e-05,Normal
6950,8.044465671707039e-05,Normal
6951,1.2006030408136324e-05,Normal
6952,1.1986860226308185e-05,Normal
6953,0.0001396964297779788,Normal
6954,0.00013930313251947322,Normal
6955,0.00013632641355096142,Normal
6956,0.0001321967324124491,Normal
6957,0.00012296611453103772,Normal
6958,0.00011353655933158266,Normal
6959,9.862971762453261e-05,Normal
6960,9.444098374602618e-05,Normal
6961,7.617305805028029e-05,Normal
6962,0.00021060916577941716,Normal
6963,0.00013276108184595293,Normal
6964,0.00012995657367390447,Normal
6965,0.00012595246807403003,Normal
6966,0.00011708034824441304,Normal
6967,0.00010779186638642461,Normal
6968,9.32982702715283e-05,Normal
6969,8.920581454966075e-05,Normal
6970,7.150666459982772e-05,Normal
6971,7.895259071117235e-05,Normal
6972,8.904047665098154e-05,Normal
6973,0.0002499176918193886,Normal
6974,0.00026033853416446335,Normal
6975,0.000253321632484709,Normal
6976,0.00024449733121164734,Normal
6977,0.00022378894206831623,Normal
6978,0.00020370384276095278,Normal
6979,0.00017853136773443356,Normal
6980,0.00015915160264318967,Normal
6981,0.00014005493332017264,Normal
6982,0.00010499026151247477,Normal
6983,1.2299211417571616e-05,Normal
6984,1.190643805496348e-05,Normal
6985,0.00013965903623839394,Normal
6986,0.00013930572315119772,Normal
6987,0.00013639663832130366,Normal
6988,0.00013228062292036587,Normal
6989,0.0001231204959889604,Normal
6990,0.00011357702496371535,Normal
6991,9.862971762453261e-05,Normal
6992,9.444098374602618e-05,Normal
6993,7.617305805028029e-05,Normal
6994,0.0002459995919391309,Normal
6995,0.000169362659127056,Normal
6996,0.00016605979633672126,Normal
6997,0.00017319206809128412,Normal
6998,0.00016244224832802457,Normal
6999,0.00015049493430597258,Normal
7000,0.00013206034387193294,Normal
7001,0.0001246617623196134,Normal
7002,0.00010193962962357654,Normal
7003,0.00010712190189973566,Normal
7004,1.2478047764543827e-05,Normal
7005,9.003263836568825e-06,Normal
7006,5.148121716098833e-05,Normal
7007,4.968997044346328e-05,Normal
7008,4.8379613586926547e-05,Normal
7009,4.617762267030329e-05,Normal
7010,4.189449767429587e-05,Normal
7011,3.698255047918606e-05,Normal
7012,2.9722775932906663e-05,Normal
7013,2.7295609978846322e-05,Normal
7014,1.8489926383771318e-05,Normal
7015,0.00010812076627650593,Normal
7016,9.247665475902956e-05,Normal
7017,9.035620115237431e-05,Normal
7018,8.712701924973793e-05,Normal
7019,8.029932531374302e-05,Normal
7020,7.27913818880088e-05,Normal
7021,6.135710305084928e-05,Normal
7022,5.793710001388559e-05,Normal
7023,4.4139945325801076e-05,Normal
7024,5.045583795342933e-05,Normal
7025,1.1851205016143026e-05,Normal
7026,1.1828948792271148e-05,Normal
7027,0.00016845876708555804,Normal
7028,0.00016819811697760785,Normal
7029,0.00016487760427326702,Normal
7030,0.0001602984821556023,Normal
7031,0.00014993468889061426,Normal
7032,0.00013934919745212072,Normal
7033,0.0001225110980480909,Normal
7034,0.0001179416873444168,Normal
7035,9.731512390287578e-05,Normal
7036,0.00010559703508902058,Normal
7037,1.2016097399701436e-05,Normal
7038,0.00018705469081474726,Normal
7039,0.0001866616537749526,Normal
7040,0.00018301351794010068,Normal
7041,0.00017814962434873214,Normal
7042,0.00027772873098100075,Normal
7043,0.000266817352866632,Normal
7044,0.00024397818942554882,Normal
7045,0.00023744385863015861,Normal
7046,0.00020698865484428222,Normal
7047,0.000214684621347457,Normal
7048,8.66898185421483e-05,Normal
7049,8.272432153675438e-05,Normal
7050,6.575683890747231e-05,Normal
7051,0.00019880522714099832,Normal
7052,0.00013184007096893262,Normal
7053,0.0001290505413085665,Normal
7054,0.00012506238993573987,Normal
7055,0.00011623130558914934,Normal
7056,0.00010697943038308732,Normal
7057,9.255021572842452e-05,Normal
7058,8.847172028677795e-05,Normal
7059,7.085392837050411e-05,Normal
7060,7.827672302273045e-05,Normal
7061,1.190643805496348e-05,Normal
7062,1.190643805496348e-05,Normal
7063,0.00011790935463179694,Normal
7064,0.00011757626244760049,Normal
7065,0.00011502147810248062,Normal
7066,0.00011129010111463557,Normal
7067,0.00010311229568823511,Normal
7068,9.444786635697093e-05,Normal
7069,8.104920169076755e-05,Normal
7070,7.719831599048912e-05,Normal
7071,6.0882410183825895e-05,Normal
7072,0.0001702882160511571,Normal
7073,0.00010911380916107554,Normal
7074,0.00010670206206428237,Normal
7075,0.00010313195611807921,Normal
7076,9.535903857879843e-05,Normal
7077,8.706536291723193e-05,Normal
7078,7.430731596510577e-05,Normal
7079,7.06030665048566e-05,Normal
7080,5.510230183720267e-05,Normal
7081,7.58108504032648e-05,Normal
7082,2.4532466736842153e-05,Normal
7083,2.3935005383711e-05,Normal
7084,9.832585661606185e-05,Normal
7085,9.585073088259475e-05,Normal
7086,9.11845102054995e-05,Normal
7087,8.450235031025494e-05,Normal
7088,7.663999686814343e-05,Normal
7089,6.548711764096989e-05,Normal
7090,5.986578151687948e-05,Normal
7091,5.3951629011662505e-05,Normal
7092,4.0737314063200935e-05,Normal
7093,4.693883786473792e-05,Normal
7094,0.00013777014781641092,Normal
7095,0.00013741816678962407,Normal
7096,0.0001345389256496306,Normal
7097,0.00013045528320872798,Normal
7098,0.00012137750307199984,Normal
7099,0.00011190708966849875,Normal
7100,9.708945702866241e-05,Normal
7101,9.292794327006751e-05,Normal
7102,7.4822665659526e-05,Normal
7103,0.00033476285275099813,Normal
7104,0.000255304340104087,Normal
7105,0.0002506947794337415,Normal
7106,0.0002449784841792219,Normal
7107,0.00023143671514959792,Normal
7108,0.00021850458585453945,Normal
7109,0.00019671319836767537,Normal
7110,0.00019131732684722248,Normal
7111,0.00016465226481247424,Normal
7112,0.0001748088748782704,Normal
7113,1.9140668916483293e-05,Normal
7114,5.289272960482688e-05,Normal
7115,5.245409497368337e-05,Normal
7116,5.037055525366532e-05,Normal
7117,4.7535892499335434e-05,Normal
7118,4.176346601080649e-05,Normal
7119,3.5314842665196086e-05,Normal
7120,2.726270378516493e-05,Normal
7121,2.2131154863157117e-05,Normal
7122,1.6036990603429594e-05,Normal
7123,2.237086832554721e-05,Normal
7124,0.0001465386738832977,Normal
7125,0.0002437057190365464,Normal
7126,0.00024185453633976845,Normal
7127,0.00023403631237380002,Normal
7128,0.00022462087979076696,Normal
7129,0.00020344289566381793,Normal
7130,0.00018477066006358485,Normal
7131,0.0001632538045369416,Normal
7132,0.0001455369360620731,Normal
7133,0.0001313813511700268,Normal
7134,6.192360313224567e-05,Normal
7135,1.1906377435519295e-05,Normal
7136,0.00013777014781641092,Normal
7137,0.00013741816678962407,Normal
7138,0.0001345389256496306,Normal
7139,0.00013045528320872798,Normal
7140,0.00012137750307199984,Normal
7141,0.00011190708966849875,Normal
7142,9.708945702866241e-05,Normal
7143,9.292794327006751e-05,Normal
7144,7.482267727649007e-05,Normal
7145,8.238426189094925e-05,Normal
7146,1.190643805496348e-05,Normal
7147,0.00013777014781641092,Normal
7148,0.00013741816678962407,Normal
7149,0.0001345389256496306,Normal
7150,0.00013045528320872798,Normal
7151,0.00012137750307199984,Normal
7152,0.00011201324241646856,Normal
7153,9.718566881193769e-05,Normal
7154,9.302280170804612e-05,Normal
7155,7.489907903488377e-05,Normal
7156,0.00021310411898403339,Normal
7157,0.00013647757157240047,Normal
7158,0.00013354664594523834,Normal
7159,0.00012946502902493019,Normal
7160,0.00012035728929025737,Normal
7161,0.00011103597577348358,Normal
7162,9.632434319437373e-05,Normal
7163,9.217666087678192e-05,Normal
7164,7.415258417956951e-05,Normal
7165,0.0001184620212610755,Normal
7166,4.6179805306333655e-05,Normal
7167,0.0001256239778039627,Normal
7168,0.0001233156154840604,Normal
7169,0.00011695767560498608,Normal
7170,0.00010910707255966777,Normal
7171,9.538226033868499e-05,Normal
7172,8.581466637271974e-05,Normal
7173,6.69915598819441e-05,Normal
7174,7.000563771157389e-05,Normal
7175,4.413403885100037e-05,Normal
7176,5.055917978961065e-05,Normal
7177,1.2006030408136324e-05,Normal
7178,8.618782479684719e-05,Normal
7179,8.586278851513406e-05,Normal
7180,8.69548514284389e-05,Normal
7181,8.38423769770085e-05,Normal
7182,7.702071073516742e-05,Normal
7183,6.938699964953945e-05,Normal
7184,0.00017515165784875802,Normal
7185,0.000172494278127412,Normal
7186,0.0001560924781772222,Normal
7187,0.00016410163800750213,Normal
7188,0.00011330023873781683,Normal
7189,0.00010620581082980017,Normal
7190,9.193672391856327e-05,Normal
7191,8.75077612484724e-05,Normal
7192,6.995673567180088e-05,Normal
7193,7.683375929860015e-05,Normal
7194,1.1558702254550306e-05,Normal
7195,0.00018805269958160453,Normal
7196,0.00018766149672266356,Normal
7197,0.00018401624120696972,Normal
7198,0.0001791527184763519,Normal
7199,0.00016802968770026304,Normal
7200,0.00015680855508431335,Normal
7201,0.00013878558305693313,Normal
7202,0.00013399552039443626,Normal
7203,0.00011190816286744227,Normal
7204,0.00022754389915267509,Normal
7205,0.00011330162000426275,Normal
7206,0.00011138160399664916,Normal
7207,0.00010773534642665075,Normal
7208,9.971289557855055e-05,Normal
7209,9.113630653964708e-05,Normal
7210,7.787668841552017e-05,Normal
7211,7.390841396051154e-05,Normal
7212,5.773452463597687e-05,Normal
7213,6.46198013690737e-05,Normal
7214,1.118032227309609e-05,Normal
7215,9.71704609600372e-05,Normal
7216,9.707347224124448e-05,Normal
7217,9.487107768144486e-05,Normal
7218,9.154405846850512e-05,Normal
7219,8.437244406901588e-05,Normal
7220,7.66399244964742e-05,Normal
7221,6.483822340130878e-05,Normal
7222,6.134776416867819e-05,Normal
7223,4.7084176960934254e-05,Normal
7224,5.355734617173111e-05,Normal
7225,1.190643805496348e-05,Normal
7226,0.00018144761627802232,Normal
7227,0.00018106047710626344,Normal
7228,0.00017751246285687623,Normal
7229,0.00017274353342123621,Normal
7230,0.00016187465182292696,Normal
7231,0.00015086412570544005,Normal
7232,0.0001332371696544903,Normal
7233,0.0001285194113058559,Normal
7234,0.0001069187608820465,Normal
7235,0.00011547879437011543,Normal
7236,1.190643805496348e-05,Normal
7237,0.00011278515884700689,Normal
7238,0.00011245674241419769,Normal
7239,0.00010998855529806808,Normal
7240,0.00010635409440640386,Normal
7241,9.841912319958651e-05,Normal
7242,8.997669665225291e-05,Normal
7243,7.696296303634594e-05,Normal
7244,7.319948406359837e-05,Normal
7245,7.002371422233093e-05,Normal
7246,7.826345322041815e-05,Normal
7247,2.3935005383711e-05,Normal
7248,2.296592622078101e-05,Normal
7249,8.69530505846491e-05,Normal
7250,8.423858090162462e-05,Normal
7251,7.846072925450442e-05,Normal
7252,7.464027212948961e-05,Normal
7253,6.415013464212201e-05,Normal
7254,6.252739011759461e-05,Normal
7255,5.019606574168275e-05,Normal
7256,4.701401486151998e-05,Normal
7257,3.490495196974407e-05,Normal
7258,4.118226645839087e-05,Normal
7259,1.2006030408136324e-05,Normal
7260,1.1986860226308185e-05,Normal
7261,0.00014447984367850004,Normal
7262,0.00014408162544449215,Normal
7263,0.00014102980327773164,Normal
7264,0.00013682020157239927,Normal
7265,0.00012748643655186435,Normal
7266,0.00011787560112395357,Normal
7267,0.0001026282883028657,Normal
7268,9.835900010587986e-05,Normal
7269,7.965060974954754e-05,Normal
7270,8.736255316543006e-05,Normal
7271,1.1851205016143026e-05,Normal
7272,1.1828948792271148e-05,Normal
7273,0.00013388135536592652,Normal
7274,0.00013364432586106508,Normal
7275,0.0001308661189021708,Normal
7276,0.00012684656088110058,Normal
7277,0.00011814348155833552,Normal
7278,0.00010881646262171041,Normal
7279,9.432750588615906e-05,Normal
7280,9.020073024051367e-05,Normal
7281,4.384707454060592,Anomaly
7282,7.053894461543119,Anomaly
7283,6.947461552771555,Anomaly
7284,7.6302343215070865,Anomaly
7285,7.496623233182751,Anomaly
7286,7.503837037461406,Anomaly
7287,7.626016884877728,Anomaly
7288,8.040107045570542,Anomaly
7289,8.51183349376747,Anomaly
7290,8.773181621620274,Anomaly
7291,0.0008508781557528879,Anomaly
7292,0.0008070693121992026,Anomaly
7293,0.0008211596463822675,Anomaly
7294,0.0009040392025730084,Anomaly
7295,0.000796991941055614,Anomaly
7296,0.0007565100630542462,Normal
7297,0.0007205778089731609,Normal
7298,0.0003785835343197374,Normal
7299,0.00023535783769113296,Normal
7300,0.00024149337960379194,Normal
7301,0.0005226352795578832,Normal
7302,0.0006424995607726754,Normal
7303,0.0007544120868044107,Normal
7304,0.0008164997996804255,Anomaly
7305,0.000953903995993377,Anomaly
7306,0.0009862887702325788,Anomaly
7307,0.0011011811116803903,Anomaly
7308,0.0011667946657460367,Anomaly
7309,0.0010898912077542523,Anomaly
7310,0.0010569198362396861,Anomaly
7311,0.0007810528773339294,Normal
7312,0.0006476426030380605,Normal
7313,0.000514834953917431,Normal
7314,0.00039491254513672756,Normal
7315,0.00026389277297811034,Normal
7316,0.00020955419798291585,Normal
7317,0.00026868961389353417,Normal
7318,0.00027523616074094073,Normal
7319,0.0002687866209465022,Normal
7320,0.00025805194185160276,Normal
7321,0.00021879021833893985,Normal
7322,0.0002054803682420109,Normal
7323,0.0001821310300728036,Normal
7324,0.0002647383431982806,Normal
7325,0.00024945113974028795,Normal
7326,0.00024042440780395943,Normal
7327,0.00015067618331898725,Normal
7328,0.00010153422863081757,Normal
7329,9.294359348600956e-05,Normal
7330,0.0002344773798154054,Normal
7331,0.00023204426652540647,Normal
7332,0.00021287227784745556,Normal
7333,0.00022348120353924686,Normal
7334,0.00015091052045475842,Normal
7335,0.0001402899634856954,Normal
7336,0.0005666825233648344,Normal
7337,0.0005654886751276762,Normal
7338,0.0005371478137392424,Normal
7339,0.0005552359511072994,Normal
7340,0.00042684419387062735,Normal
7341,0.0004095383155694024,Normal
7342,0.0006036524777112495,Normal
7343,0.0006013937662048691,Normal
7344,0.0005564368855635536,Normal
7345,0.0005834754030757931,Normal
7346,0.00022173900260111815,Normal
7347,0.000280967777464195,Normal
7348,0.000257694303308022,Normal
7349,0.0002516968870730924,Normal
7350,0.0002225964841191369,Normal
7351,0.00023508822358484413,Normal
7352,6.637713644910812e-05,Normal
7353,0.00013484967325147018,Normal
7354,0.00013225931553997788,Normal
7355,0.00011761825863485054,Normal
7356,0.0001254609939822866,Normal
7357,8.019445714101695e-05,Normal
7358,7.268799188298515e-05,Normal
7359,0.000184898422897726,Normal
7360,0.00018249205570775902,Normal
7361,0.00016644431539051153,Normal
7362,0.00017518201338086466,Normal
7363,0.00012137750307199984,Normal
7364,0.00011190708966849875,Normal
7365,0.00022761648192287334,Normal
7366,0.00022484242625772974,Normal
7367,0.00020382579572431175,Normal
7368,0.00021526244976491268,Normal
7369,0.00012843152336415952,Normal
7370,0.00011867052954857329,Normal
7371,0.00022809019716279506,Normal
7372,0.0002252144155618856,Normal
7373,0.00020356057691597296,Normal
7374,0.00021528280544312774,Normal
7375,0.0001231204959889604,Normal
7376,0.0002645230105449951,Normal
7377,0.0002474549647991077,Normal
7378,0.00024153236466356682,Normal
7379,0.00021932301282042425,Normal
7380,0.00022719187032678545,Normal
7381,0.00020946045122025958,Normal
7382,0.00019122910592563142,Normal
7383,0.00018582376214646654,Normal
7384,0.00016267011529940467,Normal
7385,0.00017206880439560838,Normal
7386,0.00019643333687227268,Normal
7387,0.00018396248832887844,Normal
7388,0.00017879211684180066,Normal
7389,0.00016243956339603746,Normal
7390,0.00016675038237279173,Normal
7391,0.000289673569370473,Normal
7392,0.00027222394165944024,Normal
7393,0.00026595292546318554,Normal
7394,0.00024341159691685868,Normal
7395,0.00025138961065078555,Normal
7396,0.0002691578214440325,Normal
7397,0.00024898229886929424,Normal
7398,0.0002430432219726069,Normal
7399,0.00021724164537862233,Normal
7400,0.0002278482701478993,Normal
7401,0.00022325463234870187,Normal
7402,0.00020744724876944226,Normal
7403,0.00020193225666656354,Normal
7404,0.00018144420629633308,Normal
7405,0.00018846482071186926,Normal
7406,0.00021679437752818043,Normal
7407,0.00020034550214526452,Normal
7408,0.00019483200723266697,Normal
7409,0.0001737657985438866,Normal
7410,0.00018146289744646146,Normal
7411,0.00018354807174297518,Normal
7412,0.00016843117762434717,Normal
7413,0.0001633468295188842,Normal
7414,0.0001439562078350067,Normal
7415,0.00015085544755457451,Normal
7416,0.0002966903328865655,Normal
7417,0.00028258891670886026,Normal
7418,0.0002763812093947768,Normal
7419,0.00025761512858978833,Normal
7420,0.00026220247759257373,Normal
7421,0.0003155644331137559,Normal
7422,0.00029261934539271696,Normal
7423,0.0002863785009169334,Normal
7424,0.000257192483688256,Normal
7425,0.0002698948285501826,Normal
7426,0.00047585650751690283,Normal
7427,0.00045822890831575885,Normal
7428,0.0004503218862272347,Normal
7429,0.0004266797895385689,Normal
7430,0.00043338917264775276,Normal
7431,0.0008977917593644819,Anomaly
7432,0.0008633424041812174,Anomaly
7433,0.0008537606537762534,Anomaly
7434,0.0008097965669475656,Anomaly
7435,0.0008347952782376815,Anomaly
7436,0.0006282368036486047,Normal
7437,0.0005888352982475935,Normal
7438,0.00058224135505011,Normal
7439,0.0005344331848495598,Normal
7440,0.0005586018411608197,Normal
7441,0.0002452547506572221,Normal
7442,0.00022957738028352653,Normal
7443,0.0002238594695533165,Normal
7444,0.00020340251925862513,Normal
7445,0.0002101513377804292,Normal
7446,0.0003695852086139979,Normal
7447,0.00035046087153586824,Normal
7448,0.00034358187181806227,Normal
7449,0.00031846918584516797,Normal
7450,0.0003276021700862318,Normal
7451,0.00023367357805230182,Normal
7452,0.00021102297984847365,Normal
7453,0.00020547288438492283,Normal
7454,0.00017758740840922725,Normal
7455,0.0001888367908156533,Normal
7456,0.00014267414504757055,Normal
7457,0.00013710903890256336,Normal
7458,0.00013315109801126748,Normal
7459,0.00012371264389657874,Normal
7460,0.00012281199104249285,Normal
7461,0.0002205215294475274,Normal
7462,0.00020438260426469722,Normal
7463,0.00019890657249258033,Normal
7464,0.00017792605215782143,Normal
7465,0.00018540891877041275,Normal
7466,0.000201118162862408,Normal
7467,0.00018550663853391012,Normal
7468,0.00018014367023970923,Normal
7469,0.0001599450162333925,Normal
7470,0.00016703123727225365,Normal
7471,9.258410852984752e-05,Normal
7472,7.944157147681201e-05,Normal
7473,7.554866353562663e-05,Normal
7474,5.9413843534328144e-05,Normal
7475,0.0002797221641289298,Normal
7476,0.0002184520427295934,Normal
7477,0.00021279561695843776,Normal
7478,0.00020728757096836475,Normal
7479,0.00019345717659226386,Normal
7480,0.0002679980345447153,Normal
7481,0.0002455337302604931,Normal
7482,0.00023965306260016728,Normal
7483,0.00021213187198163385,Normal
7484,0.00022382507620302065,Normal
7485,0.0002152568180380501,Normal
7486,0.00020182217338201252,Normal
7487,0.00019644539584193123,Normal
7488,0.00017887408390897187,Normal
7489,0.00031317046297616005,Normal
7490,0.00024869845210918125,Normal
7491,0.0002279508836526232,Normal
7492,0.00022150435148032493,Normal
7493,0.00019338400360496228,Normal
7494,0.0003204244018215121,Normal
7495,0.0002105294445381968,Normal
7496,0.0002049687138667128,Normal
7497,0.00018344446737949326,Normal
7498,0.00019126057965989559,Normal
7499,0.00024073276754778554,Normal
7500,0.00022461816794467623,Normal
7501,0.00021893568100151578,Normal
7502,0.0001979855302030945,Normal
7503,0.00020530527138837109,Normal
7504,0.0002338966402185497,Normal
7505,0.00021631718008482755,Normal
7506,0.00021067175332743668,Normal
7507,0.0001880502850219748,Normal
7508,0.00019663691031359618,Normal
7509,0.00020136629030156113,Normal
7510,0.00018798545698393642,Normal
7511,0.0001828294283392747,Normal
7512,0.0001626662710761535,Normal
7513,0.00016954388961759143,Normal
7514,0.00020187058237911438,Normal
7515,0.00018692269056197757,Normal
7516,0.0001800203823393767,Normal
7517,0.0001613679574746432,Normal
7518,0.0001658164658632231,Normal
7519,0.00022310464374003733,Normal
7520,0.00020730224814088233,Normal
7521,0.00020180968902059894,Normal
7522,0.0001816551620463256,Normal
7523,0.0002935224291663426,Normal
7524,0.0002119811181509342,Normal
7525,0.0001929839837370592,Normal
7526,0.0001868996870806589,Normal
7527,0.0001610939178867635,Normal
7528,0.0003243211463175554,Normal
7529,0.0002268649104140665,Normal
7530,0.00022119877954806288,Normal
7531,0.0002015847243552932,Normal
7532,0.00020783841696865975,Normal
7533,0.00014917901834031184,Normal
7534,0.00013189089308977223,Normal
7535,0.0001271329066837895,Normal
7536,0.0001057350262301901,Normal
7537,0.00021216220646447036,Normal
7538,0.00011164860533157147,Normal
7539,0.00010509194821548562,Normal
7540,0.00010067000355423717,Normal
7541,8.870619839637202e-05,Normal
7542,0.00026593929474436913,Normal
7543,0.0002459964882534385,Normal
7544,0.00024016621632865696,Normal
7545,0.00022115213698586933,Normal
7546,0.00022650303488326882,Normal
7547,0.00028020533369268075,Normal
7548,0.00025980425423157815,Normal
7549,0.00025377289483383917,Normal
7550,0.0002276423166203132,Normal
7551,0.00023829246235352458,Normal
7552,0.00023485062939800384,Normal
7553,0.00021831217786214712,Normal
7554,0.00021268010701800148,Normal
7555,0.00019126981306389325,Normal
7556,0.00019890073702836516,Normal
7557,0.0002026177031509995,Normal
7558,0.0002222413603918237,Normal
7559,0.0002187566609510095,Normal
7560,0.00019517838002781904,Normal
7561,0.00020300957660549245,Normal
7562,0.00011125139536333473,Normal
7563,0.00012687614310189104,Normal
7564,0.00011302210896312116,Normal
7565,9.857103614008822e-05,Normal
7566,9.347037521410164e-05,Normal
7567,4.930015830181464e-05,Normal
7568,0.00014684222945706877,Normal
7569,0.00013956345663326998,Normal
7570,0.0001352764663413647,Normal
7571,0.00012426268790396354,Normal
7572,0.0001252945162175521,Normal
7573,0.00018898373103688336,Normal
7574,0.0001732500314661448,Normal
7575,0.00016808897481093317,Normal
7576,0.00014793954782716198,Normal
7577,0.00015541650919684017,Normal
7578,0.00029055476278904796,Normal
7579,0.0002766139292661422,Normal
7580,0.0002704549774523577,Normal
7581,0.00025190980985774063,Normal
7582,0.00025633883925243615,Normal
7583,0.000255605881965678,Normal
7584,0.00023352296571943682,Normal
7585,0.00022769555173268716,Normal
7586,0.00020008813492891183,Normal
7587,0.00021173665843284085,Normal
7588,0.00021174872828075105,Normal
7589,0.00020015272860775726,Normal
7590,0.00019486272737269614,Normal
7591,0.00017918222224512688,Normal
7592,0.00018280652118285212,Normal
7593,0.00030096990185481137,Normal
7594,0.0002819219163841148,Normal
7595,0.00027567452027753845,Normal
7596,0.0002509542711965655,Normal
7597,0.00026052018918981565,Normal
7598,0.0003496558349984955,Normal
7599,0.00032947174442379427,Normal
7600,0.0003228008491939343,Normal
7601,0.00029651692200385443,Normal
7602,0.00030672205028567135,Normal
7603,0.00037497761318664645,Normal
7604,0.00036429837818486763,Normal
7605,0.00035841994314524307,Normal
7606,0.000327916744058588,Normal
7607,0.0003400468791697002,Normal
7608,0.00018668512475863698,Normal
7609,0.00016624337514378583,Normal
7610,0.00015634968043310956,Normal
7611,0.0001326173216290571,Normal
7612,0.00044039292313946646,Normal
7613,0.00031111900523301286,Normal
7614,0.00029976866220097093,Normal
7615,0.000293297186513019,Normal
7616,0.00027693622513486917,Normal
7617,0.0002927452072919069,Normal
7618,0.00029555482784648717,Normal
7619,0.00029123962492164475,Normal
7620,0.00025717649540300737,Normal
7621,0.0002698074551421022,Normal
7622,9.490997055736066e-05,Normal
7623,8.588565832287673e-05,Normal
7624,7.415854067857258e-05,Normal
7625,6.485316494291626e-05,Normal
7626,5.8186248793686595e-05,Normal
7627,0.0002024386406866637,Normal
7628,0.00017905880894751185,Normal
7629,0.0001741711982598508,Normal
7630,0.00016101930306422634,Normal
7631,0.00016284990422499491,Normal
7632,0.00015702600866599582,Normal
7633,0.00013970637274528705,Normal
7634,0.00013485656605276885,Normal
7635,0.00011333708788015877,Normal
7636,0.00014778759080002026,Normal
7637,5.117331150893485e-05,Normal
7638,4.4326117915992145e-05,Normal
7639,4.1103803153241134e-05,Normal
7640,3.172979380002533e-05,Normal
7641,0.00015435010296200411,Normal
7642,0.00013774186375024156,Normal
7643,0.0001335712966505698,Normal
7644,0.00018110110244353713,Normal
7645,0.00018208697488769453,Normal
7646,0.0001598890135592268,Normal
7647,0.00033366720002145627,Normal
7648,0.00032532031979295366,Normal
7649,0.0002993699606909754,Normal
7650,0.0003358518747092078,Normal
7651,0.00024134675255107295,Normal
7652,0.000219242944130721,Normal
7653,0.0002614049778744622,Normal
7654,0.0002829391323880907,Normal
7655,0.00025455498077905453,Normal
7656,0.00026681032288254896,Normal
7657,0.00018227465606917691,Normal
7658,0.00016193995554838033,Normal
7659,0.00016188911118320343,Normal
7660,0.0002670420848788552,Normal
7661,0.00025263463067805195,Normal
7662,0.00024110847530384034,Normal
7663,0.0003321488868720452,Normal
7664,0.0002744080911457296,Normal
7665,0.0002511584273446824,Normal
7666,0.0003707140980037887,Normal
7667,0.00031708469888724287,Normal
7668,0.00028959822660751326,Normal
7669,0.000710422132712119,Normal
7670,0.0005937605565844112,Normal
7671,0.0005718666829850882,Normal
7672,0.0005788107655852702,Normal
7673,0.00047372028403374917,Normal
7674,0.0005218792054202217,Normal
7675,0.0005268125067599562,Normal
7676,0.0004289153112033798,Normal
7677,0.0004657537318807644,Normal
7678,0.000491515323653109,Normal
7679,0.00016339059864641333,Normal
7680,0.0002656585608951161,Normal
7681,0.00024629076448859203,Normal
7682,0.00022484856111671016,Normal
7683,0.0003193719936176986,Normal
7684,0.0002574706801441704,Normal
7685,0.0002285287015013642,Normal
7686,0.00039894603492043044,Normal
7687,0.00033209047641724257,Normal
7688,0.00030809678425906015,Normal
7689,0.00039928038881917473,Normal
7690,0.0003059710131903453,Normal
7691,9.73856793379441,Anomaly
7692,14.331757802564137,Anomaly
7693,14.893500241467128,Anomaly
7694,15.98593434031668,Anomaly
7695,15.83514151894627,Anomaly
7696,15.932937581962715,Anomaly
7697,16.441592093267143,Anomaly
7698,17.48701718777951,Anomaly
7699,19.079965970709218,Anomaly
7700,18.950483937518747,Anomaly
7701,0.00014940175125414013,Normal
7702,0.00014640870928724805,Normal
7703,7.141200704859478e-05,Normal
7704,6.450032585470156e-05,Normal
7705,5.395284786157632e-05,Normal
7706,0.00012439817300661425,Normal
7707,0.00011178845301168716,Normal
7708,0.00012075991952297991,Normal
7709,8.073479766401359e-05,Normal
7710,7.415849486983365e-05,Normal
7711,6.699258034706111e-05,Normal
7712,5.614166210477455e-05,Normal
7713,0.00016873535680095913,Normal
7714,0.00015597850986635506,Normal
7715,0.00016578222312899695,Normal
7716,0.00012153610298195366,Normal
7717,0.00011286945360262587,Normal
7718,0.00010376339079532548,Normal
7719,8.959250945782028e-05,Normal
7720,0.000235862327803491,Normal
7721,0.0002185012323850215,Normal
7722,0.00023140089095886565,Normal
7723,0.00015526031032354068,Normal
7724,0.00014510563949751953,Normal
7725,0.00013469846805650338,Normal
7726,0.00011818777644859643,Normal
7727,0.00019893356225368628,Normal
7728,0.00017831136103880514,Normal
7729,0.00019141643099043277,Normal
7730,9.229245628125267e-05,Normal
7731,8.508106979716697e-05,Normal
7732,7.73109472142066e-05,Normal
7733,6.544549359869997e-05,Normal
7734,8.153135124832589e-05,Normal
7735,6.865609950039264e-05,Normal
7736,7.673818562814989e-05,Normal
7737,3.0724312980164754e-05,Normal
7738,0.00010595608064298,Normal
7739,0.00010194655297033703,Normal
7740,9.428551726992662e-05,Normal
7741,8.925430236200782e-05,Normal
7742,7.663070816504482e-05,Normal
7743,7.481100228925459e-05,Normal
7744,5.9267879092183685e-05,Normal
7745,5.620496081134762e-05,Normal
7746,4.2652075148087566e-05,Normal
7747,4.888505773979796e-05,Normal
7748,0.00010688353884242854,Normal
7749,0.00010649048314982588,Normal
7750,0.00010423411057777046,Normal
7751,0.0001007524075231721,Normal
7752,9.310004689331704e-05,Normal
7753,8.491803491200826e-05,Normal
7754,7.245289696871281e-05,Normal
7755,6.879644067800683e-05,Normal
7756,5.3533586072204924e-05,Normal
7757,6.029494393642161e-05,Normal
7758,0.00014159904066047118,Normal
7759,0.00014120389367156563,Normal
7760,0.00013819786914202577,Normal
7761,0.0001340359460783589,Normal
7762,0.00012472321472472845,Normal
7763,0.0001152207652334197,Normal
7764,0.00010018462876089569,Normal
7765,9.596852090253103e-05,Normal
7766,7.753717129492009e-05,Normal
7767,8.519184305230034e-05,Normal
7768,0.00013965903623839394,Normal
7769,0.00013930572315119772,Normal
7770,0.00013639663832130366,Normal
7771,0.00013228062292036587,Normal
7772,0.0001231204959889604,Normal
7773,0.00011357702496371535,Normal
7774,9.872945472916357e-05,Normal
7775,9.454471120290379e-05,Normal
7776,7.62686789729629e-05,Normal
7777,8.388914164781824e-05,Normal
7778,0.000127667504714211,Normal
7779,0.00012728436792485646,Normal
7780,0.00012450302649860513,Normal
7781,0.0001206881229321778,Normal
7782,0.0001119846482695634,Normal
7783,0.00010301926890381788,Normal
7784,8.893081890460705e-05,Normal
7785,8.48921004861153e-05,Normal
7786,6.76438390286528e-05,Normal
7787,7.492650003913305e-05,Normal
7788,0.0001302715653747367,Normal
7789,0.0001298556868374907,Normal
7790,0.00012721318200508807,Normal
7791,0.00012329260719543195,Normal
7792,0.00011454337806642604,Normal
7793,0.00010536479038191462,Normal
7794,9.106460762470471e-05,Normal
7795,8.701424595080488e-05,Normal
7796,6.955883973995715e-05,Normal
7797,7.693569544268493e-05,Normal
7798,0.00013310886595907807,Normal
7799,0.00013276108184595293,Normal
7800,0.00012995657367390447,Normal
7801,0.00012595246807403003,Normal
7802,0.00011708034824441304,Normal
7803,0.00010779186638642461,Normal
7804,9.32982702715283e-05,Normal
7805,8.920581454966075e-05,Normal
7806,7.150665219670974e-05,Normal
7807,7.895250823256062e-05,Normal
7808,0.00013777014781641092,Normal
7809,0.00013741816678962407,Normal
7810,0.0001345389256496306,Normal
7811,0.00013045528320872798,Normal
7812,0.00012137750307199984,Normal
7813,0.00011190708966849875,Normal
7814,9.708945702866241e-05,Normal
7815,9.292794327006751e-05,Normal
7816,7.482267727649007e-05,Normal
7817,8.238426189094925e-05,Normal
7818,0.00013777014781641092,Normal
7819,0.00013741816678962407,Normal
7820,0.0001345389256496306,Normal
7821,0.00013045528320872798,Normal
7822,0.00012137750307199984,Normal
7823,0.00011190708966849875,Normal
7824,9.708945702866241e-05,Normal
7825,9.292794327006751e-05,Normal
7826,7.482267727649007e-05,Normal
7827,8.238426189094925e-05,Normal
7828,0.00016966255488330744,Normal
7829,0.00016928387958052275,Normal
7830,0.00016591146384339444,Normal
7831,0.00016131650090600095,Normal
7832,0.00015091052045475842,Normal
7833,0.0001402899634856954,Normal
7834,0.00012338615720208028,Normal
7835,0.00011880413682698655,Normal
7836,9.809635194181134e-05,Normal
7837,0.00010640146262544511,Normal
7838,7.034538453709455e-05,Normal
7839,7.00726086407411e-05,Normal
7840,6.836957878735743e-05,Normal
7841,8.235644036430696e-05,Normal
7842,7.63368764558375e-05,Normal
7843,6.925570079973739e-05,Normal
7844,5.843807765263901e-05,Normal
7845,0.588101512967288,Anomaly
7846,0.6647569348883243,Anomaly
7847,0.8846480030291675,Anomaly
7848,0.7905706614067671,Anomaly
7849,0.7520464112921039,Anomaly
7850,0.7882752938422553,Anomaly
7851,0.739507909359945,Anomaly
7852,0.8033058104080595,Anomaly
7853,0.7615732341440689,Anomaly
7854,0.8067113823758574,Anomaly
7855,0.0008558735244438969,Anomaly
7856,0.0008804284448319657,Anomaly
7857,0.0007921822542613201,Normal
7858,0.0007822718353884166,Normal
7859,0.0009357726563498176,Anomaly
7860,0.0009153535311429919,Anomaly
7861,0.0008615863720575351,Anomaly
7862,0.0008561224657190822,Anomaly
7863,0.0007904435244491049,Normal
7864,0.0008181849002978758,Anomaly
7865,0.00014937571748323476,Normal
7866,0.0001444618896539081,Normal
7867,0.00012147228376204624,Normal
7868,0.00013044503982519515,Normal
7869,1.1952386003841655e-05,Normal
7870,1.1909783336314661e-05,Normal
7871,9.809794041071931e-05,Normal
7872,9.777067272172843e-05,Normal
7873,9.548198789956142e-05,Normal
7874,9.224779738787586e-05,Normal
7875,8.508106979716697e-05,Normal
7876,7.73109472142066e-05,Normal
7877,6.544549359869997e-05,Normal
7878,6.194083833653206e-05,Normal
7879,4.759421894199454e-05,Normal
7880,9.349996425533837e-05,Normal
7881,4.8606038044212076e-05,Normal
7882,4.735646788416e-05,Normal
7883,4.528363443715419e-05,Normal
7884,4.1026452751516545e-05,Normal
7885,3.618099946476424e-05,Normal
7886,2.9079703238401672e-05,Normal
7887,2.6758060379198908e-05,Normal
7888,1.8039665875674947e-05,Normal
7889,9.994703146066035e-05,Normal
7890,8.50929915534749e-05,Normal
7891,8.310583209177971e-05,Normal
7892,8.004194654361153e-05,Normal
7893,7.350535340681883e-05,Normal
7894,6.637713644910812e-05,Normal
7895,5.5589305354610974e-05,Normal
7896,5.243609598698733e-05,Normal
7897,3.9437648364806345e-05,Normal
7898,0.0001260203202448035,Normal
7899,8.808442326567796e-05,Normal
7900,8.600616524544834e-05,Normal
7901,8.283718088474083e-05,Normal
7902,7.608042763496367e-05,Normal
7903,6.878507101082954e-05,Normal
7904,5.7673888398932614e-05,Normal
7905,5.444148347696273e-05,Normal
7906,4.132316237739555e-05,Normal
7907,6.462553231445773e-05,Normal
7908,2.760760840309628e-05,Normal
7909,2.6895599304925885e-05,Normal
7910,2.563715502108922e-05,Normal
7911,2.31461061204336e-05,Normal
7912,2.0226008182092467e-05,Normal
7913,1.6085627471596142e-05,Normal
7914,1.4583173114334947e-05,Normal
7915,4.4924634422232886e-05,Normal
7916,5.00004207127041e-05,Normal
7917,4.585996088718773e-05,Normal
7918,4.38382648055775e-05,Normal
7919,3.969441597912116e-05,Normal
7920,3.496703265831886e-05,Normal
7921,2.8051141379962136e-05,Normal
7922,2.5781130051832797e-05,Normal
7923,1.7281460978686988e-05,Normal
7924,0.0001468220373713415,Normal
7925,0.00013184007096893262,Normal
7926,0.0001290505413085665,Normal
7927,0.00012506238993573987,Normal
7928,0.00011623130558914934,Normal
7929,0.00010697943038308732,Normal
7930,9.255021572842452e-05,Normal
7931,8.847172028677795e-05,Normal
7932,7.085392837050411e-05,Normal
7933,0.00022273430775667313,Normal
7934,0.0001499345673677781,Normal
7935,0.00014685799381206275,Normal
7936,0.00014267283059333466,Normal
7937,0.00013305192316360906,Normal
7938,0.00012310311603866804,Normal
7939,0.00010741636126725949,Normal
7940,0.00010304925650233749,Normal
7941,8.384857342197028e-05,Normal
7942,0.0002465362170033736,Normal
7943,0.0001598795748070653,Normal
7944,0.0001565769623803073,Normal
7945,0.00015224660840694264,Normal
7946,0.0001422493445703269,Normal
7947,0.00013194916915800357,Normal
7948,0.00011563448274275541,Normal
7949,0.00011116734918918229,Normal
7950,9.119089850271248e-05,Normal
7951,0.00012185503184408896,Normal
7952,3.2679818255878754e-05,Normal
7953,3.183248618944505e-05,Normal
7954,3.0357333547342023e-05,Normal
7955,2.7403318058289485e-05,Normal
7956,2.395733398599005e-05,Normal
7957,1.9001923453152996e-05,Normal
7958,1.7305938055041502e-05,Normal
7959,1.1150862053879621e-05,Normal
7960,0.0004230668858025825,Normal
7961,0.0004131918850221395,Normal
7962,0.00040653897566327,Normal
7963,0.00039927986612011204,Normal
7964,0.0003809205759332537,Normal
7965,0.0003643634745573988,Normal
7966,0.00033528308936795425,Normal
7967,0.0003290607111734943,Normal
7968,0.00029389925323210534,Normal
7969,0.0003386020286945464,Normal
7970,4.172452413366757e-05,Normal
7971,4.063914184728998e-05,Normal
7972,3.880441618186003e-05,Normal
7973,3.518023906906325e-05,Normal
7974,3.088885811476658e-05,Normal
7975,2.463806323853974e-05,Normal
7976,2.2544300361191525e-05,Normal
7977,1.4816205543637036e-05,Normal
7978,2.0141497189425348e-05,Normal
7979,1.7317572552285778e-05,Normal
7980,1.7228138311528048e-05,Normal
7981,1.6843284164221374e-05,Normal
7982,0.00048760111573366527,Normal
7983,0.0004861552830706145,Normal
7984,0.00047677091545561274,Normal
7985,0.00046752037453421616,Normal
7986,0.00044611152809287435,Normal
7987,0.0004273169045626767,Normal
7988,0.00039950256816989203,Normal
7989,0.0003912391459255202,Normal
7990,0.0003528628336025037,Normal
7991,0.0005475272524145277,Normal
7992,0.00018434512418502748,Normal
7993,0.0001807486206233517,Normal
7994,0.0001759324279325588,Normal
7995,0.0001649366699464834,Normal
7996,0.00015382078488357435,Normal
7997,0.0001359959919623955,Normal
7998,0.00013134759597522065,Normal
7999,0.0001094990536050993,Normal
8000,0.00024045685972994544,Normal
8001,0.00012837970067008402,Normal
8002,0.00012561178235525247,Normal
8003,0.00012163861110380552,Normal
8004,0.00011289951123247559,Normal
8005,0.00010373230134260625,Normal
8006,8.946665357857571e-05,Normal
8007,8.546066181137354e-05,Normal
8008,6.822092192478923e-05,Normal
8009,0.00014076587607828945,Normal
8010,7.328637827571788e-05,Normal
8011,7.157163006943963e-05,Normal
8012,6.889935470540745e-05,Normal
8013,6.302520960112675e-05,Normal
8014,5.653729515744016e-05,Normal
8015,4.6797937509317485e-05,Normal
8016,4.376118624331789e-05,Normal
8017,0.00020687734905906174,Normal
8018,0.00021885982010148454,Normal
8019,0.00018283881035045145,Normal
8020,0.00017792211556893843,Normal
8021,0.0002033495059590565,Normal
8022,0.00019216511713585017,Normal
8023,0.00017180751908697046,Normal
8024,0.00016616061439586954,Normal
8025,0.00017305802431691615,Normal
8026,0.00018446165695672987,Normal
8027,6.17109245667593e-05,Normal
8028,5.78256385716001e-05,Normal
8029,4.524295238877617e-05,Normal
8030,4.811392287677292e-05,Normal
8031,2.741654757308591e-05,Normal
8032,2.509318306186347e-05,Normal
8033,1.7106294106598615e-05,Normal
8034,5.472027876141667e-05,Normal
8035,4.24631236431455e-05,Normal
8036,4.129155176034264e-05,Normal
8037,3.929830042183309e-05,Normal
8038,8.597184779766018e-05,Normal
8039,8.142731359849108e-05,Normal
8040,7.295866237263627e-05,Normal
8041,6.868206600706351e-05,Normal
8042,5.616356846220199e-05,Normal
8043,5.7957087473592796e-05,Normal
8044,3.8853327004410396e-05,Normal
8045,3.6115932906791235e-05,Normal
8046,0.0001728997639827958,Normal
8047,0.00018375160542747701,Normal
8048,0.00015572812594165044,Normal
8049,0.00015129176367345362,Normal
8050,0.00014130414327814293,Normal
8051,0.00013103965357892723,Normal
8052,0.00011479068280991982,Normal
8053,0.00011033630033302282,Normal
8054,0.00018687884196068425,Normal
8055,0.00020090557704187931,Normal
8056,0.00010670206206428237,Normal
8057,0.00010313195611807921,Normal
8058,9.535903857879843e-05,Normal
8059,8.706536291723193e-05,Normal
8060,7.430731596510577e-05,Normal
8061,7.06030665048566e-05,Normal
8062,0.00017585249459007576,Normal
8063,0.00018838140444249845,Normal
8064,0.00012995657367390447,Normal
8065,0.00012595246807403003,Normal
8066,0.00011708034824441304,Normal
8067,0.00010779186638642461,Normal
8068,9.32982702715283e-05,Normal
8069,8.931277701807201e-05,Normal
8070,0.00018831704576396718,Normal
8071,0.00020189679059867024,Normal
8072,0.00012644198617891412,Normal
8073,0.00012248339355004284,Normal
8074,0.00011372221240271986,Normal
8075,0.00010454498509009814,Normal
8076,9.026903755480628e-05,Normal
8077,9.970310964998121e-05,Normal
8078,0.00015182289428170533,Normal
8079,0.00016482849525732652,Normal
8080,9.253737482656133e-05,Normal
8081,8.807924871915143e-05,Normal
8082,7.85525674919653e-05,Normal
8083,6.87388750240294e-05,Normal
8084,5.603080462283462e-05,Normal
8085,4.794382507094696e-05,Normal
8086,0.00016609807242360414,Normal
8087,0.0001734606068963049,Normal
8088,0.0001343991255356378,Normal
8089,0.00013045528320872798,Normal
8090,0.00012137750307199984,Normal
8091,0.00011190708966849875,Normal
8092,9.708945702866241e-05,Normal
8093,9.303466369856605e-05,Normal
8094,0.00019891535338418566,Normal
8095,0.0002129349987053289,Normal
8096,0.00013370485670120884,Normal
8097,0.00012961889451081011,Normal
8098,0.0001205290148568789,Normal
8099,0.0001110604212551932,Normal
8100,9.626644861754023e-05,Normal
8101,9.205493942517202e-05,Normal
8102,0.00019905709190245628,Normal
8103,0.00021308675146855166,Normal
8104,0.0001345389256496306,Normal
8105,0.00013045528320872798,Normal
8106,0.00012137750307199984,Normal
8107,0.00011190708966849875,Normal
8108,9.708945702866241e-05,Normal
8109,0.0002176558859360061,Normal
8110,0.00019936494750522998,Normal
8111,0.00021227068457617304,Normal
8112,0.00013045528320872798,Normal
8113,0.00012137750307199984,Normal
8114,0.00011190708966849875,Normal
8115,9.708945702866241e-05,Normal
8116,0.00022913200549200857,Normal
8117,0.00021084712856358112,Normal
8118,0.0002239962775442232,Normal
8119,0.0001416128959408873,Normal
8120,0.00013204076448626337,Normal
8121,0.00012213543047266201,Normal
8122,0.00010653895301150312,Normal
8123,0.00022500806722215334,Normal
8124,0.00020563029183156856,Normal
8125,0.00021909155144824826,Normal
8126,0.00012864391693958075,Normal
8127,0.00011975194342545561,Normal
8128,0.0001103532640299159,Normal
8129,9.56499065132838e-05,Normal
8130,9.150356037482458e-05,Normal
8131,0.00020511137250023214,Normal
8132,0.0002192552757434926,Normal
8133,0.0001410296577886614,Normal
8134,0.00013682020157239927,Normal
8135,0.00012738361926211496,Normal
8136,0.00011777321446680912,Normal
8137,0.0001025410758732114,Normal
8138,9.828475584806699e-05,Normal
8139,0.00011555086216646919,Normal
8140,0.00012633733163059556,Normal
8141,4.685427815321128e-05,Normal
8142,4.479828565817256e-05,Normal
8143,7.358389986236356e-05,Normal
8144,6.862764156795843e-05,Normal
8145,5.998870446604995e-05,Normal
8146,5.617439264662223e-05,Normal
8147,4.3747224338128735e-05,Normal
8148,4.663987794491945e-05,Normal
8149,2.6727513573014164e-05,Normal
8150,2.4527217980267758e-05,Normal
8151,4.9708820739754655e-05,Normal
8152,5.669115180930501e-05,Normal
8153,4.3913286258787824e-05,Normal
8154,4.195928607878345e-05,Normal
8155,8.257187123420057e-05,Normal
8156,7.785994153389265e-05,Normal
8157,6.926660532507159e-05,Normal
8158,6.524906499302356e-05,Normal
8159,5.245499039171653e-05,Normal
8160,5.460954696885903e-05,Normal
8161,3.4686398697714966e-05,Normal
8162,3.2112296044041285e-05,Normal
8163,0.00015284096552523697,Normal
8164,0.00016293711133809552,Normal
8165,0.0001392075334514435,Normal
8166,0.00013504378232676704,Normal
8167,0.00012576056443828912,Normal
8168,0.00011610813040196527,Normal
8169,0.00010096622440224647,Normal
8170,9.673701041726582e-05,Normal
8171,0.00020970921707522762,Normal
8172,0.00022417129375784097,Normal
8173,0.0001411000547735984,Normal
8174,0.00013690374654995745,Normal
8175,0.0001275380392589751,Normal
8176,0.00011781308507014124,Normal
8177,0.0001025410758732114,Normal
8178,9.828475584806699e-05,Normal
8179,0.0006182453114135405,Normal
8180,0.0006410411359690244,Normal
8181,0.0005440606061668577,Normal
8182,0.0005357435226515511,Normal
8183,0.0005136825214291779,Normal
8184,0.000494834669313626,Normal
8185,0.00046024375979202757,Normal
8186,0.0004536955708700629,Normal
8187,0.0004124364366041379,Normal
8188,0.0005127558104216343,Normal
8189,9.258423634366092e-05,Normal
8190,9.04449872066686e-05,Normal
8191,8.719546611232866e-05,Normal
8192,8.021134412525963e-05,Normal
8193,7.266737514038038e-05,Normal
8194,6.120832772989994e-05,Normal
8195,5.7732914899663484e-05,Normal
8196,4.4024336465522663e-05,Normal
8197,0.0001808399432999206,Normal
8198,0.0001364801732375109,Normal
8199,0.000133615493551338,Normal
8200,0.00012954819969260853,Normal
8201,0.00012051136177002446,Normal
8202,0.00011107684107853588,Normal
8203,9.632434319437373e-05,Normal
8204,9.217666087678192e-05,Normal
8205,7.415258417956951e-05,Normal
8206,0.00020850550470173155,Normal
8207,0.00013276108184595293,Normal
8208,0.00012995657367390447,Normal
8209,0.00012595246807403003,Normal
8210,0.00011708034824441304,Normal
8211,0.00010779186638642461,Normal
8212,9.32982702715283e-05,Normal
8213,8.920581454966075e-05,Normal
8214,7.150666459982772e-05,Normal
8215,0.00020670195479720828,Normal
8216,0.00013368545467875415,Normal
8217,0.0001308661189021708,Normal
8218,0.00012684656088110058,Normal
8219,0.00011803660965689153,Normal
8220,0.0001087107378251736,Normal
8221,9.413694966522863e-05,Normal
8222,9.001784212353328e-05,Normal
8223,0.00021261173130728302,Normal
8224,0.00022692105085556484,Normal
8225,0.00014971328531652753,Normal
8226,0.0001453594967696363,Normal
8227,0.00013555061190793043,Normal
8228,0.0001256171576177601,Normal
8229,0.00010979817447944192,Normal
8230,0.0001054217464817533,Normal
8231,0.00020331995340013112,Normal
8232,0.0002178180320619991,Normal
8233,0.00012724842705135999,Normal
8234,0.00012329260719543195,Normal
8235,0.00011454337806642604,Normal
8236,0.00010536479038191462,Normal
8237,9.106460762470471e-05,Normal
8238,8.701424595080488e-05,Normal
8239,0.0002080614980412923,Normal
8240,0.00022214618657401207,Normal
8241,0.00014782958437598205,Normal
8242,0.0001435212267868608,Normal
8243,0.00013386582219946633,Normal
8244,0.00012388837472655166,Normal
8245,0.00010816185347177726,Normal
8246,0.00010381169746822574,Normal
8247,0.00012680768727439592,Normal
8248,0.00013817700105440278,Normal
8249,5.3109631643387425e-05,Normal
8250,5.08504420083081e-05,Normal
8251,4.6281937623318863e-05,Normal
8252,4.1002557083386025e-05,Normal
8253,3.320885125967877e-05,Normal
8254,3.0685455141998724e-05,Normal
8255,4.664893096932713e-05,Normal
8256,5.391241541596785e-05,Normal
8257,3.619499643045741e-05,Normal
8258,3.45120554608412e-05,Normal
8259,3.10792560018856e-05,Normal
8260,2.728056506158226e-05,Normal
8261,2.1715810518124037e-05,Normal
8262,1.9817911115976096e-05,Normal
8263,7.587116703128578e-05,Normal
8264,8.280472224040923e-05,Normal
8265,7.287704616415266e-05,Normal
8266,7.006325239481803e-05,Normal
8267,6.411501092367595e-05,Normal
8268,5.755882643635538e-05,Normal
8269,4.7716699880149056e-05,Normal
8270,4.468077843319964e-05,Normal
8271,0.00013273238060964953,Normal
8272,0.00014316982404132943,Normal
8273,0.00010916175413462119,Normal
8274,0.00010554335073554844,Normal
8275,9.764883808109152e-05,Normal
8276,8.924407747726996e-05,Normal
8277,7.629378703725805e-05,Normal
8278,7.254504463416238e-05,Normal
8279,0.0006181909925746067,Normal
8280,0.0006388097145335667,Normal
8281,0.0005653761036757345,Normal
8282,0.0005569149841044996,Normal
8283,0.000731833364722174,Normal
8284,0.0007141058485076022,Normal
8285,0.0006689602074466627,Normal
8286,0.0006625826408219947,Normal
8287,0.0006057674192581542,Normal
8288,0.0006277986330302224,Normal
8289,0.00016229837007699445,Normal
8290,0.0001572218864443211,Normal
8291,0.00023902202267600032,Normal
8292,0.00025553242244515405,Normal
8293,0.00011665857327612477,Normal
8294,0.00011288057880854568,Normal
8295,0.00010455032158171553,Normal
8296,9.592226375684946e-05,Normal
8297,8.243856987925874e-05,Normal
8298,7.855884524455477e-05,Normal
8299,0.0002556160662501876,Normal
8300,0.00034826084324443725,Normal
8301,0.0002773985846988776,Normal
8302,0.0002687598595304802,Normal
8303,0.0002577851016527763,Normal
8304,0.00023586657528339145,Normal
8305,0.00021497878565169374,Normal
8306,0.00019445681884322307,Normal
8307,0.00017252683585268575,Normal
8308,0.00016112843280371387,Normal
8309,5.179227974192314e-05,Normal
8310,0.00015826061705581903,Normal
8311,0.000157763349334411,Normal
8312,0.0001538238204021375,Normal
8313,0.00014924922211565248,Normal
8314,0.00013789539326647724,Normal
8315,0.0001267736962869578,Normal
8316,0.0001095600897612715,Normal
8317,0.00010321207430374558,Normal
8318,8.549360794667957e-05,Normal
8319,9.407517325340051e-05,Normal
8320,0.00010142625257049719,Normal
8321,0.0001011078276973694,Normal
8322,9.881736864403214e-05,Normal
8323,9.538951915375626e-05,Normal
8324,8.796620536381713e-05,Normal
8325,8.000922335005953e-05,Normal
8326,6.785048263494928e-05,Normal
8327,6.422072101183397e-05,Normal
8328,4.960005969787002e-05,Normal
8329,5.625919041478066e-05,Normal
8330,0.0001522764161253972,Normal
8331,0.00015191206126907256,Normal
8332,0.0001488048028089985,Normal
8333,0.00014448069157777782,Normal
8334,0.00013478405590302365,Normal
8335,0.00012477052426187492,Normal
8336,0.00010897821141464626,Normal
8337,0.00010461493583849334,Normal
8338,8.528900099876886e-05,Normal
8339,9.31991895283174e-05,Normal
8340,0.00036190525641308427,Normal
8341,0.00036141383355647817,Normal
8342,0.0003554055932948521,Normal
8343,0.00034860213876355126,Normal
8344,0.0003317308660059521,Normal
8345,0.0003161720518850433,Normal
8346,0.0002944153228693061,Normal
8347,0.0002886470017018374,Normal
8348,0.00025549578534007054,Normal
8349,0.00026829872736508227,Normal
8350,1.5395290452663295e-05,Normal
8351,1.3962328423121909e-05,Normal
8352,1.1952758189050236e-05,Normal
8353,1.1223975917351562e-05,Normal
8354,0.00011467758389544637,Normal
8355,0.00011774420621800313,Normal
8356,0.00011502147810248062,Normal
8357,0.00011129010111463557,Normal
8358,0.00010311229568823511,Normal
8359,9.444786635697093e-05,Normal
8360,8.104920169076755e-05,Normal
8361,7.71980553092985e-05,Normal
8362,6.088244169307555e-05,Normal
8363,6.793549390578879e-05,Normal
8364,4.988221201926563e-05,Normal
8365,6.24288851482187e-05,Normal
8366,6.131121920092332e-05,Normal
8367,5.8390706472162294e-05,Normal
8368,5.370175506087671e-05,Normal
8369,7.761390062891764e-05,Normal
8370,6.878538887682789e-05,Normal
8371,6.058035264401176e-05,Normal
8372,5.034265943343185e-05,Normal
8373,4.848090261433756e-05,Normal
8374,272.3478999246924,Anomaly
8375,435.52905611106655,Anomaly
8376,532.0105277415864,Anomaly
8377,519.1291333629918,Anomaly
8378,521.169492378888,Anomaly
8379,536.2253832608354,Anomaly
8380,584.2064889417768,Anomaly
8381,483.6971568093979,Anomaly
8382,368.8578029053089,Anomaly
8383,395.6737404995165,Anomaly
8384,0.0003742447581023365,Normal
8385,0.0003500335937233333,Normal
8386,0.00033336257123346154,Normal
8387,0.00031612208862466507,Normal
8388,0.00028645962813692434,Normal
8389,0.00039853023284745347,Normal
8390,0.0003596024494758853,Normal
8391,0.00037710623857296785,Normal
8392,0.00017218636919557372,Normal
8393,0.0001779258945557236,Normal
8394,0.00020910082218588273,Normal
8395,0.00019243623585315253,Normal
8396,0.00018705213032681845,Normal
8397,0.00016567180527596312,Normal
8398,0.0001736177285917526,Normal
8399,0.00011195198762039131,Normal
8400,0.00017186264136429775,Normal
8401,0.00016922722544394664,Normal
8402,0.00015018958644771944,Normal
8403,0.00015741215003473768,Normal
8404,9.13187918713712e-05,Normal
8405,8.003922904051669e-05,Normal
8406,0.0004568847902255742,Normal
8407,0.0004506318462001309,Normal
8408,0.00043999184375413203,Normal
8409,0.00043721519976160615,Normal
8410,0.00037330624448289075,Normal
8411,0.0003570070118373009,Normal
8412,0.00032820222625469314,Normal
8413,0.0004292993978984177,Normal
8414,0.000392433095120458,Normal
8415,0.00041483596395023713,Normal
8416,0.00011451070454309273,Normal
8417,0.00010601786069192025,Normal
8418,9.883876037282435e-05,Normal
8419,0.00020867989662070105,Normal
8420,0.0002061916638187198,Normal
8421,0.0001866565372267086,Normal
8422,0.00019669452695307514,Normal
8423,0.0001219516084497033,Normal
8424,0.00011200456695970043,Normal
8425,0.00010460228460015204,Normal
8426,0.00011370976126806937,Normal
8427,9.59534458251305e-05,Normal
8428,0.00010543237028511785,Normal
8429,2.9978889711902862e-05,Normal
8430,7.567292431921629e-05,Normal
8431,7.078032543554674e-05,Normal
8432,6.37220022601885e-05,Normal
8433,5.7431502420195894e-05,Normal
8434,5.0814724716713376e-05,Normal
8435,4.9457740536256215e-05,Normal
8436,0.00015253750477830106,Normal
8437,0.00015044872590602845,Normal
8438,0.00013773864847437634,Normal
8439,0.00014484642544739274,Normal
8440,0.00011203711475325433,Normal
8441,0.00010296822209713229,Normal
8442,0.0002119849355818135,Normal
8443,0.0002092448629229424,Normal
8444,0.0001893419777049562,Normal
8445,0.00020011002547923714,Normal
8446,0.00012137737561765033,Normal
8447,0.00011190728650249587,Normal
8448,0.00022007944957868215,Normal
8449,0.00021725183828886474,Normal
8450,0.00019635115302631215,Normal
8451,0.00020765145634122525,Normal
8452,0.00012137750307199984,Normal
8453,0.00011190708966849875,Normal
8454,0.0002546955106434509,Normal
8455,0.00025210664662560374,Normal
8456,0.0002306841640678106,Normal
8457,0.0002425844071188094,Normal
8458,0.000155465023662115,Normal
8459,0.00019140628405632634,Normal
8460,0.00017280085849678847,Normal
8461,0.00016745761660213887,Normal
8462,0.0001439436289565601,Normal
8463,0.00025939593366827555,Normal
8464,0.0001504956715009894,Normal
8465,0.00019222272702755866,Normal
8466,0.00018657184573442454,Normal
8467,0.0001684427931116526,Normal
8468,0.00016913386471296258,Normal
8469,0.0001255277747688804,Normal
8470,0.00011443995598723003,Normal
8471,9.016844576279336e-05,Normal
8472,0.00014607386800258627,Normal
8473,7.845280933336827e-05,Normal
8474,8.669743610889074e-05,Normal
8475,5.8544400228208485e-05,Normal
8476,5.32721637493366e-05,Normal
8477,4.7431153580243446e-05,Normal
8478,0.0001628766038604085,Normal
8479,0.00016093366626260066,Normal
8480,0.0001480407760669795,Normal
8481,0.0001552589219396799,Normal
8482,0.00012137750307199984,Normal
8483,0.00011190708966849875,Normal
8484,0.00022007944957868215,Normal
8485,0.00021725183828886474,Normal
8486,0.00019635115302631215,Normal
8487,0.00020765145634122525,Normal
8488,0.00012137750307199984,Normal
8489,0.00011190708966849875,Normal
8490,0.00024033805188550632,Normal
8491,0.00023765358734594821,Normal
8492,0.00021644351467552843,Normal
8493,0.00022810208860418423,Normal
8494,0.00014046533223726403,Normal
8495,0.0001302357183802845,Normal
8496,0.00013599268768671414,Normal
8497,0.0004109453656281437,Normal
8498,0.00039041275081415046,Normal
8499,0.00040613656735124013,Normal
8500,0.00030056389196931064,Normal
8501,0.0002811548048808179,Normal
8502,0.00043501814590206285,Normal
8503,0.0004048957481901765,Normal
8504,0.00039225319430925674,Normal
8505,0.0003645357863495486,Normal
8506,0.000369054237517335,Normal
8507,0.0002539560496187555,Normal
8508,0.00023417292899920836,Normal
8509,0.0002283624842928951,Normal
8510,0.00020311125194615994,Normal
8511,0.00021343541557846893,Normal
8512,0.00020255167904423697,Normal
8513,0.00018773792532038213,Normal
8514,0.00018246074246346586,Normal
8515,0.00016328244928157272,Normal
8516,0.00016963902318629102,Normal
8517,0.0002300541610291616,Normal
8518,0.00021429599339411377,Normal
8519,0.0002086683235136296,Normal
8520,0.00018832653450469175,Normal
8521,0.0001952896542434464,Normal
8522,0.00024232928709104598,Normal
8523,0.00022524689186511688,Normal
8524,0.00021954645822866979,Normal
8525,0.00019732410174370805,Normal
8526,0.000205452265994202,Normal
8527,0.0002576280715280349,Normal
8528,0.00024066842152904578,Normal
8529,0.00023471529190221985,Normal
8530,0.00021270458330784682,Normal
8531,0.0002204039336474219,Normal
8532,0.00022311478108625804,Normal
8533,0.0002172532818200034,Normal
8534,0.00021250489565496558,Normal
8535,0.00018834427848951697,Normal
8536,0.00019697700326823113,Normal
8537,0.0001969776944659973,Normal
8538,0.00018268244106530349,Normal
8539,0.00017180953093307456,Normal
8540,0.0001552000303146924,Normal
8541,0.00015399905642635544,Normal
8542,0.0022159886868270045,Anomaly
8543,0.00221269238294922,Anomaly
8544,0.0023111879218898216,Anomaly
8545,0.002404063890593464,Anomaly
8546,0.0025304253267020064,Anomaly
8547,0.002427386533607007,Anomaly
8548,0.002321596830367075,Anomaly
8549,0.002310692802779123,Anomaly
8550,0.002175336584262009,Anomaly
8551,0.0021508849956004025,Anomaly
8552,0.0003216517372295637,Normal
8553,0.000757203662695075,Normal
8554,0.0006626990429276375,Normal
8555,0.0005790208431542549,Normal
8556,0.0006238825348454056,Normal
8557,0.0005723591539433726,Normal
8558,0.000674593174198456,Normal
8559,0.0006298282644930282,Normal
8560,0.0007649588991502973,Normal
8561,0.0007185488703936695,Normal
8562,0.0007272084367421603,Normal
8563,0.0012671706591437805,Anomaly
8564,0.0012307262693109955,Anomaly
8565,0.0012685127338019854,Anomaly
8566,0.0011250561180674089,Anomaly
8567,0.0011243018030457996,Anomaly
8568,0.0009819447147980007,Anomaly
8569,0.0010511963947037015,Anomaly
8570,0.000917233633082272,Anomaly
8571,0.000849045070321627,Anomaly
8572,0.0008830861861939971,Anomaly
8573,8.638304937519739e-05,Normal
8574,0.0001782098690181896,Normal
8575,0.0001539131733382344,Normal
8576,0.00014929719229625295,Normal
8577,0.00013221956946575457,Normal
8578,0.00013752536933070057,Normal
8579,0.00010928807818414163,Normal
8580,9.599826001201136e-05,Normal
8581,9.032735383068044e-05,Normal
8582,7.440125655391725e-05,Normal
8583,0.0002781983153518113,Normal
8584,0.0002215820586262715,Normal
8585,0.00021048213992612592,Normal
8586,0.00020443991576059068,Normal
8587,0.00018578261495286853,Normal
8588,0.0005670211385245154,Normal
8589,0.0005260662775399501,Normal
8590,0.0005178136245473436,Normal
8591,0.00048760229359497327,Normal
8592,0.0005323302828073938,Normal
8593,0.0003744176259320973,Normal
8594,0.0003435593099580259,Normal
8595,0.00033700113723543436,Normal
8596,0.0002985423617176029,Normal
8597,0.00044658452649669507,Normal
8598,0.00015247656324172441,Normal
8599,0.00014806318334926083,Normal
8600,0.0001365931794265412,Normal
8601,0.00013750583524016968,Normal
8602,0.0002324152556444106,Normal
8603,0.0002155025808735365,Normal
8604,0.00020988858858526628,Normal
8605,0.00018805758232756447,Normal
8606,0.00019603500064941463,Normal
8607,0.00022151098301564104,Normal
8608,0.0002053295363998257,Normal
8609,0.00019983333432078165,Normal
8610,0.00017892773200623303,Normal
8611,0.00018636047059064382,Normal
8612,0.00020857428797949051,Normal
8613,0.0003540248616545629,Normal
8614,0.00044370823555070005,Normal
8615,0.00041983799134454394,Normal
8616,0.0004301718618155997,Normal
8617,0.00033159269508610957,Normal
8618,0.0003027999269756108,Normal
8619,0.00040055414117651147,Normal
8620,0.0003699212309024845,Normal
8621,0.00034824637477332937,Normal
8622,0.0002757510446234377,Normal
8623,0.00017438053426416185,Normal
8624,0.0002363761899220538,Normal
8625,0.00021963065320506448,Normal
8626,0.0002139805993593881,Normal
8627,0.00019231856814406228,Normal
8628,0.00020011925007792892,Normal
8629,0.0002537546922841644,Normal
8630,0.00023689037789993562,Normal
8631,0.00023107184160118654,Normal
8632,0.00020916328579114458,Normal
8633,0.00022556823347613615,Normal
8634,0.0001352235005131007,Normal
8635,0.00011842436322238978,Normal
8636,0.00011357206501184331,Normal
8637,9.249075141577052e-05,Normal
8638,0.00012047562771308606,Normal
8639,3.140052150699277e-05,Normal
8640,2.9756405420818947e-05,Normal
8641,2.516128813189404e-05,Normal
8642,4.4059293767857e-05,Normal
8643,4.0148495447555035e-05,Normal
8644,3.454429700541485e-05,Normal
8645,3.1798251641118055e-05,Normal
8646,2.3446662756832327e-05,Normal
8647,0.00025083718925694303,Normal
8648,0.00023773119137901244,Normal
8649,0.0002324891753967508,Normal
8650,0.00022201149928437262,Normal
8651,0.00021816966288198806,Normal
8652,9.510565602004661,Anomaly
8653,13.952693009123982,Anomaly
8654,14.545055443186701,Anomaly
8655,15.610106293542575,Anomaly
8656,15.466568819548346,Anomaly
8657,15.55542574464071,Anomaly
8658,16.040312176964164,Anomaly
8659,17.0520557590287,Anomaly
8660,18.540865633892903,Anomaly
8661,18.472391357949327,Anomaly
8662,0.00042268871775662817,Normal
8663,0.0003506842471215919,Normal
8664,0.0003532682696213087,Normal
8665,0.00040649636986852454,Normal
8666,0.0004429372960911478,Normal
8667,0.00031903205854323603,Normal
8668,0.0004388756112760284,Normal
8669,0.00031349840394849634,Normal
8670,0.0003612200450695094,Normal
8671,0.00024472761586882873,Normal
8672,0.0002794593551763658,Normal
8673,0.0002599029799542342,Normal
8674,0.00027710673238682333,Normal
8675,0.00020574582017405594,Normal
8676,0.00018159441430689972,Normal
8677,0.0005414442151664684,Normal
8678,0.0004449856407743997,Normal
8679,0.0005812715841671937,Normal
8680,0.0005287465957424978,Normal
8681,0.0006449246737335291,Normal
8682,0.0005691289482597738,Normal
8683,35.7103622193352,Anomaly
8684,49.69967099246806,Anomaly
8685,53.22246296983413,Anomaly
8686,56.55210249842778,Anomaly
8687,57.537934281690845,Anomaly
8688,61.344904915718,Anomaly
8689,57.02124715184078,Anomaly
8690,57.728463745836656,Anomaly
8691,49.91361473238456,Anomaly
8692,72.63509656571333,Anomaly
8693,0.00010159795853269241,Normal
8694,0.0002689906946092537,Normal
8695,0.0002725766280636082,Normal
8696,0.0002499552868930786,Normal
8697,0.00024332958377774687,Normal
8698,0.00021966135682775187,Normal
8699,0.0002206323193911901,Normal
8700,0.00016456145511730875,Normal
8701,0.00015879703069141416,Normal
8702,0.00013457771643388675,Normal
8703,0.00014314029070175302,Normal
8704,0.0006050618608811331,Normal
8705,0.000604250725772958,Normal
8706,0.000595304728167103,Normal
8707,0.0005866354657027513,Normal
8708,0.0005631535590956178,Normal
8709,0.0005435324429270636,Normal
8710,0.0005069321911666961,Normal
8711,0.0005002177730550047,Normal
8712,0.00048114858819627655,Normal
8713,0.0005008591941044582,Normal
8714,3.710451508648941e-05,Normal
8715,3.540664096128882e-05,Normal
8716,3.197289351459846e-05,Normal
8717,2.8002997780975163e-05,Normal
8718,2.2254011486307186e-05,Normal
8719,2.03197290757447e-05,Normal
8720,1.3210415687568892e-05,Normal
8721,0.00013253742700898558,Normal
8722,0.00012282120691667797,Normal
8723,0.00012017871375735026,Normal
8724,0.00011635122944527719,Normal
8725,0.00010792886627746625,Normal
8726,9.904349908663581e-05,Normal
8727,8.525893518409431e-05,Normal
8728,8.13218304384008e-05,Normal
8729,6.451745213174995e-05,Normal
8730,0.00021917013480661002,Normal
8731,0.00015290623377110037,Normal
8732,0.00014978341824248528,Normal
8733,0.0001454433110216076,Normal
8734,0.00013570472355515026,Normal
8735,0.00012565583740170602,Normal
8736,0.00010979817447944192,Normal
8737,0.0001054217464817533,Normal
8738,8.62288779648362e-05,Normal
8739,0.000256491182030702,Normal
8740,0.00016740938028218512,Normal
8741,0.0001640304736307572,Normal
8742,0.00015943337202316914,Normal
8743,0.00014900198261858815,Normal
8744,0.0001383864887889872,Normal
8745,0.00012152960488726443,Normal
8746,0.00011684562829237423,Normal
8747,9.642095579610246e-05,Normal
8748,0.00023654524716554184,Normal
8749,0.00013741816678962407,Normal
8750,0.0001345389256496306,Normal
8751,0.00013045528320872798,Normal
8752,0.00012137750307199984,Normal
8753,0.00011190708966849875,Normal
8754,9.708945702866241e-05,Normal
8755,9.292794327006751e-05,Normal
8756,7.482267727649007e-05,Normal
8757,0.00021399793736983394,Normal
8758,0.00013741816678962407,Normal
8759,0.0001345389256496306,Normal
8760,0.00013045528320872798,Normal
8761,0.00012137750307199984,Normal
8762,0.00011190708966849875,Normal
8763,9.708945702866241e-05,Normal
8764,9.292794327006751e-05,Normal
8765,7.482267727649007e-05,Normal
8766,0.0010503348044385427,Anomaly
8767,0.0009607525205519172,Anomaly
8768,0.0009478978846177066,Anomaly
8769,0.0009371467841411997,Anomaly
8770,0.0009056845195852505,Anomaly
8771,0.0008820323777468398,Anomaly
8772,0.0008338843388860342,Anomaly
8773,0.0008274825240095088,Anomaly
8774,0.001001081473669258,Anomaly
8775,0.0010435492458091803,Anomaly
8776,0.00024812685840467117,Normal
8777,0.00024244060785093613,Normal
8778,0.00022898715604077882,Normal
8779,0.00021590975541454382,Normal
8780,0.00019428024898258394,Normal
8781,0.00018890159907107728,Normal
8782,0.0001624431298642107,Normal
8783,0.00032147682503033405,Normal
8784,0.00015390348839903863,Normal
8785,0.0001507656545820098,Normal
8786,0.00014640924788492915,Normal
8787,0.00013662978091662052,Normal
8788,0.0001265443675323112,Normal
8789,0.00011062208078214223,Normal
8790,0.00010623231566431535,Normal
8791,8.674359556244422e-05,Normal
8792,0.00020327406922830563,Normal
8793,0.00011500094737298107,Normal
8794,0.00011248966431409536,Normal
8795,0.00010880660056979198,Normal
8796,0.00010075042874380826,Normal
8797,9.21967157534985e-05,Normal
8798,7.899059429178056e-05,Normal
8799,7.518337713913884e-05,Normal
8800,5.911195320792206e-05,Normal
8801,0.00024687936439330435,Normal
8802,0.00018544633736779426,Normal
8803,0.00018183463524901192,Normal
8804,0.0001770026357039732,Normal
8805,0.00016606663244095638,Normal
8806,0.00015491481270529144,Normal
8807,0.00013700741994046632,Normal
8808,0.00013222957368532967,Normal
8809,0.0010936348427961005,Anomaly
8810,0.0011256466150743956,Anomaly
8811,0.0009863391513020418,Anomaly
8812,0.0009753832132833879,Anomaly
8813,0.0009430355399956987,Anomaly
8814,0.0009358089552958771,Anomaly
8815,0.0008844751673656064,Anomaly
8816,0.0008785528953284489,Anomaly
8817,0.0008192031581441548,Anomaly
8818,0.0008440715721439297,Anomaly
8819,3.325513001400037e-05,Normal
8820,2.8586199613651804e-05,Normal
8821,2.6594951638720398e-05,Normal
8822,2.0159740692922674e-05,Normal
8823,2.3369464229825347e-05,Normal
8824,0.0001508961161188032,Normal
8825,0.00014677013025977509,Normal
8826,0.00014289844018493337,Normal
8827,0.00013474526397572298,Normal
8828,0.0001314968812148026,Normal
8829,0.00011865433537068973,Normal
8830,0.00010327673499192501,Normal
8831,9.89423465963004e-05,Normal
8832,8.024462309130993e-05,Normal
8833,8.805509572501133e-05,Normal
8834,0.001648376836859736,Anomaly
8835,0.0016476033581798808,Anomaly
8836,0.001627483745287668,Anomaly
8837,0.0016136206339580177,Anomaly
8838,0.0015687638954988315,Anomaly
8839,0.0015401807227118302,Anomaly
8840,0.0014735877743288527,Anomaly
8841,0.0014691701577515446,Anomaly
8842,0.0013950059348404862,Anomaly
8843,0.0015795063073613374,Anomaly
8844,0.00015894407066846647,Normal
8845,0.00015572812594165044,Normal
8846,0.00015129176367345362,Normal
8847,0.00016870267630779168,Normal
8848,63.6879012680336,Anomaly
8849,92.41146238534195,Anomaly
8850,98.98831573623444,Anomaly
8851,110.91296105877078,Anomaly
8852,110.42017610926591,Anomaly
8853,109.03380393564842,Anomaly
8854,108.82982023821401,Anomaly
8855,99.64496440962874,Anomaly
8856,82.35597348168378,Anomaly
8857,117.6192184541301,Anomaly
8858,0.0007030913410369779,Normal
8859,0.000678005391702522,Normal
8860,0.0011851486463291068,Anomaly
8861,0.0011619557894216846,Anomaly
8862,14.53069367345089,Anomaly
8863,20.472090467860582,Anomaly
8864,21.70574091736301,Anomaly
8865,23.216784068358155,Anomaly
8866,22.91404499613304,Anomaly
8867,23.19203500803462,Anomaly
8868,24.36839177605695,Anomaly
8869,26.07629897725139,Anomaly
8870,30.05081932689896,Anomaly
8871,37.38335098022641,Anomaly
8872,6.282752710328781,Anomaly
8873,6.197632350471758,Anomaly
8874,6.834264593000531,Anomaly
8875,6.70349878043916,Anomaly
8876,6.724275163217063,Anomaly
8877,6.820380901373139,Anomaly
8878,7.18810106664948,Anomaly
8879,7.607699398777163,Anomaly
8880,7.850540039633252,Anomaly
8881,0.00013074774406838057,Normal
8882,0.00012453330947386875,Normal
8883,0.00011655199389588313,Normal
8884,0.00011811060246132881,Normal
8885,0.00010689627353378112,Normal
8886,0.0001034108811525912,Normal
8887,0.00021278117886737547,Normal
8888,0.00021040443420508435,Normal
8889,0.00019038557201509127,Normal
8890,0.00019999131589130484,Normal
8891,0.00012381582972837142,Normal
8892,0.00011319490409357282,Normal
8893,0.0001703647344294407,Normal
8894,0.00017045407440923285,Normal
8895,0.00015251794035823168,Normal
8896,0.00016246841525352688,Normal
8897,7.968164841046657e-05,Normal
8898,7.094152578383049e-05,Normal
8899,5.923501543434436e-05,Normal
8900,0.00017844783612839217,Normal
8901,0.0001662292527992722,Normal
8902,0.00017258335735596489,Normal
8903,0.00013079374748966726,Normal
8904,0.00012137750307199984,Normal
8905,0.0002363761899220538,Normal
8906,0.00021963065320506448,Normal
8907,0.0002139805993593881,Normal
8908,0.00019231856814406228,Normal
8909,0.00020011925007792892,Normal
8910,0.00011190708966849875,Normal
8911,9.718891108117646e-05,Normal
8912,0.00021683235146265534,Normal
8913,0.00019853702860819487,Normal
8914,0.00021140937612831165,Normal
8915,0.00012961889451081011,Normal
8916,0.0001205290148568789,Normal
8917,0.00011385130215999756,Normal
8918,9.987860532218994e-05,Normal
8919,0.00015869832031884383,Normal
8920,0.00014016927060035706,Normal
8921,0.00015117350997267682,Normal
8922,7.217765189377244e-05,Normal
8923,6.476083389012166e-05,Normal
8924,0.000127610060729106,Normal
8925,0.00011491844293367479,Normal
8926,0.00011205044657413364,Normal
8927,9.831386517604427e-05,Normal
8928,0.00010314920282748308,Normal
8929,0.00019354282350553058,Normal
8930,0.00018141595933190283,Normal
8931,0.00017618161051718924,Normal
8932,0.00016039777789842325,Normal
8933,0.00016466237409757046,Normal
8934,0.00014753663902593474,Normal
8935,0.00013134102865588744,Normal
8936,0.0001266162296211954,Normal
8937,0.00010640509750493044,Normal
8938,0.00011441941366558835,Normal
8939,0.000157503306629567,Normal
8940,0.00014995697946098137,Normal
8941,0.00014556919444007918,Normal
8942,0.00013407174544413837,Normal
8943,0.00013511322276455747,Normal
8944,0.00011201324241646856,Normal
8945,0.0002192551434276861,Normal
8946,0.0002164270757917585,Normal
8947,0.00019551965222295884,Normal
8948,0.00020677312519907205,Normal
8949,0.00012063237825817587,Normal
8950,0.00023473456720824528,Normal
8951,0.00021801476631487935,Normal
8952,0.00021231339808241078,Normal
8953,0.00019080492201898412,Normal
8954,0.0004099274184856838,Normal
8955,0.0003149197075159267,Normal
8956,0.00029354280205518745,Normal
8957,0.00028664591861068993,Normal
8958,0.00033424942826830846,Normal
8959,0.00034480935178309296,Normal
8960,0.00023850255409059245,Normal
8961,0.00023212577127068213,Normal
8962,0.0003043831016308713,Normal
8963,0.00032104921944076136,Normal
8964,0.00016224811899089828,Normal
8965,0.0001565195335324643,Normal
8966,0.0002590912076424155,Normal
8967,0.0002681254957000547,Normal
8968,0.0002012701358407898,Normal
8969,0.00019512030275030948,Normal
8970,3.5975226266154223,Anomaly
8971,5.9514818929525,Anomaly
8972,5.805271976031699,Anomaly
8973,6.421046661310946,Anomaly
8974,6.282631074305305,Anomaly
8975,6.298622145339036,Anomaly
8976,6.360479415666751,Anomaly
8977,6.694756651498549,Anomaly
8978,7.073386439906524,Anomaly
8979,7.3127845114100705,Anomaly
8980,0.0014621434496026886,Anomaly
8981,0.0013963031392905754,Anomaly
8982,0.0013912631619952857,Anomaly
8983,3.627127846814405e-05,Normal
8984,2.5269411652987205e-05,Normal
8985,0.00015775302768731946,Normal
8986,0.00013874047758695207,Normal
8987,0.00013276393003549387,Normal
8988,0.0001345986023602946,Normal
8989,0.00012231530148694382,Normal
8990,0.00011255276946651878,Normal
8991,0.00021213751988664024,Normal
8992,0.0002091015949602894,Normal
8993,0.00018781971651547232,Normal
8994,0.00019886029370737033,Normal
8995,0.00011242618497536189,Normal
8996,0.00010437931153854728,Normal
8997,9.359805534727931e-05,Normal
8998,0.00020180156671133713,Normal
8999,0.00018421750472942313,Normal
9000,0.00019608458592720513,Normal
9001,0.00012054761328706291,Normal
9002,0.0001107947730118656,Normal
9003,0.00010109233165587727,Normal
9004,0.00019904584446367698,Normal
9005,0.00019484477739728934,Normal
9006,0.00017691226528764647,Normal
9007,0.00018719146740844454,Normal
9008,0.0004591812388136823,Normal
9009,0.00045073495701705767,Normal
9010,0.0004274375435143605,Normal
9011,0.00041988928960302413,Normal
9012,0.00039848277673918255,Normal
9013,0.000408353482913133,Normal
9014,0.00033075198237304056,Normal
9015,0.00032552526379375204,Normal
9016,0.00028810096290397244,Normal
9017,0.00030184001514075426,Normal
9018,0.00032503168462715714,Normal
9019,0.0003190304490091141,Normal
9020,0.00030242764226160037,Normal
9021,0.00030018682678331935,Normal
9022,0.0002764918793802163,Normal
9023,0.0002720672731068074,Normal
9024,0.00038521082124254904,Normal
9025,0.00038197826497173227,Normal
9026,0.00034793781532243835,Normal
9027,0.00036682472803976755,Normal
9028,0.00014786991894762247,Normal
9029,0.0001373313577280661,Normal
9030,0.00012048578020683957,Normal
9031,0.000337723790951256,Normal
9032,0.0003167760316673331,Normal
9033,0.00033316327025135464,Normal
9034,0.00022506374368733156,Normal
9035,0.0002123235907459459,Normal
9036,0.0001997195653876265,Normal
9037,2.9184708787226428,Anomaly
9038,4.936728283618671,Anomaly
9039,4.805724757328643,Anomaly
9040,5.335885358693128,Anomaly
9041,5.197742003313911,Anomaly
9042,5.213517040451135,Anomaly
9043,5.2475445508824405,Anomaly
9044,5.534432339101516,Anomaly
9045,14.286902283399183,Anomaly
9046,14.211048614349817,Anomaly
9047,5.492789631749069,Anomaly
9048,6.0637760193257275,Anomaly
9049,5.94778884551684,Anomaly
9050,5.967009842721351,Anomaly
9051,6.02942224044452,Anomaly
9052,6.359572293276868,Anomaly
9053,6.7278556963135845,Anomaly
9054,6.939301380100649,Anomaly
9055,0.00026727792565403255,Normal
9056,0.0002811235500312774,Normal
9057,0.0002921543246159438,Normal
9058,0.00027145186334551105,Normal
9059,0.0002651085372394762,Normal
9060,0.0003421142174213467,Normal
9061,0.0003120406705814608,Normal
9062,0.00042078595740976336,Normal
9063,0.0003298249079757232,Normal
9064,0.0003216503718385537,Normal
9065,0.00038307101431464053,Normal
9066,9.758423597384716,Anomaly
9067,14.292992121695955,Anomaly
9068,14.89781416449208,Anomaly
9069,16.008493474260924,Anomaly
9070,15.83600973820848,Anomaly
9071,15.93897524775195,Anomaly
9072,16.44381874227303,Anomaly
9073,17.485595607031158,Anomaly
9074,19.055434384803398,Anomaly
9075,18.952691582626983,Anomaly
9076,0.0005917498474579878,Normal
9077,0.0005466790010456798,Normal
9078,0.0003688792127952443,Normal
9079,0.00030014217469794165,Normal
9080,0.00027697418657446837,Normal
9081,0.0001749829062996904,Normal
9082,8.68010945221737e-05,Normal
9083,0.00020205114151399792,Normal
9084,0.00016535691843058654,Normal
9085,0.00013186906322874142,Normal
9086,0.00024967569657054006,Normal
9087,0.0002481179140260496,Normal
9088,0.00022710572776288404,Normal
9089,0.0002114146088730147,Normal
9090,0.00019788038799532418,Normal
9091,0.00027429437244909496,Normal
9092,0.0002791677764798926,Normal
9093,0.00019435279021742607,Normal
9094,0.0001727724759709693,Normal
9095,0.00018076588331032527,Normal
9096,0.00021681266243730093,Normal
9097,0.00020184485634042317,Normal
9098,0.0001964291380633785,Normal
9099,0.00017698417216309157,Normal
9100,0.00018338132518503958,Normal
9101,0.0002597976469767909,Normal
9102,0.00024289371397560893,Normal
9103,0.00033957454106353576,Normal
9104,0.0003174066298562149,Normal
9105,0.0003285856487256262,Normal
9106,0.0002296211735434089,Normal
9107,0.00020579686674033218,Normal
9108,0.00032103203408806924,Normal
9109,0.00028995132872523257,Normal
9110,0.00030164686472534816,Normal
9111,0.0001821663094809714,Normal
9112,0.00018857767593968044,Normal
9113,0.0004682203917523664,Normal
9114,0.0004499944251119237,Normal
9115,0.00044211602458180365,Normal
9116,0.00041771613875700225,Normal
9117,0.0006179719945045346,Normal
9118,0.000506696053505944,Normal
9119,0.0005850309734017655,Normal
9120,0.000580510581712822,Normal
9121,0.0005304831171743216,Normal
9122,0.0005517407379083961,Normal
9123,0.0002530959633599213,Normal
9124,0.00024467027736473497,Normal
9125,0.00028924059021354293,Normal
9126,0.0005433621884451057,Normal
9127,0.0005089709557265337,Normal
9128,0.0005988820008624298,Normal
9129,0.0005772785377147955,Normal
9130,0.0005967696804107428,Normal
9131,0.0005661818160577105,Normal
9132,0.0005235628113656807,Normal
9133,0.00048087937457930456,Normal
9134,0.00042654491489280187,Normal
9135,0.00035069157405250354,Normal
9136,0.0001779405696966207,Normal
9137,9.89265605469048e-05,Normal
9138,6.15655457583858e-05,Normal
9139,8.27580360275631e-05,Normal
9140,9.91965988721774e-05,Normal
9141,9.724896742261333e-05,Normal
9142,9.264185148558972e-05,Normal
9143,8.384442894805965e-05,Normal
9144,7.698264621946865e-05,Normal
9145,0.0011851085330457198,Anomaly
9146,0.0011699104018531626,Anomaly
9147,0.0011521683651161683,Anomaly
9148,0.001148217367785771,Anomaly
9149,0.0012215524747101237,Anomaly
9150,0.0011646040381607698,Anomaly
9151,0.0011023672094527183,Anomaly
9152,0.001098061846405373,Anomaly
9153,0.0013525135840109725,Anomaly
9154,0.0024120017505381295,Anomaly
9155,0.0014088099380454935,Anomaly
9156,0.0013873637738665353,Anomaly
9157,0.00135774619777737,Anomaly
9158,0.0013383009119202391,Anomaly
9159,0.00133354981567524,Anomaly
9160,0.0012569488273106685,Anomaly
9161,0.0012377149233973243,Anomaly
9162,0.0011868498031407933,Anomaly
9163,0.0009430120776031698,Anomaly
9164,0.0002363761899220538,Normal
9165,0.00021963065320506448,Normal
9166,0.0002139805993593881,Normal
9167,0.00019231856814406228,Normal
9168,0.00020011925007792892,Normal
9169,0.00011190708966849875,Normal
9170,0.00024949004287538125,Normal
9171,0.0002468665115552841,Normal
9172,0.00022552068803472375,Normal
9173,0.00023733409955041624,Normal
9174,0.00014896219542436716,Normal
9175,0.00013841228677026368,Normal
9176,0.00023517280697513883,Normal
9177,0.0002320524967786307,Normal
9178,0.00020859237599306604,Normal
9179,0.00022114141771717807,Normal
9180,0.00011286945360262587,Normal
9181,0.00010376339079532548,Normal
9182,0.00019482438850800993,Normal
9183,0.0003170343891601356,Normal
9184,0.0002987312658509554,Normal
9185,0.0003110888894242284,Normal
9186,0.00022704875899733974,Normal
9187,0.00020617955099210653,Normal
9188,0.0002449645892738285,Normal
9189,0.0002557032956999421,Normal
9190,0.00024231217290320698,Normal
9191,0.00022678262347564521,Normal
9192,0.00016812031790671675,Normal
9193,8.071374974186805e-05,Normal
9194,0.00016979710367690483,Normal
9195,0.00015677841784355183,Normal
9196,0.00014501116399912752,Normal
9197,0.00014027841871952468,Normal
9198,0.00011365808471606434,Normal
9199,8.997669665225291e-05,Normal
9200,0.00020029252013815946,Normal
9201,0.00019769642718857087,Normal
9202,0.00017933490115916667,Normal
9203,0.00018928192804753573,Normal
9204,0.00012137750307199984,Normal
9205,0.00020826215871611373,Normal
9206,0.0001966563496939507,Normal
9207,0.00022880062078111207,Normal
9208,0.00020722998633936383,Normal
9209,0.00021647009685906945,Normal
9210,0.00012492710032212788,Normal
9211,0.0001953263694578314,Normal
9212,0.0001857567384809655,Normal
9213,0.0001616718597924743,Normal
9214,0.000165277442178215,Normal
9215,9.559272000208537e-05,Normal
9216,9.637400653529163e-05,Normal
9217,0.00011414070231264312,Normal
9218,0.0001110692684288385,Normal
9219,9.506662785924168e-05,Normal
9220,0.00010309976637294129,Normal
9221,4.96111556338524e-05,Normal
9222,5.795568124542761e-05,Normal
9223,0.0009212272439207178,Anomaly
9224,0.0009217270026432352,Anomaly
9225,0.0008995739795041016,Anomaly
9226,0.0009096501764923824,Anomaly
9227,0.0009646962642486049,Anomaly
9228,0.0009432384442067671,Anomaly
9229,0.0008845322314551861,Anomaly
9230,0.000876336757156526,Anomaly
9231,0.0009350649597713505,Anomaly
9232,0.0009678843407399963,Anomaly
9233,0.0002163172866750873,Normal
9234,0.00021002048074473864,Normal
9235,0.00018314876884957407,Normal
9236,0.00019202987040692606,Normal
9237,0.00010001029708781546,Normal
9238,9.579884500320442e-05,Normal
9239,7.729691578350635e-05,Normal
9240,8.505901041905296e-05,Normal
9241,1.2887488092418835e-05,Normal
9242,1.158188393564938e-05,Normal
9243,1.108586004777126e-05,Normal
9244,9.632917108584515e-06,Normal
9245,2.8537534875724317e-05,Normal
9246,0.00017986520352192685,Normal
9247,0.0006323891951556823,Normal
9248,0.0006299481497704132,Normal
9249,0.0006162452898527914,Normal
9250,0.0006007123656502141,Normal
9251,0.0005637581111883878,Normal
9252,0.0005348101404155115,Normal
9253,0.00048751398129912103,Normal
9254,0.00046752615066904637,Normal
9255,0.0004623676340484971,Normal
9256,0.00043188852237212376,Normal
9257,8.831266875117608e-05,Normal
9258,8.478507742099482e-05,Normal
9259,7.980150366980332e-05,Normal
9260,6.970479000107688e-05,Normal
9261,6.27605554109602e-05,Normal
9262,5.094812454920248e-05,Normal
9263,4.170015409657537e-05,Normal
9264,3.50711877648172e-05,Normal
9265,6.175318869937416e-05,Normal
9266,3.980454750704422e-05,Normal
9267,3.742324760947838e-05,Normal
9268,3.528360116802187e-05,Normal
9269,0.00029264832235723466,Normal
9270,0.0002916331968693261,Normal
9271,0.00027919994366386894,Normal
9272,0.0002725225049312099,Normal
9273,0.00025164912267715755,Normal
9274,0.0002483185966990473,Normal
9275,0.00021382157920883673,Normal
9276,0.00020828090778516172,Normal
9277,0.00018044930765778695,Normal
9278,0.0003229458792260705,Normal
9279,0.000137418573080642,Normal
9280,0.0001345389256496306,Normal
9281,0.00013045528320872798,Normal
9282,0.00012137750307199984,Normal
9283,0.00011190708966849875,Normal
9284,9.708945702866241e-05,Normal
9285,9.292794327006751e-05,Normal
9286,7.482267727649007e-05,Normal
9287,0.00021399793736983394,Normal
9288,0.00013741816678962407,Normal
9289,0.0001345389256496306,Normal
9290,0.00013045528320872798,Normal
9291,0.00012137750307199984,Normal
9292,0.00011190708966849875,Normal
9293,9.708945702866241e-05,Normal
9294,9.292794327006751e-05,Normal
9295,7.482267727649007e-05,Normal
9296,0.00021399793736983394,Normal
9297,0.00013741816678962407,Normal
9298,0.0001345389256496306,Normal
9299,0.00013045528320872798,Normal
9300,0.00012137750307199984,Normal
9301,0.00014930044652783494,Normal
9302,0.00013336537191518442,Normal
9303,0.0001286250490445412,Normal
9304,0.00010866250214697942,Normal
9305,0.0001566135966910023,Normal
9306,7.439040797854304e-05,Normal
9307,6.541219962649108e-05,Normal
9308,6.144407959611794e-05,Normal
9309,4.84816705604298e-05,Normal
9310,5.127273478934872e-05,Normal
9311,2.9782656315542973e-05,Normal
9312,2.7426994177159733e-05,Normal
9313,1.856229415940598e-05,Normal
9314,0.0001540382789819128,Normal
9315,0.00013741816678962407,Normal
9316,0.0001345389256496306,Normal
9317,0.00013045528320872798,Normal
9318,0.00012137750307199984,Normal
9319,0.00011190708966849875,Normal
9320,9.708945702866241e-05,Normal
9321,9.292794327006751e-05,Normal
9322,7.482267727649007e-05,Normal
9323,0.00021399793736983394,Normal
9324,0.00013741816678962407,Normal
9325,0.0001345389256496306,Normal
9326,0.00013045528320872798,Normal
9327,0.00012137750307199984,Normal
9328,0.00011190708966849875,Normal
9329,9.708945702866241e-05,Normal
9330,9.292794327006751e-05,Normal
9331,7.482267727649007e-05,Normal
9332,0.00021399793736983394,Normal
9333,0.00013741816678962407,Normal
9334,0.0001345389256496306,Normal
9335,0.00013045528320872798,Normal
9336,0.00012137750307199984,Normal
9337,0.00011190708966849875,Normal
9338,9.708945702866241e-05,Normal
9339,9.292794327006751e-05,Normal
9340,7.482267727649007e-05,Normal
9341,0.00021399793736983394,Normal
9342,0.000137418573080642,Normal
9343,0.00013453908125579932,Normal
9344,0.00013045528320872798,Normal
9345,0.00012137750307199984,Normal
9346,0.00011190708966849875,Normal
9347,9.708945702866241e-05,Normal
9348,9.292794327006751e-05,Normal
9349,7.482267727649007e-05,Normal
9350,0.0003938052926658228,Normal
9351,0.0003131929047596808,Normal
9352,0.0003078060507584123,Normal
9353,0.0003014667908678613,Normal
9354,0.0002860545930351367,Normal
9355,0.0002715217945694696,Normal
9356,0.00024689551993350116,Normal
9357,0.0002411190685126259,Normal
9358,0.00021110991271381302,Normal
9359,0.0008708201443686628,Anomaly
9360,0.0006432500531459761,Normal
9361,0.0006339029264574329,Normal
9362,0.0006250000671806698,Normal
9363,0.0006006883850224521,Normal
9364,0.0005805754555854336,Normal
9365,0.0005426851270393738,Normal
9366,0.000536055643397222,Normal
9367,0.0006109344054790464,Normal
9368,0.0006395172436879143,Normal
9369,0.0001345389256496306,Normal
9370,0.00013045528320872798,Normal
9371,0.00012137750307199984,Normal
9372,0.00011190708966849875,Normal
9373,9.708945702866241e-05,Normal
9374,9.292821571077828e-05,Normal
9375,0.000199741887602241,Normal
9376,0.00021378491827928682,Normal
9377,0.0001345389256496306,Normal
9378,0.00013045528320872798,Normal
9379,0.00012181243589318455,Normal
9380,0.00011233766340612947,Normal
9381,9.74596429493961e-05,Normal
9382,9.324676483852247e-05,Normal
9383,8.632827385242117e-05,Normal
9384,9.518537351333878e-05,Normal
9385,2.2534960048086417e-05,Normal
9386,2.1445084307092597e-05,Normal
9387,0.0001660634156942617,Normal
9388,0.00016398677378732737,Normal
9389,0.0001570523156775801,Normal
9390,0.00015195034428013422,Normal
9391,0.00013804444656748263,Normal
9392,0.00013347883826768159,Normal
9393,0.00011479068280991982,Normal
9394,0.00011033630033302282,Normal
9395,0.0008626671070552274,Anomaly
9396,0.0008898650499682697,Anomaly
9397,0.0007760106886377185,Normal
9398,0.0007662638859387968,Normal
9399,0.0008588672695725049,Anomaly
9400,0.0008382229694528654,Anomaly
9401,0.0007873871938181148,Normal
9402,0.0007815787746116981,Normal
9403,0.0011525420255692836,Anomaly
9404,0.0012093397822255845,Anomaly
9405,0.0005342198064577495,Normal
9406,0.0005263710742294456,Normal
9407,0.0006098135345621225,Normal
9408,0.0006226768326393357,Normal
9409,0.0004957073116652465,Normal
9410,0.0004889467393461114,Normal
9411,0.0005600673888258218,Normal
9412,0.0005892321518470948,Normal
9413,0.0002163172866750873,Normal
9414,0.00021002048074473864,Normal
9415,0.00030597466993697366,Normal
9416,0.0003185319046354054,Normal
9417,0.0002163172866750873,Normal
9418,0.00021002048074473864,Normal
9419,0.00021974973930300427,Normal
9420,0.00022844643476907975,Normal
9421,0.0001318765363367681,Normal
9422,0.00012656597009881744,Normal
9423,0.00014134584310207174,Normal
9424,0.00015079667146415836,Normal
9425,6.541219962649108e-05,Normal
9426,6.144407959611794e-05,Normal
9427,4.84816705604298e-05,Normal
9428,5.1272830768689295e-05,Normal
9429,2.978257542190316e-05,Normal
9430,2.7426994177159733e-05,Normal
9431,0.00014436332310068352,Normal
9432,0.00015375556287441398,Normal
9433,0.0001345389256496306,Normal
9434,0.00013045528320872798,Normal
9435,0.00012137750307199984,Normal
9436,0.00011190708966849875,Normal
9437,9.708945702866241e-05,Normal
9438,9.292821571077828e-05,Normal
9439,0.000199741887602241,Normal
9440,0.00021378491827928682,Normal
9441,0.0001345389256496306,Normal
9442,0.00013045528320872798,Normal
9443,0.00012137750307199984,Normal
9444,0.00011190708966849875,Normal
9445,9.708945702866241e-05,Normal
9446,9.292794327006751e-05,Normal
9447,0.00014979329316034925,Normal
9448,0.00017593316330830828,Normal
9449,9.818149357532894e-05,Normal
9450,9.420259194288204e-05,Normal
9451,8.730157348807781e-05,Normal
9452,8.026491347472891e-05,Normal
9453,6.789410917227068e-05,Normal
9454,5.982454352853837e-05,Normal
9455,4.6180970806946776e-05,Normal
9456,6.745437084506438e-05,Normal
9457,3.3566114137522056e-05,Normal
9458,2.980721082878206e-05,Normal
9459,2.7979451495315243e-05,Normal
9460,2.3667021813335398e-05,Normal
9461,2.2208758658058055e-05,Normal
9462,1.8213532823912e-05,Normal
9463,1.6575143441677583e-05,Normal
9464,5.862867433231845e-05,Normal
9465,8.49533851683608e-05,Normal
9466,7.813491804568242e-05,Normal
9467,7.455204982166542e-05,Normal
9468,6.910261651362619e-05,Normal
9469,5.971465490919967e-05,Normal
9470,4.963227249877927e-05,Normal
9471,4.0894397517472876e-05,Normal
9472,3.0398268881107957e-05,Normal
9473,0.00010492480776563345,Normal
9474,8.978386435860465e-05,Normal
9475,8.239945715461995e-05,Normal
9476,7.935244227064975e-05,Normal
9477,7.285502282639725e-05,Normal
9478,6.576497247609713e-05,Normal
9479,5.5040535183197816e-05,Normal
9480,5.179417377775091e-05,Normal
9481,3.88680282674407e-05,Normal
9482,0.00018416282708977636,Normal
9483,0.00014505099637564955,Normal
9484,0.00014205057038590792,Normal
9485,0.00013783826401061338,Normal
9486,0.00012843152336415952,Normal
9487,0.00011867052954857329,Normal
9488,0.00010333402676032402,Normal
9489,9.906389601677488e-05,Normal
9490,8.030709207840483e-05,Normal
9491,0.00021681714984040368,Normal
9492,0.00013461358356663862,Normal
9493,0.0001317793492666852,Normal
9494,0.0001277436166583631,Normal
9495,0.00011878871015165073,Normal
9496,0.00010942753167691081,Normal
9497,9.480432852513815e-05,Normal
9498,9.068419515567599e-05,Normal
9499,0.00017887801320641672,Normal
9500,0.0001921995799584607,Normal
9501,0.00011587234847542854,Normal
9502,0.00011212499820639459,Normal
9503,0.00010390620252229545,Normal
9504,9.520527800866632e-05,Normal
9505,8.174234548659561e-05,Normal
9506,7.787708479402709e-05,Normal
9507,6.147952795877899e-05,Normal
9508,0.0002000746936000549,Normal
9509,0.00013741816678962407,Normal
9510,0.0001345389256496306,Normal
9511,0.00013045528320872798,Normal
9512,0.00012137750307199984,Normal
9513,0.00011190708966849875,Normal
9514,9.708945702866241e-05,Normal
9515,9.292794327006751e-05,Normal
9516,7.482267727649007e-05,Normal
9517,0.00021399793736983394,Normal
9518,0.00013741816678962407,Normal
9519,0.0001345389256496306,Normal
9520,0.00013045528320872798,Normal
9521,0.00012137750307199984,Normal
9522,0.00011190708966849875,Normal
9523,9.708945702866241e-05,Normal
9524,9.292794327006751e-05,Normal
9525,7.482267727649007e-05,Normal
9526,0.0002554846966895634,Normal
9527,0.00017780700032249842,Normal
9528,0.0001743073269744919,Normal
9529,0.0001695857414539706,Normal
9530,0.00015894549652601054,Normal
9531,0.00014804031825073593,Normal
9532,0.00013059468947045782,Normal
9533,0.00012590132839390206,Normal
9534,0.00010450966620234258,Normal
9535,0.0005648983268568109,Normal
9536,0.00045077325123374785,Normal
9537,0.0004436529463776199,Normal
9538,0.000436021883099542,Normal
9539,0.0004167872201464084,Normal
9540,0.0003995485376231452,Normal
9541,0.0003689113030785562,Normal
9542,0.0003625723265395375,Normal
9543,0.0003256421442022701,Normal
9544,0.0004401374933821164,Normal
9545,0.00010746322464183246,Normal
9546,0.00010508013141583082,Normal
9547,0.00010154227301097964,Normal
9548,9.384978737710101e-05,Normal
9549,8.563030574881901e-05,Normal
9550,7.300039749064921e-05,Normal
9551,6.932553183760421e-05,Normal
9552,5.3987843313347726e-05,Normal
9553,0.00019222316002377488,Normal
9554,0.00013741816678962407,Normal
9555,0.0001345389256496306,Normal
9556,0.00013045528320872798,Normal
9557,0.00012137750307199984,Normal
9558,0.00011190708966849875,Normal
9559,9.708945702866241e-05,Normal
9560,9.292794327006751e-05,Normal
9561,7.482267727649007e-05,Normal
9562,0.00021399793736983394,Normal
9563,0.00013741816678962407,Normal
9564,0.0001345389256496306,Normal
9565,0.00013045528320872798,Normal
9566,0.00012137737561765033,Normal
9567,0.00011190728650249587,Normal
9568,9.708945702866241e-05,Normal
9569,9.292794327006751e-05,Normal
9570,7.482267727649007e-05,Normal
9571,0.00012292291830016058,Normal
9572,4.9644780182861296e-05,Normal
9573,4.8371444740848005e-05,Normal
9574,4.626443846920429e-05,Normal
9575,7.022127094656366e-05,Normal
9576,6.514367118859943e-05,Normal
9577,5.646466828020145e-05,Normal
9578,5.273787540921909e-05,Normal
9579,4.3086026746929894e-05,Normal
9580,4.6574172132782954e-05,Normal
9581,2.6043470802872234e-05,Normal
9582,2.3709411511233177e-05,Normal
9583,1.5606603344918642e-05,Normal
9584,0.00017232157786803933,Normal
9585,0.0001592488817082912,Normal
9586,0.00015572134515733034,Normal
9587,0.0001499621985335572,Normal
9588,0.00014234031670932077,Normal
9589,0.00013205104161044778,Normal
9590,0.00011572079564034199,Normal
9591,0.00011124125878107193,Normal
9592,9.123064413614772e-05,Normal
9593,0.00021146145971773578,Normal
9594,0.00011837572498872092,Normal
9595,0.0001157893553372015,Normal
9596,0.00011197147035051186,Normal
9597,0.0001038706203414171,Normal
9598,9.52052532000431e-05,Normal
9599,8.17421620317872e-05,Normal
9600,7.787708479402709e-05,Normal
9601,6.147952795877899e-05,Normal
9602,0.0001971891998553426,Normal
9603,0.00013461358356663862,Normal
9604,0.0001317793492666852,Normal
9605,0.0001277436166583631,Normal
9606,0.00011878871015165073,Normal
9607,0.00010942753167691081,Normal
9608,9.480432852513815e-05,Normal
9609,9.068419515567599e-05,Normal
9610,7.282264696574065e-05,Normal
9611,0.00021191513605160346,Normal
9612,0.00013741816678962407,Normal
9613,0.0001345389256496306,Normal
9614,0.00013045528320872798,Normal
9615,0.00012137750307199984,Normal
9616,0.00011190708966849875,Normal
9617,9.708945702866241e-05,Normal
9618,9.292794327006751e-05,Normal
9619,7.482267727649007e-05,Normal
9620,0.00012292291830016058,Normal
9621,8.408789977720683e-05,Normal
9622,8.310587293340462e-05,Normal
9623,7.949369997206168e-05,Normal
9624,7.432935672241169e-05,Normal
9625,6.511629350467454e-05,Normal
9626,0.00018073065134853868,Normal
9627,0.0001689346004958058,Normal
9628,0.00015820300224957606,Normal
9629,0.00015287320682628576,Normal
9630,0.0001367818784419508,Normal
9631,0.00011186655950813412,Normal
9632,9.676303161340666e-05,Normal
9633,9.214851311591549e-05,Normal
9634,7.443665510045574e-05,Normal
9635,0.00021399793736983394,Normal
9636,0.00013741816678962407,Normal
9637,0.0001345389256496306,Normal
9638,0.00013045528320872798,Normal
9639,0.00012137750307199984,Normal
9640,0.00011190708966849875,Normal
9641,9.708945702866241e-05,Normal
9642,9.292794327006751e-05,Normal
9643,7.482267727649007e-05,Normal
9644,0.00021399793736983394,Normal
9645,0.00013741816678962407,Normal
9646,0.0001345389256496306,Normal
9647,0.00013045528320872798,Normal
9648,0.00012137750307199984,Normal
9649,0.00011190708966849875,Normal
9650,9.708945702866241e-05,Normal
9651,9.292794327006751e-05,Normal
9652,7.482267727649007e-05,Normal
9653,0.00021399793736983394,Normal
9654,0.00013741816678962407,Normal
9655,0.0001345389256496306,Normal
9656,0.00013045528320872798,Normal
9657,0.00012137750307199984,Normal
9658,0.00011190708966849875,Normal
9659,9.708945702866241e-05,Normal
9660,9.292794327006751e-05,Normal
9661,7.482267727649007e-05,Normal
9662,0.00021399814242308848,Normal
9663,0.000137418573080642,Normal
9664,0.0001345389256496306,Normal
9665,0.00013045528320872798,Normal
9666,0.00012137750307199984,Normal
9667,0.00011190708966849875,Normal
9668,9.708945702866241e-05,Normal
9669,9.292794327006751e-05,Normal
9670,7.482267727649007e-05,Normal
9671,0.00021399793736983394,Normal
9672,0.00013741816678962407,Normal
9673,0.0001345389256496306,Normal
9674,0.00013045528320872798,Normal
9675,0.00012137750307199984,Normal
9676,0.00011190708966849875,Normal
9677,9.708945702866241e-05,Normal
9678,9.292794327006751e-05,Normal
9679,7.482267727649007e-05,Normal
9680,0.00021399793736983394,Normal
9681,0.00013741816678962407,Normal
9682,0.0001345389256496306,Normal
9683,0.00013045528320872798,Normal
9684,0.00012137750307199984,Normal
9685,0.00011190708966849875,Normal
9686,9.708945702866241e-05,Normal
9687,9.292794327006751e-05,Normal
9688,7.482267727649007e-05,Normal
9689,0.00012074957057285416,Normal
9690,4.758122200785777e-05,Normal
9691,4.635574544528292e-05,Normal
9692,4.431656136537474e-05,Normal
9693,4.0134980796050495e-05,Normal
9694,3.53684245462866e-05,Normal
9695,2.8390405925821355e-05,Normal
9696,2.610343146457727e-05,Normal
9697,5.761138235484973e-05,Normal
9698,6.497687944572062e-05,Normal
9699,5.044284589295544e-05,Normal
9700,4.826819050103371e-05,Normal
9701,4.378362881048477e-05,Normal
9702,3.8701966728693774e-05,Normal
9703,3.1229691827644416e-05,Normal
9704,2.880584871272081e-05,Normal
9705,1.964966009912251e-05,Normal
9706,0.0001404183890383855,Normal
9707,0.00012282120691667797,Normal
9708,0.00012017871375735026,Normal
9709,0.00011635122944527719,Normal
9710,0.00011364533267285826,Normal
9711,0.00010471671899870764,Normal
9712,9.034330485349654e-05,Normal
9713,8.600357232788366e-05,Normal
9714,6.80379533874224e-05,Normal
9715,7.473751688660237e-05,Normal
9716,1.2014151763003986e-05,Normal
9717,1.1264671596878996e-05,Normal
9718,8.656068443164612e-06,Normal
9719,0.00012073215174740453,Normal
9720,0.00012018288120625565,Normal
9721,0.00011758488783246528,Normal
9722,0.00011380504243142092,Normal
9723,0.00011524526035447329,Normal
9724,0.00010641036408963253,Normal
9725,9.193848091975468e-05,Normal
9726,8.748249083999498e-05,Normal
9727,6.922262689568517e-05,Normal
9728,0.00016215057810293698,Normal
9729,9.50730058051064e-05,Normal
9730,9.207484824721897e-05,Normal
9731,8.523234669220766e-05,Normal
9732,8.328454339369773e-05,Normal
9733,0.00019875993292954282,Normal
9734,0.0001856228524166399,Normal
9735,0.00018043843038379603,Normal
9736,0.00016334153627140018,Normal
9737,0.00016827687454401777,Normal
9738,0.00011190708966849875,Normal
9739,9.708945702866241e-05,Normal
9740,9.292794327006751e-05,Normal
9741,7.482267727649007e-05,Normal
9742,0.000546381044907445,Normal
9743,0.00046318864877575806,Normal
9744,0.0004559314044074762,Normal
9745,0.0004482662962379886,Normal
9746,0.00042853471193306827,Normal
9747,0.0004110951529649988,Normal
9748,0.0003799592056349634,Normal
9749,0.00037358653725433723,Normal
9750,0.00047158567404064747,Normal
9751,0.0004968054170692058,Normal
9752,0.0001488048028089985,Normal
9753,0.00014448069157777782,Normal
9754,0.00013478405590302365,Normal
9755,0.00012477052426187492,Normal
9756,0.00010897821141464626,Normal
9757,0.00010461493583849334,Normal
9758,0.00012271314328188228,Normal
9759,0.000257296173211022,Normal
9760,0.00016748703289337356,Normal
9761,0.0001622676768808833,Normal
9762,0.0001556683168929544,Normal
9763,0.00014067075629334413,Normal
9764,0.00012662746630857672,Normal
9765,0.0001081457181640603,Normal
9766,9.622440328512276e-05,Normal
9767,8.320093314593439e-05,Normal
9768,0.00020182666661660103,Normal
9769,0.0004987504370125278,Normal
9770,0.0004977399555918065,Normal
9771,0.00048623541562539533,Normal
9772,0.00047573578738614584,Normal
9773,0.000491426324539414,Normal
9774,0.0004690703305362729,Normal
9775,0.0004279146413425839,Normal
9776,0.0004093545341706605,Normal
9777,0.0003797611890676057,Normal
9778,0.0003150024662831689,Normal
9779,3.676017324647726e-05,Normal
9780,3.40174957161328e-05,Normal
9781,2.3868675364140076e-05,Normal
9782,2.99058509405506e-05,Normal
9783,1.1851205016143026e-05,Normal
9784,1.1828948792271148e-05,Normal
9785,0.00019804333029155522,Normal
9786,0.00019776478465886668,Normal
9787,0.00019400266033569395,Normal
9788,0.0001890002840916568,Normal
9789,0.00017759635095915258,Normal
9790,0.00016605963863337343,Normal
9791,0.0001474242320013176,Normal
9792,0.00014251700258170456,Normal
9793,0.00028704054221459594,Normal
9794,0.0003050350259876944,Normal
9795,0.000177440705710848,Normal
9796,0.0001726593129200069,Normal
9797,0.0001617198466344944,Normal
9798,0.00015082957205325497,Normal
9799,0.0001332371696544903,Normal
9800,0.0001285194113058559,Normal
9801,0.0001069187608820465,Normal
9802,0.00011547879437011543,Normal
9803,1.190643805496348e-05,Normal
9804,1.190643805496348e-05,Normal
9805,0.0008111001408083147,Anomaly
9806,0.0008103712839193901,Anomaly
9807,0.0007991688007059685,Anomaly
9808,0.0007892772918003043,Normal
9809,0.0007610844120023265,Normal
9810,0.0007389727027791886,Normal
9811,0.0006954633183441169,Normal
9812,0.0006888811675948233,Normal
9813,0.0006379197222993755,Normal
9814,0.000655189073264138,Normal
9815,1.190643805496348e-05,Normal
9816,1.190643805496348e-05,Normal
9817,1.190643805496348e-05,Normal
9818,1.376074875191587e-05,Normal
9819,1.373391870900535e-05,Normal
9820,0.0004477140789275704,Normal
9821,0.0004469971500653638,Normal
9822,0.000687258661929991,Normal
9823,0.0007756627722538868,Normal
9824,0.0007521427805635636,Normal
9825,0.0007531385589357118,Normal
9826,0.0007107110415130924,Normal
9827,0.0006965209734610949,Normal
9828,0.000638131509189563,Normal
9829,0.000753685969239368,Normal
9830,0.0003814377952442276,Normal
9831,0.0003803769015900293,Normal
9832,0.00028532522522456037,Normal
9833,0.00020127223324904446,Normal
9834,0.00024443847215354443,Normal
9835,8.23169391475987,Anomaly
9836,12.318190887974751,Anomaly
9837,12.715788019210713,Anomaly
9838,13.71693105759852,Anomaly
9839,13.568234790263748,Anomaly
9840,13.624297380416241,Anomaly
9841,14.011740458665518,Anomaly
9842,14.865286899119758,Anomaly
9843,15.984186296794624,Anomaly
9844,16.12783048362285,Anomaly
9845,0.0010078729502174624,Anomaly
9846,0.0009890752653892337,Anomaly
9847,0.0011774054107287072,Anomaly
9848,0.0011541863086909007,Anomaly
9849,0.0014594104331635564,Anomaly
9850,0.0013128170877068342,Anomaly
9851,0.0012076765247918653,Anomaly
9852,0.0010588560160303732,Anomaly
9853,0.0009676309560082965,Anomaly
9854,0.0005198134495835721,Normal
9855,0.00046307488636054855,Normal
9856,0.00045709024558322666,Normal
9857,0.0002514019749042213,Normal
9858,0.0002498883383156687,Normal
9859,0.00023137572401868905,Normal
9860,0.00023798353108338329,Normal
9861,0.00022923383802722196,Normal
9862,0.00022376326203907623,Normal
9863,0.0002109972143626882,Normal
9864,0.00019855363307266332,Normal
9865,0.00017794417928826493,Normal
9866,0.00017270746518249455,Normal
9867,0.00014742555192696116,Normal
9868,0.0002597603240349146,Normal
9869,0.00010904828940075746,Normal
9870,0.00010661950509382541,Normal
9871,0.00010297902510400755,Normal
9872,9.532130379972263e-05,Normal
9873,8.706536291723193e-05,Normal
9874,7.430731596510577e-05,Normal
9875,7.06030665048566e-05,Normal
9876,0.00013487258084397342,Normal
9877,0.00014615053174171704,Normal
9878,8.96153266751412e-05,Normal
9879,8.640330170321239e-05,Normal
9880,7.95100918354948e-05,Normal
9881,7.204118464211138e-05,Normal
9882,6.068370691893884e-05,Normal
9883,5.72922713796427e-05,Normal
9884,4.360972051883739e-05,Normal
9885,5.9147009702350815e-05,Normal
9886,2.0209925097598612e-05,Normal
9887,1.976894191552825e-05,Normal
9888,1.8951349754566026e-05,Normal
9889,0.00011961409843061415,Normal
9890,0.00011748201771758788,Normal
9891,0.00011199462563115246,Normal
9892,0.00010771059713305425,Normal
9893,9.650390894739082e-05,Normal
9894,9.236792406481775e-05,Normal
9895,7.831119393014817e-05,Normal
9896,7.451859766173765e-05,Normal
9897,5.852858405166507e-05,Normal
9898,0.00016782747463898337,Normal
9899,0.00010911380916107554,Normal
9900,0.00010670206206428237,Normal
9901,0.00010313195611807921,Normal
9902,9.535903857879843e-05,Normal
9903,8.706536291723193e-05,Normal
9904,7.430731596510577e-05,Normal
9905,7.06030665048566e-05,Normal
9906,5.510230183720267e-05,Normal
9907,0.00019826986129226897,Normal
9908,0.000142162917737392,Normal
9909,0.0001392075334514435,Normal
9910,0.00013504378232676704,Normal
9911,0.00012576056443828912,Normal
9912,0.00011610813040196527,Normal
9913,0.00010096622440224647,Normal
9914,9.673701041726582e-05,Normal
9915,7.83306723552573e-05,Normal
9916,0.00019019305773019943,Normal
9917,0.00011088638204181113,Normal
9918,0.00010842807548678064,Normal
9919,0.0001048057568529302,Normal
9920,9.700373520775418e-05,Normal
9921,8.859871126728257e-05,Normal
9922,7.565943776236029e-05,Normal
9923,7.184613381049107e-05,Normal
9924,5.620547645787469e-05,Normal
9925,0.00017595999304856883,Normal
9926,0.00011924442749195588,Normal
9927,0.0001166435377977316,Normal
9928,0.0001128097067194162,Normal
9929,0.00010466851938717386,Normal
9930,9.59660012997902e-05,Normal
9931,8.243856987925874e-05,Normal
9932,7.855884524455477e-05,Normal
9933,6.208009463980981e-05,Normal
9934,0.00017938152960995365,Normal
9935,0.00011671439353130968,Normal
9936,0.00011417420562950386,Normal
9937,0.00011045855697470355,Normal
9938,0.00010232138339094864,Normal
9939,9.369408986042876e-05,Normal
9940,8.035956696406364e-05,Normal
9941,7.652271575126457e-05,Normal
9942,6.0396466064560964e-05,Normal
9943,0.0002573922703805803,Normal
9944,0.00019449618906791915,Normal
9945,0.0001907328037465899,Normal
9946,0.00018576073426023506,Normal
9947,0.00017432698230324134,Normal
9948,0.00016286474789320302,Normal
9949,0.0001444016900074146,Normal
9950,0.00013947781842762073,Normal
9951,0.00011696621788922601,Normal
9952,0.00028304280112389043,Normal
9953,0.00016200936330934012,Normal
9954,0.00015874667398323744,Normal
9955,0.00015426307608910683,Normal
9956,0.0001441499773298448,Normal
9957,0.00013377841570255623,Normal
9958,0.00011733340109035384,Normal
9959,0.00011284040304832864,Normal
9960,9.270123562522607e-05,Normal
9961,0.0005907126077398051,Normal
9962,0.0004883724848439165,Normal
9963,0.00048081390883085407,Normal
9964,0.00047295609658698517,Normal
9965,0.00045255223114367554,Normal
9966,0.0004346965152815305,Normal
9967,0.0004025592639923622,Normal
9968,0.0003961266855302708,Normal
9969,0.00035759987932792656,Normal
9970,0.0004602156246415884,Normal
9971,9.563512382834343e-05,Normal
9972,9.344118463617384e-05,Normal
9973,9.012687971116585e-05,Normal
9974,8.298305555595831e-05,Normal
9975,7.528879049988079e-05,Normal
9976,6.357576874364794e-05,Normal
9977,6.004348157711691e-05,Normal
9978,4.6112969083593355e-05,Normal
9979,0.0002699546397918139,Normal
9980,0.00022143883029445964,Normal
9981,0.000217285299685017,Normal
9982,0.00021196162005982698,Normal
9983,0.00019964217187434536,Normal
9984,0.00018738346344558692,Normal
9985,0.00016737241800858258,Normal
9986,0.00016217898620864032,Normal
9987,0.0001377709852790158,Normal
9988,0.00024989219903369066,Normal
9989,0.00010904828940075746,Normal
9990,0.00010661950509382541,Normal
9991,0.00010297902510400755,Normal
9992,9.542571949678438e-05,Normal
9993,8.716847877458206e-05,Normal
9994,7.439613760497628e-05,Normal
9995,7.067839766092894e-05,Normal
9996,6.780948501780492e-05,Normal
9997,0.00014728251701416826,Normal
9998,9.19398137491073e-05,Normal
9999,8.891116997003542e-05,Normal
10000,8.451881238749189e-05,Normal
10001,7.544888122816868e-05,Normal
10002,6.609887277751869e-05,Normal
10003,5.385508929965821e-05,Normal
10004,4.631715224128268e-05,Normal
10005,0.00020639000725987871,Normal
10006,0.00021515974153905087,Normal
10007,0.00017537200967311797,Normal
10008,0.0001706349432712745,Normal
10009,0.000159850506279663,Normal
10010,0.00014891028457464963,Normal
10011,0.00013141516450142893,Normal
10012,0.00012672179484043755,Normal
10013,0.00020229954462108344,Normal
10014,0.00021712911043499333,Normal
10015,0.00010751897388942104,Normal
10016,0.00010393207878254995,Normal
10017,9.622332610376932e-05,Normal
10018,8.789105780493578e-05,Normal
10019,7.505508543374808e-05,Normal
10020,7.132200864680601e-05,Normal
10021,0.00010459112456068456,Normal
10022,0.00011471609798891562,Normal
10023,5.9217651080705014e-05,Normal
10024,5.675522520080874e-05,Normal
10025,5.1586901823089015e-05,Normal
10026,4.5977558524113505e-05,Normal
10027,3.756722962070331e-05,Normal
10028,3.487858622301049e-05,Normal
10029,0.00024038994086359524,Normal
10030,0.0002522732046850697,Normal
10031,0.0002232088222521394,Normal
10032,0.00021782383367888663,Normal
10033,0.00020524356463407496,Normal
10034,0.00019284444850519578,Normal
10035,0.00017256006125872212,Normal
10036,0.00016738653183813565,Normal
10037,0.0002709181049543702,Normal
10038,0.00028873769963236675,Normal
10039,0.0001392075334514435,Normal
10040,0.00013504378232676704,Normal
10041,0.00012576056443828912,Normal
10042,0.00011610813040196527,Normal
10043,0.00010096622440224647,Normal
10044,9.673701041726582e-05,Normal
10045,0.0002509206630619342,Normal
10046,0.00026653957327754955,Normal
10047,0.00018183460846658617,Normal
10048,0.0001770026357039732,Normal
10049,0.00016606663244095638,Normal
10050,0.00015491481270529144,Normal
10051,0.00013700741994046632,Normal
10052,0.00013222957368532967,Normal
10053,0.00024495757920268106,Normal
10054,0.00026139024536791166,Normal
10055,0.00014485464302397535,Normal
10056,0.00014058064089827598,Normal
10057,0.00013097879010813646,Normal
10058,0.00012122459488705401,Normal
10059,0.0001057323319502796,Normal
10060,0.00010142206265627712,Normal
10061,0.00013889319681421153,Normal
10062,0.00015086283464860713,Normal
10063,6.711291111530059e-05,Normal
10064,6.444949698056475e-05,Normal
10065,5.885196824483164e-05,Normal
10066,5.264126924771277e-05,Normal
10067,4.3363599182296435e-05,Normal
10068,4.0467435501362787e-05,Normal
10069,0.00015498724422895118,Normal
10070,0.00016576947528840438,Normal
10071,0.0001345389256496306,Normal
10072,0.00013045528320872798,Normal
10073,0.00012137750307199984,Normal
10074,0.00011190708966849875,Normal
10075,9.708945702866241e-05,Normal
10076,9.292794327006751e-05,Normal
10077,0.0001997419544382,Normal
10078,0.000213785086736926,Normal
10079,0.00013453908125579932,Normal
10080,0.00013045528320872798,Normal
10081,0.00012137750307199984,Normal
10082,0.00011190708966849875,Normal
10083,9.708945702866241e-05,Normal
10084,9.292794327006751e-05,Normal
10085,0.00021123361762364463,Normal
10086,0.0002256173572278667,Normal
10087,0.0001458897014919774,Normal
10088,0.0001416128959408873,Normal
10089,0.00013204076448626337,Normal
10090,0.00012213543047266201,Normal
10091,0.00010653895301150312,Normal
10092,0.00010221516666479973,Normal
10093,0.00023855884416400372,Normal
10094,0.00025403723775248733,Normal
10095,0.00016487760427326702,Normal
10096,0.0001602984821556023,Normal
10097,0.00014993468889061426,Normal
10098,0.00013934919745212072,Normal
10099,0.0001225110980480909,Normal
10100,0.0001179416873444168,Normal
10101,0.0001952901763672238,Normal
10102,0.00020974490298470704,Normal
10103,0.00010833854112002787,Normal
10104,0.00010473614942376559,Normal
10105,9.688219851117847e-05,Normal
10106,8.851423525590545e-05,Normal
10107,7.562808771424486e-05,Normal
10108,7.18944022881745e-05,Normal
10109,0.00016969276138969195,Normal
10110,0.00018210041786979317,Normal
10111,0.00012280412040267103,Normal
10112,0.00011892781913355119,Normal
10113,0.0001103833879404246,Normal
10114,0.0001013879041764961,Normal
10115,8.741025926796996e-05,Normal
10116,8.343052754307734e-05,Normal
10117,0.00030650524995571134,Normal
10118,0.00032281115837443097,Normal
10119,0.00024812685840467117,Normal
10120,0.00024244060785093613,Normal
10121,0.00022898715604077882,Normal
10122,0.00021590975541454382,Normal
10123,0.00019428024898258394,Normal
10124,0.00018890159907107728,Normal
10125,0.00022121885618834325,Normal
10126,0.0002366696668342111,Normal
10127,7.02804469402448e-05,Normal
10128,6.753340728481737e-05,Normal
10129,6.174140495257064e-05,Normal
10130,5.533877582292717e-05,Normal
10131,4.574760473426193e-05,Normal
10132,4.2773361376288525e-05,Normal
10133,0.00021732527135173355,Normal
10134,0.0002294915143372623,Normal
10135,0.00019400266033569395,Normal
10136,0.0001890002840916568,Normal
10137,0.00017749472684278983,Normal
10138,0.00016595862284626093,Normal
10139,0.00014734010609394587,Normal
10140,0.0001424444543095942,Normal
10141,0.0002180781019159263,Normal
10142,0.00023366658906580812,Normal
10143,0.0001091620021755076,Normal
10144,0.00010554335073554844,Normal
10145,9.764883808109152e-05,Normal
10146,8.924407747726996e-05,Normal
10147,7.629378703725805e-05,Normal
10148,7.254504463416238e-05,Normal
10149,0.0001335606661648568,Normal
10150,0.0001448504469586407,Normal
10151,8.668761451831073e-05,Normal
10152,8.354106579851695e-05,Normal
10153,0.00021550325299726244,Normal
10154,0.00020828960270718945,Normal
10155,0.00019254279554248435,Normal
10156,0.00018649324765875,Normal
10157,0.0005988401847911955,Normal
10158,0.0006138058097812623,Normal
10159,0.0005335943947820152,Normal
10160,0.0005257979354689748,Normal
10161,0.0006614227576972672,Normal
10162,0.0006776476769740967,Normal
10163,0.0005371226751386711,Normal
10164,0.0005303274271541803,Normal
10165,0.000557278419384068,Normal
10166,0.0005844631126200376,Normal
10167,0.00021922317629127064,Normal
10168,0.00021295456882847955,Normal
10169,0.0006388487069627649,Normal
10170,0.0006638849784601083,Normal
10171,0.0005115626897780024,Normal
10172,0.0005036238581750407,Normal
10173,0.0006135457292050325,Normal
10174,0.0006223069253579153,Normal
10175,0.0005257633607403099,Normal
10176,0.0005190187959285296,Normal
10177,0.0005873571104834104,Normal
10178,0.000617425995040074,Normal
10179,0.00023279606908097262,Normal
10180,0.00022637019366514465,Normal
10181,0.00033145505886311174,Normal
10182,0.0003459346421210314,Normal
10183,0.00022674509477238272,Normal
10184,0.00022036223718207133,Normal
10185,0.0010872689238042841,Anomaly
10186,0.001114574414856346,Anomaly
10187,0.0009867901778438074,Anomaly
10188,0.000977991506430423,Anomaly
10189,0.0010663905366777853,Anomaly
10190,0.0010833781496553082,Anomaly
10191,0.0009226125809760784,Anomaly
10192,0.0009174674673780787,Anomaly
10193,0.0009548502141127804,Anomaly
10194,0.000999536584313824,Anomaly
10195,0.0002213873801986752,Normal
10196,0.0002150534032800251,Normal
10197,0.0003189635340423586,Normal
10198,0.0003332391312325244,Normal
10199,0.00021682121305871858,Normal
10200,0.00021052561578391473,Normal
10201,0.00030723753673969476,Normal
10202,0.00031893502439568616,Normal
10203,0.00022401412512185914,Normal
10204,0.00021765407370690322,Normal
10205,0.0002535322064228031,Normal
10206,0.00029592460555836087,Normal
10207,0.00018807531201776124,Normal
10208,0.00018113011095317533,Normal
10209,0.00015709095305053162,Normal
10210,0.0003408442670884784,Normal
10211,0.00024513730360857245,Normal
10212,0.00022882178517363247,Normal
10213,0.00021534371987811927,Normal
10214,0.00020778660081883076,Normal
10215,0.00023936885878438034,Normal
10216,0.00020489633687301173,Normal
10217,0.0001992984085734028,Normal
10218,0.00017430929756835823,Normal
10219,0.00018403908353112903,Normal
10220,0.0001713954299226305,Normal
10221,0.00015935783311695493,Normal
10222,0.0001541144741687964,Normal
10223,0.00013902141882345687,Normal
10224,0.0002483895474524445,Normal
10225,0.00022241116191052632,Normal
10226,0.00020477758591093891,Normal
10227,0.00019766123253175087,Normal
10228,0.0001735636436778526,Normal
10229,0.0002441688128964914,Normal
10230,0.00015960255439707678,Normal
10231,0.0001460916027786119,Normal
10232,0.000129808699730065,Normal
10233,0.00012552606495817061,Normal
10234,0.00014133122424860636,Normal
10235,0.0001613677952725562,Normal
10236,0.00015852358446976072,Normal
10237,0.00014191564265697635,Normal
10238,0.00014688239970863065,Normal
10239,9.922386613817199e-05,Normal
10240,0.00014647641341150502,Normal
10241,0.00013205453443703748,Normal
10242,0.00011923843059924264,Normal
10243,0.00011345373791763242,Normal
10244,7.99611698026555e-05,Normal
10245,0.00019275763939109806,Normal
10246,0.00018172093762528814,Normal
10247,0.00017666387405261975,Normal
10248,0.00016163313578298626,Normal
10249,0.00016515159786150284,Normal
10250,0.0003308145276782167,Normal
10251,0.0004027273107818123,Normal
10252,0.0004001298479903295,Normal
10253,0.00037122367045882464,Normal
10254,0.00038085269962606714,Normal
10255,0.0002969685695285253,Normal
10256,0.00030668466929532586,Normal
10257,0.00028134609976663297,Normal
10258,0.00025925007793392075,Normal
10259,0.00024392064329706065,Normal
10260,0.00021785895733648515,Normal
10261,0.0001564359082899106,Normal
10262,0.0001431843313632717,Normal
10263,0.0001323530948562254,Normal
10264,0.00012320415039306006,Normal
10265,0.00021515371335963522,Normal
10266,0.00018463217230091784,Normal
10267,0.00017696237280202722,Normal
10268,0.00015819621114236264,Normal
10269,0.00016178668381108992,Normal
10270,0.00023176281027979012,Normal
10271,0.00021585969177614363,Normal
10272,0.00021029705777819433,Normal
10273,0.00019058224765109664,Normal
10274,0.000196963431089258,Normal
10275,0.00024456834515979465,Normal
10276,0.00022684793223069367,Normal
10277,0.00022111198493356848,Normal
10278,0.00019826607173965247,Normal
10279,0.0002068522775764467,Normal
10280,0.0002465214239648148,Normal
10281,0.00022997061162130378,Normal
10282,0.00022422515492921536,Normal
10283,0.00020272710524984566,Normal
10284,0.0003398443503679498,Normal
10285,0.0002478163890729016,Normal
10286,0.00022718909462925266,Normal
10287,0.00022080398992756976,Normal
10288,0.00019269512882041475,Normal
10289,0.0003141639833860209,Normal
10290,0.0002052358961938467,Normal
10291,0.00019972709694205374,Normal
10292,0.00017828609796190226,Normal
10293,0.0003431138991613772,Normal
10294,0.00024964917397308096,Normal
10295,0.00023059132352114755,Normal
10296,0.00022418470768329735,Normal
10297,0.00019765360865289897,Normal
10298,0.000321798135857946,Normal
10299,0.0002312719811119988,Normal
10300,0.0002254866358689433,Normal
10301,0.00020159353845147386,Normal
10302,0.00021088711386582436,Normal
10303,0.00022937793084273653,Normal
10304,0.00021340391219741326,Normal
10305,0.00020783530601045918,Normal
10306,0.00018712126548239475,Normal
10307,0.00019442048420405283,Normal
10308,0.00024381168445785067,Normal
10309,0.00022687485699976945,Normal
10310,0.0002211400907574856,Normal
10311,0.0001991997552712667,Normal
10312,0.0002070427831142893,Normal
10313,0.0002068156934769148,Normal
10314,0.0002416495093387094,Normal
10315,0.00047549879613760607,Normal
10316,0.0004523403254834793,Normal
10317,0.00046507551264448287,Normal
10318,0.00035726122119751863,Normal
10319,0.0004576537734310119,Normal
10320,0.00043583599173886744,Normal
10321,0.000393823875071042,Normal
10322,0.00038644957767700934,Normal
10323,0.0003056068670105307,Normal
10324,0.00044682516312594654,Normal
10325,0.00025618727541088876,Normal
10326,0.00025017710818415453,Normal
10327,0.00022737636378012646,Normal
10328,0.0003431021145387238,Normal
10329,0.00024178314940520506,Normal
10330,0.0002204750832024868,Normal
10331,0.0002141582200718514,Normal
10332,0.00021162082766826122,Normal
10333,0.0002791506828775048,Normal
10334,0.000158835506067441,Normal
10335,0.00015280550080892607,Normal
10336,0.00013216446241057152,Normal
10337,0.00026560153296286483,Normal
10338,0.00018942297298053473,Normal
10339,0.00017280368448126924,Normal
10340,0.00016170402384724328,Normal
10341,0.0003626326354189008,Normal
10342,0.00035540637033711726,Normal
10343,0.0003002140150653281,Normal
10344,0.0002933321439681505,Normal
10345,0.0003168470251115282,Normal
10346,0.000326321760776848,Normal
10347,0.00022054172125780786,Normal
10348,0.00021434304579341653,Normal
10349,0.00018406257551612548,Normal
10350,0.00037019304566221126,Normal
10351,0.0002104707501822203,Normal
10352,0.00020511053743303958,Normal
10353,0.0001901606013263649,Normal
10354,0.0002667654035929274,Normal
10355,0.00022232334841924302,Normal
10356,0.00020101429914244428,Normal
10357,0.00019489777998482057,Normal
10358,0.00017392243276011983,Normal
10359,0.0002758523139292887,Normal
10360,0.00014914643106522677,Normal
10361,0.0001439838565837097,Normal
10362,0.00012761770040804098,Normal
10363,0.0002602212837243357,Normal
10364,0.00020718364445948138,Normal
10365,0.00018907978161004284,Normal
10366,0.00018003928126294688,Normal
10367,0.00018404050938631227,Normal
10368,0.0002819276146160479,Normal
10369,0.00020841434705373045,Normal
10370,0.00020191919725542632,Normal
10371,0.00017875764694098042,Normal
10372,0.0005948496606618314,Normal
10373,0.0004956499065773559,Normal
10374,0.0004700755014309426,Normal
10375,0.0004574541929658493,Normal
10376,0.0005973573066247356,Normal
10377,0.0005906911874171739,Normal
10378,0.0004905734136358933,Normal
10379,0.00048371008691285353,Normal
10380,0.0004363254218171651,Normal
10381,0.0005520310325277846,Normal
10382,0.0002213996803540423,Normal
10383,0.00021570373111449813,Normal
10384,0.0001911143950973578,Normal
10385,0.0003125918593916973,Normal
10386,0.00019115554608361933,Normal
10387,0.00017451139444468018,Normal
10388,0.00016864721735382137,Normal
10389,0.0001456417607862559,Normal
10390,0.00024742604699635177,Normal
10391,0.0001740563070777651,Normal
10392,0.00016891536538014574,Normal
10393,0.00014950512044874215,Normal
10394,0.00015632614859082279,Normal
10395,0.0002405949317459349,Normal
10396,0.00022622139188541716,Normal
10397,0.00022058869440499162,Normal
10398,0.00020171897524461974,Normal
10399,0.0002854279035998516,Normal
10400,0.0002143978950749061,Normal
10401,0.00019383779107497347,Normal
10402,0.0001877704990120107,Normal
10403,0.00016047073231919092,Normal
10404,0.00019559325866271962,Normal
10405,8.258019578439354e-05,Normal
10406,7.871392889707878e-05,Normal
10407,6.41642492372347e-05,Normal
10408,6.996496740812046e-05,Normal
10409,0.00015343127083716708,Normal
10410,0.00014669419357416137,Normal
10411,0.00014243186610155332,Normal
10412,0.00013173211286924842,Normal
10413,0.00013202499716595051,Normal
10414,0.00020592070480869384,Normal
10415,0.0001960793946086062,Normal
10416,0.0001911469245343544,Normal
10417,0.00016933307674506405,Normal
10418,0.00017692641850050646,Normal
10419,0.00018833661183350218,Normal
10420,0.000173964649103493,Normal
10421,0.00016508482273785202,Normal
10422,0.0001479297841133964,Normal
10423,0.00014927493744627888,Normal
10424,0.00020745832815824075,Normal
10425,0.00019097665758910435,Normal
10426,0.00018568726789951312,Normal
10427,0.0001667141711754352,Normal
10428,0.00017462973207526595,Normal
10429,0.00021350250009119178,Normal
10430,0.0001974307314330276,Normal
10431,0.00019188934961079658,Normal
10432,0.0001710577979174653,Normal
10433,0.0001912446947095873,Normal
10434,0.00018013651602954194,Normal
10435,0.00016470632839922587,Normal
10436,0.0001584124787961331,Normal
10437,0.00013860298678537548,Normal
10438,0.00014269935982596702,Normal
10439,0.00019528175019619401,Normal
10440,0.0001810917632523542,Normal
10441,0.00017135248994158467,Normal
10442,0.00015939246246565218,Normal
10443,0.00028923277352781136,Normal
10444,0.0002359277242646428,Normal
10445,0.0002163172866750873,Normal
10446,0.00021002048074473864,Normal
10447,0.00018314876884957407,Normal
10448,0.00038277002600874463,Normal
10449,0.00028154301826351005,Normal
10450,0.00027529693978109996,Normal
10451,0.0002528265061005128,Normal
10452,0.0003542294034390318,Normal
10453,0.00025716929595386083,Normal
10454,0.00023412040186470096,Normal
10455,0.00022774030817694087,Normal
10456,0.00019731436162212344,Normal
10457,0.0003241509018431088,Normal
10458,0.00018051382932510735,Normal
10459,0.00017535703155789687,Normal
10460,0.00015739802970611002,Normal
10461,0.00016298355317408733,Normal
10462,0.00023449137940803112,Normal
10463,0.00021857115240527843,Normal
10464,0.0002128965175474137,Normal
10465,0.00019233736002451177,Normal
10466,0.00021289387123444797,Normal
10467,0.00021198652532306163,Normal
10468,0.00019445814185302482,Normal
10469,0.00018853848953528568,Normal
10470,0.00016537663712836863,Normal
10471,0.001169251602097877,Anomaly
10472,0.001059362006501209,Anomaly
10473,0.0010278159747955243,Anomaly
10474,0.0010143017107879899,Anomaly
10475,0.0009779157118149557,Anomaly
10476,0.0009701700284038314,Anomaly
10477,0.000865033048226185,Anomaly
10478,0.0008608234217918025,Anomaly
10479,0.0008037283910492592,Anomaly
10480,0.0008244070746312556,Anomaly
10481,1.3951657863719621e-05,Normal
10482,1.333835510929206e-05,Normal
10483,0.00040745287372764117,Normal
10484,0.0004057556890099842,Normal
10485,0.0003987873360814114,Normal
10486,0.0003905510984852047,Normal
10487,0.0003747749993116017,Normal
10488,0.00047055274142589415,Normal
10489,0.0004385265058600027,Normal
10490,0.0004319042231586905,Normal
10491,0.000392213999268715,Normal
10492,0.00041134869223879745,Normal
10493,0.00010217620211423552,Normal
10494,0.00024173434918807078,Normal
10495,0.00023920367625727764,Normal
10496,0.00021894368698945912,Normal
10497,0.00023015615451775148,Normal
10498,0.00014993468889061426,Normal
10499,0.00013934919745212072,Normal
10500,0.0002264338096969349,Normal
10501,0.0002232219248276626,Normal
10502,0.00019984093018700564,Normal
10503,0.00021221629578483018,Normal
10504,0.00010390660316936949,Normal
10505,9.520527800866632e-05,Normal
10506,0.00014573285613474505,Normal
10507,0.00014262421344636068,Normal
10508,0.00012456915868045993,Normal
10509,0.0001337888795999853,Normal
10510,6.65436229540942e-05,Normal
10511,7.471458146829156e-05,Normal
10512,6.410111949257591e-05,Normal
10513,6.061184429884767e-05,Normal
10514,4.743135676897604e-05,Normal
10515,5.313829185555625e-05,Normal
10516,1.9780634122399007e-05,Normal
10517,0.00014086832634248696,Normal
10518,0.0001411423624619532,Normal
10519,0.00013355728760198088,Normal
10520,0.00013602718224006488,Normal
10521,0.0001227150668589606,Normal
10522,0.00011266188290468348,Normal
10523,9.755755822995566e-05,Normal
10524,0.00022287227262320135,Normal
10525,0.00020490307510233476,Normal
10526,0.0002164719816891078,Normal
10527,0.00013573217491137665,Normal
10528,0.00012664724838659034,Normal
10529,0.00011695889668265867,Normal
10530,0.00021825991294309246,Normal
10531,0.0002153367048569923,Normal
10532,0.0001939961146387057,Normal
10533,0.00020546284415179852,Normal
10534,0.00011538590487624482,Normal
10535,0.00010617021852176494,Normal
10536,0.00015171611526208062,Normal
10537,0.00014842450022320745,Normal
10538,0.00012921261364156063,Normal
10539,0.00013890789520906797,Normal
10540,6.292142962265228e-05,Normal
10541,5.6441794608767664e-05,Normal
10542,7.243857612337833e-05,Normal
10543,6.962707076696682e-05,Normal
10544,5.707829633118078e-05,Normal
10545,6.383409136255157e-05,Normal
10546,3.197289351459846e-05,Normal
10547,2.811124421859467e-05,Normal
10548,0.00012906507403687072,Normal
10549,0.00012742545332498507,Normal
10550,0.0001180168140379815,Normal
10551,0.00012268640782598235,Normal
10552,0.00010472135838966261,Normal
10553,9.605435552424393e-05,Normal
10554,0.0011264315360944549,Anomaly
10555,0.0011270031331053374,Anomaly
10556,0.0010974780492051595,Anomaly
10557,0.001116888498253986,Anomaly
10558,0.0010048376352130395,Anomaly
10559,0.000980343241604694,Anomaly
10560,0.0011735294583558712,Anomaly
10561,0.0011741745090761975,Anomaly
10562,0.0011033290398071367,Anomaly
10563,0.0011488659323815088,Anomaly
10564,0.0002451760284232521,Normal
10565,0.00023163480732281034,Normal
10566,0.0003189814867195903,Normal
10567,0.00031532397009098503,Normal
10568,0.00028426866976657956,Normal
10569,0.0003008108711728505,Normal
10570,0.0001103833879404246,Normal
10571,0.0001013879041764961,Normal
10572,0.0012303069947235637,Anomaly
10573,0.0012312043947814634,Anomaly
10574,0.0011997818272975202,Anomaly
10575,0.0012207537255089023,Anomaly
10576,0.0011009372380504981,Anomaly
10577,0.0010755279302561295,Anomaly
10578,0.0011989384982896024,Anomaly
10579,0.0011989221427245549,Anomaly
10580,0.0011267729434950597,Anomaly
10581,0.0011708483519809205,Anomaly
10582,0.00018071065624565373,Normal
10583,0.0005573705044509005,Normal
10584,0.0005345650039195896,Normal
10585,0.0005262275317147515,Normal
10586,0.0004962039329218014,Normal
10587,0.000508347214986681,Normal
10588,0.00035516075466829344,Normal
10589,0.00047810178849597645,Normal
10590,0.000474901618480236,Normal
10591,0.0004347333149826221,Normal
10592,0.0004571723451648645,Normal
10593,0.00015092945944006217,Normal
10594,0.0001402750506395188,Normal
10595,0.0002289727771760822,Normal
10596,0.00022571223890497047,Normal
10597,0.00020228371354545668,Normal
10598,0.00021476809186046956,Normal
10599,0.00010550516123273956,Normal
10600,9.673012048995492e-05,Normal
10601,0.00019019618781856957,Normal
10602,0.00018740943039592114,Normal
10603,0.00016847584638177347,Normal
10604,0.0001785897301270599,Normal
10605,0.00010630960573588177,Normal
10606,9.749799820275599e-05,Normal
10607,0.0002223614660654008,Normal
10608,0.00021978100444227196,Normal
10609,0.00020028844126193288,Normal
10610,0.00021096126078448395,Normal
10611,0.00013570485670727476,Normal
10612,0.00012565585499030324,Normal
10613,0.00023633133430606937,Normal
10614,0.00023341253337916503,Normal
10615,0.00021100350726197247,Normal
10616,0.00022315175198149768,Normal
10617,0.00012487702145854397,Normal
10618,0.0002157538090223308,Normal
10619,0.00019890649320328645,Normal
10620,0.00019345414863998007,Normal
10621,0.00017181413336959394,Normal
10622,0.00017986132118478902,Normal
10623,0.000281140340668675,Normal
10624,0.00026594094189262026,Normal
10625,0.0002598824551675345,Normal
10626,0.00023981874253891063,Normal
10627,0.0002457224011859779,Normal
10628,0.0003484459270710032,Normal
10629,0.00032672294737903253,Normal
10630,0.00032014302360435453,Normal
10631,0.0002921034734161041,Normal
10632,0.00030378038481779825,Normal
10633,0.00020635988540954292,Normal
10634,0.00018669068502583777,Normal
10635,0.00018132186891012836,Normal
10636,0.0001566690732280612,Normal
10637,0.00016670551600641133,Normal
10638,4.459068665357991e-05,Normal
10639,3.631199199562952e-05,Normal
10640,3.4007157260091445e-05,Normal
10641,9.449222275528671e-05,Normal
10642,0.00028924888634491406,Normal
10643,0.0002624702918876467,Normal
10644,0.00033450086898185484,Normal
10645,0.00032588806071127594,Normal
10646,0.0004312634874580266,Normal
10647,0.00041053958866511635,Normal
10648,0.0005577273265091975,Normal
10649,0.0005362838652428576,Normal
10650,0.0006027721702235431,Normal
10651,0.0005604484854480059,Normal
10652,0.00038883805601812354,Normal
10653,0.00038717912243268766,Normal
10654,0.0003049320295925832,Normal
10655,0.000500825756003287,Normal
10656,0.0005390880576137055,Normal
10657,0.0006543177166683625,Normal
10658,0.0005777717724999257,Normal
10659,0.00058876110551264,Normal
10660,0.0004935422337338073,Normal
10661,0.0005398504762918665,Normal
10662,0.0004933722445009099,Normal
10663,0.0004561282477187588,Normal
10664,0.0004889943434432096,Normal
10665,0.00041882096045231553,Normal
10666,0.0003145027933278147,Normal
10667,0.0003514738606453391,Normal
10668,0.000286809279195347,Normal
10669,0.00025704608997939376,Normal
10670,0.0002665596852509281,Normal
10671,0.00029444227312515195,Normal
10672,0.00027387241881118743,Normal
10673,0.0002518541842854918,Normal
10674,0.00020755964253108206,Normal
10675,0.0002773136066593068,Normal
10676,0.00027928372899926337,Normal
10677,0.00020329275547207007,Normal
10678,0.0001925581317541684,Normal
10679,0.00030554034025606256,Normal
10680,0.0003094263499307848,Normal
10681,0.00022525718646790923,Normal
10682,0.00021705260783454425,Normal
10683,0.0003299587448906835,Normal
10684,0.0004628401032112465,Normal
10685,0.0003579210973810732,Normal
10686,0.0003468224002742524,Normal
10687,0.00031908488116290086,Normal
10688,0.0003178133770813211,Normal
10689,0.0003222449844694256,Normal
10690,0.0002970123229732188,Normal
10691,0.0002800415968121124,Normal
10692,0.00026509776444189114,Normal
10693,0.0001813488339809612,Normal
10694,0.00021986949194381387,Normal
10695,0.00020982009585129857,Normal
10696,0.00020925787487903157,Normal
10697,0.0002562127329451239,Normal
10698,0.0002667430388442775,Normal
10699,0.00018132203173296574,Normal
10700,0.00016177690920115005,Normal
10701,0.00014819960590377535,Normal
10702,0.0002702026599815244,Normal
10703,0.0003131144553264063,Normal
10704,0.00023027855649200812,Normal
10705,0.00021323102196687906,Normal
10706,0.00021638235867711008,Normal
10707,0.00016327179648268505,Normal
10708,0.0001483757833599801,Normal
10709,0.00014756448561651294,Normal
10710,0.0003186887194158605,Normal
10711,0.0003195173295920729,Normal
10712,0.00028322563556449867,Normal
10713,0.0002550317248076219,Normal
10714,0.00032906472525554757,Normal
10715,0.0003110706402526412,Normal
10716,0.0002880232342561642,Normal
10717,0.0003809919060699146,Normal
10718,0.0003470409590917798,Normal
10719,0.0005594789429020429,Normal
10720,0.00039414422576859157,Normal
10721,0.0003944895866904156,Normal
10722,0.0004162513155984963,Normal
10723,0.0005340116310852296,Normal
10724,0.00046051138798732107,Normal
10725,0.0004237519891611143,Normal
10726,0.0004277360682198225,Normal
10727,0.0004036841514076239,Normal
10728,0.3373318836385587,Anomaly
10729,0.3262470656219772,Anomaly
10730,0.3344179221918465,Anomaly
10731,0.33807019275193206,Anomaly
10732,0.33833146822381055,Anomaly
10733,0.33984279222572555,Anomaly
10734,0.336314506467495,Anomaly
10735,0.33698305485837315,Anomaly
10736,0.3230592235903899,Anomaly
10737,0.3228523881565563,Anomaly
10738,0.0005860642539208063,Normal
10739,0.0005872161108606901,Normal
10740,0.0005676176671631774,Normal
10741,0.0005068796271097294,Normal
10742,0.0006400331158459676,Normal
10743,0.0003152942857210811,Normal
10744,0.00031432631566390715,Normal
10745,0.0002834582286628362,Normal
10746,0.00025983233514858856,Normal
10747,0.00023312312327551212,Normal
10748,0.0003502893973758102,Normal
10749,0.0003038672050380227,Normal
10750,0.0002870216635206247,Normal
10751,0.00025360424635799747,Normal
10752,0.0001239969764636407,Normal
10753,0.00011441765444906277,Normal
10754,0.00022894080006892478,Normal
10755,0.0002261381056248098,Normal
10756,0.0002048629356090356,Normal
10757,0.00021642931276805847,Normal
10758,0.0001275380392589751,Normal
10759,0.00011781308507014124,Normal
10760,0.0002181355983187448,Normal
10761,0.00021519715394809747,Normal
10762,0.00019378096857918428,Normal
10763,0.00020527806323904116,Normal
10764,0.00011521758743147704,Normal
10765,0.00010603279739247086,Normal
10766,0.00024618425683238434,Normal
10767,0.00024359020050813068,Normal
10768,0.00022270869817177783,Normal
10769,0.00023405284916470248,Normal
10770,0.00015058311095431125,Normal
10771,0.00013989010408131355,Normal
10772,0.00021251421343503884,Normal
10773,0.0002098430648779123,Normal
10774,0.0001867257190124361,Normal
10775,0.00019880676999619573,Normal
10776,9.08717653732441e-05,Normal
10777,8.280192924784676e-05,Normal
10778,0.00020335360592649895,Normal
10779,0.0002009046290716676,Normal
10780,0.00018332000028290068,Normal
10781,0.0001929141878891169,Normal
10782,0.0001302292901981078,Normal
10783,0.00012039601813035323,Normal
10784,0.00020235763897440305,Normal
10785,0.0001992495973682013,Normal
10786,0.0001778644358900011,Normal
10787,0.0001891291991319165,Normal
10788,9.764883808109152e-05,Normal
10789,8.924407747726996e-05,Normal
10790,0.00023116707242733513,Normal
10791,0.0002287734785237008,Normal
10792,0.00021006104352718635,Normal
10793,0.000220411578761676,Normal
10794,0.000151013169742362,Normal
10795,0.0001403915877838514,Normal
10796,0.00024238933458520126,Normal
10797,0.00023929458844574916,Normal
10798,0.00021552066562694465,Normal
10799,0.0002282724129562283,Normal
10800,0.0001178712693074726,Normal
10801,0.00010853284713268103,Normal
10802,0.00024533718345906856,Normal
10803,0.00024285299192527014,Normal
10804,0.0002219075120846035,Normal
10805,0.0002334990473971826,Normal
10806,0.0001479929921075457,Normal
10807,0.00013747852883508235,Normal
10808,0.00012077167920921934,Normal
10809,0.00022539539316067817,Normal
10810,0.00020448796038890533,Normal
10811,0.00021843545482443696,Normal
10812,0.00011549901366846901,Normal
10813,0.00010711753552477939,Normal
10814,9.826914683999012e-05,Normal
10815,8.464899604056358e-05,Normal
10816,0.0001832527552308971,Normal
10817,0.00016647189238376238,Normal
10818,0.00017804897537248828,Normal
10819,0.0001088760753528443,Normal
10820,0.00010076751657796521,Normal
10821,9.217856272515613e-05,Normal
10822,7.893278882564525e-05,Normal
10823,0.0001871969138540978,Normal
10824,0.0001712171396606817,Normal
10825,0.00018266100302611455,Normal
10826,0.00011806535255363067,Normal
10827,0.00010956209530528088,Normal
10828,0.00010060310692615269,Normal
10829,8.66898185421483e-05,Normal
10830,0.00020847309985553815,Normal
10831,0.00019145246968055361,Normal
10832,0.0002036775858349701,Normal
10833,0.00013136590117106048,Normal
10834,0.00012224751672212762,Normal
10835,0.00011274035465883409,Normal
10836,9.785806817503968e-05,Normal
10837,0.0002449291524989223,Normal
10838,0.00022656119203685638,Normal
10839,0.00024006286204164042,Normal
10840,0.00015626106966115788,Normal
10841,0.0001461673591550201,Normal
10842,0.00013582933358849333,Normal
10843,0.00011964363663980606,Normal
10844,0.00012163845689073272,Normal
10845,0.00020352604114359725,Normal
10846,0.00021813679305458266,Normal
10847,0.00011859452029895302,Normal
10848,0.00011388204267743906,Normal
10849,0.0001037199966312999,Normal
10850,0.0002062540103482096,Normal
10851,0.00018975753022250087,Normal
10852,0.0001822167708850993,Normal
10853,0.00016560211180632667,Normal
10854,0.00017111371072960942,Normal
10855,0.00020035110158848373,Normal
10856,0.00018473824456427274,Normal
10857,0.0001794089359820874,Normal
10858,0.00015943165347574953,Normal
10859,0.00016656962825564476,Normal
10860,0.00022028300343111693,Normal
10861,0.0002054915992967421,Normal
10862,0.00020004701956786037,Normal
10863,0.0001807913248994473,Normal
10864,0.00018698651942962655,Normal
10865,0.0002548104201572383,Normal
10866,0.00023754048048055796,Normal
10867,0.0002317089088904925,Normal
10868,0.00020932137452905132,Normal
10869,0.00021756639940597513,Normal
10870,0.00029831380668437373,Normal
10871,0.00028021764552949165,Normal
10872,0.0002739715039381542,Normal
10873,0.00025036580007454113,Normal
10874,0.0002589973902460432,Normal
10875,0.00028772347837569326,Normal
10876,0.00026733490533641726,Normal
10877,0.0002611694275759241,Normal
10878,0.00023511735520071196,Normal
10879,0.00024578062170913,Normal
10880,0.0002340906993441627,Normal
10881,0.0002644308238786779,Normal
10882,0.0002610647210227605,Normal
10883,0.00023596047477876143,Normal
10884,0.00024424267788896885,Normal
10885,0.00015410975227789548,Normal
10886,0.0001377122936941742,Normal
10887,0.00012123078383618963,Normal
10888,0.00010463497558298995,Normal
10889,9.625744516281065e-05,Normal
10890,3.6003435792307515e-05,Normal
10891,0.0001602219145026745,Normal
10892,0.00015918494169598875,Normal
10893,0.00015241828741918785,Normal
10894,0.00015330683913193118,Normal
10895,0.00014132212839301685,Normal
10896,0.00013113024690838824,Normal
10897,0.00023572990270809713,Normal
10898,0.00023267674405485274,Normal
10899,0.00020986582170263497,Normal
10900,0.00022217953150831363,Normal
10901,0.000119666048739891,Normal
10902,0.00011145419424114034,Normal
10903,0.00020794545078262655,Normal
10904,0.0002050522872736345,Normal
10905,0.00018437415001443903,Normal
10906,0.00019508697156353825,Normal
10907,0.00011071992399615167,Normal
10908,0.0001013765184038022,Normal
10909,0.0001031530180174529,Normal
10910,9.878229428472317e-05,Normal
10911,8.164030004578849e-05,Normal
10912,9.02415715800037e-05,Normal
10913,7.703222423811807e-05,Normal
10914,7.384839644565102e-05,Normal
10915,6.760243585775196e-05,Normal
10916,6.391988034961827e-05,Normal
10917,5.338156833586845e-05,Normal
10918,0.00017224888844662905,Normal
10919,0.00015606666093562297,Normal
10920,0.00015136149375661318,Normal
10921,0.00013734631396085034,Normal
10922,0.00014069197455958532,Normal
10923,0.00010466866526055786,Normal
10924,0.00023580773721395415,Normal
10925,0.00023320871134009912,Normal
10926,0.00021277085442736847,Normal
10927,0.00022397931469531505,Normal
10928,0.00014226719034342964,Normal
10929,0.00013193424448144648,Normal
10930,0.00023554196932959958,Normal
10931,0.0002324667403178665,Normal
10932,0.0002096045039531623,Normal
10933,0.00022197863247591944,Normal
10934,0.00011878871015165073,Normal
10935,0.00010942753167691081,Normal
10936,0.0002341147202485167,Normal
10937,0.0002314248661007395,Normal
10938,0.00021054921119550329,Normal
10939,0.00022198896075992144,Normal
10940,0.00013662978091662052,Normal
10941,0.00012665001244818193,Normal
10942,0.00020077931705736305,Normal
10943,0.00019755810258168349,Normal
10944,0.00017565242502585833,Normal
10945,0.00018703585266195932,Normal
10946,9.088876718350042e-05,Normal
10947,8.278265306366575e-05,Normal
10948,0.0002359767502060885,Normal
10949,0.0002336497046220005,Normal
10950,0.00021570508358650166,Normal
10951,0.0002257452795415788,Normal
10952,0.0001609629010708487,Normal
10953,0.0005894463560849166,Normal
10954,0.0005678911442929461,Normal
10955,0.0005591686451497166,Normal
10956,0.0005305447888664413,Normal
10957,0.0005409861979329047,Normal
10958,0.00040282955650304265,Normal
10959,0.0004840282646204943,Normal
10960,0.00048026541800866263,Normal
10961,0.0004384657439950483,Normal
10962,0.0004607900644880752,Normal
10963,0.00011370485359048048,Normal
10964,0.00010456236598501965,Normal
10965,0.0001362077978604383,Normal
10966,0.00032637918522218396,Normal
10967,0.00030862352837490704,Normal
10968,0.0003213780216840945,Normal
10969,0.0002384829636151315,Normal
10970,0.00035173636023003776,Normal
10971,0.00046550133345942305,Normal
10972,0.00043578901870564186,Normal
10973,0.0004187681574544724,Normal
10974,0.00039339373883592215,Normal
10975,0.0003684130262881397,Normal
10976,0.00021836351274990784,Normal
10977,0.00021880414934041768,Normal
10978,0.00020260564767224883,Normal
10979,0.00018626813895642708,Normal
10980,0.00011310115714910558,Normal
10981,3.3141068066678006e-05,Normal
10982,6.07041662022315e-05,Normal
10983,5.3512198183099514e-05,Normal
10984,4.837724661214373e-05,Normal
10985,4.196087054795356e-05,Normal
10986,4.513559733672168e-05,Normal
10987,3.301351439521889e-05,Normal
10988,0.00015096331699476583,Normal
10989,0.0001492240112925184,Normal
10990,0.00013859030775533176,Normal
10991,0.00014413097271793478,Normal
10992,0.00012137750307199984,Normal
10993,0.00011190708966849875,Normal
10994,0.00022007944957868215,Normal
10995,0.00021725183828886474,Normal
10996,0.00019635115302631215,Normal
10997,0.00020765145634122525,Normal
10998,0.00012137750307199984,Normal
10999,0.00024783724644238646,Normal
11000,0.0002310118323274863,Normal
11001,0.00022524985119748035,Normal
11002,0.00020342383793656304,Normal
11003,0.00021429065409677597,Normal
11004,0.0001249478294274045,Normal
11005,0.0002694955034821104,Normal
11006,0.00026673206585173937,Normal
11007,0.0002433262636405345,Normal
11008,0.0002555976330429677,Normal
11009,0.00015625478389474698,Normal
11010,0.00014525516701232298,Normal
11011,0.00020059596829372913,Normal
11012,0.00019913874863059308,Normal
11013,0.00017570019567636637,Normal
11014,0.00018761110767286015,Normal
11015,7.615659058816165e-05,Normal
11016,6.905699941241135e-05,Normal
11017,0.00018734682973168916,Normal
11018,0.00018495853515010632,Normal
11019,0.0001693947266390241,Normal
11020,0.00017792905809305794,Normal
11021,0.00012678968316117355,Normal
11022,0.0003359479957682814,Normal
11023,0.00031809005150329657,Normal
11024,0.00031137219427274836,Normal
11025,0.0002881439380140154,Normal
11026,0.0002962014201845285,Normal
11027,0.0002754326264805785,Normal
11028,0.00025280147704768617,Normal
11029,0.00024681520988678395,Normal
11030,0.0002184187656142825,Normal
11031,0.0002304636157590083,Normal
11032,0.00017473287979927093,Normal
11033,0.00016196299874865215,Normal
11034,0.0001569839434489736,Normal
11035,0.00014061469212869583,Normal
11036,0.00014569959832588873,Normal
11037,0.00020758961608831838,Normal
11038,0.00019261072565896633,Normal
11039,0.0001872765505036577,Normal
11040,0.00016786912496649962,Normal
11041,0.000174315060733884,Normal
11042,0.0002293835110213583,Normal
11043,0.00021336506972546696,Normal
11044,0.0002077385853400557,Normal
11045,0.00018709445358380242,Normal
11046,0.0001942983819144821,Normal
11047,0.00022618452717831835,Normal
11048,0.00020938427862596075,Normal
11049,0.00020383152193561029,Normal
11050,0.00018217168578497591,Normal
11051,0.0003814098178040471,Normal
11052,0.0002855091049926774,Normal
11053,0.00026549851740230934,Normal
11054,0.0002588328939609829,Normal
11055,0.0003551432383606186,Normal
11056,0.00036669995164219046,Normal
11057,0.0002675564442873603,Normal
11058,0.00026093033754304027,Normal
11059,0.00032546821466183955,Normal
11060,0.0003409349379543952,Normal
11061,0.00019287075236278556,Normal
11062,0.0001867880360662929,Normal
11063,0.00021386696910623927,Normal
11064,0.00022373770044410032,Normal
11065,0.00012718768101111194,Normal
11066,0.00012191655312973897,Normal
11067,0.00013323541758320035,Normal
11068,0.00014077429746316025,Normal
11069,7.209799609805243e-05,Normal
11070,6.788695154402659e-05,Normal
11071,0.00013868649139860725,Normal
11072,0.0003107845071661044,Normal
11073,0.0002687799242576643,Normal
11074,0.00026030671653144136,Normal
11075,0.00024442064726157666,Normal
11076,0.00023589153373142945,Normal
11077,0.000201045357633665,Normal
11078,0.0001770670317011544,Normal
11079,0.0001609063683143278,Normal
11080,0.0001443601393917234,Normal
11081,0.00033594624887930437,Normal
11082,0.00023113149389060087,Normal
11083,0.0002268588617598757,Normal
11084,0.0002214282752509117,Normal
11085,0.00020871767435055714,Normal
11086,0.0001962162391791672,Normal
11087,0.0001757305241301474,Normal
11088,0.00017052516122717846,Normal
11089,0.00014554234220810834,Normal
11090,0.000222718778931602,Normal
11091,7.544711753569412e-05,Normal
11092,7.36232927532149e-05,Normal
11093,7.0771516634447e-05,Normal
11094,6.473376724703078e-05,Normal
11095,5.8100447719547596e-05,Normal
11096,4.8158491210004626e-05,Normal
11097,4.5036956364483036e-05,Normal
11098,3.32172101581655e-05,Normal
11099,0.00011960940139617929,Normal
11100,8.811239790648668e-05,Normal
11101,8.605351956344995e-05,Normal
11102,8.290274614251197e-05,Normal
11103,7.615658098748584e-05,Normal
11104,6.883922979635581e-05,Normal
11105,5.776054068224093e-05,Normal
11106,5.4371343249324124e-05,Normal
11107,0.0001946444474455427,Normal
11108,0.00020687518246640134,Normal
11109,0.00016179671409042112,Normal
11110,0.0001572651025747484,Normal
11111,0.00014702689381350834,Normal
11112,0.00013654847373926034,Normal
11113,0.00011990689860685215,Normal
11114,0.0001153753096807638,Normal
11115,0.0002511919676417971,Normal
11116,0.00026743792239903664,Normal
11117,0.00016591146384339444,Normal
11118,0.00016131650090600095,Normal
11119,0.00015091052045475842,Normal
11120,0.0001402899634856954,Normal
11121,0.00012338615720208028,Normal
11122,0.00011880413682698655,Normal
11123,0.00018792753954844114,Normal
11124,0.0002021113660548387,Normal
11125,0.00010029577175056561,Normal
11126,9.685527918141016e-05,Normal
11127,8.940360460984995e-05,Normal
11128,8.14084101840195e-05,Normal
11129,6.916125153910387e-05,Normal
11130,6.557301528379005e-05,Normal
11131,0.00019172051217483226,Normal
11132,0.00020443330020549763,Normal
11133,0.00014978341824248528,Normal
11134,0.00014544340080608131,Normal
11135,0.00013570472355515026,Normal
11136,0.00012565585499030324,Normal
11137,0.00010979817447944192,Normal
11138,0.0001054217464817533,Normal
11139,0.0003453114164733139,Normal
11140,0.00036358309733903636,Normal
11141,0.00026772163689776907,Normal
11142,0.00026181067109662105,Normal
11143,0.0002476953231296066,Normal
11144,0.00023411612703742667,Normal
11145,0.0002114709020732539,Normal
11146,0.0002059488471983566,Normal
11147,0.00019951772775674833,Normal
11148,0.00021274637590002615,Normal
11149,3.2997084668737485e-05,Normal
11150,3.147053342465486e-05,Normal
11151,2.840629463291404e-05,Normal
11152,2.4839067413811574e-05,Normal
11153,1.9700848977687286e-05,Normal
11154,1.7949158619214057e-05,Normal
11155,0.00018214978709568834,Normal
11156,0.00019007357600388713,Normal
11157,0.000178587777616563,Normal
11158,0.00017380305973230373,Normal
11159,0.00016299428758022875,Normal
11160,0.0001519479998360308,Normal
11161,0.00013423845503931256,Normal
11162,0.00012949641236751914,Normal
11163,0.00019352356885595106,Normal
11164,0.00020801937064656117,Normal
11165,9.633679279591146e-05,Normal
11166,9.296235378151572e-05,Normal
11167,8.563921174746801e-05,Normal
11168,7.79377708287626e-05,Normal
11169,6.605632859125062e-05,Normal
11170,6.253742728808508e-05,Normal
11171,0.00043114150737153504,Normal
11172,0.0004481909612853376,Normal
11173,0.0003885629086022522,Normal
11174,0.00038145965382254174,Normal
11175,0.0003636160597478707,Normal
11176,0.00034739797961028487,Normal
11177,0.00031909157840945973,Normal
11178,0.000312934778953974,Normal
11179,0.0002788488349319815,Normal
11180,0.00029111849536789296,Normal
11181,1.2108976836311999e-05,Normal
11182,1.2070524119126242e-05,Normal
11183,1.2001665414725998e-05,Normal
11184,1.191657202015853e-05,Normal
11185,1.179919600617513e-05,Normal
11186,1.1754939238466756e-05,Normal
11187,0.00019335133149440772,Normal
11188,0.00019319454763282897,Normal
11189,0.00018952992267525518,Normal
11190,0.00018458836134785175,Normal
11191,0.00017325355878064448,Normal
11192,0.00016185709338528692,Normal
11193,0.0001435035831686922,Normal
11194,0.0001386547475872739,Normal
11195,0.00032364580129264656,Normal
11196,0.00034261883554297936,Normal
11197,0.00021719525949035352,Normal
11198,0.00021188684007006302,Normal
11199,0.00019952202136701232,Normal
11200,0.00018729470425858197,Normal
11201,0.00016734455654304883,Normal
11202,0.00016222459153026518,Normal
11203,0.00022312211552137631,Normal
11204,0.00023896564428750028,Normal
11205,9.640382564428915e-05,Normal
11206,9.30442913268231e-05,Normal
11207,0.0005010882856790162,Normal
11208,0.000493798024883206,Normal
11209,0.0004720276384300512,Normal
11210,0.00046427844934192634,Normal
11211,0.0004322151632749036,Normal
11212,0.00043386021137639035,Normal
11213,0.0003503635947106185,Normal
11214,0.00034408472646109357,Normal
11215,0.0003081196550508283,Normal
11216,0.00036097041411417227,Normal
11217,5.7006702241627474e-05,Normal
11218,5.584681919880589e-05,Normal
11219,0.00018133121357176164,Normal
11220,0.00017646256441861832,Normal
11221,0.00025440330640734014,Normal
11222,0.0002420821757314519,Normal
11223,0.0003208498709219467,Normal
11224,0.00030205977222489647,Normal
11225,0.0004475462838002089,Normal
11226,0.00041137478961246634,Normal
11227,0.000507715764055788,Normal
11228,0.0005167685318013812,Normal
11229,0.0003875278812102062,Normal
11230,0.00043347754949824116,Normal
11231,0.0004719652862034154,Normal
11232,0.0006053493216871512,Normal
11233,0.0006014800442509198,Normal
11234,0.0006995355628780996,Normal
11235,0.0007018386403215959,Normal
11236,0.0007528722120188692,Normal
11237,0.000620080760168038,Normal
11238,0.0005756838097437974,Normal
11239,0.0005293026508880166,Normal
11240,0.0004610771366400212,Normal
11241,0.00033538524966413306,Normal
11242,0.00023898718387765227,Normal
11243,0.00016105667255244773,Normal
11244,0.00019014468561507513,Normal
11245,0.00010254413329436953,Normal
11246,7.84228811475174e-05,Normal
11247,7.417542273550879e-05,Normal
11248,6.635677723437487e-05,Normal
11249,0.00016611207251481284,Normal
11250,0.00015351216893839278,Normal
11251,0.0001485139460055159,Normal
11252,0.0001332379469406936,Normal
11253,0.0002670993227290597,Normal
11254,0.0002163609998611822,Normal
11255,0.00019857522840470296,Normal
11256,0.000192455633963711,Normal
11257,0.00018161128907267344,Normal
11258,0.00022452023110313847,Normal
11259,0.00014423362763647219,Normal
11260,0.00013870500518837404,Normal
11261,0.00011715918003409506,Normal
11262,0.00012238137222698962,Normal
11263,0.00022832305192297585,Normal
11264,0.000217986603352118,Normal
11265,0.0003499496504619648,Normal
11266,0.0003431650011792808,Normal
11267,0.0003373738894591386,Normal
11268,0.0002999544143759785,Normal
11269,0.00027244949356507446,Normal
11270,0.0002575666163302258,Normal
11271,0.0003242697996784535,Normal
11272,0.00046749275699673403,Normal
11273,0.0003125613333807009,Normal
11274,0.000326503372605512,Normal
11275,0.00022375984275210754,Normal
11276,0.00020303991038802218,Normal
11277,0.00018453248490188292,Normal
11278,0.000262636618140032,Normal
11279,0.00024907388831876625,Normal
11280,0.00023583951319368213,Normal
11281,0.00018259519687245234,Normal
11282,9.912212842945471e-05,Normal
11283,9.543351382980847e-05,Normal
11284,9.431456832416174e-05,Normal
11285,0.00016115027177202138,Normal
11286,0.0001443848692720263,Normal
11287,0.00015373876651508404,Normal
11288,8.921220680289726e-05,Normal
11289,7.861486851426257e-05,Normal
11290,7.349493069825624e-05,Normal
11291,0.00012972658659659995,Normal
11292,0.00012514743498735886,Normal
11293,0.00011398756957285426,Normal
11294,0.00011792788360173061,Normal
11295,7.38441074250662e-05,Normal
11296,6.562208345144923e-05,Normal
11297,7.516568667702896e-05,Normal
11298,6.984798743881908e-05,Normal
11299,5.8324625797821914e-05,Normal
11300,6.550282887025845e-05,Normal
11301,2.8083767891519196e-05,Normal
11302,2.4514511959439505e-05,Normal
11303,4.5454844797554986e-05,Normal
11304,4.375650551854882e-05,Normal
11305,0.0001982306211682784,Normal
11306,0.00022730920558251166,Normal
11307,0.00028865334917918854,Normal
11308,0.0002795229616260885,Normal
11309,0.00036820834623206073,Normal
11310,0.0003499232115442683,Normal
11311,0.00043288358720743725,Normal
11312,0.000435426449202966,Normal
11313,0.29602769846187116,Anomaly
11314,0.28509316615463803,Anomaly
11315,0.29244652401861243,Anomaly
11316,0.2947484861295871,Anomaly
11317,0.29594274090385364,Anomaly
11318,0.2950552810525873,Anomaly
11319,0.29326241563592115,Anomaly
11320,0.29281208503169653,Anomaly
11321,0.2834994299459973,Anomaly
11322,0.2793567675344756,Anomaly
11323,0.0006574184348604416,Normal
11324,0.0006179226952149456,Normal
11325,0.0005987501903327002,Normal
11326,0.0005791845144012761,Normal
11327,0.0005733711430301461,Normal
11328,0.000525693438877247,Normal
11329,0.0005816681941704209,Normal
11330,0.00011248207276908775,Normal
11331,0.00010857552457232763,Normal
11332,9.936116520447484e-05,Normal
11333,0.00023545167603881658,Normal
11334,0.0002188066990268216,Normal
11335,0.00021460144015217228,Normal
11336,0.0002805431161089643,Normal
11337,0.0002632083528357787,Normal
11338,0.0002500066670715043,Normal
11339,0.000356262003772713,Normal
11340,0.00031072764277226197,Normal
11341,0.0002813330204267328,Normal
11342,0.00040561661436051616,Normal
11343,0.0002912825493848561,Normal
11344,0.00026584012213818166,Normal
11345,0.0004079888825232235,Normal
11346,0.00032965094840192656,Normal
11347,0.00030054764012301023,Normal
11348,0.00040343431145561557,Normal
11349,0.0002990051441311723,Normal
11350,0.0002711688681348859,Normal
11351,0.00041842511400079556,Normal
11352,0.00032498226300207067,Normal
11353,0.000295605690037135,Normal
11354,0.00041245796618854386,Normal
11355,0.0002998029316971981,Normal
11356,0.00029699647878039554,Normal
11357,0.00029938835952125417,Normal
11358,0.00022170104395681828,Normal
11359,0.00024348533794042704,Normal
11360,0.0002565894783097515,Normal
11361,0.00015107961107500254,Normal
11362,0.00021184558719986745,Normal
11363,0.00022108733060543492,Normal
11364,0.00013623661136505987,Normal
11365,0.00013257429604337552,Normal
11366,0.00022910940331136785,Normal
11367,0.0003550107571656763,Normal
11368,0.0003525184902567792,Normal
11369,0.0007678664532347581,Normal
11370,0.0007416725313492098,Normal
11371,0.0007400982902812296,Normal
11372,0.0007787000598275997,Normal
11373,0.0007306310990960341,Normal
11374,0.0007023635376060013,Normal
11375,0.0006672784673785218,Normal
11376,0.0006895310392734948,Normal
11377,0.0005358176635853917,Normal
11378,0.00055993891329797,Normal
11379,0.00019298550830970938,Normal
11380,0.00027802101862282473,Normal
11381,0.00029015788245434,Normal
11382,0.00018956739145347792,Normal
11383,0.0001838664036239939,Normal
11384,0.0001721428333247755,Normal
11385,0.00017710330473723362,Normal
11386,0.00010811310841341247,Normal
11387,0.00013755192644266114,Normal
11388,0.00011773661110982446,Normal
11389,0.00012824971849823965,Normal
11390,5.287723147727126e-05,Normal
11391,0.00018662347561536176,Normal
11392,0.00017576743968270652,Normal
11393,0.0002693477345322045,Normal
11394,0.00025379490854608163,Normal
11395,0.0003630950926827511,Normal
11396,0.00036082393860853846,Normal
11397,0.00031228042985954695,Normal
11398,0.0004409836638784788,Normal
11399,0.00040390628630714834,Normal
11400,0.00040975529759090584,Normal
11401,0.00037334663669681646,Normal
11402,0.0003798806721888438,Normal
11403,0.00028433737559711755,Normal
11404,0.00040269989287390444,Normal
11405,0.00031313375495825243,Normal
11406,0.0002925850939537188,Normal
11407,0.0002982109171873763,Normal
11408,0.00023266795656738705,Normal
11409,0.00021012744565689109,Normal
11410,0.00020767157776566185,Normal
11411,0.0001358830080733088,Normal
11412,0.0002540435740532766,Normal
11413,0.0002569491941042921,Normal
11414,0.0001759342655408542,Normal
11415,0.00026873316728395807,Normal
11416,0.0002465834167080822,Normal
11417,0.00024675433799749627,Normal
11418,0.00020284968326115947,Normal
11419,0.0003076535976564989,Normal
11420,0.00028195680442913136,Normal
11421,0.0002887410728626756,Normal
11422,0.00018536372368023506,Normal
11423,0.0002736578445197811,Normal
11424,0.00028820224240486174,Normal
11425,0.00020535526618406562,Normal
11426,0.00019872849575323245,Normal
11427,0.00028876448593294845,Normal
11428,0.0003150504854405384,Normal
11429,0.00021715345295690832,Normal
11430,0.0002078736310097592,Normal
11431,0.00024832973279104484,Normal
11432,0.0002527256360215063,Normal
11433,0.000164274717956277,Normal
11434,0.00015204240810863523,Normal
11435,0.00027428744316185895,Normal
11436,0.00027876466183903294,Normal
11437,0.00019637791659590271,Normal
11438,0.00018363291934699264,Normal
11439,0.00029624916179471765,Normal
11440,0.0003039893312565343,Normal
11441,0.0002429315942893744,Normal
11442,0.0002360750512257537,Normal
11443,0.00028309826381016357,Normal
11444,0.00029630259778493556,Normal
11445,0.00018087564324331494,Normal
11446,0.00017458218495733905,Normal
11447,0.00018072985350598371,Normal
11448,0.0001891054806679733,Normal
11449,0.00013711463310924418,Normal
11450,0.00013238533840844493,Normal
11451,0.00011419483971335037,Normal
11452,0.00011835607626407606,Normal
11453,0.00018321515313377172,Normal
11454,0.00018111674862087928,Normal
11455,0.00016334472286569702,Normal
11456,0.00016660977033585082,Normal
11457,0.00013284828493636113,Normal
11458,0.00018981598346526303,Normal
11459,0.0001488083723989317,Normal
11460,0.00014081011005167166,Normal
11461,0.00012124261747418267,Normal
11462,0.0001245770971351652,Normal
11463,5.0412707537832655e-05,Normal
11464,4.179145571766291e-05,Normal
11465,0.00022767716479257902,Normal
11466,0.0002176076130771858,Normal
11467,0.00022677734937617721,Normal
11468,0.0001926797342154653,Normal
11469,0.00018110101694266312,Normal
11470,0.00016926074680875014,Normal
11471,0.00015035171423682844,Normal
11472,0.00025063289066969054,Normal
11473,0.00022694905885694785,Normal
11474,0.000241826791585565,Normal
11475,0.00011208772128712447,Normal
11476,0.0001040078744735896,Normal
11477,9.529925954785488e-05,Normal
11478,8.20162081058258e-05,Normal
11479,0.00020581042586321121,Normal
11480,0.00018996129665992486,Normal
11481,0.00020187559022052357,Normal
11482,0.0001337984309874508,Normal
11483,0.00012438134937397928,Normal
11484,0.00011460201375497086,Normal
11485,9.942697661221512e-05,Normal
11486,0.0002299762786095773,Normal
11487,0.00021168217135159175,Normal
11488,0.0002244083093750631,Normal
11489,0.00014051736068788486,Normal
11490,0.00013113293580029067,Normal
11491,0.00030795813077836,Normal
11492,0.0002902142281153894,Normal
11493,0.0002839125809844615,Normal
11494,0.00026041489093284317,Normal
11495,0.0002688894133175533,Normal
11496,0.00016822010341465446,Normal
11497,0.00022606867258739144,Normal
11498,0.0004211147798109935,Normal
11499,0.00039623469500379505,Normal
11500,0.00041404047788219265,Normal
11501,0.0002738900418973,Normal
11502,0.0002893707112895936,Normal
11503,0.00027092053355906825,Normal
11504,0.00024183000904409146,Normal
11505,0.00022551549467009972,Normal
11506,0.00020454751137163207,Normal
11507,0.00016825421936555627,Normal
11508,2.9576961959267918e-05,Normal
11509,0.00015299177164151647,Normal
11510,0.00014426886718710413,Normal
11511,0.00015185138870527055,Normal
11512,0.00013045528320872798,Normal
11513,0.00012137750307199984,Normal
11514,0.00011190708966849875,Normal
11515,9.708945702866241e-05,Normal
11516,0.0002176558859360061,Normal
11517,0.00019936494750522998,Normal
11518,0.0002122705246959593,Normal
11519,0.0001304552365780631,Normal
11520,0.00012137750307199984,Normal
11521,0.00011190708966849875,Normal
11522,9.708945702866241e-05,Normal
11523,0.0002176558859360061,Normal
11524,0.00019936494750522998,Normal
11525,0.00021227068457617304,Normal
11526,0.000131686817840697,Normal
11527,0.00012254341033855905,Normal
11528,0.0001129968223758927,Normal
11529,0.00021177830971888515,Normal
11530,0.00039622467505695926,Normal
11531,0.00045244486601025296,Normal
11532,0.00046909974710617586,Normal
11533,0.0003721950881838982,Normal
11534,0.00034777694368217694,Normal
11535,0.00032003900983054647,Normal
11536,0.00028931330517411897,Normal
11537,0.000297729237010805,Normal
11538,0.0003141088267787107,Normal
11539,0.00023842072907131817,Normal
11540,0.00012356445320083303,Normal
11541,7.774526474313655e-05,Normal
11542,6.742374316550058e-05,Normal
11543,5.698502125767022e-05,Normal
11544,4.601583476309607e-05,Normal
11545,9.216617229635506e-05,Normal
11546,8.869444064012254e-05,Normal
11547,8.046884839487203e-05,Normal
11548,6.264052348893654e-05,Normal
11549,5.715921038153605e-05,Normal
11550,7.464635957565937e-05,Normal
11551,6.491772502004777e-05,Normal
11552,6.148129492586094e-05,Normal
11553,4.9119290457902584e-05,Normal
11554,5.433930203320641e-05,Normal
11555,2.6063133126991596e-05,Normal
11556,2.0680715866568286e-05,Normal
11557,1.8855691391087745e-05,Normal
11558,1.2186460651426121e-05,Normal
11559,1.7126415992505676e-05,Normal
11560,1.190643805496348e-05,Normal
11561,1.190643805496348e-05,Normal
11562,0.00017071619918001245,Normal
11563,0.0001703369178498915,Normal
11564,0.00016694929758672924,Normal
11565,0.0001623380407254059,Normal
11566,0.00015189023149371502,Normal
11567,0.00014133945900866827,Normal
11568,0.00012435870875321094,Normal
11569,0.00011976397530185626,Normal
11570,9.895533123144549e-05,Normal
11571,0.0005825345638678079,Normal
11572,0.000473889629065731,Normal
11573,0.00046642774871144186,Normal
11574,0.00045867554996926985,Normal
11575,0.00043858934149400703,Normal
11576,0.0004211211821071546,Normal
11577,0.0003895624720854039,Normal
11578,0.0003831635028240123,Normal
11579,0.00034527987782889344,Normal
11580,0.00043600438847509637,Normal
11581,8.78912728166464e-05,Normal
11582,8.594822301263943e-05,Normal
11583,8.260310955364932e-05,Normal
11584,7.5881356391987e-05,Normal
11585,6.76690893448855e-05,Normal
11586,5.6335250886259964e-05,Normal
11587,5.1336266202027474e-05,Normal
11588,3.833827096972888e-05,Normal
11589,4.2459894046842094e-05,Normal
11590,0.0001375657463889415,Normal
11591,0.00013741816678962407,Normal
11592,0.0001345389256496306,Normal
11593,0.00013045528320872798,Normal
11594,0.00012137750307199984,Normal
11595,0.00011190708966849875,Normal
11596,9.708945702866241e-05,Normal
11597,9.292794327006751e-05,Normal
11598,7.482267727649007e-05,Normal
11599,8.238426189094925e-05,Normal
11600,0.00015829780235258393,Normal
11601,0.00015792835725745848,Normal
11602,0.00015472853994937612,Normal
11603,0.000150308560359209,Normal
11604,0.0001403626314004159,Normal
11605,0.00013013384605286936,Normal
11606,0.00011394998388750135,Normal
11607,0.00010950855936258962,Normal
11608,8.969453596427287e-05,Normal
11609,0.00022945311991502153,Normal
11610,0.0001378783000547643,Normal
11611,0.00013500763551523018,Normal
11612,0.00013087738027953844,Normal
11613,0.00012176560594737674,Normal
11614,0.00011210265385062157,Normal
11615,9.71869254662369e-05,Normal
11616,9.273351358919051e-05,Normal
11617,7.46164129800936e-05,Normal
11618,8.175776002521412e-05,Normal
11619,0.0001283808330933374,Normal
11620,0.00012865036109875044,Normal
11621,0.0001259291203135598,Normal
11622,0.00012195839925895766,Normal
11623,0.00011325721618866966,Normal
11624,0.00010396053943562123,Normal
11625,8.969025089395328e-05,Normal
11626,8.537673406193959e-05,Normal
11627,6.80723755117442e-05,Normal
11628,7.498548628654495e-05,Normal
11629,0.0001541325164064651,Normal
11630,0.0001543634849616779,Normal
11631,0.00015123415205324595,Normal
11632,0.00014683116011744718,Normal
11633,0.00013712141602984618,Normal
11634,0.00012684224867601294,Normal
11635,0.00011080645655995141,Normal
11636,0.00010611227605153385,Normal
11637,8.657738292289365e-05,Normal
11638,9.409448543520925e-05,Normal
11639,0.0001018754375821862,Normal
11640,0.0001144923161104279,Normal
11641,0.00011229689015968981,Normal
11642,0.0001081038372223747,Normal
11643,0.00011310625495952181,Normal
11644,0.00010194838183972773,Normal
11645,8.765572732915186e-05,Normal
11646,7.862114930435285e-05,Normal
11647,6.213879871687136e-05,Normal
11648,6.129218242521168e-05,Normal
11649,1.602426556666268e-05,Normal
11650,5.127554070433777e-05,Normal
11651,4.667328886736311e-05,Normal
11652,5.0308044252532005e-05,Normal
11653,4.626443846920429e-05,Normal
11654,4.193201293269331e-05,Normal
11655,3.700726595134908e-05,Normal
11656,2.978257542190316e-05,Normal
11657,2.7426994177159733e-05,Normal
11658,1.856229415940598e-05,Normal
11659,2.4529536218350533e-05,Normal
11660,1.2125678403804365e-05,Normal
11661,1.2108976836311999e-05,Normal
11662,1.2070524119126242e-05,Normal
11663,1.2001665414725998e-05,Normal
11664,0.00013589376152415758,Normal
11665,0.00013541415394241192,Normal
11666,0.00013253187606684471,Normal
11667,0.00012834109736968802,Normal
11668,0.00011958692211289398,Normal
11669,0.00011025078265785761,Normal
11670,9.556252997096432e-05,Normal
11671,9.142867876879243e-05,Normal
11672,7.348577900816534e-05,Normal
11673,0.00021260576068078663,Normal
11674,0.0001408268404535627,Normal
11675,0.000138004119771884,Normal
11676,0.00013362083099967718,Normal
11677,0.00012439442113077966,Normal
11678,0.0001137937558608214,Normal
11679,9.922917297118755e-05,Normal
11680,9.336655331310696e-05,Normal
11681,7.51888214565749e-05,Normal
11682,0.0001847090890300277,Normal
11683,0.00011090951213290979,Normal
11684,0.00024122160948699005,Normal
11685,0.00023681992383320192,Normal
11686,0.00022546843663048187,Normal
11687,0.00021260057847125252,Normal
11688,0.00019134829072643363,Normal
11689,0.00017820732684246108,Normal
11690,0.00014934097978750824,Normal
11691,0.00015449521916722928,Normal
11692,8.030709207840483e-05,Normal
11693,0.0002623103550647112,Normal
11694,0.00017911056189484493,Normal
11695,0.00017559952830646346,Normal
11696,0.00017083775798371184,Normal
11697,0.00016003754844654282,Normal
11698,0.0001489995041802478,Normal
11699,0.00013145704482225973,Normal
11700,0.00012661623532344223,Normal
11701,0.00010517139352153053,Normal
11702,0.00011346938973117681,Normal
11703,0.0001020192447473531,Normal
11704,0.00010190561802403495,Normal
11705,9.962214967054826e-05,Normal
11706,9.618630403749809e-05,Normal
11707,8.8766286754558e-05,Normal
11708,8.07612066609277e-05,Normal
11709,6.855212548627193e-05,Normal
11710,6.490605138603077e-05,Normal
11711,5.014157525706218e-05,Normal
11712,5.665208893716416e-05,Normal
11713,1.1940703862461622e-05,Normal
11714,0.0001369417609003546,Normal
11715,0.00013658834192332,Normal
11716,0.00013370485670120884,Normal
11717,0.00012961889451081011,Normal
11718,0.0001205290148568789,Normal
11719,0.0001110604212551932,Normal
11720,9.626644861754023e-05,Normal
11721,9.205493942517202e-05,Normal
11722,7.408829954678804e-05,Normal
11723,0.00015408857375681347,Normal
11724,9.259481633284201e-05,Normal
11725,9.085319826362709e-05,Normal
11726,8.706561660174206e-05,Normal
11727,8.054448493706305e-05,Normal
11728,7.079928746760928e-05,Normal
11729,5.9139873244853114e-05,Normal
11730,5.1511470737550464e-05,Normal
11731,3.8809431930468863e-05,Normal
11732,3.940975085875031e-05,Normal
11733,1.2585742207288893e-05,Normal
11734,0.0004637293575799801,Normal
11735,0.00046318864877575806,Normal
11736,0.0004559314044074762,Normal
11737,0.0004482662962379886,Normal
11738,0.00042853471193306827,Normal
11739,0.0004110951529649988,Normal
11740,0.0003799592056349634,Normal
11741,0.00037358653725433723,Normal
11742,0.0003399793715873266,Normal
11743,0.00047875628097258466,Normal
11744,0.0001347209335892353,Normal
11745,0.0001314441462531663,Normal
11746,0.00012695658739609157,Normal
11747,0.00011668394431903767,Normal
11748,0.00010640689457008989,Normal
11749,9.089146865063597e-05,Normal
11750,8.472784785216583e-05,Normal
11751,6.869922745635807e-05,Normal
11752,7.646281080589532e-05,Normal
11753,0.00011865155897044668,Normal
11754,0.00011855140240838904,Normal
11755,0.00011598414086358712,Normal
11756,0.00011222549364313478,Normal
11757,0.00010410225565743791,Normal
11758,9.535349808302145e-05,Normal
11759,8.184952550062577e-05,Normal
11760,7.789972768437194e-05,Normal
11761,6.146578889157501e-05,Normal
11762,6.842146410857185e-05,Normal
11763,0.00015019032195928537,Normal
11764,0.00015007515459668797,Normal
11765,0.00014693171268297372,Normal
11766,0.00014273552397116415,Normal
11767,0.0001331386795878031,Normal
11768,0.0001231007035189651,Normal
11769,0.00010739021655816185,Normal
11770,0.00010290726522617724,Normal
11771,8.373772388660287e-05,Normal
11772,9.138948592310853e-05,Normal
11773,0.00014533224082728945,Normal
11774,0.00014527390215017617,Normal
11775,0.0001422779028964429,Normal
11776,0.0001380424764346426,Normal
11777,0.0001286186344793841,Normal
11778,0.00011876137954535625,Normal
11779,0.00010337585771845767,Normal
11780,9.895978954941998e-05,Normal
11781,8.019703683984875e-05,Normal
11782,8.773331994222231e-05,Normal
11783,3.435588110227958e-05,Normal
11784,3.4284540206883186e-05,Normal
11785,3.3392349659028316e-05,Normal
11786,3.18484979506356e-05,Normal
11787,6.850824233900752e-05,Normal
11788,6.951127453905705e-05,Normal
11789,6.265520126801617e-05,Normal
11790,5.876174675698057e-05,Normal
11791,4.782590949121294e-05,Normal
11792,4.8052389607630195e-05,Normal
11793,3.336598585313688e-05,Normal
11794,2.876401518482043e-05,Normal
11795,1.94078479373479e-05,Normal
11796,2.2453028809364064e-05,Normal
11797,0.00011101357599333409,Normal
11798,0.00012083699341502316,Normal
11799,0.00011853072045215024,Normal
11800,0.00011418328069757548,Normal
11801,0.00010612429178811939,Normal
11802,9.532414434439075e-05,Normal
11803,8.132570100599621e-05,Normal
11804,7.370939186494869e-05,Normal
11805,5.806080708565851e-05,Normal
11806,5.953910228672235e-05,Normal
11807,9.9492729343823e-05,Normal
11808,9.80099768593689e-05,Normal
11809,9.57803361470093e-05,Normal
11810,9.234425545683354e-05,Normal
11811,8.522733586836126e-05,Normal
11812,7.740404959712867e-05,Normal
11813,6.548675916064989e-05,Normal
11814,6.183858819343494e-05,Normal
11815,4.748628314289726e-05,Normal
11816,5.377941451815698e-05,Normal
11817,0.00016749430285075518,Normal
11818,0.00016752761439850099,Normal
11819,0.0001641934536273553,Normal
11820,0.00015959476241192053,Normal
11821,0.00014924850334644522,Normal
11822,0.00013855167339360173,Normal
11823,0.00012170785759663558,Normal
11824,0.00011693002259710157,Normal
11825,9.637579156877153e-05,Normal
11826,0.00010431271769971739,Normal
11827,0.0001093087965860796,Normal
11828,0.00010933658320968428,Normal
11829,0.00010692964821069891,Normal
11830,0.00010333672570564108,Normal
11831,9.55453598087925e-05,Normal
11832,8.715786757689867e-05,Normal
11833,7.434856509214849e-05,Normal
11834,7.050021171174669e-05,Normal
11835,5.499361044571748e-05,Normal
11836,6.16095743682604e-05,Normal
11837,0.00012754633465576277,Normal
11838,0.00012728702050772778,Normal
11839,0.00012457132989160776,Normal
11840,0.00012066339415282353,Normal
11841,0.00011203711475325433,Normal
11842,0.00010296822209713229,Normal
11843,8.886150634757727e-05,Normal
11844,8.485359659911106e-05,Normal
11845,6.764230157071984e-05,Normal
11846,7.72287483417575e-05,Normal
11847,4.444547326576989e-05,Normal
11848,4.416236424020828e-05,Normal
11849,4.279129414540379e-05,Normal
11850,4.059095502797557e-05,Normal
11851,3.608498411646089e-05,Normal
11852,4.9373074906434296e-05,Normal
11853,0.00011590539699077758,Normal
11854,0.00040270876044274913,Normal
11855,0.0003950823511973234,Normal
11856,0.00039878381091842913,Normal
11857,0.00036824038739051163,Normal
11858,0.0003415973630446267,Normal
11859,0.0003172699955709657,Normal
11860,0.00028193090603346224,Normal
11861,0.0002666376375940505,Normal
11862,0.0002393588552507087,Normal
11863,0.00021036977695598297,Normal
11864,0.00011255660679991321,Normal
11865,0.00011256646339268724,Normal
11866,0.0001101006855289061,Normal
11867,0.00010645430008274204,Normal
11868,9.851065181592554e-05,Normal
11869,9.012803171241941e-05,Normal
11870,7.707961743497764e-05,Normal
11871,7.324186320727333e-05,Normal
11872,5.7394283903750836e-05,Normal
11873,6.420523944901247e-05,Normal
11874,0.00013772682445748824,Normal
11875,0.00013757414168243923,Normal
11876,0.00013468250217064587,Normal
11877,0.00013050618688845172,Normal
11878,0.00012153252891452925,Normal
11879,0.00011199820357377276,Normal
11880,9.713094981583884e-05,Normal
11881,9.282395444031334e-05,Normal
11882,7.471225287107266e-05,Normal
11883,8.206381260283661e-05,Normal
11884,4.872386080934489e-05,Normal
11885,4.8606038044212076e-05,Normal
11886,4.735646788416e-05,Normal
11887,4.528363443715419e-05,Normal
11888,7.257971402813094e-05,Normal
11889,6.758319369809065e-05,Normal
11890,5.892585914342959e-05,Normal
11891,5.513683192757375e-05,Normal
11892,4.2745079577758355e-05,Normal
11893,6.894962350042367e-05,Normal
11894,4.7281823820667917e-05,Normal
11895,4.448446209970509e-05,Normal
11896,3.5159974144843506e-05,Normal
11897,3.918709129105515e-05,Normal
11898,3.215383248975519e-05,Normal
11899,2.681321382114215e-05,Normal
11900,2.4750313721025932e-05,Normal
11901,1.7694046971384485e-05,Normal
11902,2.1686619112676153e-05,Normal
11903,1.533933399091487e-05,Normal
11904,4.513946170945008e-05,Normal
11905,4.414349285484361e-05,Normal
11906,3.9936687775025746e-05,Normal
11907,4.137121275840694e-05,Normal
11908,3.7206204329707873e-05,Normal
11909,7.79492777486568e-05,Normal
11910,0.0001530217556015695,Normal
11911,0.00015071232630124812,Normal
11912,0.00013843775801759798,Normal
11913,0.0001416565340714409,Normal
11914,0.00011424489574288305,Normal
11915,0.0001619653869732734,Normal
11916,0.00014506068300733932,Normal
11917,0.00013296577019041166,Normal
11918,0.00012259958690609491,Normal
11919,0.00010763696411544951,Normal
11920,5.6092358950285515e-05,Normal
11921,0.00017036472244655245,Normal
11922,0.00016825983111016358,Normal
11923,0.0001543178473856517,Normal
11924,0.00016172811796788764,Normal
11925,0.00012165660951191436,Normal
11926,0.00011210253997429606,Normal
11927,0.00024150974097666712,Normal
11928,0.00023878289617314794,Normal
11929,0.00021766938794576203,Normal
11930,0.00022888229926447973,Normal
11931,0.00014149722731525465,Normal
11932,0.00013117977397648377,Normal
11933,0.0001524174127384511,Normal
11934,0.00014831762983354567,Normal
11935,0.00012708731470633566,Normal
11936,0.0001369068399362668,Normal
11937,4.2700588301109726e-05,Normal
11938,0.00012989640347219744,Normal
11939,0.00012154126655388871,Normal
11940,0.0001174282209500711,Normal
11941,0.00010549084447219963,Normal
11942,0.00010809084199919497,Normal
11943,0.00012029024874146749,Normal
11944,0.00010693760961240511,Normal
11945,0.00010265387451897164,Normal
11946,8.592740747451132e-05,Normal
11947,9.225793854171435e-05,Normal
11948,0.0001640652655768588,Normal
11949,0.00015579909425708557,Normal
11950,0.00015125838105821526,Normal
11951,0.00013891090150811345,Normal
11952,0.00014065098745917463,Normal
11953,0.00011362080380114396,Normal
11954,0.00021886230296141036,Normal
11955,0.0002194346723409052,Normal
11956,0.00019848169346557172,Normal
11957,0.00020986639568811163,Normal
11958,0.00012194838259670176,Normal
11959,0.00011143931117684929,Normal
11960,0.00019836268795380536,Normal
11961,0.0003181750034561971,Normal
11962,0.0003036869824621666,Normal
11963,0.00031352667802934454,Normal
11964,0.00022744862881785656,Normal
11965,0.00020624255915260565,Normal
11966,0.00018714245203924827,Normal
11967,0.0002687717906252109,Normal
11968,0.0002538430600252942,Normal
11969,0.00023971842979259272,Normal
11970,0.00018529162847367753,Normal
11971,0.00010301680979469871,Normal
11972,9.444786635697093e-05,Normal
11973,0.0002043062881394555,Normal
11974,0.0002197094364064321,Normal
11975,0.00020119655272165068,Normal
11976,0.00021185629499382268,Normal
11977,0.00013857514506231271,Normal
11978,0.00012514282517751173,Normal
11979,0.00017224185006535893,Normal
11980,0.00017916097761196633,Normal
11981,0.0001617482063856716,Normal
11982,0.0001629947754340806,Normal
11983,8.688239978260964e-05,Normal
11984,7.145954393582659e-05,Normal
11985,0.00012516650694460632,Normal
11986,0.00011613540830546513,Normal
11987,0.00010343953751296806,Normal
11988,0.00010308945281539286,Normal
11989,7.142281319970608e-05,Normal
11990,5.99289441627755e-05,Normal
11991,0.00017184079275558455,Normal
11992,0.000169619806955799,Normal
11993,0.00015518200207873963,Normal
11994,0.00016301636654864326,Normal
11995,0.00011977417053426846,Normal
11996,0.00011034146712466206,Normal
11997,0.00025327504115968326,Normal
11998,0.0002509567462932427,Normal
11999,0.0002297827493609818,Normal
12000,0.00024135993932931812,Normal
12001,0.00015420113226938435,Normal
12002,0.000143324510073137,Normal
12003,0.00020602436530173414,Normal
12004,0.00020252653310051893,Normal
12005,0.0001793048816785423,Normal
12006,0.00019080567745540807,Normal
12007,8.171256227589421e-05,Normal
12008,7.413676781675631e-05,Normal
12009,0.00018155483877321655,Normal
12010,0.00017916701352317004,Normal
12011,0.0001630779324540557,Normal
12012,0.00017152065195685098,Normal
12013,0.00011727726378466397,Normal
12014,0.0001079341132789082,Normal
12015,0.00018368535703473034,Normal
12016,0.00018037691809049325,Normal
12017,0.00016051112404082005,Normal
12018,0.00017060380821177576,Normal
12019,9.07645312264296e-05,Normal
12020,0.0002552897872198861,Normal
12021,0.0002409739154578065,Normal
12022,0.0002351962285913098,Normal
12023,0.00021632260350881028,Normal
12024,0.00022164214940495838,Normal
12025,0.00015481346490924658,Normal
12026,0.000259341208304782,Normal
12027,0.00025618917925922995,Normal
12028,0.00023103764992412045,Normal
12029,0.0002446090297883917,Normal
12030,0.00012137737561765033,Normal
12031,0.00011190728650249587,Normal
12032,0.00022007944957868215,Normal
12033,0.00021725183828886474,Normal
12034,0.00019635115302631215,Normal
12035,0.00020765145634122525,Normal
12036,0.00012137750307199984,Normal
12037,0.00011190708966849875,Normal
12038,0.00022007944957868215,Normal
12039,0.00023601200492345272,Normal
12040,0.00021545260370350386,Normal
12041,0.00022729392601149382,Normal
12042,0.00013930724678297565,Normal
12043,0.00012576209421744813,Normal
12044,0.00020647989855697332,Normal
12045,0.00019603021042978352,Normal
12046,0.0001775252861952098,Normal
12047,0.00017888314948778108,Normal
12048,0.00010223386740094498,Normal
12049,8.783239682008558e-05,Normal
12050,0.00020117232633977514,Normal
12051,0.00029707270302105533,Normal
12052,0.00028127470276161163,Normal
12053,0.0002920452743396425,Normal
12054,0.00022131698124544784,Normal
12055,0.00020042611945385417,Normal
12056,0.00018180263613541722,Normal
12057,0.00021713133477039922,Normal
12058,0.00021680970987428288,Normal
12059,0.00020431600100110663,Normal
12060,0.00013426341467568154,Normal
12061,7.227428666808648e-05,Normal
12062,6.312199484005919e-05,Normal
12063,0.00019084977958368386,Normal
12064,0.00018257286909980177,Normal
12065,0.00016987806958141982,Normal
12066,0.00017063334052185754,Normal
12067,0.00013802070397619625,Normal
12068,0.00023203096619610849,Normal
12069,0.0002144095802563886,Normal
12070,0.00020879166629316298,Normal
12071,0.00018614539958553494,Normal
12072,0.00019472384538656937,Normal
12073,9.749799820275599e-05,Normal
12074,0.00012921348435537356,Normal
12075,0.00012588909843411737,Normal
12076,0.00010791671004748464,Normal
12077,0.00011683371040017187,Normal
12078,4.96687033146639e-05,Normal
12079,4.5076858322494276e-05,Normal
12080,8.867837952390824e-05,Normal
12081,8.63646551369156e-05,Normal
12082,7.488242788802432e-05,Normal
12083,8.114048755815692e-05,Normal
12084,5.518107294941487e-05,Normal
12085,4.962926573772293e-05,Normal
12086,5.418008119502443e-05,Normal
12087,7.034699713613056e-05,Normal
12088,5.963977219744853e-05,Normal
12089,6.663327885090548e-05,Normal
12090,3.9653670951923186e-05,Normal
12091,3.3497290543578984e-05,Normal
12092,8.87567819120839e-05,Normal
12093,0.00012824361065950208,Normal
12094,0.00012316276298151343,Normal
12095,0.00011752232536918635,Normal
12096,0.0001143214895635588,Normal
12097,9.519599267419837e-05,Normal
12098,8.238315771136052e-05,Normal
12099,0.00021303017579747007,Normal
12100,0.00020479261029792724,Normal
12101,0.00019990146106873614,Normal
12102,0.00017342234169622148,Normal
12103,0.00014047631056389164,Normal
12104,0.00012982057893746841,Normal
12105,0.00024391090597590008,Normal
12106,0.00032085413838567567,Normal
12107,0.0003000469126763133,Normal
12108,0.0003124602657806035,Normal
12109,0.00020830180306723192,Normal
12110,0.0001881781343772777,Normal
12111,0.00017016145512670648,Normal
12112,0.0003005697842049645,Normal
12113,0.0002880867077228222,Normal
12114,0.00027827153715582884,Normal
12115,0.00020216684582037383,Normal
12116,0.0001462009627381904,Normal
12117,0.00013571126077176554,Normal
12118,0.00021227711590426928,Normal
12119,0.00022171139084510601,Normal
12120,0.000199048768428761,Normal
12121,0.00021130306830274172,Normal
12122,0.00010592820729544827,Normal
12123,9.471447201149809e-05,Normal
12124,9.52408664621886e-05,Normal
12125,0.00014936012433894327,Normal
12126,0.0001354699041144872,Normal
12127,0.00013755444855165152,Normal
12128,8.421043772207892e-05,Normal
12129,7.246012245372676e-05,Normal
12130,6.5775003477597e-05,Normal
12131,0.00013231123209339518,Normal
12132,0.0001254297617240569,Normal
12133,0.00011568212560507783,Normal
12134,0.00011890126586788148,Normal
12135,7.976216904346454e-05,Normal
12136,7.447365868501273e-05,Normal
12137,0.0001675925729587359,Normal
12138,0.00016392738983741597,Normal
12139,0.00014920307683944446,Normal
12140,0.00015724042520646114,Normal
12141,0.0001049347677664218,Normal
12142,9.598837629385013e-05,Normal
12143,0.00019088124246406787,Normal
12144,0.00022018903221556136,Normal
12145,0.000203336133514643,Normal
12146,0.00021373586578465252,Normal
12147,0.00014006944755161224,Normal
12148,0.00012516135293178145,Normal
12149,0.00015183267500634804,Normal
12150,0.00016682581600618846,Normal
12151,0.0001526216173562672,Normal
12152,0.00014891364855386196,Normal
12153,8.647926818031603e-05,Normal
12154,6.355314732236132e-05,Normal
12155,0.00010133784573343346,Normal
12156,0.00010006364554032749,Normal
12157,9.041323919950335e-05,Normal
12158,8.613662540968029e-05,Normal
12159,6.995600022291724e-05,Normal
12160,5.164323634262415e-05,Normal
12161,7.0951744754049e-05,Normal
12162,6.428201653774937e-05,Normal
12163,5.3419582075841294e-05,Normal
12164,5.4795375983337366e-05,Normal
12165,3.507542199028056e-05,Normal
12166,5.9908224481061394e-05,Normal
12167,5.334509485699536e-05,Normal
12168,5.048820468098342e-05,Normal
12169,4.1314701214941416e-05,Normal
12170,4.475383505186704e-05,Normal
12171,3.083041539194617e-05,Normal
12172,0.00017779925790990396,Normal
12173,0.00017621441526762086,Normal
12174,0.00016561730563943912,Normal
12175,0.00017071306172199732,Normal
12176,0.00014805812212939854,Normal
12177,0.00013752155790056227,Normal
12178,0.00023614229714025945,Normal
12179,0.00023295106173353637,Normal
12180,0.00020957248850578145,Normal
12181,0.0002219937722735545,Normal
12182,0.00011451018188050473,Normal
12183,0.00010536479038191462,Normal
12184,0.0001845867930365784,Normal
12185,0.000181817478243174,Normal
12186,0.0001621148695480615,Normal
12187,0.0001724975899817679,Normal
12188,9.403617255423805e-05,Normal
12189,8.57232936527856e-05,Normal
12190,0.0001900501515275516,Normal
12191,0.00018728371076686559,Normal
12192,0.00016960377951706046,Normal
12193,0.00017893505850904455,Normal
12194,0.0001153221700207542,Normal
12195,0.00010617021852176494,Normal
12196,0.00021488010899794888,Normal
12197,0.0002121079247877012,Normal
12198,0.00019184171563629406,Normal
12199,0.0002028038333465247,Normal
12200,0.00012137750307199984,Normal
12201,0.00011190708966849875,Normal
12202,0.0002257117691730736,Normal
12203,0.00022292371970496504,Normal
12204,0.00020193713147209446,Normal
12205,0.00021333910122047842,Normal
12206,0.00012664724838659034,Normal
12207,0.00017845241648505972,Normal
12208,0.00020381852613960346,Normal
12209,0.0002007946453483852,Normal
12210,0.000177344181437483,Normal
12211,0.00018543711230130315,Normal
12212,9.229218393757245e-05,Normal
12213,7.964491490432762e-05,Normal
12214,0.00019037270620930708,Normal
12215,0.0001805573517522255,Normal
12216,0.00017602332162025745,Normal
12217,0.00014925984004736793,Normal
12218,0.00012045025329751747,Normal
12219,0.00011107684107853588,Normal
12220,0.00015425321031442164,Normal
12221,0.00015121200701500884,Normal
12222,0.0001315183902897387,Normal
12223,0.00014142503219175792,Normal
12224,6.144090652355602e-05,Normal
12225,5.494042436551072e-05,Normal
12226,0.00026990170362039645,Normal
12227,0.000268402875097861,Normal
12228,0.00025334140369273725,Normal
12229,0.000261570510585221,Normal
12230,0.00021621968863819147,Normal
12231,0.00020329490767955833,Normal
12232,0.0002440951754493034,Normal
12233,0.0002395667478123757,Normal
12234,0.00021171679381404009,Normal
12235,0.00022486536428132107,Normal
12236,6.51248351821675e-05,Normal
12237,7.066890197301979e-05,Normal
12238,0.00016657552564917094,Normal
12239,0.00016473351275161476,Normal
12240,0.00014963818333135198,Normal
12241,0.00015615581701873348,Normal
12242,0.00011187549774090632,Normal
12243,0.00010064669943719124,Normal
12244,0.00011983588620960975,Normal
12245,0.00011188328729780774,Normal
12246,9.767712275624359e-05,Normal
12247,0.0001037639635692987,Normal
12248,3.953958719765919e-05,Normal
12249,7.916568310615594e-05,Normal
12250,7.199021719860713e-05,Normal
12251,6.870540405972483e-05,Normal
12252,5.817773042488966e-05,Normal
12253,6.165578777745913e-05,Normal
12254,4.24632728460471e-05,Normal
12255,0.00011867401086227722,Normal
12256,0.00011621138594513775,Normal
12257,0.00010467115899144596,Normal
12258,0.0001107621922591374,Normal
12259,8.422913148451708e-05,Normal
12260,8.768962805245781e-05,Normal
12261,0.00015039918159585078,Normal
12262,0.0001479576290804802,Normal
12263,0.00013109205845926661,Normal
12264,0.00013807069078415195,Normal
12265,8.239546125256896e-05,Normal
12266,7.270890392096722e-05,Normal
12267,0.0001588865460989421,Normal
12268,0.00015241900359476223,Normal
12269,0.0001408913298218952,Normal
12270,0.0001465470249204515,Normal
12271,9.77984462174828e-05,Normal
12272,8.933658011171573e-05,Normal
12273,0.00023968474049143018,Normal
12274,0.0002381051550954113,Normal
12275,0.00021936552502052842,Normal
12276,0.00022962636109993834,Normal
12277,0.0001596336498539377,Normal
12278,0.00014837866481472943,Normal
12279,0.00023385600736432942,Normal
12280,0.0002298317644634998,Normal
12281,0.00020582705052709862,Normal
12282,0.0002176340041150768,Normal
12283,0.00010290949496230472,Normal
12284,9.444786635697093e-05,Normal
12285,0.000224589552354321,Normal
12286,0.00022302750660910682,Normal
12287,0.00020385557791966657,Normal
12288,0.00021444165947701225,Normal
12289,0.00014119773539320724,Normal
12290,0.000130577257437569,Normal
12291,0.00023614429300524662,Normal
12292,0.00023284950022241013,Normal
12293,0.00021026037254179186,Normal
12294,0.0002216185559594342,Normal
12295,0.00012072813208475683,Normal
12296,0.00011127306579539436,Normal
12297,0.00010156645462986907,Normal
12298,9.723885534477218e-05,Normal
12299,7.891271110812817e-05,Normal
12300,8.646507987533099e-05,Normal
12301,1.4976482455311479e-05,Normal
12302,0.00013486306120508062,Normal
12303,0.00013236338830774087,Normal
12304,0.00012903109732618592,Normal
12305,0.00012273959630667078,Normal
12306,0.00011758301892573365,Normal
12307,0.00010779186638642461,Normal
12308,0.00016689633109688554,Normal
12309,0.00016371404638106687,Normal
12310,0.00014407718659039114,Normal
12311,0.00015416709494998952,Normal
12312,7.547602771122434e-05,Normal
12313,0.00019305507009879323,Normal
12314,0.00018643222684137654,Normal
12315,0.00018167627932955715,Normal
12316,0.000164829210863919,Normal
12317,0.00016924009846348785,Normal
12318,0.00011567318537664902,Normal
12319,0.00020658576722583306,Normal
12320,0.00020057130822579003,Normal
12321,0.00018081870012919232,Normal
12322,0.000187502866090539,Normal
12323,0.00010641160350082178,Normal
12324,9.687327074348439e-05,Normal
12325,0.00023903873700920644,Normal
12326,0.0002366190356684603,Normal
12327,0.00021706485983918246,Normal
12328,0.00022760368563998402,Normal
12329,0.0001521082977379244,Normal
12330,0.00014137329902491307,Normal
12331,0.00022827841434176923,Normal
12332,0.00022488180751492392,Normal
12333,0.00020138457038242514,Normal
12334,0.0002135008398004647,Normal
12335,0.00010389984875802116,Normal
12336,9.524947388853583e-05,Normal
12337,0.00018885611947640763,Normal
12338,0.00018610365566418212,Normal
12339,0.00016737460852484843,Normal
12340,0.00017728430951416768,Normal
12341,0.00010636633337342345,Normal
12342,9.754205231030287e-05,Normal
12343,0.00019005736314090015,Normal
12344,0.0002013971998153303,Normal
12345,0.00018268175336720206,Normal
12346,0.0001931106520637662,Normal
12347,0.00011888929899609777,Normal
12348,0.00010683770667540185,Normal
12349,0.00017387814577297003,Normal
12350,0.00016504021442713578,Normal
12351,0.00014796293470625518,Normal
12352,0.00014997006961709624,Normal
12353,8.599463800863501e-05,Normal
12354,7.474199391432341e-05,Normal
12355,0.00017138110503500252,Normal
12356,0.00016868191637687145,Normal
12357,0.00015260624521549337,Normal
12358,0.00016106212298182707,Normal
12359,0.00010705056269050832,Normal
12360,9.826917540034059e-05,Normal
12361,0.0007140310261074739,Normal
12362,0.0007137250382038916,Normal
12363,0.0006882204673905829,Normal
12364,0.0007045310299018494,Normal
12365,0.0006049081919464447,Normal
12366,0.0005846238643686224,Normal
12367,0.0006031393997822257,Normal
12368,0.0005983929898098464,Normal
12369,0.0005494649396358666,Normal
12370,0.0005725945962043379,Normal
12371,6.22398603824378e-05,Normal
12372,0.00027299000257313325,Normal
12373,0.00026155226804039556,Normal
12374,0.00025559681859982277,Normal
12375,0.00023963850891712304,Normal
12376,0.0002422028191085859,Normal
12377,0.00035697548205675014,Normal
12378,0.0003337284202307879,Normal
12379,0.00032715813483948574,Normal
12380,0.00029736428767092863,Normal
12381,0.0003103085190224419,Normal
12382,0.00020285846045749856,Normal
12383,0.00018404063718077416,Normal
12384,0.00017869909542230145,Normal
12385,0.00015497701126501094,Normal
12386,0.00016452223215894944,Normal
12387,0.00020573610129911947,Normal
12388,0.00019490987075892956,Normal
12389,0.0001897150928764576,Normal
12390,0.00017476488723014888,Normal
12391,0.00017790019894387043,Normal
12392,0.00023112701212747293,Normal
12393,0.00021262348274690585,Normal
12394,0.00020701192641620552,Normal
12395,0.0001833691212649679,Normal
12396,0.00019265496125787338,Normal
12397,0.00020202372278735776,Normal
12398,0.0001877430762924482,Normal
12399,0.0001825050973139582,Normal
12400,0.00016397501834756496,Normal
12401,0.00016992162333832715,Normal
12402,0.00010456236598501965,Normal
12403,9.032679385184421e-05,Normal
12404,0.00012752611824514885,Normal
12405,0.00011030128116296288,Normal
12406,0.0001565128742733217,Normal
12407,0.00020479495764483334,Normal
12408,0.00020669218549625748,Normal
12409,0.000575196552751537,Normal
12410,0.0005670082260758104,Normal
12411,0.0006461159551045716,Normal
12412,0.0006207755001423523,Normal
12413,0.0007136618238908831,Normal
12414,0.0006509273765212076,Normal
12415,0.0007743969185328994,Normal
12416,0.0007507702792203796,Normal
12417,0.0006742991361101417,Normal
12418,0.0006866353578209194,Normal
12419,0.0005184878902402405,Normal
12420,0.0005195828565600412,Normal
12421,0.00040486213852049805,Normal
12422,0.0004346810492248043,Normal
12423,0.0003155604514412838,Normal
12424,0.0007114979300932436,Normal
12425,0.0005848093437557046,Normal
12426,0.0005950923665785946,Normal
12427,0.0005116765921408719,Normal
12428,0.0006508274861950732,Normal
12429,0.000503714082147878,Normal
12430,0.0006265908522058455,Normal
12431,0.000873781268377329,Anomaly
12432,0.000811770136870512,Anomaly
12433,0.000985903253059982,Anomaly
12434,0.0006790716776582744,Normal
12435,0.0007003800464588679,Normal
12436,0.0006628272012551757,Normal
12437,0.0007280254659681613,Normal
12438,0.0006010184643582849,Normal
12439,0.0005602648569736867,Normal
12440,0.0004421854277289385,Normal
12441,0.0003233622918963943,Normal
12442,0.0003234631204816402,Normal
12443,0.00019816746250378575,Normal
12444,0.00020027090380741056,Normal
12445,0.0001315273632847964,Normal
12446,0.00013485125160062728,Normal
12447,0.0001424674478189102,Normal
12448,0.00013945379912771481,Normal
12449,0.00012203031511256921,Normal
12450,0.00013094590599685316,Normal
12451,6.834209314193396e-05,Normal
12452,6.150240805778017e-05,Normal
12453,0.00026068988026363936,Normal
12454,0.00025891880617053963,Normal
12455,0.0002431418308411108,Normal
12456,0.0002521055841974824,Normal
12457,0.00020180000650141003,Normal
12458,0.00018950416868983826,Normal
12459,0.0009576781417370165,Anomaly
12460,0.0009581048541193685,Anomaly
12461,0.0009205102135336318,Anomaly
12462,0.0009742490617303097,Anomaly
12463,0.0008833560885241155,Anomaly
12464,0.001016133560838432,Anomaly
12465,0.0010787558695072223,Anomaly
12466,0.0012671721487045656,Anomaly
12467,0.0011988062372871203,Anomaly
12468,0.0012266510175053384,Anomaly
12469,0.0005704422907640986,Normal
12470,0.0005209235373650589,Normal
12471,0.0004786851510899063,Normal
12472,0.00041963111829561306,Normal
12473,0.00033060649074016584,Normal
12474,0.00021309695902515955,Normal
12475,0.0001428126945531135,Normal
12476,7.446223234360794e-05,Normal
12477,6.373298809586487e-05,Normal
12478,6.912177822508887e-05,Normal
12479,5.7978194501208975e-05,Normal
12480,5.2053496984297904e-05,Normal
12481,0.00015645686864292153,Normal
12482,0.00014620816988934304,Normal
12483,0.00014052704107147838,Normal
12484,0.00012841210269831196,Normal
12485,0.00013163147125575686,Normal
12486,9.902576117233864e-05,Normal
12487,0.000201985468592904,Normal
12488,0.00019918435961422087,Normal
12489,0.00017990128330873817,Normal
12490,0.0001903479218067727,Normal
12491,0.00011538590487624482,Normal
12492,0.00010617021852176494,Normal
12493,0.0002176817823537308,Normal
12494,0.00021492887588031307,Normal
12495,0.00019462039753239435,Normal
12496,0.00020563119373607675,Normal
12497,0.0001239969764636407,Normal
12498,0.00011441765444906277,Normal
12499,0.00017365385763593039,Normal
12500,0.00019871163610338526,Normal
12501,0.00017885922756046268,Normal
12502,0.00019008025117965102,Normal
12503,0.00010340430209814775,Normal
12504,9.098566934264182e-05,Normal
12505,7.798471007875601e-05,Normal
12506,0.033350165311667526,Anomaly
12507,0.03360444807106254,Anomaly
12508,0.0334671584155107,Anomaly
12509,0.03358178225265379,Anomaly
12510,0.0334845367194345,Anomaly
12511,0.033549588854255755,Anomaly
12512,0.03295196430380841,Anomaly
12513,0.033136607955400854,Anomaly
12514,0.03259882147218453,Anomaly
12515,0.03161543048408512,Anomaly
12516,0.0004073432876631496,Normal
12517,0.00040048509064151747,Normal
12518,0.0004778191215880974,Normal
12519,0.0005027990533107885,Normal
12520,0.0002163172866750873,Normal
12521,0.00021002048074473864,Normal
12522,0.00030597466993697366,Normal
12523,0.0003185319046354054,Normal
12524,0.0002163172866750873,Normal
12525,0.00021002048074473864,Normal
12526,0.0002764624932817367,Normal
12527,0.0002879226094182354,Normal
12528,0.00018734479884670858,Normal
12529,0.0001813173440015004,Normal
12530,0.00016117556727381156,Normal
12531,0.00016756892428175282,Normal
12532,7.791598297390468e-05,Normal
12533,7.38342958244218e-05,Normal
12534,0.00010323873002747231,Normal
12535,0.00011264687662640041,Normal
12536,5.62075740247465e-05,Normal
12537,5.327193109670924e-05,Normal
12538,6.855284706889444e-05,Normal
12539,6.631887764254453e-05,Normal
12540,5.669444623330436e-05,Normal
12541,5.292753856727205e-05,Normal
12542,0.00018149984770830248,Normal
12543,0.00019016185236759748,Normal
12544,0.00015770634672359406,Normal
12545,0.00015234766072198645,Normal
12546,0.000136425328617101,Normal
12547,0.0001344769707723075,Normal
12548,0.00011062208078214223,Normal
12549,0.00010623231566431535,Normal
12550,8.674359556244422e-05,Normal
12551,0.004950609845500711,Anomaly
12552,0.0049551829413550606,Anomaly
12553,0.004917076928387635,Anomaly
12554,0.005043567957205593,Anomaly
12555,0.0050468905241055195,Anomaly
12556,0.00511812814522859,Anomaly
12557,0.040587000497008724,Anomaly
12558,0.041131152920420196,Anomaly
12559,0.04063846631522183,Anomaly
12560,0.04076711874767133,Anomaly
12561,0.036428736540849646,Anomaly
12562,0.036355720520771156,Anomaly
12563,0.035901962811648244,Anomaly
12564,0.03577490369356691,Anomaly
12565,0.035196856707579875,Anomaly
12566,0.03379309559178996,Anomaly
12567,0.0003774738739186779,Normal
12568,0.0013215298881335837,Anomaly
12569,0.0012209208217140728,Anomaly
12570,0.004497943656811351,Anomaly
12571,0.004332963680205425,Anomaly
12572,0.004318982384642858,Anomaly
12573,0.004175339329614684,Anomaly
12574,0.004285423148248506,Anomaly
12575,0.0042711028441028785,Anomaly
12576,0.004202620056712134,Anomaly
12577,0.0044707351947468185,Anomaly
12578,0.003570271763070397,Anomaly
12579,0.0037361738092261884,Anomaly
12580,0.000997562646732884,Anomaly
12581,0.0010025734565264194,Anomaly
12582,0.0009708087697147866,Anomaly
12583,0.0008900312369812186,Anomaly
12584,0.0007232391353544186,Normal
12585,0.0006855895840235928,Normal
12586,0.0005504808429690943,Normal
12587,0.00043822904129185854,Normal
12588,0.0004510278779006441,Normal
12589,0.0003983011314771568,Normal
12590,0.0002435040734542288,Normal
12591,0.0002892488275053915,Normal
12592,0.0002646164777180111,Normal
12593,0.00024461080395612046,Normal
12594,0.0003985372123440684,Normal
12595,0.00032300780595565887,Normal
12596,0.00029424578435377025,Normal
12597,0.0004184075845023821,Normal
12598,0.00030725569614963906,Normal
12599,0.00028247257615901137,Normal
12600,0.0002808804207258746,Normal
12601,0.00021530431521969267,Normal
12602,0.0002859622923862365,Normal
12603,0.00029407974759379496,Normal
12604,0.0001810006798574065,Normal
12605,0.00016076067257827047,Normal
12606,0.00016791110606737767,Normal
12607,0.00020998257497430547,Normal
12608,0.00019521319735675297,Normal
12609,0.00018981665067654914,Normal
12610,0.00017077092510142832,Normal
12611,0.00017705636869929953,Normal
12612,0.00022766239890260838,Normal
12613,0.00021130586940201705,Normal
12614,0.00020574680233526282,Normal
12615,0.00018459590148439724,Normal
12616,0.0003218489315510734,Normal
12617,0.00023183906163196235,Normal
12618,0.0002125975407691826,Normal
12619,0.00020633428619073321,Normal
12620,0.00017990400229833594,Normal
12621,0.0003153139897953127,Normal
12622,0.00021963065320506448,Normal
12623,0.0002139805993593881,Normal
12624,0.00019231856814406228,Normal
12625,0.00020104237586979088,Normal
12626,0.0001126975029755953,Normal
12627,9.777358055259909e-05,Normal
12628,9.352188700183556e-05,Normal
12629,7.52894850845443e-05,Normal
12630,0.00020672697346610787,Normal
12631,0.00012972051259268943,Normal
12632,0.000126825813272073,Normal
12633,0.0001223639873127437,Normal
12634,0.00011439078419743741,Normal
12635,0.00022988660821807896,Normal
12636,0.00021366693198326936,Normal
12637,0.00020803125943159292,Normal
12638,0.00018714807766302688,Normal
12639,0.00019452717754230465,Normal
12640,0.00011190708966849875,Normal
12641,9.708945702866241e-05,Normal
12642,9.292794327006751e-05,Normal
12643,7.482267727649007e-05,Normal
12644,0.00021399793736983394,Normal
12645,0.00013741816678962407,Normal
12646,0.0001345389256496306,Normal
12647,0.00013045528320872798,Normal
12648,0.00012137750307199984,Normal
12649,0.00011190708966849875,Normal
12650,9.708945702866241e-05,Normal
12651,9.292794327006751e-05,Normal
12652,7.482267727649007e-05,Normal
12653,0.00021399793736983394,Normal
12654,0.00013741816678962407,Normal
12655,0.0001345389256496306,Normal
12656,0.00013045528320872798,Normal
12657,0.00012137750307199984,Normal
12658,0.00011190708966849875,Normal
12659,9.708945702866241e-05,Normal
12660,9.292794327006751e-05,Normal
12661,7.482267727649007e-05,Normal
12662,0.00021399793736983394,Normal
12663,0.00013741816678962407,Normal
12664,0.0001345389256496306,Normal
12665,0.00013045528320872798,Normal
12666,0.00012137750307199984,Normal
12667,0.0002363761899220538,Normal
12668,0.00021963065320506448,Normal
12669,0.0002139805993593881,Normal
12670,0.00019231847674345187,Normal
12671,0.00020011977292132315,Normal
12672,0.00011190708966849875,Normal
12673,9.708945702866241e-05,Normal
12674,0.00010644636917705289,Normal
12675,8.816364372543213e-05,Normal
12676,0.0003256894345713389,Normal
12677,0.000244055404775398,Normal
12678,0.0002370860745655341,Normal
12679,0.00022944570946822258,Normal
12680,0.00021569113962020977,Normal
12681,0.0002025860630506673,Normal
12682,0.00017737104697161966,Normal
12683,0.00017728540415488372,Normal
12684,0.00014821304410587521,Normal
12685,0.00015786915720016458,Normal
12686,0.00022974983923220246,Normal
12687,0.00022903484319690328,Normal
12688,0.0002231166147213348,Normal
12689,0.00022052321839297596,Normal
12690,0.0002075193205381411,Normal
12691,0.00019500199776368663,Normal
12692,0.00026228391118957516,Normal
12693,0.0002586325215185462,Normal
12694,0.0002308323123599916,Normal
12695,0.00024523200892905076,Normal
12696,8.940360460984995e-05,Normal
12697,8.14084101840195e-05,Normal
12698,0.00018172168951829473,Normal
12699,0.00017915954121939558,Normal
12700,0.00016204805036326112,Normal
12701,0.0001712619237557097,Normal
12702,0.0001113123150739123,Normal
12703,0.00010227888979922315,Normal
12704,0.0002336341059237552,Normal
12705,0.0002310437142877457,Normal
12706,0.0002108624657996432,Normal
12707,0.00022193092678362197,Normal
12708,0.00014218658105371058,Normal
12709,0.00013187416402248584,Normal
12710,0.00014899625830712684,Normal
12711,0.00014518458418445268,Normal
12712,0.00012397323791914886,Normal
12713,0.00013402477215132856,Normal
12714,0.0003335906577881489,Normal
12715,0.00032892800371884173,Normal
12716,0.0003153213551049981,Normal
12717,0.0003083171679124371,Normal
12718,0.00028538346092213905,Normal
12719,0.0002828521829999664,Normal
12720,0.0006598678889983559,Normal
12721,0.0006587786860774095,Normal
12722,0.0006197112820247897,Normal
12723,0.000645524870904523,Normal
12724,0.00040518794813674863,Normal
12725,0.00038827465564448795,Normal
12726,0.00046673222425131476,Normal
12727,0.00046297270270303945,Normal
12728,0.0004219487594387124,Normal
12729,0.00044363409349360656,Normal
12730,0.00011040135148750467,Normal
12731,0.0005901123569445156,Normal
12732,0.0005726165214179642,Normal
12733,0.0005636297636246819,Normal
12734,0.0005400591520520935,Normal
12735,0.0005455570467949657,Normal
12736,0.0008394634683461553,Anomaly
12737,0.0008003118212271063,Anomaly
12738,0.0007922116410564912,Normal
12739,0.0007431248154496921,Normal
12740,0.0007723779351023788,Normal
12741,0.00040132081948769346,Normal
12742,0.00037039584085465954,Normal
12743,0.00036404666946802396,Normal
12744,0.00032637973800487435,Normal
12745,0.000342762838842156,Normal
12746,0.00014624066661737047,Normal
12747,0.00013734845736625113,Normal
12748,0.00013297885290373122,Normal
12749,0.00012035067300691597,Normal
12750,0.0001230312783524361,Normal
12751,9.455465167837663e-05,Normal
12752,0.00021581179045196327,Normal
12753,0.00021324457566172886,Normal
12754,0.00019415228232948304,Normal
12755,0.00020453846275248706,Normal
12756,0.0001321619226936431,Normal
12757,0.00016012332185291847,Normal
12758,0.00014330378745645362,Normal
12759,0.00013835305126979946,Normal
12760,0.00011739558420871825,Normal
12761,0.00012569726367903152,Normal
12762,0.00018406269936081454,Normal
12763,0.00017550992596621125,Normal
12764,0.00017063943921386595,Normal
12765,0.00015804737142155603,Normal
12766,0.00015949964631961711,Normal
12767,0.0002426508922201932,Normal
12768,0.0002244290010793249,Normal
12769,0.00021870961209933783,Normal
12770,0.00019530042262083655,Normal
12771,0.0002043156665706688,Normal
12772,0.00022515440574043597,Normal
12773,0.00020940615144250438,Normal
12774,0.0002038844854346016,Normal
12775,0.00018346376225010578,Normal
12776,0.00019047819683558342,Normal
12777,0.00011190708966849875,Normal
12778,0.00024437064028849187,Normal
12779,0.00024171308912310983,Normal
12780,0.00022044336373758214,Normal
12781,0.00023217081122601217,Normal
12782,0.0001441499773298448,Normal
12783,0.00013377841570255623,Normal
12784,0.00022132200627937834,Normal
12785,0.0002181541553136648,Normal
12786,0.0001953108358546924,Normal
12787,0.00020740909824716307,Normal
12788,0.00010390660316936949,Normal
12789,9.520527800866632e-05,Normal
12790,0.001687213277448172,Anomaly
12791,0.001689141503874416,Anomaly
12792,0.0016538923176753315,Anomaly
12793,0.001677198812805518,Anomaly
12794,0.0015492298501075183,Anomaly
12795,0.0015207569493133548,Anomaly
12796,0.0015635504906756272,Anomaly
12797,0.0015644251071466446,Anomaly
12798,0.0014813221608908854,Anomaly
12799,0.0015297086498607085,Anomaly
12800,0.00011623130558914934,Normal
12801,0.00010697943038308732,Normal
12802,0.00024606736331322113,Normal
12803,0.00024349290860844843,Normal
12804,0.00022268248054760193,Normal
12805,0.00023420418196195436,Normal
12806,0.00014993468889061426,Normal
12807,0.00013934919745212072,Normal
12808,0.0001294039397837931,Normal
12809,0.00012501560318144822,Normal
12810,0.00010394190431396498,Normal
12811,0.00011292144944121787,Normal
12812,2.3681600305755083e-05,Normal
12813,2.1878314240197102e-05,Normal
12814,9.865301401471053e-05,Normal
12815,0.0002868424388496667,Normal
12816,0.0003274748692892658,Normal
12817,0.0004951126001451025,Normal
12818,0.0005963293937383009,Normal
12819,0.0006724517877406721,Normal
12820,0.0009117623644418506,Anomaly
12821,0.0010591348986499676,Anomaly
12822,0.0010959052561578387,Anomaly
12823,0.001046370700334211,Anomaly
12824,0.0009432409873762988,Anomaly
12825,0.0008095364197108337,Anomaly
12826,0.0007229823502592735,Normal
12827,0.000727917839336156,Normal
12828,0.0006125216388993892,Normal
12829,0.000666905637217457,Normal
12830,0.00046742341208366636,Normal
12831,0.0005179353804202935,Normal
12832,0.00044697258484557563,Normal
12833,0.0008221587895419078,Anomaly
12834,0.0008271965507533655,Anomaly
12835,0.000741973105876261,Normal
12836,0.0007508792474950725,Normal
12837,0.0007389110952922955,Normal
12838,0.0008002897319968342,Anomaly
12839,0.0007569153250072114,Normal
12840,0.0009059661196270817,Anomaly
12841,0.0007585109486370192,Normal
12842,0.0008143282112817628,Anomaly
12843,0.0004588963166152472,Normal
12844,0.00047223216583885085,Normal
12845,0.0009183252602729877,Anomaly
12846,0.0008902305045915716,Anomaly
12847,0.0007540119090242001,Normal
12848,0.000694451637543784,Normal
12849,0.0005945311751053661,Normal
12850,0.0004904429686088981,Normal
12851,0.0004416967405189326,Normal
12852,0.00041133272323076877,Normal
12853,0.0003798616523919735,Normal
12854,0.0003693835168468652,Normal
12855,0.00021334438235568511,Normal
12856,0.0002129347085942263,Normal
12857,0.0005554332845618899,Normal
12858,0.0005694714986447884,Normal
12859,0.000997201670495751,Anomaly
12860,0.0010212124107171006,Anomaly
12861,0.000999550432200956,Anomaly
12862,0.0009746981660585328,Anomaly
12863,0.0009064995190603954,Anomaly
12864,0.0009242892862825515,Anomaly
12865,0.0007049019256955728,Normal
12866,0.0009036147821295567,Anomaly
12867,0.0005959235936203663,Normal
12868,0.0007384887135082999,Normal
12869,0.00038166274947988853,Normal
12870,0.0005336641702695596,Normal
12871,0.0004963893765259871,Normal
12872,0.002493907774806279,Anomaly
12873,0.002504017191296784,Anomaly
12874,0.002403296415203582,Anomaly
12875,0.002433043540557615,Anomaly
12876,0.0021850416645200353,Anomaly
12877,0.002198974069446156,Anomaly
12878,0.002253176147811907,Anomaly
12879,0.0023063214414849385,Anomaly
12880,0.0020476027244989235,Anomaly
12881,0.002121483047082793,Anomaly
12882,0.0007012755074867968,Normal
12883,0.0006887975764801476,Normal
12884,0.0006477576753039615,Normal
12885,0.0006485682671085358,Normal
12886,0.0005927087880445673,Normal
12887,0.0006071360790580918,Normal
12888,0.00036112292061582995,Normal
12889,0.0003548087049498708,Normal
12890,0.00031828011219516575,Normal
12891,0.0003322216128049627,Normal
12892,1.370847503754221e-05,Normal
12893,0.00019312640466507926,Normal
12894,0.00019257083052234402,Normal
12895,0.00019933259695044842,Normal
12896,0.00019411246953176397,Normal
12897,0.00025093381815699463,Normal
12898,0.00023867627755255156,Normal
12899,0.0003068502889515334,Normal
12900,0.000300608073452781,Normal
12901,0.00036095218369717097,Normal
12902,0.00037683653592349094,Normal
12903,0.00033043164051361617,Normal
12904,0.0003275533883722031,Normal
12905,0.0002908749056092109,Normal
12906,0.00029040088450633445,Normal
12907,0.00026704022560068155,Normal
12908,0.00026896034429155365,Normal
12909,0.0003325273226980863,Normal
12910,0.0003428898819833465,Normal
12911,0.00030177016620354136,Normal
12912,0.0003104778192949044,Normal
12913,0.0006046435951783419,Normal
12914,0.0005888907582987481,Normal
12915,0.0006094248872959976,Normal
12916,0.0006166453062046423,Normal
12917,0.0006071826890431809,Normal
12918,0.0006177132102521452,Normal
12919,0.0006436852592356047,Normal
12920,0.0006521012265108993,Normal
12921,0.0006442949580371296,Normal
12922,0.0006734098727454992,Normal
12923,0.0004586067238056715,Normal
12924,0.00046025253805488653,Normal
12925,0.0007530812590435844,Normal
12926,0.0007635016710074319,Normal
12927,1.1172679790828066,Anomaly
12928,2.1899896674803654,Anomaly
12929,2.1671145121584803,Anomaly
12930,2.2867122744967583,Anomaly
12931,2.2222280520517006,Anomaly
12932,2.277397167766911,Anomaly
12933,2.2498891514336568,Anomaly
12934,2.4146465081022526,Anomaly
12935,2.499471001744241,Anomaly
12936,2.6348906931397673,Anomaly
12937,0.0008536342129598395,Anomaly
12938,0.0007949214582633222,Normal
12939,0.0007078190308222887,Normal
12940,0.0005835501120788412,Normal
12941,0.0004412149684519725,Normal
12942,0.00033111317207503837,Normal
12943,9.483374126573586e-05,Normal
12944,0.00012403427430958123,Normal
12945,0.00011713927467634881,Normal
12946,0.0001226845162756517,Normal
12947,0.00011022645632915887,Normal
12948,0.00010228558747725138,Normal
12949,9.369408986042876e-05,Normal
12950,8.035956696406364e-05,Normal
12951,7.652271575126457e-05,Normal
12952,6.050764784167609e-05,Normal
12953,9.590546900314612e-05,Normal
12954,3.8314570015240507e-05,Normal
12955,3.7284136070069645e-05,Normal
12956,3.553941551650951e-05,Normal
12957,3.200714793921796e-05,Normal
12958,2.7953631176234462e-05,Normal
12959,2.2137039978201795e-05,Normal
12960,2.0058464392367118e-05,Normal
12961,1.3067216637566829e-05,Normal
12962,4.866097157456335e-05,Normal
12963,5.0017328700489684e-05,Normal
12964,4.90714901079872e-05,Normal
12965,4.665307759793679e-05,Normal
12966,4.2657780745782954e-05,Normal
12967,4.8904118416493955e-05,Normal
12968,4.1434353864945515e-05,Normal
12969,3.517832562015053e-05,Normal
12970,2.6610484748060876e-05,Normal
12971,3.805849726726165e-05,Normal
12972,2.9755666413060906e-05,Normal
12973,2.503863757758603e-05,Normal
12974,2.2895394803770727e-05,Normal
12975,1.655375271553163e-05,Normal
12976,1.8449656419751968e-05,Normal
12977,1.3964465795361694e-05,Normal
12978,1.2808944925489146e-05,Normal
12979,8.718340085853073e-06,Normal
12980,0.00016265981058332662,Normal
12981,0.00015996215803268404,Normal
12982,0.0001567311250374832,Normal
12983,0.00015227865830981692,Normal
12984,0.0001422493445703269,Normal
12985,0.00013194916915800357,Normal
12986,0.00011563448274275541,Normal
12987,0.00011116734918918229,Normal
12988,9.119089850271248e-05,Normal
12989,0.00017246847280819765,Normal
12990,8.082947013348781e-05,Normal
12991,7.892091560778182e-05,Normal
12992,7.595652538130205e-05,Normal
12993,6.97619234723739e-05,Normal
12994,6.286043993899469e-05,Normal
12995,5.243813284978025e-05,Normal
12996,4.925173182866311e-05,Normal
12997,0.00023795323671342014,Normal
12998,0.00025084853871347576,Normal
12999,0.00020884674475901856,Normal
13000,0.00020363449321947544,Normal
13001,0.00019150166778690683,Normal
13002,0.0001796387592150768,Normal
13003,0.00016018648905329318,Normal
13004,0.0001551435349954928,Normal
13005,0.0002898850238271052,Normal
13006,0.0003082180154467777,Normal
13007,0.0001690344558957983,Normal
13008,0.00016439150888541772,Normal
13009,0.0002996585254144681,Normal
13010,0.00028930160342171765,Normal
13011,0.0002665697606954468,Normal
13012,0.0002599141997251783,Normal
13013,0.00022900373134293663,Normal
13014,0.0002360078539181225,Normal
13015,0.0001268056177248959,Normal
13016,0.00012258013599789172,Normal
13017,0.0001019919553850985,Normal
13018,0.0006284729552448038,Normal
13019,0.0005237138970771634,Normal
13020,0.0006392273906518657,Normal
13021,0.0006280612710755669,Normal
13022,0.0006017681553878672,Normal
13023,0.0006896054898112653,Normal
13024,0.0006545805045892372,Normal
13025,0.0006289507992026498,Normal
13026,0.000738051472250053,Normal
13027,0.0007735934214665155,Normal
13028,0.0003334833583688979,Normal
13029,0.00034545372200144714,Normal
13030,0.0002869115752251657,Normal
13031,0.0002610466946674417,Normal
13032,0.0004047261592724194,Normal
13033,0.0003176790424958791,Normal
13034,0.00040836383513720247,Normal
13035,0.000425593917618513,Normal
13036,0.00031449192843839146,Normal
13037,0.0003263725163596072,Normal
13038,0.0002982746239860044,Normal
13039,0.0002925607133355727,Normal
13040,0.0004593199136383928,Normal
13041,0.0005424023777052157,Normal
13042,0.00041287861463144214,Normal
13043,0.0004159712187839384,Normal
13044,0.5876542852452827,Anomaly
13045,0.8588245496366349,Anomaly
13046,1.0940277311363422,Anomaly
13047,0.8923068855492247,Anomaly
13048,0.8478623780371828,Anomaly
13049,0.9527165363276653,Anomaly
13050,0.9365548311612306,Anomaly
13051,0.9593404222340858,Anomaly
13052,0.9262491550366635,Anomaly
13053,1.0289847096348264,Anomaly
13054,0.09639765146028088,Anomaly
13055,0.09568152509712137,Anomaly
13056,0.09495387636425809,Anomaly
13057,0.09361401221496327,Anomaly
13058,0.0885121127099119,Anomaly
13059,0.0005010167732749504,Normal
13060,0.0006167849621913628,Normal
13061,0.0005988728676816537,Normal
13062,0.0006381149803221416,Normal
13063,0.0006596874351209529,Normal
13064,0.0005301976871029086,Normal
13065,0.0005514350711347522,Normal
13066,0.0003771563095675223,Normal
13067,0.00037421356569057856,Normal
13068,0.0004185581273028004,Normal
13069,0.00042675078759231574,Normal
13070,0.00043397518739392266,Normal
13071,0.0004408075563896947,Normal
13072,0.0006165829645787742,Normal
13073,0.0006265026066967652,Normal
13074,0.0005118564313813211,Normal
13075,0.0015594296434441922,Anomaly
13076,0.001452855989717076,Anomaly
13077,0.0014573719129855503,Anomaly
13078,0.0013192324397923848,Anomaly
13079,0.0013800352811709818,Anomaly
13080,0.0012006667872612833,Anomaly
13081,0.0012035737233889213,Anomaly
13082,0.0009631510231193723,Anomaly
13083,0.00106047855569586,Anomaly
13084,0.001108579594191759,Anomaly
13085,0.00021363205438933863,Normal
13086,0.0002075208318310151,Normal
13087,0.0003872810721544614,Normal
13088,0.00039583674469196765,Normal
13089,0.0003775075881424521,Normal
13090,0.00037164811600647475,Normal
13091,0.0004570613480214587,Normal
13092,0.00047468713547855356,Normal
13093,0.000420787942888024,Normal
13094,0.00040949655181745493,Normal
13095,0.0005350981706230929,Normal
13096,0.0005528216295687539,Normal
13097,0.0005002327957048461,Normal
13098,0.0005018906786128106,Normal
13099,0.00042890734526816553,Normal
13100,0.0004312622922697908,Normal
13101,0.00034892356635421435,Normal
13102,0.00035194441248020156,Normal
13103,0.0002473032195234683,Normal
13104,0.0003138629174422157,Normal
13105,0.00017183286450334127,Normal
13106,0.0001817158073889144,Normal
13107,8.428492762617299e-05,Normal
13108,8.613187357854664e-05,Normal
13109,7.061119745012356e-05,Normal
13110,7.018146137814982e-05,Normal
13111,4.559789554154426e-05,Normal
13112,3.371379663676071e-05,Normal
13113,3.917997982877146e-05,Normal
13114,0.00015231557479289615,Normal
13115,0.00015124860766572274,Normal
13116,0.00014447759151765236,Normal
13117,0.00014562888344263276,Normal
13118,0.00013386551335780003,Normal
13119,0.00012388853401744623,Normal
13120,0.00013744781530969987,Normal
13121,0.00013356391738004845,Normal
13122,0.00011319310176938517,Normal
13123,0.00012277454932592213,Normal
13124,3.547619271046314e-05,Normal
13125,3.114628062305671e-05,Normal
13126,2.4845445362454435e-05,Normal
13127,2.2750192679154235e-05,Normal
13128,5.6691662233685976e-05,Normal
13129,8.134522596401538e-05,Normal
13130,6.908257057634499e-05,Normal
13131,6.584660733449268e-05,Normal
13132,8.720101227870226e-05,Normal
13133,9.71059479779368e-05,Normal
13134,8.717627715388966e-05,Normal
13135,7.6284709026573e-05,Normal
13136,6.392715393327064e-05,Normal
13137,5.772725339289346e-05,Normal
13138,4.9993498652675704e-05,Normal
13139,3.910513367931492e-05,Normal
13140,3.1216059070770906e-05,Normal
13141,2.882409590835621e-05,Normal
13142,2.451953115339786e-05,Normal
13143,7.878836053121027e-05,Normal
13144,7.484233982031429e-05,Normal
13145,7.154181008544376e-05,Normal
13146,6.482443600941344e-05,Normal
13147,6.366235250350192e-05,Normal
13148,5.566312770696728e-05,Normal
13149,4.625337806229094e-05,Normal
13150,4.3192737310836296e-05,Normal
13151,3.1487313549326834e-05,Normal
13152,0.0001812330842306393,Normal
13153,0.00014989585457166806,Normal
13154,0.00014685824924097463,Normal
13155,0.00014256548158337102,Normal
13156,0.0001330543689118089,Normal
13157,0.00012311224291485152,Normal
13158,0.00010743530478159087,Normal
13159,0.00010308551131406369,Normal
13160,8.388896858663036e-05,Normal
13161,0.00020029551275382325,Normal
13162,0.00011493488355687859,Normal
13163,0.000112406716941147,Normal
13164,0.0001086530878616578,Normal
13165,0.00010071399512680821,Normal
13166,9.21967157534985e-05,Normal
13167,7.89908009106683e-05,Normal
13168,7.518318891971723e-05,Normal
13169,5.911195320792206e-05,Normal
13170,6.609538820416945e-05,Normal
13171,0.00013777014781641092,Normal
13172,0.00013741816678962407,Normal
13173,0.0001345389256496306,Normal
13174,0.00013045528320872798,Normal
13175,0.00012137750307199984,Normal
13176,0.00011190708966849875,Normal
13177,9.708945702866241e-05,Normal
13178,9.292794327006751e-05,Normal
13179,7.482267727649007e-05,Normal
13180,8.238426189094925e-05,Normal
13181,0.00013777014781641092,Normal
13182,0.000137418573080642,Normal
13183,0.00013453908125579932,Normal
13184,0.00013045528320872798,Normal
13185,0.00012137750307199984,Normal
13186,0.00011190708966849875,Normal
13187,9.708945702866241e-05,Normal
13188,9.292794327006751e-05,Normal
13189,7.482267727649007e-05,Normal
13190,8.238426189094925e-05,Normal
13191,0.00018035884075370552,Normal
13192,0.00017997203337330215,Normal
13193,0.0001764406571357992,Normal
13194,0.00017168759868637683,Normal
13195,0.00016117819305307203,Normal
13196,0.0001502006833850608,Normal
13197,0.00013268776838258286,Normal
13198,0.00012795346027432434,Normal
13199,0.00010632227779959584,Normal
13200,0.0001148432682118589,Normal
13201,0.00010038700456627882,Normal
13202,0.0001037698359899196,Normal
13203,0.00010130071816564854,Normal
13204,9.789484598798266e-05,Normal
13205,9.043509932796188e-05,Normal
13206,8.146468861489501e-05,Normal
13207,6.884884536715e-05,Normal
13208,6.356796492305016e-05,Normal
13209,4.8942429113550005e-05,Normal
13210,5.29424327707063e-05,Normal
13211,0.00012933944202952655,Normal
13212,0.00012914453518105942,Normal
13213,0.0001263480427158265,Normal
13214,0.00012235949051797216,Normal
13215,0.00011372360279557925,Normal
13216,0.00010453024585734973,Normal
13217,9.0378245895679e-05,Normal
13218,8.636501080754735e-05,Normal
13219,6.895826724070934e-05,Normal
13220,7.629793848127256e-05,Normal
13221,0.00011871016168073631,Normal
13222,0.00011836019110493704,Normal
13223,0.00011571915619657863,Normal
13224,0.00011208425188302543,Normal
13225,0.00010390660316936949,Normal
13226,9.520527800866632e-05,Normal
13227,8.174234548659561e-05,Normal
13228,7.787708479402709e-05,Normal
13229,6.147952795877899e-05,Normal
13230,6.855587747205278e-05,Normal
13231,0.00013777014781641092,Normal
13232,0.00013741816678962407,Normal
13233,0.0001345389256496306,Normal
13234,0.00013045528320872798,Normal
13235,0.00012137750307199984,Normal
13236,0.00011190708966849875,Normal
13237,9.708945702866241e-05,Normal
13238,9.292794327006751e-05,Normal
13239,8.555643658030002e-05,Normal
13240,9.441185843903234e-05,Normal
13241,0.00010214964434030784,Normal
13242,0.00010093903915774007,Normal
13243,9.677928733441013e-05,Normal
13244,9.143888503278557e-05,Normal
13245,8.124380230756508e-05,Normal
13246,7.287904543597408e-05,Normal
13247,5.785816051659302e-05,Normal
13248,5.834401411246113e-05,Normal
13249,4.360972051883739e-05,Normal
13250,4.992062956317058e-05,Normal
13251,0.00013777014781641092,Normal
13252,0.00013741816678962407,Normal
13253,0.0001345389256496306,Normal
13254,0.00013045528320872798,Normal
13255,0.00012137750307199984,Normal
13256,0.00012176203295894729,Normal
13257,0.00010642611748115894,Normal
13258,0.0001020582862783527,Normal
13259,8.31172597206287e-05,Normal
13260,9.209496044656876e-05,Normal
13261,3.0308091189376066e-05,Normal
13262,6.484916491231425e-05,Normal
13263,6.737490002083733e-05,Normal
13264,6.116748366011518e-05,Normal
13265,6.143633227617532e-05,Normal
13266,5.233361840223151e-05,Normal
13267,4.3534404785960807e-05,Normal
13268,3.287164745855947e-05,Normal
13269,2.515777095657278e-05,Normal
13270,0.00012291820263082208,Normal
13271,0.00012653374360503542,Normal
13272,0.00011075916511716854,Normal
13273,0.00010909687287532971,Normal
13274,0.00010100152474607799,Normal
13275,9.23545682871642e-05,Normal
13276,7.901260665605153e-05,Normal
13277,7.491264314427254e-05,Normal
13278,5.845585693858013e-05,Normal
13279,6.499751993793848e-05,Normal
13280,1.1190084482574783e-05,Normal
13281,0.00021383399585464454,Normal
13282,0.00026934693684512725,Normal
13283,0.00026609636024570366,Normal
13284,0.00025799193598284993,Normal
13285,0.0002463332377654822,Normal
13286,0.00022585087381718727,Normal
13287,0.00020451446794037903,Normal
13288,0.00018679586420478173,Normal
13289,0.00016386149391510248,Normal
13290,0.00015567556796510927,Normal
13291,3.354546542876552e-05,Normal
13292,0.0001859124980060981,Normal
13293,0.00018549232607907164,Normal
13294,0.0001818278982261173,Normal
13295,0.0001769480791470517,Normal
13296,0.00016587781451677964,Normal
13297,0.00015468106247340952,Normal
13298,0.0001368955124957224,Normal
13299,0.00013226236127099133,Normal
13300,0.00011033243839258314,Normal
13301,0.00011900753516135732,Normal
13302,1.1986860226308185e-05,Normal
13303,0.000107824827258696,Normal
13304,0.00010746174092918966,Normal
13305,0.00010501251155721444,Normal
13306,0.00010146014008468504,Normal
13307,9.369582300789219e-05,Normal
13308,8.558454320583086e-05,Normal
13309,7.300039749064921e-05,Normal
13310,6.932540812275742e-05,Normal
13311,5.398785021754468e-05,Normal
13312,6.0763055640381666e-05,Normal
13313,1.2016097399701436e-05,Normal
13314,1.2014352608331617e-05,Normal
13315,4.3463702773242494e-05,Normal
13316,9.069601931562046e-05,Normal
13317,8.989863789095724e-05,Normal
13318,8.62221753872596e-05,Normal
13319,8.102783178919447e-05,Normal
13320,7.065969884572257e-05,Normal
13321,6.013431722029769e-05,Normal
13322,4.8522473432558856e-05,Normal
13323,3.8955789704281774e-05,Normal
13324,3.276985961667252e-05,Normal
13325,2.9397303699118405e-05,Normal
13326,1.1830842856411538e-05,Normal
13327,0.00012583075292431397,Normal
13328,0.0001254898823753283,Normal
13329,0.0001228040444307004,Normal
13330,0.00011892781913355119,Normal
13331,0.0001103833879404246,Normal
13332,0.0001013879041764961,Normal
13333,8.741025926796996e-05,Normal
13334,8.343052754307734e-05,Normal
13335,6.648905049552445e-05,Normal
13336,7.377282703712048e-05,Normal
13337,1.2006030408136324e-05,Normal
13338,1.1986860226308185e-05,Normal
13339,0.0001322247109585292,Normal
13340,0.00013183756021755878,Normal
13341,0.00012898137160956375,Normal
13342,0.00012497967487560304,Normal
13343,0.00011607721761230049,Normal
13344,0.00010693786779753351,Normal
13345,9.255021572842452e-05,Normal
13346,8.847172028677795e-05,Normal
13347,7.085392837050411e-05,Normal
13348,7.827672302273045e-05,Normal
13349,1.190643805496348e-05,Normal
13350,1.190643805496348e-05,Normal
13351,0.00013777014781641092,Normal
13352,0.00013741816678962407,Normal
13353,0.0001345389256496306,Normal
13354,0.00013045528320872798,Normal
13355,0.00012137750307199984,Normal
13356,0.00011190708966849875,Normal
13357,9.708945702866241e-05,Normal
13358,9.292794327006751e-05,Normal
13359,7.482267727649007e-05,Normal
13360,8.238426189094925e-05,Normal
13361,1.190643805496348e-05,Normal
13362,1.190643805496348e-05,Normal
13363,0.00013777014781641092,Normal
13364,0.00013741816678962407,Normal
13365,0.0001345389256496306,Normal
13366,0.00013045528320872798,Normal
13367,0.00012137750307199984,Normal
13368,0.00011190708966849875,Normal
13369,9.708945702866241e-05,Normal
13370,9.292794327006751e-05,Normal
13371,7.482267727649007e-05,Normal
13372,8.238426189094925e-05,Normal
13373,1.190643805496348e-05,Normal
13374,1.1906377435519295e-05,Normal
13375,0.00016861215018831107,Normal
13376,0.0001682342202548155,Normal
13377,0.00016487760427326702,Normal
13378,0.0001602984821556023,Normal
13379,0.00014993468889061426,Normal
13380,0.00013945503855270646,Normal
13381,0.00012260567793586865,Normal
13382,0.00011803586960104127,Normal
13383,9.73892672124489e-05,Normal
13384,0.00010567919438345817,Normal
13385,1.190982963292567e-05,Normal
13386,1.1851205016143026e-05,Normal
13387,0.00016436229964670224,Normal
13388,0.0001639175365931681,Normal
13389,0.00016074766938323519,Normal
13390,0.00015626106966115788,Normal
13391,0.0001460647725363286,Normal
13392,0.00013562131848884567,Normal
13393,0.00011904545327653181,Normal
13394,0.0001145267150668275,Normal
13395,9.422520505910322e-05,Normal
13396,0.00010241415674418751,Normal
13397,1.190643805496348e-05,Normal
13398,1.190643805496348e-05,Normal
13399,0.00011964529959471763,Normal
13400,0.00011931059834363318,Normal
13401,0.0001167270553210382,Normal
13402,0.00011296274661159193,Normal
13403,0.00010470380296056476,Normal
13404,9.59660012997902e-05,Normal
13405,8.243856987925874e-05,Normal
13406,7.855898804516478e-05,Normal
13407,6.208010165647374e-05,Normal
13408,6.917973690641823e-05,Normal
13409,1.190643805496348e-05,Normal
13410,1.2016097399701436e-05,Normal
13411,0.0001162988469738429,Normal
13412,0.00011596402941450599,Normal
13413,0.00011341926834539414,Normal
13414,0.00010970068296795668,Normal
13415,0.00010155146368128513,Normal
13416,9.292537202307949e-05,Normal
13417,7.961546348340987e-05,Normal
13418,7.583538190168006e-05,Normal
13419,5.973695813039551e-05,Normal
13420,6.682766523056986e-05,Normal
13421,1.1986860226308185e-05,Normal
13422,1.1952386003841655e-05,Normal
13423,1.190982963292567e-05,Normal
13424,1.1851205016143026e-05,Normal
13425,3.3191407422240626e-05,Normal
13426,0.00010091157792042177,Normal
13427,0.00010033035295150194,Normal
13428,9.682314467996043e-05,Normal
13429,9.188988018100031e-05,Normal
13430,8.144603350441192e-05,Normal
13431,7.099295771786607e-05,Normal
13432,5.794867067346045e-05,Normal
13433,4.906990060386561e-05,Normal
13434,4.0182043685360555e-05,Normal
13435,4.192241926961899e-05,Normal
13436,1.190643805496348e-05,Normal
13437,0.0001522764161253972,Normal
13438,0.00015191224375618842,Normal
13439,0.00014880475893396515,Normal
13440,0.00014448069157777782,Normal
13441,0.00013478405590302365,Normal
13442,0.00012477052426187492,Normal
13443,0.00010897821141464626,Normal
13444,0.00010461493583849334,Normal
13445,8.528900099876886e-05,Normal
13446,9.31991895283174e-05,Normal
13447,1.190643805496348e-05,Normal
13448,1.190643805496348e-05,Normal
13449,0.00011618771991552699,Normal
13450,0.00011585620755596453,Normal
13451,0.00011332973519182948,Normal
13452,0.00010963076132475663,Normal
13453,0.00010163821977521766,Normal
13454,9.30467145923711e-05,Normal
13455,7.976208493688602e-05,Normal
13456,7.592661843289843e-05,Normal
13457,5.974154622074586e-05,Normal
13458,6.673269336591873e-05,Normal
13459,1.1960864860532592e-05,Normal
13460,1.1936946361711497e-05,Normal
13461,0.00012938428369740915,Normal
13462,0.00012913531441207204,Normal
13463,0.0001263921657329468,Normal
13464,0.00012241497190746247,Normal
13465,0.00011364311607182656,Normal
13466,0.00010448709019785859,Normal
13467,9.01817758551254e-05,Normal
13468,8.623420424801958e-05,Normal
13469,6.89163991336706e-05,Normal
13470,7.627006626489754e-05,Normal
13471,1.1906377435519295e-05,Normal
13472,1.190643805496348e-05,Normal
13473,0.00012493687223901815,Normal
13474,0.00012571046566715204,Normal
13475,0.00012305924104629177,Normal
13476,0.00011909435059292541,Normal
13477,0.00011051562564334024,Normal
13478,0.00010112538456971055,Normal
13479,8.699122177748073e-05,Normal
13480,8.236783454306198e-05,Normal
13481,6.537769148952557e-05,Normal
13482,7.167637496057905e-05,Normal
13483,1.1334821381463688e-05,Normal
13484,1.2016097399701436e-05,Normal
13485,0.00013882415305699225,Normal
13486,0.00013846901023544444,Normal
13487,0.00013555555127729932,Normal
13488,0.00013143761626606428,Normal
13489,0.0001222648349794816,Normal
13490,0.00011272343987933895,Normal
13491,9.78004824362481e-05,Normal
13492,9.356094748628856e-05,Normal
13493,7.543234090429445e-05,Normal
13494,8.308107594214782e-05,Normal
13495,1.2016097399701436e-05,Normal
13496,1.7482096396894007e-05,Normal
13497,0.00011015201278399364,Normal
13498,0.00010971646957711067,Normal
13499,0.00010674662095468955,Normal
13500,0.00010255856499016142,Normal
13501,9.340258585841415e-05,Normal
13502,9.679493670001646e-05,Normal
13503,8.25554193118819e-05,Normal
13504,7.632636221686608e-05,Normal
13505,6.230257043458043e-05,Normal
13506,6.919295779395458e-05,Normal
13507,1.8202950449251332e-05,Normal
13508,1.4605215189938288e-05,Normal
13509,0.0001388979279910589,Normal
13510,0.0001343893244951048,Normal
13511,0.00013769860575174646,Normal
13512,0.00013045528320872798,Normal
13513,0.00012137750307199984,Normal
13514,0.00011190708966849875,Normal
13515,9.708945702866241e-05,Normal
13516,9.292794327006751e-05,Normal
13517,7.482267727649007e-05,Normal
13518,8.238426189094925e-05,Normal
13519,1.190643805496348e-05,Normal
13520,1.190643805496348e-05,Normal
13521,0.00010614753308723131,Normal
13522,0.00010582643727615704,Normal
13523,0.0001034717213354495,Normal
13524,9.996606038330568e-05,Normal
13525,9.23539213086913e-05,Normal
13526,8.420930407998287e-05,Normal
13527,7.17067291978947e-05,Normal
13528,6.806210900338768e-05,Normal
13529,5.288753963742643e-05,Normal
13530,5.961635655912352e-05,Normal
13531,1.2016097399701436e-05,Normal
13532,0.00010302283150762975,Normal
13533,0.00010270283845959553,Normal
13534,0.00010038480973766056,Normal
13535,9.69244746139496e-05,Normal
13536,8.942064425882833e-05,Normal
13537,8.138884099740088e-05,Normal
13538,6.910266408820034e-05,Normal
13539,6.544548386943375e-05,Normal
13540,5.065916521849019e-05,Normal
13541,5.73643039479336e-05,Normal
13542,1.2016097399701436e-05,Normal
13543,0.00024296553685856708,Normal
13544,0.0002425350587838885,Normal
13545,0.0002380845821984289,Normal
13546,0.00023250395301336737,Normal
13547,0.00021934420336595575,Normal
13548,0.0002065076455605471,Normal
13549,0.00018537221535315623,Normal
13550,0.0001800120570776953,Normal
13551,0.00015426577808707508,Normal
13552,0.00016408026776259304,Normal
13553,1.190643805496348e-05,Normal
13554,6.77913749716716e-05,Normal
13555,6.752222399385327e-05,Normal
13556,6.58701522488843e-05,Normal
13557,6.324002621380163e-05,Normal
13558,5.771982243670116e-05,Normal
13559,5.158653394455049e-05,Normal
13560,4.243419733827523e-05,Normal
13561,3.956941092377647e-05,Normal
13562,2.845053100547596e-05,Normal
13563,3.455581879124014e-05,Normal
13564,1.190643805496348e-05,Normal
13565,1.190643805496348e-05,Normal
13566,0.00013777018877232623,Normal
13567,0.000137418573080642,Normal
13568,0.0001345389256496306,Normal
13569,0.00013045528320872798,Normal
13570,0.00012137750307199984,Normal
13571,0.00011190708966849875,Normal
13572,9.708945702866241e-05,Normal
13573,9.292794327006751e-05,Normal
13574,7.482267727649007e-05,Normal
13575,8.238426189094925e-05,Normal
13576,1.190643805496348e-05,Normal
13577,1.190643805496348e-05,Normal
13578,0.00013777014781641092,Normal
13579,0.00013741816678962407,Normal
13580,0.0001345389256496306,Normal
13581,0.00013045528320872798,Normal
13582,0.00012137750307199984,Normal
13583,0.00011190708966849875,Normal
13584,9.708945702866241e-05,Normal
13585,9.292794327006751e-05,Normal
13586,7.482267727649007e-05,Normal
13587,8.238426189094925e-05,Normal
13588,1.190643805496348e-05,Normal
13589,1.190643805496348e-05,Normal
13590,0.0004637293575799801,Normal
13591,0.00046318864877575806,Normal
13592,0.0004559314044074762,Normal
13593,0.0004482662962379886,Normal
13594,0.00042853471193306827,Normal
13595,0.0004110951529649988,Normal
13596,0.0003799592056349634,Normal
13597,0.00037358653725433723,Normal
13598,0.0003360945514045212,Normal
13599,0.00034921733860583345,Normal
13600,1.190643805496348e-05,Normal
13601,1.190643805496348e-05,Normal
13602,0.00013777014781641092,Normal
13603,0.00013741816678962407,Normal
13604,0.0001345389256496306,Normal
13605,0.00013045528320872798,Normal
13606,0.00012137750307199984,Normal
13607,0.00011190708966849875,Normal
13608,9.708945702866241e-05,Normal
13609,9.292794327006751e-05,Normal
13610,7.482267727649007e-05,Normal
13611,0.00021399793736983394,Normal
13612,0.00013741816678962407,Normal
13613,0.0001345389256496306,Normal
13614,0.00013045528320872798,Normal
13615,0.00012137750307199984,Normal
13616,0.00011190708966849875,Normal
13617,9.708945702866241e-05,Normal
13618,9.292794327006751e-05,Normal
13619,7.482267727649007e-05,Normal
13620,8.238426189094925e-05,Normal
13621,1.190643805496348e-05,Normal
13622,1.190643805496348e-05,Normal
13623,0.00013777014781641092,Normal
13624,0.00013741816678962407,Normal
13625,0.0001345389256496306,Normal
13626,0.00013045528320872798,Normal
13627,0.00012137750307199984,Normal
13628,0.00011190708966849875,Normal
13629,9.708945702866241e-05,Normal
13630,9.292821571077828e-05,Normal
13631,7.4822665659526e-05,Normal
13632,8.238426189094925e-05,Normal
13633,1.190643805496348e-05,Normal
13634,1.190643805496348e-05,Normal
13635,0.00013777014781641092,Normal
13636,0.00013741816678962407,Normal
13637,0.0001345389256496306,Normal
13638,0.00013045528320872798,Normal
13639,0.00012137750307199984,Normal
13640,0.00011190708966849875,Normal
13641,9.708945702866241e-05,Normal
13642,9.292794327006751e-05,Normal
13643,7.482267727649007e-05,Normal
13644,8.238426189094925e-05,Normal
13645,1.190643805496348e-05,Normal
13646,1.190643805496348e-05,Normal
13647,1.190643805496348e-05,Normal
13648,0.00013777014781641092,Normal
13649,0.00013741816678962407,Normal
13650,0.0001345389256496306,Normal
13651,0.00013045528320872798,Normal
13652,0.00012137750307199984,Normal
13653,0.00011190708966849875,Normal
13654,9.708945702866241e-05,Normal
13655,9.292794327006751e-05,Normal
13656,7.482267727649007e-05,Normal
13657,8.238426189094925e-05,Normal
13658,1.190643805496348e-05,Normal
13659,1.190643805496348e-05,Normal
13660,0.00013777014781641092,Normal
13661,0.00013741816678962407,Normal
13662,0.00013453908125579932,Normal
13663,0.0001304552365780631,Normal
13664,0.00012137750307199984,Normal
13665,0.0002363761899220538,Normal
13666,0.00021963065320506448,Normal
13667,0.0002139805993593881,Normal
13668,0.00019231856814406228,Normal
13669,0.00020011925007792892,Normal
13670,0.00011190708966849875,Normal
13671,9.708945702866241e-05,Normal
13672,0.00023306828456843838,Normal
13673,0.0002147861845068645,Normal
13674,0.00022801530378222407,Normal
13675,0.0001454433110216076,Normal
13676,0.00013570485670727476,Normal
13677,0.0001257619788767218,Normal
13678,0.00010989391067140774,Normal
13679,0.00010551665904406148,Normal
13680,8.653211506694362e-05,Normal
13681,9.456750156206779e-05,Normal
13682,1.232888281765262e-05,Normal
13683,0.0001138956057522744,Normal
13684,0.00011342748548126087,Normal
13685,0.00011067537081701137,Normal
13686,0.00010763332323572434,Normal
13687,9.964374649474466e-05,Normal
13688,9.091644856393165e-05,Normal
13689,7.806570977342088e-05,Normal
13690,7.423631620929047e-05,Normal
13691,5.806309995809874e-05,Normal
13692,6.479198109603995e-05,Normal
13693,1.1443915866368438e-05,Normal
13694,0.00013592409199541378,Normal
13695,0.0002388906269408686,Normal
13696,0.0002373881041931838,Normal
13697,0.00022965616490854937,Normal
13698,0.0002206864621162715,Normal
13699,0.0001998937956027566,Normal
13700,0.00018147393349279085,Normal
13701,0.0001600489991826856,Normal
13702,0.00014648595415755588,Normal
13703,0.00013240157020749538,Normal
13704,6.936981470705358e-05,Normal
13705,1.4639403496492786e-05,Normal
13706,1.3656231879215518e-05,Normal
13707,1.2800902661028944e-05,Normal
13708,1.1527271923406636e-05,Normal
13709,1.1007543600578859e-05,Normal
13710,3.303566469845287e-05,Normal
13711,3.483754761499048e-05,Normal
13712,3.4598539942459805e-05,Normal
13713,3.300348989542354e-05,Normal
13714,2.9899139783586507e-05,Normal
13715,2.616910399860057e-05,Normal
13716,2.0775999642570676e-05,Normal
13717,1.8933844407269865e-05,Normal
13718,1.3779239538342974e-05,Normal
13719,1.8807412835708495e-05,Normal
13720,1.3274871278662897e-05,Normal
13721,1.3022032054409333e-05,Normal
13722,5.986287792011812e-05,Normal
13723,5.9208761557956054e-05,Normal
13724,5.7026937165712607e-05,Normal
13725,5.442331446863504e-05,Normal
13726,4.857311203311623e-05,Normal
13727,4.411792018586284e-05,Normal
13728,3.631199199562952e-05,Normal
13729,0.00015892668809162973,Normal
13730,0.0001489997412808236,Normal
13731,0.00015740510905546513,Normal
13732,0.00013045528320872798,Normal
13733,0.00012137750307199984,Normal
13734,0.00011190708966849875,Normal
13735,9.708945702866241e-05,Normal
13736,9.292794327006751e-05,Normal
13737,7.482267727649007e-05,Normal
13738,8.238426189094925e-05,Normal
13739,1.190643805496348e-05,Normal
13740,1.190643805496348e-05,Normal
13741,1.6096525211016062e-05,Normal
13742,1.604227804885812e-05,Normal
13743,1.579537946718328e-05,Normal
13744,2.4484749865947685e-05,Normal
13745,2.3441370191149244e-05,Normal
13746,2.1803613217441846e-05,Normal
13747,1.9349928137484868e-05,Normal
13748,8.180121555166922e-05,Normal
13749,7.774910441209657e-05,Normal
13750,7.560223840149371e-05,Normal
13751,7.201244650192407e-05,Normal
13752,6.25039408439207e-05,Normal
13753,6.010646589930245e-05,Normal
13754,4.922926714485916e-05,Normal
13755,4.61475113808539e-05,Normal
13756,4.267786926920001e-05,Normal
13757,4.96978238812597e-05,Normal
13758,2.0022602475108386e-05,Normal
13759,1.9187649235610095e-05,Normal
13760,0.00010352595193658183,Normal
13761,0.00010136262602236956,Normal
13762,9.611805032683725e-05,Normal
13763,9.211581054338307e-05,Normal
13764,8.162568565410254e-05,Normal
13765,7.817825923942529e-05,Normal
13766,6.544549359869997e-05,Normal
13767,6.194083833653206e-05,Normal
13768,4.759421894199454e-05,Normal
13769,5.409079673554315e-05,Normal
13770,0.00013777014781641092,Normal
13771,0.00013741816678962407,Normal
13772,0.0001345389256496306,Normal
13773,0.00013045528320872798,Normal
13774,0.00012137750307199984,Normal
13775,0.00011190708966849875,Normal
13776,0.00010553776256264072,Normal
13777,0.00010155837163927772,Normal
13778,8.299231549837349e-05,Normal
13779,9.120946809300957e-05,Normal
13780,0.00010294618976261949,Normal
13781,0.00010074322318828061,Normal
13782,9.544772208329459e-05,Normal
13783,9.144645993365145e-05,Normal
13784,8.092431321328895e-05,Normal
13785,7.758868321738465e-05,Normal
13786,6.483822340130878e-05,Normal
13787,6.134776416867819e-05,Normal
13788,4.7084176960934254e-05,Normal
13789,5.355734617173111e-05,Normal
13790,1.1906377435519295e-05,Normal
13791,0.00015527144531582573,Normal
13792,0.00015490487691928958,Normal
13793,0.00015175149265505156,Normal
13794,0.00014737878242514826,Normal
13795,0.0001375574948856598,Normal
13796,0.00012743635478385575,Normal
13797,0.00011144874622112121,Normal
13798,0.0001070460115970797,Normal
13799,8.747620181585102e-05,Normal
13800,9.545606064009588e-05,Normal
13801,1.2016097399701436e-05,Normal
13802,0.0001268401992008784,Normal
13803,0.00012649535332963683,Normal
13804,0.00012377554854999502,Normal
13805,0.00011997213487185415,Normal
13806,0.00011132751195037103,Normal
13807,0.0001022524029412764,Normal
13808,8.814603755461e-05,Normal
13809,8.405648153504591e-05,Normal
13810,6.69463987312012e-05,Normal
13811,7.427124838463093e-05,Normal
13812,1.1938718979368578e-05,Normal
13813,0.0001294005695314298,Normal
13814,0.00012916426710339753,Normal
13815,0.00012644198617891412,Normal
13816,0.00012248339355004284,Normal
13817,0.00011372221240271986,Normal
13818,0.00010454498509009814,Normal
13819,9.026903755480628e-05,Normal
13820,8.616794228030695e-05,Normal
13821,6.885118999276403e-05,Normal
13822,7.627006626489754e-05,Normal
13823,0.0001061473064930214,Normal
13824,0.00010582643727615704,Normal
13825,0.0001034717213354495,Normal
13826,9.996606038330568e-05,Normal
13827,0.00010771139272566861,Normal
13828,9.957578842914995e-05,Normal
13829,8.590894841484597e-05,Normal
13830,8.149190346865988e-05,Normal
13831,6.413279724270549e-05,Normal
13832,6.978156745263396e-05,Normal
13833,1.6261209377424313e-05,Normal
13834,1.474540266054766e-05,Normal
13835,9.577049471889459e-06,Normal
13836,1.3597789686746489e-05,Normal
13837,1.1775849246820916e-05,Normal
13838,0.00010688353884242854,Normal
13839,0.00010649048314982588,Normal
13840,0.00010423411057777046,Normal
13841,0.0001007524075231721,Normal
13842,9.310004689331704e-05,Normal
13843,8.491803491200826e-05,Normal
13844,7.235184358992804e-05,Normal
13845,6.869229861088369e-05,Normal
13846,5.3436046280718666e-05,Normal
13847,6.0187865163551855e-05,Normal
13848,3.093441507070925e-05,Normal
13849,0.00011335217131547993,Normal
13850,0.00011273544062270469,Normal
13851,0.00010905717357314407,Normal
13852,0.0001040238428035178,Normal
13853,9.318596827601394e-05,Normal
13854,0.00019893640754174184,Normal
13855,0.00018314381509246762,Normal
13856,0.00017288041095692375,Normal
13857,0.00016083309508033242,Normal
13858,0.00015959313104205647,Normal
13859,0.00010383988852794335,Normal
13860,8.960407688256481e-05,Normal
13861,8.548626506356532e-05,Normal
13862,6.821379652921464e-05,Normal
13863,7.558494807883022e-05,Normal
13864,1.1828948792271148e-05,Normal
13865,0.0001414089842030247,Normal
13866,0.00014116696885191937,Normal
13867,0.00013826753010674737,Normal
13868,0.00013422686152107113,Normal
13869,0.00012497766009757016,Normal
13870,0.00011535436816454263,Normal
13871,0.00010035178820962454,Normal
13872,9.61110651808003e-05,Normal
13873,7.763334100503167e-05,Normal
13874,8.527667997425105e-05,Normal
13875,1.1874969747606833e-05,Normal
13876,0.00011518006858357451,Normal
13877,0.00011489063862915973,Normal
13878,0.000112406716941147,Normal
13879,0.0001086530878616578,Normal
13880,0.0002481438957205613,Normal
13881,0.00023979651141992132,Normal
13882,0.00022146535045205695,Normal
13883,0.00021514252691463728,Normal
13884,0.0002468632971838235,Normal
13885,0.00025503528987183945,Normal
13886,0.0001711605028661804,Normal
13887,0.00016533409075804745,Normal
13888,0.00015184936704786426,Normal
13889,0.00017400579180474357,Normal
13890,6.877690993762214e-05,Normal
13891,6.460729970611524e-05,Normal
13892,5.070040605239074e-05,Normal
13893,6.220809084645659e-05,Normal
13894,2.912305732945779e-05,Normal
13895,2.328099413954341e-05,Normal
13896,1.74899771866754e-05,Normal
13897,9.629311755222745e-05,Normal
13898,9.719075605998065e-05,Normal
13899,8.971370705577984e-05,Normal
13900,8.600489539260933e-05,Normal
13901,7.617739874607286e-05,Normal
13902,7.256480901438404e-05,Normal
13903,6.075502773751142e-05,Normal
13904,5.7439781878635475e-05,Normal
13905,4.3830290311697125e-05,Normal
13906,0.0001720116235454687,Normal
13907,0.00012829636427185304,Normal
13908,0.00012544157206276864,Normal
13909,0.00012157022730204866,Normal
13910,0.00011283315744063478,Normal
13911,0.00018583921172810768,Normal
13912,0.0001711834905837076,Normal
13913,0.0001662223924446814,Normal
13914,0.00014608636431268174,Normal
13915,0.00015339118010890415,Normal
13916,7.525511626294823e-05,Normal
13917,6.338879078839524e-05,Normal
13918,5.921660589789348e-05,Normal
13919,0.00017107753438039334,Normal
13920,0.00018180643199495653,Normal
13921,0.00013433400159645843,Normal
13922,0.00013045528320872798,Normal
13923,0.00012137750307199984,Normal
13924,0.0002363761899220538,Normal
13925,0.00021963065320506448,Normal
13926,0.0002139805993593881,Normal
13927,0.00019231856814406228,Normal
13928,0.00020011925007792892,Normal
13929,0.00011190708966849875,Normal
13930,9.708945702866241e-05,Normal
13931,0.00010198496200876206,Normal
13932,0.00011256012497362904,Normal
13933,0.00014868573180493953,Normal
13934,7.190752271430515e-05,Normal
13935,6.789207976869502e-05,Normal
13936,6.114881691126856e-05,Normal
13937,5.094863336620002e-05,Normal
13938,4.0763621763085526e-05,Normal
13939,2.906703651299633e-05,Normal
13940,2.249934922178648e-05,Normal
13941,2.0149610317375644e-05,Normal
13942,1.7126415992505676e-05,Normal
13943,0.00015128531897058172,Normal
13944,0.0001509212190108212,Normal
13945,0.00014782958437598205,Normal
13946,0.0001435212267868608,Normal
13947,0.00013386582219946633,Normal
13948,0.00012399453433621467,Normal
13949,0.00010825709593342482,Normal
13950,0.00010390605948488993,Normal
13951,8.464214668376086e-05,Normal
13952,9.266213853675824e-05,Normal
13953,1.2017627059087272e-05,Normal
13954,1.1950626350956872e-05,Normal
13955,1.1909289935944476e-05,Normal
13956,1.180018094593648e-05,Normal
13957,0.0001696225878951551,Normal
13958,0.00016921502860765657,Normal
13959,0.00016582704850552182,Normal
13960,0.0001611634968088475,Normal
13961,0.0001509870817257021,Normal
13962,0.0001403915877838514,Normal
13963,0.00012347169731743987,Normal
13964,0.00011887770131766928,Normal
13965,9.813584242703188e-05,Normal
13966,0.00010643138547534671,Normal
13967,1.1851205016143026e-05,Normal
13968,1.1828948792271148e-05,Normal
13969,1.175406131739904e-05,Normal
13970,0.00010206376684118279,Normal
13971,0.00010179605495123131,Normal
13972,9.951077889509587e-05,Normal
13973,9.60858923655869e-05,Normal
13974,8.877944619465421e-05,Normal
13975,8.082001005557896e-05,Normal
13976,6.862276620703809e-05,Normal
13977,6.503469220031977e-05,Normal
13978,5.024105114039634e-05,Normal
13979,5.683657903539875e-05,Normal
13980,1.1851205016143026e-05,Normal
13981,1.1828948792271148e-05,Normal
13982,1.1754073959234929e-05,Normal
13983,0.00018032397497956318,Normal
13984,0.0001810853490076138,Normal
13985,0.0001775742961104765,Normal
13986,0.00017271366393638621,Normal
13987,0.00016181788110794737,Normal
13988,0.0001503955620272193,Normal
13989,0.00013262839499282507,Normal
13990,0.0001272525350673,Normal
13991,0.00010571007793595211,Normal
13992,0.00011327067784489208,Normal
13993,1.1334821381463688e-05,Normal
13994,1.190643805496348e-05,Normal
13995,1.190643805496348e-05,Normal
13996,8.756847432425247e-05,Normal
13997,8.727159492608605e-05,Normal
13998,8.524496231635914e-05,Normal
13999,8.213106531798465e-05,Normal
14000,7.547602771122434e-05,Normal
14001,6.823422536500134e-05,Normal
14002,5.725673642110327e-05,Normal
14003,5.3951629011662505e-05,Normal
14004,4.0737314063200935e-05,Normal
14005,4.693883786473792e-05,Normal
14006,1.190643805496348e-05,Normal
14007,1.190643805496348e-05,Normal
14008,1.190643805496348e-05,Normal
14009,4.988221201926563e-05,Normal
14010,8.767813759233603e-05,Normal
14011,0.00010856755480169442,Normal
14012,0.00010515567225116812,Normal
14013,9.931526615233675e-05,Normal
14014,8.828090601337155e-05,Normal
14015,7.46180372651956e-05,Normal
14016,6.0952502489806446e-05,Normal
14017,4.558591701194349e-05,Normal
14018,3.8041589184035446e-05,Normal
14019,2.4035205933525582e-05,Normal
14020,1.6157253990400484e-05,Normal
14021,1.1828948792271148e-05,Normal
14022,8.166793474692644e-05,Normal
14023,8.148082374126624e-05,Normal
14024,7.960970904218226e-05,Normal
14025,7.662905378162283e-05,Normal
14026,7.028953555648501e-05,Normal
14027,6.335103696087034e-05,Normal
14028,5.2879183235191085e-05,Normal
14029,4.979988234644295e-05,Normal
14030,3.7162375313567e-05,Normal
14031,4.336991044057601e-05,Normal
14032,1.1986860226308185e-05,Normal
14033,1.1952386003841655e-05,Normal
14034,1.190982963292567e-05,Normal
14035,0.0001204530362745248,Normal
14036,0.0001205609573111483,Normal
14037,0.0001178999145723585,Normal
14038,0.00011418715823586585,Normal
14039,0.0001058931236673371,Normal
14040,9.692800188383375e-05,Normal
14041,8.323607278864978e-05,Normal
14042,7.90516458240053e-05,Normal
14043,6.248003230235846e-05,Normal
14044,6.918757608639139e-05,Normal
14045,1.162238582205128e-05,Normal
14046,1.1906377435519295e-05,Normal
14047,1.1906377435519295e-05,Normal
14048,0.00015029739153136769,Normal
14049,0.00015194672484664047,Normal
14050,0.00014890567801088142,Normal
14051,0.00014443668239918844,Normal
14052,0.00013480883341181576,Normal
14053,0.0001241306831807675,Normal
14054,0.00010810396077088355,Normal
14055,0.00010264144712038624,Normal
14056,8.341336862984836e-05,Normal
14057,0.00010290354370698289,Normal
14058,2.3154627399230925e-05,Normal
14059,2.3255766408290117e-05,Normal
14060,2.2138449291419716e-05,Normal
14061,8.838815895205389e-05,Normal
14062,8.579740937493184e-05,Normal
14063,8.012517924690132e-05,Normal
14064,7.630823584238856e-05,Normal
14065,6.589559628288318e-05,Normal
14066,6.40904521377048e-05,Normal
14067,5.181920930271496e-05,Normal
14068,4.866204055075955e-05,Normal
14069,3.6168849291635936e-05,Normal
14070,4.2361531339413294e-05,Normal
14071,1.190643805496348e-05,Normal
14072,1.190643805496348e-05,Normal
14073,1.190643805496348e-05,Normal
14074,4.28893580671631e-05,Normal
14075,0.00010517311018052931,Normal
14076,0.00010432509564675952,Normal
14077,0.00010039780196567244,Normal
14078,9.49889202270231e-05,Normal
14079,8.372844767013076e-05,Normal
14080,7.254789952630568e-05,Normal
14081,5.9329923029973615e-05,Normal
14082,4.938724053125646e-05,Normal
14083,4.143981360508249e-05,Normal
14084,3.852338144288377e-05,Normal
14085,1.190643805496348e-05,Normal
14086,1.190643805496348e-05,Normal
14087,1.190643805496348e-05,Normal
14088,0.00012227594158290285,Normal
14089,0.0001219382339434563,Normal
14090,0.00011931051482861384,Normal
14091,0.00011549901366846901,Normal
14092,0.00010711753552477939,Normal
14093,9.826917540034059e-05,Normal
14094,8.454866994360326e-05,Normal
14095,8.062591913662827e-05,Normal
14096,6.390284726988789e-05,Normal
14097,7.107170927314027e-05,Normal
14098,1.190643805496348e-05,Normal
14099,1.190643805496348e-05,Normal
14100,1.190643805496348e-05,Normal
14101,0.00011278515884700689,Normal
14102,0.00011279651375820487,Normal
14103,0.00011033483913015782,Normal
14104,0.0001066655457221408,Normal
14105,9.870435847606552e-05,Normal
14106,9.022733271189264e-05,Normal
14107,7.712829044563771e-05,Normal
14108,7.314587128315618e-05,Normal
14109,5.729288704190154e-05,Normal
14110,6.402518197687717e-05,Normal
14111,1.1800895546862876e-05,Normal
14112,1.1950626350956872e-05,Normal
14113,1.1909289935944476e-05,Normal
14114,1.180018094593648e-05,Normal
14115,0.00017707472280234583,Normal
14116,0.00017676952755886824,Normal
14117,0.00017327286459603434,Normal
14118,0.00016848657762222203,Normal
14119,0.00015790665882808335,Normal
14120,0.00014701362428676308,Normal
14121,0.00012962603160861713,Normal
14122,0.00012488337543044205,Normal
14123,0.00010370849609615612,Normal
14124,0.00011209444536494,Normal
14125,1.1930445747960067e-05,Normal
14126,1.1986860226308185e-05,Normal
14127,1.1952386003841655e-05,Normal
14128,0.0001377681979132089,Normal
14129,0.00014949707023033496,Normal
14130,0.0001467685232243943,Normal
14131,0.0001417188041093318,Normal
14132,0.00013259905955311996,Normal
14133,0.00012019291412273893,Normal
14134,0.00010419839562387727,Normal
14135,9.555450664617212e-05,Normal
14136,7.7617908181992e-05,Normal
14137,7.892772416657362e-05,Normal
14138,1.2594660261434492e-05,Normal
14139,1.1986860226308185e-05,Normal
14140,1.2062122584868992e-05,Normal
14141,9.441099786224876e-05,Normal
14142,9.40380224307078e-05,Normal
14143,9.185392056320428e-05,Normal
14144,8.850099469132106e-05,Normal
14145,8.154912785230938e-05,Normal
14146,7.397113772604379e-05,Normal
14147,6.238518552172288e-05,Normal
14148,5.898888364850829e-05,Normal
14149,4.5114384281318154e-05,Normal
14150,5.1580234647820635e-05,Normal
14151,1.1986860226308185e-05,Normal
14152,1.1952386003841655e-05,Normal
14153,1.190982963292567e-05,Normal
14154,8.460312225875847e-05,Normal
14155,8.429296379575624e-05,Normal
14156,8.22463043769615e-05,Normal
14157,7.930489037671847e-05,Normal
14158,7.285502282639725e-05,Normal
14159,6.576497247609713e-05,Normal
14160,5.5040535183197816e-05,Normal
14161,5.179417377775091e-05,Normal
14162,3.88680282674407e-05,Normal
14163,4.506090472185775e-05,Normal
14164,1.190643805496348e-05,Normal
14165,1.190643805496348e-05,Normal
14166,1.190643805496348e-05,Normal
14167,1.190643805496348e-05,Normal
14168,0.00033885023953213525,Normal
14169,0.0003383679730679269,Normal
14170,0.0003326532849130271,Normal
14171,0.0003260664995753797,Normal
14172,0.0003098827764279897,Normal
14173,0.00029480087322133824,Normal
14174,0.0002690035834750836,Normal
14175,0.000263093441986917,Normal
14176,0.00023171355163993293,Normal
14177,0.00024307240942601695,Normal
14178,1.190643805496348e-05,Normal
14179,1.190643805496348e-05,Normal
14180,1.190643805496348e-05,Normal
14181,2.6292010209059555e-05,Normal
14182,2.614712463806613e-05,Normal
14183,2.549633552487065e-05,Normal
14184,2.4331597858745598e-05,Normal
14185,2.4182921245338437e-05,Normal
14186,2.1442102092748957e-05,Normal
14187,1.741344127514278e-05,Normal
14188,1.5779267601310424e-05,Normal
14189,1.0413366890835062e-05,Normal
14190,1.3846686736159008e-05,Normal
14191,1.1434218728514528e-05,Normal
14192,1.1084627117056526e-05,Normal
14193,9.889997846168747e-06,Normal
14194,0.00013746234155304532,Normal
14195,0.00013741816678962407,Normal
14196,0.0001345389256496306,Normal
14197,0.00013045528320872798,Normal
14198,0.00012137750307199984,Normal
14199,0.00011190708966849875,Normal
14200,9.708945702866241e-05,Normal
14201,9.292794327006751e-05,Normal
14202,7.577153470709817e-05,Normal
14203,8.352217968293917e-05,Normal
14204,0.00013120854690605103,Normal
14205,0.00013073827304831408,Normal
14206,0.0001276602784138331,Normal
14207,0.00012340637726350934,Normal
14208,0.00011414780390513613,Normal
14209,0.00010486105795726786,Normal
14210,9.000377734679578e-05,Normal
14211,8.664890657523666e-05,Normal
14212,6.977600818296738e-05,Normal
14213,7.732638298536659e-05,Normal
14214,1.2218311381516096e-05,Normal
14215,1.2172731776119772e-05,Normal
14216,1.2091255009399115e-05,Normal
14217,1.1966273432691078e-05,Normal
14218,0.00013486540616722953,Normal
14219,0.00013439972748396722,Normal
14220,0.00013143063001638813,Normal
14221,0.00012751760002994387,Normal
14222,0.00011875654813509658,Normal
14223,0.00010942753167691081,Normal
14224,9.480432852513815e-05,Normal
14225,9.068419515567599e-05,Normal
14226,7.282264696574065e-05,Normal
14227,8.031484087328058e-05,Normal
14228,1.190643805496348e-05,Normal
14229,1.190643805496348e-05,Normal
14230,1.190643805496348e-05,Normal
14231,0.00013777014781641092,Normal
14232,0.00013741816678962407,Normal
14233,0.0001345389256496306,Normal
14234,0.00013045528320872798,Normal
14235,0.00012137750307199984,Normal
14236,0.00011190708966849875,Normal
14237,9.708945702866241e-05,Normal
14238,9.292821571077828e-05,Normal
14239,7.4822665659526e-05,Normal
14240,8.238426189094925e-05,Normal
14241,1.190643805496348e-05,Normal
14242,1.190643805496348e-05,Normal
14243,1.190643805496348e-05,Normal
14244,0.00013777014781641092,Normal
14245,0.00013741816678962407,Normal
14246,0.0001345389256496306,Normal
14247,0.00013045528320872798,Normal
14248,0.00012137750307199984,Normal
14249,0.00011190708966849875,Normal
14250,9.708945702866241e-05,Normal
14251,9.292794327006751e-05,Normal
14252,7.482267727649007e-05,Normal
14253,8.238426189094925e-05,Normal
14254,1.190643805496348e-05,Normal
14255,1.190643805496348e-05,Normal
14256,1.190643805496348e-05,Normal
14257,0.00013777014781641092,Normal
14258,0.00013741816678962407,Normal
14259,0.0001345389256496306,Normal
14260,0.00013045528320872798,Normal
14261,0.00017118328813324731,Normal
14262,0.00016172010073780454,Normal
14263,0.00014421005571722077,Normal
14264,0.00013870227343808567,Normal
14265,0.00011556505179942137,Normal
14266,0.00012159703045760094,Normal
14267,3.8853327004410396e-05,Normal
14268,3.6115932906791235e-05,Normal
14269,2.557763195663008e-05,Normal
14270,3.1616237428604694e-05,Normal
14271,1.1906377435519295e-05,Normal
14272,1.190643805496348e-05,Normal
14273,1.190643805496348e-05,Normal
14274,1.190643805496348e-05,Normal
14275,5.6985503180841893e-05,Normal
14276,5.6734865921439834e-05,Normal
14277,5.5305528533601935e-05,Normal
14278,5.297849956284596e-05,Normal
14279,4.815091252959978e-05,Normal
14280,4.271665700940993e-05,Normal
14281,3.4686398697714966e-05,Normal
14282,3.2112296044041285e-05,Normal
14283,2.2300624375203615e-05,Normal
14284,2.8229335578583686e-05,Normal
14285,1.190643805496348e-05,Normal
14286,1.190643805496348e-05,Normal
14287,0.00019478390727991653,Normal
14288,0.00019438678386922716,Normal
14289,0.00019064290975513232,Normal
14290,0.0001856863083626576,Normal
14291,0.00017441040822463032,Normal
14292,0.0001629784500560437,Normal
14293,0.00014454208946847917,Normal
14294,0.00013966926075159412,Normal
14295,0.00011706103182321218,Normal
14296,0.0001258918948947509,Normal
14297,1.1851205016143026e-05,Normal
14298,1.1828948792271148e-05,Normal
14299,1.175406131739904e-05,Normal
14300,1.1830842856411538e-05,Normal
14301,6.591224986923976e-05,Normal
14302,6.56464025774524e-05,Normal
14303,6.403115531900051e-05,Normal
14304,6.145200550456452e-05,Normal
14305,5.604790126887986e-05,Normal
14306,5.003039186656696e-05,Normal
14307,4.106552006877887e-05,Normal
14308,3.824837550200586e-05,Normal
14309,2.734691090395659e-05,Normal
14310,3.342662344194902e-05,Normal
14311,1.190643805496348e-05,Normal
14312,1.190643805496348e-05,Normal
14313,1.190643805496348e-05,Normal
14314,1.190643805496348e-05,Normal
14315,2.4348554873353375e-05,Normal
14316,0.00010079494494509061,Normal
14317,0.00022676023738299106,Normal
14318,0.0002243320221985293,Normal
14319,0.00021672687345194254,Normal
14320,0.0002055123088613233,Normal
14321,0.00018499736193865917,Normal
14322,0.00016581194463586316,Normal
14323,0.00014055373677139394,Normal
14324,0.00012697680675176484,Normal
14325,0.00011217546593212668,Normal
14326,8.238426189094925e-05,Normal
14327,1.190643805496348e-05,Normal
14328,1.190643805496348e-05,Normal
14329,1.190643805496348e-05,Normal
14330,0.00023528913519693315,Normal
14331,0.00023486499473856045,Normal
14332,0.00023064237343603015,Normal
14333,0.00022516936823305738,Normal
14334,0.00021231639025870037,Normal
14335,0.0001996936897360379,Normal
14336,0.00017896795374923807,Normal
14337,0.0001736965731124216,Normal
14338,0.00014831392278008765,Normal
14339,0.00015793817788667863,Normal
14340,1.175406131739904e-05,Normal
14341,1.1830842856411538e-05,Normal
14342,1.190643805496348e-05,Normal
14343,1.190643805496348e-05,Normal
14344,9.973177050515546e-05,Normal
14345,9.941910954212874e-05,Normal
14346,9.717511990060811e-05,Normal
14347,9.379953166466924e-05,Normal
14348,8.650827779970474e-05,Normal
14349,7.866302428049439e-05,Normal
14350,6.667048776324838e-05,Normal
14351,6.31375921711931e-05,Normal
14352,4.8625061101189175e-05,Normal
14353,5.5167994814377335e-05,Normal
14354,1.190643805496348e-05,Normal
14355,1.190643805496348e-05,Normal
14356,0.00015627678126737824,Normal
14357,0.00015590922870840706,Normal
14358,0.00015274025614728218,Normal
14359,0.00014835196630783615,Normal
14360,0.00013859178871779588,Normal
14361,0.00012843429503802987,Normal
14362,0.00011236576007024562,Normal
14363,0.00010793729249615212,Normal
14364,8.825222328008246e-05,Normal
14365,9.624462466371482e-05,Normal
14366,1.1851159017556654e-05,Normal
14367,1.1828936865261187e-05,Normal
14368,1.175406131739904e-05,Normal
14369,1.1830842856411538e-05,Normal
14370,9.202576671828507e-05,Normal
14371,9.675122169841628e-05,Normal
14372,9.471516529690938e-05,Normal
14373,9.109901162377039e-05,Normal
14374,8.401024957833768e-05,Normal
14375,7.505632198977123e-05,Normal
14376,6.295582713779863e-05,Normal
14377,5.72729174890585e-05,Normal
14378,4.348076499974131e-05,Normal
14379,4.673113954634772e-05,Normal
14380,1.1074321423546388e-05,Normal
14381,1.2014352608331617e-05,Normal
14382,1.2006030408136324e-05,Normal
14383,1.1986860226308185e-05,Normal
14384,9.056545087250295e-05,Normal
14385,9.022362933234343e-05,Normal
14386,8.807881223475312e-05,Normal
14387,8.488314808203677e-05,Normal
14388,7.79978720443506e-05,Normal
14389,7.070932761472645e-05,Normal
14390,5.952763683615442e-05,Normal
14391,5.6164714422131235e-05,Normal
14392,4.2648306380978383e-05,Normal
14393,4.891268708835081e-05,Normal
14394,1.190643805496348e-05,Normal
14395,1.190643805496348e-05,Normal
14396,0.00012762946259559858,Normal
14397,0.00012728708398003188,Normal
14398,0.00012457132989160776,Normal
14399,0.00012066330746880302,Normal
14400,0.00011203711475325433,Normal
14401,0.00010296822209713229,Normal
14402,8.886150634757727e-05,Normal
14403,8.485359659911106e-05,Normal
14404,6.764230157071984e-05,Normal
14405,7.494969425135915e-05,Normal
14406,1.190643805496348e-05,Normal
14407,1.190643805496348e-05,Normal
14408,1.2617104614842247e-05,Normal
14409,1.2715729218227427e-05,Normal
14410,6.0035885575805874e-05,Normal
14411,5.967563024556193e-05,Normal
14412,5.7959432300680894e-05,Normal
14413,5.530252872459776e-05,Normal
14414,4.9910422285886125e-05,Normal
14415,4.417153167472358e-05,Normal
14416,3.543124528027359e-05,Normal
14417,3.321167982144916e-05,Normal
14418,2.3497547329388293e-05,Normal
14419,2.954771667958499e-05,Normal
14420,1.190643805496348e-05,Normal
14421,1.190643805496348e-05,Normal
14422,6.529276231000334e-05,Normal
14423,6.5027942313691e-05,Normal
14424,0.0001907160979733173,Normal
14425,0.0001877970276517965,Normal
14426,0.00017920924225255777,Normal
14427,0.00016922358391484812,Normal
14428,0.0001511501808986884,Normal
14429,0.00013925246323656253,Normal
14430,0.00011498362622403417,Normal
14431,0.0001187579318348857,Normal
14432,7.627920993552039e-05,Normal
14433,8.391085509028664e-05,Normal
14434,0.00015436395664061598,Normal
14435,0.00015398246455332643,Normal
14436,0.00015080396700703724,Normal
14437,0.00014641103846720353,Normal
14438,0.00013656677722211565,Normal
14439,0.00012646904905809188,Normal
14440,0.000110477244028432,Normal
14441,0.00010617881295339068,Normal
14442,8.674359556244422e-05,Normal
14443,9.470030779741756e-05,Normal
14444,1.190643805496348e-05,Normal
14445,1.190643805496348e-05,Normal
14446,1.190643805496348e-05,Normal
14447,9.660772261769724e-05,Normal
14448,0.00011384162344386013,Normal
14449,0.00011189314189579723,Normal
14450,0.00010746549650971118,Normal
14451,0.00010011484325681135,Normal
14452,8.869008894563061e-05,Normal
14453,7.543702768846047e-05,Normal
14454,6.623535523593571e-05,Normal
14455,5.200787367125405e-05,Normal
14456,5.1012662582574146e-05,Normal
14457,1.4423222632351259e-05,Normal
14458,1.190643805496348e-05,Normal
14459,1.190643805496348e-05,Normal
14460,2.056882236837836e-05,Normal
14461,2.71052095958534e-05,Normal
14462,2.6689647709551824e-05,Normal
14463,2.5465958990849284e-05,Normal
14464,2.344548142217795e-05,Normal
14465,1.9932343003831696e-05,Normal
14466,1.6048655227025228e-05,Normal
14467,1.2463061021517757e-05,Normal
14468,8.590841736129292e-06,Normal
14469,8.366420765819113e-06,Normal
14470,1.1259761987146105e-05,Normal
14471,1.2006030408136324e-05,Normal
14472,1.1986860226308185e-05,Normal
14473,3.2132195470770324e-05,Normal
14474,3.1899853523650744e-05,Normal
14475,3.101324142143946e-05,Normal
14476,2.9553047492132473e-05,Normal
14477,2.6599161211771702e-05,Normal
14478,3.538671511402987e-05,Normal
14479,3.0330507109225457e-05,Normal
14480,2.820930366785922e-05,Normal
14481,2.1251305269593458e-05,Normal
14482,2.4665177252376173e-05,Normal
14483,1.7820300492985233e-05,Normal
14484,1.4375551479249095e-05,Normal
14485,1.3160417932139999e-05,Normal
14486,0.0001254471712752058,Normal
14487,0.0001306559502819913,Normal
14488,0.00012546047714691994,Normal
14489,0.00012153610298195366,Normal
14490,0.00011286945360262587,Normal
14491,0.00010376339079532548,Normal
14492,8.959250945782028e-05,Normal
14493,8.55704198540519e-05,Normal
14494,6.827756110536125e-05,Normal
14495,7.56082614262627e-05,Normal
14496,1.190643805496348e-05,Normal
14497,1.190643805496348e-05,Normal
14498,1.2016097399701436e-05,Normal
14499,9.594657422366587e-05,Normal
14500,9.563512382834343e-05,Normal
14501,9.344118463617384e-05,Normal
14502,9.012687971116585e-05,Normal
14503,8.298305555595831e-05,Normal
14504,7.528879049988079e-05,Normal
14505,6.357576874364794e-05,Normal
14506,6.004348157711691e-05,Normal
14507,4.6003689299153556e-05,Normal
14508,5.250076763242647e-05,Normal
14509,1.190643805496348e-05,Normal
14510,1.190643805496348e-05,Normal
14511,1.190643805496348e-05,Normal
14512,1.190643805496348e-05,Normal
14513,0.00014931257448006386,Normal
14514,0.00014895074453060488,Normal
14515,0.0001458897014919774,Normal
14516,0.0001416128959408873,Normal
14517,0.00013204076448626337,Normal
14518,0.00012213543047266201,Normal
14519,0.00010653895301150312,Normal
14520,0.00010221516666479973,Normal
14521,8.323882486900908e-05,Normal
14522,9.110400889212545e-05,Normal
14523,1.2006030408136324e-05,Normal
14524,1.1986860226308185e-05,Normal
14525,1.1952386003841655e-05,Normal
14526,0.000146377715910069,Normal
14527,0.00014595297808625617,Normal
14528,0.0001429213954091098,Normal
14529,0.00013862381278607284,Normal
14530,0.00012929791862903683,Normal
14531,0.00011953178791368921,Normal
14532,0.00010412997559889157,Normal
14533,9.984639675267626e-05,Normal
14534,8.100848010561976e-05,Normal
14535,8.87792212739814e-05,Normal
14536,1.190643805496348e-05,Normal
14537,1.190643805496348e-05,Normal
14538,1.190643805496348e-05,Normal
14539,0.00011790935463179694,Normal
14540,0.00011757626244760049,Normal
14541,0.00011502147810248062,Normal
14542,0.00011129010111463557,Normal
14543,0.00010311229568823511,Normal
14544,9.444786635697093e-05,Normal
14545,8.104920169076755e-05,Normal
14546,7.71980553092985e-05,Normal
14547,6.088244169307555e-05,Normal
14548,6.793549390578879e-05,Normal
14549,1.190643805496348e-05,Normal
14550,1.190643805496348e-05,Normal
14551,1.190643805496348e-05,Normal
14552,0.00013777014781641092,Normal
14553,0.00013741816678962407,Normal
14554,0.0001345389256496306,Normal
14555,0.00013045528320872798,Normal
14556,0.00012137750307199984,Normal
14557,0.00011190708966849875,Normal
14558,9.708921797128134e-05,Normal
14559,9.292821571077828e-05,Normal
14560,7.482267727649007e-05,Normal
14561,8.238426189094925e-05,Normal
14562,1.190643805496348e-05,Normal
14563,1.190643805496348e-05,Normal
14564,1.190643805496348e-05,Normal
14565,0.00013777014781641092,Normal
14566,0.00013741816678962407,Normal
14567,0.0001345389256496306,Normal
14568,0.00013045528320872798,Normal
14569,0.00012137750307199984,Normal
14570,0.00011190708966849875,Normal
14571,9.708945702866241e-05,Normal
14572,9.292794327006751e-05,Normal
14573,7.482267727649007e-05,Normal
14574,8.238426189094925e-05,Normal
14575,1.190643805496348e-05,Normal
14576,1.190643805496348e-05,Normal
14577,1.190643805496348e-05,Normal
14578,2.223990401667972e-05,Normal
14579,0.00011094191805995741,Normal
14580,0.00011043516976767859,Normal
14581,0.00010724255997329854,Normal
14582,0.00010268393494714669,Normal
14583,9.29166879813257e-05,Normal
14584,8.285446514791476e-05,Normal
14585,6.90642492154013e-05,Normal
14586,6.160190999703765e-05,Normal
14587,4.955400520470058e-05,Normal
14588,5.5738482295206065e-05,Normal
14589,1.1851205016143026e-05,Normal
14590,1.1828936865261187e-05,Normal
14591,1.1754073959234929e-05,Normal
14592,1.1830842856411538e-05,Normal
14593,0.00013965903623839394,Normal
14594,0.00013930572315119772,Normal
14595,0.00013639663832130366,Normal
14596,0.00013228062292036587,Normal
14597,0.0001231204959889604,Normal
14598,0.00011357702496371535,Normal
14599,9.862971762453261e-05,Normal
14600,9.444098374602618e-05,Normal
14601,7.617305805028029e-05,Normal
14602,8.378083609186654e-05,Normal
14603,1.190643805496348e-05,Normal
14604,1.190643805496348e-05,Normal
14605,1.190643805496348e-05,Normal
14606,1.190643805496348e-05,Normal
14607,0.00012762946259559858,Normal
14608,0.00012728708398003188,Normal
14609,0.00012457133785533992,Normal
14610,0.00012066339415282353,Normal
14611,0.00011203711475325433,Normal
14612,0.00010296822209713229,Normal
14613,8.886150634757727e-05,Normal
14614,8.485359659911106e-05,Normal
14615,6.764230157071984e-05,Normal
14616,7.494969425135915e-05,Normal
14617,1.190643805496348e-05,Normal
14618,1.190643805496348e-05,Normal
14619,1.190643805496348e-05,Normal
14620,1.190643805496348e-05,Normal
14621,0.0005185621108616843,Normal
14622,0.0005179884540642868,Normal
14623,0.0005100801613595329,Normal
14624,0.0005020033248845226,Normal
14625,0.0004809215874364952,Normal
14626,0.0004625947409794324,Normal
14627,0.0004292838871188336,Normal
14628,0.0004227845668688491,Normal
14629,0.00038284111111566363,Normal
14630,0.0003966804735272668,Normal
14631,1.1851205016143026e-05,Normal
14632,1.1828948792271148e-05,Normal
14633,1.1977099003391904e-05,Normal
14634,1.2050397959196275e-05,Normal
14635,1.2218771859407536e-05,Normal
14636,0.0001288024872770714,Normal
14637,0.00012839537268008865,Normal
14638,0.00012554649429460281,Normal
14639,0.00012150325447823622,Normal
14640,0.00011272456865685553,Normal
14641,0.00010347985836185657,Normal
14642,8.946439036169626e-05,Normal
14643,8.54475524972666e-05,Normal
14644,6.821194283076213e-05,Normal
14645,7.560815221308766e-05,Normal
14646,1.190643805496348e-05,Normal
14647,1.190643805496348e-05,Normal
14648,0.00013871316119289497,Normal
14649,0.00013836071380948854,Normal
14650,0.0001354664318959464,Normal
14651,0.00013136590117106048,Normal
14652,0.00012224751672212762,Normal
14653,0.00011274035465883409,Normal
14654,9.78579021086333e-05,Normal
14655,9.368303433206547e-05,Normal
14656,7.549614146065524e-05,Normal
14657,8.308107594214782e-05,Normal
14658,1.2016097399701436e-05,Normal
14659,1.2014352608331617e-05,Normal
14660,1.2006030408136324e-05,Normal
14661,1.1986860226308185e-05,Normal
14662,0.00011794794904798408,Normal
14663,0.00011757402569070013,Normal
14664,0.00011495349176406219,Normal
14665,0.00011120753256909892,Normal
14666,0.00010306250214366687,Normal
14667,9.450692256410918e-05,Normal
14668,8.113755286378739e-05,Normal
14669,7.727348275478769e-05,Normal
14670,6.0924881369562614e-05,Normal
14671,6.796305023009283e-05,Normal
14672,1.1851205016143026e-05,Normal
14673,1.1828948792271148e-05,Normal
14674,1.175406131739904e-05,Normal
14675,1.1830842856411538e-05,Normal
14676,0.00013310886595907807,Normal
14677,0.00013276108184595293,Normal
14678,0.00013039865377488074,Normal
14679,0.00012639829277810583,Normal
14680,0.00011748762259669818,Normal
14681,0.00010812147490958989,Normal
14682,9.347995492747195e-05,Normal
14683,8.923821256925816e-05,Normal
14684,7.132471794615204e-05,Normal
14685,7.873650104314636e-05,Normal
14686,1.1428151396909501e-05,Normal
14687,1.1730725310474985e-05,Normal
14688,1.2006030408136324e-05,Normal
14689,1.1986860226308185e-05,Normal
14690,0.00023034973375108802,Normal
14691,0.0002298893968154288,Normal
14692,0.00022556412963042611,Normal
14693,0.00022013844503905488,Normal
14694,0.00020750227009365928,Normal
14695,0.00019516106507697374,Normal
14696,0.00017475320085078935,Normal
14697,0.00016954780725817023,Normal
14698,0.00014450847348736984,Normal
14699,0.00015403713607059353,Normal
14700,1.1851205016143026e-05,Normal
14701,1.1828948792271148e-05,Normal
14702,1.175406131739904e-05,Normal
14703,1.1940703862461622e-05,Normal
14704,1.2014352608331617e-05,Normal
14705,9.516182892770113e-05,Normal
14706,9.483892142389692e-05,Normal
14707,9.263883236962451e-05,Normal
14708,8.932262697461426e-05,Normal
14709,8.220849770172136e-05,Normal
14710,7.457353840668785e-05,Normal
14711,6.289199429984575e-05,Normal
14712,5.9531170922865416e-05,Normal
14713,4.55742383907224e-05,Normal
14714,5.197799424700542e-05,Normal
14715,1.190643805496348e-05,Normal
14716,1.190643805496348e-05,Normal
14717,1.190643805496348e-05,Normal
14718,1.1906377435519295e-05,Normal
14719,1.1906377435519295e-05,Normal
14720,0.00019365313052572468,Normal
14721,0.00019325753509160222,Normal
14722,0.00018952992267525518,Normal
14723,0.00018458836134785175,Normal
14724,0.00017325355878064448,Normal
14725,0.00016185709338528692,Normal
14726,0.0001435035831686922,Normal
14727,0.0001386547475872739,Normal
14728,0.00011616175328274124,Normal
14729,0.00012497665236173863,Normal
14730,1.190643805496348e-05,Normal
14731,1.190643805496348e-05,Normal
14732,1.190643805496348e-05,Normal
14733,1.190643805496348e-05,Normal
14734,1.190643805496348e-05,Normal
14735,8.756847432425247e-05,Normal
14736,8.727159492608605e-05,Normal
14737,8.524496231635914e-05,Normal
14738,8.213106531798465e-05,Normal
14739,7.547602771122434e-05,Normal
14740,6.823422536500134e-05,Normal
14741,5.725673642110327e-05,Normal
14742,5.3951629011662505e-05,Normal
14743,4.0737314063200935e-05,Normal
14744,4.693883786473792e-05,Normal
14745,1.190643805496348e-05,Normal
14746,1.190643805496348e-05,Normal
14747,1.2016097399701436e-05,Normal
14748,1.2014352608331617e-05,Normal
14749,1.2006030408136324e-05,Normal
14750,0.00011626376006336517,Normal
14751,0.0001159028441723496,Normal
14752,0.0001133258685215224,Normal
14753,0.00010957753018338387,Normal
14754,0.00010144997313072949,Normal
14755,9.280823527407561e-05,Normal
14756,7.96345047088298e-05,Normal
14757,7.585149244059296e-05,Normal
14758,5.969870575384266e-05,Normal
14759,6.670537183008977e-05,Normal
14760,1.190643805496348e-05,Normal
14761,1.190643805496348e-05,Normal
14762,1.2016097399701436e-05,Normal
14763,1.2014352608331617e-05,Normal
14764,1.2006030408136324e-05,Normal
14765,0.00013318474235084714,Normal
14766,0.00013280736271648166,Normal
14767,0.00012995160096950924,Normal
14768,0.00012589900739723192,Normal
14769,0.0001169953791151609,Normal
14770,0.00010765768851656249,Normal
14771,9.326238053924496e-05,Normal
14772,8.920581454966075e-05,Normal
14773,7.150666459982772e-05,Normal
14774,7.895259071117235e-05,Normal
14775,1.190643805496348e-05,Normal
14776,1.190643805496348e-05,Normal
14777,1.190643805496348e-05,Normal
14778,1.190643805496348e-05,Normal
14779,1.190643805496348e-05,Normal
14780,2.595935895033923e-05,Normal
14781,2.5817420472018216e-05,Normal
14782,2.5177149725208502e-05,Normal
14783,2.402969120487801e-05,Normal
14784,0.0001029936463140204,Normal
14785,0.00010012092921379849,Normal
14786,9.377247379918573e-05,Normal
14787,8.961823594766394e-05,Normal
14788,7.808811720205843e-05,Normal
14789,7.619657033524618e-05,Normal
14790,6.185334401087834e-05,Normal
14791,5.843339293246085e-05,Normal
14792,4.4585069765363084e-05,Normal
14793,5.094235181549655e-05,Normal
14794,1.190643805496348e-05,Normal
14795,1.190643805496348e-05,Normal
14796,1.190643805496348e-05,Normal
14797,1.190643805496348e-05,Normal
14798,1.190643805496348e-05,Normal
14799,0.00019252646201889351,Normal
14800,0.00019213109360737625,Normal
14801,0.00018842026592932323,Normal
14802,0.00018349460535541087,Normal
14803,0.00017230418008660453,Normal
14804,0.0001609419811256898,Normal
14805,0.00014263786508803017,Normal
14806,0.0001377887075626036,Normal
14807,0.00011534233799999455,Normal
14808,0.00012412676990742743,Normal
14809,1.1851205016143026e-05,Normal
14810,1.1828948792271148e-05,Normal
14811,1.175406131739904e-05,Normal
14812,1.1830842856411538e-05,Normal
14813,1.190643805496348e-05,Normal
14814,0.0001532709641996781,Normal
14815,0.0001529062056226254,Normal
14816,0.00014978341824248528,Normal
14817,0.0001454433110216076,Normal
14818,0.00013570485670727476,Normal
14819,0.00012565585499030324,Normal
14820,0.00010979817447944192,Normal
14821,0.0001054217464817533,Normal
14822,8.601453117133646e-05,Normal
14823,9.394814520491228e-05,Normal
14824,1.190643805496348e-05,Normal
14825,1.190643805496348e-05,Normal
14826,1.190643805496348e-05,Normal
14827,1.190643805496348e-05,Normal
14828,1.190643805496348e-05,Normal
14829,8.323697777602902e-05,Normal
14830,8.294573085257524e-05,Normal
14831,8.099777525149749e-05,Normal
14832,7.798390062164847e-05,Normal
14833,7.156559942078869e-05,Normal
14834,6.45511931293737e-05,Normal
14835,5.395284786157632e-05,Normal
14836,5.073618184796017e-05,Normal
14837,3.7954273192814944e-05,Normal
14838,4.414847272974054e-05,Normal
14839,1.190643805496348e-05,Normal
14840,1.190643805496348e-05,Normal
14841,1.190643805496348e-05,Normal
14842,1.2016097399701436e-05,Normal
14843,1.2014352608331617e-05,Normal
14844,0.00011800488842560724,Normal
14845,0.00011765551618065991,Normal
14846,0.00011506144553732589,Normal
14847,0.00011140014162668427,Normal
14848,0.00010315267579134853,Normal
14849,9.446677034355483e-05,Normal
14850,8.097375945931913e-05,Normal
14851,7.717952004801506e-05,Normal
14852,6.088453297311208e-05,Normal
14853,6.791125647462984e-05,Normal
14854,1.1828948792271148e-05,Normal
14855,1.1863899839195718e-05,Normal
14856,1.193885934454793e-05,Normal
14857,1.2006030408136324e-05,Normal
14858,1.1986860226308185e-05,Normal
14859,0.00014836892285867334,Normal
14860,0.00014796746987601612,Normal
14861,0.00014485464302397535,Normal
14862,0.00014058064089827598,Normal
14863,0.00013097879010813646,Normal
14864,0.00012122459488705401,Normal
14865,0.0001057323319502796,Normal
14866,0.00010142206265627712,Normal
14867,8.24216783307607e-05,Normal
14868,9.023880960886091e-05,Normal
14869,1.190643805496348e-05,Normal
14870,1.190643805496348e-05,Normal
14871,1.190643805496348e-05,Normal
14872,1.190643805496348e-05,Normal
14873,1.190643805496348e-05,Normal
14874,2.1388815405542792e-05,Normal
14875,2.12862379815809e-05,Normal
14876,2.0803996211903074e-05,Normal
14877,1.991668631740422e-05,Normal
14878,1.830406112751809e-05,Normal
14879,1.6246818329306126e-05,Normal
14880,1.333231336431591e-05,Normal
14881,1.2278963040256824e-05,Normal
14882,7.849185822529861e-05,Normal
14883,8.254949893948298e-05,Normal
14884,7.954500231325583e-05,Normal
14885,7.654783146314505e-05,Normal
14886,7.013590613182008e-05,Normal
14887,6.330028269315382e-05,Normal
14888,5.2879183235191085e-05,Normal
14889,4.969239406263e-05,Normal
14890,3.705461768629595e-05,Normal
14891,4.3248754789684574e-05,Normal
14892,1.190643805496348e-05,Normal
14893,1.190643805496348e-05,Normal
14894,1.190643805496348e-05,Normal
14895,1.190643805496348e-05,Normal
14896,0.00013777014781641092,Normal
14897,0.00013741816678962407,Normal
14898,0.00025967030774775755,Normal
14899,0.0002551338862965066,Normal
14900,0.0002430122660389051,Normal
14901,0.00022927032895318674,Normal
14902,0.00020578155984196206,Normal
14903,0.0001923736523738793,Normal
14904,0.00016172893700648286,Normal
14905,0.00016782340673892154,Normal
14906,7.482267727649007e-05,Normal
14907,8.238426189094925e-05,Normal
14908,1.190643805496348e-05,Normal
14909,1.190643805496348e-05,Normal
14910,1.1906377435519295e-05,Normal
14911,1.1906377435519295e-05,Normal
14912,0.00015829780235258393,Normal
14913,0.00015792835725745848,Normal
14914,0.00015472853994937612,Normal
14915,0.000150308560359209,Normal
14916,0.00014046533223726403,Normal
14917,0.0001302357183802845,Normal
14918,0.00011403622433737422,Normal
14919,0.00010958216607951498,Normal
14920,8.973441806374319e-05,Normal
14921,9.777366035179874e-05,Normal
14922,1.1851205016143026e-05,Normal
14923,1.1828948792271148e-05,Normal
14924,1.175406131739904e-05,Normal
14925,1.1830842856411538e-05,Normal
14926,0.00012493687223901815,Normal
14927,0.00012459715252086904,Normal
14928,0.0001226098822123161,Normal
14929,0.00011875619513170365,Normal
14930,0.00011019462577571187,Normal
14931,0.0001011191187678109,Normal
14932,8.69858188290145e-05,Normal
14933,8.27943747222934e-05,Normal
14934,6.550713785960816e-05,Normal
14935,7.268936640538444e-05,Normal
14936,1.1045497737404805e-05,Normal
14937,1.1498347756457366e-05,Normal
14938,1.190643805496348e-05,Normal
14939,1.190643805496348e-05,Normal
14940,0.00014156237897921544,Normal
14941,0.00014120665217421242,Normal
14942,0.00013826780293834173,Normal
14943,0.00013411914482948787,Normal
14944,0.00012487702145854397,Normal
14945,0.00011526121480036554,Normal
14946,0.00010018462876089569,Normal
14947,9.596852090253103e-05,Normal
14948,7.764338651968886e-05,Normal
14949,8.53217892211054e-05,Normal
14950,1.2006030408136324e-05,Normal
14951,1.1986860226308185e-05,Normal
14952,1.1952386003841655e-05,Normal
14953,1.190982963292567e-05,Normal
14954,0.0009384151723118561,Anomaly
14955,0.0010672418591322619,Anomaly
14956,0.0010593290784771943,Anomaly
14957,0.001041988715105311,Anomaly
14958,0.001015538913700877,Anomaly
14959,0.0009735399035454449,Anomaly
14960,0.0009273004162116498,Anomaly
14961,0.000895545780076021,Anomaly
14962,0.0008428285922513823,Anomaly
14963,0.0008309957429119408,Anomaly
14964,8.431013134543652e-05,Normal
14965,1.1240709242417293e-05,Normal
14966,1.190643805496348e-05,Normal
14967,1.190643805496348e-05,Normal
14968,0.0001522764161253972,Normal
14969,0.00015191206126907256,Normal
14970,0.0001488048028089985,Normal
14971,0.00014448069157777782,Normal
14972,0.00013478405590302365,Normal
14973,0.00012477052426187492,Normal
14974,0.00010897838741053011,Normal
14975,0.00010461525718190262,Normal
14976,8.528900099876886e-05,Normal
14977,9.31991895283174e-05,Normal
14978,1.190643805496348e-05,Normal
14979,1.190643805496348e-05,Normal
14980,1.190643805496348e-05,Normal
14981,0.00014735395021555045,Normal
14982,0.00014699393178086454,Normal
14983,0.00014396314211033125,Normal
14984,0.00013971925236944352,Normal
14985,0.0001302295274957427,Normal
14986,0.00012039582925022779,Normal
14987,0.00010492958741995381,Normal
14988,0.00010063249006791821,Normal
14989,8.181914698691442e-05,Normal
14990,8.963735138131472e-05,Normal
14991,1.2006030408136324e-05,Normal
14992,1.1986860226308185e-05,Normal
14993,1.2062122584868992e-05,Normal
14994,0.00011801931397218761,Normal
14995,0.00011761825115011318,Normal
14996,0.00011502779263525182,Normal
14997,0.00011120702233924926,Normal
14998,0.00010309361397940536,Normal
14999,9.44297013331573e-05,Normal
15000,8.099141805867038e-05,Normal
15001,7.70750008958715e-05,Normal
15002,6.0923188152719404e-05,Normal
15003,6.80652590902739e-05,Normal
15004,1.2006030408136324e-05,Normal
15005,1.1986860226308185e-05,Normal
15006,0.0005223559893577492,Normal
15007,0.0005217427133473198,Normal
15008,0.0005137149466604013,Normal
15009,0.0005056067913782233,Normal
15010,0.00048426487454242457,Normal
15011,0.00046603458682345424,Normal
15012,0.00043260393161874395,Normal
15013,0.000426104978536891,Normal
15014,0.00038604134003271195,Normal
15015,0.0003999124960145676,Normal
15016,1.190643805496348e-05,Normal
15017,1.190643805496348e-05,Normal
15018,9.278021397011126e-05,Normal
15019,9.247665475902956e-05,Normal
15020,9.035620115237431e-05,Normal
15021,8.712701924973793e-05,Normal
15022,8.019445714101695e-05,Normal
15023,7.268779496438489e-05,Normal
15024,6.126695878691071e-05,Normal
15025,5.786128516728316e-05,Normal
15026,4.409577726877439e-05,Normal
15027,5.0429874795864383e-05,Normal
15028,1.190643805496348e-05,Normal
15029,1.190643805496348e-05,Normal
15030,1.190643805496348e-05,Normal
15031,0.00013777014781641092,Normal
15032,0.00013741816678962407,Normal
15033,0.0001345389256496306,Normal
15034,0.00013045528320872798,Normal
15035,0.00012137750307199984,Normal
15036,0.00011190708966849875,Normal
15037,9.708945702866241e-05,Normal
15038,9.292821571077828e-05,Normal
15039,7.4822665659526e-05,Normal
15040,8.238426189094925e-05,Normal
15041,1.190643805496348e-05,Normal
15042,1.190643805496348e-05,Normal
15043,1.190643805496348e-05,Normal
15044,8.904047665098154e-05,Normal
15045,8.874126055272463e-05,Normal
15046,8.668761451831073e-05,Normal
15047,8.354106579851695e-05,Normal
15048,8.864875811883932e-05,Normal
15049,8.124821954561437e-05,Normal
15050,6.921532113949673e-05,Normal
15051,6.518557451411932e-05,Normal
15052,4.995641346120888e-05,Normal
15053,5.513528205034658e-05,Normal
15054,1.4375551479249095e-05,Normal
15055,1.3160417932139999e-05,Normal
15056,8.848018160726655e-06,Normal
15057,1.24874023925158e-05,Normal
15058,1.190643805496348e-05,Normal
15059,1.190643805496348e-05,Normal
15060,1.190643805496348e-05,Normal
15061,0.00013777014781641092,Normal
15062,0.00013741816678962407,Normal
15063,0.0001345389256496306,Normal
15064,0.00013045528320872798,Normal
15065,0.00012137750307199984,Normal
15066,0.00011190708966849875,Normal
15067,9.708945702866241e-05,Normal
15068,9.292794327006751e-05,Normal
15069,7.482267727649007e-05,Normal
15070,8.238401654716459e-05,Normal
15071,1.1906377435519295e-05,Normal
15072,1.190643805496348e-05,Normal
15073,1.190643805496348e-05,Normal
15074,0.00013777014781641092,Normal
15075,0.00013741816678962407,Normal
15076,0.0001345389256496306,Normal
15077,0.00013045528320872798,Normal
15078,0.00012137750307199984,Normal
15079,0.00011190708966849875,Normal
15080,9.708945702866241e-05,Normal
15081,9.292794327006751e-05,Normal
15082,7.482267727649007e-05,Normal
15083,8.238426189094925e-05,Normal
15084,1.190643805496348e-05,Normal
15085,1.190643805496348e-05,Normal
15086,1.190643805496348e-05,Normal
15087,0.00013777014781641092,Normal
15088,0.00013741816678962407,Normal
15089,0.0001345389256496306,Normal
15090,0.00013045528320872798,Normal
15091,0.00012137750307199984,Normal
15092,0.00011190708966849875,Normal
15093,9.708945702866241e-05,Normal
15094,9.292794327006751e-05,Normal
15095,7.482267727649007e-05,Normal
15096,8.238426189094925e-05,Normal
15097,1.190643805496348e-05,Normal
15098,1.190643805496348e-05,Normal
15099,1.190643805496348e-05,Normal
15100,0.00013777014781641092,Normal
15101,0.00013741816678962407,Normal
15102,0.00013453908125579932,Normal
15103,0.0001304552365780631,Normal
15104,0.00012137750307199984,Normal
15105,0.00011190708966849875,Normal
15106,9.708945702866241e-05,Normal
15107,9.292794327006751e-05,Normal
15108,7.482267727649007e-05,Normal
15109,8.238426189094925e-05,Normal
15110,1.190643805496348e-05,Normal
15111,1.190643805496348e-05,Normal
15112,1.190643805496348e-05,Normal
15113,0.00013777014781641092,Normal
15114,0.00013741816678962407,Normal
15115,0.0001345389256496306,Normal
15116,0.00013045528320872798,Normal
15117,0.00012137750307199984,Normal
15118,0.00011190708966849875,Normal
15119,9.708945702866241e-05,Normal
15120,9.292794327006751e-05,Normal
15121,7.482267727649007e-05,Normal
15122,8.238426189094925e-05,Normal
15123,1.190643805496348e-05,Normal
15124,1.190643805496348e-05,Normal
15125,1.190643805496348e-05,Normal
15126,0.00013777014781641092,Normal
15127,0.00013741816678962407,Normal
15128,0.0001345389256496306,Normal
15129,0.00013045528320872798,Normal
15130,0.00012137750307199984,Normal
15131,0.00011190708966849875,Normal
15132,9.708945702866241e-05,Normal
15133,9.292794327006751e-05,Normal
15134,7.4822665659526e-05,Normal
15135,8.238401654716459e-05,Normal
15136,1.190643805496348e-05,Normal
15137,1.190643805496348e-05,Normal
15138,1.190643805496348e-05,Normal
15139,0.00013777014781641092,Normal
15140,0.00013741816678962407,Normal
15141,0.0001345389256496306,Normal
15142,0.00013045528320872798,Normal
15143,0.00012137750307199984,Normal
15144,0.00011190708966849875,Normal
15145,9.708945702866241e-05,Normal
15146,9.292794327006751e-05,Normal
15147,7.482267727649007e-05,Normal
15148,8.238426189094925e-05,Normal
15149,1.190643805496348e-05,Normal
15150,1.190643805496348e-05,Normal
15151,2.5304392541369246e-05,Normal
15152,0.00011006519777058468,Normal
15153,0.00010955588697818261,Normal
15154,0.00010623152711085958,Normal
15155,0.0001015194696919678,Normal
15156,9.134549907173174e-05,Normal
15157,8.10308981291298e-05,Normal
15158,6.725678322694892e-05,Normal
15159,5.9148652534650944e-05,Normal
15160,4.7893546665618626e-05,Normal
15161,5.302747441586164e-05,Normal
15162,1.190643805496348e-05,Normal
15163,1.190643805496348e-05,Normal
15164,1.190643805496348e-05,Normal
15165,1.4589146636187332e-05,Normal
15166,0.0001330663778978161,Normal
15167,0.00013267189758366937,Normal
15168,0.00012955434487370434,Normal
15169,0.00012525380481165076,Normal
15170,0.00011549008451437718,Normal
15171,0.00010565888869363168,Normal
15172,9.05856669206615e-05,Normal
15173,8.527134663019103e-05,Normal
15174,6.883483206241929e-05,Normal
15175,7.693569544268493e-05,Normal
15176,0.00013683066335474207,Normal
15177,0.0001364801732375109,Normal
15178,0.000133615493551338,Normal
15179,0.00012954819969260853,Normal
15180,0.00012051136177002446,Normal
15181,0.00011107684107853588,Normal
15182,9.632434319437373e-05,Normal
15183,9.217666087678192e-05,Normal
15184,7.415258417956951e-05,Normal
15185,8.169085636690062e-05,Normal
15186,0.000134963003435006,Normal
15187,0.00013461358356663862,Normal
15188,0.0001317793492666852,Normal
15189,0.0001277436166583631,Normal
15190,0.00011878871015165073,Normal
15191,0.00010942753167691081,Normal
15192,9.480432852513815e-05,Normal
15193,9.068419515567599e-05,Normal
15194,7.282264696574065e-05,Normal
15195,8.031484087328058e-05,Normal
15196,0.00012944183698523974,Normal
15197,0.00012909783918758818,Normal
15198,0.00012635260523173494,Normal
15199,0.00012241260241853557,Normal
15200,0.00011370485359048048,Normal
15201,0.00010456236598501965,Normal
15202,9.032679385184421e-05,Normal
15203,8.629060992029289e-05,Normal
15204,6.89163991336706e-05,Normal
15205,7.627009924464619e-05,Normal
15206,0.00010778598807976497,Normal
15207,0.00010746322464183246,Normal
15208,0.00010508013141583082,Normal
15209,0.00010154227301097964,Normal
15210,9.384978737710101e-05,Normal
15211,8.878636509841153e-05,Normal
15212,7.59580512186408e-05,Normal
15213,7.22171201804674e-05,Normal
15214,5.650864196661248e-05,Normal
15215,6.325537235312625e-05,Normal
15216,0.00016208858873389414,Normal
15217,0.0001602710062250987,Normal
15218,0.00015668259455927963,Normal
15219,0.00015070186025468605,Normal
15220,0.00014328472271981824,Normal
15221,0.00013286263648535916,Normal
15222,0.00011648236134594015,Normal
15223,0.00011200200926810191,Normal
15224,9.194417592224403e-05,Normal
15225,0.0002158261189457643,Normal
15226,0.0001219382339434563,Normal
15227,0.00011931051482861384,Normal
15228,0.00011549901366846901,Normal
15229,0.00010711753552477939,Normal
15230,9.826914683999012e-05,Normal
15231,8.454864286200823e-05,Normal
15232,8.062591913662827e-05,Normal
15233,6.390284726988789e-05,Normal
15234,7.119913043649916e-05,Normal
15235,0.00023665274335170117,Normal
15236,0.0002362261900239652,Normal
15237,0.00023186376703181956,Normal
15238,0.00022635856567639469,Normal
15239,0.00021341691041789325,Normal
15240,0.00020074931277795348,Normal
15241,0.00017995054372176256,Normal
15242,0.00017464163381388043,Normal
15243,0.00014929893764494283,Normal
15244,0.00015899905290706032,Normal
15245,0.0003298456290781261,Normal
15246,0.0003293673801334166,Normal
15247,0.00032377021977873257,Normal
15248,0.0003172701216749017,Normal
15249,0.00030135964412739965,Normal
15250,0.00028647109292374417,Normal
15251,0.00026108748390720377,Normal
15252,0.0002552227729034645,Normal
15253,0.00022432706237462838,Normal
15254,0.00023567251479141688,Normal
15255,0.00013046464818760974,Normal
15256,0.00013011662119504142,Normal
15257,0.0001273377957585304,Normal
15258,0.00012336296637195795,Normal
15259,0.00011456098768614209,Normal
15260,0.00010534726175512241,Normal
15261,9.100665134048261e-05,Normal
15262,8.689149324978746e-05,Normal
15263,6.960056726947335e-05,Normal
15264,199.37934013565558,Anomaly
15265,315.87502720780674,Anomaly
15266,379.07455966267315,Anomaly
15267,374.4898496519024,Anomaly
15268,377.3132213612649,Anomaly
15269,386.87735216444526,Anomaly
15270,417.25085354407463,Anomaly
15271,346.29895878708123,Anomaly
15272,267.2511315411683,Anomaly
15273,299.06020110122915,Anomaly
15274,1.190643805496348e-05,Normal
15275,1.190643805496348e-05,Normal
15276,1.190643805496348e-05,Normal
15277,3.743423216954646e-05,Normal
15278,4.0268041789359524e-05,Normal
15279,0.00011781248478308897,Normal
15280,0.00011576114611726636,Normal
15281,0.00020427348928253171,Normal
15282,0.00043325962014029233,Normal
15283,0.00041805001249140764,Normal
15284,0.0004741289035331096,Normal
15285,0.00044853533720066834,Normal
15286,0.0005571062518977962,Normal
15287,0.0005098371000488784,Normal
15288,0.000649399874982829,Normal
15289,0.0005663137864441361,Normal
15290,0.0005336968026765276,Normal
15291,0.0004753055208489448,Normal
15292,0.00031249601174007045,Normal
15293,0.0003134259418892799,Normal
15294,0.00023166310993787625,Normal
15295,0.0002401155775024361,Normal
15296,0.00014423405914913218,Normal
15297,0.00015279449904805355,Normal
15298,4.52455508895974e-05,Normal
15299,4.566169345508075e-05,Normal
15300,3.385301568993006e-05,Normal
15301,3.947711984754188e-05,Normal
15302,1.6798601491373647e-05,Normal
15303,4.38356067186813e-05,Normal
15304,3.9003298266218316e-05,Normal
15305,4.040500669955031e-05,Normal
15306,3.7102008324751585e-05,Normal
15307,5.329022485545352e-05,Normal
15308,5.1202090362073986e-05,Normal
15309,4.393170028792081e-05,Normal
15310,4.094944098259728e-05,Normal
15311,4.531207681563968e-05,Normal
15312,4.909875363304618e-05,Normal
15313,3.329197297618016e-05,Normal
15314,3.054477202857086e-05,Normal
15315,2.1929509873952165e-05,Normal
15316,2.4776370102095944e-05,Normal
15317,1.562256173014476e-05,Normal
15318,1.4250570658502397e-05,Normal
15319,9.347545799720958e-06,Normal
15320,1.3359248989943073e-05,Normal
15321,1.2016097399701436e-05,Normal
15322,0.00012150709802641592,Normal
15323,0.0001211669567194736,Normal
15324,0.00011853526472736982,Normal
15325,0.00011472040285888025,Normal
15326,0.00010632728800909128,Normal
15327,9.747984528603123e-05,Normal
15328,8.378414545012923e-05,Normal
15329,7.981041664598416e-05,Normal
15330,6.333288726371168e-05,Normal
15331,7.056712873384604e-05,Normal
15332,1.2006030408136324e-05,Normal
15333,0.00015736080290310378,Normal
15334,0.00015696317913384858,Normal
15335,0.000153726868792437,Normal
15336,0.0001492743911179721,Normal
15337,0.00013933843557660817,Normal
15338,0.00012909751654801243,Normal
15339,0.00011308165699277598,Normal
15340,0.0001086842182792682,Normal
15341,8.895187270451942e-05,Normal
15342,0.00013168432490658161,Normal
15343,4.410383196747352e-05,Normal
15344,4.296051565985613e-05,Normal
15345,4.1040370491710594e-05,Normal
15346,3.7122463656643896e-05,Normal
15347,3.263310947121703e-05,Normal
15348,2.6086582921154503e-05,Normal
15349,2.3920985094273374e-05,Normal
15350,1.585973676082133e-05,Normal
15351,5.624469135820768e-05,Normal
15352,4.5080073911179574e-05,Normal
15353,4.3913286258787824e-05,Normal
15354,4.195928607878345e-05,Normal
15355,3.8072968109176955e-05,Normal
15356,3.350285759128953e-05,Normal
15357,2.6821623082560065e-05,Normal
15358,2.4604965980870533e-05,Normal
15359,1.6364988785248914e-05,Normal
15360,0.00014287330108600984,Normal
15361,0.00012903098871779864,Normal
15362,0.00012626890441480983,Normal
15363,0.0001222596810681567,Normal
15364,0.000113774684274149,Normal
15365,0.00010466483645500612,Normal
15366,9.04146906533132e-05,Normal
15367,8.636501080754735e-05,Normal
15368,6.895826724070934e-05,Normal
15369,0.00010101733118928171,Normal
15370,3.463484087343165e-05,Normal
15371,3.37113985589815e-05,Normal
15372,3.207740444080122e-05,Normal
15373,2.9032504035791507e-05,Normal
15374,2.544418487534269e-05,Normal
15375,2.0184162074326933e-05,Normal
15376,1.8395399521981313e-05,Normal
15377,1.1873274248917451e-05,Normal
15378,9.755292115805843e-05,Normal
15379,9.022478639707349e-05,Normal
15380,8.814483270061499e-05,Normal
15381,8.496524473102109e-05,Normal
15382,7.815157184697268e-05,Normal
15383,7.07581385688545e-05,Normal
15384,5.952763683615442e-05,Normal
15385,5.6164714422131235e-05,Normal
15386,4.2648306380978383e-05,Normal
15387,4.9040760180662645e-05,Normal
15388,9.289164322426465e-05,Normal
15389,9.258423634366092e-05,Normal
15390,9.04449872066686e-05,Normal
15391,8.719546611232866e-05,Normal
15392,8.021134412525963e-05,Normal
15393,7.277452386540123e-05,Normal
15394,6.130737452448363e-05,Normal
15395,5.7829201324414806e-05,Normal
15396,4.410392516323514e-05,Normal
15397,5.050537714604545e-05,Normal
15398,0.000144440054183447,Normal
15399,0.00014401715391056276,Normal
15400,0.00014101585696472296,Normal
15401,0.0001367505915277678,Normal
15402,0.00012750709446489124,Normal
15403,0.00011781308507014124,Normal
15404,0.0001025410758732114,Normal
15405,9.828475584806699e-05,Normal
15406,7.960962025848244e-05,Normal
15407,8.73339116690604e-05,Normal
15408,2.0039760821130403e-05,Normal
15409,1.9949106041832882e-05,Normal
15410,1.9518922275361213e-05,Normal
15411,1.8718767150573765e-05,Normal
15412,1.7176336608627642e-05,Normal
15413,1.532769418067766e-05,Normal
15414,1.2721793617284383e-05,Normal
15415,1.1787549781547898e-05,Normal
15416,8.511306802260504e-06,Normal
15417,0.0002707285704600689,Normal
15418,0.000268531000337802,Normal
15419,0.00026374013843707484,Normal
15420,0.0002578743790563566,Normal
15421,0.00024389199498619984,Normal
15422,0.00023051686122227362,Normal
15423,0.0002080618202103849,Normal
15424,0.00020256884873761654,Normal
15425,0.00017511783073597624,Normal
15426,0.00018536286058875792,Normal
15427,5.698643382818038e-05,Normal
15428,5.667320474444174e-05,Normal
15429,5.522462503667314e-05,Normal
15430,5.282575484241853e-05,Normal
15431,4.810023246865145e-05,Normal
15432,4.271665700940993e-05,Normal
15433,3.4686398697714966e-05,Normal
15434,3.2112296044041285e-05,Normal
15435,2.2300624375203615e-05,Normal
15436,2.8229335578583686e-05,Normal
15437,5.987393870524929e-05,Normal
15438,5.961853781796224e-05,Normal
15439,5.812762203536465e-05,Normal
15440,5.57166743881599e-05,Normal
15441,5.069749331160624e-05,Normal
15442,7.345974162909614e-05,Normal
15443,6.446068199726505e-05,Normal
15444,6.110242680632508e-05,Normal
15445,4.94342101227397e-05,Normal
15446,5.423165224960914e-05,Normal
15447,2.971467755374283e-05,Normal
15448,2.3659444362035346e-05,Normal
15449,2.1635332741854417e-05,Normal
15450,1.4159507219274505e-05,Normal
15451,1.9431847845271367e-05,Normal
15452,9.127409379884949e-05,Normal
15453,9.097186650379894e-05,Normal
15454,8.887861710858011e-05,Normal
15455,8.568219599320966e-05,Normal
15456,7.882912052962378e-05,Normal
15457,7.139808173411871e-05,Normal
15458,6.010417261482577e-05,Normal
15459,5.672674580176466e-05,Normal
15460,4.312708790440673e-05,Normal
15461,4.941501355901498e-05,Normal
15462,0.0001532712446962775,Normal
15463,0.00015290623377110037,Normal
15464,0.00014978341824248528,Normal
15465,0.0001454433110216076,Normal
15466,0.00013570485670727476,Normal
15467,0.00012565585499030324,Normal
15468,0.00010979817447944192,Normal
15469,0.0001054217464817533,Normal
15470,8.601453117133646e-05,Normal
15471,9.394814520491228e-05,Normal
15472,9.58349857320295e-05,Normal
15473,9.552747899789692e-05,Normal
15474,9.33524068260644e-05,Normal
15475,9.005789987409658e-05,Normal
15476,8.988402759060598e-05,Normal
15477,8.217107349111915e-05,Normal
15478,6.985600836102332e-05,Normal
15479,6.590639731552543e-05,Normal
15480,5.051746712503786e-05,Normal
15481,5.637516666395408e-05,Normal
15482,1.2478992080921987e-05,Normal
15483,1.1619480477851924e-05,Normal
15484,8.621046476446899e-06,Normal
15485,1.1279689618188643e-05,Normal
15486,3.2480731620858623e-05,Normal
15487,3.222824462572131e-05,Normal
15488,3.137166222751563e-05,Normal
15489,2.9840561632551263e-05,Normal
15490,2.701524323851642e-05,Normal
15491,0.00022924342751385983,Normal
15492,0.0002232505112258025,Normal
15493,0.00021813183347028686,Normal
15494,0.00020736317943278586,Normal
15495,0.00020456596419923557,Normal
15496,0.00021481244456852746,Normal
15497,0.0003268369335786028,Normal
15498,0.0003244913144668063,Normal
15499,0.000293865043681198,Normal
15500,0.0003067982578664571,Normal
15501,0.00015233918486796589,Normal
15502,0.00028559591166398555,Normal
15503,0.000263959569582572,Normal
15504,0.00025138486967693757,Normal
15505,0.0002351378010466599,Normal
15506,0.00022888970420711563,Normal
15507,0.0002272855991497008,Normal
15508,0.00020919514136931712,Normal
15509,0.00020361972561912424,Normal
15510,0.00018047281354221015,Normal
15511,0.0001894542208617879,Normal
15512,0.00019113466062925326,Normal
15513,0.00017679793740895503,Normal
15514,0.00017166813312805327,Normal
15515,0.00015314115800533378,Normal
15516,0.00015927772652143732,Normal
15517,0.00023668765985127276,Normal
15518,0.00022146343047615272,Normal
15519,0.00021584076895555322,Normal
15520,0.0001959721319308552,Normal
15521,0.00020238630186297763,Normal
15522,0.0002373205454130948,Normal
15523,0.0002193344798811487,Normal
15524,0.0002136654237396689,Normal
15525,0.00019056437714915826,Normal
15526,0.00019941341217531882,Normal
15527,0.00023430425742164,Normal
15528,0.0002186950759040714,Normal
15529,0.00021308601180195633,Normal
15530,0.00019277289952930027,Normal
15531,0.00019969172469202763,Normal
15532,0.0002504065757649158,Normal
15533,0.00023276592837157998,Normal
15534,0.0002269647362718554,Normal
15535,0.00020416332477528817,Normal
15536,0.00021257677814296886,Normal
15537,0.00022259170682221497,Normal
15538,0.0002056448586584598,Normal
15539,0.00020006702044382866,Normal
15540,0.00017838482185429937,Normal
