ReconstructionError,Anomaly
2.7308714787933788e-05,False
2.7275958123388773e-05,False
2.7238721198766132e-05,False
2.720150982302658e-05,False
2.71623864431786e-05,False
2.712503558091014e-05,False
2.70880941174515e-05,False
2.7051886230190913e-05,False
2.7016968298361696e-05,False
2.6979393179492145e-05,False
2.6945512430124148e-05,False
2.6903939739239584e-05,False
2.6868561196049315e-05,False
2.6831795110661283e-05,False
2.679326370200917e-05,False
2.6760302713828418e-05,False
2.672342076717322e-05,False
2.6686050873268124e-05,False
2.6649220346108708e-05,False
2.6612225831868643e-05,False
2.657442154255737e-05,False
2.6535942790422387e-05,False
2.650378552753695e-05,False
2.6468993894395785e-05,False
2.643110294414151e-05,False
2.639393862225049e-05,False
2.635559108290635e-05,False
2.6319688598147784e-05,False
2.6282414922839105e-05,False
2.6248883320382933e-05,False
2.6213563018349527e-05,False
2.617655235371849e-05,False
2.6138872002225465e-05,False
2.6102930776796507e-05,False
2.6065303709151895e-05,False
2.602770388121491e-05,False
2.5993827764829046e-05,False
2.5957800394214755e-05,False
2.5922170789830297e-05,False
2.5886751805846936e-05,False
2.5850479227521867e-05,False
2.581284948220617e-05,False
2.5777000075087926e-05,False
2.574411176420827e-05,False
2.5707620217824926e-05,False
2.5670094993760037e-05,False
2.5633471119847778e-05,False
2.5597880794601885e-05,False
2.556199651751825e-05,False
2.552526575627841e-05,False
2.5491717614044133e-05,False
2.545810142930457e-05,False
2.3617362037934036e-05,False
2.3583440743286568e-05,False
2.3547749315977945e-05,False
2.351208512837825e-05,False
2.3480358058759826e-05,False
2.344639018661312e-05,False
2.3409305334983404e-05,False
2.3376033813940713e-05,False
2.334050084260049e-05,False
2.3305493488112785e-05,False
2.3271508869103703e-05,False
2.323634557428446e-05,False
2.3204985000915773e-05,False
2.3170224748995832e-05,False
2.3866727057866364e-05,False
2.3832758666209277e-05,False
2.37961916299074e-05,False
2.3760467181647327e-05,False
2.3725265320008396e-05,False
2.3695223694643385e-05,False
2.2923479555391e-05,False
2.288829523349173e-05,False
2.2855399814215613e-05,False
2.3583201108673545e-05,False
2.3549118040703745e-05,False
2.3514231337765247e-05,False
2.3480691649651335e-05,False
2.344406147728516e-05,False
2.3409429682453388e-05,False
2.337742283294903e-05,False
2.3343332791015987e-05,False
2.2540641384516882e-05,False
2.3283755114316562e-05,False
2.3249242372341117e-05,False
2.321312711277072e-05,False
2.3178177226360443e-05,False
2.3144703275570593e-05,False
2.3109315787091692e-05,False
2.3075246318893185e-05,False
2.3043000684580088e-05,False
2.222986683169994e-05,False
2.2197767849715266e-05,False
2.216537794988311e-05,False
2.2129185639621955e-05,False
2.209747154457791e-05,False
2.2962473808497382e-05,False
2.292722183647698e-05,False
2.2893613239956956e-05,False
2.2857771506395907e-05,False
2.2823885639244875e-05,False
2.2790995581826334e-05,False
2.2755547965032475e-05,False
2.2724184843351726e-05,False
2.269057023346081e-05,False
2.2658089166664106e-05,False
2.2621793863390897e-05,False
2.258856736804602e-05,False
2.25540883402037e-05,False
2.2521067263949053e-05,False
2.254887557123919e-05,False
2.251570080036763e-05,False
2.248079306144294e-05,False
2.2448150095378406e-05,False
2.2412177195461258e-05,False
2.2378948124150075e-05,False
2.2344783108574428e-05,False
2.231449492154532e-05,False
2.227895437398367e-05,False
2.2246769173871595e-05,False
2.2212705564855575e-05,False
2.2178992339925425e-05,False
2.2146725145075024e-05,False
2.2111952078069146e-05,False
2.2082931654057703e-05,False
2.2046145206849517e-05,False
2.201492943867344e-05,False
2.198056786864785e-05,False
2.194607979573241e-05,False
2.1913353799265023e-05,False
2.1879547665914092e-05,False
2.184816640839703e-05,False
2.1815989026138287e-05,False
2.1784140640763592e-05,False
2.1748554060100004e-05,False
2.1715350074345144e-05,False
2.1680446099034986e-05,False
2.1649018749482773e-05,False
2.1616705791872433e-05,False
2.1583281875733183e-05,False
2.155082890784657e-05,False
2.1518249346672304e-05,False
2.1484750874892252e-05,False
2.1451127847703512e-05,False
2.141768196256698e-05,False
2.1387256272285782e-05,False
2.135448126200014e-05,False
2.1320960991184692e-05,False
2.1289326832993082e-05,False
2.125444935467923e-05,False
2.122209631293947e-05,False
2.1188211976499014e-05,False
2.115733228071838e-05,False
2.11262885686882e-05,False
2.109309809442309e-05,False
2.1060082546734135e-05,False
2.1026795765569675e-05,False
2.09946178663991e-05,False
2.0961998209561787e-05,False
2.0931432447953762e-05,False
2.0900555897511555e-05,False
2.0865999387765548e-05,False
2.0833945667396365e-05,False
2.0800521785259308e-05,False
2.076898353210814e-05,False
2.0735000724222125e-05,False
2.070628687773444e-05,False
2.0673893301519988e-05,False
2.0641061883003636e-05,False
2.0609792153568464e-05,False
2.05764031184497e-05,False
2.0541970615006458e-05,False
2.0510314568341297e-05,False
2.0480080320544724e-05,False
2.0450001892486448e-05,False
2.0416743308042618e-05,False
2.038319628847341e-05,False
2.0352123832410273e-05,False
2.031986561813131e-05,False
2.0287922375345906e-05,False
2.0256789388555154e-05,False
2.0224148277834965e-05,False
2.0193198207275748e-05,False
2.016060889152493e-05,False
2.0127875335369545e-05,False
2.0094280013837493e-05,False
2.006463183868567e-05,False
2.0035042281105887e-05,False
2.0001668101796746e-05,False
1.9969976965490696e-05,False
1.9938168361659064e-05,False
1.9907439479370177e-05,False
1.9874627800644176e-05,False
1.9841843361625143e-05,False
1.9813755104146496e-05,False
1.9781475654334075e-05,False
1.9749818601873387e-05,False
1.9718328523410187e-05,False
1.968626882197816e-05,False
1.9655141787424738e-05,False
1.962282184465096e-05,False
1.9593561602630398e-05,False
1.9563101338297616e-05,False
1.9531309177078633e-05,False
1.949881078439829e-05,False
1.946724214795993e-05,False
1.9435248506448207e-05,False
1.9401929623880044e-05,False
1.9374154693602235e-05,False
1.9342966789336852e-05,False
1.9312114464052387e-05,False
1.9280976786818393e-05,False
1.9249137614489064e-05,False
1.9218222338427662e-05,False
1.9186264261597304e-05,False
1.9158505872116395e-05,False
1.9125873483423067e-05,False
1.9096228980336612e-05,False
1.906364999527867e-05,False
1.9031545599937494e-05,False
1.9000636004099457e-05,False
1.8969477067489148e-05,False
1.8977772684744673e-05,False
1.894632261747975e-05,False
1.8915926505904405e-05,False
1.88849727324878e-05,False
1.885288115753982e-05,False
1.8821535418149437e-05,False
1.8791240281213028e-05,False
1.8772434075603294e-05,False
1.8741735125867368e-05,False
1.756787501801066e-05,False
1.7537900144825067e-05,False
1.7512792165436666e-05,False
1.7484072401409518e-05,False
1.7453728863478338e-05,False
1.74241771626435e-05,False
1.7395639171653063e-05,False
1.7367360323615846e-05,False
1.733766678947685e-05,False
1.730920020977769e-05,False
1.7527429075090843e-05,False
1.7495595082965785e-05,False
1.7466434965701544e-05,False
1.7436861283545383e-05,False
1.7406762259220068e-05,False
1.7381169963102933e-05,False
1.7101133266823254e-05,False
1.7071671977290713e-05,False
1.7041469720640925e-05,False
1.70127080402679e-05,False
1.6983429726485885e-05,False
1.6952660298989252e-05,False
1.6927512310014892e-05,False
1.689874280552847e-05,False
1.6868590203954064e-05,False
1.683954223041965e-05,False
1.6809443060902333e-05,False
1.6781313271856404e-05,False
1.6750625639943014e-05,False
1.7167795114387044e-05,False
1.714624727825725e-05,False
1.6665248103976488e-05,False
1.6636809035749704e-05,False
1.6606893721709225e-05,False
1.657753979184375e-05,False
1.7939478471923542e-05,False
1.7921559776183584e-05,False
1.788985394955793e-05,False
1.7859449147525666e-05,False
1.7832355311571826e-05,False
1.7800162349351115e-05,False
1.7769404646448848e-05,False
1.7739258557511526e-05,False
1.771270055086528e-05,False
1.7681609732765517e-05,False
1.7651382906849237e-05,False
1.762203759124832e-05,False
1.7590599623512514e-05,False
1.7562159567604266e-05,False
1.7531473113796673e-05,False
1.7503385901219906e-05,False
1.7475152055840742e-05,False
1.7444541953830213e-05,False
1.7414249574767417e-05,False
1.7383983777735242e-05,False
1.7354438053343782e-05,False
1.720721068297842e-05,False
1.7176023035686503e-05,False
1.714832319200534e-05,False
1.7119275650438046e-05,False
1.7090383555827938e-05,False
1.7061810675625477e-05,False
1.703241451904657e-05,False
1.7001517212505462e-05,False
1.6972725224451747e-05,False
1.6944800918866844e-05,False
1.6914793654695387e-05,False
1.688345383868557e-05,False
1.6858515366626216e-05,False
1.6828326606720766e-05,False
1.679968250127904e-05,False
1.6769546837485844e-05,False
1.6739857667617974e-05,False
1.6711417795049482e-05,False
1.6683420744545266e-05,False
1.6654516228913004e-05,False
1.6624929815419296e-05,False
1.6596460439509987e-05,False
1.656759831122231e-05,False
1.653917834535414e-05,False
1.6509695439638033e-05,False
1.6479822798830075e-05,False
1.645272430362231e-05,False
1.6423861378197416e-05,False
1.6394897615066777e-05,False
1.6366753404175112e-05,False
1.6337551934753712e-05,False
1.6308250805878206e-05,False
1.627868791381514e-05,False
1.6252582932398044e-05,False
1.6223609448931456e-05,False
1.6194824429177315e-05,False
1.616631535669211e-05,False
1.613783148603674e-05,False
1.610858675818093e-05,False
1.6080029642616847e-05,False
1.6053798183938056e-05,False
1.602541408585947e-05,False
1.5996931177814307e-05,False
1.596941848823097e-05,False
1.593909819841265e-05,False
1.591015957586137e-05,False
1.5881903450656805e-05,False
1.585665241182704e-05,False
1.5828444010446972e-05,False
1.5797727436592382e-05,False
1.5769571755852716e-05,False
1.5742134428602686e-05,False
1.5714558350284572e-05,False
1.5685418849267667e-05,False
1.565991826911957e-05,False
1.563188623632712e-05,False
1.5602174605882545e-05,False
1.557419462184238e-05,False
1.5547456359634326e-05,False
1.551766299777494e-05,False
1.5490568957569046e-05,False
1.5463368094778322e-05,False
1.543632179178157e-05,False
1.5407967412969472e-05,False
1.5379639240715418e-05,False
1.535133727502137e-05,False
1.5322941686325245e-05,False
1.5402850862368466e-05,False
1.539894084263063e-05,False
1.539573242355971e-05,False
1.539379897926412e-05,False
1.5390303090002935e-05,False
1.5387100451772545e-05,False
1.5384130793301872e-05,False
1.5380119922196392e-05,False
1.5377155176013656e-05,False
1.5375120525901198e-05,False
1.5371927532086678e-05,False
1.536978032690427e-05,False
1.5362626251540202e-05,False
1.535955632513951e-05,False
1.535544419605959e-05,False
1.535301809910298e-05,False
1.535088118938781e-05,False
1.534793763599018e-05,False
1.5344474234432178e-05,False
1.5337103727279755e-05,False
1.5333645224838507e-05,False
1.5332040978101915e-05,False
1.531970509293088e-05,False
1.5318224376188898e-05,False
1.785605513197995e-05,False
1.7823143911324374e-05,False
1.78041407251166e-05,False
1.5299661677387703e-05,False
1.5284888793163387e-05,False
1.5282215780634335e-05,False
1.5279063455450523e-05,False
1.527707854893602e-05,False
1.792352939336731e-05,False
1.7889131792977906e-05,False
1.785886078686619e-05,False
1.7838626080535903e-05,False
1.526546600443026e-05,False
1.5263372213209465e-05,False
1.526047943847775e-05,False
1.52543183190096e-05,False
1.5250907652722694e-05,False
1.5249221954333882e-05,False
1.5247384735075829e-05,False
1.5243334293053213e-05,False
1.5239409528584707e-05,False
1.7722387602730423e-05,False
1.768954948451497e-05,False
1.7656907725211005e-05,False
1.7643099843333325e-05,False
1.761074452216207e-05,False
1.7591894487578365e-05,False
1.5224308324235936e-05,False
1.7549333509176372e-05,False
1.7516257079546737e-05,False
1.7497997640059606e-05,False
1.5213013992723677e-05,False
1.5210687051341844e-05,False
1.5200043555973132e-05,False
1.5197071330648064e-05,False
1.5193831421143499e-05,False
1.760748179902349e-05,False
1.7575317424301427e-05,False
1.7542288602834555e-05,False
1.750889951489637e-05,False
1.747493152015761e-05,False
1.7587804501791143e-05,False
1.7552291647628842e-05,False
1.753588049084842e-05,False
1.5167836283927859e-05,False
1.5164621874747202e-05,False
1.5161546244620894e-05,False
1.5159650806886418e-05,False
1.5156708665637696e-05,False
1.7564867368378184e-05,False
1.7531360540513774e-05,False
1.749758783990817e-05,False
1.7463591760228152e-05,False
1.7429682992187453e-05,False
1.739582395725659e-05,False
1.736286827521307e-05,False
1.7331892928847725e-05,False
1.5133047411821389e-05,False
1.5130519296172465e-05,False
1.5126814681829566e-05,False
1.512494819975454e-05,False
1.5120198517095033e-05,False
1.5119121112982978e-05,False
1.5115951845289396e-05,False
1.5113827617125493e-05,False
1.5109612537534303e-05,False
1.5106708623559993e-05,False
1.510538319787143e-05,False
1.608141407841259e-05,False
1.5088413383145813e-05,False
1.5086435042976794e-05,False
1.5074316498174685e-05,False
1.5074308918387959e-05,False
1.7642964729811385e-05,False
1.7607697547361763e-05,False
1.7572959311616744e-05,False
1.753671508510417e-05,False
1.7502074016522305e-05,False
1.746940808824351e-05,False
1.7433410502596688e-05,False
1.7398338120494387e-05,False
1.7364550221154126e-05,False
1.5052269573588767e-05,False
1.7324533680368007e-05,False
1.729024916511705e-05,False
1.725561280864375e-05,False
1.7220553542601592e-05,False
1.7185543558900278e-05,False
1.714944606324145e-05,False
1.711587229090018e-05,False
1.7081010372496364e-05,False
1.7049123557939154e-05,False
1.7015018266410596e-05,False
1.6980094243197664e-05,False
1.694695072561839e-05,False
1.6911099876925735e-05,False
1.6892174712823006e-05,False
1.6859235523412702e-05,False
1.6824515280749347e-05,False
1.6789689047813447e-05,False
1.6757350760318718e-05,False
1.6737561186493426e-05,False
1.5014314846742521e-05,False
1.501163133604878e-05,False
1.6688192515357016e-05,False
1.6652108687825584e-05,False
1.6617792217881265e-05,False
1.6583224006812662e-05,False
1.654870445522147e-05,False
1.651413303209315e-05,False
1.648313232879497e-05,False
1.3466882042226716e-05,False
1.3441207334480377e-05,False
1.3414481465630362e-05,False
1.3389071093731755e-05,False
1.3367398338385745e-05,False
1.5638032429079884e-05,False
1.5634806039055952e-05,False
1.3302618388636436e-05,False
1.3276243821690673e-05,False
1.3250251734973026e-05,False
1.3228563686153153e-05,False
1.5623566120886493e-05,False
1.5621283078930737e-05,False
1.561900220704655e-05,False
1.3146003585663361e-05,False
1.312035025375284e-05,False
1.3093945638347275e-05,False
1.3067778635764418e-05,False
1.3041495396579737e-05,False
1.30167245843818e-05,False
1.2991173221731934e-05,False
1.5603325129128515e-05,False
1.603346212492211e-05,False
1.3152308750542736e-05,False
1.312607827594473e-05,False
1.3100576344849399e-05,False
1.3074249971382466e-05,False
1.3053982928601156e-05,False
1.3027002972381192e-05,False
1.3002094730545059e-05,False
1.297516852811539e-05,False
1.2955327654986693e-05,False
1.292879879880485e-05,False
1.2902499140357904e-05,False
1.28771603954329e-05,False
1.2902152445742227e-05,False
1.287602443090278e-05,False
1.2849575710556544e-05,False
1.2824983395715782e-05,False
1.55274226330678e-05,False
1.278579913987417e-05,False
1.276489881229746e-05,False
1.5519861077295246e-05,False
1.5517488228069092e-05,False
1.272526664604438e-05,False
1.2700300894342723e-05,False
1.2679987155303652e-05,False
1.5504930327557663e-05,False
1.5503269537900443e-05,False
1.550052598558962e-05,False
1.549886965400184e-05,False
1.5488855740433587e-05,False
1.5485355199508104e-05,False
1.5977121051397008e-05,False
1.5469875624214412e-05,False
1.5466222276646935e-05,False
1.545638789471458e-05,False
1.545474793204247e-05,False
1.545224395388798e-05,False
1.5450389720775023e-05,False
1.5446043419807552e-05,False
1.5436386794913697e-05,False
1.2583563017210056e-05,False
1.2556085082808657e-05,False
1.543071868395037e-05,False
1.542757865497964e-05,False
1.5417611243855307e-05,False
1.541528740278993e-05,False
1.541367202938995e-05,False
1.5410594679497672e-05,False
1.540220862861236e-05,False
1.5399843608667463e-05,False
1.5397151891794842e-05,False
1.5395005158572887e-05,False
1.2429016425779728e-05,False
1.2403019549786206e-05,False
1.2377719441312582e-05,False
1.2352754577190089e-05,False
1.232814902823101e-05,False
1.2305513201343926e-05,False
1.2281263200011566e-05,False
1.2254934291909586e-05,False
1.2230093626667706e-05,False
1.2209221274928154e-05,False
1.2215490646215914e-05,False
1.2195570598638987e-05,False
1.53659071063258e-05,False
1.5363622603712067e-05,False
1.536167660079503e-05,False
1.21155833329632e-05,False
1.2090245761105881e-05,False
1.2064934771279325e-05,False
1.2041429882427319e-05,False
1.201963807815078e-05,False
1.5349621165342444e-05,False
1.534786189069695e-05,False
1.1959728980029919e-05,False
1.1934708037214451e-05,False
1.1909560109089188e-05,False
1.1884438762994694e-05,False
1.1859017036430087e-05,False
1.1837927159008765e-05,False
1.5335887328740786e-05,False
1.533326061136912e-05,False
1.1778113878842736e-05,False
1.175278543511132e-05,False
1.1729434084389731e-05,False
1.1704178555710932e-05,False
1.1681950353822683e-05,False
1.5321740246897292e-05,False
1.5319500217054484e-05,False
1.5316518669113064e-05,False
1.531482767227657e-05,False
1.3941932084855183e-05,False
1.3940290596964547e-05,False
1.39384571417847e-05,False
1.3935588534262567e-05,False
1.3933434274098907e-05,False
1.3926773461774253e-05,False
1.39253053058634e-05,False
1.3922445970872441e-05,False
1.3919589047272324e-05,False
1.3917253639432034e-05,False
1.3915985484775678e-05,False
1.391313534598052e-05,False
1.3831752413778065e-05,False
1.3828913081147894e-05,False
1.3826429519679883e-05,False
1.3825172294031415e-05,False
1.382111556685542e-05,False
1.3819674239324897e-05,False
1.3817199198186632e-05,False
1.3810588975111214e-05,False
1.380811828114339e-05,False
1.3805629371461232e-05,False
1.5531444328988195e-05,False
1.552868201650366e-05,False
1.5520828828896734e-05,False
1.5518072178446393e-05,False
1.5515323950147082e-05,False
1.5512759604248876e-05,False
1.7592580076304228e-05,False
1.5488355454312927e-05,False
1.548561595523301e-05,False
1.548195519394992e-05,False
1.548032280112748e-05,False
1.197994904689861e-05,False
1.1976666452986414e-05,False
1.1974653427297236e-05,False
1.1972338336821694e-05,False
1.1932660819783678e-05,False
1.1930680931314778e-05,False
1.1923572855191859e-05,False
1.5463206865368318e-05,False
1.8665324772739008e-05,False
1.5447019345049237e-05,False
1.1798576836551525e-05,False
1.1796137359243356e-05,False
1.1793526786213084e-05,False
1.1785035610792081e-05,False
1.543859896896048e-05,False
1.5437185478006812e-05,False
1.17610435610499e-05,False
1.1758121858227791e-05,False
1.1755373261983733e-05,False
1.1754062058616455e-05,False
1.1751317536111286e-05,False
1.1744705692802776e-05,False
1.542193007055228e-05,False
1.5420898570558857e-05,False
1.5416942582105158e-05,False
1.5450062272991017e-05,False
1.5513618387376352e-05,False
1.5577235656326582e-05,False
1.5641088152793037e-05,False
1.566817808617161e-05,False
1.5732178069268272e-05,False
1.5795684484852475e-05,False
1.5860871287269296e-05,False
1.5924840930284004e-05,False
1.599162687127805e-05,False
1.1539837821945014e-05,False
1.153602937042266e-05,False
1.1498175398655578e-05,False
1.1495644892396416e-05,False
1.1486830002300355e-05,False
1.1474833982584002e-05,False
1.147278629662622e-05,False
1.1471219089863033e-05,False
1.1468383881655255e-05,False
1.1466660428651088e-05,False
1.1465256159320333e-05,False
1.3730690429379905e-05,False
1.372800113799549e-05,False
1.3725314258000002e-05,False
1.3723314639585474e-05,False
2.0101284962114248e-05,False
2.017885333873673e-05,False
2.025531241535872e-05,False
2.033401135202652e-05,False
2.0410887021486796e-05,False
2.049037290650972e-05,False
2.0540271368719674e-05,False
2.0617405730750557e-05,False
2.0699615307292937e-05,False
2.0776556849431128e-05,False
2.0828899926512787e-05,False
2.0835071288748145e-05,False
2.0831588476706446e-05,False
2.083877322661657e-05,False
2.0843884867625692e-05,False
2.084902256735218e-05,False
2.085725025254111e-05,False
2.0864087664222394e-05,False
2.0860954142027493e-05,False
2.0867437632579537e-05,False
2.0873948053418368e-05,False
2.088046024417482e-05,False
2.08852515860033e-05,False
2.089280603518682e-05,False
2.0889312918393497e-05,False
2.0895118859955518e-05,False
2.1451610583052748e-05,False
2.1458344261019397e-05,False
2.0872060782406356e-05,False
2.0876848285485263e-05,False
2.086533854468399e-05,False
2.0872175673522895e-05,False
2.0879723374198653e-05,False
2.0886259944106418e-05,False
2.0880770943354566e-05,False
2.0884520886824764e-05,False
2.0843483284032097e-05,False
2.0848261587689224e-05,False
2.0856837655018416e-05,False
2.0861949128529333e-05,False
2.0858112504227762e-05,False
2.086461563810432e-05,False
2.087043654450071e-05,False
2.0877981390790075e-05,False
2.0884465480578804e-05,False
2.087761316505762e-05,False
2.0884475343436025e-05,False
2.0889946567282434e-05,False
2.0897496786900862e-05,False
2.090401016350882e-05,False
2.0910500027014357e-05,False
1.222031385261849e-05,False
1.2219310126370762e-05,False
1.2216680095567109e-05,False
1.2214410242450256e-05,False
1.2213094735159989e-05,False
1.220742194823558e-05,False
2.095709345999018e-05,False
1.4297642877303179e-05,False
1.4293824470078e-05,False
1.4293864732712841e-05,False
1.4291609610318096e-05,False
1.4288477781672323e-05,False
1.4283078940139983e-05,False
1.4279952036911422e-05,False
1.4279324077438213e-05,False
1.4276741298649435e-05,False
1.4275377490300982e-05,False
1.427279921979715e-05,False
1.4269144058542236e-05,False
1.4263763070430155e-05,False
1.4262069557789316e-05,False
1.4260513732878097e-05,False
1.4257811808262505e-05,False
1.4255045247865855e-05,False
1.4254237397163514e-05,False
1.425134080081368e-05,False
1.4245437518305551e-05,False
1.4243759479292379e-05,False
1.4241543589901036e-05,False
1.4240409911478715e-05,False
1.423644593104275e-05,False
1.4235112593292232e-05,False
1.423236498001184e-05,False
1.4227354574864523e-05,False
1.422556119319647e-05,False
1.4223025342891735e-05,False
1.422224257264015e-05,False
1.4219505685210715e-05,False
1.4216101496158467e-05,False
1.4214115416486525e-05,False
1.4208581319025689e-05,False
1.4207268269803563e-05,False
1.4204955265783164e-05,False
1.4203105742164e-05,False
1.4200257195142831e-05,False
1.4198411624604179e-05,False
1.4196442066748619e-05,False
1.4190923898347251e-05,False
1.4188751254003098e-05,False
1.4186123440420316e-05,False
1.4184620512859165e-05,False
1.4182454277739253e-05,False
1.4179084746687596e-05,False
1.4178669046374345e-05,False
1.4162475140293525e-05,False
1.415932365789076e-05,False
1.4158372943866838e-05,False
1.4157302352570706e-05,False
1.4153738859937657e-05,False
1.415017765652432e-05,False
1.4149324157776227e-05,False
1.4144050907587847e-05,False
1.4142450682695474e-05,False
1.4140311410524338e-05,False
1.413817420470366e-05,False
1.4136698684355271e-05,False
1.4133788112283752e-05,False
1.4131657481102349e-05,False
1.4127060352141645e-05,False
1.4170660933791004e-05,False
1.4231141219748477e-05,False
1.4294902072890651e-05,False
1.4357585269769274e-05,False
1.44195116430404e-05,False
1.4483752801362749e-05,False
1.4033460276881593e-05,False
1.4030159716078856e-05,False
1.4028922867278008e-05,False
1.4025953867636636e-05,False
1.4023854042942336e-05,False
1.4022837100333748e-05,False
1.4050266613091277e-05,False
1.4004691470888452e-05,False
1.402108355878985e-05,False
1.4083893062760811e-05,False
1.4145304079036186e-05,False
1.420879887521084e-05,False
1.4271761090850683e-05,False
1.4334954390426965e-05,False
1.436433223653127e-05,False
1.4425893087473385e-05,False
1.4490215258109431e-05,False
1.455444886322963e-05,False
1.4619563649957447e-05,False
1.4682502483158131e-05,False
1.4748082994713561e-05,False
1.4775896392842596e-05,False
1.4841582250666208e-05,False
1.4906610638285572e-05,False
1.4971469433257709e-05,False
1.5037772095600418e-05,False
1.5104559858156555e-05,False
1.517018782244768e-05,False
1.494965017239271e-05,False
1.5015649767445558e-05,False
1.5081061988453756e-05,False
1.5146382105463498e-05,False
1.5213399214029479e-05,False
1.528007439355106e-05,False
1.534929436330942e-05,False
1.5376779699322176e-05,False
1.544487517437303e-05,False
1.5510931178721667e-05,False
1.557981246474947e-05,False
1.56489320623114e-05,False
1.5716796162659532e-05,False
1.578461878693461e-05,False
1.5815437197128008e-05,False
1.5882693649182433e-05,False
1.595227421652116e-05,False
1.6022405363761848e-05,False
1.60912588219753e-05,False
1.6160939669972388e-05,False
1.6232341594574536e-05,False
1.626274174986428e-05,False
1.6332057112262336e-05,False
1.968103911204165e-05,False
2.260886642462354e-05,False
1.967351728430025e-05,False
1.9679300681387587e-05,False
1.968476757667335e-05,False
1.9691549034063796e-05,False
1.9697655230866033e-05,False
1.9703404423340578e-05,False
1.970735891542357e-05,False
1.971414707927187e-05,False
1.9720259760884146e-05,False
1.4623358810370977e-05,False
1.4577241670225403e-05,False
1.4529575753153769e-05,False
1.4483225910712087e-05,False
1.4467842197092318e-05,False
1.975052980951648e-05,False
1.975497731096945e-05,False
1.9760781678784154e-05,False
1.9767905167137024e-05,False
1.9773354962899584e-05,False
1.9780162362771428e-05,False
1.9773799609210254e-05,False
1.9780606664974977e-05,False
1.9771237707718758e-05,False
1.9777045261671222e-05,False
1.978153603884346e-05,False
1.978830695930717e-05,False
1.9794797246204533e-05,False
1.9788751363173157e-05,False
1.9795203845837375e-05,False
2.2884880915965007e-05,False
1.9787670725218783e-05,False
1.97931232179957e-05,False
1.655219380535782e-05,False
1.6544892433780256e-05,False
1.9813729337094433e-05,False
1.9819509945332842e-05,False
1.9826007661789697e-05,False
1.982713423704933e-05,False
1.98339549369118e-05,False
1.9838741394378844e-05,False
1.9844565490988917e-05,False
1.9851713032588733e-05,False
1.985821932525881e-05,False
1.9864370130592677e-05,False
2.3021781386787965e-05,False
1.9843201238326726e-05,False
1.9849382925658046e-05,False
1.984183244230794e-05,False
1.984544974558171e-05,False
1.9851273878496888e-05,False
1.985528659062962e-05,False
1.986075545427433e-05,False
1.9865868616580803e-05,False
1.9873056450787798e-05,False
1.987667928178763e-05,False
1.988419205750043e-05,False
1.9889703779449732e-05,False
1.989586141199001e-05,False
1.9900661954172753e-05,False
1.9907859348900844e-05,False
1.9914667728466895e-05,False
1.99191841766539e-05,False
1.9927032731159838e-05,False
1.993034184256675e-05,False
9.397001242304457e-06,False
9.37308792462725e-06,False
9.34918529037764e-06,False
9.325271189389382e-06,False
9.302438126948282e-06,False
9.27908032499857e-06,False
9.25528901509903e-06,False
9.23104328558917e-06,False
9.20745217982239e-06,False
9.184246932160988e-06,False
9.160609569109646e-06,False
9.13799986481074e-06,False
9.114935812246922e-06,False
9.090363265426165e-06,False
9.067365977695121e-06,False
9.043832797490084e-06,False
9.020922164215996e-06,False
8.998065072583345e-06,False
8.975174606888392e-06,False
8.952337349147989e-06,False
8.928507839585674e-06,False
8.905214978457665e-06,False
8.881956030099845e-06,False
8.859671375387924e-06,False
8.836499251315783e-06,False
8.813341041660377e-06,False
8.791290089138367e-06,False
2.2355995443821013e-05,False
9.840969859901883e-06,False
9.833626903940239e-06,False
2.2368050927325657e-05,False
2.2374634305351468e-05,False
9.812373358666522e-06,False
9.811533301614981e-06,False
9.802872394666461e-06,False
9.7456630116107e-06,False
9.738624894723243e-06,False
2.240740012986149e-05,False
2.2416087993301776e-05,False
2.242229659071724e-05,False
2.241003906924134e-05,False
2.241694407219478e-05,False
9.617691370000918e-06,False
9.615714677494497e-06,False
9.615410012684207e-06,False
9.605025326094668e-06,False
9.598767915308158e-06,False
9.550224946981874e-06,False
9.549431041990413e-06,False
9.542402142855382e-06,False
9.533160851696571e-06,False
9.531460219246519e-06,False
9.522665803901935e-06,False
9.522629170826095e-06,False
9.519316091906523e-06,False
9.519035376918966e-06,False
9.512737510623979e-06,False
9.51175626048531e-06,False
9.509615228793283e-06,False
9.507229647459173e-06,False
2.2548154651362627e-05,False
2.2554394764050877e-05,False
2.256281530029798e-05,False
2.2569758593935593e-05,False
2.255517128245868e-05,False
2.408848708271187e-05,False
2.254757180874445e-05,False
2.255171220085697e-05,False
2.2561139947911356e-05,False
2.2566602187442374e-05,False
2.2573935342306268e-05,False
2.2582279651077087e-05,False
2.25831150379092e-05,False
2.2588662526695694e-05,False
2.259701072338344e-05,False
2.260178018700785e-05,False
2.2609822751131486e-05,False
2.2602420166375567e-05,False
2.261186241490884e-05,False
2.4222026310729656e-05,False
2.2599572124486894e-05,False
2.260574101059308e-05,False
2.2612773978753443e-05,False
2.262081848341855e-05,False
2.262769206335709e-05,False
2.2626795661352085e-05,False
2.2633361207532748e-05,False
2.2640010510099952e-05,False
2.2647279570343833e-05,False
2.2653458310761387e-05,False
2.266221424433979e-05,False
8.862929220972192e-06,False
8.861380169564336e-06,False
8.860743997082797e-06,False
8.85428441843573e-06,False
2.2695881447709783e-05,False
2.270293947482847e-05,False
2.2628764756451397e-05,False
2.2636029084486574e-05,False
8.535473807591406e-06,False
8.534410398718064e-06,False
8.532475718794288e-06,False
8.532081248671374e-06,False
8.526448311241458e-06,False
8.52431063747729e-06,False
8.523032671945098e-06,False
8.52221025453305e-06,False
8.514470031482833e-06,False
8.512763308487561e-06,False
8.51151082482323e-06,False
8.51136007079024e-06,False
8.50624991127509e-06,False
8.504409333223121e-06,False
8.503827860494952e-06,False
8.501037456496804e-06,False
8.500460118594043e-06,False
8.496025189846663e-06,False
2.2804369609108863e-05,False
8.487233915901553e-06,False
8.485118864264383e-06,False
2.2826778421704626e-05,False
2.4633718640062236e-05,False
2.281587382248299e-05,False
2.282217378844436e-05,False
2.2831283658899103e-05,False
2.283789419733301e-05,False
8.315180161498041e-06,False
8.313973724920481e-06,False
8.307165222453786e-06,False
2.2863088944162993e-05,False
2.2869706860946346e-05,False
2.2876019684184423e-05,False
2.286661492616692e-05,False
2.287261960058243e-05,False
2.2880031188782274e-05,False
2.288735530662602e-05,False
2.2895077240359833e-05,False
8.187708327526932e-06,False
8.18740394648755e-06,False
8.18494474017207e-06,False
8.184645001680103e-06,False
2.2936644757901446e-05,False
2.293208810522419e-05,False
2.4850491513553817e-05,False
2.2921495812079384e-05,False
2.292812586582542e-05,False
2.291594289554233e-05,False
2.2923977246426197e-05,False
2.2929597746819503e-05,False
2.2935922938374136e-05,False
2.294286209157633e-05,False
2.2949984742243484e-05,False
2.2950082386181304e-05,False
7.873691076956503e-06,False
7.871526771589024e-06,False
2.2973337851804908e-05,False
7.861974892067308e-06,False
7.860875398534946e-06,False
7.860625936626459e-06,False
7.855128727865849e-06,False
2.3017522980107496e-05,False
2.302276659038076e-05,False
2.30297244523191e-05,False
2.3036472465754956e-05,False
2.3044630522983453e-05,False
2.305199229036026e-05,False
7.803220944189374e-06,False
7.802570135724738e-06,False
7.796399967860702e-06,False
7.795124182365211e-06,False
2.3092023964705825e-05,False
2.3100597742462744e-05,False
2.3106467455530344e-05,False
2.311394019552789e-05,False
2.3119908968515023e-05,False
7.744628872151112e-06,False
7.744831717447063e-06,False
7.743374476987793e-06,False
7.743377018459262e-06,False
7.737689499827444e-06,False
2.317327167995826e-05,False
7.719118692263385e-06,False
7.718270245813849e-06,False
7.717252272246591e-06,False
7.713591060617983e-06,False
7.71235904107632e-06,False
7.705872768715753e-06,False
7.70422399651262e-06,False
2.530977859092487e-05,False
2.3223455552706395e-05,False
2.3230959489319898e-05,False
2.3237256349404528e-05,False
2.322860475140338e-05,False
2.3234597936597602e-05,False
2.324129826142154e-05,False
2.3248100682183383e-05,False
2.3256215950834223e-05,False
7.510295698099058e-06,False
7.509113303933824e-06,False
7.502873476042322e-06,False
2.328167689980754e-05,False
2.3289599759529604e-05,False
2.3295202056342106e-05,False
2.3302622327571645e-05,False
2.3310146743317424e-05,False
2.3304353906157194e-05,False
2.330965667317851e-05,False
2.3317889117262776e-05,False
2.3324607836874843e-05,False
2.333203461325008e-05,False
2.3338756371181778e-05,False
2.1808673940353257e-05,False
2.1816066671517715e-05,False
2.182276484729948e-05,False
2.1829096961144033e-05,False
2.1822757494787818e-05,False
2.1830889322695793e-05,False
2.1837551780939033e-05,False
2.1841428969606388e-05,False
2.183337935845572e-05,False
2.184147470593149e-05,False
2.1847810490080878e-05,False
2.1853819230650845e-05,False
2.1845726724531686e-05,False
2.1852799290158244e-05,False
2.1857046759089877e-05,False
2.1865476831968416e-05,False
2.1872554987586452e-05,False
2.1878200705231277e-05,False
2.1885610861963397e-05,False
2.1891956735460645e-05,False
2.1898673241318535e-05,False
2.1902283601705188e-05,False
2.1909330799250185e-05,False
2.1917160323439695e-05,False
2.1923144087412093e-05,False
2.1928431588255793e-05,False
2.1937990246589036e-05,False
2.1943650763052867e-05,False
2.195075085244589e-05,False
2.195711220267053e-05,False
2.196277723254712e-05,False
2.1968443648384384e-05,False
2.1977317636472917e-05,False
2.1983314382204436e-05,False
2.1989683446844677e-05,False
2.1996425229439372e-05,False
2.20042383496837e-05,False
2.1999530043861884e-05,False
2.2007343754218044e-05,False
2.201227685123916e-05,False
2.202009419093628e-05,False
2.202647164381283e-05,False
2.2033268068274695e-05,False
2.20295787147986e-05,False
2.203633013656639e-05,False
2.204308332825249e-05,False
2.205053692962606e-05,False
2.2040597147768918e-05,False
2.2048793868604666e-05,False
2.205447863239684e-05,False
2.2061562320245815e-05,False
2.2067995167480175e-05,False
2.207475608989636e-05,False
2.2081145869667525e-05,False
2.2087910184693423e-05,False
2.2089768450770398e-05,False
2.2095136397149656e-05,False
2.210335002716262e-05,False
2.2109047229850084e-05,False
2.211684361110727e-05,False
2.2123616825984493e-05,False
2.2129692414434045e-05,False
2.21385675187394e-05,False
2.21432475758429e-05,False
2.2147217076310252e-05,False
2.2153998192498547e-05,False
2.216148075556171e-05,False
2.2168265470548693e-05,False
2.2174302237101823e-05,False
2.2181790065534927e-05,False
2.217634571340209e-05,False
2.2184583926624308e-05,False
2.2191374316675964e-05,False
2.219741584196608e-05,False
2.2204209477401753e-05,False
2.2212080638231817e-05,False
2.2218826754055587e-05,False
2.2225301271932685e-05,False
2.2231726013854054e-05,False
2.2238528410613137e-05,False
2.224533257729053e-05,False
2.225213851388363e-05,False
2.2259646798154408e-05,False
2.2265002202909988e-05,False
2.2271813154805417e-05,False
2.227900291091756e-05,False
2.2274938661963e-05,False
2.227967872694627e-05,False
2.228681683634966e-05,False
2.229325564811274e-05,False
2.2281891175398846e-05,False
2.228870549378798e-05,False
2.2295898855715745e-05,False
2.2289004395631455e-05,False
2.2295820107165635e-05,False
2.230263758861813e-05,False
2.2309456839987033e-05,False
2.2314497896246517e-05,False
2.232342409059057e-05,False
2.2329547267509856e-05,False
2.232863005111706e-05,False
2.2335833659885457e-05,False
2.2344064031897255e-05,False
2.2332299835639412e-05,False
2.2336643408964264e-05,False
2.234487364159929e-05,False
2.2351001279729567e-05,False
2.2342336552130813e-05,False
2.2349542635819578e-05,False
2.206293838228778e-05,False
2.20707561881118e-05,False
2.207466349571879e-05,False
2.2082113540209996e-05,False
2.2088865653260373e-05,False
2.2095576070902387e-05,False
2.2104475086027343e-05,False
2.210913261191164e-05,False
2.211621974631324e-05,False
2.212260835999875e-05,False
2.2130115687103248e-05,False
2.2137207939649784e-05,False
2.2142901160950453e-05,False
2.2150369346158776e-05,False
2.2156765999256144e-05,False
2.2163910387474084e-05,False
2.2168863219198343e-05,False
2.2176011059865232e-05,False
1.6146688984575783e-05,False
1.6119688070642376e-05,False
1.6093115128564342e-05,False
1.6042771649205792e-05,False
1.601564562732012e-05,False
1.59887585065193e-05,False
1.5962162813802358e-05,False
1.591168918831746e-05,False
1.5885026504153454e-05,False
1.585913623937329e-05,False
1.5832036504303364e-05,False
1.5781782222570774e-05,False
1.575509959568051e-05,False
1.572857282683067e-05,False
1.570246638172104e-05,False
1.5651554821121818e-05,False
1.5625730503393734e-05,False
1.560032357357455e-05,False
1.5573320793644627e-05,False
1.5523984401448828e-05,False
1.5496919227292885e-05,False
1.5471489545080273e-05,False
1.544447136041127e-05,False
1.539574532849571e-05,False
1.5368058422779255e-05,False
1.5342477928692295e-05,False
1.5316313028597052e-05,False
1.526840868458756e-05,False
1.5241445692294413e-05,False
1.5216363140187552e-05,False
1.5190051558602303e-05,False
1.5140549209844158e-05,False
1.5113832296106527e-05,False
1.5088986842077089e-05,False
1.5062790029350534e-05,False
1.5014454084728534e-05,False
1.4987852762538278e-05,False
1.4960803393696768e-05,False
2.28899663482137e-05,False
2.2895841206921896e-05,False
2.2904932252922038e-05,False
2.290861695914151e-05,False
2.291739577189118e-05,False
2.2923667255154945e-05,False
2.2925607359158523e-05,False
2.2931099005019848e-05,False
2.293815583469979e-05,False
2.2946552028798507e-05,False
2.2953928467575625e-05,False
2.2960447686895937e-05,False
2.29566371623089e-05,False
2.2963309118653265e-05,False
2.2970613218925984e-05,False
2.297476435546657e-05,False
2.2980972433686804e-05,False
2.298867260898221e-05,False
2.2995352900968064e-05,False
2.2997610772982798e-05,False
2.3003193848442415e-05,False
2.301160686148927e-05,False
2.3018607560618683e-05,False
2.3009338981058314e-05,False
2.301673105084485e-05,False
2.302224004463062e-05,False
2.3029635728300663e-05,False
2.3035854739622412e-05,False
2.304396151740529e-05,False
2.304013717709288e-05,False
2.3046043653520857e-05,False
2.3053759769608726e-05,False
2.3042733818668164e-05,False
2.3049347839331525e-05,False
2.29476291216115e-05,False
2.295421876728964e-05,False
2.296151688613235e-05,False
2.2967718586367163e-05,False
2.297619313562171e-05,False
2.2981690671163035e-05,False
2.298867936843656e-05,False
2.299716028768747e-05,False
2.3002270367056618e-05,False
2.3010755357324186e-05,False
2.301806680974304e-05,False
2.506078979456229e-05,False
2.5068491437848828e-05,False
2.5075157034147943e-05,False
2.5082263714283505e-05,False
6.256872223235508e-06,False
6.257272354149603e-06,False
6.251057188958443e-06,False
6.251603006086397e-06,False
6.2508180812050855e-06,False
6.2508298674586814e-06,False
6.250306024915547e-06,False
6.249924786895254e-06,False
6.249943130845735e-06,False
6.249963644865906e-06,False
6.248474993547342e-06,False
2.5193640335095184e-05,False
2.5200772621096847e-05,False
2.520951273892432e-05,False
6.161846592770511e-06,False
6.157318965169409e-06,False
2.5213993215596174e-05,False
2.8044045537993597e-05,False
2.520057433160175e-05,False
2.5208871224939732e-05,False
2.5218171346742765e-05,False
2.5225028217204482e-05,False
2.523188675386339e-05,False
2.5240633756886426e-05,False
2.5247052920418536e-05,False
2.5254638658571885e-05,False
2.526061756350593e-05,False
2.527009432043853e-05,False
2.5278407598786822e-05,False
2.5284390723933558e-05,False
2.5292428711934206e-05,False
2.53000248341051e-05,False
2.5291822643339315e-05,False
2.530086337209081e-05,False
2.528726465045902e-05,False
2.5296025030758543e-05,False
2.515408249412432e-05,False
2.516148263318668e-05,False
2.516964491979427e-05,False
2.5175444376366998e-05,False
2.518373102541741e-05,False
2.5192180214124455e-05,False
2.5199587979716054e-05,False
2.520482879099707e-05,False
2.521240013916278e-05,False
2.5219251058799425e-05,False
2.5227548145246567e-05,False
2.5234240582365088e-05,False
2.52406541040985e-05,False
2.523830071267501e-05,False
2.5245156981134776e-05,False
2.5251852582718423e-05,False
2.5260319582730144e-05,False
2.52670181352478e-05,False
2.5275326238674267e-05,False
2.5283356487616866e-05,False
2.5290502528635034e-05,False
3.87377649123272e-06,False
3.876317230809618e-06,False
3.879438299292296e-06,False
3.882115726711542e-06,False
3.884975130459136e-06,False
3.879647488720199e-06,False
2.535230792676904e-05,False
2.5329902330690575e-05,False
2.533733710919667e-05,False
2.5344214876910054e-05,False
2.5351373384536738e-05,False
2.5359422136508348e-05,False
2.536775186425109e-05,False
2.5365109527862947e-05,False
3.3686778577724526e-06,False
3.371278574164468e-06,False
3.3742356955139222e-06,False
3.3766192282961463e-06,False
3.3788291185874425e-06,False
3.381555244795422e-06,False
3.3770727966303046e-06,False
3.378779249883018e-06,False
3.381669448774984e-06,False
3.3843561960026826e-06,False
3.3872423205102507e-06,False
3.3902983045675465e-06,False
3.392248081137779e-06,False
3.3871989805090986e-06,False
3.2123630259130405e-06,False
3.2153183645837773e-06,False
3.2180250442947613e-06,False
3.2201747735733544e-06,False
3.2235022484408576e-06,False
3.2260444831177137e-06,False
3.2209445527333075e-06,False
2.5566107755678453e-05,False
2.557348524257751e-05,False
2.558214268685225e-05,False
2.5567254930515894e-05,False
2.5576359089478774e-05,False
2.558418705651098e-05,False
2.5591223789109676e-05,False
2.5598606662213383e-05,False
2.5606544041608403e-05,False
2.5613757627619173e-05,False
2.5621422031435383e-05,False
2.5628638729816853e-05,False
2.5636756148821017e-05,False
2.9009375162018997e-05,False
2.559462614611527e-05,False
2.5603459097259048e-05,False
2.5609219866900434e-05,False
2.561833313705711e-05,False
2.5613308312816087e-05,False
2.5620072846428944e-05,False
2.562818634143063e-05,False
2.5635403095575796e-05,False
2.5643796644653597e-05,False
2.5651190121453983e-05,False
2.5659137631232684e-05,False
2.5667086762830783e-05,False
2.5672859457149757e-05,False
2.5679347197472652e-05,False
2.5687300683684738e-05,False
2.5693803412738253e-05,False
2.5701033754889356e-05,False
2.5709893405401e-05,False
2.571875526663206e-05,False
2.572408681636577e-05,False
2.5732225917993267e-05,False
2.573991572879516e-05,False
2.5747430914026083e-05,False
2.575467240795541e-05,False
2.5763545641518978e-05,False
2.5769788797199633e-05,False
2.5778213994130626e-05,False
2.578428289296021e-05,False
2.5793163796339114e-05,False
2.5802773946744825e-05,False
2.5808847184590395e-05,False
2.5817734162639035e-05,False
2.5819980076938922e-05,False
2.5827964026186375e-05,False
2.940177610292452e-05,False
2.581837898750505e-05,False
2.5824907270420015e-05,False
2.5831711296430478e-05,False
2.5840603254251863e-05,False
2.5848042497727763e-05,False
2.5856031872353943e-05,False
2.5863021262925658e-05,False
2.587101386785104e-05,False
2.5876354658437574e-05,False
2.5883348453994682e-05,False
2.5891071696541777e-05,False
2.5897888272745123e-05,False
2.590561476067674e-05,False
2.590199830101972e-05,False
2.590972536045419e-05,False
2.5917454189803473e-05,False
2.592354738716924e-05,False
2.5932917158254422e-05,False
2.594046959416748e-05,False
2.5947476998858903e-05,False
2.5955942711150656e-05,False
2.596295353774592e-05,False
2.5971878446128283e-05,False
2.5977525827829865e-05,False
2.598499725243525e-05,False
2.599301593715295e-05,False
2.600149232828476e-05,False
2.5991444902217066e-05,False
4.497954755885061e-06,False
4.4879889036472265e-06,False
4.478479762619573e-06,False
4.469330911610592e-06,False
4.459753861718028e-06,False
4.450259037531779e-06,False
4.4410932762959485e-06,False
4.431619856036794e-06,False
4.422457579845131e-06,False
4.412618376608951e-06,False
4.403160411357978e-06,False
4.394047835678685e-06,False
4.3861468892181e-06,False
4.376718387987213e-06,False
4.366898790930732e-06,False
4.358244541198738e-06,False
4.348481631739252e-06,False
4.339080110216338e-06,False
4.330022030590664e-06,False
4.32102479562146e-06,False
4.3112906234964774e-06,False
4.302707837680723e-06,False
4.293360383945235e-06,False
4.283676663425274e-06,False
4.274715203174749e-06,False
4.2657313064153015e-06,False
4.256114144923189e-06,False
4.247200369091835e-06,False
4.238248322469667e-06,False
4.228664538421367e-06,False
4.2194326621941475e-06,False
4.210184281137864e-06,False
4.201291099725021e-06,False
4.192096073810475e-06,False
4.182880490218707e-06,False
4.173676011970578e-06,False
4.164825278132907e-06,False
4.156000387959302e-06,False
4.146843802198983e-06,False
4.138794939996118e-06,False
4.129688282598461e-06,False
4.120856801096713e-06,False
4.111430976726349e-06,False
4.102636309516016e-06,False
4.09385218189267e-06,False
4.084444674175692e-06,False
4.075726791353169e-06,False
4.066974513868349e-06,False
4.057625771354069e-06,False
4.0485716424315505e-06,False
4.039836984204088e-06,False
4.030525779549795e-06,False
4.022178522778827e-06,False
4.013167929303517e-06,False
4.004168441171259e-06,False
3.995530073668325e-06,False
3.986259469407885e-06,False
3.977260848961321e-06,False
3.968682398723702e-06,False
3.960113911682951e-06,False
3.951151964274954e-06,False
3.942590265287051e-06,False
3.933358444983106e-06,False
3.924097336286048e-06,False
3.915540507033799e-06,False
3.906994062612836e-06,False
3.897857911889194e-06,False
7.222648413124635e-06,False
7.2259493920898644e-06,False
7.2290356208949096e-06,False
7.233175631798284e-06,False
7.229124503108774e-06,False
7.233238518516479e-06,False
7.237322878315108e-06,False
7.241463970445787e-06,False
7.236840140231901e-06,False
7.241007155841253e-06,False
5.851180599152117e-06,False
2.316780248855121e-05,False
2.317479035404937e-05,False
2.3179260539213006e-05,False
2.3185861580197563e-05,False
2.319285386614007e-05,False
2.3200560214041848e-05,False
2.3206453698046744e-05,False
5.629507953362866e-06,False
5.610985601014794e-06,False
2.3229975866159694e-05,False
2.3229726627719363e-05,False
2.323601696601972e-05,False
2.324230897051728e-05,False
2.3250028069261287e-05,False
2.3257749070060436e-05,False
2.3251018873802364e-05,False
2.3256210104985536e-05,False
5.190344405453864e-06,False
5.192729233688656e-06,False
5.19590581467937e-06,False
2.3291458309239878e-05,False
2.32814757454061e-05,False
2.328998731631309e-05,False
2.3296612841485494e-05,False
2.3301421483452712e-05,False
2.330915506005587e-05,False
2.331585603124237e-05,False
2.332502026451675e-05,False
4.7783931902250235e-06,False
4.781561788959366e-06,False
4.784333115291342e-06,False
2.3351635056964552e-05,False
2.335724029418614e-05,False
3.062172857879508e-05,False
3.0629982990293026e-05,False
3.063933283513264e-05,False
2.331405878698374e-05,False
2.332068788807966e-05,False
2.332699702206866e-05,False
2.3321747999466605e-05,False
2.332759433042573e-05,False
2.333429685808783e-05,False
2.3343535022583488e-05,False
2.3349064108906443e-05,False
2.3356093544182557e-05,False
2.3362731921094317e-05,False
2.3369764748980182e-05,False
2.3377906527527906e-05,False
2.3384549831481683e-05,False
2.3391194625111993e-05,False
2.3398234444405562e-05,False
2.3405669731033276e-05,False
2.341049687083803e-05,False
2.3418256132320247e-05,False
2.340790224766637e-05,False
2.3413837436406242e-05,False
2.3422705337470085e-05,False
2.341267617209219e-05,False
3.090262844698357e-05,False
2.340064383053738e-05,False
2.340800528662105e-05,False
2.3415441189079948e-05,False
2.340652506971294e-05,False
2.3412851953081025e-05,False
2.342132423439042e-05,False
2.3426152223060473e-05,False
2.343287790277576e-05,False
2.342968118036612e-05,False
2.3437121981811187e-05,False
2.34445648618328e-05,False
2.345011197693072e-05,False
2.345827338978211e-05,False
6.337954701401233e-06,False
6.31025524230115e-06,False
6.346781681052274e-06,False
6.318919756457119e-06,False
6.290963225344008e-06,False
6.262775854794331e-06,False
6.2996445535030376e-06,False
3.137084943687642e-06,False
3.1289598894099022e-06,False
3.121745167610382e-06,False
3.113933899660008e-06,False
3.1058368333658336e-06,False
3.0983502097938634e-06,False
3.090857460193612e-06,False
3.083106458261947e-06,False
3.0760961509587687e-06,False
3.068348075321929e-06,False
3.060616366879193e-06,False
3.0531951984871723e-06,False
3.045768762815387e-06,False
3.038059184026917e-06,False
3.0303807244325532e-06,False
3.0224004154537826e-06,False
3.0153290974417016e-06,False
3.0076764882294297e-06,False
2.9997254707755642e-06,False
2.992688681039995e-06,False
2.984755834704075e-06,False
2.977152786037573e-06,False
2.969842022756865e-06,False
2.9622385184495097e-06,False
2.954957278306446e-06,False
2.947384165298054e-06,False
2.9398333015731057e-06,False
2.932282193608935e-06,False
2.925034358235758e-06,False
2.9175011412709085e-06,False
2.9099905877737078e-06,False
2.902475928022332e-06,False
2.895564473418713e-06,False
2.887502288335359e-06,False
2.8803144241756683e-06,False
2.8728709421195937e-06,False
2.4872695454066316e-05,False
2.487999239717773e-05,False
2.4886694556034646e-05,False
2.4894123176802907e-05,False
2.4902278436374614e-05,False
2.4908260814447512e-05,False
2.4917869646452936e-05,False
2.4924152980658886e-05,False
2.4930010157852532e-05,False
2.49386018103543e-05,False
2.4945317362379953e-05,False
2.495391312853094e-05,False
2.496165479902538e-05,False
8.128008024316176e-07,False
8.045751158334059e-07,False
8.038160305210346e-07,False
2.4993604332467006e-05,False
2.5000332236864374e-05,False
2.500791992714272e-05,False
2.5016103007735302e-05,False
2.5023429281800717e-05,False
2.5030593524418936e-05,False
2.503719677565924e-05,False
8.081971510336684e-07,False
7.994220957740723e-07,False
7.909388922317175e-07,False
7.82622039118256e-07,False
7.795981782716545e-07,False
2.509163301254848e-05,False
2.5097952687915963e-05,False
2.510615771253824e-05,False
2.5113206942756034e-05,False
2.512112018657509e-05,False
2.5127014581756228e-05,False
2.513565817676312e-05,False
2.5144735707439985e-05,False
8.008102225422534e-07,False
7.920243580071859e-07,False
7.833173041068878e-07,False
7.749111741855075e-07,False
7.665540052527549e-07,False
7.581351892924162e-07,False
7.497400494060337e-07,False
7.425990450866938e-07,False
2.5231383945463716e-05,False
2.5238026756683723e-05,False
2.5246405660255382e-05,False
2.5254646846900766e-05,False
2.5261294143488616e-05,False
2.526808316780392e-05,False
2.5277057412125254e-05,False
2.5283121992865674e-05,False
2.5290644060273555e-05,False
2.5297733160504216e-05,False
7.580713323504835e-07,False
7.579159637008215e-07,False
2.532262715756349e-05,False
2.533015852218806e-05,False
2.531381758571907e-05,False
2.532207454241152e-05,False
2.533076867884318e-05,False
2.531688274562894e-05,False
9.713153335554475e-07,False
9.614701525736662e-07,False
9.636406170570568e-07,False
9.537309315918799e-07,False
9.561136908726476e-07,False
9.463812877312107e-07,False
9.485340872731792e-07,False
9.390195974219296e-07,False
9.413809755324108e-07,False
9.315229837648782e-07,False
9.79094727250372e-07,False
9.692157395791863e-07,False
9.716553955585344e-07,False
9.619164825156698e-07,False
3.1306746989571694e-05,False
2.5422021910001918e-05,False
2.5430304025069418e-05,False
2.5436692303915626e-05,False
2.5444977929521476e-05,False
2.544077163736518e-05,False
2.5448765931685332e-05,False
2.5457346055811292e-05,False
2.5463739417295188e-05,False
2.547013416473982e-05,False
2.547886540927163e-05,False
2.5486284527065482e-05,False
2.5484542367916636e-05,False
2.5491670931264766e-05,False
2.549996910995538e-05,False
2.5506809463083137e-05,False
2.5513651482408877e-05,False
2.5521955074570362e-05,False
2.5517736667513604e-05,False
2.552633212768443e-05,False
1.8488922023920647e-06,False
1.8356218160296375e-06,False
1.8405940922845518e-06,False
1.8272078873575516e-06,False
1.8322708059952685e-06,False
1.8190826947968913e-06,False
1.8241572541934162e-06,False
1.8107555634265674e-06,False
1.8158423438290121e-06,False
1.8024764230115974e-06,False
1.8077372624484367e-06,False
1.7944855312358638e-06,False
1.79959914988455e-06,False
1.7865411062543144e-06,False
1.7916648702457077e-06,False
1.7783251955233516e-06,False
1.78369978826686e-06,False
1.7704746484401727e-06,False
1.775542430473531e-06,False
1.762669413531489e-06,False
2.0794328977395633e-06,False
2.073283066851336e-06,False
2.067380141892245e-06,False
2.0612642056750003e-06,False
2.055159529556881e-06,False
2.049047015898284e-06,False
2.0431923787362993e-06,False
2.0373544851799586e-06,False
2.030789357106449e-06,False
2.0249531537896108e-06,False
2.019167201770904e-06,False
2.0131192864281643e-06,False
2.007320641015014e-06,False
2.001300925213272e-06,False
1.995306187072429e-06,False
1.989064096246646e-06,False
1.983328991538821e-06,False
1.97757029102595e-06,False
1.9713687536696006e-06,False
1.965658069103645e-06,False
1.9599577693700754e-06,False
1.954260333819728e-06,False
1.948111070329327e-06,False
1.9424579030463013e-06,False
1.9363084938075047e-06,False
1.9304198439609253e-06,False
1.9245364740398355e-06,False
1.919352781009246e-06,False
1.9128299216759994e-06,False
1.9072174450945772e-06,False
1.9016152056944371e-06,False
1.896023203476414e-06,False
1.8899707497119964e-06,False
1.8844250467681546e-06,False
1.878864606492574e-06,False
1.8728224433397223e-06,False
1.8670704117142046e-06,False
1.861541618505071e-06,False
1.8560143079052233e-06,False
1.8500574623989957e-06,False
1.8445868043596376e-06,False
1.8388450358529675e-06,False
1.8329496175309304e-06,False
1.827475172330975e-06,False
1.8219950116300126e-06,False
1.8163327074870181e-06,False
1.810681508686628e-06,False
1.8051071928732415e-06,False
1.7996830631057616e-06,False
1.7942880228645457e-06,False
1.7904266259759054e-06,False
1.7845761310945093e-06,False
1.7791855842762438e-06,False
1.774307350868335e-06,False
1.768709271962556e-06,False
1.7631496456048407e-06,False
1.7576302833977503e-06,False
1.7520543780481759e-06,False
1.7465079274097352e-06,False
1.7412562777932972e-06,False
1.7359513316633428e-06,False
1.730416836589469e-06,False
1.7259726981989642e-06,False
1.7209048597298166e-06,False
1.7151682103005588e-06,False
1.709954246931916e-06,False
1.704686384253163e-06,False
1.6994567779170756e-06,False
1.6944775760390285e-06,False
1.6887738003827692e-06,False
1.6833466533965105e-06,False
1.678193753837018e-06,False
1.6727677959158968e-06,False
1.6673527956871469e-06,False
1.6624330131037626e-06,False
1.6566053461000914e-06,False
1.6514373755369108e-06,False
1.646317385947333e-06,False
1.6412078184998765e-06,False
1.6356198539691827e-06,False
1.631448788170007e-06,False
1.6265234104126196e-06,False
1.6208109131046277e-06,False
1.6159328608486188e-06,False
1.6106293801422703e-06,False
1.6051044979381085e-06,False
1.6004831981364528e-06,False
1.5949983599470329e-06,False
1.58973697519502e-06,False
1.5847065397035978e-06,False
1.5794752702175045e-06,False
1.574054972433152e-06,False
1.5694505974228094e-06,False
1.564239947993835e-06,False
1.5588205522541506e-06,False
1.5550515529266066e-06,False
1.549659270636223e-06,False
1.544685990580987e-06,False
1.539728329977663e-06,False
1.534566094723373e-06,False
1.5298402031451444e-06,False
1.5245036082428375e-06,False
1.5191658216575451e-06,False
1.5142422731419127e-06,False
1.5093362178612113e-06,False
1.5859161870061525e-06,False
1.586741399142547e-06,False
2.8886947245187962e-05,False
2.885063767167593e-05,False
2.8811193212799132e-05,False
2.8776698396366448e-05,False
2.874025405649035e-05,False
2.8703501284392982e-05,False
2.866731208637342e-05,False
2.8635874087495434e-05,False
2.859845008569377e-05,False
2.8564716974326412e-05,False
2.8549675861593986e-05,False
2.8514269120476143e-05,False
2.847899316095836e-05,False
2.8444052824907925e-05,False
2.840976529508255e-05,False
2.837362467195697e-05,False
2.833926789670312e-05,False
2.8309370553246544e-05,False
2.827588877684693e-05,False
3.539453489395825e-05,False
2.8279823657350215e-05,False
2.8246369937678032e-05,False
2.822541108187784e-05,False
2.8191048170923242e-05,False
3.505998478439082e-05,False
2.814410405840527e-05,False
2.8109955823548983e-05,False
2.8090301315517283e-05,False
2.8060184070383256e-05,False
2.8026945839485806e-05,False
2.799421746729778e-05,False
2.7959499876002185e-05,False
2.7925066354003836e-05,False
2.7897152127999482e-05,False
2.7863124610093376e-05,False
2.7829758686751072e-05,False
2.7796523545007128e-05,False
2.7763595857683037e-05,False
2.7730086193788855e-05,False
2.7697240844986677e-05,False
2.7671836593593784e-05,False
2.764060539495195e-05,False
3.390784011844795e-05,False
2.759445467493722e-05,False
2.7579321566519867e-05,False
2.7549615747373848e-05,False
2.751760877845127e-05,False
2.7484530674123293e-05,False
2.7452777151112636e-05,False
2.7422602778475133e-05,False
2.7388465915430724e-05,False
2.735801263443684e-05,False
2.7325370885518823e-05,False
2.729409334475353e-05,False
2.7262791551953422e-05,False
2.7230385402374323e-05,False
2.7199493266501627e-05,False
2.716981660211435e-05,False
2.713794630591625e-05,False
2.7107982797105928e-05,False
2.7077461277426173e-05,False
2.704652361635987e-05,False
2.7023377358864126e-05,False
2.7049420831150138e-05,False
2.7074669009684672e-05,False
2.7098709726289136e-05,False
2.7124148790170533e-05,False
2.7150021772716614e-05,False
2.7176749445431385e-05,False
2.7180710631582476e-05,False
2.7206787714196988e-05,False
2.723220249348938e-05,False
2.7257786664419132e-05,False
2.7284490858131026e-05,False
2.730820070876092e-05,False
2.733550392357654e-05,False
2.7360503174414063e-05,False
2.7384289536027116e-05,False
2.7410978071005937e-05,False
2.7437840530380555e-05,False
2.7462547073081927e-05,False
2.7488768253467948e-05,False
2.7511290667638834e-05,False
2.753950025756492e-05,False
2.7565404667965537e-05,False
2.759063854966132e-05,False
2.7617687119132422e-05,False
2.7642819530553917e-05,False
2.7669375844457372e-05,False
2.7694714194541048e-05,False
2.7721168061752646e-05,False
2.7746558346542058e-05,False
2.777197470725189e-05,False
2.7797961560094157e-05,False
2.7825766194054822e-05,False
2.782392833411523e-05,False
2.7850358429308395e-05,False
3.089483971670521e-05,False
2.7842902400658642e-05,False
2.7869143235927873e-05,False
2.7888554578223067e-05,False
2.7914138038310204e-05,False
2.7939747574318775e-05,False
2.796592634680283e-05,False
2.7986123342258278e-05,False
2.8012349129296276e-05,False
2.803860078932579e-05,False
2.806504480889694e-05,False
2.8092058782001173e-05,False
2.8115172849803184e-05,False
2.8144203320910527e-05,False
2.8171128114948834e-05,False
2.8183481271520948e-05,False
2.8202943399129624e-05,False
2.8228675807240564e-05,False
2.825531839222922e-05,False
2.8282357579473936e-05,False
2.8302815153335444e-05,False
2.8330790266094725e-05,False
2.8349313950023384e-05,False
2.8376080416370327e-05,False
2.8400898678727767e-05,False
2.842862451084647e-05,False
2.8460773336848055e-05,False
2.85139191997905e-05,False
2.8568271907246212e-05,False
2.8620787447608415e-05,False
2.8674884270766748e-05,False
2.8729463226143074e-05,False
2.878347954994613e-05,False
2.8826024791392922e-05,False
2.8882048579615942e-05,False
2.893640308429221e-05,False
2.8992909668694466e-05,False
2.9048759764466002e-05,False
2.9103915048127116e-05,False
2.9160957328707774e-05,False
2.9217602048416148e-05,False
1.1364040323391497e-06,False
1.1366830835197921e-06,False
1.1362401865754775e-06,False
2.9460477535524594e-05,False
2.9519333772808403e-05,False
2.957721793901555e-05,False
1.1305181947289148e-06,False
1.130331713696282e-06,False
1.1305851620941727e-06,False
1.1304839457147858e-06,False
1.1303124914215534e-06,False
1.130379182300033e-06,False
1.1303760939898044e-06,False
1.130177735702037e-06,False
1.130184751000285e-06,False
1.1303314452009143e-06,False
1.130346667747498e-06,False
1.130251889996877e-06,False
1.1301492478180193e-06,False
1.1303369208016516e-06,False
1.1303291347153638e-06,False
1.1302120772482468e-06,False
1.1303712015553165e-06,False
1.1304212873969976e-06,False
1.13035131629143e-06,False
1.1300526032755092e-06,False
1.1302725320416652e-06,False
1.1304282937730254e-06,False
1.1304580064079062e-06,False
1.1304045997107202e-06,False
1.130799959801764e-06,False
1.1305760350190142e-06,False
1.1306693247226099e-06,False
1.1307586417367779e-06,False
1.1309269719384938e-06,False
1.131033398689552e-06,False
1.1309447650348348e-06,False
1.1309715808976907e-06,False
1.1309378244904927e-06,False
1.131329211158067e-06,False
1.1314152020692798e-06,False
1.1314419119380547e-06,False
1.1313148312514049e-06,False
1.1316140516899076e-06,False
1.1318724520051857e-06,False
1.1317641004203193e-06,False
1.1318322218644113e-06,False
1.1319968858851475e-06,False
1.1321665979387173e-06,False
1.1324951154486902e-06,False
1.1325821351189629e-06,False
1.1323760421976374e-06,False
1.1325175518128755e-06,False
1.1331103734494887e-06,False
1.1331084346180195e-06,False
1.1332177358670224e-06,False
1.1333786095395336e-06,False
1.133649994376807e-06,False
1.1338092378514318e-06,False
1.1339374519744486e-06,False
1.1339615257190435e-06,False
1.1340976978546921e-06,False
1.1344859295760273e-06,False
1.1345748225628687e-06,False
1.1347814133478662e-06,False
1.1353277907972003e-06,False
1.135335731330474e-06,False
1.135444964853032e-06,False
1.135765701025644e-06,False
1.1359711790655408e-06,False
1.1360454798620855e-06,False
1.1363245962853219e-06,False
1.1368085057084108e-06,False
1.1367960199154738e-06,False
1.1370942380459424e-06,False
2.6123006210271298e-05,False
3.4001711388538086e-06,False
3.4073923522454214e-06,False
3.414796305084344e-06,False
3.3929837122069905e-06,False
3.3750439098945106e-06,False
2.6296891289539396e-05,False
2.632266750008523e-05,False
2.6349163510912527e-05,False
3.3068740294932237e-06,False
3.313721231346189e-06,False
3.320939079097395e-06,False
3.327849138281881e-06,False
3.3172660290939545e-06,False
2.6531300377971656e-05,False
2.655800333709293e-05,False
3.27459694843815e-06,False
3.281646132337994e-06,False
3.2635818847854337e-06,False
2.6674676805382187e-05,False
2.6701336489751414e-05,False
2.6727692465231033e-05,False
2.6767049204941475e-05,False
3.169140935374146e-06,False
3.176215977470284e-06,False
3.1826549262404864e-06,False
3.189729672319113e-06,False
3.1966999888243407e-06,False
3.2033680361397937e-06,False
3.2107341896919648e-06,False
3.2178665667587317e-06,False
3.2245692150936618e-06,False
2.7367789295460348e-05,False
3.206956449023577e-06,False
3.214132339951641e-06,False
3.221319737086935e-06,False
3.228399656654658e-06,False
2.7672719765197857e-05,False
2.7727671924020557e-05,False
2.7782938499361215e-05,False
2.7839077611714733e-05,False
2.78616191958364e-05,False
2.9580718764583026e-06,False
2.964464965034033e-06,False
2.9707597828848322e-06,False
2.9772804454915395e-06,False
2.983767004838028e-06,False
2.9902190544229664e-06,False
2.9968390481682936e-06,False
2.996820072856714e-06,False
3.0031553972474905e-06,False
3.0099748405607195e-06,False
3.016699384226749e-06,False
3.0233121056133837e-06,False
3.013197402644107e-06,False
2.880144428796043e-05,False
2.8863642051140364e-05,False
2.9692007543933683e-06,False
2.9525815718813264e-06,False
2.958949737122113e-06,False
2.965666142829205e-06,False
2.9724185036930674e-06,False
2.9788738422507634e-06,False
2.9326446751577657e-05,False
2.9391994190347998e-05,False
2.9456571006926963e-05,False
2.9519557581234473e-05,False
2.950574870982788e-05,False
2.9571621047362543e-05,False
2.963781091385946e-05,False
2.9701044781261143e-05,False
2.9767244037457243e-05,False
2.9834330696265377e-05,False
2.9899858572359197e-05,False
2.9927424651016587e-05,False
2.9994627001909598e-05,False
3.0062195125707324e-05,False
3.0127505145336467e-05,False
3.0197687566224295e-05,False
3.0263584302183848e-05,False
2.5831837025312816e-06,False
2.5904264431494718e-06,False
2.5970491992429944e-06,False
2.6042103106121807e-06,False
2.61097996728453e-06,False
2.6182929047394277e-06,False
2.6252807959680502e-06,False
2.632498120543253e-06,False
2.6372393210005884e-06,False
3.1078393758347e-05,False
2.6306269488458808e-06,False
2.6382188521048574e-06,False
2.6454276909856935e-06,False
2.6528669375071985e-06,False
2.6599859667005183e-06,False
2.6606559976813814e-06,False
2.667824921485109e-06,False
3.136916366456892e-05,False
3.136356094175506e-05,False
3.1356709453769084e-05,False
3.134857700669122e-05,False
2.6201389676060505e-06,False
2.6275301876223576e-06,False
7.281662612545197e-08,False
7.250721536938428e-08,False
7.218402709320552e-08,False
7.081272977528958e-08,False
7.052189734025448e-08,False
7.02355525169811e-08,False
6.996402970271336e-08,False
6.851807348775424e-08,False
6.823944793675252e-08,False
6.80144533318031e-08,False
6.776464301730769e-08,False
6.639130282774316e-08,False
6.612497578964803e-08,False
6.582448407402753e-08,False
6.558628477732697e-08,False
6.41996596856554e-08,False
6.394553953166481e-08,False
6.369590698929133e-08,False
6.347060284352884e-08,False
6.209791250476475e-08,False
6.189381584279596e-08,False
6.163657911560402e-08,False
6.140342093305133e-08,False
3.0119927612404106e-05,False
3.007288019121708e-05,False
3.0023602948292165e-05,False
2.9975990520161623e-05,False
2.992810026428959e-05,False
2.9880581365313202e-05,False
2.984435981805117e-05,False
2.9797479494096476e-05,False
4.3914165349262245e-08,False
4.362447677983147e-08,False
4.336900192321851e-08,False
4.2465576566605883e-08,False
2.955736921937964e-05,False
2.9539032598144734e-05,False
2.9495264971098842e-05,False
2.945244873447057e-05,False
2.9409373962748872e-05,False
2.9364136301353446e-05,False
2.93211288173873e-05,False
2.9279159913585424e-05,False
2.9236331472791533e-05,False
2.919510114344539e-05,False
2.9154372235587456e-05,False
2.911448965693764e-05,False
2.907058798195799e-05,False
2.903136361982477e-05,False
2.899273425756631e-05,False
2.8975885372634117e-05,False
2.8936932444972948e-05,False
2.889775031966146e-05,False
2.4839139529289812e-08,False
2.440615724799399e-08,False
2.3952258940123213e-08,False
2.3500302833619273e-08,False
2.3044952393427776e-08,False
2.8656156610313952e-05,False
2.8618505262486523e-05,False
2.3015388528697924e-08,False
1.1194854515463372e-06,False
1.1196039735466814e-06,False
1.1192023967628678e-06,False
1.119416848233537e-06,False
1.1196869067102462e-06,False
1.1120177475921152e-06,False
1.1124041288825688e-06,False
1.112396234023028e-06,False
1.1104725683856573e-06,False
1.1108417209624547e-06,False
1.1109756293465435e-06,False
1.1106340263291479e-06,False
1.1105639074206135e-06,False
1.110797577842755e-06,False
1.110301864559115e-06,False
1.1105342843970461e-06,False
1.1106707232059482e-06,False
1.104503413496222e-06,False
1.104661107477914e-06,False
1.104777143289605e-06,False
1.1042204918876175e-06,False
1.1044862051119642e-06,False
1.1047451544023761e-06,False
1.1039983877592464e-06,False
1.1041051431713953e-06,False
1.104425435884184e-06,False
1.1045427753833659e-06,False
1.1040763362284095e-06,False
1.1042511678401832e-06,False
1.1044776800686729e-06,False
1.1047092403300047e-06,False
1.1050017533146098e-06,False
1.10529026404574e-06,False
1.1053395359953158e-06,False
1.1055910519207147e-06,False
1.1055291937379077e-06,False
1.1058894645920241e-06,False
1.1062003230763442e-06,False
1.106223645594842e-06,False
1.10659809915434e-06,False
1.1068280721408035e-06,False
1.1071110435128777e-06,False
1.1073024634671214e-06,False
1.1073254941066515e-06,False
1.1077218302826216e-06,False
1.1080714835034768e-06,False
1.1081319155838694e-06,False
1.1084430649530806e-06,False
1.1089073429134247e-06,False
1.108982364761089e-06,False
1.1093084217609643e-06,False
1.1095333939473986e-06,False
1.1096674748330922e-06,False
1.1099542019634682e-06,False
1.1102457442113359e-06,False
1.1095674228635125e-06,False
1.109908869189069e-06,False
1.1102553635474782e-06,False
1.1107540697936412e-06,False
1.1109136048168445e-06,False
1.11122511881244e-06,False
1.111444796520567e-06,False
1.1118123601185705e-06,False
1.1120395856432671e-06,False
1.112417653682384e-06,False
1.1127502591847909e-06,False
1.1130370581072504e-06,False
1.1132838126221814e-06,False
1.1137261153381559e-06,False
1.1141798016665685e-06,False
1.114441959376267e-06,False
1.1148887563812167e-06,False
1.1152538050297147e-06,False
1.1154782779008081e-06,False
1.1158530825610992e-06,False
1.1163778416805228e-06,False
1.1167104097157191e-06,False
1.1170063872472867e-06,False
1.1169823644218337e-06,False
2.2135385039471167e-05,False
2.2089966325279477e-05,False
2.2046370332247323e-05,False
2.2003962533468148e-05,False
2.1958965864735812e-05,False
2.191535886669522e-05,False
2.1872009983863383e-05,False
2.1828294438168344e-05,False
2.178289245034989e-05,False
2.1744090842514464e-05,False
2.1710749151751878e-05,False
2.1678524323959543e-05,False
2.1644393696639513e-05,False
2.1612462515788736e-05,False
2.1578162506316965e-05,False
2.154563462414223e-05,False
2.1512711685412622e-05,False
2.1478738520156762e-05,False
2.144780771819147e-05,False
2.141474707573642e-05,False
2.138044297329889e-05,False
2.1347870801302178e-05,False
2.1314480392946742e-05,False
2.1281121803831075e-05,False
2.1249521361741786e-05,False
2.121707418244149e-05,False
2.1185108486187225e-05,False
2.115229865903344e-05,False
2.111737540201943e-05,False
2.108592541126653e-05,False
2.1053857561667856e-05,False
2.1020325657732838e-05,False
2.098874326259667e-05,False
2.0955698305000133e-05,False
2.0924617954249452e-05,False
2.0890551299719995e-05,False
2.0858887458830594e-05,False
2.0825968257901088e-05,False
2.079436411760432e-05,False
2.0761930593551108e-05,False
2.0731232653343715e-05,False
2.0697798124288622e-05,False
2.0664396760264404e-05,False
2.0632089895291787e-05,False
2.060108998381846e-05,False
2.0578668336419544e-05,False
2.0546655224786794e-05,False
2.0514459169236854e-05,False
2.0486262573328504e-05,False
2.045433711823577e-05,False
2.0420962067727036e-05,False
2.039078858946394e-05,False
2.0357900191795778e-05,False
2.032651995134595e-05,False
2.0294538537281578e-05,False
2.026216692989817e-05,False
2.023045731115667e-05,False
2.019899198934504e-05,False
2.016545032025219e-05,False
2.0135726186949623e-05,False
2.01039328843612e-05,False
2.007237679506838e-05,False
2.0041067430684998e-05,False
2.0008526102255923e-05,False
1.9977483773040404e-05,False
1.9945847522837344e-05,False
1.873861612510297e-05,False
1.991276067242885e-05,False
1.9879292835458543e-05,False
1.984878443258622e-05,False
1.983506216212978e-05,False
1.980500858943482e-05,False
1.9773306139760988e-05,False
1.9761684759714266e-05,False
1.9731476452069284e-05,False
1.8845873803768877e-05,False
1.969419912397713e-05,False
1.9664462052090274e-05,False
1.9632679292116996e-05,False
1.9616829170555276e-05,False
1.9587159645911864e-05,False
1.955461218856073e-05,False
1.952418672903419e-05,False
1.9493572758354106e-05,False
1.9462571298056335e-05,False
1.9429953362208232e-05,False
1.9409635602421505e-05,False
1.937768233368201e-05,False
1.9346595698479145e-05,False
1.931615299910015e-05,False
1.9285323474598096e-05,False
1.92541366207778e-05,False
1.067284788709724e-06,False
1.0655574732770505e-06,False
1.917202707465653e-05,False
1.9140536865652625e-05,False
1.910987908822723e-05,False
1.9079251812674697e-05,False
1.9047858015535387e-05,False
1.9018731478733833e-05,False
1.898675839139462e-05,False
1.8958107264998804e-05,False
1.8925404636209477e-05,False
1.88953785936683e-05,False
1.8865985609078063e-05,False
1.8833983963626683e-05,False
1.8804049715058647e-05,False
1.8775162119223186e-05,False
1.874487231008126e-05,False
1.8712814669993977e-05,False
1.869187656650255e-05,False
1.866023873749886e-05,False
1.6564727409178718e-05,False
1.8627889388036718e-05,False
1.8597964596389673e-05,False
1.8570922634239554e-05,False
1.8539813139175554e-05,False
1.851098763554451e-05,False
1.8479527046687886e-05,False
1.845418988093e-05,False
1.8423021093734055e-05,False
9.419714109637532e-07,False
9.426574363115807e-07,False
9.438244041255867e-07,False
9.450598088706713e-07,False
9.462113231379873e-07,False
9.457268695912642e-07,False
1.8199575183003555e-05,False
1.8193427183089785e-05,False
1.818308476198313e-05,False
1.8152780336817216e-05,False
1.812491976466885e-05,False
1.80952640950424e-05,False
1.8064466781230183e-05,False
1.8034700190848766e-05,False
1.8006134728107146e-05,False
1.7975846012844364e-05,False
1.7947512052415534e-05,False
1.7917286678345286e-05,False
1.7887846750712027e-05,False
1.7859430464572492e-05,False
1.7827896793942245e-05,False
1.7799204010383036e-05,False
1.776988776190136e-05,False
1.7755198396454584e-05,False
1.772575347383914e-05,False
1.7696507265633047e-05,False
1.7667125046842915e-05,False
1.7638351162943162e-05,False
1.7608210215659778e-05,False
1.7578922425576416e-05,False
1.7549666280224763e-05,False
1.752076906181027e-05,False
1.7492969092626636e-05,False
1.746355814253566e-05,False
1.7434264146443718e-05,False
1.7404754228021853e-05,False
1.7375436912794954e-05,False
1.7347540158869587e-05,False
7.959927599799691e-07,False
7.972282758130935e-07,False
7.982003095240398e-07,False
7.969353724198123e-07,False
1.719432414120318e-05,False
1.7165488464399614e-05,False
1.7136684432327017e-05,False
1.7108631767896162e-05,False
1.7082347711967753e-05,False
1.705460543312799e-05,False
1.7044471884966237e-05,False
1.7017322380422304e-05,False
1.6987698410349277e-05,False
1.6959077451890155e-05,False
1.693064047841879e-05,False
1.6902642299762756e-05,False
1.687370681127938e-05,False
3.614809874473106e-06,False
3.6234639781292463e-06,False
3.631657339894038e-06,False
3.643970089031448e-06,False
3.6523423489411206e-06,False
3.6609176177927752e-06,False
3.6693996168722227e-06,False
3.6710599975069864e-06,False
3.670308879029303e-06,False
3.670075954978341e-06,False
3.67116977556745e-06,False
3.670781243809076e-06,False
3.669777313688323e-06,False
3.6694722217027723e-06,False
3.6688817027567075e-06,False
3.6682911444629536e-06,False
3.6675696364868074e-06,False
3.6689744960161e-06,False
3.6686350147033864e-06,False
3.6678969754442957e-06,False
3.66740397516907e-06,False
3.666834243035229e-06,False
3.6660270016965357e-06,False
3.665517380780955e-06,False
1.787416877081063e-05,False
3.6718339004568806e-06,False
3.671465682172649e-06,False
3.671262481847799e-06,False
3.6743991315103986e-06,False
3.673821956776576e-06,False
3.6782245518550145e-06,False
1.765157399773345e-05,False
1.7622043899596172e-05,False
1.7590591500743282e-05,False
1.7560907829412066e-05,False
1.754201078412208e-05,False
1.7513941478584648e-05,False
1.7483574250709483e-05,False
1.7454046224143283e-05,False
1.742412070692677e-05,False
1.7394606077899124e-05,False
1.7364956023551958e-05,False
1.734533522239692e-05,False
1.731438447660341e-05,False
3.79050367263646e-06,False
3.789841001506353e-06,False
3.7946664589485917e-06,False
3.7937620789905647e-06,False
3.837444035780546e-06,False
3.836760188249198e-06,False
3.841531331542146e-06,False
3.840988820331198e-06,False
3.845598241121764e-06,False
3.845113548198041e-06,False
3.8444132967242055e-06,False
3.847862469100317e-06,False
3.847358812216176e-06,False
3.846529381205921e-06,False
3.845757842682119e-06,False
3.845347432522648e-06,False
3.8447223877618805e-06,False
3.844537613875718e-06,False
3.8437266489741e-06,False
3.844569703702544e-06,False
3.843818104074777e-06,False
3.84309956930189e-06,False
3.84276620861619e-06,False
3.842197569672029e-06,False
3.844985203329906e-06,False
1.6519158152879274e-05,False
1.648986736274731e-05,False
1.6460985332029186e-05,False
1.643175808601966e-05,False
1.6403508854410877e-05,False
3.8712346199804286e-06,False
3.870910528180877e-06,False
3.874304797473758e-06,False
1.6283925662470753e-05,False
1.6255271539889884e-05,False
3.884777817654021e-06,False
3.883747852208507e-06,False
3.883383171529699e-06,False
3.882907703441548e-06,False
3.886311963396074e-06,False
3.885624584386267e-06,False
3.885322062651116e-06,False
1.6013638963860023e-05,False
1.5984170456854572e-05,False
3.89982461591422e-06,False
3.899341991513595e-06,False
3.90328565760835e-06,False
1.586695299826996e-05,False
1.5839506470786644e-05,False
3.9143029091093674e-06,False
3.913677966465491e-06,False
3.913288912951604e-06,False
3.912588013034353e-06,False
3.914660301748591e-06,False
1.566067815577532e-05,False
1.563160658660843e-05,False
1.5604067145238546e-05,False
1.557690874095841e-05,False
1.5548507240210745e-05,False
1.552123543895651e-05,False
3.9461389892060095e-06,False
3.945858869287783e-06,False
3.945283272692923e-06,False
3.945030494120039e-06,False
1.5375013861308973e-05,False
3.953768909950976e-06,False
3.9531179088918745e-06,False
3.952768792717768e-06,False
3.952041707966998e-06,False
3.951687270023222e-06,False
3.951348535400679e-06,False
3.9509186232281204e-06,False
3.951653877626894e-06,False
3.9518812054979085e-06,False
3.951258138047514e-06,False
3.950805352996527e-06,False
3.950559916245073e-06,False
3.949910906497634e-06,False
3.95116941669054e-06,False
1.4933297184614437e-05,False
3.956641034255911e-06,False
3.9558337028248855e-06,False
3.955362847584782e-06,False
3.955138576591247e-06,False
4.010266641923745e-06,False
4.009889146395208e-06,False
4.009357332119513e-06,False
4.008735156625251e-06,False
4.0122182586724224e-06,False
4.011814762119197e-06,False
4.011406215929163e-06,False
4.010841908438045e-06,False
4.01478706921627e-06,False
4.014135862471477e-06,False
4.013502410325893e-06,False
4.013194201988719e-06,False
4.016725146912268e-06,False
4.01617634246591e-06,False
4.015754020399249e-06,False
4.015547506906582e-06,False
4.018792334993376e-06,False
4.0184619900389924e-06,False
4.017883668621214e-06,False
4.017560727464934e-06,False
4.021061679310758e-06,False
4.02078394222291e-06,False
4.020428701851745e-06,False
4.02020162385093e-06,False
4.0234982652059515e-06,False
4.021438275666779e-06,False
4.017171024231929e-06,False
4.013367848255201e-06,False
4.015124689235707e-06,False
1.4900505235810418e-05,False
1.4914300782561757e-05,False
1.4928393887351882e-05,False
1.494066849802138e-05,False
1.495489639369623e-05,False
1.4969020526579472e-05,False
1.4981439343170632e-05,False
1.4996215752071411e-05,False
1.5009055275767007e-05,False
1.5023337920712498e-05,False
1.5035680626338595e-05,False
1.5049067184801374e-05,False
1.5053248663401439e-05,False
1.5066650960717257e-05,False
1.5081900292520787e-05,False
1.5094005872587879e-05,False
1.5108758901172442e-05,False
1.5121564671632772e-05,False
1.5135019463018054e-05,False
1.51488845469046e-05,False
1.5162881048498167e-05,False
1.5176888848727126e-05,False
1.5189864945863117e-05,False
1.5204693958917222e-05,False
1.521769026340701e-05,False
1.5232663959392235e-05,False
1.5244634806321131e-05,False
1.5259107178384702e-05,False
1.5273191175670876e-05,False
1.5276410990927696e-05,False
1.5290910424204526e-05,False
6.18033463964091e-07,False
6.155827777307402e-07,False
6.129799671140428e-07,False
6.105223152917854e-07,False
6.170876627616336e-07,False
6.145694827479463e-07,False
6.226086517395216e-07,False
7.173294757847533e-07,False
7.145752949743229e-07,False
7.216407238330884e-07,False
1.5705634915771216e-05,False
7.326627792621692e-07,False
7.29918892485822e-07,False
7.270421352701972e-07,False
7.326332693044381e-07,False
1.5960799336702585e-05,False
1.600937647480084e-05,False
1.605621648405944e-05,False
7.668858992445349e-07,False
7.639665671061802e-07,False
7.610607381374244e-07,False
7.684221478319743e-07,False
1.6318547200128737e-05,False
1.6310561562232985e-05,False
1.6281230580200375e-05,False
1.6253823925747617e-05,False
1.622399561823013e-05,False
1.6194751183354748e-05,False
1.616498268149795e-05,False
6.473986862264362e-06,False
6.4798538788688874e-06,False
6.489789124001738e-06,False
6.494427469692082e-06,False
6.504328477144258e-06,False
1.3501099934692107e-05,False
1.351329889374234e-05,False
1.3526377271597401e-05,False
6.4670657344776655e-06,False
6.477209577614894e-06,False
6.4825926432702875e-06,False
1.3584583835820065e-05,False
1.3596960840426249e-05,False
6.4860698353421975e-06,False
6.4962171700226115e-06,False
6.502209143609365e-06,False
1.364884670310919e-05,False
1.3661917646867219e-05,False
1.3675114787969982e-05,False
1.3687565009411925e-05,False
6.527758739022771e-06,False
6.5332026258177375e-06,False
6.5157401360160395e-06,False
6.5257421584804336e-06,False
6.531722085382736e-06,False
1.3764159141060487e-05,False
1.3773570010357669e-05,False
1.3786858472915012e-05,False
1.3784206317812548e-05,False
1.379724848452072e-05,False
1.3809681530715023e-05,False
1.382262408769671e-05,False
1.3818357006450673e-05,False
1.3830310128878278e-05,False
1.3844652392071189e-05,False
1.3857503948207816e-05,False
1.3869987162502773e-05,False
7.05121352866966e-06,False
7.062272858635786e-06,False
1.4163085435811352e-05,False
7.072315673841042e-06,False
7.082729468889403e-06,False
7.080185028280355e-06,False
7.086175276651774e-06,False
1.423284289859511e-05,False
7.101345215112452e-06,False
7.1119701955507445e-06,False
7.117360091049125e-06,False
7.128181443724832e-06,False
1.4378608363999965e-05,False
1.4423495758787723e-05,False
7.142218265272264e-06,False
7.153131657294465e-06,False
7.1582645096141485e-06,False
7.168926004885624e-06,False
7.174346611157033e-06,False
7.185276295597932e-06,False
7.19059289460073e-06,False
7.2015378604353e-06,False
7.206847853525402e-06,False
7.21765278042426e-06,False
7.22275865837521e-06,False
7.234269065609749e-06,False
7.23935157535255e-06,False
7.250089380629291e-06,False
7.261657694863363e-06,False
7.27255374448657e-06,False
7.279387876529685e-06,False
7.284855263256593e-06,False
7.284796303870192e-06,False
7.28468828083071e-06,False
7.290032529148803e-06,False
7.2900620147795045e-06,False
7.289750429230807e-06,False
7.289616120620788e-06,False
7.2952211741731395e-06,False
7.29505327043204e-06,False
7.294934598387055e-06,False
7.294667952329753e-06,False
7.3004836837495615e-06,False
7.300388751484727e-06,False
7.300087249750034e-06,False
7.300064627746965e-06,False
7.30563604488144e-06,False
7.3057377255469975e-06,False
7.30551762325125e-06,False
7.305087012753236e-06,False
7.311357591226591e-06,False
7.310880704957252e-06,False
7.31097351139154e-06,False
7.310847497808822e-06,False
3.2465437312863692e-06,False
3.242968401807007e-06,False
3.238802258059455e-06,False
3.240331880591724e-06,False
3.236652419816817e-06,False
3.2325230015683725e-06,False
3.2285468613918787e-06,False
3.2302147774676216e-06,False
3.2262081376282828e-06,False
3.222461814579906e-06,False
3.218416960802851e-06,False
3.220051088785335e-06,False
3.215900911385492e-06,False
3.21244990322557e-06,False
3.2083798051041655e-06,False
3.2100122946828056e-06,False
3.2059323484558525e-06,False
3.202166754730836e-06,False
3.1983600935390286e-06,False
1.4277865211471604e-05,False
3.2040428106325517e-06,False
3.2003540502734572e-06,False
3.196430364074002e-06,False
3.1923716405517693e-06,False
3.194002578867315e-06,False
3.1901266172117007e-06,False
3.1862967928776393e-06,False
3.1824877439495592e-06,False
3.184011195772684e-06,False
3.1799920742386578e-06,False
3.176199678800081e-06,False
3.1722602537787865e-06,False
3.1738878727982683e-06,False
3.1700993691965587e-06,False
3.166045464180388e-06,False
3.162156512004078e-06,False
3.163857026762148e-06,False
3.1599697662187412e-06,False
3.1562204258973554e-06,False
3.152189126017891e-06,False
3.1538438520581577e-06,False
3.1498446782980433e-06,False
3.1459968294781483e-06,False
3.1422559417022125e-06,False
3.1438483486865756e-06,False
3.1399743143083016e-06,False
3.1359843092877187e-06,False
3.132249536219853e-06,False
3.133722048534539e-06,False
3.1300772859402718e-06,False
3.1261237168360203e-06,False
3.1223949534786877e-06,False
1.4233497319526273e-05,False
1.4232489360540522e-05,False
1.4233243033993017e-05,False
1.4232235625233675e-05,False
1.4232457901966167e-05,False
3.1449674074067164e-06,False
3.1412439653670166e-06,False
3.137106223770199e-06,False
3.1333716083163688e-06,False
3.1341686084861474e-06,False
1.4225882508702163e-05,False
1.422452884942942e-05,False
1.4224936134587437e-05,False
1.4224628036478312e-05,False
1.4224339429973225e-05,False
1.4224031712698119e-05,False
3.155604170173144e-06,False
3.15220336794011e-06,False
3.148059980554596e-06,False
3.143965464237968e-06,False
1.42180874735399e-05,False
3.1501147450357475e-06,False
3.146150135880295e-06,False
3.1421782290677993e-06,False
3.1384136844857844e-06,False
3.134502867885644e-06,False
3.1308172826351578e-06,False
3.126911311253687e-06,False
3.1231376504099146e-06,False
3.1194588657896004e-06,False
3.1153842108833046e-06,False
3.11148806793769e-06,False
3.1080382864194053e-06,False
3.104045316459324e-06,False
3.1002579079783663e-06,False
3.096398980428644e-06,False
3.0960948872320824e-06,False
1.4192652122821911e-05,False
1.4192533065627317e-05,False
3.1008449987683436e-06,False
3.096986045056403e-06,False
3.0994401657990746e-06,False
1.4188270364894603e-05,False
1.4188684612741826e-05,False
1.4188406221087208e-05,False
1.4188449671949755e-05,False
1.4188332582447693e-05,False
1.41878694105849e-05,False
1.4193921498952036e-05,False
1.419345914887116e-05,False
1.4193689559321506e-05,False
3.170611831952201e-06,False
3.1666105991508764e-06,False
3.162835973343615e-06,False
3.158813945639951e-06,False
3.1581047308099557e-06,False
3.154235076630862e-06,False
1.4184993404307164e-05,False
1.4184346795484655e-05,False
3.1867666518988277e-06,False
3.1828316257536887e-06,False
3.178899090749984e-06,False
3.1799699473666945e-06,False
1.4182901960531031e-05,False
1.418297670196354e-05,False
1.4182677115631994e-05,False
1.4182752529462746e-05,False
3.2395291582771566e-06,False
3.242186721982756e-06,False
1.4188244721333569e-05,False
1.2809260213393835e-05,False
3.3299270503740465e-06,False
3.325832725410119e-06,False
3.32197075803218e-06,False
3.3181111025961035e-06,False
3.319615353186639e-06,False
3.3157339173310713e-06,False
3.3119779923763075e-06,False
3.3078951903213374e-06,False
3.3094047009520563e-06,False
3.3054997345083447e-06,False
3.3017036223467557e-06,False
3.2978032781026988e-06,False
3.2992051505694776e-06,False
3.2952834519930252e-06,False
3.291364154070026e-06,False
3.287576825735182e-06,False
3.28368508039927e-06,False
3.279894556853785e-06,False
3.2787300754056254e-06,False
1.4175282208114413e-05,False
3.3077854758923296e-06,False
3.3037612922114052e-06,False
3.305299091641515e-06,False
1.4175553626872135e-05,False
1.4175259272230773e-05,False
1.4175498641747893e-05,False
3.31575290317532e-06,False
3.311747311186907e-06,False
3.3077223633744623e-06,False
1.417235788098983e-05,False
3.3518510236786194e-06,False
3.34769263809435e-06,False
3.344207470426922e-06,False
3.3448173862087757e-06,False
1.4171624933725704e-05,False
3.3454013726980374e-06,False
3.341205113401653e-06,False
1.4170471844046289e-05,False
1.4170904580605325e-05,False
1.417714380314564e-05,False
1.4177577700783968e-05,False
3.409348109098462e-06,False
3.405621468196322e-06,False
3.4014112271366767e-06,False
3.4031627214396284e-06,False
1.4171901682985595e-05,False
1.4171802737546953e-05,False
3.4090672829698593e-06,False
3.4051463044364838e-06,False
3.4019891749467818e-06,False
3.3980725489808973e-06,False
3.397040751400647e-06,False
1.4165035675161332e-05,False
1.4164746231714393e-05,False
1.4166882944942689e-05,False
1.4166786242310788e-05,False
1.3741829981302264e-05,False
1.375587774417444e-05,False
1.4194461819998208e-05,False
1.4194292825739984e-05,False
1.41945404585458e-05,False
1.3822017734958304e-05,False
1.4220231985725713e-05,False
1.4219335430791665e-05,False
1.4218633223035672e-05,False
1.4218199365442923e-05,False
1.422310719311327e-05,False
3.8086340691411196e-06,False
3.804060210037629e-06,False
3.805079007957571e-06,False
1.4220010670596869e-05,False
1.422006692246081e-05,False
1.4219976621836886e-05,False
1.4218935712909752e-05,False
1.4218577847559927e-05,False
1.4219365983296055e-05,False
1.4222717991432019e-05,False
1.4225239452534803e-05,False
1.4224882736852156e-05,False
1.4224867307698341e-05,False
1.4234104365520328e-05,False
3.939390885560888e-06,False
3.934881246596111e-06,False
1.4232305524574832e-05,False
1.4231341156068205e-05,False
3.955371924829233e-06,False
3.950877682285508e-06,False
3.954100791816066e-06,False
3.949368537125607e-06,False
3.95263908096489e-06,False
3.947919665815968e-06,False
3.943513118362531e-06,False
3.945923473858388e-06,False
3.941124674716491e-06,False
3.944213231654563e-06,False
3.939785280152827e-06,False
1.4222045435416106e-05,False
1.4220887647434006e-05,False
1.4221753051185337e-05,False
1.4233202786372778e-05,False
1.4512460496186943e-05,False
1.4528836641355498e-05,False
4.20727886188074e-06,False
4.202622194997785e-06,False
4.197830094176594e-06,False
4.199288083590739e-06,False
4.194536943614671e-06,False
4.1898224983757415e-06,False
4.185136715804467e-06,False
4.180539494619398e-06,False
4.17595781925135e-06,False
4.171121183342157e-06,False
4.1693485869481804e-06,False
4.164858883756025e-06,False
4.160298927729538e-06,False
4.15578811556409e-06,False
4.1512201635691356e-06,False
4.146496622815208e-06,False
4.141907790433529e-06,False
4.137249040848506e-06,False
4.13260594716022e-06,False
4.128926516892375e-06,False
4.124386497775302e-06,False
4.1198229675303865e-06,False
4.1151044996249495e-06,False
3.4653538460832293e-07,False
1.3528573890004188e-05,False
1.3537228865469422e-05,False
3.806937601928364e-07,False
3.847830433810506e-07,False
3.8588827395977886e-07,False
3.864050753391359e-07,False
3.9003080183520445e-07,False
1.3532444550844631e-05,False
4.2505961844466854e-07,False
4.2963961166654615e-07,False
1.3538842756664423e-05,False
1.3539127809459593e-05,False
1.3539092323010636e-05,False
4.4834985004618087e-07,False
4.48312521237925e-07,False
4.524304331156601e-07,False
1.3537861216461561e-05,False
1.3543943022527582e-05,False
1.354496860259491e-05,False
1.354577650121162e-05,False
1.3545862481808501e-05,False
1.354551454547654e-05,False
1.354679017357077e-05,False
1.3547125490290845e-05,False
5.400904109013692e-07,False
5.392446350098578e-07,False
5.42942086119606e-07,False
1.3547430472591457e-05,False
1.3547476722534642e-05,False
1.355023030900988e-05,False
1.3550818294825448e-05,False
1.3551675148695962e-05,False
1.3553451497383599e-05,False
6.000835089259553e-07,False
5.987656799725588e-07,False
5.977942298995369e-07,False
5.96703696577387e-07,False
6.020425698232554e-07,False
6.021564928006304e-07,False
6.103380048151464e-07,False
1.355509725517922e-05,False
1.3559453076788855e-05,False
1.3561728469631925e-05,False
6.760150241204642e-07,False
6.738445021142691e-07,False
6.72075662783719e-07,False
6.699930357307324e-07,False
6.683333757417001e-07,False
6.730177658454012e-07,False
1.3566328904692016e-05,False
1.3568929378613317e-05,False
1.356919806685913e-05,False
1.3571489510473008e-05,False
7.260132990482516e-07,False
7.234360686013741e-07,False
7.343482249283603e-07,False
7.320187383258763e-07,False
7.296490906558003e-07,False
7.274111439531029e-07,False
7.250687678743911e-07,False
7.230001633680927e-07,False
7.208854832958982e-07,False
7.188480836980854e-07,False
7.200974560312736e-07,False
1.3585889391074613e-05,False
1.3588795749510408e-05,False
1.3591692747025096e-05,False
1.3593067867280259e-05,False
1.3595258133841814e-05,False
1.359757639927119e-05,False
1.3601496199114951e-05,False
8.459177897705953e-07,False
8.428994770347317e-07,False
8.396466423483717e-07,False
8.366176646378449e-07,False
8.446136343931467e-07,False
1.3612177745268634e-05,False
1.3615357403156955e-05,False
8.784949859111962e-07,False
8.749372703026006e-07,False
8.719241509678379e-07,False
8.685967396438405e-07,False
8.745734133426487e-07,False
1.3628980660743254e-05,False
1.363116729946088e-05,False
9.068196004495332e-07,False
9.035114050359051e-07,False
8.999853328971906e-07,False
8.96636987512902e-07,False
9.076060294058492e-07,False
9.041722659391236e-07,False
1.365045091560839e-05,False
9.384416413187804e-07,False
9.347406590386959e-07,False
9.311207380774028e-07,False
9.276955514838738e-07,False
1.3667470900155901e-05,False
1.3671735066359665e-05,False
1.3673744031854637e-05,False
1.367872318369427e-05,False
1.3680863211370789e-05,False
1.3685443752345037e-05,False
1.3688065599817126e-05,False
1.3692952185505919e-05,False
1.2640935201142627e-06,False
1.2584311650553315e-06,False
1.2733266797134373e-06,False
1.370728341570474e-05,False
1.371081880295158e-05,False
1.3224179299001652e-06,False
1.3162907678658488e-06,False
1.3722955247264658e-05,False
1.5618011993821193e-06,False
1.5542754597117814e-06,False
1.546966564060477e-06,False
1.539695819343402e-06,False
1.5323514312467098e-06,False
1.537477137959802e-06,False
1.3750966473017172e-05,False
1.375596888167955e-05,False
1.3759932256378021e-05,False
1.8979065009068247e-06,False
1.8892210370784454e-06,False
1.8802563839384683e-06,False
1.8713490394981154e-06,False
1.8816980374209124e-06,False
1.3787597080889366e-05,False
1.379287290556126e-05,False
1.942260645670654e-06,False
1.933085112243539e-06,False
1.9633655825548803e-06,False
1.9541459611886095e-06,False
1.381651965071704e-05,False
1.3821331495471859e-05,False
2.3234217714121183e-06,False
2.3129074751195532e-06,False
2.30232388101726e-06,False
2.2919187983000163e-06,False
2.2814925449640643e-06,False
2.271140802952242e-06,False
2.282791723481475e-06,False
2.272390960602768e-06,False
2.262115001704555e-06,False
2.252113603185103e-06,False
2.2418293704446803e-06,False
2.2315282865284622e-06,False
2.243104051452299e-06,False
2.2331585401339003e-06,False
2.2229404588150383e-06,False
2.2132485271412637e-06,False
2.203032659414686e-06,False
2.1930868523214096e-06,False
2.2045042031834846e-06,False
2.1948888255854145e-06,False
2.1850170946932755e-06,False
2.1750702660489294e-06,False
2.1655657119092787e-06,False
2.1559866469049614e-06,False
2.1670809182530926e-06,False
2.1573115128100107e-06,False
2.1479002124150632e-06,False
2.1383722271238505e-06,False
2.1289387675144774e-06,False
2.1195711527046344e-06,False
2.1303159228979575e-06,False
2.1211000517166612e-06,False
2.1118349996236503e-06,False
2.102522010637969e-06,False
2.093336304196719e-06,False
2.084133358132388e-06,False
2.0952460719603954e-06,False
2.0859652100623817e-06,False
2.0768051843768305e-06,False
2.067816315736182e-06,False
2.05881608907076e-06,False
2.0498696187952214e-06,False
2.0607081802214695e-06,False
2.0517819057772725e-06,False
2.042995137782346e-06,False
2.03424479504335e-06,False
2.0255484985852005e-06,False
2.0168269192427667e-06,False
2.02735452986285e-06,False
2.0186045301459596e-06,False
2.010155176226724e-06,False
2.0013385941578817e-06,False
1.9930378777188086e-06,False
1.9847925336513344e-06,False
1.9950402524370316e-06,False
1.9866349879492975e-06,False
1.9783685275810886e-06,False
1.9699756509648876e-06,False
1.9615893052878993e-06,False
1.9534921307149475e-06,False
1.9637810392341492e-06,False
1.955516952001722e-06,False
1.9476823714298863e-06,False
1.939432838943003e-06,False
1.931425363845709e-06,False
1.9235901747959e-06,False
1.915526692732839e-06,False
1.921115289002558e-06,False
1.9132606499855773e-06,False
1.9053647289274553e-06,False
1.8979714599457671e-06,False
1.8898784279560932e-06,False
1.8822886349303927e-06,False
1.874942419718518e-06,False
1.8805588763163924e-06,False
1.8728502979632153e-06,False
1.8654844605696433e-06,False
1.8578673318579006e-06,False
1.8506278850859132e-06,False
1.8431928712953564e-06,False
1.8359011483909453e-06,False
1.8413200161385191e-06,False
1.834319602540065e-06,False
1.8271103575364844e-06,False
1.8199104315629804e-06,False
1.4375701144782516e-05,False
1.4384144075159368e-05,False
1.439470185463318e-05,False
1.441855603486608e-05,False
1.4440622063411535e-05,False
1.446430541439054e-05,False
1.4486881827571616e-05,False
1.4508798628366876e-05,False
3.484053601070336e-06,False
3.479971066067341e-06,False
3.4810254853897404e-06,False
3.477796043761827e-06,False
3.473507394171364e-06,False
3.469285197182867e-06,False
3.4650902499101273e-06,False
3.460663618132233e-06,False
3.4594084591479467e-06,False
3.455092300748538e-06,False
3.450867006252127e-06,False
3.446482591863705e-06,False
3.442287122096407e-06,False
3.4382541448949897e-06,False
3.437708270390995e-06,False
1.489614138020698e-05,False
1.4918755828191862e-05,False
1.4943223936017905e-05,False
1.4965641592074406e-05,False
1.4989024507963582e-05,False
1.5007725056666921e-05,False
1.503045569376639e-05,False
1.5053684015803211e-05,False
3.4902717854734557e-06,False
3.4860207391878098e-06,False
3.4880326280633645e-06,False
3.484027704006199e-06,False
3.4795650797133243e-06,False
3.475403453460982e-06,False
3.4711175072312406e-06,False
3.4668975977514413e-06,False
3.466155382681231e-06,False
1.5293530769603654e-05,False
1.5316604579633024e-05,False
1.5340613674652516e-05,False
1.53641701345681e-05,False
1.5387564473349004e-05,False
1.5412590350571976e-05,False
1.542870023967956e-05,False
1.545287116737656e-05,False
3.5732013973194816e-06,False
3.569030437986026e-06,False
3.5712013171050077e-06,False
1.5552332494076552e-05,False
3.5707878265539073e-06,False
3.5664051053381847e-06,False
3.562088933481051e-06,False
3.563263271145701e-06,False
1.5676702085892137e-05,False
1.5692860637647362e-05,False
1.5717303327188188e-05,False
3.6165706168439916e-06,False
3.612415257697661e-06,False
3.6126057053277422e-06,False
3.608326132739963e-06,False
3.60488858871791e-06,False
3.6007643044200902e-06,False
3.6009545643839535e-06,False
3.5965782981029923e-06,False
1.5945992352966186e-05,False
1.596950967610076e-05,False
3.6458410410093343e-06,False
3.641157765739226e-06,False
3.636933303849492e-06,False
3.632503818576975e-06,False
3.6283243694069594e-06,False
3.623971803688109e-06,False
3.622213615064308e-06,False
3.6180402143062006e-06,False
3.6137577484110626e-06,False
3.6095733889950585e-06,False
3.6116783994874706e-06,False
3.607240454486372e-06,False
3.6029007623155357e-06,False
1.6321736592840283e-05,False
3.609775304285597e-06,False
3.6053705215491377e-06,False
3.6012310368059996e-06,False
3.596728212876607e-06,False
3.6251838552506934e-06,False
3.6209932806125076e-06,False
3.616725399060335e-06,False
3.6122531205279047e-06,False
3.6080379395520894e-06,False
3.6063245855397834e-06,False
2.063844465362247e-05,False
1.6614434022413418e-05,False
1.6638913316961555e-05,False
3.7052691154725917e-06,False
3.7010495605334736e-06,False
3.696396382351014e-06,False
1.6735357309265798e-05,False
1.6759765883474523e-05,False
3.7527822048684524e-06,False
3.748445335080847e-06,False
3.7440156666737808e-06,False
3.7459516660620316e-06,False
3.741466316883292e-06,False
3.7372911084817323e-06,False
3.7949920603292333e-06,False
3.790641030970338e-06,False
3.786357132222123e-06,False
3.788287827319469e-06,False
3.7839645461182725e-06,False
3.7794977585010976e-06,False
1.7094575912226e-05,False
1.71190967635988e-05,False
1.7146336849908032e-05,False
1.7171697755996488e-05,False
1.719675952668765e-05,False
1.7218520646025902e-05,False
1.7243962545480953e-05,False
3.83749284168068e-06,False
3.832960656175105e-06,False
3.828612493401468e-06,False
3.824219489471398e-06,False
3.819870038417705e-06,False
3.819016718700313e-06,False
1.743300574588749e-05,False
1.7459325858062925e-05,False
3.822699980006634e-06,False
3.818235050845601e-06,False
3.8138719953864137e-06,False
3.815934107327196e-06,False
4.028246626911031e-06,False
4.024114772298604e-06,False
4.019330178888524e-06,False
4.014770775590816e-06,False
4.016043017752879e-06,False
4.0116352729086375e-06,False
4.006960173394479e-06,False
4.002449872059399e-06,False
4.003696648034966e-06,False
3.999128222102691e-06,False
3.99460430102712e-06,False
6.2750287530632374e-06,False
6.269185483208094e-06,False
6.263449689169858e-06,False
6.2578960669671615e-06,False
1.7626033665176228e-05,False
7.725949774281642e-06,False
7.71977664237671e-06,False
7.71380012166385e-06,False
7.707519355903258e-06,False
7.70680994132361e-06,False
7.700706228400856e-06,False
7.694528688152964e-06,False
7.696506815277548e-06,False
7.690274407924959e-06,False
7.68429520552566e-06,False
7.686060820263404e-06,False
1.777011699746256e-05,False
7.685557024412954e-06,False
7.67929328957039e-06,False
7.673531639611348e-06,False
7.667332477743038e-06,False
7.6968315042763e-06,False
7.699739689593446e-06,False
1.7960957835166082e-05,False
7.699370055857204e-06,False
7.69315833925683e-06,False
7.686949751330201e-06,False
7.680917340507178e-06,False
7.674889010447233e-06,False
7.668825130842184e-06,False
7.662822147595509e-06,False
7.660617260777178e-06,False
7.665020153233618e-06,False
7.658942687194261e-06,False
7.663267721493813e-06,False
1.8299864942968548e-05,False
1.8327033284170764e-05,False
7.668634368545173e-06,False
7.662537894346039e-06,False
7.65644490625507e-06,False
7.659420073799681e-06,False
7.653406518544766e-06,False
7.6472793713309e-06,False
7.641330270181133e-06,False
1.855476453340628e-05,False
7.65021685768413e-06,False
7.653210226937422e-06,False
1.8639923010278966e-05,False
7.652885086437273e-06,False
7.64691459621755e-06,False
7.640677473590268e-06,False
1.8754269593781134e-05,False
1.8781874257460258e-05,False
1.880876599453912e-05,False
1.8836137068984635e-05,False
1.885870654466529e-05,False
7.724623259466075e-06,False
7.718463796971268e-06,False
7.71232633003614e-06,False
1.8972562382962655e-05,False
7.850526541133898e-06,False
7.834308122764201e-06,False
7.817972788814933e-06,False
7.937618438824232e-06,False
7.921272748147084e-06,False
7.905026551064391e-06,False
7.8887942685072e-06,False
8.809180838987024e-06,False
8.935962861412671e-06,False
1.9256944957610075e-05,False
9.088025003309744e-06,False
9.070838788006859e-06,False
9.199724090072477e-06,False
1.9374444317093132e-05,False
9.35368334002919e-06,False
9.336142116805584e-06,False
9.318554283474318e-06,False
9.300933352615848e-06,False
9.283798996110528e-06,False
9.266236886865694e-06,False
1.0440267288704923e-05,False
1.042183351145976e-05,False
1.9632687059847903e-05,False
1.0744008912979711e-05,False
1.0725333104819435e-05,False
1.070651862207361e-05,False
1.0687652867553376e-05,False
1.0782033119827416e-05,False
1.0763474707541717e-05,False
1.0744376208866826e-05,False
1.0725753533946124e-05,False
1.0707010893638475e-05,False
1.0801207840611235e-05,False
1.9626946330782525e-06,False
1.9594936658611312e-06,False
1.9564126560739606e-06,False
1.9532168574276846e-06,False
1.9501288615299455e-06,False
1.9476031518041035e-06,False
1.944367813983737e-06,False
1.9412988480522026e-06,False
1.9380688233430553e-06,False
1.9349348899861006e-06,False
1.9317801700425707e-06,False
1.931205470337911e-06,False
1.928727098330622e-06,False
1.925670649563477e-06,False
1.9225818400916064e-06,False
1.922704108895088e-06,False
2.039067193585279e-05,False
2.0388499994656106e-05,False
2.040021169580915e-05,False
2.041432930714662e-05,False
2.0427033991001297e-05,False
2.0437797647652848e-05,False
2.04503536200534e-05,False
2.0463156703629128e-05,False
2.127166341051025e-06,False
2.1285170788220158e-06,False
2.0498467198600363e-05,False
2.0503917319306205e-05,False
2.0508313443630196e-05,False
2.051329497614211e-05,False
2.051994013047655e-05,False
2.052302888932496e-05,False
2.1439426572501775e-06,False
2.1406120760480874e-06,False
2.137345402832144e-06,False
2.1374897593054813e-06,False
2.0549906249064893e-05,False
2.0555563631208883e-05,False
5.426923528555912e-06,False
5.4216390865057045e-06,False
5.416381321602487e-06,False
5.411053488376617e-06,False
5.405946766078572e-06,False
5.406170023924629e-06,False
5.400944545758148e-06,False
5.39567239756689e-06,False
5.390573791411874e-06,False
5.385258992150085e-06,False
5.380019221565598e-06,False
5.374757406420095e-06,False
5.369498991859043e-06,False
5.367579004265524e-06,False
5.362468589068818e-06,False
5.356998175690362e-06,False
5.351821670755536e-06,False
5.346646805281248e-06,False
5.344778585977025e-06,False
5.339558889373129e-06,False
5.334439356836048e-06,False
5.3290789937466645e-06,False
5.323843488677884e-06,False
5.32421164032155e-06,False
2.0663485764278813e-05,False
2.0669602575266927e-05,False
5.339611192666674e-06,False
5.334201283666287e-06,False
5.3290366704622474e-06,False
5.323873357963993e-06,False
5.318712582286841e-06,False
5.3134345590648e-06,False
5.308327083690064e-06,False
5.303006193544811e-06,False
5.297807597251967e-06,False
5.293721914659071e-06,False
5.288385158564506e-06,False
5.283508324038506e-06,False
5.2781506445488916e-06,False
5.2731084194144936e-06,False
5.26768487953262e-06,False
5.2626740735421925e-06,False
5.2574213286458e-06,False
5.2523181169872785e-06,False
5.248230228844543e-06,False
5.2429616111456314e-06,False
5.237938178306199e-06,False
5.232628671468723e-06,False
5.227417458135257e-06,False
5.222304393248225e-06,False
2.083600215966927e-05,False
2.0842745619541988e-05,False
5.241940471286012e-06,False
5.2366560081372836e-06,False
5.2314411638011525e-06,False
5.226328381792872e-06,False
5.221216194885648e-06,False
5.215963368150916e-06,False
5.210904027677724e-06,False
5.2059425336195915e-06,False
5.200651938893255e-06,False
5.195264643074054e-06,False
5.190215496017175e-06,False
5.185170990744704e-06,False
5.179938802114606e-06,False
5.1747524498931655e-06,False
5.169668170175486e-06,False
5.164584216308196e-06,False
5.159360415101692e-06,False
2.0971111731041573e-05,False
2.097683925293345e-05,False
5.16704682879357e-06,False
5.16186945358837e-06,False
5.156744594368783e-06,False
5.151667327257086e-06,False
5.146378061577106e-06,False
5.14128353013743e-06,False
5.136238934910236e-06,False
5.131027399975696e-06,False
5.139229958143842e-06,False
5.133780251576e-06,False
5.128739548657438e-06,False
5.123512224006702e-06,False
5.1185016751038535e-06,False
5.119840498154314e-06,False
5.114640161689773e-06,False
5.109606402092131e-06,False
5.104530726567626e-06,False
5.0994576369821255e-06,False
5.098584938921928e-06,False
5.096838445060057e-06,False
5.095968946739815e-06,False
5.090994637216837e-06,False
5.086851454385171e-06,False
5.082901350354893e-06,False
5.0778144017236244e-06,False
5.076090959462515e-06,False
5.070916475562493e-06,False
5.065951658083517e-06,False
5.060851417729626e-06,False
5.055634822995551e-06,False
5.050633783369014e-06,False
2.01701809661943e-05,False
2.014792090365913e-05,False
5.0709989409719044e-06,False
5.065824412665705e-06,False
5.0607432181967085e-06,False
5.055577326239777e-06,False
5.050576769638908e-06,False
5.045459758607779e-06,False
5.044689627450175e-06,False
5.039716352988084e-06,False
5.0345832840469e-06,False
5.029661921916461e-06,False
5.024508920256204e-06,False
5.0193369808739045e-06,False
5.0143548415955e-06,False
5.0125747304454535e-06,False
5.007596074077575e-06,False
5.002522869238097e-06,False
4.997244003035142e-06,False
4.992341261246933e-06,False
4.992676130735961e-06,False
4.9876861628847624e-06,False
4.982533740208236e-06,False
4.9774986217010334e-06,False
4.979100618470655e-06,False
4.973978030754965e-06,False
4.968735966169842e-06,False
4.963779743420775e-06,False
4.9588047814673675e-06,False
4.95401434735173e-06,False
4.9488081713291935e-06,False
4.944724689655699e-06,False
4.93971315326828e-06,False
4.9347465693087e-06,False
4.929689797440262e-06,False
4.92486735081861e-06,False
4.919676779642182e-06,False
4.914720437895663e-06,False
4.9097245516407715e-06,False
4.904680844136005e-06,False
4.8997322056601975e-06,False
4.894693715078901e-06,False
4.890775811625341e-06,False
4.885834327739154e-06,False
4.880895380674026e-06,False
4.883067163129385e-06,False
4.878293297065184e-06,False
4.873312211543768e-06,False
4.868266830514224e-06,False
4.87066642244696e-06,False
4.8658988630755885e-06,False
4.867018990207748e-06,False
1.8857524690155757e-05,False
4.866585230065733e-06,False
4.861697933254859e-06,False
4.856822352282945e-06,False
4.851760709780437e-06,False
4.8466557889492595e-06,False
4.841742054704646e-06,False
4.836734340509244e-06,False
4.835054947838669e-06,False
4.830004892919631e-06,False
4.825095082727689e-06,False
1.8147591852459018e-05,False
1.8123987267488508e-05,False
1.810141076538394e-05,False
1.8079356202947388e-05,False
1.806224956836433e-05,False
1.8039206127585467e-05,False
1.8016430918704804e-05,False
1.7994175081221728e-05,False
1.7972186211134396e-05,False
1.7948696478730122e-05,False
1.792673563673295e-05,False
1.7904283275934976e-05,False
1.7884046769283345e-05,False
1.7861370380315126e-05,False
1.783820560034943e-05,False
1.7816312923763324e-05,False
1.7794935035213047e-05,False
1.7773070301090945e-05,False
1.7750715301705228e-05,False
1.7727371622347222e-05,False
1.770992843564102e-05,False
1.7687112308825544e-05,False
1.7665312153275858e-05,False
1.7642525099788648e-05,False
1.7621254479333222e-05,False
1.7598996553212388e-05,False
1.7579506213950913e-05,False
1.756052927649912e-05,False
1.7540065420264907e-05,False
3.106285679160216e-06,False
3.108238661173355e-06,False
1.748055015599966e-05,False
1.7461625911339693e-05,False
1.7442215280064493e-05,False
1.7423063376102196e-05,False
1.7403675098798044e-05,False
1.7384047073842506e-05,False
1.7363938911922578e-05,False
1.7350099233304755e-05,False
1.733149550046078e-05,False
1.7310920599472686e-05,False
1.7292092639755415e-05,False
1.7272284436462183e-05,False
1.7253232907230576e-05,False
1.7234930966026293e-05,False
1.721417068333626e-05,False
1.7195394240351628e-05,False
1.717663158765903e-05,False
3.1925049458714868e-06,False
3.188608726280262e-06,False
3.189693527932756e-06,False
1.709688052540184e-05,False
3.1892577362865086e-06,False
3.185160903136258e-06,False
1.7037410680067806e-05,False
1.701725970778113e-05,False
3.1954249284852166e-06,False
3.1913948645452746e-06,False
3.193546267896467e-06,False
1.694501143252172e-05,False
1.692516365819707e-05,False
1.6906066648080227e-05,False
1.688722220076928e-05,False
3.239364125308192e-06,False
3.2352152723240124e-06,False
3.2312942356849848e-06,False
3.227129674098299e-06,False
3.226571611737861e-06,False
1.6766812240731747e-05,False
1.6747316969151553e-05,False
1.6728808561519974e-05,False
1.671006574280682e-05,False
3.238197326113941e-06,False
3.2402953074179216e-06,False
3.2369721557684715e-06,False
3.2387810189491743e-06,False
1.661153421596194e-05,False
3.238520535594643e-06,False
3.234464546728874e-06,False
3.2304536001898934e-06,False
3.2262691141148224e-06,False
3.2223545407533334e-06,False
3.223288587015917e-06,False
3.2193809981030207e-06,False
3.2152999155405037e-06,False
3.2113497691864913e-06,False
3.210761731370299e-06,False
3.2066115380333105e-06,False
3.2025226741194458e-06,False
3.1993364904167246e-06,False
3.1953057191754864e-06,False
3.194676981503022e-06,False
3.190665223561512e-06,False
3.1867038650716313e-06,False
3.1826227637864205e-06,False
3.1784911905535036e-06,False
3.174569463649293e-06,False
3.1749033776136785e-06,False
3.1708141390649364e-06,False
3.1668973655035405e-06,False
3.162908886786861e-06,False
3.158938764751067e-06,False
3.1592509511810046e-06,False
3.155076654356086e-06,False
3.1511273011761507e-06,False
3.1470010418625662e-06,False
3.143194705402123e-06,False
3.1391264028978905e-06,False
3.137612841047165e-06,False
3.1335482543374288e-06,False
3.12954457115622e-06,False
3.1256483611658234e-06,False
3.121665370220366e-06,False
3.1176849637824717e-06,False
3.1135444582307157e-06,False
3.112368602945541e-06,False
3.117692715789578e-06,False
3.11969730904687e-06,False
1.5775578776046763e-05,False
3.119189080726895e-06,False
3.115241435436552e-06,False
3.111198057917517e-06,False
3.107313692308056e-06,False
3.103453193650655e-06,False
3.0993748655300238e-06,False
3.0954674363626494e-06,False
3.091269241272492e-06,False
3.0891561791646217e-06,False
3.0851241061771704e-06,False
3.0812259462476027e-06,False
3.077403479514797e-06,False
3.073357821528433e-06,False
3.0726334795094133e-06,False
1.5481711628189434e-05,False
3.0722985944668168e-06,False
3.0683874813110635e-06,False
3.06444240726838e-06,False
3.060463444201488e-06,False
3.0960723112222952e-06,False
3.0979984806676346e-06,False
1.5353507091658198e-05,False
3.098505136222658e-06,False
3.09454111543658e-06,False
3.090528060155836e-06,False
3.086627560084824e-06,False
3.0827594379745267e-06,False
3.0787244445279146e-06,False
3.0747665773155727e-06,False
3.0725142117360333e-06,False
3.0686037334456986e-06,False
3.0646080038553963e-06,False
3.0605932696811466e-06,False
3.056726985786319e-06,False
3.0527903535129884e-06,False
3.0488415951020973e-06,False
3.045055639017877e-06,False
3.041061020171094e-06,False
3.037959920804696e-06,False
3.033977682718152e-06,False
3.030056048401751e-06,False
3.026144123171428e-06,False
3.022205988870279e-06,False
3.0182776132173075e-06,False
3.014351871633754e-06,False
3.010385378159832e-06,False
3.007314836451048e-06,False
3.0034397952980005e-06,False
2.999588887232133e-06,False
2.9955818224881507e-06,False
2.991923579795055e-06,False
2.9879074277872915e-06,False
2.9840020447853054e-06,False
2.9800342050645754e-06,False
2.9761340827252922e-06,False
2.9739413247933124e-06,False
2.9701171778351505e-06,False
2.966202089541708e-06,False
2.9622320697660786e-06,False
2.9634118416493845e-06,False
2.959537183631945e-06,False
2.9557942957511927e-06,False
2.951759824965342e-06,False
2.9480002616907346e-06,False
2.944086117426907e-06,False
2.940295830135427e-06,False
2.936422651633684e-06,False
2.9340809866387914e-06,False
2.9303407779770365e-06,False
2.92635184897694e-06,False
2.922652317791359e-06,False
2.918684370394534e-06,False
2.914932598069893e-06,False
2.9109404077812156e-06,False
2.9098019973863207e-06,False
2.9058351248671505e-06,False
2.901963697885067e-06,False
2.8981875682003142e-06,False
2.894321357081011e-06,False
2.890542277995851e-06,False
2.886596832756466e-06,False
2.882738519551224e-06,False
2.881584715338598e-06,False
2.877588560258155e-06,False
2.873807078171555e-06,False
2.8699928488510254e-06,False
2.866110684502433e-06,False
2.864776133695392e-06,False
1.4074876665006005e-05,False
2.8644063000906952e-06,False
2.860669045412181e-06,False
2.8577917457889388e-06,False
2.8538126568025255e-06,False
2.8500339731666213e-06,False
2.8462142808121857e-06,False
2.842454078163207e-06,False
2.8386964123353528e-06,False
2.83554155333253e-06,False
2.831797099841658e-06,False
2.8281034746121865e-06,False
2.8241805801926804e-06,False
2.8205838167673143e-06,False
2.8167493150492934e-06,False
2.816130264001209e-06,False
2.8124472252648156e-06,False
2.8087666775385997e-06,False
2.8104819230228235e-06,False
2.806759152386388e-06,False
2.8029519372724944e-06,False
2.799303921677593e-06,False
2.795392812622267e-06,False
2.791619501876445e-06,False
2.7910692129828877e-06,False
2.787337737530435e-06,False
2.783787463157962e-06,False
2.7798745092997883e-06,False
2.7808741385656434e-06,False
2.7772845587299096e-06,False
2.7734072466623537e-06,False
2.7696531285554204e-06,False
2.7658851737441294e-06,False
2.7622145353272786e-06,False
2.758477245185293e-06,False
2.7547079931862195e-06,False
2.7533892924483022e-06,False
2.749601768901713e-06,False
2.745985987932617e-06,False
2.7468766399910103e-06,False
2.743115630922963e-06,False
2.739529488708754e-06,False
1.3501235126534828e-05,False
1.3550117451964569e-05,False
2.748171768535671e-06,False
2.7443537314437905e-06,False
2.740663711766438e-06,False
2.7369982083506823e-06,False
2.7332224751953477e-06,False
2.729515312309672e-06,False
2.7289984828511057e-06,False
2.725181706711373e-06,False
2.728725432225166e-06,False
2.7249873579377217e-06,False
2.7212765619328506e-06,False
2.7174900051523646e-06,False
1.4345912534018576e-05,False
2.721879748531894e-06,False
2.7181713038479052e-06,False
2.7209516808331555e-06,False
2.7172096948017732e-06,False
2.713526712141425e-06,False
2.7098363622048243e-06,False
2.7059310876307062e-06,False
2.7023806708758432e-06,False
2.698732223953128e-06,False
2.6958276855629957e-06,False
2.6921034681018687e-06,False
2.688506314104069e-06,False
2.684674913075396e-06,False
2.681014730915466e-06,False
2.677335031495029e-06,False
2.6775655319931745e-06,False
2.673808404398652e-06,False
2.670099862651238e-06,False
2.6664618815956347e-06,False
2.662860377988919e-06,False
2.6592377698043916e-06,False
2.6554379346045128e-06,False
2.651776349273964e-06,False
2.650633229573587e-06,False
2.6469412407341613e-06,False
2.6478519612748933e-06,False
1.6175130207538816e-05,False
2.6476649959369034e-06,False
2.6439753309267113e-06,False
2.64028829855454e-06,False
2.636693610053073e-06,False
2.6329896160043974e-06,False
2.629455945260603e-06,False
2.6257793204378392e-06,False
2.624395222354699e-06,False
2.6207000873653814e-06,False
2.617186515549095e-06,False
2.6134515138926247e-06,False
2.6098643948026124e-06,False
2.6062917834447947e-06,False
2.605689192444327e-06,False
2.602186083930087e-06,False
2.598529158137277e-06,False
2.5947409087022827e-06,False
2.591312338416716e-06,False
2.5922702810859944e-06,False
2.5885202568971515e-06,False
2.591147498312349e-06,False
2.5875209699603337e-06,False
2.583975069509828e-06,False
2.5802758154647917e-06,False
2.581287818064101e-06,False
2.577802019422483e-06,False
2.5787246625499025e-06,False
2.5751851203284e-06,False
2.5714480824416262e-06,False
2.567935950018128e-06,False
2.564370733456504e-06,False
2.5606750185590156e-06,False
2.5571482052922915e-06,False
2.5565527327306056e-06,False
2.5530179801164217e-06,False
2.549474343194652e-06,False
2.5458011479642495e-06,False
2.5422849311796835e-06,False
2.543235218487551e-06,False
2.539710109847909e-06,False
2.5361428877119972e-06,False
2.5363047331017184e-06,False
1.9532137670630676e-05,False
2.5361390371822855e-06,False
2.532497675777892e-06,False
2.528892037670518e-06,False
2.5253220503313397e-06,False
2.5217440197354296e-06,False
2.5211643655071507e-06,False
2.5177107245652983e-06,False
2.5140830413555467e-06,False
2.510589710935161e-06,False
2.5070001866083563e-06,False
2.5035014166992493e-06,False
2.4998738000286427e-06,False
2.496335432409323e-06,False
2.492801156244201e-06,False
2.4892351331815527e-06,False
2.4856285803733796e-06,False
2.482167652991627e-06,False
2.478609405974269e-06,False
2.47498839376705e-06,False
2.4716004733204073e-06,False
2.47250662210112e-06,False
2.4690758197276537e-06,False
2.465461997837336e-06,False
2.4619832366968867e-06,False
2.4585497890755858e-06,False
2.4594090795017384e-06,False
2.455912479926603e-06,False
2.45247341538618e-06,False
2.448904612371325e-06,False
2.4453059742077196e-06,False
2.4418522083271293e-06,False
2.440588071249031e-06,False
2.4370829854904888e-06,False
2.4335705269904546e-06,False
2.4301030015647237e-06,False
2.3325066576394748e-05,False
2.3442347577307363e-05,False
2.355835849609374e-05,False
2.3675008109898447e-05,False
2.4589578517770623e-06,False
2.4555603069918845e-06,False
2.4520351645018082e-06,False
2.454455821107591e-06,False
2.4509838448819385e-06,False
2.4405433437583853e-05,False
2.456708003819842e-06,False
2.453159731124672e-06,False
2.4496595178268922e-06,False
2.4664506537658373e-06,False
2.4681216146815943e-06,False
2.5131014121480824e-05,False
2.4679455694718703e-06,False
2.464301572510686e-06,False
2.460859104648967e-06,False
2.457187931341316e-06,False
2.458409672962556e-06,False
2.4546850512376313e-06,False
2.4512593264827243e-06,False
3.385029634195941e-06,False
3.3807991058841676e-06,False
2.5414186271718798e-05,False
3.394537221444387e-06,False
3.390403970537803e-06,False
3.386338128336416e-06,False
3.3822482015134555e-06,False
3.3824771790838987e-06,False
3.378454515281161e-06,False
3.37422853068969e-06,False
3.3702756874019893e-06,False
3.3659635885435793e-06,False
3.3671033697602906e-06,False
3.363139779209781e-06,False
3.3589883671508703e-06,False
1.2907628178388647e-05,False
1.2885059470834849e-05,False
1.2846034694091952e-05,False
2.3291250335480577e-05,False
2.3336127508810268e-05,False
2.3428736839924067e-05,False
1.206673517661384e-05,False
1.2045615495623963e-05,False
1.202387066585239e-05,False
1.2002562230803251e-05,False
1.1981207946562204e-05,False
1.193866721025621e-05,False
1.1917287315250628e-05,False
1.1895899254014655e-05,False
1.1874807841920852e-05,False
2.4418359037780466e-05,False
2.4500004289038958e-05,False
2.459673248871639e-05,False
1.1456965624171115e-05,False
1.1436193827358859e-05,False
1.1415622459885114e-05,False
1.1395003795789104e-05,False
2.510192553619761e-05,False
2.52030514650126e-05,False
2.5301041449572324e-05,False
2.539997878124295e-05,False
2.550078668182291e-05,False
2.5561641369942465e-05,False
2.5500485873452135e-05,False
2.5446342019792912e-05,False
2.538648033552058e-05,False
2.5327096418915603e-05,False
2.5267007564143594e-05,False
2.5207735941137124e-05,False
1.031539235303e-05,False
1.0296152771920971e-05,False
1.0276708524320313e-05,False
1.0257438311414694e-05,False
1.0219393926245481e-05,False
2.497558346642707e-05,False
2.493945177717171e-05,False
2.490175629323105e-05,False
1.001057060551018e-05,False
9.991548174854484e-06,False
9.972673375087356e-06,False
9.953945762723016e-06,False
9.916345683181622e-06,False
9.661781996306572e-06,False
9.643219134860776e-06,False
9.597327687348188e-06,False
2.4577096711960616e-05,False
9.515370788523567e-06,False
9.465522690784342e-06,False
2.4471565939460812e-05,False
9.384462938483909e-06,False
9.366258385732918e-06,False
9.091069616480671e-06,False
9.042892028876735e-06,False
2.4301077769699158e-05,False
8.964223109422067e-06,False
8.946826312321358e-06,False
8.59617165645557e-06,False
8.549847522436902e-06,False
2.4392552570928395e-05,False
2.4451249006742316e-05,False
8.383192718518685e-06,False
8.366431152870805e-06,False
8.321101260802336e-06,False
2.4701204419569467e-05,False
2.476081862065118e-05,False
2.4821724500227036e-05,False
2.4882131499966816e-05,False
2.4941597177258382e-05,False
2.4990881418323687e-05,False
2.5052332581459866e-05,False
2.5114363065438604e-05,False
2.517616581741567e-05,False
2.5237018359940808e-05,False
2.529844327611247e-05,False
2.5360894665226714e-05,False
7.605654622257996e-06,False
7.590217091934688e-06,False
7.574990242519054e-06,False
7.5595411227682115e-06,False
2.56943391558252e-05,False
2.5758279442154224e-05,False
2.5822225186816416e-05,False
2.588541671628723e-05,False
2.590335497716053e-05,False
3.8647874564827165e-05,False
2.591122880297396e-05,False
6.28050860253594e-06,False
6.244585367056498e-06,False
2.611198724909435e-05,False
6.0277797835043956e-06,False
6.0152775669135606e-06,False
6.002842892652404e-06,False
5.990348505587111e-06,False
5.965696879590934e-06,False
2.649665848683297e-05,False
3.869144982062794e-05,False
2.656919715623796e-05,False
2.6634620221646996e-05,False
2.6702316730832174e-05,False
2.6769873895652207e-05,False
3.457826223496021e-06,False
3.425571196628468e-06,False
3.362176502407535e-06,False
3.134010156842682e-05,False
3.1428446957224335e-05,False
3.145378777463228e-05,False
3.290536890763407e-06,False
3.277400936592298e-06,False
3.2762707795184713e-06,False
3.2633658479882577e-06,False
3.3650917993771886e-06,False
3.3521127286970307e-06,False
3.350850283132317e-06,False
3.337951407624563e-06,False
3.33682733404935e-06,False
3.3237219490381257e-06,False
3.4266359167164702e-06,False
3.4135860245751357e-06,False
3.4125312981322305e-06,False
3.3994527411671533e-06,False
3.386444873401948e-06,False
3.373407361688555e-06,False
3.369343210388389e-06,False
3.3563880088221436e-06,False
3.343641438919949e-06,False
3.3305464569083675e-06,False
3.430773133477403e-06,False
3.41779140815664e-06,False
3.4047312998561105e-06,False
3.3918805185544334e-06,False
3.3894547110784057e-06,False
3.386907110660295e-06,False
3.3753646455629545e-06,False
3.373035042973707e-06,False
3.466482341306755e-06,False
3.463973906278474e-06,False
4.079966769988609e-06,False
4.065853445275566e-06,False
4.051843679141496e-06,False
4.049237308586943e-06,False
4.035312427306018e-06,False
4.0212212955952045e-06,False
4.018746842741419e-06,False
4.00483630436964e-06,False
3.991027340311337e-06,False
3.988496141245058e-06,False
3.974681005617296e-06,False
3.960888204780534e-06,False
3.958440263750579e-06,False
3.94463441640813e-06,False
3.930834011575324e-06,False
3.928547713892969e-06,False
3.914828398771939e-06,False
3.901195235608718e-06,False
3.898843775713262e-06,False
3.885200470533339e-06,False
3.87172641770004e-06,False
3.8692278968872345e-06,False
3.855781851859401e-06,False
3.842206998743146e-06,False
3.839952094854521e-06,False
3.826567262725303e-06,False
3.813193387576281e-06,False
3.8109006852250754e-06,False
3.7973374413357357e-06,False
3.7841285094206678e-06,False
3.1898789193992205e-05,False
3.1909769618333224e-05,False
3.880971678217648e-06,False
3.878587271914676e-06,False
3.8995433442849506e-05,False
3.192685501084415e-05,False
3.193849966124343e-05,False
3.193705281487238e-05,False
4.145740505940202e-06,False
4.13192640284586e-06,False
4.1182529248692675e-06,False
4.1045121229069715e-06,False
4.090676386051791e-06,False
4.076979727698958e-06,False
4.063375882252124e-06,False
4.049797813249567e-06,False
4.039412000221761e-06,False
4.025791102755713e-06,False
4.012358975258492e-06,False
4.008626094544566e-06,False
3.212695393799335e-05,False
3.214082566625295e-05,False
3.215482955437783e-05,False
3.2163641772515824e-05,False
3.2178500546472905e-05,False
3.219134319605296e-05,False
4.0527098978692066e-06,False
4.039134316947569e-06,False
4.0257775567511395e-06,False
4.02047347559203e-06,False
3.22567730540101e-05,False
3.227255000319173e-05,False
3.2288837183138975e-05,False
3.229401327772616e-05,False
3.230709381917289e-05,False
3.232550062794169e-05,False
3.234155100109373e-05,False
3.234381246787168e-05,False
3.2359543895255704e-05,False
3.2337733271229115e-05,False
4.8232977608269544e-06,False
4.80853404882624e-06,False
4.8065370755586745e-06,False
3.239240314702913e-05,False
3.240815865059174e-05,False
3.2412818234161986e-05,False
3.242979627270844e-05,False
5.069242192869509e-06,False
5.054155177387481e-06,False
5.0391851553005565e-06,False
5.0243717790129485e-06,False
5.018816632376747e-06,False
3.253003409654239e-05,False
3.254582493028835e-05,False
3.2564605758374825e-05,False
3.258390784082352e-05,False
3.259362745850766e-05,False
3.26116820339826e-05,False
3.2630821153508205e-05,False
3.265120780775699e-05,False
3.2670448562406366e-05,False
3.2688017145309453e-05,False
5.186018066939824e-06,False
5.171207503088747e-06,False
5.16917052686287e-06,False
3.276057846728386e-05,False
5.1580071460665995e-06,False
5.154243511131034e-06,False
3.28238187597916e-05,False
3.2829555186128495e-05,False
3.282699273647248e-05,False
3.2824279684577875e-05,False
3.282011886640073e-05,False
3.281795487790244e-05,False
3.2814845265943e-05,False
3.281228459136792e-05,False
5.174576725372343e-06,False
5.159982963015117e-06,False
5.145090034008837e-06,False
5.130549721643155e-06,False
3.280502554850997e-05,False
3.280246751731505e-05,False
3.279951275406162e-05,False
5.132576728725031e-06,False
5.118207120208623e-06,False
5.103438786049394e-06,False
5.08903825336096e-06,False
5.074673131977161e-06,False
3.278973090700556e-05,False
3.278647494038481e-05,False
5.075004508203903e-06,False
5.0605138259327575e-06,False
5.057029805087074e-06,False
3.27806587325054e-05,False
3.277770994796794e-05,False
3.27754021320041e-05,False
3.277285083494926e-05,False
5.052649577015609e-06,False
5.0384814593486005e-06,False
5.03860365059449e-06,False
5.0242916219714006e-06,False
3.276205726563243e-05,False
5.024831927113061e-06,False
5.010419007881127e-06,False
5.009116298455438e-06,False
5.014894592485047e-06,False
5.0135185166114775e-06,False
3.275031482897445e-05,False
3.2749111393152834e-05,False
3.274467283302565e-05,False
5.005666152669164e-06,False
4.991645558273435e-06,False
4.977420410337138e-06,False
4.963483826689419e-06,False
4.960221396323494e-06,False
4.946446342652716e-06,False
4.932300146134222e-06,False
4.91837338764098e-06,False
4.915197631160026e-06,False
4.9012783079943245e-06,False
4.887371079204323e-06,False
4.873750773750833e-06,False
3.2719676567405964e-05,False
3.271737767873604e-05,False
3.271538926908889e-05,False
3.2712299567466754e-05,False
3.271055244353034e-05,False
3.2707223110303985e-05,False
3.270547667555529e-05,False
3.270317952444892e-05,False
4.962701097717539e-06,False
4.961494053493247e-06,False
4.949488363371957e-06,False
4.9358547328388304e-06,False
4.922052369594495e-06,False
4.9172512620423185e-06,False
3.269140734834353e-05,False
3.898354365509565e-05,False
3.8980525017622716e-05,False
3.265978822963174e-05,False
3.265725290951418e-05,False
3.264440346955397e-05,False
5.377099011563105e-06,False
5.362812376319359e-06,False
5.363315297284214e-06,False
5.349089128540151e-06,False
5.349755663857662e-06,False
5.335613392581833e-06,False
5.336506049183738e-06,False
5.322139413092266e-06,False
5.397845066940503e-06,False
5.383700157581559e-06,False
2.465388112236628e-06,False
2.4691492672884498e-06,False
2.4731069868735436e-06,False
2.476848255152332e-06,False
2.5077740791940413e-06,False
2.5114991218394813e-06,False
2.5151968965489098e-06,False
2.519000736876218e-06,False
2.528095587488084e-06,False
2.791384774649611e-06,False
2.7952577701190366e-06,False
2.8285825135327197e-06,False
3.327096416432869e-05,False
2.8899864393641114e-06,False
2.894012014356253e-06,False
2.8981569059987894e-06,False
2.9024524691755116e-06,False
2.9066139480349833e-06,False
2.940646520010921e-06,False
2.944975250412437e-06,False
2.9491892634050403e-06,False
2.989634669352588e-06,False
3.325669182348659e-05,False
3.0533261754522345e-06,False
3.320522278051116e-05,False
3.320259185884475e-05,False
3.320150050127172e-05,False
3.907045610175493e-05,False
3.3184057633963905e-05,False
3.317967797481196e-05,False
3.317762104266841e-05,False
3.3169020832253105e-05,False
3.3166963836694295e-05,False
3.3163158597435234e-05,False
3.315065510763157e-05,False
3.906539718055646e-05,False
3.3132451228301354e-05,False
3.3131176912587334e-05,False
3.312815513133344e-05,False
3.311669985950702e-05,False
3.3114461579877356e-05,False
3.311222353725496e-05,False
3.311034718168629e-05,False
3.309853414080509e-05,False
3.309665740855589e-05,False
3.309441993376768e-05,False
3.30911888128039e-05,False
3.308816898684221e-05,False
3.3081095240593065e-05,False
3.307864768799094e-05,False
3.307755547118349e-05,False
3.3074927931299727e-05,False
3.3061218473372274e-05,False
3.306012594846693e-05,False
3.005628209335654e-06,False
3.009997761267963e-06,False
3.014306100449849e-06,False
3.018797054220237e-06,False
3.0232788022330597e-06,False
3.052405209163414e-06,False
3.0568673457186337e-06,False
3.061427933786626e-06,False
3.066046629123439e-06,False
3.095480872341498e-06,False
3.106231589801541e-06,False
3.1108726862942376e-06,False
3.1153917057268395e-06,False
3.12000724263717e-06,False
3.1246548610286043e-06,False
3.1292336839775852e-06,False
3.133702727165389e-06,False
3.1446412376491905e-06,False
3.320272241894988e-05,False
3.320030341426074e-05,False
3.3196727384792296e-05,False
3.319469917415704e-05,False
3.3192470088020854e-05,False
3.318245190947888e-05,False
3.3180612572326595e-05,False
3.8031628800515986e-06,False
3.805523437442542e-06,False
3.807924828735938e-06,False
3.844012390908272e-06,False
3.846308407897507e-06,False
3.848691881500656e-06,False
3.316981205470942e-05,False
3.931205067966026e-06,False
3.933541073114159e-06,False
3.935938051752532e-06,False
3.972652911006744e-06,False
3.974992052766812e-06,False
3.977360015787317e-06,False
3.979716350732192e-06,False
3.982306320453382e-06,False
3.98468347371734e-06,False
3.3155608737602484e-05,False
4.053553531817188e-06,False
4.056271213836567e-06,False
4.093272979829082e-06,False
4.095794026060437e-06,False
4.098292126799447e-06,False
4.1008325428305356e-06,False
3.3146814850562185e-05,False
3.314285969942268e-05,False
4.2338276445580566e-06,False
4.236380441663773e-06,False
4.239012935471345e-06,False
4.241465898351054e-06,False
4.24410440747535e-06,False
4.24652224741873e-06,False
4.248981142422484e-06,False
4.256594014420305e-06,False
4.264073525248573e-06,False
4.266906496747662e-06,False
4.26919522823836e-06,False
4.271769333921603e-06,False
4.274506708891124e-06,False
4.276882727287726e-06,False
4.279319749229893e-06,False
4.281942835727033e-06,False
4.284486132875275e-06,False
4.2921440718897415e-06,False
4.294652752441612e-06,False
4.297305321009137e-06,False
2.152606921912683e-06,False
2.156171050308776e-06,False
2.1596044232324852e-06,False
2.1601675830153147e-06,False
2.1637046263891805e-06,False
2.1671923840771157e-06,False
2.165461810405768e-06,False
2.168984943749856e-06,False
2.1717947822819087e-06,False
2.1753477615533388e-06,False
2.1758237199119883e-06,False
2.1794920747529245e-06,False
2.1830186689066785e-06,False
2.1866396015418804e-06,False
2.190229047357086e-06,False
2.1937989055516656e-06,False
2.197454748522311e-06,False
2.1980206234365886e-06,False
2.2016058324606794e-06,False
2.205350612256558e-06,False
2.2090425256508914e-06,False
2.212661854232785e-06,False
2.2163621252686642e-06,False
2.220120000243099e-06,False
2.220516033265969e-06,False
2.224255967588072e-06,False
2.2280060499034423e-06,False
2.2317999805309138e-06,False
2.2306395841070284e-06,False
2.2344863715971893e-06,False
2.238145087886826e-06,False
2.2418598573077504e-06,False
2.2457096572946194e-06,False
2.245474990997657e-06,False
2.2435473986140828e-06,False
3.3331242175426126e-05,False
2.2437708374420025e-06,False
2.2475621028777297e-06,False
2.251327242163625e-06,False
2.248603205488675e-06,False
2.252346040853987e-06,False
2.2562490558704105e-06,False
3.331989280143098e-05,False
2.2506870305171853e-06,False
2.254496742676989e-06,False
2.2583987103869395e-06,False
2.2621749019910396e-06,False
3.3313832301218896e-05,False
3.3309916298828075e-05,False
3.330952878496398e-05,False
3.3304613603260445e-05,False
3.330286235463377e-05,False
2.235923762749582e-06,False
2.2396596522798886e-06,False
2.243447842177667e-06,False
2.247230227269382e-06,False
2.2509862933793436e-06,False
2.254791184853652e-06,False
2.255282196455654e-06,False
2.2591366436802083e-06,False
2.262915990269034e-06,False
2.2667559456216703e-06,False
2.2706636820072814e-06,False
2.270303123053172e-06,False
2.274252020373175e-06,False
2.2781191118495984e-06,False
2.2820079783118532e-06,False
2.2807066203880913e-06,False
2.284654745783309e-06,False
2.288619313601913e-06,False
2.2924968149970626e-06,False
2.2964170267999064e-06,False
2.2952838472028723e-06,False
2.298273377893631e-06,False
2.302303864917875e-06,False
2.306220883986192e-06,False
2.3101846036870844e-06,False
2.311639697608465e-06,False
2.3156498605485325e-06,False
2.319514568852475e-06,False
2.323508991619399e-06,False
2.3275530239361894e-06,False
2.3315768835945307e-06,False
2.3357032826757296e-06,False
2.318935895438976e-06,False
2.322831949698509e-06,False
2.3267495716641103e-06,False
2.3308317546739883e-06,False
2.3349222509874027e-06,False
2.33889588461608e-06,False
2.34301224955588e-06,False
2.3462268027478286e-06,False
3.325614495280037e-05,False
2.3463848205359534e-06,False
2.3505211515912544e-06,False
2.3545721264952095e-06,False
2.358668051457008e-06,False
2.3565618756275903e-06,False
2.3606312377841094e-06,False
2.364713465084251e-06,False
2.368926510674158e-06,False
2.3730283313312826e-06,False
2.3771440468567886e-06,False
2.3785394364736486e-06,False
2.3827297092073026e-06,False
2.386964325006906e-06,False
2.3848806766663634e-06,False
2.389024567233332e-06,False
2.3932441762611974e-06,False
2.3973173475643148e-06,False
2.3951860248232115e-06,False
2.3994218273490326e-06,False
2.397152191126749e-06,False
2.3996619603872175e-06,False
2.396633876828517e-06,False
2.393450165528104e-06,False
2.390363303188556e-06,False
2.387309758215341e-06,False
2.384132441094615e-06,False
2.3809258288827155e-06,False
2.380224601924778e-06,False
2.3827567173257103e-06,False
2.388528364171778e-06,False
2.3910336549012256e-06,False
3.321659785246923e-05,False
2.3919156189972572e-06,False
2.388767139254911e-06,False
2.385588973741373e-06,False
2.382507914176257e-06,False
2.3794918970497653e-06,False
2.3802809964094096e-06,False
2.377172132515026e-06,False
2.3740654399374507e-06,False
2.3709923856539463e-06,False
2.3734565700486134e-06,False
2.3703525600698002e-06,False
2.3728163748797e-06,False
2.369712885260774e-06,False
2.3666430650772335e-06,False
2.3635752823932347e-06,False
2.3604154578702573e-06,False
2.3573521548189262e-06,False
2.354133948730676e-06,False
2.3534687901527815e-06,False
2.3503787470419117e-06,False
2.347291615198346e-06,False
2.344205686715465e-06,False
2.3410910614279875e-06,False
2.33813514262124e-06,False
2.3349627079147422e-06,False
2.331885909385811e-06,False
2.330346767299114e-06,False
2.3273359206754457e-06,False
2.324327207352885e-06,False
3.3183903046168135e-05,False
2.339494755186211e-06,False
2.3363525615689448e-06,False
2.338075537994522e-06,False
3.317610113664269e-05,False
2.3390113550069903e-06,False
2.3358696546172005e-06,False
2.332917434467849e-06,False
2.3298432892889025e-06,False
2.326770127795953e-06,False
2.3276134518619756e-06,False
2.3245418957219897e-06,False
2.321410225684701e-06,False
2.3183439597948915e-06,False
2.3153104692514594e-06,False
2.3122491462218886e-06,False
2.30925043942418e-06,False
2.3092485636433642e-06,False
2.3061905221318082e-06,False
2.303196630800437e-06,False
2.300112570103297e-06,False
2.300980449955497e-06,False
2.297803842671983e-06,False
2.29491067347865e-06,False
2.2917709098756695e-06,False
2.288693769022325e-06,False
2.2887842141982664e-06,False
2.2865169491535082e-06,False
2.283568556937648e-06,False
2.2804656717485727e-06,False
2.2813012223762856e-06,False
2.2790688871985134e-06,False
2.276095009958545e-06,False
2.272998404037129e-06,False
2.2700894123395537e-06,False
2.2716026350061273e-06,False
2.268571707967838e-06,False
2.2655429522463567e-06,False
2.2680435351289453e-06,False
2.264921192225377e-06,False
2.261926794753348e-06,False
2.2597049687508947e-06,False
3.385188807647128e-05,False
2.2715245885628953e-06,False
2.2684633009302466e-06,False
2.2654052359371128e-06,False
2.2624087502827073e-06,False
2.2593540646457963e-06,False
2.2563946062510693e-06,False
2.2533136850654457e-06,False
2.250326826838202e-06,False
2.2472809375303585e-06,False
2.2451600654175377e-06,False
2.242087444587733e-06,False
2.2389865654992784e-06,False
2.2360099754531564e-06,False
2.2330050384369063e-06,False
2.230002272737406e-06,False
2.2270016783546853e-06,False
2.2240654076923495e-06,False
2.2210387482740257e-06,False
2.2188074910290473e-06,False
2.2157860856447575e-06,False
2.212765516536969e-06,False
2.2097457139901865e-06,False
2.20676278181589e-06,False
2.207673740915085e-06,False
2.2046591836889314e-06,False
2.2017088528267346e-06,False
2.1987606989552503e-06,False
2.19575117231334e-06,False
2.192745411416194e-06,False
2.192898470940396e-06,False
2.1898329545796946e-06,False
2.1869220145933184e-06,False
2.183952934560385e-06,False
2.180987722492485e-06,False
2.1779929403622836e-06,False
2.1780840131810595e-06,False
2.1750295933257905e-06,False
2.1721611208737964e-06,False
2.1691747308708015e-06,False
2.1662469138336205e-06,False
2.1632631094097954e-06,False
2.1603133261529777e-06,False
2.1597142031358067e-06,False
2.156701630684649e-06,False
2.153726904404816e-06,False
2.150750533812857e-06,False
2.1531225934069734e-06,False
2.1502382417260774e-06,False
2.147328125982331e-06,False
2.1496404630580383e-06,False
2.1466692400077105e-06,False
2.1436683912160863e-06,False
2.1407632279338204e-06,False
2.1378283947765907e-06,False
2.1348383502376896e-06,False
2.1320586659689313e-06,False
3.503441306568636e-05,False
2.134417464655895e-06,False
2.131459879974004e-06,False
2.128532079125138e-06,False
2.125606449593079e-06,False
2.1226236900773315e-06,False
2.119763949848757e-06,False
2.1168721959691273e-06,False
2.1139575209287145e-06,False
2.1118173146714237e-06,False
2.1096192184141264e-06,False
2.1065872570154263e-06,False
2.103798417193158e-06,False
2.1008323021282238e-06,False
2.097986301239304e-06,False
2.095024616631285e-06,False
2.0936366986545444e-06,False
2.091473524546809e-06,False
2.0885781366736183e-06,False
2.0857118047357987e-06,False
2.082791461940564e-06,False
2.0798975436712527e-06,False
2.077101481185913e-06,False
2.07409468377593e-06,False
2.0719156908702696e-06,False
2.0698576023668877e-06,False
2.0669175657176763e-06,False
2.0640381988753e-06,False
2.0611610033496755e-06,False
2.061222665214785e-06,False
2.0584087450858344e-06,False
2.055565022040332e-06,False
2.052662375142546e-06,False
2.0497704192896834e-06,False
2.0476344921566637e-06,False
2.0447726957759826e-06,False
2.043453401685776e-06,False
2.0405657889710627e-06,False
2.037532485976643e-06,False
2.0348523443452952e-06,False
2.0319714569242857e-06,False
2.0290258980895522e-06,False
2.026149505833152e-06,False
2.023422906776447e-06,False
2.0205128069914847e-06,False
2.0177007630071067e-06,False
2.0147981413395273e-06,False
2.011961660692801e-06,False
2.0090954327113873e-06,False
3.537244304314047e-06,False
3.5533997007346862e-06,False
3.566071314470177e-06,False
3.5787474276079006e-06,False
3.5918339860196663e-06,False
3.7566391223220343e-06,False
3.7713413219135755e-06,False
3.786160112510379e-06,False
3.808536580719942e-06,False
3.1202991512642996e-05,False
3.122167330993241e-05,False
3.124327101301327e-05,False
3.126263088867404e-05,False
3.127987156790079e-05,False
3.130166937856415e-05,False
3.132060333174817e-05,False
4.013449123708971e-06,False
4.03887444052629e-06,False
3.1383576598416766e-05,False
3.14024048645077e-05,False
3.142318016929036e-05,False
3.716708844155583e-05,False
3.141754603134821e-05,False
3.143698301434141e-05,False
4.440338210269258e-06,False
4.459004193102497e-06,False
4.477868463444445e-06,False
4.50292534338595e-06,False
4.523187643162266e-06,False
4.550409641150417e-06,False
4.569700703346721e-06,False
4.641448429657655e-06,False
4.661483535548769e-06,False
4.689350062982498e-06,False
3.166760549139081e-05,False
3.1686580423137106e-05,False
4.865153469311574e-06,False
4.886146262293953e-06,False
4.91521636172133e-06,False
3.175651918750686e-05,False
3.177643893516389e-05,False
3.179769545364563e-05,False
3.181767245224752e-05,False
3.1838176615640335e-05,False
5.106055450808154e-06,False
5.128711650879415e-06,False
5.151432931514357e-06,False
5.174461743343937e-06,False
5.2027722367580615e-06,False
3.197309081259693e-05,False
5.392228056470016e-06,False
5.4591034346479585e-06,False
5.52635499510611e-06,False
5.642976775798507e-06,False
5.719785494920399e-06,False
5.846770151326494e-06,False
5.924846511889192e-06,False
5.995406450194932e-06,False
6.066418909900847e-06,False
6.137762164897235e-06,False
6.209363791047226e-06,False
6.243466088735988e-06,False
6.243959077439353e-06,False
6.248406239507746e-06,False
3.2317238054392383e-05,False
3.7810171146379335e-05,False
3.2334909626424516e-05,False
3.235642504125152e-05,False
4.36231541264014e-06,False
4.374219039867375e-06,False
4.385767694509504e-06,False
4.397483134566439e-06,False
4.409235567396245e-06,False
4.4209066876798885e-06,False
4.43261866370978e-06,False
4.444622786598112e-06,False
4.4562889833245555e-06,False
4.4682906380744535e-06,False
4.480413111001903e-06,False
4.492522784490762e-06,False
4.505014483126759e-06,False
3.396918477094058e-05,False
3.3990700441791934e-05,False
4.54326443388882e-06,False
4.555365004468936e-06,False
4.56763765381864e-06,False
4.580065521244865e-06,False
4.592710041903082e-06,False
4.604991179352858e-06,False
4.617615366051926e-06,False
4.630034769548226e-06,False
4.64242806128099e-06,False
4.655174234249667e-06,False
4.667862725929938e-06,False
4.680310995778955e-06,False
3.430942308311387e-05,False
4.7070060930094994e-06,False
4.7201801785109515e-06,False
4.732756010284016e-06,False
4.745685247591099e-06,False
4.7586706647830355e-06,False
4.772405331485752e-06,False
4.785274253263117e-06,False
6.026884412446598e-07,False
6.05162056172274e-07,False
6.297930498629313e-07,False
6.324040251025591e-07,False
6.577308194842411e-07,False
6.602529276836823e-07,False
9.068827952906991e-07,False
9.10061565657792e-07,False
3.640319810641651e-05,False
3.634109665801743e-05,False
3.627861472812067e-05,False
3.6216696638281404e-05,False
3.6164566573744695e-05,False
3.61019930830747e-05,False
3.873662887922079e-05,False
3.599922910411322e-05,False
3.59369904917227e-05,False
3.587526490038139e-05,False
3.5813762146467306e-05,False
3.575281995939448e-05,False
3.569150967869674e-05,False
3.563222096628711e-05,False
3.557115082788121e-05,False
3.5509762529675444e-05,False
3.5448936672766676e-05,False
3.53901165052061e-05,False
2.000412270790796e-06,False
2.0009178260617392e-06,False
2.001450758250618e-06,False
2.011623323469367e-06,False
2.0285514096832546e-06,False
2.0800234273707327e-06,False
2.097382691712205e-06,False
2.114625999468625e-06,False
2.1321369042322415e-06,False
2.211783932021525e-06,False
2.229672835340183e-06,False
2.247411121270062e-06,False
2.329295458944507e-06,False
2.347491780848791e-06,False
2.365878762947617e-06,False
2.4498596194005066e-06,False
2.4685620932007858e-06,False
2.4874581771823807e-06,False
2.5064005981181375e-06,False
3.44640812641316e-05,False
3.450778962903696e-05,False
2.8101505113267154e-06,False
2.830266918249924e-06,False
2.8504907248516534e-06,False
3.5053486578958445e-05,False
3.597552472605369e-06,False
3.570468163595664e-06,False
3.543622562748568e-06,False
3.474246430435322e-06,False
3.447755485114028e-06,False
3.4212396768808676e-06,False
3.3531964493597506e-06,False
3.3272102886100324e-06,False
3.3011542020411645e-06,False
2.946435947379454e-06,False
2.921828604573293e-06,False
2.8597273454568556e-06,False
2.835609541128114e-06,False
2.8113060476734963e-06,False
3.417490291081273e-05,False
3.411610545272948e-05,False
3.4076363002287684e-05,False
3.406438518868897e-05,False
3.4110131163136976e-05,False
3.415556954313379e-05,False
3.4200256989152524e-05,False
3.424728195983226e-05,False
3.429179143875752e-05,False
3.4337758954354976e-05,False
3.438517621441855e-05,False
3.4430084795412866e-05,False
3.961078213667458e-05,False
3.962018988350482e-05,False
3.9636079907388606e-05,False
3.9649628866879164e-05,False
3.966361305073336e-05,False
3.9676983543846245e-05,False
3.9691590912860605e-05,False
3.455318089381919e-05,False
3.459976073094887e-05,False
3.464690445221008e-05,False
3.469460972816114e-05,False
3.4741586251590206e-05,False
3.4778506595538574e-05,False
3.482615960908596e-05,False
3.487309005523419e-05,False
3.490565057963264e-05,False
3.494934545210704e-05,False
3.499794651578524e-05,False
3.504662458282523e-05,False
3.5080421003066626e-05,False
3.5129395917962676e-05,False
3.515004719597512e-05,False
3.5176321297605814e-05,False
3.522383254320739e-05,False
3.5274166921666296e-05,False
2.336058500703701e-06,False
2.3718856542396785e-06,False
3.540752981874217e-05,False
3.5458564895737465e-05,False
3.5506843615015195e-05,False
3.55575423061411e-05,False
2.7679548377497004e-06,False
2.784824828895394e-06,False
2.8020743248746706e-06,False
2.8189592650211127e-06,False
2.853312240269606e-06,False
3.585236587974748e-05,False
3.59028412690549e-05,False
4.016812078190363e-05,False
4.018138627647378e-05,False
3.598266666950197e-05,False
3.603228292058815e-05,False
3.608371603532427e-05,False
4.926415117599522e-06,False
4.956220433453883e-06,False
4.986224097482358e-06,False
5.016248211016488e-06,False
5.0449718613751e-06,False
5.046093942634092e-06,False
5.047045249788843e-06,False
5.048445545895789e-06,False
3.634932378798008e-05,False
3.636162357686698e-05,False
5.094409236902846e-06,False
5.095746534531554e-06,False
5.09682122204316e-06,False
5.098292926941241e-06,False
5.107618406668028e-06,False
3.643361800934881e-05,False
3.6445070022355136e-05,False
3.645585942528067e-05,False
3.6468017076005144e-05,False
3.6478777112362645e-05,False
3.6488173416936085e-05,False
3.6484234723430964e-05,False
3.649381453604652e-05,False
5.216291621940089e-06,False
5.071714633448569e-06,False
3.653016796552305e-05,False
3.6542096705661806e-05,False
3.6553732803199354e-05,False
3.656426481968065e-05,False
3.657748211455127e-05,False
3.658912775375241e-05,False
3.659926207842082e-05,False
3.661202187653733e-05,False
3.662408366019198e-05,False
3.6634867070778324e-05,False
3.664658899684161e-05,False
3.985968328618018e-06,False
3.979722211440502e-06,False
3.991134453318531e-06,False
3.984629885358004e-06,False
3.995869446209149e-06,False
3.989579357684488e-06,False
3.983259729464346e-06,False
3.977120948822602e-06,False
3.970913915770126e-06,False
3.964702210515377e-06,False
3.967053123538028e-06,False
3.960933695387971e-06,False
3.954824325920948e-06,False
3.948672214835011e-06,False
3.955406719387131e-06,False
3.949157030450808e-06,False
3.942958281566053e-06,False
3.686266845553732e-05,False
3.6873750133363626e-05,False
3.68866234521207e-05,False
3.6895949863713724e-05,False
4.027147721235229e-06,False
4.0210759642143595e-06,False
4.0148418438581955e-06,False
4.008706274149685e-06,False
4.002427208476559e-06,False
3.996353518056912e-06,False
3.990159884436989e-06,False
3.984170876873187e-06,False
3.980058789825829e-06,False
3.974065425597458e-06,False
3.967695454374632e-06,False
3.961786719645265e-06,False
3.9686276393044766e-06,False
3.962458301080112e-06,False
3.956449675397034e-06,False
3.9501716460257775e-06,False
3.944301109191971e-06,False
3.9382149394451005e-06,False
3.932256546276665e-06,False
3.926180358949939e-06,False
3.920070370074002e-06,False
3.9141956603717734e-06,False
3.908032407295469e-06,False
3.90213332140393e-06,False
3.896034955949727e-06,False
3.890272823014818e-06,False
3.8843306702079406e-06,False
3.8783354801620685e-06,False
3.8721436543331956e-06,False
3.866330688411178e-06,False
3.860383643842886e-06,False
3.856679863099644e-06,False
3.730038980026579e-05,False
3.864206772431134e-06,False
3.8579830484734614e-06,False
3.852111339335176e-06,False
3.846287326237419e-06,False
3.840452208106932e-06,False
3.834556415839219e-06,False
3.828724842646867e-06,False
3.823027417961035e-06,False
3.819094243917453e-06,False
3.81316690713542e-06,False
3.8074278352542094e-06,False
3.801651967934111e-06,False
3.795816997263908e-06,False
3.750685446008827e-05,False
3.751856146854457e-05,False
3.753003637864218e-05,False
3.7542029182066446e-05,False
3.755351013742568e-05,False
2.7541813498763617e-06,False
2.698841947298782e-06,False
2.644253409540296e-06,False
3.760308843503311e-05,False
3.761505679397024e-05,False
2.605583207183965e-06,False
2.601058379470511e-06,False
2.596638894473254e-06,False
2.592230074004025e-06,False
2.594616958554314e-06,False
2.6073756084685996e-06,False
2.602776666790075e-06,False
2.5982839797116845e-06,False
2.6042028703972026e-06,False
2.601476215492852e-06,False
2.609067587235047e-06,False
3.77625001630696e-05,False
3.7774513175621065e-05,False
3.778723641970355e-05,False
3.779667696813608e-05,False
3.7808697685357974e-05,False
3.7821664650904426e-05,False
3.7833220201448745e-05,False
3.784430719493822e-05,False
3.785775556929863e-05,False
3.786865311586191e-05,False
3.788183200559173e-05,False
3.789387497094673e-05,False
3.790482105513135e-05,False
3.791844232113042e-05,False
3.7929590414825844e-05,False
2.8254143327205074e-06,False
2.820764966518508e-06,False
2.816125611382799e-06,False
2.811495847427981e-06,False
2.8069773201959563e-06,False
2.8024182255822598e-06,False
2.7977687314525997e-06,False
2.7933786823239975e-06,False
2.7887006645408813e-06,False
2.7840309313347424e-06,False
2.7796213135533685e-06,False
2.7750229969168103e-06,False
2.7706332836175267e-06,False
2.766055198444903e-06,False
2.761536042200722e-06,False
2.757026897022831e-06,False
2.759627439729457e-06,False
2.7552310266593025e-06,False
2.750695434355969e-06,False
2.7463171381505643e-06,False
2.7419004389305682e-06,False
2.7374410618494877e-06,False
2.740158662596445e-06,False
2.7354659317013506e-06,False
2.731225360023809e-06,False
2.7266060308784337e-06,False
2.722342705376206e-06,False
2.7181342656278187e-06,False
2.7206670726420565e-06,False
2.716274161753598e-06,False
2.711843786652778e-06,False
2.71799097535969e-06,False
3.834335557737339e-05,False
7.204643784911812e-06,False
7.165319040011395e-06,False
7.12585945988067e-06,False
7.034198716138643e-06,False
6.9954131216859565e-06,False
6.956496532828945e-06,False
3.885853130985517e-05,False
6.7539630411415275e-06,False
6.71594049361597e-06,False
6.678006701927078e-06,False
6.6402302582408935e-06,False
6.602557515795543e-06,False
6.565199684405567e-06,False
6.527742237083813e-06,False
6.4834583896664815e-06,False
6.439206598664109e-06,False
6.402254428236411e-06,False
6.365614471325237e-06,False
6.329066264949823e-06,False
6.292361637336482e-06,False
6.256091882780398e-06,False
6.219812375122649e-06,False
6.176713150747029e-06,False
3.908148355729022e-05,False
3.909529130504289e-05,False
3.910769322458541e-05,False
3.911890621872562e-05,False
3.9129911911060835e-05,False
3.914232046606978e-05,False
3.915520211096707e-05,False
3.916738193944162e-05,False
3.9180025683635294e-05,False
3.9191732095265735e-05,False
3.9205810986250975e-05,False
3.921753293113054e-05,False
3.9230178829454814e-05,False
3.9242621893211374e-05,False
3.925577390207225e-05,False
3.926867385192569e-05,False
3.9280871072971535e-05,False
3.929307109331898e-05,False
4.19285439614806e-06,False
4.163610180425258e-06,False
3.933337774694781e-05,False
3.934487333062428e-05,False
3.935780592202711e-05,False
3.937051770652417e-05,False
3.938216060318114e-05,False
3.9393099143508616e-05,False
3.940747919912241e-05,False
3.9419955781386554e-05,False
3.942882886616852e-05,False
3.9441544284484396e-05,False
3.94537917125268e-05,False
3.946817474008772e-05,False
2.8307097041317974e-06,False
2.7739255375125803e-06,False
3.9501896062293064e-05,False
3.951415666338273e-05,False
3.952758643329985e-05,False
2.334595159479291e-06,False
2.3133363933243147e-06,False
2.292179908172589e-06,False
2.2711337093614628e-06,False
2.2289991603166744e-06,False
3.960662005141353e-05,False
2.1500387866917198e-06,False
2.1298670022962266e-06,False
2.1097742759341415e-06,False
2.0898027518589103e-06,False
2.0496580683054087e-06,False
1.8672464219602957e-06,False
1.8216408297546067e-06,False
3.970888778172936e-05,False
4.422899563769283e-05,False
3.972821493328266e-05,False
3.9741960607325785e-05,False
3.9753067328051375e-05,False
3.976754320749996e-05,False
3.9776548262297446e-05,False
3.978958130370219e-05,False
4.4340728171579145e-05,False
4.4357612088227185e-05,False
5.022786662562884e-07,False
4.932879264172873e-07,False
4.688343121171473e-07,False
4.602824550800621e-07,False
4.3683199867349884e-07,False
4.2869174158578027e-07,False
4.062552904472129e-07,False
3.9855660835210537e-07,False
3.991959100084319e-05,False
3.547224314094927e-07,False
3.477238832409345e-07,False
3.995677454207508e-05,False
3.996499726525212e-05,False
3.9976379026262536e-05,False
3.999016291669565e-05,False
1.2464063687266346e-07,False
1.1537112640750782e-07,False
4.4642777655882815e-05,False
4.000742392218876e-05,False
4.002047411303978e-05,False
4.002883008803173e-05,False
4.0041423420411375e-05,False
4.0054242594830556e-05,False
4.0068516620710875e-05,False
4.00794446085224e-05,False
4.008817281463654e-05,False
4.010147518035244e-05,False
4.0113608904133285e-05,False
4.012669481745584e-05,False
4.013574166041851e-05,False
4.0148831553968827e-05,False
5.829892900278529e-07,False
5.868312341958902e-07,False
5.906964243140282e-07,False
6.10199999468898e-07,False
6.141382298310033e-07,False
6.181695653798911e-07,False
4.024173027811441e-05,False
4.0251150130031946e-05,False
4.026403046336655e-05,False
4.501968412553381e-05,False
4.028300191472013e-05,False
4.029636207658687e-05,False
4.0304750761494645e-05,False
4.03159260368507e-05,False
4.0327864722177294e-05,False
4.033727965209593e-05,False
4.0351156140212204e-05,False
4.036405278127411e-05,False
2.2931413401703148e-06,False
2.3490094656008485e-06,False
2.3644346863058145e-06,False
2.3799183044251985e-06,False
2.378244908131543e-06,False
2.3661644177325097e-06,False
2.3551328931782533e-06,False
2.3442410561544664e-06,False
2.3314639352046933e-06,False
2.320685462675884e-06,False
2.3101760577768637e-06,False
2.299518848349174e-06,False
2.289204274113309e-06,False
2.278841940763451e-06,False
4.056567984645728e-05,False
4.057813727521015e-05,False
4.059085486416315e-05,False
2.208716767195928e-06,False
2.1990359590865436e-06,False
2.1876469645557986e-06,False
2.1781438369856636e-06,False
2.1660128641647553e-06,False
4.067157925190624e-05,False
4.06850158104815e-05,False
4.0689225562627295e-05,False
4.070270308263809e-05,False
4.0716899626199654e-05,False
4.072938955606769e-05,False
4.073970977840096e-05,False
4.075244220500815e-05,False
4.5662516665774845e-05,False
4.077123807616598e-05,False
4.078520884397518e-05,False
4.0797232666827085e-05,False
1.807507820140142e-06,False
1.8014968580804155e-06,False
1.7956603460798332e-06,False
1.7860452070870897e-06,False
1.7803603568529708e-06,False
1.77474233919444e-06,False
1.7692880000762404e-06,False
1.7602693235124402e-06,False
1.7371265724138665e-06,False
1.7321242463659654e-06,False
1.7272327646829423e-06,False
1.7224334546986294e-06,False
1.7153578705394058e-06,False
4.098430575497651e-05,False
4.0998334548417685e-05,False
4.101138764505287e-05,False
4.101925760022973e-05,False
4.103057749382231e-05,False
4.1043245435392895e-05,False
4.105569958669259e-05,False
4.106778279586004e-05,False
4.1082068608875516e-05,False
4.109511473360453e-05,False
4.611329416224251e-05,False
4.6128503558028936e-05,False
4.111959724191032e-05,False
4.1131904613717264e-05,False
4.114028915130326e-05,False
3.6458347131704962e-06,False
3.6724276032706584e-06,False
3.731768900211182e-06,False
3.764230097975596e-06,False
3.7913230059570654e-06,False
3.8515654400829886e-06,False
4.2251756563221304e-06,False
4.253836172184915e-06,False
4.317987068406239e-06,False
4.6342142970057056e-05,False
4.1268462450596885e-05,False
4.12805540765438e-05,False
5.912414071823659e-06,False
5.945936492042233e-06,False
5.979995483879139e-06,False
4.133181704881537e-05,False
4.13444487637729e-05,False
4.1357803482231734e-05,False
1.575992101178941e-06,False
1.6091353092500814e-06,False
1.6426446286806683e-06,False
1.6765205081862238e-06,False
4.0988259522957426e-05,False
1.8193916890324985e-06,False
1.8550025134204927e-06,False
1.9267605735250536e-06,False
4.104246624253465e-05,False
4.1052207852116045e-05,False
4.106406175421594e-05,False
4.107113429203491e-05,False
4.1083708089711844e-05,False
4.109629293874264e-05,False
4.110426682217864e-05,False
4.1117088892503675e-05,False
4.113136154752697e-05,False
4.114371279789517e-05,False
4.115605927294601e-05,False
4.116841625031736e-05,False
4.1181974630234616e-05,False
4.119529395361305e-05,False
4.120761770653151e-05,False
4.12195007022612e-05,False
4.123210782606479e-05,False
4.1245925239506954e-05,False
4.125361361669223e-05,False
4.126569055009546e-05,False
4.1278798331815714e-05,False
4.129165313941797e-05,False
6.412158970242005e-06,False
6.4093310564757155e-06,False
4.1328182328262285e-05,False
4.133427639480623e-05,False
4.134738269863828e-05,False
4.136025581781401e-05,False
6.9776164722436824e-06,False
6.974928289813729e-06,False
6.972218118163778e-06,False
6.9892900205059615e-06,False
7.1213895123573075e-06,False
7.1418327310277134e-06,False
4.1449737350242715e-05,False
7.490046346364678e-06,False
7.476455804358592e-06,False
7.463270766203821e-06,False
4.1148562715517046e-05,False
4.1162146964596075e-05,False
4.117331667875651e-05,False
4.118687205448922e-05,False
4.119765091300904e-05,False
4.121096687465914e-05,False
1.2482819054380657e-05,False
1.2507860976582591e-05,False
1.25329553933655e-05,False
1.255861784624715e-05,False
1.2583722687775266e-05,False
1.2609762110289211e-05,False
1.2650498433690059e-05,False
4.131546202317818e-05,False
4.132810855817173e-05,False
4.1341495107453024e-05,False
4.135270732103002e-05,False
4.136680414320563e-05,False
4.1378022117695685e-05,False
4.139068426323821e-05,False
1.3198414910346035e-05,False
1.3225075441750897e-05,False
1.3251656337465585e-05,False
1.327855549122279e-05,False
1.3326831164273845e-05,False
4.1469090371147786e-05,False
4.148272853634704e-05,False
4.14956640380005e-05,False
4.1507865013789724e-05,False
4.151734160037405e-05,False
4.153052968099678e-05,False
4.1543443945359924e-05,False
4.155617754456674e-05,False
4.1568606395231106e-05,False
4.158134601342708e-05,False
4.1593565815544516e-05,False
4.16069889281149e-05,False
4.161878329316627e-05,False
4.163172064800897e-05,False
4.164496758707124e-05,False
4.1657449046774073e-05,False
4.167039644020786e-05,False
4.168266758383003e-05,False
4.169494152675383e-05,False
1.2735410347575163e-05,False
1.2697563749632016e-05,False
1.2659151765234256e-05,False
1.2620823015749608e-05,False
1.258305250976162e-05,False
1.2545041470362415e-05,False
4.178681468377932e-05,False
4.180053723283491e-05,False
4.181401695256438e-05,False
4.18253648239187e-05,False
4.183860454006985e-05,False
4.18516286808556e-05,False
4.1863943589936644e-05,False
1.2234718463218372e-05,False
1.219727091174188e-05,False
1.2160079788611968e-05,False
4.191608144934386e-05,False
4.192887871823098e-05,False
4.194214623104016e-05,False
4.1954015495660024e-05,False
4.1968497265306475e-05,False
4.19810606653836e-05,False
4.199340615685724e-05,False
1.3072366052664874e-05,False
1.308180134056852e-05,False
1.3143927809638674e-05,False
1.3156261463340976e-05,False
1.3217789537392598e-05,False
1.3230346138537699e-05,False
1.3601608131927615e-05,False
1.36137658239058e-05,False
1.3676824418057058e-05,False
1.3689513765309349e-05,False
1.3752757684241606e-05,False
1.3764891025709022e-05,False
1.3777906632061676e-05,False
1.3834937168734472e-05,False
1.3847108211806831e-05,False
1.3859974579003223e-05,False
1.3917529714540588e-05,False
1.3930274162416813e-05,False
1.3943180698450416e-05,False
1.4000067597421074e-05,False
1.4012817591165723e-05,False
1.4026049298836492e-05,False
1.4082923276282793e-05,False
1.4096189172353836e-05,False
1.4108984783632226e-05,False
1.4166828879100166e-05,False
1.4179437503786716e-05,False
1.4192368086984272e-05,False
1.4250104742865588e-05,False
1.4263356071508039e-05,False
1.4275817481749317e-05,False
1.433411627081747e-05,False
1.434702435637477e-05,False
1.4360130344832948e-05,False
1.4417809786197802e-05,False
1.4431141582851003e-05,False
1.4444479696017176e-05,False
1.4502497423688009e-05,False
1.4515420068373389e-05,False
1.4528702089860937e-05,False
1.45869940946386e-05,False
1.459995570712889e-05,False
1.4613277764373265e-05,False
1.4672103188560911e-05,False
1.4685265990226622e-05,False
1.4698110592118891e-05,False
1.4757018380827677e-05,False
1.4770608336484969e-05,False
1.4783720068499483e-05,False
1.4842384432532406e-05,False
1.4855820682744853e-05,False
1.486926318036481e-05,False
1.4927813534768304e-05,False
1.494158164042004e-05,False
1.495486960371331e-05,False
1.5014315936218548e-05,False
1.5027472840853081e-05,False
1.5040373305647467e-05,False
1.5100456180049469e-05,False
1.5114012870637984e-05,False
1.5126951625316102e-05,False
4.2833681832385346e-05,False
4.284624393467784e-05,False
4.2859291597353445e-05,False
4.287209427502397e-05,False
4.2884913276324816e-05,False
4.289846664033883e-05,False
4.291078215492325e-05,False
4.292459016372069e-05,False
4.29369118661783e-05,False
4.294974568468884e-05,False
4.2962830667583966e-05,False
9.157442035053615e-06,False
9.12236675853612e-06,False
9.085848987259897e-06,False
4.301816310568465e-05,False
4.302905180931057e-05,False
4.3043375073941294e-05,False
4.3056945355886335e-05,False
4.3069084084819284e-05,False
4.308218607742153e-05,False
4.309526132220229e-05,False
4.3108617697279564e-05,False
4.3121231478697554e-05,False
4.3135329589129825e-05,False
4.3148447093529416e-05,False
4.3160583280584124e-05,False
4.3173965655018264e-05,False
4.3187082358630385e-05,False
4.319998317293454e-05,False
9.073936196952318e-06,False
9.081405133635119e-06,False
9.128587604319722e-06,False
4.3253840845730955e-05,False
4.3266996603197634e-05,False
4.327989752341247e-05,False
4.329329936734995e-05,False
4.3305219433032135e-05,False
4.331887636438517e-05,False
4.3331548958141276e-05,False
4.3345453017596315e-05,False
4.33593606839164e-05,False
4.3372291472005044e-05,False
4.338447789687574e-05,False
4.33988936825565e-05,False
4.341108598467956e-05,False
4.3424519382211755e-05,False
4.343696650606696e-05,False
4.345114662598753e-05,False
4.346359967522919e-05,False
4.3474910226724564e-05,False
4.348786605126423e-05,False
4.350205790600856e-05,False
4.351427184191397e-05,False
4.3527971814579186e-05,False
4.3541189024931994e-05,False
4.355391034868765e-05,False
4.3565724530602466e-05,False
4.357795742516513e-05,False
4.359291361546224e-05,False
4.36048912816712e-05,False
1.1254494853064141e-05,False
1.1262413597730729e-05,False
1.1270695143924811e-05,False
1.1278477876989244e-05,False
1.1319033140493567e-05,False
1.1333155769228762e-05,False
1.1341501629379303e-05,False
1.1663675096666666e-05,False
1.1718537195172924e-05,False
4.3738931665454244e-05,False
5.0545833137338834e-05,False
4.375821828819248e-05,False
4.376734274686148e-05,False
5.059431872696286e-05,False
4.4252291339817704e-05,False
4.426589298701227e-05,False
6.51621899424371e-06,False
6.5020013162931326e-06,False
6.487566748217097e-06,False
6.482893487351141e-06,False
4.433516815319707e-05,False
4.43485422006461e-05,False
4.436195731114481e-05,False
4.43753369419071e-05,False
4.4389246307184966e-05,False
4.4401826818247187e-05,False
4.441549454488009e-05,False
4.44293518699632e-05,False
4.444299511699294e-05,False
4.445410764244619e-05,False
4.4467355450852244e-05,False
4.448097471598731e-05,False
4.4495187680873806e-05,False
4.450884476894145e-05,False
4.4521448420552483e-05,False
4.453613655137273e-05,False
4.454794127808882e-05,False
4.4561080929958463e-05,False
6.3726101204339986e-06,False
6.374343187276764e-06,False
6.369449996120595e-06,False
6.371391644710373e-06,False
6.366503048203372e-06,False
6.3680431540724555e-06,False
6.363386963267669e-06,False
6.365327612355172e-06,False
6.360256805559663e-06,False
6.362041626713321e-06,False
6.35739441198036e-06,False
6.358987178209586e-06,False
6.354344458053358e-06,False
6.356164254045195e-06,False
6.351700282390662e-06,False
6.353153705303058e-06,False
6.34851990509058e-06,False
6.350339994724098e-06,False
6.345518489960253e-06,False
6.347373624976052e-06,False
4.485711888407994e-05,False
6.337116971776228e-06,False
6.338763956627565e-06,False
6.34089645342713e-06,False
4.491446763609343e-05,False
4.492694336431708e-05,False
4.494070303108021e-05,False
4.495368229539579e-05,False
4.49689788888993e-05,False
4.498154805543667e-05,False
4.4995319832086866e-05,False
4.500884568916137e-05,False
4.502208829154584e-05,False
4.503611848075874e-05,False
4.504915526369112e-05,False
4.506265574512403e-05,False
4.507619688292905e-05,False
4.5088865091636204e-05,False
4.510369578521457e-05,False
4.5116920018161447e-05,False
4.5130472611366624e-05,False
4.514477631149668e-05,False
4.515333578447149e-05,False
4.516739370676496e-05,False
4.518199223845406e-05,False
4.519576863280829e-05,False
4.5202913002219094e-05,False
4.5217977830230345e-05,False
4.523055066666218e-05,False
4.524566092994693e-05,False
4.525870016067908e-05,False
4.5271242928536364e-05,False
4.528451643445604e-05,False
4.529760216360947e-05,False
4.531061211183754e-05,False
4.532264248965161e-05,False
4.710399270278397e-06,False
4.619526712678398e-06,False
4.53627507261109e-05,False
4.5376101809330816e-05,False
4.538991569679347e-05,False
4.5403272825275825e-05,False
4.5418922374872036e-05,False
4.745133296275701e-06,False
4.77227985377728e-06,False
4.5457119296726145e-05,False
4.54704497669759e-05,False
4.548536477549789e-05,False
4.5497410060542605e-05,False
4.551140305271836e-05,False
5.012933942658841e-06,False
5.045595831759278e-06,False
4.555107842133902e-05,False
4.556446938210745e-05,False
4.557961485776782e-05,False
4.559221969305014e-05,False
4.560514720050344e-05,False
4.561916184037309e-05,False
4.563302592692897e-05,False
5.381492499609255e-06,False
5.4200447510416e-06,False
4.5675445963911937e-05,False
4.568502785629091e-05,False
4.569869687763296e-05,False
4.571157495899713e-05,False
4.572650244867135e-05,False
4.5740975214489044e-05,False
4.575317723323154e-05,False
4.576861526990941e-05,False
4.5780755781177685e-05,False
4.579544842529416e-05,False
4.5809937339743775e-05,False
4.5822794629132524e-05,False
4.5835032153606963e-05,False
5.273043862384245e-05,False
5.2740900281101174e-05,False
4.5861454675980236e-05,False
4.587511234292559e-05,False
6.302866021882546e-06,False
6.283178999277839e-06,False
4.5912121272749496e-05,False
4.592658468420379e-05,False
4.594084412305859e-05,False
4.594902659605222e-05,False
6.127035937928014e-06,False
6.11429840439753e-06,False
6.094794632261674e-06,False
6.081797158332007e-06,False
4.602056969074324e-05,False
4.60345094736528e-05,False
5.987261609735327e-06,False
5.974677367978159e-06,False
4.607402188254109e-05,False
2.7908421070987856e-06,False
2.7943987283816564e-06,False
2.7980515853124298e-06,False
2.795218735137582e-06,False
2.798903168883317e-06,False
2.8024149590763077e-06,False
2.8060904763851343e-06,False
2.809730941947332e-06,False
2.8134006919688343e-06,False
2.8170109475432123e-06,False
2.8206507642375284e-06,False
2.822934447655058e-06,False
2.8254011801840854e-06,False
2.829061074921569e-06,False
2.8326848150073345e-06,False
2.829954422362377e-06,False
4.6937735672621876e-05,False
4.695073649990485e-05,False
4.696623643093807e-05,False
4.697949205662229e-05,False
4.6994998638204436e-05,False
4.700917706090944e-05,False
4.702302448891319e-05,False
4.7037792770322496e-05,False
2.7695871726817186e-06,False
2.7730727195684027e-06,False
2.7766092194853976e-06,False
2.7740602108209864e-06,False
2.763682727386127e-06,False
2.758436649223625e-06,False
4.714322760378449e-05,False
4.715660399962298e-05,False
4.717106815565876e-05,False
4.718594862224375e-05,False
4.719941995802596e-05,False
4.721364363359556e-05,False
4.722719731898294e-05,False
4.724284983423249e-05,False
4.725891898526526e-05,False
4.7271981613754346e-05,False
4.728672068608592e-05,False
2.6770234153765386e-06,False
2.6806048865553236e-06,False
2.684086144132492e-06,False
2.6801605933678756e-06,False
4.7361709973156786e-05,False
4.737671966489666e-05,False
4.739107088399717e-05,False
4.740440945645187e-05,False
4.741976740899366e-05,False
4.7434200808760117e-05,False
2.6364452299895644e-06,False
2.640107322906155e-06,False
2.6362140961119944e-06,False
4.7493523475656805e-05,False
4.7507972710601056e-05,False
4.752235418958177e-05,False
4.753739998773208e-05,False
4.75524490487317e-05,False
4.756650000552503e-05,False
4.7581805856459475e-05,False
4.759518125515873e-05,False
4.7609582274756634e-05,False
4.762290375625739e-05,False
4.7639405265599165e-05,False
4.765254086950448e-05,False
2.5371006118848386e-06,False
2.5406171651692e-06,False
2.544037102335275e-06,False
2.5474814949486614e-06,False
2.5447789198687835e-06,False
2.548274169229242e-06,False
2.551672405832395e-06,False
4.777347253330146e-05,False
4.778916844460543e-05,False
4.780436659098769e-05,False
4.781837965032014e-05,False
4.783273924362254e-05,False
2.5071101867009037e-06,False
2.510425715988057e-06,False
2.5138763897999544e-06,False
2.5172740537558204e-06,False
2.520696784969328e-06,False
2.524275445579858e-06,False
2.527629901286245e-06,False
2.52987085886323e-06,False
4.7970910301437815e-05,False
2.5258065978965434e-06,False
2.529322819619818e-06,False
2.5230564287360424e-06,False
2.5265967387185934e-06,False
2.520268917325211e-06,False
2.523790016597403e-06,False
2.5174438728520687e-06,False
2.520901431289742e-06,False
2.514686109052252e-06,False
2.518145225229915e-06,False
2.511994267177283e-06,False
2.51545518464132e-06,False
2.509179372204418e-06,False
2.512705511134915e-06,False
2.5064328160855206e-06,False
2.5098970489488715e-06,False
2.491676098690176e-06,False
2.495082100009694e-06,False
2.4889161075712243e-06,False
2.492387088557857e-06,False
2.486076093345091e-06,False
2.4895278607891724e-06,False
2.4833446396222057e-06,False
2.4868195462755233e-06,False
2.4806171152015946e-06,False
2.484114936331508e-06,False
2.477767974652334e-06,False
2.4813298870820775e-06,False
2.475090305829018e-06,False
2.4786328447413635e-06,False
2.472416404291112e-06,False
2.475981500052144e-06,False
2.4697462700386164e-06,False
2.473187241178879e-06,False
2.454928941984746e-06,False
2.4583959493369917e-06,False
2.4521209416761426e-06,False
2.4556103631437756e-06,False
2.4494002939072908e-06,False
2.4530165185124393e-06,False
2.446850161286957e-06,False
2.450259705492337e-06,False
2.444095536426142e-06,False
2.447443839965963e-06,False
2.441323961624066e-06,False
2.4447153150456824e-06,False
2.4386600882751867e-06,False
2.442116254469924e-06,False
2.435896309704365e-06,False
2.4394577246128085e-06,False
2.4333233215386616e-06,False
2.4368452051495573e-06,False
2.4185929571444316e-06,False
2.4219946100121867e-06,False
2.4159868443925976e-06,False
2.4195144018551402e-06,False
2.4132185222417293e-06,False
2.4167686000962097e-06,False
2.4106399898433517e-06,False
2.4140887479358916e-06,False
2.4078595465794775e-06,False
2.4113916098678834e-06,False
2.4051436524003e-06,False
2.408698273894395e-06,False
2.4026185273509673e-06,False
2.4060299525605466e-06,False
2.3999736019701917e-06,False
2.403448530822012e-06,False
2.397290209740188e-06,False
2.400726181360682e-06,False
2.3826871639891136e-06,False
2.3861073222734294e-06,False
2.3799507438336602e-06,False
2.383476349707286e-06,False
2.377321937613395e-06,False
2.380929835109255e-06,False
2.3748198697990812e-06,False
2.378202643575055e-06,False
2.3720738830017126e-06,False
2.3755431766327356e-06,False
2.369395411716509e-06,False
2.3729465365357462e-06,False
2.366779707996586e-06,False
2.370313658932901e-06,False
2.364252800621243e-06,False
2.367641907418753e-06,False
2.3616658246889744e-06,False
2.3650166958322365e-06,False
4.932483669062277e-05,False
4.933891434780583e-05,False
4.935436910021961e-05,False
4.9370080125826516e-05,False
2.310061378929021e-06,False
2.317252108844019e-06,False
2.3242139025053694e-06,False
2.328844189451572e-06,False
4.944401827808774e-05,False
4.9458989121554776e-05,False
4.947508639377115e-05,False
4.948995310554204e-05,False
4.950468031230477e-05,False
4.9518539923046054e-05,False
4.953403296736399e-05,False
4.95495292745312e-05,False
4.9563508921250634e-05,False
2.3521390207673763e-06,False
2.359135184464013e-06,False
2.3661250571309918e-06,False
2.37316834067962e-06,False
2.378738007764407e-06,False
4.965702819665321e-05,False
5.5420283947807156e-05,False
2.3599423715930985e-06,False
2.364618196762628e-06,False
2.347382432429314e-06,False
2.3517827838643183e-06,False
4.973127006897559e-05,False
4.974629738116802e-05,False
4.97526364405639e-05,False
5.5516378396016074e-05,False
5.552845504342712e-05,False
4.977798764511297e-05,False
4.978383446882833e-05,False
1.9007795194242955e-06,False
1.8736273765293964e-06,False
1.8470398661483405e-06,False
1.820876794766698e-06,False
1.786505650334677e-06,False
1.7616038021439933e-06,False
1.7370710519088835e-06,False
1.7128687376841105e-06,False
1.6961350025054407e-06,False
1.695952142063714e-06,False
1.6962545836144185e-06,False
1.6968694635902211e-06,False
1.7025630063711542e-06,False
1.7042802568525938e-06,False
1.7065273771862134e-06,False
1.7090737244284636e-06,False
4.997736144157569e-05,False
1.7297521571299176e-06,False
1.7341378889339219e-06,False
1.7463805188500994e-06,False
5.003325249068344e-05,False
5.0043656418762955e-05,False
5.005670759879241e-05,False
1.8574697666958528e-06,False
1.866912157671282e-06,False
1.876775360855524e-06,False
1.8871263530689818e-06,False
5.012735522641089e-05,False
1.932701209668785e-06,False
1.9447174760405763e-06,False
1.96896470626974e-06,False
5.018264375081919e-05,False
5.019277214278768e-05,False
5.0206148469612743e-05,False
4.9683594040556856e-05,False
4.969109021437348e-05,False
4.970641898685481e-05,False
4.9721494156083986e-05,False
4.973580187174449e-05,False
4.975028511569762e-05,False
4.97653696603569e-05,False
1.1462573664566488e-05,False
1.1487969655536285e-05,False
1.1512964791256808e-05,False
1.1538418172674272e-05,False
1.1563691142190805e-05,False
1.159304146599278e-05,False
4.986845315557955e-05,False
4.988246320230402e-05,False
4.989605318596033e-05,False
1.1729670985192781e-05,False
1.1754969225984787e-05,False
1.178032476038574e-05,False
1.180600271993892e-05,False
1.1831780106530025e-05,False
4.998266569070432e-05,False
4.999801273010833e-05,False
1.1978596883874057e-05,False
1.2004767877441126e-05,False
1.2030284882742174e-05,False
1.20565138335345e-05,False
1.2082414801381954e-05,False
1.2108046873751342e-05,False
1.2134148035588798e-05,False
1.2161907910498804e-05,False
5.01274688783016e-05,False
5.013157984587265e-05,False
5.014557923462127e-05,False
5.0160101751415827e-05,False
5.0173904878472806e-05,False
5.018737702224025e-05,False
5.0198700543152286e-05,False
5.021213584034738e-05,False
5.0227467630224744e-05,False
5.0241433523383996e-05,False
5.02536970662136e-05,False
5.026853035597169e-05,False
5.028311077772686e-05,False
5.029723209636837e-05,False
5.031195475457543e-05,False
1.2938588052839952e-05,False
1.2965113339389159e-05,False
1.2999788351278613e-05,False
1.302856225921842e-05,False
1.3055596299788389e-05,False
1.3082394310864577e-05,False
1.3115979308753967e-05,False
5.0427295833575095e-05,False
5.0442073906863976e-05,False
5.045685825202199e-05,False
5.0454188077375067e-05,False
5.0468080797141484e-05,False
5.048255770391203e-05,False
5.0497243354890074e-05,False
5.051114096524313e-05,False
5.052407514891576e-05,False
5.0539040080597056e-05,False
5.0554271924715686e-05,False
5.0568266770579295e-05,False
5.0582268012908454e-05,False
5.059561404508994e-05,False
5.061114199144904e-05,False
5.061783677084625e-05,False
5.063225759488375e-05,False
1.4175918026462673e-05,False
1.4203456640028873e-05,False
5.0675483438250733e-05,False
5.069052062159451e-05,False
5.070359952359052e-05,False
1.436668446847796e-05,False
1.4394445651838049e-05,False
1.4464772338872889e-05,False
1.4503706828449076e-05,False
5.077485296781167e-05,False
5.078973769356936e-05,False
5.080554619799149e-05,False
5.081736716016036e-05,False
1.9619394228775157e-05,False
1.9563797102251607e-05,False
1.9491631318725663e-05,False
1.9439483393212246e-05,False
1.938453857698533e-05,False
1.9074631561958347e-05,False
1.9023099717030772e-05,False
1.8968952514208924e-05,False
1.8897292888542425e-05,False
1.8846870132213266e-05,False
1.8795817317459824e-05,False
1.8745101386417468e-05,False
1.8694573313522966e-05,False
1.8627755159922502e-05,False
1.8577682014035442e-05,False
1.852720168344428e-05,False
1.8477459885666552e-05,False
1.8427139826530933e-05,False
1.836010455746305e-05,False
1.8311187599475964e-05,False
1.8257986709369933e-05,False
1.818828072050689e-05,False
1.8138475374642572e-05,False
1.808957333796689e-05,False
1.8040197627468833e-05,False
1.799118396658935e-05,False
1.7925817699981062e-05,False
1.787693945423822e-05,False
1.7827901366484297e-05,False
1.77789591935186e-05,False
1.773131298067451e-05,False
1.7665961303744344e-05,False
1.7617257584610787e-05,False
1.756865627465938e-05,False
1.752085803064425e-05,False
1.7472329550453964e-05,False
1.7408841798828757e-05,False
1.7360710764610748e-05,False
1.7309373768533095e-05,False
1.72422386658924e-05,False
1.7195004872378583e-05,False
1.714765614497758e-05,False
1.710014670757563e-05,False
1.7052830426266104e-05,False
1.698950531627262e-05,False
1.6942881719357243e-05,False
1.689287564074605e-05,False
1.6826550555572507e-05,False
1.6780046021619084e-05,False
1.673317077645057e-05,False
1.6686991087805245e-05,False
1.664095518123413e-05,False
1.6578335722338367e-05,False
5.772337770540752e-05,False
5.1902076005829796e-05,False
5.191696580285549e-05,False
5.192404652194605e-05,False
5.193986743727453e-05,False
5.195451381841911e-05,False
5.1969432343193456e-05,False
5.198342765726632e-05,False
5.199782778545394e-05,False
5.201348857648856e-05,False
5.202605765015236e-05,False
7.400654284858017e-06,False
7.402840593266144e-06,False
7.405098935926854e-06,False
7.407446799550632e-06,False
7.435458380331912e-06,False
7.4375778550122045e-06,False
7.4619315766301475e-06,False
5.2149761048565515e-05,False
5.2163430515406204e-05,False
5.217843873052434e-05,False
5.219238713943567e-05,False
5.220215594347734e-05,False
5.22190283397743e-05,False
5.2231288367278016e-05,False
5.2246651948468736e-05,False
5.2263009690188773e-05,False
5.227774522473182e-05,False
5.2290217519632165e-05,False
8.174474993598341e-06,False
8.176302395566633e-06,False
8.202141317306934e-06,False
5.234876933792784e-05,False
5.236364914954495e-05,False
5.2379337468468596e-05,False
5.239332466097779e-05,False
5.240822299305733e-05,False
5.242401377461731e-05,False
8.47024543106411e-06,False
8.485500391923881e-06,False
8.500807349558355e-06,False
8.51566980514443e-06,False
8.530912629291732e-06,False
8.558976627814778e-06,False
5.253110698937591e-05,False
5.25465473203902e-05,False
8.68741320079865e-06,False
8.702964311164966e-06,False
8.718622611948834e-06,False
8.756189493308662e-06,False
5.262400025629194e-05,False
5.263898915890616e-05,False
9.195059436053797e-06,False
9.211532766926757e-06,False
9.25987422874438e-06,False
9.32170936788747e-06,False
9.338062593615371e-06,False
5.2723184214593114e-05,False
5.273709687260928e-05,False
5.2748344330522066e-05,False
5.276446921757065e-05,False
5.277835806728653e-05,False
5.279355312581684e-05,False
5.2807993734208586e-05,False
5.282261906483119e-05,False
5.283778992078116e-05,False
5.285395381758704e-05,False
1.0358477607257411e-05,False
1.0431828184993282e-05,False
1.0468681944458887e-05,False
1.0506082547678414e-05,False
1.0543053091936818e-05,False
1.0618123145420817e-05,False
1.0655697100207488e-05,False
1.0693881142750199e-05,False
1.073223627246887e-05,False
1.0789449102433134e-05,False
5.302509459609524e-05,False
1.0909888772882901e-05,False
1.094945535355628e-05,False
1.102759166526538e-05,False
1.1067177472217978e-05,False
1.1146152087689137e-05,False
1.1186742341963915e-05,False
5.313344198537759e-05,False
1.1594394958838429e-05,False
1.1636597905302283e-05,False
5.317596039724799e-05,False
5.3189886082413946e-05,False
5.320534651362129e-05,False
5.322057865589041e-05,False
5.3235238033659936e-05,False
5.3248071345189186e-05,False
5.3264001843454e-05,False
5.327840996180985e-05,False
5.329363907619551e-05,False
5.330788920238687e-05,False
5.332272377960889e-05,False
5.333442095616317e-05,False
5.335079862758257e-05,False
5.33656536256814e-05,False
5.338048182332428e-05,False
5.3390151239941485e-05,False
5.340499512667326e-05,False
5.3421271325973e-05,False
1.4496357964846297e-05,False
1.4548363009014311e-05,False
1.464483501447098e-05,False
5.919888954198315e-05,False
5.348473715498719e-05,False
1.3399721792680836e-05,False
1.337637687367496e-05,False
1.3353740123074507e-05,False
1.3330778924738951e-05,False
1.330810661308826e-05,False
1.3281280648335333e-05,False
1.3258230454420843e-05,False
1.3235389412464944e-05,False
1.3213176676622304e-05,False
1.3190261211140758e-05,False
1.3155772172965929e-05,False
1.3133513806429657e-05,False
1.3110780537465128e-05,False
1.3087991887605866e-05,False
1.3065073050699041e-05,False
1.303919119769863e-05,False
1.3016237598102423e-05,False
1.2994097819207539e-05,False
1.2971373588169548e-05,False
1.294847978363114e-05,False
1.2922643561046592e-05,False
1.2900093661398655e-05,False
1.2877340391558267e-05,False
1.285528215566353e-05,False
1.2832676620734395e-05,False
1.2806361111158853e-05,False
1.2784027432091116e-05,False
1.2761225657499841e-05,False
1.2739042240383928e-05,False
1.2716878124602314e-05,False
1.2690686209846425e-05,False
1.2668527523182801e-05,False
1.264623739033758e-05,False
1.2624305002975451e-05,False
1.2601495690706113e-05,False
1.2575724475046803e-05,False
1.25534063177101e-05,False
1.2531664655373702e-05,False
1.25094587634312e-05,False
1.2487126473108563e-05,False
1.2461513591063678e-05,False
1.2439442862127323e-05,False
1.2417136943429381e-05,False
1.239551386873389e-05,False
1.2373061592050594e-05,False
1.2347312279629089e-05,False
1.2325234262586336e-05,False
1.2303176003188009e-05,False
1.2281580304306622e-05,False
1.2259633427128206e-05,False
1.223411973272786e-05,False
1.2212071212231881e-05,False
1.2189893911340877e-05,False
1.216824964173986e-05,False
1.2146296525712691e-05,False
1.2121049254520187e-05,False
1.2099031375066157e-05,False
1.2077759437213412e-05,False
1.2055632936323526e-05,False
1.2034179852340252e-05,False
1.2008656423964199e-05,False
1.198633874910602e-05,False
1.1965385126969244e-05,False
1.1943870294734447e-05,False
1.1921866893185164e-05,False
1.1896863266943585e-05,False
1.187515680940278e-05,False
1.185372347504493e-05,False
1.183238026637748e-05,False
1.181066206168481e-05,False
1.1785668608437571e-05,False
1.1764245913906883e-05,False
1.1742590540455255e-05,False
1.1721564574786546e-05,False
1.1700054003836111e-05,False
1.1674790579346441e-05,False
1.1653288032779717e-05,False
1.1632196444228656e-05,False
1.1610914033984706e-05,False
1.1589080021106885e-05,False
1.156483200255325e-05,False
1.154311127505381e-05,False
1.1522084942177318e-05,False
1.1500938614185434e-05,False
1.1479347528068014e-05,False
1.145476180399886e-05,False
1.1433463234662144e-05,False
1.1412820615926596e-05,False
1.1391491911720336e-05,False
1.1370321410895963e-05,False
1.1345892127926767e-05,False
1.1324660753101123e-05,False
1.1303449268430955e-05,False
1.1282326470318642e-05,False
1.1261257795478794e-05,False
1.1236985104089992e-05,False
1.1216596489036923e-05,False
1.119476836378224e-05,False
1.2287982160788194e-05,False
1.226632787823422e-05,False
1.2244552816987903e-05,False
1.221619022685191e-05,False
1.2194203625374626e-05,False
1.2172167095268321e-05,False
1.214421619634441e-05,False
1.2122505969977855e-05,False
1.2100800419805203e-05,False
1.2072780410554087e-05,False
1.2050964479254438e-05,False
1.2029126209420076e-05,False
1.2001038318997354e-05,False
1.1979763173477181e-05,False
1.1958031079198009e-05,False
1.1930462876047325e-05,False
1.1908732860911617e-05,False
1.1887343998019794e-05,False
1.1859344590979479e-05,False
1.1837720763555589e-05,False
1.1816158628264646e-05,False
1.1788802503972481e-05,False
1.1767437080807829e-05,False
1.1745980147267538e-05,False
1.1718542270914643e-05,False
1.169661654281072e-05,False
1.1675694386987896e-05,False
1.1647747430576926e-05,False
1.1626799122665928e-05,False
1.1605345550233845e-05,False
1.157796838499793e-05,False
1.155671094909393e-05,False
1.1535679312041682e-05,False
1.1507521701971445e-05,False
1.1486891171619872e-05,False
1.1465524950108332e-05,False
1.1438045445749345e-05,False
1.141750478407915e-05,False
1.139617471290409e-05,False
1.1369042210729663e-05,False
1.1348193091096688e-05,False
1.1327064881870854e-05,False
1.1299990152973149e-05,False
1.1278687289533997e-05,False
1.1257908122933532e-05,False
1.1230566384188003e-05,False
1.1209640532616316e-05,False
1.1189074236664092e-05,False
1.1162211834239036e-05,False
1.1141498636885296e-05,False
1.1120534364844376e-05,False
1.1093447156969886e-05,False
1.1072527468200977e-05,False
1.1052046230549706e-05,False
1.1025624813220348e-05,False
1.1004390926364788e-05,False
1.0983823842458965e-05,False
1.0957098636898083e-05,False
1.093672348194846e-05,False
1.0915346811958881e-05,False
1.0889203956125806e-05,False
1.0868783481826578e-05,False
1.0847847837259266e-05,False
1.0821443062608839e-05,False
1.0800938098625212e-05,False
1.0780373424066729e-05,False
1.0753975177706337e-05,False
1.0733573183173983e-05,False
1.0713405811381658e-05,False
5.982188542749357e-05,False
5.98671218427144e-05,False
5.9914425142021125e-05,False
5.9960131059954226e-05,False
6.000730217882536e-05,False
6.005248924481842e-05,False
6.009793392004256e-05,False
6.014634377479911e-05,False
6.019112416189486e-05,False
6.023809676403195e-05,False
6.028496773130524e-05,False
6.0331106478459786e-05,False
6.037711786294048e-05,False
6.042360785755662e-05,False
6.0470817187983774e-05,False
6.051659167575187e-05,False
6.056267445254058e-05,False
6.061030258478701e-05,False
6.065700335869105e-05,False
1.0153875656014921e-05,False
1.013372867151957e-05,False
1.0112978381273818e-05,False
1.0032674144741615e-05,False
1.0012859027460966e-05,False
9.9922721137809e-06,False
9.967941021514717e-06,False
9.94763656845774e-06,False
9.927558484656645e-06,False
9.903383735750122e-06,False
9.88325499328937e-06,False
9.863131948660787e-06,False
9.838746117638916e-06,False
9.819378157333018e-06,False
9.79888174931357e-06,False
9.774615715869779e-06,False
9.755347007191276e-06,False
9.734480238833433e-06,False
9.71047971421871e-06,False
9.690909912466178e-06,False
9.670621232015973e-06,False
9.616166890621459e-06,False
9.596687633574524e-06,False
9.576389994810576e-06,False
9.552587689771162e-06,False
9.533353783717211e-06,False
9.513268670825398e-06,False
9.489477525377466e-06,False
9.46987159125077e-06,False
9.450901431475096e-06,False
9.431696446638266e-06,False
9.412513217291782e-06,False
9.389316488422666e-06,False
9.37078454209069e-06,False
9.351017653209307e-06,False
9.332058324363215e-06,False
9.312941197207343e-06,False
9.29004537759213e-06,False
9.271361994136286e-06,False
9.252163499634696e-06,False
9.233020219207869e-06,False
9.214251309508738e-06,False
9.191374930251358e-06,False
9.17286119042793e-06,False
9.153551926918145e-06,False
9.134473451533337e-06,False
9.115772141801588e-06,False
9.093476492910113e-06,False
9.074532667065195e-06,False
9.055469071536632e-06,False
9.036704486410886e-06,False
9.017926972031358e-06,False
8.995824420605545e-06,False
8.976664855389254e-06,False
8.957914933489495e-06,False
8.938937104699975e-06,False
8.920575491562475e-06,False
8.898242830624009e-06,False
8.879641403359652e-06,False
8.860993029780477e-06,False
8.842396281268357e-06,False
8.823890487409744e-06,False
8.80188907330296e-06,False
8.783216770295143e-06,False
8.764564357443586e-06,False
8.746242863027236e-06,False
8.727595656486503e-06,False
8.69836362972827e-06,False
8.680038999131396e-06,False
8.661461373002783e-06,False
8.643283912033147e-06,False
8.624433963776026e-06,False
8.602623202782934e-06,False
8.584331768789388e-06,False
8.565105097221978e-06,False
8.542757418946707e-06,False
8.524259210727693e-06,False
8.505437406851064e-06,False
8.483003407674306e-06,False
8.465010000810994e-06,False
8.445847570665504e-06,False
8.38844306802385e-06,False
8.369969987078445e-06,False
8.351326770385876e-06,False
8.329040520442463e-06,False
8.311172567893376e-06,False
8.292457544630989e-06,False
8.270391872280231e-06,False
8.250794251576367e-06,False
8.228619371402558e-06,False
8.209210141063078e-06,False
8.187122781441027e-06,False
8.169373585068485e-06,False
8.091537331449713e-06,False
7.784302009793263e-06,False
7.76683173154133e-06,False
7.748709428339964e-06,False
7.727315630338522e-06,False
7.70970614174177e-06,False
4.957150172639677e-05,False
7.608567949831419e-06,False
7.591239801664761e-06,False
7.573345776775107e-06,False
7.55254074088131e-06,False
7.535653319234793e-06,False
7.517478254871183e-06,False
7.497334854076886e-06,False
7.479960509206096e-06,False
7.462145301690469e-06,False
7.4419381274131265e-06,False
7.4248014262769725e-06,False
7.407538444090504e-06,False
7.3869009327056665e-06,False
7.369572326427519e-06,False
7.3522580134985364e-06,False
7.3321598671111215e-06,False
7.315178020694728e-06,False
7.297674799082612e-06,False
7.277486994211191e-06,False
7.260857462795636e-06,False
7.2431674089998045e-06,False
7.2228368387665815e-06,False
7.2063520733213925e-06,False
7.188955362769943e-06,False
7.169131479114358e-06,False
7.152115398786236e-06,False
7.1350644116747755e-06,False
7.115044289653073e-06,False
7.098262864695696e-06,False
7.081000230468931e-06,False
7.061537559755892e-06,False
7.04479292386816e-06,False
7.027454358800953e-06,False
7.00760119521676e-06,False
6.990947675700478e-06,False
6.973845839653958e-06,False
6.954298177439202e-06,False
6.938125177190458e-06,False
6.920505103550523e-06,False
6.901261198105227e-06,False
6.88476164653204e-06,False
6.868208111068481e-06,False
6.848384406357765e-06,False
6.8320272001005415e-06,False
6.815020945639122e-06,False
6.795746976982676e-06,False
6.779453006400944e-06,False
6.762540158664676e-06,False
6.743155800121457e-06,False
6.727013986883601e-06,False
6.71019438031992e-06,False
6.6909706508942e-06,False
6.674534154206334e-06,False
6.657973572969567e-06,False
6.639138193926962e-06,False
6.622688875179664e-06,False
6.605864054750497e-06,False
6.587378043813344e-06,False
6.57096793374317e-06,False
6.554565613023737e-06,False
6.5354250848326555e-06,False
6.519295507865108e-06,False
6.502744741159388e-06,False
6.483990750498574e-06,False
6.468164963202131e-06,False
6.451592888044128e-06,False
6.432770242367023e-06,False
6.416492361265961e-06,False
6.400527957148102e-06,False
6.3817752376717025e-06,False
6.3659512255977665e-06,False
6.3499637719191715e-06,False
6.331194135531738e-06,False
6.315370602280939e-06,False
6.299162487516074e-06,False
6.280314366945252e-06,False
6.264854190632172e-06,False
6.248575778070992e-06,False
6.230022390218733e-06,False
6.214674146511225e-06,False
6.198550452586e-06,False
6.1800556203409255e-06,False
6.164496929699412e-06,False
6.148698333438553e-06,False
6.129892575746054e-06,False
6.114669816732841e-06,False
6.098568472887714e-06,False
6.080351939331869e-06,False
6.065055959241612e-06,False
6.0490218304695195e-06,False
6.0309602179761465e-06,False
6.01547212618397e-06,False
6.0001474305821054e-06,False
5.985088471145428e-06,False
5.969707236690035e-06,False
5.951999432133036e-06,False
5.936867092523449e-06,False
5.921595883749971e-06,False
5.906368045363065e-06,False
5.8910888969435775e-06,False
5.87359133650965e-06,False
5.85865385686709e-06,False
5.843010104823476e-06,False
5.825032064687648e-06,False
5.809883072130663e-06,False
5.795184151064821e-06,False
5.780050775404165e-06,False
5.764461416699297e-06,False
5.747712386396999e-06,False
5.732688099774155e-06,False
5.717816128693965e-06,False
5.702854205371287e-06,False
5.6877963547187635e-06,False
5.670584821827198e-06,False
5.655616235903666e-06,False
5.640644493502455e-06,False
5.625715588063434e-06,False
5.611230031818202e-06,False
5.594118530427633e-06,False
5.5794288562131024e-06,False
5.564581819523651e-06,False
5.549663603965921e-06,False
5.534992653529607e-06,False
5.523714833311197e-06,False
5.535781593919147e-06,False
5.548295673536758e-06,False
5.560943208519607e-06,False
5.575171938777219e-06,False
5.590003311720682e-06,False
5.604428705944751e-06,False
5.619164244952093e-06,False
5.63322232835648e-06,False
5.647459651768878e-06,False
5.663042939566222e-06,False
5.6776630298538205e-06,False
5.691788667974583e-06,False
5.706759120879879e-06,False
5.721249227721117e-06,False
5.736785729900153e-06,False
5.751443996729439e-06,False
5.766313670065258e-06,False
5.7816736108768975e-06,False
5.796670837183726e-06,False
5.811493486856336e-06,False
5.827385431819513e-06,False
5.842314583961098e-06,False
5.8569724902385126e-06,False
5.873035669680181e-06,False
5.887984452184875e-06,False
5.9031398039365465e-06,False
5.9189389002365774e-06,False
5.93406873981731e-06,False
5.94979425952212e-06,False
5.9654873251953465e-06,False
5.9806840757350485e-06,False
5.996244125549597e-06,False
6.012220448535047e-06,False
6.027877640220955e-06,False
6.043388529073369e-06,False
6.059374177563409e-06,False
6.074795676671411e-06,False
6.090508006678276e-06,False
6.10682662034361e-06,False
6.122616324991094e-06,False
6.138326029015331e-06,False
6.1545578205498635e-06,False
6.170325035384695e-06,False
6.186470464954188e-06,False
6.202848031014866e-06,False
6.2186295267279425e-06,False
6.234381923599554e-06,False
6.25103825415545e-06,False
6.266909250400409e-06,False
6.283007234904108e-06,False
6.299945130828831e-06,False
6.315940075230113e-06,False
1.2174230445846266e-05,False
1.2169544343390148e-05,False
1.2167666091809433e-05,False
4.3951144404994215e-05,False
4.3762485751618466e-05,False
4.356117558890344e-05,False
4.337205468047703e-05,False
4.317171789760054e-05,False
4.298478496507748e-05,False
1.2632172663278937e-05,False
1.2585925671146823e-05,False
1.2541930043977391e-05,False
1.2498113611737075e-05,False
1.2462937409047479e-05,False
1.2421740374017255e-05,False
1.2380567867615863e-05,False
1.234113130751379e-05,False
1.230274016221118e-05,False
1.2272455902693263e-05,False
1.2236279673565498e-05,False
1.220112970554824e-05,False
1.2167387973869347e-05,False
1.2144236225847773e-05,False
1.2112518962113326e-05,False
1.2082389043126094e-05,False
3.986510553174736e-05,False
3.968553855051013e-05,False
1.207153406708788e-05,False
1.2043759974155458e-05,False
1.2026129272173373e-05,False
1.2001369301783299e-05,False
1.1984876097060274e-05,False
1.1960705755663882e-05,False
1.1938718608955422e-05,False
1.1917866173206312e-05,False
1.1901605918619673e-05,False
1.1883345254337448e-05,False
1.186532929612059e-05,False
1.1848209812075614e-05,False
1.183250811013423e-05,False
1.1822536695481857e-05,False
3.7046641336729895e-05,False
3.6872597204070784e-05,False
4.636954455375486e-06,False
4.6385048236310116e-06,False
4.640049214217821e-06,False
4.6416448695639585e-06,False
4.653301301199281e-06,False
4.654756342028343e-06,False
4.656553163684805e-06,False
4.657955668353124e-06,False
4.659635512677788e-06,False
4.671503657686053e-06,False
4.67315632079398e-06,False
4.674438056079469e-06,False
4.676468682078851e-06,False
4.6778347906879395e-06,False
4.689769432813778e-06,False
4.691474278725009e-06,False
4.692823194479044e-06,False
4.694791079449662e-06,False
4.6962843317103475e-06,False
6.636448643106626e-06,False
6.65286325148105e-06,False
6.654678990081338e-06,False
6.6593140315721145e-06,False
6.675306243938726e-06,False
6.677143945297706e-06,False
6.681562099152774e-06,False
6.697838327759752e-06,False
6.699707926817356e-06,False
6.703947670340934e-06,False
6.720314340877745e-06,False
6.7226143577641255e-06,False
6.726275853987972e-06,False
6.743297647305248e-06,False
6.7452309581858256e-06,False
6.749072197527128e-06,False
6.76579483183205e-06,False
6.767535248738682e-06,False
6.772671271977052e-06,False
6.7887814164745795e-06,False
6.7904818906604305e-06,False
6.795204296390816e-06,False
6.811925244375948e-06,False
6.8136081941100255e-06,False
6.817953775036489e-06,False
7.055462008265811e-06,False
7.057539279191259e-06,False
7.061993888252459e-06,False
7.078904197576922e-06,False
7.081022912821817e-06,False
7.085780823673314e-06,False
7.102473825307594e-06,False
7.104873823636995e-06,False
7.109397927091241e-06,False
7.12637267414201e-06,False
7.128583634883478e-06,False
7.133527742661975e-06,False
7.150678766512976e-06,False
7.1526615162528045e-06,False
7.15725515100299e-06,False
7.24905557165629e-06,False
7.251574766459469e-06,False
7.2562087402378714e-06,False
7.661788416193388e-06,False
7.67968146603818e-06,False
7.681765416026975e-06,False
7.686564175320143e-06,False
7.704298594317021e-06,False
7.70659479002302e-06,False
7.711506510870153e-06,False
7.728993036971554e-06,False
7.731639703553491e-06,False
7.736679894390621e-06,False
7.75478737859146e-06,False
7.757147427334333e-06,False
7.762059818729601e-06,False
7.77991969402104e-06,False
7.782167056073443e-06,False
7.787287684871934e-06,False
7.805431165004886e-06,False
7.807699985638175e-06,False
7.812691002962914e-06,False
7.83043074832424e-06,False
7.832943869546236e-06,False
7.838619813984593e-06,False
7.856411082532402e-06,False
7.859003675877831e-06,False
7.86400652966172e-06,False
7.882072496456099e-06,False
7.884396328309185e-06,False
7.889648770875333e-06,False
7.922410396446927e-06,False
7.942527087670986e-06,False
7.945633908147365e-06,False
8.058547727593803e-06,False
8.05979469307879e-06,False
8.064005505603338e-06,False
8.08101663807813e-06,False
8.083478080433535e-06,False
8.089277924602344e-06,False
8.107712366946716e-06,False
8.111271506447933e-06,False
8.118407587180596e-06,False
8.137850662700987e-06,False
8.143102344149648e-06,False
8.151068959393294e-06,False
8.172061499709883e-06,False
8.178499244322788e-06,False
8.188134602278966e-06,False
8.366677795900944e-06,False
8.375166143412474e-06,False
8.386280233222602e-06,False
8.410764946770393e-06,False
8.418363149246375e-06,False
8.428853357705098e-06,False
8.452769567697228e-06,False
8.461992056830288e-06,False
8.473993303234081e-06,False
8.499554261819276e-06,False
8.509615970697308e-06,False
8.523254146381438e-06,False
8.550577081880757e-06,False
8.562364637089227e-06,False
8.577747000142067e-06,False
8.60631148244594e-06,False
8.6199115046981e-06,False
8.636292363593223e-06,False
8.666630106175148e-06,False
8.681630134158342e-06,False
8.699773670549774e-06,False
8.758521216797341e-06,False
8.775181396198446e-06,False
8.794451836937325e-06,False
8.781282477281442e-06,False
8.6914038129448e-06,False
8.604477358023699e-06,False
8.52476934463597e-06,False
8.436752163041703e-06,False
8.352845224226273e-06,False
8.273475240490575e-06,False
8.186833811531048e-06,False
8.104413990345713e-06,False
8.026222035402407e-06,False
7.941819428442993e-06,False
7.86032108871071e-06,False
7.784015643006786e-06,False
7.700523958547862e-06,False
7.620741146245247e-06,False
7.545983385039648e-06,False
7.464127843383545e-06,False
7.3861702469605756e-06,False
7.3124866874884004e-06,False
7.232865001128385e-06,False
7.1560624825723826e-06,False
7.083956080565235e-06,False
7.005437152842342e-06,False
6.9305384148850814e-06,False
6.873725446355943e-06,False
6.7967456321163705e-06,False
5.9361643807090496e-06,False
5.864269067000592e-06,False
5.794861785432858e-06,False
5.732015704988008e-06,False
5.662146033536093e-06,False
5.593932872326298e-06,False
5.532738440175273e-06,False
5.464364095657824e-06,False
5.397265451451115e-06,False
5.33766777564758e-06,False
5.27104790764142e-06,False
5.205617440007106e-06,False
5.147257243381894e-06,False
5.082002500753148e-06,False
5.0187649905363205e-06,False
4.96168479086442e-06,False
4.8978867576646205e-06,False
4.836031014061187e-06,False
4.780417917983808e-06,False
4.718305359108824e-06,False
4.658002087977088e-06,False
4.603826482567387e-06,False
4.543537015152506e-06,False
4.4843721627370155e-06,False
4.431530579724749e-06,False
4.372922422657715e-06,False
4.315574962744922e-06,False
4.264137127291893e-06,False
4.207120013071277e-06,False
4.151317582943693e-06,False
4.101296163025642e-06,False
4.0456951930632275e-06,False
3.9915696189341754e-06,False
3.9430412084408796e-06,False
3.889107224801565e-06,False
3.836443496740738e-06,False
3.7894702588807133e-06,False
3.7370685426416124e-06,False
3.6855412235427476e-06,False
3.6684090975485163e-06,False
3.6452699572400523e-06,False
3.623028368471675e-06,False
3.608538810030393e-06,False
3.585351403003068e-06,False
3.563777155148982e-06,False
3.549616854736611e-06,False
3.5261951160410606e-06,False
2.315414548744103e-06,False
2.2769109049907456e-06,False
2.238630586595232e-06,False
2.2010906861845662e-06,False
2.1638142646362903e-06,False
3.5624705651075444e-05,False
5.832125667038974e-06,False
5.829426244774063e-06,False
3.567722193656224e-05,False
3.569861445771819e-05,False
3.5684433108162066e-05,False
3.5710192406545844e-05,False
5.9661623215599664e-06,False
5.955454397868292e-06,False
5.945153662329827e-06,False
5.940892311821645e-06,False
3.586327437386009e-05,False
3.588998958129105e-05,False
3.5918033514411357e-05,False
5.9294187961808385e-06,False
5.918439162964943e-06,False
3.5986888828106884e-05,False
3.601487920438502e-05,False
3.604086641380637e-05,False
3.6068097470693315e-05,False
5.94567696954127e-06,False
5.935306389401459e-06,False
5.987629498903015e-06,False
5.976987744709018e-06,False
5.966009853803671e-06,False
5.94563188086202e-06,False
3.6253334837256276e-05,False
3.627954728478906e-05,False
3.6307516752003496e-05,False
3.633334450356516e-05,False
3.636116752260973e-05,False
7.85294529372223e-06,False
7.81293304083095e-06,False
7.773940052824891e-06,False
7.736054140548261e-06,False
3.379567392188397e-05,False
3.382188794784543e-05,False
3.38466836390333e-05,False
3.387155813341151e-05,False
3.390000216661175e-05,False
3.392701141940591e-05,False
3.3951141092718123e-05,False
3.3977815327459176e-05,False
3.4004638651844484e-05,False
3.403100901670807e-05,False
7.340435981405274e-06,False
7.302774264603651e-06,False
7.265232280250172e-06,False
7.227875149620378e-06,False
7.190928358567949e-06,False
7.155019928010731e-06,False
7.117723792672791e-06,False
7.080963363916595e-06,False
7.044386647696697e-06,False
7.0075849491747005e-06,False
6.972367079414012e-06,False
6.9365390334096345e-06,False
6.900367396547106e-06,False
6.86445994370336e-06,False
6.83035199620734e-06,False
6.794313618201839e-06,False
6.770169948867791e-06,False
6.7814219234175584e-06,False
6.793614909384734e-06,False
6.805155907100441e-06,False
6.8158207501362005e-06,False
6.828623055506211e-06,False
6.839847420060303e-06,False
6.850952018984772e-06,False
6.863065948509727e-06,False
6.876440153723236e-06,False
6.8878839052807416e-06,False
6.899128248200943e-06,False
6.911657883505406e-06,False
6.922718594604703e-06,False
6.9343640810371505e-06,False
6.945138685555724e-06,False
6.9563655032720584e-06,False
6.968951252894199e-06,False
6.98032179333008e-06,False
6.99118140721548e-06,False
7.00309939392127e-06,False
7.014044400204897e-06,False
7.0253107650654836e-06,False
7.036818399950429e-06,False
7.047934234382386e-06,False
7.059347067310937e-06,False
7.071003856571526e-06,False
7.082066813486537e-06,False
7.093424413844468e-06,False
7.105282157272272e-06,False
7.116315883667236e-06,False
7.127917242887372e-06,False
7.1390125962285804e-06,False
7.150676801760649e-06,False
7.162293632492937e-06,False
4.399403755652928e-06,False
4.3888016742794406e-06,False
4.378518431556607e-06,False
4.375732476204758e-06,False
4.365760787718915e-06,False
4.3550481181232815e-06,False
4.344579232738364e-06,False
4.334322701285635e-06,False
7.729602670705824e-05,False
4.478851725714357e-06,False
4.468610275885665e-06,False
4.459607944076881e-06,False
4.458620254966693e-06,False
4.44807914903516e-06,False
4.43917498483771e-06,False
4.567124382790995e-06,False
4.5568612788502295e-06,False
4.545847916240112e-06,False
4.535337651811611e-06,False
4.525134142138201e-06,False
4.522390151430146e-06,False
4.512160526109815e-06,False
4.501596026951709e-06,False
4.490850658963968e-06,False
4.480532711266596e-06,False
4.111134801512939e-05,False
4.114081527104519e-05,False
4.117085321671147e-05,False
4.1199168119585056e-05,False
4.12284942721466e-05,False
4.1259128618305784e-05,False
4.128777193734865e-05,False
4.131678006813064e-05,False
4.1346450901861584e-05,False
4.137586604848926e-05,False
4.648478938645465e-06,False
4.637690467057327e-06,False
4.627175378332264e-06,False
4.628052003372734e-06,False
4.617422945012117e-06,False
4.1527273009785146e-05,False
4.155501523250807e-05,False
4.158537494843046e-05,False
4.161562811884049e-05,False
4.1644738626658246e-05,False
4.167344615235976e-05,False
4.170326021395353e-05,False
4.173356356961395e-05,False
4.176295874410489e-05,False
4.179212660678773e-05,False
4.18216025804209e-05,False
7.998000933574553e-05,False
8.003560637772524e-05,False
4.179389654882501e-05,False
4.182379253642767e-05,False
5.255680577278369e-06,False
3.818345508753451e-05,False
7.6177174261542644e-06,False
7.628824861831017e-06,False
7.64108147667753e-06,False
7.653791188213037e-06,False
7.665544185302564e-06,False
7.677896121886664e-06,False
3.8410013898956306e-05,False
7.707012602151157e-06,False
7.719332913992182e-06,False
7.731290439600263e-06,False
7.743582963736803e-06,False
7.756077321116727e-06,False
3.859178781147634e-05,False
3.8619294076717084e-05,False
7.795598938538896e-06,False
7.807510611436845e-06,False
7.819807220785225e-06,False
7.832821981326296e-06,False
3.877937241907122e-05,False
3.8808710116788964e-05,False
3.883554270909025e-05,False
3.886395354238276e-05,False
7.900760949875318e-06,False
7.912327759333615e-06,False
7.926133876161616e-06,False
3.899087808632349e-05,False
3.901892300270665e-05,False
3.904739812306291e-05,False
7.979633546016622e-06,False
7.99244667687374e-06,False
8.004266977709485e-06,False
8.018049043012818e-06,False
3.920723809279815e-05,False
3.923656044044969e-05,False
3.926524301204177e-05,False
3.929340055346863e-05,False
3.932252854014004e-05,False
3.935110245789749e-05,False
3.937888945887712e-05,False
8.128018534379525e-06,False
8.14051910190384e-06,False
8.153157741235933e-06,False
8.165373331984919e-06,False
8.177263319653872e-06,False
8.189971154286906e-06,False
8.202254901642471e-06,False
8.21463372050912e-06,False
3.967868665945066e-05,False
3.97094129398676e-05,False
8.256004540385463e-06,False
8.26819033417473e-06,False
8.281765210075718e-06,False
8.294834425767478e-06,False
8.3071984950711e-06,False
8.320803364510371e-06,False
8.333134039655819e-06,False
8.34599574460108e-06,False
8.359712234143383e-06,False
8.371836016883254e-06,False
8.38409974359854e-06,False
8.396962212911471e-06,False
8.410561428454095e-06,False
4.0168013361670974e-05,False
8.43718210281468e-06,False
8.450046223806103e-06,False
8.462970584375313e-06,False
8.475021009265626e-06,False
8.48781517316663e-06,False
8.501103878162327e-06,False
8.515952630458537e-06,False
8.528858429379316e-06,False
8.54086647858334e-06,False
8.554323435561103e-06,False
4.05303154679513e-05,False
4.056012465369197e-05,False
4.058917825661696e-05,False
4.0617614781599754e-05,False
4.0646521426409595e-05,False
4.0675792174804404e-05,False
4.070600969912083e-05,False
8.668457324265001e-06,False
8.68098122981948e-06,False
8.695790073646635e-06,False
4.082858000175324e-05,False
4.085681258856894e-05,False
8.739070014787537e-06,False
8.752973406472572e-06,False
8.765342775089047e-06,False
8.777846182925074e-06,False
8.790880737485737e-06,False
8.8045746596093e-06,False
8.81711722723844e-06,False
3.822796619732379e-05,False
9.874490850743928e-06,False
9.890019717073584e-06,False
9.90385071047654e-06,False
9.916607087190062e-06,False
9.931823944076784e-06,False
3.840864181225394e-05,False
3.843675827732522e-05,False
3.846486798420281e-05,False
3.8493679125629084e-05,False
3.852152555771539e-05,False
3.8549901185679635e-05,False
3.857861624022178e-05,False
1.0056292110471706e-05,False
1.0070071157385675e-05,False
1.008283078168118e-05,False
1.0096688667393536e-05,False
1.0109952545213287e-05,False
1.0123308705944447e-05,False
1.013756513501697e-05,False
1.0150667073725311e-05,False
1.0163969305190531e-05,False
1.017792304122206e-05,False
3.89381466153015e-05,False
8.722870145753775e-05,False
3.893994516844363e-05,False
3.896764780473402e-05,False
3.899677499183037e-05,False
3.8987611010810976e-05,False
1.0325228208129657e-05,False
1.0339141292068849e-05,False
3.907955491724385e-05,False
1.0370232794510666e-05,False
1.0383432407639848e-05,False
1.0397410586956743e-05,False
1.041041264965583e-05,False
1.0424578680703647e-05,False
1.0439951157912884e-05,False
3.930892015304842e-05,False
3.9337120891745744e-05,False
1.0485078236166708e-05,False
1.0499369791038228e-05,False
1.0512872901076034e-05,False
1.0526338833672642e-05,False
1.1139366149824894e-05,False
1.1153847360167567e-05,False
1.116710568675427e-05,False
1.1183461014616803e-05,False
1.1197664829421802e-05,False
1.121143993631009e-05,False
1.1227854684269338e-05,False
1.124183066160386e-05,False
1.1256461216512829e-05,False
1.1272445019222864e-05,False
1.128559876091833e-05,False
1.129995056990519e-05,False
1.131627767496945e-05,False
1.1329846546335662e-05,False
1.134438392284489e-05,False
1.136805103303073e-05,False
1.1382092812388116e-05,False
1.139650859662283e-05,False
1.1412229034906753e-05,False
1.1427030391617566e-05,False
1.1440668580465532e-05,False
3.8716515966489355e-05,False
3.874547387749433e-05,False
3.877288128758837e-05,False
3.8800785042345686e-05,False
3.8829318358604856e-05,False
3.8857146891845195e-05,False
3.888521755404198e-05,False
3.8914652806541544e-05,False
3.894278910124963e-05,False
3.8970044616610646e-05,False
3.899990586043145e-05,False
3.902741520088706e-05,False
1.1658137346814397e-05,False
1.1671551111358698e-05,False
1.1686363823300893e-05,False
1.1701351018402674e-05,False
1.1716004705502709e-05,False
1.1729586289355603e-05,False
1.1744983778942525e-05,False
1.1759269716520379e-05,False
1.1773591431613455e-05,False
1.1788294783003654e-05,False
1.1802211031173442e-05,False
1.1817354445365001e-05,False
1.1830711101915172e-05,False
1.1847083557686198e-05,False
3.949229317886869e-05,False
3.9521529168232375e-05,False
3.949976695224497e-05,False
3.952827612660185e-05,False
3.9507312127033834e-05,False
3.953553401442138e-05,False
4.460530578800274e-06,False
4.476628462870499e-06,False
4.907013272054807e-05,False
4.9060475125653964e-05,False
4.909308224607987e-05,False
5.521275881170404e-06,False
5.519261873908099e-06,False
5.5175787579563614e-06,False
5.529785303836954e-06,False
4.901439709727476e-05,False
4.9040135094147476e-05,False
4.902329297608063e-05,False
4.904899225084996e-05,False
4.908035236695561e-05,False
4.911305150584476e-05,False
4.914521515226186e-05,False
4.917774853230382e-05,False
4.921016742527544e-05,False
4.9242851434852094e-05,False
6.202539072827288e-06,False
6.200550503904421e-06,False
6.1984502772657405e-06,False
6.197413408368507e-06,False
6.194885163865869e-06,False
6.193274901107149e-06,False
6.191423357174432e-06,False
6.189602818227479e-06,False
6.190626561349448e-06,False
6.191730281872967e-06,False
6.190123358819813e-06,False
6.188331865224638e-06,False
6.18667678701278e-06,False
6.1965364841248566e-06,False
4.981670688208482e-05,False
4.984847062197203e-05,False
4.988089999074037e-05,False
4.987045078454579e-05,False
4.9902869950838165e-05,False
4.99366831499226e-05,False
4.996850764861455e-05,False
5.0000360885104544e-05,False
5.003370140268354e-05,False
5.006692714932755e-05,False
5.009943491110657e-05,False
6.6532605615276785e-06,False
6.651708589069762e-06,False
5.01988907436249e-05,False
5.023142920305286e-05,False
5.02632301991611e-05,False
6.782504932363811e-06,False
6.780797852325644e-06,False
6.77921211984703e-06,False
6.777512678860517e-06,False
6.775558701504687e-06,False
6.773914163650997e-06,False
6.781642509555429e-06,False
5.057044123916824e-05,False
5.060135266702181e-05,False
5.0635927348431964e-05,False
6.857774547552255e-06,False
6.856142046667819e-06,False
6.854582868566345e-06,False
6.8522104054196444e-06,False
6.850754127833875e-06,False
1.098749731461122e-05,False
1.1002300083125033e-05,False
1.1016113287185577e-05,False
1.1031760897878435e-05,False
1.104589437984656e-05,False
1.1060781800124177e-05,False
1.107561312105912e-05,False
1.108940692105319e-05,False
1.110393336356104e-05,False
4.73821121206049e-05,False
1.1151874361396912e-05,False
1.1165579992001843e-05,False
1.1179953789189399e-05,False
1.1194907913056713e-05,False
1.1209815219640078e-05,False
1.1223914470522046e-05,False
1.1238717345193683e-05,False
1.1253866709118138e-05,False
1.1268477612332582e-05,False
1.1283269001800071e-05,False
1.1297720600522624e-05,False
1.1311786822167483e-05,False
1.1326741974591962e-05,False
1.1340781923133263e-05,False
1.1355822336288781e-05,False
4.798263616343474e-05,False
4.801413274028509e-05,False
4.804658941585265e-05,False
4.8077858583287875e-05,False
4.811071602841803e-05,False
4.8140681735212e-05,False
4.819777055652173e-05,False
4.832193685444188e-05,False
4.8444615616262414e-05,False
4.856984840244027e-05,False
4.866294544301326e-05,False
4.869273132745989e-05,False
4.872499551018136e-05,False
1.1588243825647876e-05,False
1.1603207473598994e-05,False
1.161781828190847e-05,False
1.1634000198499917e-05,False
4.8910788255093886e-05,False
4.894301054336047e-05,False
4.8973629150524884e-05,False
4.900609722095785e-05,False
1.1715750799926948e-05,False
1.1731199418111701e-05,False
1.1746987289420393e-05,False
4.915069003405636e-05,False
1.1779051152169137e-05,False
1.1794267920336992e-05,False
1.180958625484884e-05,False
1.1824465019512924e-05,False
1.1839216225978459e-05,False
1.1854068431752888e-05,False
1.186942262083041e-05,False
1.1884294268295668e-05,False
1.1899404611627988e-05,False
1.1914066319404354e-05,False
1.1929327104452574e-05,False
1.1944375037747612e-05,False
1.1959203132592444e-05,False
1.1974316330699906e-05,False
1.1989387181640397e-05,False
1.2004448578047895e-05,False
1.2020381745538421e-05,False
1.2034988114968788e-05,False
1.2052046961166363e-05,False
1.2067035603470589e-05,False
1.2082033831168709e-05,False
1.2096724353379526e-05,False
1.2112653502456615e-05,False
1.2128244584555195e-05,False
5.0140482840534744e-05,False
1.2160417200330618e-05,False
1.217717955776066e-05,False
5.024685097460655e-05,False
5.027816500269407e-05,False
1.2227330080163968e-05,False
1.224215587609372e-05,False
1.225758373889908e-05,False
1.2272608918487763e-05,False
1.2287875829850816e-05,False
1.2303700438425167e-05,False
1.231802038210986e-05,False
1.2333176707436852e-05,False
1.2348963295070927e-05,False
1.2364139155318835e-05,False
1.3528424592783994e-05,False
1.354540836892112e-05,False
1.356664583670672e-05,False
1.3582548450588469e-05,False
1.3599653549829062e-05,False
4.56832801324433e-05,False
1.363307155318512e-05,False
1.3649313217374821e-05,False
1.366556517006856e-05,False
1.3680893371131098e-05,False
1.3696759746803713e-05,False
1.371222990229149e-05,False
1.3728521528256843e-05,False
1.3744916302397828e-05,False
1.3760255875664136e-05,False
1.3776471591750986e-05,False
1.3792697505919318e-05,False
1.3808065132477354e-05,False
1.3825286084186415e-05,False
1.3840566652210827e-05,False
1.3857045201417665e-05,False
1.3873111337381223e-05,False
1.3888988314772757e-05,False
1.3904821684133092e-05,False
1.392055816294849e-05,False
1.3936980413745614e-05,False
1.3952895986626052e-05,False
1.396887442830136e-05,False
1.3984382752732005e-05,False
1.4001363584294969e-05,False
1.4017264461645696e-05,False
1.4034013831530764e-05,False
1.4050346523003428e-05,False
1.406523801892132e-05,False
1.4082163172207244e-05,False
1.409816597320598e-05,False
1.4114071382120422e-05,False
3.9774975856405695e-05,False
3.969029676296489e-05,False
3.951396583667442e-05,False
3.9427927559362536e-05,False
1.5058434915469473e-05,False
1.5074353662460227e-05,False
1.5092137827081625e-05,False
1.5108310447998073e-05,False
1.5124780855908524e-05,False
1.5142094350140609e-05,False
1.5158117855999312e-05,False
1.5175141607579012e-05,False
1.5191246433307362e-05,False
1.520852150851343e-05,False
1.5224761186977524e-05,False
1.5242539485319984e-05,False
1.5283418202568386e-05,False
1.529951635382011e-05,False
1.5315744329654523e-05,False
1.533285718666492e-05,False
1.5349220484386003e-05,False
1.5367070879390214e-05,False
1.5383221135059755e-05,False
1.5399961988189753e-05,False
1.5417183435039685e-05,False
1.5433123791001585e-05,False
1.5450662113030743e-05,False
1.5468043740782482e-05,False
3.420506451903888e-05,False
1.5525186112817423e-05,False
1.55412977474945e-05,False
1.5558364329131045e-05,False
1.5576031372050534e-05,False
1.5592586552939793e-05,False
1.5608794188623875e-05,False
1.5626324804247526e-05,False
1.5643025620922734e-05,False
1.5659443225000403e-05,False
1.5677224231446076e-05,False
1.5693244188780392e-05,False
1.5710876651550096e-05,False
1.572786064273228e-05,False
1.5745461657537508e-05,False
1.578713550514311e-05,False
1.5803151533651313e-05,False
1.5819411689881898e-05,False
1.5838441612918942e-05,False
1.585561800263345e-05,False
1.587357763144192e-05,False
1.5916403701699024e-05,False
1.5932897521352828e-05,False
1.59501225588842e-05,False
1.596699636556542e-05,False
1.5985636661710016e-05,False
1.6002168382107133e-05,False
1.6019670317250285e-05,False
8.116030758865801e-06,False
8.147964332131761e-06,False
8.180114681722409e-06,False
8.212308233523236e-06,False
8.243933926758715e-06,False
8.328506825271673e-06,False
8.37801727033484e-06,False
4.58142762028977e-05,False
4.564072924062818e-05,False
4.546505949789715e-05,False
4.5293795629364334e-05,False
4.5121178056656446e-05,False
4.494966804442076e-05,False
4.477837953908787e-05,False
4.459240753779353e-05,False
4.441398221110619e-05,False
4.424576921784484e-05,False
4.402550006953386e-05,False
4.3859076389609016e-05,False
4.369406589138647e-05,False
4.352859518524932e-05,False
4.336433186604566e-05,False
4.320082578461532e-05,False
4.3037417054234424e-05,False
4.284963491118606e-05,False
4.268912891670332e-05,False
0.00010914980625780776,True
4.220686843417323e-05,False
4.20489490534512e-05,False
4.1892330577478055e-05,False
4.1733611210849445e-05,False
4.157775257685203e-05,False
4.142217941032111e-05,False
4.1251199440070174e-05,False
4.109664795545018e-05,False
1.5635460939468853e-05,False
1.565358687323786e-05,False
1.6793188258499996e-05,False
1.6809833695144483e-05,False
1.6828712401456385e-05,False
1.68467268866224e-05,False
1.6864509082752932e-05,False
1.6881313377735877e-05,False
1.690091825564606e-05,False
1.691830117530088e-05,False
1.693761083962588e-05,False
1.6956733552433245e-05,False
1.69759526678553e-05,False
2.94468689880317e-05,False
2.939215095092703e-05,False
2.9338191791234325e-05,False
2.928420482803747e-05,False
2.9229534480811427e-05,False
2.9176242906704265e-05,False
2.9122507936877898e-05,False
2.9070032696499748e-05,False
2.9015335736149303e-05,False
2.896156552608165e-05,False
2.8909051468171868e-05,False
2.8855642025160687e-05,False
2.8803158503438295e-05,False
2.8750814105041492e-05,False
2.869798585401948e-05,False
2.8645756317874103e-05,False
2.857064975218273e-05,False
2.851880371781712e-05,False
1.7373114907992123e-05,False
1.7391414837750573e-05,False
1.7409241981492145e-05,False
1.742932938192564e-05,False
1.7446109854659747e-05,False
1.7464716714593304e-05,False
1.7482450748801714e-05,False
1.7498559621541464e-05,False
1.7518521283748308e-05,False
2.8006193140735558e-05,False
2.7958034976046347e-05,False
2.787526014805322e-05,False
2.7827279243808676e-05,False
2.7779876319443022e-05,False
2.7731016993633303e-05,False
2.7682113679735022e-05,False
2.763535500962702e-05,False
1.4685106290538578e-05,False
1.4729430599915944e-05,False
1.4773089438986298e-05,False
1.481743937381597e-05,False
1.4861886880846146e-05,False
1.4905793101614283e-05,False
1.4950650176082124e-05,False
1.4995026984684775e-05,False
1.5039630262980097e-05,False
1.508456494394252e-05,False
1.5128867487244019e-05,False
1.5173849470962287e-05,False
1.5219310359513811e-05,False
1.5264077740294157e-05,False
1.5225613860901446e-05,False
1.5171621205180394e-05,False
1.5118019485976251e-05,False
1.5065228913826002e-05,False
1.5010993189471507e-05,False
1.4958265853728676e-05,False
1.4906098850812937e-05,False
1.4852969481960646e-05,False
1.4799938022809458e-05,False
1.4747321676731179e-05,False
1.4694356751671053e-05,False
1.4641361885955888e-05,False
1.4589439060511949e-05,False
1.453744115039709e-05,False
1.4485182354712572e-05,False
1.4432206231358613e-05,False
1.4380228249695845e-05,False
1.4328575810070464e-05,False
1.4276521289673036e-05,False
1.4225206163421906e-05,False
1.4172849629695467e-05,False
1.4121584849571115e-05,False
1.4070374726215297e-05,False
1.4019284411860803e-05,False
1.3975204341026827e-05,False
1.393274123429791e-05,False
1.3889853612621606e-05,False
1.3846419519305185e-05,False
1.3803548187680558e-05,False
1.3760214887417654e-05,False
1.3717218650274709e-05,False
1.367384444730091e-05,False
1.3631601673818145e-05,False
1.3588857991134479e-05,False
1.3546794571139867e-05,False
1.3504028793921186e-05,False
1.3461009721334701e-05,False
1.3419195746228786e-05,False
1.3376682961112896e-05,False
1.3334442359425928e-05,False
1.3292151545618356e-05,False
1.3250153102841403e-05,False
1.3207822035486184e-05,False
1.316594265551312e-05,False
1.3124336091253215e-05,False
1.3082336111759387e-05,False
1.303990912625509e-05,False
1.299837263913464e-05,False
1.2957125922384187e-05,False
1.2915486932433122e-05,False
1.2874199555128953e-05,False
1.2832723881589557e-05,False
1.279112332566849e-05,False
1.2749789177614455e-05,False
1.2708681213850724e-05,False
2.265802494950684e-05,False
2.1065255282866307e-05,False
2.1145234199438114e-05,False
2.1224991099084965e-05,False
2.130286392474531e-05,False
2.1941717237522994e-05,False
2.1795102528916567e-05,False
2.16511485731002e-05,False
2.1506753613379824e-05,False
2.136263571223654e-05,False
2.121961982280076e-05,False
2.1077482613641503e-05,False
2.144835779248801e-05,False
2.1407810571640333e-05,False
2.1366136357497944e-05,False
2.1324051381944524e-05,False
2.128760800997414e-05,False
2.1246065605580565e-05,False
2.120476160955504e-05,False
2.116318516753948e-05,False
2.1122101611710737e-05,False
2.1080746151716322e-05,False
2.1039437563779026e-05,False
2.099785888442324e-05,False
2.095683439929113e-05,False
2.091514781865414e-05,False
1.9059705868631268e-05,False
1.8925022602841513e-05,False
1.8791463622606997e-05,False
1.8657248164397683e-05,False
1.852428687430897e-05,False
1.8391087967204593e-05,False
1.825792954053303e-05,False
1.8127033025251165e-05,False
1.7996035157720016e-05,False
1.786467345138715e-05,False
1.773436328247115e-05,False
1.7604428303916333e-05,False
1.7475785184700534e-05,False
1.734732234583151e-05,False
1.721805909699461e-05,False
1.709087921542519e-05,False
1.6964189168255647e-05,False
1.683724028872205e-05,False
1.671131247851515e-05,False
1.6585185668945236e-05,False
1.645957070475098e-05,False
1.6335166514706248e-05,False
1.621107304803454e-05,False
1.608731255655478e-05,False
1.5964363963593014e-05,False
1.584162148752201e-05,False
1.5719687268727304e-05,False
1.5598323427543728e-05,False
1.5476851248992816e-05,False
1.5356794871165406e-05,False
1.9928361127238152e-05,False
1.989422359120456e-05,False
1.9860064048743224e-05,False
1.9827004065436517e-05,False
1.9796875842543756e-05,False
1.4661472653963766e-05,False
2.312070690098086e-05,False
2.3205420106036146e-05,False
2.329183145486688e-05,False
2.3377116946985607e-05,False
2.3463965662523346e-05,False
2.355130792604221e-05,False
2.3628206736604664e-05,False
2.3580832605964752e-05,False
2.3537542201457887e-05,False
2.3490976514669657e-05,False
2.3443741186842894e-05,False
2.3398616216729318e-05,False
2.3355593045361187e-05,False
2.3312797836386255e-05,False
2.327115564659136e-05,False
2.3229741003313252e-05,False
2.3188530742625517e-05,False
2.3146639894033264e-05,False
2.310501674873159e-05,False
2.3063496342167944e-05,False
2.302253024898715e-05,False
2.2979785221122442e-05,False
2.2939262361122992e-05,False
2.2896428929907874e-05,False
2.285933966920455e-05,False
2.2817486684038978e-05,False
2.2776925518685664e-05,False
2.27355873806271e-05,False
2.2694806884440045e-05,False
2.2653648466839648e-05,False
2.2612848199160823e-05,False
2.2572204671114292e-05,False
2.2533807866552134e-05,False
2.2493876955800373e-05,False
2.245322936569424e-05,False
2.2412615145623734e-05,False
2.2373021172618208e-05,False
2.2546398471212373e-05,False
2.2635439968471353e-05,False
2.2723589516974603e-05,False
2.2810437098823008e-05,False
2.290029826275186e-05,False
2.2988274476439028e-05,False
2.3076742010646283e-05,False
2.3167449116999087e-05,False
2.325617440155373e-05,False
2.3346281078141132e-05,False
2.3436323215956302e-05,False
2.3526151472471472e-05,False
2.361627850579352e-05,False
2.37061201952879e-05,False
2.3798186218705523e-05,False
2.3887365426977364e-05,False
2.397778665538056e-05,False
2.4070884074328398e-05,False
2.416262048105267e-05,False
2.4252306651027285e-05,False
2.4343349314551735e-05,False
2.44353377051419e-05,False
2.452718841714919e-05,False
2.46212792408609e-05,False
2.4712765685818765e-05,False
2.4804354942683238e-05,False
2.4898640713953123e-05,False
2.4988629614631026e-05,False
2.5080975929312858e-05,False
2.5175222126899328e-05,False
2.5269826294041085e-05,False
1.7631739573917374e-05,False
1.759573389684253e-05,False
9.84973909650593e-06,False
2.0835225269841612e-05,False
2.079752727826644e-05,False
2.0761000774527073e-05,False
2.072534354377528e-05,False
2.0688996029901412e-05,False
2.0651899884664956e-05,False
2.0616332607935992e-05,False
2.0579958609857747e-05,False
2.0545271351057425e-05,False
2.0508653975216368e-05,False
2.0473562984449843e-05,False
2.0437125473215782e-05,False
2.0403356049596078e-05,False
2.0366439584296434e-05,False
2.0330873089255716e-05,False
2.0295939458532612e-05,False
2.026230778810356e-05,False
2.022640907491197e-05,False
2.0190542881053064e-05,False
2.0156569739684906e-05,False
2.0120999344731635e-05,False
2.0086720741493723e-05,False
2.0051816983849572e-05,False
2.0015687800320916e-05,False
1.998335852885646e-05,False
1.9949551980780895e-05,False
1.9914349882731833e-05,False
1.9880722925537368e-05,False
1.9847072939239262e-05,False
1.9811861478351726e-05,False
1.9777078059964163e-05,False
1.9744803345059064e-05,False
1.9712573106504772e-05,False
1.967860301792332e-05,False
1.9644502085512164e-05,False
1.961121167428468e-05,False
2.3398631725612422e-05,False
1.1151873546690345e-05,False
1.1171887419719196e-05,False
1.119240952339007e-05,False
1.1212055895230861e-05,False
1.123317084392369e-05,False
2.3325583489422392e-05,False
2.3287668029897895e-05,False
2.3249659299843216e-05,False
2.3213162755601225e-05,False
2.3176756553393134e-05,False
2.3144348069218027e-05,False
2.3106635969577235e-05,False
2.307073745251797e-05,False
2.3033146271857116e-05,False
2.299653680218373e-05,False
2.2961557602578367e-05,False
2.2929005131694044e-05,False
1.1497373602967836e-05,False
1.1518814204221304e-05,False
2.2966460287038854e-05,False
2.293046875261865e-05,False
2.2894566342657668e-05,False
2.2859879798847327e-05,False
2.2823031376913547e-05,False
2.278556312280493e-05,False
2.275161846142543e-05,False
2.27169915068173e-05,False
2.2681750303768594e-05,False
2.2647184473741297e-05,False
2.2610820413647488e-05,False
2.257543276979573e-05,False
2.254025153468801e-05,False
2.250444990517895e-05,False
2.246933340664101e-05,False
2.2436408092074544e-05,False
2.2492862542023622e-05,False
2.2457916440517907e-05,False
2.2423289875897434e-05,False
2.238863849789751e-05,False
2.2353366189067304e-05,False
2.2317786292603025e-05,False
2.2285424728414325e-05,False
2.2250876142072953e-05,False
2.221699043946056e-05,False
2.218326326914234e-05,False
2.214851158030884e-05,False
2.211420694274743e-05,False
2.208107592599083e-05,False
2.204760317950526e-05,False
2.2012077045051767e-05,False
2.197904990254739e-05,False
2.194622392634575e-05,False
2.1912399655689764e-05,False
2.1881211390499678e-05,False
2.1846906161264545e-05,False
2.182336836394373e-05,False
2.178939915606657e-05,False
2.1765957454418015e-05,False
1.1101843062508496e-05,False
1.112596748040676e-05,False
7.470165070056468e-06,False
7.471231844838855e-06,False
7.471687493815948e-06,False
7.472675474625722e-06,False
7.4732917371639314e-06,False
7.473669001082755e-06,False
7.474904598655544e-06,False
7.475528971384072e-06,False
7.477810425950609e-06,False
7.478588808424745e-06,False
7.478642858571761e-06,False
7.479841682005774e-06,False
7.480881673547265e-06,False
7.481002805903354e-06,False
7.482090889619978e-06,False
7.487156487347222e-06,False
7.4881923954073485e-06,False
7.4884098052045195e-06,False
7.4889936234897545e-06,False
7.490078380831377e-06,False
7.490702996068545e-06,False
7.491041670367497e-06,False
1.1700624535033648e-05,False
1.1727356429251055e-05,False
1.1753607364964237e-05,False
1.1779911530908854e-05,False
1.1806790641794516e-05,False
1.183271878658421e-05,False
1.1859484867551838e-05,False
1.1886808975857922e-05,False
1.1915082220954958e-05,False
1.194198245321809e-05,False
7.737498447475229e-06,False
7.738175042240813e-06,False
7.749307503544236e-06,False
1.2048417039641441e-05,False
1.2075475886616484e-05,False
1.210297860435026e-05,False
1.2130014004495264e-05,False
1.2160381580857525e-05,False
1.218730567927342e-05,False
1.2215316050370273e-05,False
1.2242912098140331e-05,False
1.2270757789925458e-05,False
1.2298593384882012e-05,False
1.2326360866256233e-05,False
1.2354434228925233e-05,False
1.238376620094551e-05,False
1.2411869055564967e-05,False
8.022820208393656e-06,False
8.023507542350159e-06,False
8.025046915103694e-06,False
8.025518373112232e-06,False
8.026093929267434e-06,False
8.027257659838431e-06,False
8.027810742382428e-06,False
8.028581450784664e-06,False
8.029593055449725e-06,False
8.030662120169391e-06,False
8.031257193753177e-06,False
8.032207199866358e-06,False
8.03288333539296e-06,False
8.034171912190244e-06,False
8.034511542557618e-06,False
8.035149039287663e-06,False
8.036084450939726e-06,False
8.037175196247114e-06,False
8.03803166116365e-06,False
8.038928633035469e-06,False
8.039488547985165e-06,False
8.04068407021656e-06,False
1.6034786969623097e-05,False
1.6058545781064048e-05,False
1.6082372375572644e-05,False
1.6104988295459606e-05,False
1.612876809700922e-05,False
1.6152525043252975e-05,False
1.617586748771369e-05,False
1.6199140642394193e-05,False
1.622248048997082e-05,False
1.6246370945201544e-05,False
1.6269935469189368e-05,False
1.6292446802108125e-05,False
1.6317115292978994e-05,False
1.6340653788667833e-05,False
1.6363454833759037e-05,False
1.638886002213913e-05,False
1.6411567603890632e-05,False
1.6434874423348676e-05,False
1.6458266255725998e-05,False
1.3113378245996278e-05,False
1.3052483342181344e-05,False
1.2991125325215901e-05,False
1.6519192834973665e-05,False
1.6542598414171523e-05,False
1.6565897331985235e-05,False
1.6590109363774674e-05,False
1.6613397253938087e-05,False
1.663725156314898e-05,False
1.6661893333579354e-05,False
1.6686103242578094e-05,False
1.6709135747323086e-05,False
1.2402755063645974e-05,False
1.2344180718602905e-05,False
1.2284643254624769e-05,False
1.6779960109261696e-05,False
1.6803104429488292e-05,False
1.682762719482569e-05,False
1.684469679070371e-05,False
1.6846464253979848e-05,False
1.6848050277056727e-05,False
1.684954583659953e-05,False
1.6856645143036177e-05,False
1.1770143670724325e-05,False
1.688285158820667e-05,False
1.68837617616558e-05,False
1.6885942580535737e-05,False
1.6888622925828058e-05,False
1.6902316189370813e-05,False
1.6905059536797802e-05,False
1.690792522690375e-05,False
1.690933833122609e-05,False
1.6923317169232725e-05,False
1.1210875058304039e-05,False
1.1155066624162797e-05,False
1.1099819915488577e-05,False
1.1043959882192608e-05,False
1.7021256410061537e-05,False
1.702464227968637e-05,False
1.7026249623369615e-05,False
1.7039928078224146e-05,False
1.0771618281698345e-05,False
1.0716462619580289e-05,False
1.0662029608310785e-05,False
1.060621520123192e-05,False
1.0552114532485457e-05,False
1.0498291404116086e-05,False
1.0444144167473012e-05,False
1.039050481471111e-05,False
1.725764875899308e-05,False
1.7259006525304824e-05,False
1.726072861728645e-05,False
1.7275219688077842e-05,False
1.0127532629139874e-05,False
1.007420926597734e-05,False
1.0021403839157798e-05,False
9.96920946699653e-06,False
1.737445729705356e-05,False
1.739324270062075e-05,False
9.81273304274855e-06,False
9.761149064734128e-06,False
9.70949088671274e-06,False
9.657177611161128e-06,False
9.60629079653549e-06,False
9.554749964656947e-06,False
9.503597717540248e-06,False
9.45235940863868e-06,False
1.4015796475427343e-05,False
1.403828522717403e-05,False
1.40594833275715e-05,False
1.4080966615228568e-05,False
1.4101478050465217e-05,False
1.4122739193318593e-05,False
1.4144285619911096e-05,False
1.4165765420680299e-05,False
1.4188147117247848e-05,False
1.4208701060528837e-05,False
1.4231038599401932e-05,False
1.4252692436390226e-05,False
1.4273190674095413e-05,False
1.4295417501141363e-05,False
1.431633903020183e-05,False
1.4338697765646885e-05,False
1.4360902806817936e-05,False
1.438197533265936e-05,False
1.4404488546612356e-05,False
1.4426848021338224e-05,False
1.4446263641057916e-05,False
1.4468041619433188e-05,False
1.4491177771630215e-05,False
1.4512462878182577e-05,False
1.453466637673197e-05,False
1.4557156907350045e-05,False
1.4579669927413271e-05,False
1.4600323951037932e-05,False
1.4621324618793649e-05,False
1.4643097103409577e-05,False
1.4666049246106645e-05,False
1.468777670267961e-05,False
1.4710508508128054e-05,False
1.473245572874134e-05,False
1.6650466611828035e-05,False
1.659900743249551e-05,False
8.644049950881202e-06,False
8.632524981026177e-06,False
8.620852384951026e-06,False
8.609844975346264e-06,False
8.599473722777413e-06,False
8.58887980021412e-06,False
8.578704089781012e-06,False
8.568748475395008e-06,False
8.559603894957434e-06,False
8.550160828271773e-06,False
8.54143578138298e-06,False
8.532902423803672e-06,False
8.524687548287118e-06,False
8.516589786905345e-06,False
8.50968720761399e-06,False
8.501884094662009e-06,False
8.495008026198427e-06,False
8.487845962414224e-06,False
8.48194977077267e-06,False
8.476033058157848e-06,False
8.470299110865352e-06,False
8.46467907958769e-06,False
8.460400879430912e-06,False
8.455211736472398e-06,False
8.45123367734709e-06,False
8.446492683328773e-06,False
8.428997539556054e-06,False
8.411457399709117e-06,False
8.3942091555773e-06,False
8.377652914574504e-06,False
8.36030094371696e-06,False
8.34249117510282e-06,False
8.32552730052757e-06,False
8.308234609585495e-06,False
8.29197815071407e-06,False
8.27438984729203e-06,False
8.257425258593416e-06,False
8.240210448488648e-06,False
8.223298369695262e-06,False
8.206186490228824e-06,False
8.189631230938509e-06,False
8.17271343498057e-06,False
8.155786328731152e-06,False
8.138970786156638e-06,False
8.122553816656845e-06,False
8.105178957912204e-06,False
8.088265739615505e-06,False
8.071120248664166e-06,False
8.054449629466334e-06,False
8.03740644307963e-06,False
8.020977469966446e-06,False
8.004114035136018e-06,False
7.98766046551297e-06,False
7.970695586912859e-06,False
7.980795678207635e-06,False
7.963655437382156e-06,False
7.947437615831893e-06,False
7.93074208222368e-06,False
7.914499598717482e-06,False
7.897562374437851e-06,False
7.880892006992114e-06,False
7.864644446830286e-06,False
7.847766352749288e-06,False
7.83109252945303e-06,False
7.814779393397323e-06,False
7.798021926151853e-06,False
7.78154634661162e-06,False
7.76535184614968e-06,False
7.748914698420788e-06,False
7.732296504203227e-06,False
7.716159148027082e-06,False
7.69945870906026e-06,False
7.682899348574528e-06,False
7.666879893919298e-06,False
6.988706404638177e-06,False
7.001417697999314e-06,False
7.0135435373251104e-06,False
7.025976986336815e-06,False
7.67082439416204e-06,False
7.65482981447626e-06,False
6.937345624335623e-06,False
1.980489854189496e-05,False
1.98319836873987e-05,False
1.9857964156470235e-05,False
1.9885184958226947e-05,False
1.9910931600582112e-05,False
1.33434781033596e-05,False
1.3315863447117501e-05,False
1.328770805153305e-05,False
1.3257488208207529e-05,False
1.3230706295960628e-05,False
1.3202481305193415e-05,False
1.3173387238630756e-05,False
6.16348379214584e-06,False
6.1490056204444555e-06,False
6.134187963173451e-06,False
6.119855222688682e-06,False
6.105468757168189e-06,False
6.0905502532112225e-06,False
6.076149120115828e-06,False
6.062018075082638e-06,False
6.047245203941618e-06,False
6.0534457441267604e-06,False
6.039096576889607e-06,False
6.02489186911461e-06,False
6.0108314202062815e-06,False
5.996308674835832e-06,False
5.981773746703812e-06,False
5.967039761455606e-06,False
5.953180744985238e-06,False
5.938683827234869e-06,False
5.924258529072282e-06,False
5.909822193489749e-06,False
5.89584104043066e-06,False
5.881370751238484e-06,False
5.867148143876033e-06,False
5.853223835971705e-06,False
5.838863632790843e-06,False
5.824750104576521e-06,False
5.810502346540891e-06,False
5.796478445903851e-06,False
5.782773073096424e-06,False
5.768131711285258e-06,False
5.754340271279653e-06,False
5.740116709586109e-06,False
5.725862314994506e-06,False
5.7119030607976645e-06,False
5.6975641843105815e-06,False
5.683593444339994e-06,False
5.670163713312123e-06,False
5.656281193143026e-06,False
5.642294202781406e-06,False
5.7104116223892205e-06,False
5.696161731341198e-06,False
5.682430491828253e-06,False
5.668170258053188e-06,False
5.654278820285487e-06,False
5.640381315260172e-06,False
5.626775957414431e-06,False
5.613016255038992e-06,False
5.59907696165092e-06,False
5.585207200421114e-06,False
5.571579123274266e-06,False
5.557722688319625e-06,False
5.543689587487842e-06,False
5.530119219746849e-06,False
5.516320918480024e-06,False
5.502567929989826e-06,False
5.4890288556813716e-06,False
5.475437829412775e-06,False
5.461619829432137e-06,False
5.448116058335976e-06,False
8.0247755572302e-06,False
8.038661994107116e-06,False
8.051783146671595e-06,False
8.065166891380271e-06,False
8.077800355161343e-06,False
8.091607219024156e-06,False
8.10458877880191e-06,False
1.857636343311639e-05,False
1.857889122162687e-05,False
1.8581419581624687e-05,False
1.8582594089891064e-05,False
1.8585845466472527e-05,False
1.8586931288985607e-05,False
1.858937224927242e-05,False
1.8592625474327934e-05,False
1.8593802008974507e-05,False
1.8596698687994955e-05,False
1.859859845338253e-05,False
1.859995501622368e-05,False
1.8602942979646952e-05,False
1.8605477297378154e-05,False
1.860720014948255e-05,False
1.8609556817727557e-05,False
1.861082597291832e-05,False
1.8613451722770978e-05,False
1.8615988688399553e-05,False
1.8616901669491607e-05,False
1.8619350348041e-05,False
1.8621888919339145e-05,False
1.8624338772655748e-05,False
1.8626878497231192e-05,False
1.862788298526403e-05,False
1.8630334468403467e-05,False
1.8632965033064446e-05,False
1.8634783457276557e-05,False
1.863678077572263e-05,False
1.8639690369343777e-05,False
1.879440095526954e-05,False
1.8797139271646438e-05,False
1.8798245462185725e-05,False
1.880126517046483e-05,False
1.880301002306419e-05,False
1.8805750416791268e-05,False
1.880758551470953e-05,False
1.881005908765197e-05,False
1.8811716616180845e-05,False
1.8814369824036615e-05,False
1.8816206841393518e-05,False
1.881786584366437e-05,False
1.8820520603023635e-05,False
1.8823086703326074e-05,False
1.8825564175474726e-05,False
1.8826943379229253e-05,False
1.8830060547286193e-05,False
1.8831722590018643e-05,False
1.883301376545036e-05,False
1.8837039130650393e-05,False
1.883861355373207e-05,False
1.8839816809397192e-05,False
1.8842937744319486e-05,False
1.8845598422039522e-05,False
1.8845985460696047e-05,False
1.8849925739205256e-05,False
1.885095289901039e-05,False
1.8852619911136684e-05,False
1.885537218398122e-05,False
1.8857857887222042e-05,False
1.885997153808391e-05,False
1.8861222435691002e-05,False
1.886194428557883e-05,False
1.886298669629176e-05,False
2.050816955879923e-05,False
2.0535822027845494e-05,False
2.056224345582148e-05,False
2.058801867807947e-05,False
2.061457126715962e-05,False
2.0643074654047926e-05,False
2.067052593825683e-05,False
2.06981272399592e-05,False
2.072525755354366e-05,False
2.0752955707217806e-05,False
2.077926993240442e-05,False
2.0806067235571037e-05,False
2.0833464222251624e-05,False
2.085983982650596e-05,False
2.0888818852333224e-05,False
2.091637164820825e-05,False
2.0942627798402562e-05,False
2.0972628866614722e-05,False
2.099910996033336e-05,False
2.102480372819572e-05,False
9.027211521933564e-06,False
9.040850535169294e-06,False
2.108756858509584e-05,False
2.1115960051149104e-05,False
2.1143507627758822e-05,False
2.1172445525196918e-05,False
2.1199351868640776e-05,False
2.122696405665516e-05,False
2.1255787327553643e-05,False
2.1283121768471204e-05,False
2.1311211928532313e-05,False
2.133900193413724e-05,False
2.1366813316761627e-05,False
2.139533498815219e-05,False
2.1423189673921078e-05,False
2.1451847123382704e-05,False
2.148076082110151e-05,False
2.1506607839750308e-05,False
2.1535239669377717e-05,False
2.1563711176206697e-05,False
2.1592479378494568e-05,False
2.1619517670080397e-05,False
9.33906540161554e-06,False
9.352975066459731e-06,False
9.367551843626056e-06,False
9.38191409646346e-06,False
9.396061246250462e-06,False
9.410106102794527e-06,False
1.6495239451578788e-05,False
1.6520030329881057e-05,False
1.6543817089185433e-05,False
1.6567625181445237e-05,False
1.65921331543237e-05,False
1.6614791915907193e-05,False
9.402792867678197e-06,False
9.416985844601389e-06,False
9.430586411816674e-06,False
9.445076822309605e-06,False
9.45908413842417e-06,False
9.472937377891593e-06,False
1.614513830585769e-05,False
1.6168608084697276e-05,False
1.619244677413741e-05,False
1.62168648352059e-05,False
1.6233712456313935e-05,False
1.6259188734506703e-05,False
1.6282090188194428e-05,False
1.6305684033034243e-05,False
1.6324844434699277e-05,False
1.6348911798763666e-05,False
1.6373239485386634e-05,False
1.6389715077015347e-05,False
1.641466831913776e-05,False
1.6438294538600968e-05,False
1.0126409354241823e-05,False
1.0141077659937656e-05,False
1.0155477031885129e-05,False
1.0170660907776253e-05,False
1.018515022318346e-05,False
3.946732546494045e-06,False
3.945965601973357e-06,False
3.945156542701621e-06,False
3.944408694522211e-06,False
1.0261932313088402e-05,False
3.982085202571213e-06,False
3.98728277975826e-06,False
1.030644616131333e-05,False
3.993447098309934e-06,False
3.995169762596746e-06,False
3.997988756712892e-06,False
3.997171937020413e-06,False
3.996500853594943e-06,False
3.996071825536474e-06,False
3.9954181161820765e-06,False
3.995051936252006e-06,False
3.994459221886792e-06,False
3.994155594918416e-06,False
3.993626076302766e-06,False
3.993711861908196e-06,False
3.994343572203454e-06,False
3.9938339969366396e-06,False
3.9938920903948155e-06,False
3.993861603009315e-06,False
3.9941191732385e-06,False
3.993829511260043e-06,False
3.993919666940486e-06,False
3.9941054426982665e-06,False
3.994353416225029e-06,False
3.995334785794156e-06,False
3.995677858629127e-06,False
3.99598701824434e-06,False
3.996635388994286e-06,False
3.997053868682534e-06,False
3.997477110434596e-06,False
3.998425794937868e-06,False
3.998872150109649e-06,False
3.999644074668497e-06,False
4.030032241631461e-06,False
4.036298575685108e-06,False
4.036804561069247e-06,False
4.037436948208523e-06,False
4.038561963160907e-06,False
4.0387592735779816e-06,False
4.039841550322371e-06,False
4.040572343609372e-06,False
4.041711823527332e-06,False
4.0427701995432205e-06,False
4.0434794723116315e-06,False
4.045269347031813e-06,False
4.046723981579475e-06,False
4.048180669460125e-06,False
4.04915758982424e-06,False
4.050617909460467e-06,False
4.051547011991888e-06,False
4.053379047794324e-06,False
4.054709525644088e-06,False
4.056253127814861e-06,False
4.057878866976389e-06,False
4.059398910313779e-06,False
4.061265989083111e-06,False
4.062709469038586e-06,False
4.064925081275675e-06,False
4.066455561006041e-06,False
1.4974454708580453e-05,False
1.4951442636128864e-05,False
1.492976413304176e-05,False
1.490737671033145e-05,False
1.4885223906482823e-05,False
1.4864114844728164e-05,False
1.1078454587283653e-05,False
1.1094508349394329e-05,False
1.5093863917981643e-05,False
1.5071510039537767e-05,False
1.11391669660681e-05,False
1.5317834653746247e-05,False
1.5319634566837875e-05,False
1.1185878268137852e-05,False
1.1201981101338344e-05,False
1.1217614294775322e-05,False
1.123300314769528e-05,False
1.1248628869763287e-05,False
1.1265033434171902e-05,False
1.1280342425413e-05,False
1.1295632047983246e-05,False
1.1312199693865547e-05,False
1.132726973224652e-05,False
1.1342848575859297e-05,False
1.1358710806160803e-05,False
1.1374697643184185e-05,False
1.1390680409872058e-05,False
1.1406690108345836e-05,False
1.541684919152763e-05,False
1.5394158311523344e-05,False
1.537155916926006e-05,False
1.53500977767103e-05,False
1.1485829656075919e-05,False
1.9452547079402883e-05,False
1.151459869421671e-05,False
1.5709894507364713e-05,False
1.5687747559749334e-05,False
1.5665547083854987e-05,False
1.5642764710609858e-05,False
1.562000203066457e-05,False
1.55985315428352e-05,False
1.5575135624656853e-05,False
1.5553031220450092e-05,False
1.5530274877968215e-05,False
1.1676447957342942e-05,False
1.169215615801548e-05,False
1.1708755638192094e-05,False
1.1724730411796772e-05,False
1.1740847114797916e-05,False
2.4863494565707522e-05,False
2.4863957843741367e-05,False
2.4862124702712973e-05,False
2.4859902825403474e-05,False
2.4859139896684583e-05,False
2.4857251126450492e-05,False
2.485769186935565e-05,False
2.4856875878043983e-05,False
2.4855231063027756e-05,False
2.485350065668897e-05,False
2.4851684972371934e-05,False
2.4850723421766404e-05,False
2.4851355450237376e-05,False
2.484894619720976e-05,False
2.4848030527581653e-05,False
2.4846571640716864e-05,False
2.4847262968131182e-05,False
2.4845749896611486e-05,False
2.4843853984209522e-05,False
2.4843011989616e-05,False
2.4842284503136514e-05,False
2.484063306015481e-05,False
2.483993581368558e-05,False
2.483837460910942e-05,False
2.4838643922650276e-05,False
2.4836951558430037e-05,False
2.4837251216547466e-05,False
2.4836233057807608e-05,False
2.4835722675794785e-05,False
2.483418988802166e-05,False
2.483257408280354e-05,False
2.4832049158130473e-05,False
2.4831596116357238e-05,False
2.483021896203243e-05,False
2.4830343740804556e-05,False
2.4829192134026475e-05,False
2.4828701400727107e-05,False
2.4827933450547914e-05,False
1.2119998612152714e-05,False
1.213580804043167e-05,False
2.25186401447172e-05,False
2.2547626762264314e-05,False
2.2577523171051566e-05,False
2.2605567201160078e-05,False
2.262938785095949e-05,False
2.265917340438259e-05,False
2.2688349223947846e-05,False
2.2716654016933913e-05,False
2.2745426322643386e-05,False
2.27683426368735e-05,False
1.2314286503451274e-05,False
1.2330510019280774e-05,False
1.2346614391679461e-05,False
1.2362708131110625e-05,False
1.2377935177860435e-05,False
1.239407053051096e-05,False
1.2410869658614444e-05,False
1.2427136465002006e-05,False
1.2443152975931164e-05,False
1.245933252327399e-05,False
1.2476329971785144e-05,False
1.2491623272398756e-05,False
1.2507267041037162e-05,False
1.2523619863259325e-05,False
1.2540377690355947e-05,False
1.2557015774342375e-05,False
2.2918332763717382e-05,False
2.2947713137289495e-05,False
2.297648272475831e-05,False
2.2999370957534003e-05,False
1.2639468675882938e-05,False
1.265542760382675e-05,False
1.2672145229010123e-05,False
1.2685482035993027e-05,False
2.2965703687489942e-05,False
2.2994671278477192e-05,False
1.2736086155566976e-05,False
1.2752326367941662e-05,False
1.2768577290675804e-05,False
1.2785349009943706e-05,False
1.280048191714004e-05,False
2.307631006656581e-05,False
2.4810330232863503e-05,False
2.4811647835362927e-05,False
2.4810453249957414e-05,False
2.4811708342658383e-05,False
2.4810069292913775e-05,False
2.481050789582311e-05,False
2.481029485410842e-05,False
2.481085302318461e-05,False
2.4810965016533427e-05,False
2.4811368639171143e-05,False
2.4810664505143037e-05,False
2.4811006336556202e-05,False
2.4811179853546637e-05,False
2.4811368908794433e-05,False
2.481171415283117e-05,False
2.4810327884718672e-05,False
2.481271168189682e-05,False
2.4812202798762964e-05,False
2.4811344614343196e-05,False
2.3517944795349437e-05,False
2.354695863931195e-05,False
2.3577812992041413e-05,False
2.3607141249169106e-05,False
2.3636400392133716e-05,False
2.366732128360063e-05,False
2.36965331987329e-05,False
2.372403270556061e-05,False
2.3708989051935387e-05,False
2.373859395077234e-05,False
2.3765644522883235e-05,False
2.3797867810742665e-05,False
2.382688820424164e-05,False
2.3857136589526035e-05,False
2.3887588415361066e-05,False
2.3915126167195402e-05,False
2.394497009602986e-05,False
2.3975577192277033e-05,False
2.4005464424257286e-05,False
2.403528246868756e-05,False
2.4065865319143218e-05,False
2.409536428335488e-05,False
2.412569987432991e-05,False
2.4153959846690303e-05,False
2.4089623115910025e-05,False
2.41187588779171e-05,False
2.4149495566959958e-05,False
2.4180073572389092e-05,False
2.420936288136947e-05,False
2.4240075279296385e-05,False
2.4270810143747175e-05,False
2.429989586526078e-05,False
2.4328814893485825e-05,False
2.436036340858311e-05,False
5.426137924666847e-06,False
5.445377197943327e-06,False
5.464828313929653e-06,False
5.484491272625209e-06,False
5.504418346257876e-06,False
5.524841948554455e-06,False
5.5443607856076404e-06,False
5.565261534503766e-06,False
5.586427861074126e-06,False
5.606917721700128e-06,False
5.6281652406433316e-06,False
5.649665967547924e-06,False
5.670990822816055e-06,False
5.69237336087955e-06,False
5.7150657671901315e-06,False
5.737146327755396e-06,False
5.758708947036403e-06,False
5.781148411020316e-06,False
5.804203095339025e-06,False
5.827324533117073e-06,False
5.8502673698706095e-06,False
5.873766212718949e-06,False
5.89735792542052e-06,False
5.9212929131070925e-06,False
5.945526577493877e-06,False
5.970204266504601e-06,False
5.994178038184944e-06,False
6.010122347564108e-06,False
6.006125317655584e-06,False
6.001989232031209e-06,False
5.9964285562259695e-06,False
5.985324511705805e-06,False
5.9744100866471386e-06,False
5.963730803728628e-06,False
5.952690234557732e-06,False
5.94224954124282e-06,False
5.932233883739778e-06,False
5.92212613054488e-06,False
5.911705146303173e-06,False
5.902346583962215e-06,False
5.892805366111873e-06,False
5.883511726937376e-06,False
5.874577014294736e-06,False
5.8652497036789144e-06,False
5.856610395813484e-06,False
5.848282894511484e-06,False
5.8395668649080905e-06,False
5.831161101169073e-06,False
5.823199654104525e-06,False
5.815695296565352e-06,False
5.808082802094795e-06,False
5.8005429563618255e-06,False
5.79345719219835e-06,False
5.786184221684987e-06,False
5.77955217141309e-06,False
5.772619675628592e-06,False
5.766406473049438e-06,False
5.759699509286029e-06,False
5.753369545266198e-06,False
5.747880135883483e-06,False
5.7423423240195206e-06,False
5.736889515589025e-06,False
5.731056998652313e-06,False
5.726241768377502e-06,False
5.721292758556391e-06,False
5.715969803052948e-06,False
5.711783245373136e-06,False
5.707376238877982e-06,False
5.703093794734259e-06,False
5.699254234486429e-06,False
5.695096639758646e-06,False
5.692017795676823e-06,False
5.688078315933705e-06,False
5.6847418803893085e-06,False
5.681920962102511e-06,False
5.678771714274634e-06,False
5.6760323446847075e-06,False
5.6740040618997155e-06,False
5.671449904159996e-06,False
5.669029523703187e-06,False
5.667212372839478e-06,False
5.66539124864363e-06,False
1.0489117361427785e-05,False
1.045214493892315e-05,False
1.0414252231395418e-05,False
1.0377766935988132e-05,False
1.034133008384576e-05,False
1.0304274246567963e-05,False
1.026845995397191e-05,False
1.0231504456645392e-05,False
1.0194406265139522e-05,False
1.2849167835864534e-05,False
1.2829296147513896e-05,False
1.2809444152464218e-05,False
1.2790174129658105e-05,False
1.0021026236468979e-05,False
9.984995619238908e-06,False
9.94903198611835e-06,False
9.912699784452511e-06,False
1.2820479301179237e-05,False
1.2800765187198386e-05,False
1.278096220433899e-05,False
1.276230334471431e-05,False
1.2741761659505445e-05,False
1.2731772114650738e-05,False
9.676279623519921e-06,False
1.2723177238032807e-05,False
1.270401966709579e-05,False
1.2684266610398788e-05,False
1.2680428972419204e-05,False
9.50767243473318e-06,False
9.472495413554754e-06,False
1.2679931573768162e-05,False
1.266037475485848e-05,False
1.2640064300857264e-05,False
1.2636090948970515e-05,False
9.305245626724773e-06,False
1.2624676614325225e-05,False
1.2606142784493516e-05,False
1.2585895765992554e-05,False
1.2566544694006846e-05,False
1.2547910123971554e-05,False
1.2528090757374648e-05,False
1.250970393913339e-05,False
1.2490062804416098e-05,False
1.2470650535040295e-05,False
1.2452372327358349e-05,False
1.2432233638231406e-05,False
1.2412375159696858e-05,False
1.2394101911638759e-05,False
1.2374580249829292e-05,False
1.2355388129808637e-05,False
1.233727413632711e-05,False
1.2317811556780543e-05,False
1.2311073439995719e-05,False
1.2291034567351776e-05,False
1.229098138769734e-05,False
8.631932532247878e-06,False
1.2282140067988228e-05,False
1.226305111154846e-05,False
1.2244987173987401e-05,False
1.2224575419835822e-05,False
1.2206600007578185e-05,False
1.2187385440027453e-05,False
1.2168241190080507e-05,False
1.21527841164512e-05,False
8.35088936208811e-06,False
8.317209932875844e-06,False
1.998733270649804e-05,False
1.9962265756770695e-05,False
1.9937360420099276e-05,False
1.992021729569965e-05,False
1.9895345950759523e-05,False
1.987042352149203e-05,False
1.9847053991824403e-05,False
1.9821052008700436e-05,False
1.9797024702896857e-05,False
1.9772250731194358e-05,False
1.974756633213969e-05,False
1.9731230236691462e-05,False
1.9705675313704566e-05,False
1.968145889204211e-05,False
1.965761035684885e-05,False
1.9634334254135447e-05,False
1.9608858707027498e-05,False
1.9583473155988675e-05,False
1.9560115164614067e-05,False
1.9543612112196893e-05,False
1.9518695719037744e-05,False
1.949490518249464e-05,False
1.9470235576036656e-05,False
1.944620764607245e-05,False
1.9422542699959724e-05,False
1.9398069011544797e-05,False
1.9374304402518828e-05,False
1.935605062404335e-05,False
1.9332114879740304e-05,False
1.9308471478971355e-05,False
1.9284022082581142e-05,False
1.9259524346971346e-05,False
2.5116900787459253e-05,False
2.511342377458293e-05,False
2.5111842749920952e-05,False
2.5108284467615812e-05,False
9.265424896433078e-06,False
9.26086261864322e-06,False
9.256117797229474e-06,False
9.251315155948959e-06,False
7.364504068282997e-06,False
7.333458700868551e-06,False
7.302089390927616e-06,False
7.271980913133686e-06,False
7.240941903424932e-06,False
7.210063714815872e-06,False
7.17926265524086e-06,False
7.149028563442231e-06,False
7.118260227306209e-06,False
9.33850870418215e-06,False
9.33445034523561e-06,False
9.330273263088602e-06,False
9.333353154128518e-06,False
6.971117020101645e-06,False
9.35551192308958e-06,False
9.351023489093372e-06,False
9.346991047816513e-06,False
9.34278626853534e-06,False
9.338461237379376e-06,False
6.801113404949969e-06,False
6.771318332885219e-06,False
6.741879324544129e-06,False
6.711923043431239e-06,False
6.6820352783254716e-06,False
6.650988625418238e-06,False
6.621046502647851e-06,False
6.5920442922343654e-06,False
6.562730046526509e-06,False
6.53327322275322e-06,False
6.504281724066904e-06,False
6.474681605367289e-06,False
6.445915649504138e-06,False
6.408164087056326e-06,False
6.379454061309023e-06,False
6.350249876671666e-06,False
9.585718504381088e-06,False
1.7576781151306013e-05,False
1.756172745429116e-05,False
1.7538049202263114e-05,False
1.7515774809447332e-05,False
1.749279677734172e-05,False
1.7471035856392426e-05,False
1.744815772394171e-05,False
1.7425114969414085e-05,False
1.7403533125739873e-05,False
1.7386488057459507e-05,False
1.736362169791004e-05,False
1.7340652987122097e-05,False
1.731920273836758e-05,False
1.729699126975299e-05,False
1.727461694956389e-05,False
1.7251432317653513e-05,False
1.7229036664176558e-05,False
1.7213664648089484e-05,False
1.719214009883973e-05,False
1.716813107588354e-05,False
1.7145333788872274e-05,False
1.7124046465933593e-05,False
1.710122813144372e-05,False
1.7079442794153835e-05,False
1.7057377459809983e-05,False
1.704193622819586e-05,False
1.7019191526457638e-05,False
1.6996585636088548e-05,False
1.6973999439021633e-05,False
1.6951492093821103e-05,False
1.6930249576915465e-05,False
1.6907839587160184e-05,False
1.6885390032135246e-05,False
1.6870178841780767e-05,False
1.6847587040699224e-05,False
1.682643374413538e-05,False
1.680399819612791e-05,False
1.6782349055353577e-05,False
2.493927972491491e-05,False
2.4938593335274166e-05,False
2.4936558539462768e-05,False
2.4934229127124943e-05,False
2.493379524286391e-05,False
2.4931763273896377e-05,False
2.4930725537599943e-05,False
2.4929394362727144e-05,False
2.4927873297425592e-05,False
2.4926145432053137e-05,False
2.492445032788022e-05,False
2.4922751984627108e-05,False
2.492233491165432e-05,False
2.49206040697651e-05,False
2.4918334755827087e-05,False
2.4918164878582593e-05,False
2.4916968275704235e-05,False
2.4916092077529676e-05,False
2.4914621055370575e-05,False
2.491326747599363e-05,False
2.491119235230616e-05,False
2.4910598623256444e-05,False
2.4909592211491443e-05,False
2.4905780875679337e-05,False
2.4906482759305786e-05,False
2.4905723664547895e-05,False
2.4903736946290167e-05,False
2.4903645588201755e-05,False
2.490283066902347e-05,False
2.490108967728329e-05,False
2.490000084453084e-05,False
2.4897987555765502e-05,False
2.489817028181269e-05,False
2.4896487928151496e-05,False
2.4896400616094572e-05,False
2.4895488693723548e-05,False
2.4893011361523525e-05,False
2.4892108117023037e-05,False
5.853065402364343e-06,False
5.858391346880834e-06,False
5.866126749308892e-06,False
5.530492920904272e-06,False
5.503697273765739e-06,False
5.476636997188744e-06,False
5.899202813376898e-06,False
5.904547387753329e-06,False
5.910783751486341e-06,False
5.916643674167891e-06,False
5.922075139169108e-06,False
5.929544269405135e-06,False
5.457058203788528e-06,False
5.944361754678867e-06,False
5.950419580205761e-06,False
5.956310263067789e-06,False
5.9626550434384075e-06,False
5.968675210444119e-06,False
5.97442427247759e-06,False
5.981254721556329e-06,False
5.987183340996325e-06,False
5.9934937164901745e-06,False
5.999602811797239e-06,False
6.005848244805748e-06,False
6.012421185292143e-06,False
6.018724722897249e-06,False
6.024609644237355e-06,False
6.031255853850153e-06,False
6.038138048890463e-06,False
6.044106344753829e-06,False
6.050728861754919e-06,False
6.0575010553478825e-06,False
6.063830142053087e-06,False
6.070188562912973e-06,False
6.076529450023523e-06,False
6.083527999354277e-06,False
6.089981336955162e-06,False
6.0967432770221675e-06,False
6.103310135526285e-06,False
6.109968011419676e-06,False
6.116586103659281e-06,False
6.123645681762111e-06,False
6.1303838541883055e-06,False
6.137150909960152e-06,False
6.143889683880922e-06,False
6.150714349666468e-06,False
6.157917403944828e-06,False
6.164509747772305e-06,False
6.171710886214783e-06,False
6.17894212498925e-06,False
6.185561797494421e-06,False
6.1928500677878294e-06,False
6.19993475444664e-06,False
6.206990064289751e-06,False
6.213549614319941e-06,False
6.221361500457276e-06,False
6.228677497320256e-06,False
6.235326107239337e-06,False
6.242581150772561e-06,False
6.2502167644099895e-06,False
6.257126296608578e-06,False
6.2644666327379935e-06,False
6.271901320708091e-06,False
6.279071606433409e-06,False
6.286671024447695e-06,False
6.2941327832565625e-06,False
6.3019706271505595e-06,False
6.309022360532395e-06,False
6.316978942117863e-06,False
6.324496119459907e-06,False
6.332042180147062e-06,False
6.341091144620481e-06,False
6.3496720765803085e-06,False
6.357005349975358e-06,False
6.36477600339583e-06,False
6.372674335269701e-06,False
6.380379027229843e-06,False
6.387580087040764e-06,False
6.395812638240493e-06,False
6.404074451229675e-06,False
6.411471087773313e-06,False
6.419743832584761e-06,False
9.315154526943368e-06,False
9.315828166637432e-06,False
9.52567202495597e-06,False
9.580679122750948e-06,False
9.635904442297448e-06,False
9.691530890029155e-06,False
9.749614621943973e-06,False
9.805570644226e-06,False
9.861658706671974e-06,False
9.917665267548566e-06,False
9.973618903180235e-06,False
1.0029731908243815e-05,False
1.008646374785214e-05,False
1.0143325773076752e-05,False
9.376961948259632e-06,False
9.377613712713184e-06,False
1.0312642149171379e-05,False
1.0369927783863769e-05,False
1.0427623382924169e-05,False
1.0485263477738967e-05,False
1.0543030914830345e-05,False
1.0600522389718605e-05,False
1.0659770359886028e-05,False
1.0717616680052127e-05,False
1.0776026453334931e-05,False
1.083459650156642e-05,False
1.0893106428167524e-05,False
1.0953984336697392e-05,False
1.1012818265714098e-05,False
1.1072033373869733e-05,False
1.1131667102873488e-05,False
9.442364744372333e-06,False
9.436897445626591e-06,False
9.431131028785236e-06,False
9.424656047506698e-06,False
1.142629462894987e-05,False
1.1488165505673606e-05,False
1.1548882285978284e-05,False
1.1609572792669202e-05,False
1.1670688931146464e-05,False
1.1731662910492543e-05,False
1.1793102559948939e-05,False
1.3601332798192877e-05,False
1.3594162311614653e-05,False
1.35862321902665e-05,False
1.3583225399012975e-05,False
1.3574700738600767e-05,False
1.3567616999222922e-05,False
1.3559446895908077e-05,False
1.3553489281356101e-05,False
1.354461325958806e-05,False
1.3537178084143627e-05,False
1.35302423803958e-05,False
1.3526764072828644e-05,False
1.352005020849991e-05,False
2.4870507501492786e-05,False
2.4870994121818967e-05,False
2.4869806108095797e-05,False
2.4869951928822957e-05,False
2.4869883099132573e-05,False
2.4868363319972828e-05,False
2.486854613791347e-05,False
2.4868747705229145e-05,False
2.486858763099152e-05,False
2.4869195089909646e-05,False
2.4869629568545674e-05,False
2.4868694764427206e-05,False
2.4868591991621888e-05,False
2.4866999261499516e-05,False
2.4866174214598902e-05,False
2.4867244111940298e-05,False
2.4867016095148873e-05,False
2.486887024818621e-05,False
2.4867442084836347e-05,False
2.486838252752073e-05,False
2.6132385153989353e-05,False
2.6137442163641436e-05,False
2.6144429573361043e-05,False
2.6152884309191865e-05,False
2.615681500152678e-05,False
2.6164362876697565e-05,False
2.6171455114048973e-05,False
2.617857510044492e-05,False
2.6186202860965324e-05,False
2.6194325398136157e-05,False
2.620368489731465e-05,False
2.6210912662853415e-05,False
2.6221983367754696e-05,False
2.6231406412395213e-05,False
2.62391826012236e-05,False
2.6249133474643165e-05,False
2.6259845617597535e-05,False
2.6268871673237066e-05,False
2.6280365274455823e-05,False
2.6290670559936903e-05,False
2.628560091413768e-05,False
2.629597419680438e-05,False
2.6307567696473995e-05,False
2.6318219143635043e-05,False
2.6329642652411692e-05,False
2.634387567008879e-05,False
2.635222606616375e-05,False
2.6367273923265588e-05,False
2.637965201012833e-05,False
2.6393064781357737e-05,False
2.6404577243307942e-05,False
2.6419039871657e-05,False
2.6432989518163013e-05,False
2.6443886022606945e-05,False
2.645833054861531e-05,False
2.6473301859530192e-05,False
2.6487586032381865e-05,False
2.6501871263319536e-05,False
2.651927749281921e-05,False
2.6535042595164255e-05,False
2.6545625582504938e-05,False
1.0305957110935426e-05,False
1.0308705592653866e-05,False
1.0311980851244423e-05,False
1.0314251699557848e-05,False
1.0318396303299232e-05,False
1.6974468677660362e-05,False
1.701496709465236e-05,False
1.033970020742566e-05,False
1.034255603855299e-05,False
1.0345611920681566e-05,False
1.0348408914392201e-05,False
1.0352241883242406e-05,False
1.0355255602286668e-05,False
1.0358193395398305e-05,False
1.0361240591219942e-05,False
1.0364954007726034e-05,False
1.0368960060091869e-05,False
1.0370850236673403e-05,False
1.0374794490518431e-05,False
1.0378018169796249e-05,False
1.0381070302006922e-05,False
1.038423349572689e-05,False
1.0387732820928272e-05,False
1.0390229834829234e-05,False
1.0395199809518497e-05,False
1.0399072230492746e-05,False
1.0407392814363996e-05,False
1.0410555967156377e-05,False
1.0413928119009996e-05,False
1.0417027960353788e-05,False
1.0420240493582561e-05,False
1.0423469407966404e-05,False
1.0428240082296046e-05,False
1.0430993104418137e-05,False
1.0434270981504009e-05,False
1.0438594622575807e-05,False
1.827972879166424e-05,False
1.8322463314976867e-05,False
1.0468576813648215e-05,False
1.0477778329416795e-05,False
1.8452809890350055e-05,False
1.0491161145626316e-05,False
1.0494651609970264e-05,False
1.0502565373267556e-05,False
1.2351203744096387e-05,False
1.2334184161652024e-05,False
1.2318150043645e-05,False
1.2302036178624853e-05,False
1.2285452068707387e-05,False
1.2270379705565847e-05,False
1.2254439446227327e-05,False
1.2239484908484185e-05,False
1.2223923129137213e-05,False
1.2208292055074402e-05,False
1.2193766138496079e-05,False
1.857962724256297e-05,False
1.8540432554650662e-05,False
1.8501163740586426e-05,False
1.846136384419895e-05,False
1.8422640760350155e-05,False
1.8372100411166313e-05,False
1.833347451578915e-05,False
1.829466091701473e-05,False
1.8255206850733584e-05,False
1.2250047429127476e-05,False
1.223584061912834e-05,False
1.2221006101906388e-05,False
1.2207304581080931e-05,False
1.2201055941571522e-05,False
1.2188914190069146e-05,False
1.2176257365349447e-05,False
1.2162840136415089e-05,False
1.2150027596196398e-05,False
1.214282932837693e-05,False
1.7851818961695035e-05,False
1.7812738926020884e-05,False
1.7774386244795312e-05,False
1.7736412595670416e-05,False
1.2310369416713034e-05,False
1.229685931086368e-05,False
1.2283293440893943e-05,False
1.2271775800578542e-05,False
1.2267775166889385e-05,False
1.2255362894057723e-05,False
1.2243798108939764e-05,False
1.223056404352874e-05,False
1.2363686091146185e-05,False
1.2349767202977298e-05,False
1.2337120364046887e-05,False
1.3830436030758159e-05,False
1.3769138841254367e-05,False
8.001264289852871e-06,False
8.314429247823721e-06,False
9.518339561319729e-06,False
2.533329917616908e-06,False
2.5507818879264222e-06,False
8.404799413422213e-07,False
4.1652078161513645e-07,False
4.837676609864044e-06,False
3.0841359948197248e-06,False
2.6616383152676233e-06,False
3.17003612485196e-05,False
4.773955286433748e-06,False
3.6091090372835997e-06,False
4.902102336087773e-06,False
1.4028253344016943e-05,False
1.399407140073972e-05,False
1.3960453976787115e-05,False
1.390406476754596e-05,False
1.3870789253396377e-05,False
1.3835997413220772e-05,False
1.3780171062709984e-05,False
1.3747052929657223e-05,False
1.3713523136002008e-05,False
1.3658480785184655e-05,False
1.3624712095222847e-05,False
1.3590987220901023e-05,False
1.353575927056088e-05,False
1.3502954152031823e-05,False
1.3469676947315138e-05,False
1.3414879822190533e-05,False
1.3381492183979976e-05,False
1.1635553148284697e-05,False
1.160468812345481e-05,False
1.1574620737963275e-05,False
1.1535795812245511e-05,False
1.1505641593788584e-05,False
1.147510863728922e-05,False
1.1444584487114896e-05,False
1.1414103502991245e-05,False
1.1384120421994921e-05,False
1.1353384646893839e-05,False
1.132418637848942e-05,False
1.1287925067933385e-05,False
1.1258412393841321e-05,False
1.1227824864470808e-05,False
1.1198137962591521e-05,False
1.1151482421333379e-05,False
1.1121164299392858e-05,False
1.1091290826934376e-05,False
1.1061768702354411e-05,False
1.1031867321495412e-05,False
1.1002377323676028e-05,False
1.0973238099980785e-05,False
1.0942811648956139e-05,False
1.0913419402874025e-05,False
1.0884294830028607e-05,False
1.0854761723407962e-05,False
1.0824876785478803e-05,False
1.0795654449649485e-05,False
1.0766474384719695e-05,False
1.0736999445346027e-05,False
1.0708128743614554e-05,False
1.0678572461821788e-05,False
1.064958907654598e-05,False
1.061549039661809e-05,False
1.058598618379178e-05,False
1.0556361571773172e-05,False
1.052789165404146e-05,False
1.0482538894233881e-05,False
1.04533451881991e-05,False
1.0425026394307702e-05,False
1.0396277788186395e-05,False
1.036696516466272e-05,False
1.033841376251597e-05,False
1.0310016152730674e-05,False
1.0281302999022215e-05,False
1.0252767332134403e-05,False
1.0224408199000078e-05,False
1.0195333032572195e-05,False
2.8182964790525674e-05,False
2.8173985445782473e-05,False
2.8163453955105607e-05,False
2.8155788150125165e-05,False
1.1304763453393651e-05,False
1.127437987695111e-05,False
1.1244080303404933e-05,False
1.121437210894109e-05,False
1.1184746260509847e-05,False
1.1154164745765709e-05,False
1.1124623175729168e-05,False
1.109408896091131e-05,False
1.1064780645031098e-05,False
1.103510702618226e-05,False
1.1004851595862585e-05,False
1.097562959499644e-05,False
1.0945351567572303e-05,False
1.0915919445078851e-05,False
1.0886022406077004e-05,False
1.0856822119333367e-05,False
1.0827190909887208e-05,False
1.0797130304638145e-05,False
1.0768348602919571e-05,False
1.0738591939225146e-05,False
1.0709386162867825e-05,False
8.942013224815979e-06,False
8.908816864941859e-06,False
8.879486266098641e-06,False
8.853516849122204e-06,False
8.827132989284409e-06,False
8.785892295827337e-06,False
8.76028790933496e-06,False
8.733834402603075e-06,False
8.69272782079077e-06,False
8.667055866162574e-06,False
8.641425420721707e-06,False
8.614398688160849e-06,False
8.588741228046967e-06,False
8.563347035801343e-06,False
8.537775695994248e-06,False
8.511364580871556e-06,False
8.485547239580212e-06,False
8.457875467914091e-06,False
8.432038620642832e-06,False
2.51453502260113e-05,False
8.359706583073136e-06,False
8.334036980464842e-06,False
8.308302070747094e-06,False
8.283261588627894e-06,False
8.258586955709644e-06,False
8.232871840446247e-06,False
8.20741773272899e-06,False
8.182437998116496e-06,False
8.15695835626939e-06,False
8.131634068024316e-06,False
8.106993656435994e-06,False
8.081433294746424e-06,False
8.056236198112271e-06,False
8.019756905350116e-06,False
7.994774922241921e-06,False
7.970263995347142e-06,False
7.945043846313319e-06,False
7.920828953208102e-06,False
7.896121037675044e-06,False
7.87135270841106e-06,False
7.846627418863621e-06,False
7.821837567408091e-06,False
7.796983348874067e-06,False
2.7860701569101984e-05,False
2.7889701797696803e-05,False
2.7917668253797645e-05,False
2.7943993560847236e-05,False
2.7968307644858197e-05,False
7.660001637538634e-06,False
2.7699902576050114e-05,False
7.591282044363339e-06,False
7.567049586883938e-06,False
7.542967094029988e-06,False
7.5187137910757504e-06,False
7.495117359703333e-06,False
7.471260153357439e-06,False
7.446930935626194e-06,False
1.499429848758263e-06,False
9.026214029949301e-06,False
2.6193050704318048e-05,False
2.618622950180422e-05,False
2.6182925744334747e-05,False
2.6173979697611958e-05,False
2.6168821051140092e-05,False
2.6163677955441677e-05,False
2.6158076632413437e-05,False
2.61529597507643e-05,False
2.6147183806255866e-05,False
2.6141016322576197e-05,False
2.613446639236756e-05,False
2.5931138625773552e-05,False
2.574763573799069e-05,False
2.55799627093823e-05,False
2.5431243377072884e-05,False
2.5301674101517177e-05,False
2.5191253248513326e-05,False
2.509859032260342e-05,False
2.502226623237535e-05,False
2.4964772825469815e-05,False
2.492467597076235e-05,False
2.4905073763815253e-05,False
2.4903316314356403e-05,False
2.4918262010688317e-05,False
2.4952962272060375e-05,False
2.500511799160913e-05,False
2.507579983765728e-05,False
2.516438473559445e-05,False
2.5269588454167814e-05,False
2.53964808988169e-05,False
2.5537962475841285e-05,False
2.5701881173403782e-05,False
2.479478698226503e-05,False
2.3548148091886368e-05,False
2.238676325013062e-05,False
2.084222628023616e-05,False
1.829515441011244e-05,False
1.613671246593274e-05,False
1.5171186923730737e-05,False
1.4902840995599755e-05,False
1.4639480478103376e-05,False
1.4381112069117844e-05,False
1.4127187384007608e-05,False
1.3879382529606748e-05,False
1.363546602130679e-05,False
1.339808481368776e-05,False
1.3328635212933707e-05,False
1.332162309568606e-05,False
1.3323010214789954e-05,False
1.3334736553700045e-05,False
1.3356259032221153e-05,False
1.338591247479705e-05,False
1.3425510787281903e-05,False
1.2586928175391678e-05,False
1.2154475329420748e-05,False
1.2049915523918957e-05,False
1.1963081968542648e-05,False
1.1893730870522207e-05,False
1.1840966471601883e-05,False
1.1808120501982302e-05,False
1.1791884052067816e-05,False
1.1793507637556374e-05,False
1.1813160554923452e-05,False
1.1851748715456999e-05,False
1.1907081607139465e-05,False
1.198082491711681e-05,False
1.2071702703336464e-05,False
1.2612065074477152e-05,False
1.3777790429614804e-05,False
1.496229113075552e-05,False
1.569530036101329e-05,False
1.6468977167016444e-05,False
1.7283369654169278e-05,False
1.6063788953286702e-05,False
1.4392152841308735e-05,False
1.2838733627366231e-05,False
1.140328866233663e-05,False
1.0424374979533168e-05,False
1.0299030406073002e-05,False
1.0175616823141734e-05,False
1.0056016508372917e-05,False
9.937993126416e-06,False
9.823415601491622e-06,False
9.71129775240091e-06,False
9.601362109617505e-06,False
9.494454409995083e-06,False
9.497347058602313e-06,False
9.501075766458926e-06,False
9.503402296936839e-06,False
9.506056836080098e-06,False
9.508951436470961e-06,False
9.51103937784643e-06,False
9.515213667294984e-06,False
9.517504381483674e-06,False
9.520545901357893e-06,False
9.52466662943756e-06,False
9.527507879544485e-06,False
9.530349689972547e-06,False
9.533760527113515e-06,False
9.536824207525324e-06,False
9.539118310060218e-06,False
9.541854156050015e-06,False
9.544717263551798e-06,False
9.554095179842764e-06,False
9.556960900668955e-06,False
9.5594604035629e-06,False
9.56179552469585e-06,False
9.56392895164572e-06,False
9.568652990845844e-06,False
9.570952255347444e-06,False
9.573820882625576e-06,False
9.57591880330683e-06,False
9.578458318778244e-06,False
9.58225080982263e-06,False
9.584901813114095e-06,False
9.587994622285786e-06,False
9.619143255781777e-06,False
9.621654095010948e-06,False
9.623595207066593e-06,False
9.626510827063865e-06,False
9.62935490589525e-06,False
9.632800996119071e-06,False
9.635718162347203e-06,False
9.638802002656435e-06,False
9.641077744323306e-06,False
9.642855012040764e-06,False
9.647612531028277e-06,False
9.650127732511275e-06,False
9.65247688802726e-06,False
9.65482635330503e-06,False
1.773716252426949e-05,False
1.778886026848547e-05,False
1.7840949001367543e-05,False
1.7892850878777224e-05,False
1.7945144229453527e-05,False
1.7997540011064474e-05,False
1.805003822361162e-05,False
1.8102348607932618e-05,False
1.8154629031838745e-05,False
1.8208703761713503e-05,False
2.6219523046019508e-05,False
2.621271004896243e-05,False
2.6210402914634235e-05,False
2.620562670700267e-05,False
2.620029688219936e-05,False
2.6192960127339242e-05,False
2.6188064408925256e-05,False
2.6184493473405332e-05,False
5.744928331641761e-06,False
5.764030016877834e-06,False
5.78236119264199e-06,False
5.802387247173961e-06,False
5.820856501835007e-06,False
5.839736760935956e-06,False
5.859337050035178e-06,False
5.8786362363596515e-06,False
5.897717088483856e-06,False
6.28170105519199e-06,False
6.687076224205096e-06,False
7.113093430344297e-06,False
7.560223200078183e-06,False
8.029134599773483e-06,False
8.518856858481899e-06,False
9.029677857710458e-06,False
9.561843116969126e-06,False
1.0115007147807491e-05,False
1.0689460479677767e-05,False
1.1212021189958537e-05,False
8.401566011746287e-06,False
7.453833364210012e-06,False
7.335510692004353e-06,False
7.563659011510276e-06,False
6.4596715652981525e-06,False
5.531771546858458e-06,False
4.780049821112699e-06,False
4.204067306301941e-06,False
3.8041931330362152e-06,False
2.7812981161208554e-06,False
2.6136812806345496e-06,False
2.6482057579826996e-06,False
2.687117130352796e-06,False
2.730989236843299e-06,False
2.779680290900266e-06,False
3.974396359096718e-06,False
6.5413913753143664e-06,False
1.0081234064137505e-05,False
1.4647715562899216e-05,False
2.0241342625026107e-05,False
2.5839751283964484e-05,False
2.6339602857493377e-05,False
2.6935499284688502e-05,False
2.7628407898495068e-05,False
2.841812914108064e-05,False
2.9304498956605195e-05,False
2.980071112610363e-05,False
2.7920734565426976e-05,False
2.6736806004216036e-05,False
2.6053804387068126e-05,False
2.7770096295910915e-05,False
2.8092273226271938e-05,False
2.7782981818177245e-05,False
2.1947391155967254e-05,False
1.778173077206811e-05,False
1.4436523722349165e-05,False
1.1656831781942626e-05,False
9.066757707932817e-06,False
6.1592443046145495e-06,False
6.823036196713077e-06,False
7.736599822702909e-06,False
8.886374041407052e-06,False
1.0406197377180662e-05,False
1.2576789153382367e-05,False
1.4031253187712436e-05,False
1.5699003582254126e-05,False
1.3482158387699585e-05,False
1.1437519450189972e-05,False
9.563607973139614e-06,False
7.310887765542138e-06,False
5.884157733011634e-06,False
7.3551054315988845e-06,False
8.004549662251085e-06,False
8.25511786577411e-06,False
8.804086795264432e-06,False
9.834207845103553e-06,False
1.11420703521852e-05,False
1.2728942601678905e-05,False
1.4595491080525223e-05,False
1.6739887283674905e-05,False
1.8239448252427417e-05,False
1.430598932938554e-05,False
1.0081055942230092e-05,False
6.616598962035969e-06,False
3.912520818762395e-06,False
3.097022637799469e-06,False
4.654501935051493e-06,False
5.948625792137341e-06,False
7.078926036732541e-06,False
7.464657952950041e-06,False
4.73873599084356e-06,False
2.643851399833868e-06,False
2.0064295987128913e-06,False
2.4237826161202906e-06,False
2.265816457349344e-06,False
2.115059310063735e-06,False
1.9716118648954813e-06,False
1.8353629961886176e-06,False
1.7062215638336778e-06,False
1.584438416663955e-06,False
1.469910829421047e-06,False
1.3623624168288968e-06,False
1.262316993962217e-06,False
1.1692686021507877e-06,False
1.0834588545374717e-06,False
1.0049022578356371e-06,False
9.336715970300661e-07,False
8.695925640311018e-07,False
8.126732961784367e-07,False
7.629270315813046e-07,False
7.20508871852641e-07,False
5.977967655123453e-07,False
3.4211272411739894e-07,False
2.3355041817291164e-07,False
2.896411511132693e-07,False
5.105001902673706e-07,False
8.959468983209672e-07,False
1.4462295819960168e-06,False
2.1611949555914032e-06,False
2.374836360865511e-06,False
2.7734192153117686e-06,False
3.7631327540401418e-06,False
3.95884796527203e-06,False
3.6351935641820827e-06,False
3.5904131502667324e-06,False
2.9703751185888236e-06,False
2.442482904510192e-06,False
2.040014977566606e-06,False
1.4652788716420998e-06,False
9.039540307826138e-07,False
6.534856283322036e-07,False
7.144030136186532e-07,False
1.0861666579143102e-06,False
1.769008304139023e-06,False
2.3583596267452645e-06,False
2.41248103841752e-06,False
2.5345577016864237e-06,False
3.520805206854717e-06,False
4.614859971326874e-06,False
5.856155694485961e-06,False
6.595281582123364e-06,False
5.859520201661402e-06,False
4.255413867325036e-06,False
3.786785437363623e-06,False
3.3540961008297052e-06,False
2.9574567179479646e-06,False
2.596127988875861e-06,False
2.271097510961134e-06,False
1.7863670567785807e-06,False
1.3284667632696048e-06,False
1.1729482150618433e-06,False
1.7528307262742363e-06,False
2.1452088995514413e-06,False
2.6124409599156462e-06,False
3.1541987929474814e-06,False
3.700924869487761e-06,False
4.401550896338989e-06,False
5.228377787297652e-06,False
6.071724081951607e-06,False
6.87386325924612e-06,False
7.636756385509039e-06,False
8.22558031592712e-06,False
8.400855283159523e-06,False
9.494173784514222e-06,False
1.1024427033124551e-05,False
1.1467422170670342e-05,False
1.0515244655974669e-05,False
8.605860477167502e-06,False
7.74778693406058e-06,False
7.941146818641128e-06,False
8.5003603940862e-06,False
8.723041453920164e-06,False
8.973676313820114e-06,False
9.252905527126033e-06,False
9.434322861052273e-06,False
9.527058553115737e-06,False
9.620849543569615e-06,False
9.717983576960088e-06,False
9.816564170849847e-06,False
9.917895894142618e-06,False
1.0022083857480301e-05,False
1.0127455027337646e-05,False
1.023634181775648e-05,False
1.0346936359633206e-05,False
1.0460350408164583e-05,False
1.0575497553365361e-05,False
1.0694143764662907e-05,False
1.0813824369078663e-05,False
1.0936607122892267e-05,False
1.1060956068445173e-05,False
1.1189249592633304e-05,False
1.1318309239064154e-05,False
1.1450115511726622e-05,False
1.1584877142382639e-05,False
1.1720983518528266e-05,False
1.1860844764044945e-05,False
1.2001158732443421e-05,False
1.2124809285966659e-05,False
1.225055187884706e-05,False
1.2250928912489158e-05,False
1.2252140456885555e-05,False
1.2252915793911998e-05,False
1.225289958325757e-05,False
1.2254510729286796e-05,False
1.225511145269429e-05,False
1.2255891287913496e-05,False
1.2256097230425225e-05,False
1.225731609533557e-05,False
1.2257702243810673e-05,False
1.2258268104614878e-05,False
1.2259529721836578e-05,False
1.2260097839372535e-05,False
1.2260090746456125e-05,False
1.226153409319576e-05,False
1.2262323840756015e-05,False
1.2262935278606024e-05,False
1.2263547650177334e-05,False
1.2264956710741646e-05,False
7.466933962712074e-06,False
7.487783005474958e-06,False
7.508790301653833e-06,False
7.529646970027468e-06,False
7.555325976572776e-06,False
7.577304263396922e-06,False
7.5982694293763585e-06,False
7.619267033667711e-06,False
7.640724109349665e-06,False
7.661974101959391e-06,False
7.683524583259761e-06,False
7.704465271838785e-06,False
7.72576197953429e-06,False
7.747411349994864e-06,False
7.768422949803772e-06,False
1.2345988274409992e-05,False
1.2346784596555501e-05,False
1.2348019675415402e-05,False
1.2348019411159472e-05,False
1.235068657711521e-05,False
1.2351924397464588e-05,False
1.2351888835818953e-05,False
1.2353347454039073e-05,False
1.2354369865906247e-05,False
1.2354774772840631e-05,False
1.2355617761842162e-05,False
1.2356424858419003e-05,False
1.2357636905003428e-05,False
1.2358264048304557e-05,False
1.2359693225910006e-05,False
1.2359521136070313e-05,False
1.2362707392150456e-05,False
8.143647395536542e-06,False
1.2368204366816802e-05,False
1.2368181105425715e-05,False
1.2369250594787308e-05,False
1.2370067227185297e-05,False
1.2370265493766564e-05,False
1.237130268144055e-05,False
1.2373652895606196e-05,False
8.313908262754327e-06,False
8.336398206738494e-06,False
8.358498762154838e-06,False
1.2387153492818667e-05,False
1.2388160183765704e-05,False
1.2391864776647574e-05,False
1.2392942015796832e-05,False
1.2392124620769209e-05,False
9.167321978604766e-06,False
9.191271442174912e-06,False
9.214794770052949e-06,False
9.238578890112484e-06,False
9.262853176542487e-06,False
9.285783821594568e-06,False
1.7654510726696558e-05,False
1.7717727215597853e-05,False
1.7782795928901597e-05,False
1.7845785147494765e-05,False
1.7909277565698708e-05,False
1.7963664497709492e-05,False
9.44739111933989e-06,False
9.471020833256972e-06,False
9.495162132319165e-06,False
9.520037162404409e-06,False
9.543776437162563e-06,False
9.568004589591379e-06,False
9.591808027806019e-06,False
9.616579961600897e-06,False
9.641945307315826e-06,False
9.66678691365298e-06,False
9.690489474980886e-06,False
9.715156935092679e-06,False
9.73939060327966e-06,False
9.7641413947505e-06,False
9.788432169282897e-06,False
9.821304274136878e-06,False
9.855201158016435e-06,False
9.888443685914061e-06,False
9.922009940612428e-06,False
9.955163608076145e-06,False
9.989340136084426e-06,False
1.0022866869358756e-05,False
1.0056449256396854e-05,False
1.0090848394700606e-05,False
1.0124567549172955e-05,False
1.015764162096155e-05,False
1.0191746501457022e-05,False
1.0226396249319887e-05,False
1.0260893043390841e-05,False
1.0294251073053842e-05,False
1.0328870197277451e-05,False
1.036331946267035e-05,False
1.0397837509432428e-05,False
1.0432699828268757e-05,False
1.0467098237180472e-05,False
1.0501323424592209e-05,False
1.0535653745963458e-05,False
1.0570736280849109e-05,False
1.0605686319682917e-05,False
1.0641168728418887e-05,False
1.0676016417889948e-05,False
1.0710647657128508e-05,False
1.0745852783468785e-05,False
1.0780861215820878e-05,False
1.0815959955751587e-05,False
1.0851660963817896e-05,False
1.0886873557798516e-05,False
1.0922068153500067e-05,False
1.0958198918137464e-05,False
1.0993370920743001e-05,False
1.1029396440741223e-05,False
1.106497528374441e-05,False
1.1100595353700962e-05,False
1.1136829258043836e-05,False
1.1172339147848232e-05,False
1.1208958357819486e-05,False
1.1244385730057229e-05,False
1.1280839061271038e-05,False
1.1317173085564909e-05,False
1.1353020862567399e-05,False
1.1389740795020537e-05,False
1.1426499809572705e-05,False
1.146208524324392e-05,False
1.1499262639575738e-05,False
1.1535448771169688e-05,False
1.1572483203582256e-05,False
1.160908742457245e-05,False
1.164604408151361e-05,False
1.1682500403071072e-05,False
1.171959497987647e-05,False
1.1757010309309007e-05,False
1.1794136420949025e-05,False
1.1830720845502042e-05,False
1.1868522527418092e-05,False
1.19054219521667e-05,False
1.1942893967761422e-05,False
1.1980726065883544e-05,False
1.201779123148401e-05,False
1.2055469288145266e-05,False
1.2093216126175707e-05,False
1.2130777728429235e-05,False
1.2168957032778417e-05,False
1.2206401457168993e-05,False
1.224442329264483e-05,False
1.2282769131695948e-05,False
1.232041778601049e-05,False
1.2358389841370176e-05,False
1.239694232046415e-05,False
1.2435095597248903e-05,False
1.2473529992909056e-05,False
1.2511730919270697e-05,False
1.2550256411862912e-05,False
1.2588942055250764e-05,False
1.2627697453874671e-05,False
1.2666733691746731e-05,False
1.2705322234173428e-05,False
1.274336509520077e-05,False
1.278270385554365e-05,False
1.2821496934488033e-05,False
1.2860617931674588e-05,False
1.2899857743592719e-05,False
1.2939377127055154e-05,False
1.2978393611449647e-05,False
1.3017216377670876e-05,False
1.3057045332657276e-05,False
1.3096893188550524e-05,False
1.3136234757838251e-05,False
1.3175591101373237e-05,False
1.3215331002851672e-05,False
1.3254876926541428e-05,False
1.3293910087241985e-05,False
1.333411800074603e-05,False
1.3374187428269629e-05,False
1.3414006366804955e-05,False
1.3454422008039803e-05,False
1.3494642469978368e-05,False
1.3534401977261362e-05,False
1.3575082764450959e-05,False
1.3615568440640008e-05,False
1.3655208203169763e-05,False
1.3696037905583934e-05,False
1.3736936999001967e-05,False
1.3776838781017257e-05,False
1.381820349943142e-05,False
1.3858775764316331e-05,False
1.3899683783885213e-05,False
1.3940455257456262e-05,False
1.3981106791468925e-05,False
1.4022283564422356e-05,False
1.406265977133167e-05,False
1.4105050974939721e-05,False
1.4146641248272353e-05,False
1.4186887031984963e-05,False
1.4228614079858046e-05,False
1.426932935561114e-05,False
1.431119395911685e-05,False
1.4352924404785197e-05,False
1.4394927958204645e-05,False
1.443645790384178e-05,False
1.447805602831824e-05,False
1.4519380969482714e-05,False
1.4562001609507033e-05,False
1.4605238640050493e-05,False
1.46456763082897e-05,False
1.4687818046278893e-05,False
1.4730343567404015e-05,False
1.477197359838923e-05,False
1.4814392255718494e-05,False
1.485784946910242e-05,False
1.4899335306051336e-05,False
1.4941785803124708e-05,False
1.4984754698726406e-05,False
1.5027517262901586e-05,False
1.5070875909627349e-05,False
1.5113124408665697e-05,False
1.5156017483943186e-05,False
1.5198778424666023e-05,False
1.5241707438409999e-05,False
1.5285137815789834e-05,False
1.5328204082125134e-05,False
1.5370860988381228e-05,False
1.5414341552172794e-05,False
1.5457791283430955e-05,False
1.5501489475688516e-05,False
1.554479782617369e-05,False
1.558891409041894e-05,False
1.5632359788106645e-05,False
1.567495070884901e-05,False
1.5719274084084428e-05,False
1.576366763496983e-05,False
1.5807569067551057e-05,False
1.585117383785209e-05,False
1.5894846009452364e-05,False
1.5939319944043292e-05,False
1.598332519414017e-05,False
1.602756967852838e-05,False
1.605920357628606e-05,False
1.6092458239969168e-05,False
1.612405941703045e-05,False
1.6156728804148927e-05,False
1.62623665164082e-05,False
1.638655048191012e-05,False
1.651169834961607e-05,False
1.6634661167146856e-05,False
1.6760546305751744e-05,False
1.6886735447527545e-05,False
3.514517431843134e-05,False
6.985445181924516e-06,False
1.7309703781550087e-06,False
3.1729971985463466e-06,False
1.2551344430727421e-05,False
2.2951880966854094e-05,False
2.293464826473238e-05,False
2.291762079958793e-05,False
2.290200669296376e-05,False
2.2884945424631926e-05,False
2.287870226446911e-05,False
2.309699427350831e-05,False
2.307990731647041e-05,False
2.306155826306398e-05,False
2.3045720202125297e-05,False
2.3028618965056344e-05,False
2.302405675660779e-05,False
2.3009174616309245e-05,False
2.299432134311682e-05,False
2.297944373687691e-05,False
2.2963313183822897e-05,False
2.295025090516551e-05,False
2.294758719248706e-05,False
2.3158291980229963e-05,False
2.3141507844780078e-05,False
2.3126237963559002e-05,False
2.3111269586328524e-05,False
2.3112773911987153e-05,False
2.3099449298976757e-05,False
2.308435718113237e-05,False
2.3071356630531198e-05,False
1.6406996419077414e-05,False
1.6439086215026095e-05,False
1.6472515265617267e-05,False
1.6503653177004618e-05,False
1.6536205051253503e-05,False
1.6569371417706815e-05,False
1.660169972445298e-05,False
1.6634493302157058e-05,False
1.6666812334766913e-05,False
1.6699163805688683e-05,False
2.3401493827950586e-05,False
2.3386525348274393e-05,False
2.3372828088412067e-05,False
2.336020215149875e-05,False
2.334611438847574e-05,False
2.3343666979330307e-05,False
2.333129253156826e-05,False
2.331927815801054e-05,False
2.33063092177059e-05,False
2.329390148006784e-05,False
2.3283667932271162e-05,False
3.2969637119598116e-05,False
3.2936893512133305e-05,False
3.2919127003817674e-05,False
3.2884891215700995e-05,False
3.2851743669546924e-05,False
3.282040859624018e-05,False
3.278776856245127e-05,False
1.5927437684632364e-05,False
1.595855755365527e-05,False
1.4854236453305033e-05,False
1.4858633517827145e-05,False
1.6052422926614328e-05,False
1.6083962171084155e-05,False
1.6115875290068833e-05,False
1.6148064721017623e-05,False
1.6178774534363702e-05,False
1.5252915271509949e-05,False
1.5263226843882087e-05,False
1.5274579508842138e-05,False
1.528597764576692e-05,False
1.5298782423836605e-05,False
1.5310271357331978e-05,False
1.5320455522199018e-05,False
1.528901954573308e-05,False
1.530119946499298e-05,False
1.5313305161294224e-05,False
1.5325757427650947e-05,False
1.533521529301731e-05,False
1.534625898650936e-05,False
1.535964374463042e-05,False
1.537096029686445e-05,False
1.538368438594662e-05,False
1.5393156719691024e-05,False
1.5404768898545054e-05,False
1.5417431957226476e-05,False
1.542561512765142e-05,False
1.5437835072474157e-05,False
1.5445939367975365e-05,False
1.5458143820724102e-05,False
1.5470975612017333e-05,False
1.548334629414173e-05,False
1.5495588321556544e-05,False
1.5506801271660767e-05,False
1.5518611569006767e-05,False
1.5532000040117344e-05,False
1.5545090386649006e-05,False
1.5557715671910853e-05,False
1.5570897397392797e-05,False
1.558117982012551e-05,False
1.5569863009013508e-05,False
1.5582509211897008e-05,False
1.5594943908250342e-05,False
1.560912987463862e-05,False
1.5620972579720132e-05,False
1.5634569331678322e-05,False
1.564828731370101e-05,False
1.566009776448513e-05,False
1.56733157937807e-05,False
1.5686142770492333e-05,False
1.5699707248152594e-05,False
1.571270233226289e-05,False
1.5726357084538562e-05,False
1.573979792896935e-05,False
1.5747981592211515e-05,False
1.5748516384712584e-05,False
1.574941180604654e-05,False
1.5749527902878517e-05,False
1.575085542523203e-05,False
1.575149356815908e-05,False
1.5751711400233605e-05,False
1.575173280202168e-05,False
1.5755165051569865e-05,False
1.5755546570182686e-05,False
1.575661044854436e-05,False
1.5756214441889257e-05,False
1.5759908777523082e-05,False
1.5760131689219687e-05,False
1.0745754493271047e-05,False
1.074930656290628e-05,False
1.0751036152745617e-05,False
1.0752646646822097e-05,False
1.0754094991646509e-05,False
1.0755827873404268e-05,False
1.0769591484413138e-05,False
5.678489518276099e-06,False
2.818963270494226e-06,False
1.9911797505968954e-05,False
3.4117117698189836e-05,False
1.3968006878827705e-05,False
1.3843893586056144e-05,False
1.3719780570678239e-05,False
1.3596372094212648e-05,False
1.3392124766191866e-05,False
1.3270827233725818e-05,False
1.3150838977530631e-05,False
1.3030386618670256e-05,False
1.2910573020282865e-05,False
1.2792511786706356e-05,False
1.2674236370089977e-05,False
1.2556910085878654e-05,False
2.7568361910026217e-05,False
2.759307881335105e-05,False
2.7615460084226528e-05,False
2.7640230398532568e-05,False
1.1743843566685093e-05,False
2.768584392862129e-05,False
2.7711209220895867e-05,False
2.7733063389664588e-05,False
1.125378572724315e-05,False
1.1144469270306845e-05,False
1.1036696682925036e-05,False
1.0929524102333591e-05,False
1.0823314410709146e-05,False
2.787554371238255e-05,False
2.789987706425292e-05,False
2.792381626630941e-05,False
2.794693954009796e-05,False
2.797007941784065e-05,False
2.7992669843006914e-05,False
2.8017582512225155e-05,False
9.794604031029804e-06,False
9.633757424481361e-06,False
2.808747010891652e-05,False
2.811434929852266e-05,False
2.813648736666657e-05,False
2.8160031645136315e-05,False
2.8183557097283802e-05,False
2.820877427130551e-05,False
2.8232351472902713e-05,False
3.1122736810200607e-06,False
3.057465639482907e-06,False
3.003074369070255e-06,False
2.949146808750647e-06,False
2.896230828968551e-06,False
2.843003434479153e-06,False
2.7910574259490766e-06,False
2.739131174513641e-06,False
2.6877617037410416e-06,False
2.637447984299563e-06,False
2.5864632457639493e-06,False
2.536894807194781e-06,False
2.4876475345322094e-06,False
2.43837893760513e-06,False
2.3904001365444407e-06,False
2.3428095797604543e-06,False
2.2953012694071714e-06,False
2.248407639133348e-06,False
2.201549455004282e-06,False
2.1558827952347005e-06,False
2.1102550113009583e-06,False
2.0651219923784442e-06,False
2.021005834764107e-06,False
1.9768012570460206e-06,False
1.9334896293457417e-06,False
1.890406992339749e-06,False
1.8480985737154986e-06,False
1.805978677091201e-06,False
1.7644540742517423e-06,False
1.7235611019512406e-06,False
1.682967546857785e-06,False
1.6428423762155163e-06,False
1.620402696529385e-06,False
1.6212933958909388e-06,False
1.6223197579018776e-06,False
1.6235260572434762e-06,False
1.6248031017887162e-06,False
3.230780088821445e-06,False
3.175218449424014e-06,False
3.1197859797238018e-06,False
3.0648424975270148e-06,False
3.010607346914984e-06,False
2.957214511043683e-06,False
2.903747790402451e-06,False
2.8506345048464816e-06,False
2.7987703971710908e-06,False
2.746575580357229e-06,False
2.695314311926809e-06,False
2.6445089109984585e-06,False
2.5940289612204085e-06,False
2.519305053967574e-06,False
2.470442117292963e-06,False
2.4215550904419777e-06,False
2.3733162266541034e-06,False
2.3258581539914954e-06,False
2.2782043373065578e-06,False
2.2317510424512187e-06,False
2.185968534595116e-06,False
1.7087496697162918e-06,False
1.7112968635244284e-06,False
1.713816814897997e-06,False
1.7162235731473582e-06,False
1.7188650939359768e-06,False
1.7213540455602583e-06,False
1.7242187078886908e-06,False
1.7266427828279312e-06,False
1.7297193708930504e-06,False
1.732059405960274e-06,False
1.7348221059346049e-06,False
1.7377610175741478e-06,False
1.7405847496596432e-06,False
1.7432924493414753e-06,False
1.7461192240307494e-06,False
1.7492831518618536e-06,False
1.7518889059123803e-06,False
1.7559457552741679e-06,False
1.7590064545451313e-06,False
1.7618017943954362e-06,False
1.7650808759284383e-06,False
1.7680301733937368e-06,False
1.7711194079652985e-06,False
1.7743336892260394e-06,False
1.777483019915268e-06,False
1.7805555463876265e-06,False
1.7840167673294968e-06,False
1.7872037120628752e-06,False
1.7906240223020532e-06,False
1.7940228315857576e-06,False
1.7971999811047424e-06,False
5.4575582658006084e-05,False
5.453416686796228e-05,False
5.449604039556519e-05,False
5.445855703117078e-05,False
5.4421207738546654e-05,False
5.439358223545452e-05,False
5.436297374342429e-05,False
1.823456507011907e-06,False
1.8268350398872359e-06,False
5.4361240026073754e-05,False
5.4322014526526276e-05,False
5.4284832471106633e-05,False
5.424674905935546e-05,False
5.4209320241208845e-05,False
5.417289234864642e-05,False
5.415526986220665e-05,False
5.411545091839959e-05,False
5.407854088525676e-05,False
5.4042292493664524e-05,False
5.400512864985075e-05,False
5.396809872175241e-05,False
5.393199581372233e-05,False
5.389379280093321e-05,False
5.385967010625521e-05,False
5.382621043248098e-05,False
5.378762175949989e-05,False
5.088549588637562e-05,False
4.813439451001015e-05,False
4.5213453330664595e-05,False
4.25910296907953e-05,False
4.041042334611182e-05,False
3.7979716157343684e-05,False
3.503182537740211e-05,False
3.221345703030771e-05,False
2.9432530508646316e-05,False
2.674838236989273e-05,False
2.7370704632189223e-05,False
2.741719847535525e-05,False
2.7454702360873107e-05,False
2.7346175753944322e-05,False
2.739354412869228e-05,False
2.744028135784003e-05,False
2.7487352016112273e-05,False
2.75345149973989e-05,False
2.7581529814447623e-05,False
2.7628396939398523e-05,False
2.766750621373908e-05,False
2.7715021015353386e-05,False
2.7761880584912484e-05,False
2.78103275876196e-05,False
2.785661984902651e-05,False
2.7904501736032396e-05,False
2.795148472102983e-05,False
2.7998832932194698e-05,False
2.8038998692627662e-05,False
2.8088463905328146e-05,False
2.8137585689214546e-05,False
2.8184730259626905e-05,False
2.8233240782172164e-05,False
2.8281843627730427e-05,False
2.832830344709083e-05,False
2.8377089193496606e-05,False
2.841859501938269e-05,False
2.846607165955573e-05,False
2.8515591598219273e-05,False
2.8564965902444094e-05,False
2.8614195023053548e-05,False
2.866251137839997e-05,False
2.871198268935249e-05,False
2.8759712185662027e-05,False
2.8802574590418197e-05,False
2.885076624298653e-05,False
2.8900767485427548e-05,False
2.8950860746779654e-05,False
2.9000574037041093e-05,False
2.905085163676458e-05,False
2.90997364489864e-05,False
2.9149961905836506e-05,False
2.919162503884768e-05,False
2.9241546539014166e-05,False
2.9291796086841228e-05,False
2.9343391212217433e-05,False
3.2467070638718886e-05,False
3.0759430873786514e-05,False
2.7279196079015547e-05,False
2.0601507821550593e-05,False
1.6445765848834043e-05,False
1.6937452001178674e-05,False
1.66563437442252e-05,False
1.5946925259183327e-05,False
1.527298930533626e-05,False
1.4631295460350734e-05,False
1.4026587049279967e-05,False
1.3454812657909584e-05,False
1.2917710712294069e-05,False
1.2415998990816193e-05,False
1.1947132533838567e-05,False
1.1513713590264227e-05,False
8.249071304948554e-06,False
8.228823256251495e-06,False
8.208532348301193e-06,False
8.188165685422261e-06,False
8.220601996246061e-06,False
8.20006906044267e-06,False
8.179723120997798e-06,False
8.160127185816862e-06,False
8.139888864938304e-06,False
8.136775646168877e-06,False
8.120393789865698e-06,False
8.104263587386803e-06,False
8.101333339152702e-06,False
8.08450855874575e-06,False
8.06823721372425e-06,False
8.065478462302698e-06,False
8.049593805282005e-06,False
8.03358674200509e-06,False
8.031011438888028e-06,False
8.013710385964994e-06,False
7.99839007542796e-06,False
7.99545800768038e-06,False
7.976096232116027e-06,False
7.956586086299743e-06,False
7.936655804292405e-06,False
7.91755039368279e-06,False
7.983719223281202e-06,False
7.968309283140679e-06,False
7.951711457810426e-06,False
7.949395413712144e-06,False
7.932667998954816e-06,False
7.917490281212083e-06,False
7.91493443132111e-06,False
7.896144081300829e-06,False
7.876107828674294e-06,False
7.856567792981276e-06,False
7.837781562755129e-06,False
7.836147324422771e-06,False
7.816390233436503e-06,False
7.797461503889886e-06,False
7.7784394252994e-06,False
7.758967514325944e-06,False
7.75656921431483e-06,False
7.737967748541487e-06,False
7.718409080016773e-06,False
1.2862256473954572e-05,False
1.2863542230783804e-05,False
1.286614528562129e-05,False
1.2866852827939286e-05,False
1.286879992846617e-05,False
1.2869896371346863e-05,False
1.2871845570535692e-05,False
1.5521404639112428e-05,False
2.2201940042274413e-06,False
2.1454450556707344e-06,False
2.0957194291155376e-06,False
2.061420908601054e-06,False
2.0272990639487673e-06,False
1.993706991283492e-06,False
1.9531440552935183e-06,False
1.9199720323062295e-06,False
1.2947236168412161e-05,False
1.2948989084030897e-05,False
1.294988866734585e-05,False
1.2951643813765851e-05,False
1.2952933855320124e-05,False
1.2953564398179882e-05,False
1.2955516739592573e-05,False
1.2957936693945466e-05,False
2.4443876770540084e-06,False
2.451568567575152e-06,False
2.458310280313885e-06,False
2.466025937851601e-06,False
2.4730102949355624e-06,False
2.4802167244947194e-06,False
2.48755600676203e-06,False
2.495010841306012e-06,False
2.5025923013232133e-06,False
2.744592933209461e-06,False
3.014453544557307e-06,False
3.312018462349134e-06,False
3.707515150422669e-06,False
4.238251895628249e-06,False
4.762567314604204e-06,False
5.2436792429465595e-06,False
5.76074337481521e-06,False
6.888302634426455e-06,False
1.1053808790085768e-05,False
1.6195895621492327e-05,False
2.2360510132724853e-05,False
2.3746886304515144e-05,False
2.365843473497462e-05,False
2.3849449571313772e-05,False
2.4317744797178932e-05,False
2.499173281258527e-05,False
2.5719580549615958e-05,False
2.5392206208785816e-05,False
2.4889219458648785e-05,False
2.4397317454598067e-05,False
2.3916172083642372e-05,False
2.413350772297401e-05,False
2.7174898055919934e-05,False
3.0497299346461376e-05,False
3.409845373036535e-05,False
3.79779573509985e-05,False
4.122646743450895e-05,False
4.378742797135769e-05,False
4.6408417932923736e-05,False
4.910258467218899e-05,False
5.062222510252289e-05,False
4.392002133403325e-05,False
3.7839746353782815e-05,False
3.2640791555068764e-05,False
2.7992860159446002e-05,False
2.8435167427632713e-05,False
2.9747029357124152e-05,False
3.071821350063273e-05,False
3.174349134376031e-05,False
3.1464612665779026e-05,False
3.149003643783777e-05,False
3.291197604637312e-05,False
3.44096404681861e-05,False
3.6148077149007824e-05,False
3.624354588219073e-05,False
3.442458727740903e-05,False
3.265428403687981e-05,False
3.093532992813887e-05,False
2.92676556940251e-05,False
2.7509960150750753e-05,False
2.454472510823519e-05,False
2.3780987395993577e-05,False
2.3029119458822424e-05,False
1.9441057586923574e-05,False
1.5746876181045426e-05,False
1.5287480727914234e-05,False
1.6846445007244888e-05,False
1.8546020304141755e-05,False
1.900154160835653e-05,False
2.0230533297286317e-05,False
2.1713524249339043e-05,False
2.3448712127677678e-05,False
2.543666805462738e-05,False
2.7677864431786794e-05,False
3.017289847090663e-05,False
2.7866074507539373e-05,False
2.2253641736809704e-05,False
1.753943928615679e-05,False
1.3722576243059173e-05,False
1.080322776495809e-05,False
8.782184756958071e-06,False
9.423481643235087e-06,False
1.0463406420808513e-05,False
1.1757139631072058e-05,False
1.3381661721845605e-05,False
1.5336161827174948e-05,False
1.750598354357139e-05,False
1.4040993633886665e-05,False
1.0462404209780755e-05,False
7.688105289436347e-06,False
8.797072352872656e-06,False
8.614763734148961e-06,False
8.439233568653976e-06,False
8.269999019688608e-06,False
8.107059235745172e-06,False
7.950734151885775e-06,False
7.801019415284436e-06,False
7.657776297422717e-06,False
7.521466284862573e-06,False
7.3912745393943615e-06,False
7.2674495442973e-06,False
7.1504073233737615e-06,False
7.039994285426144e-06,False
6.927213335860733e-06,False
6.821288315299476e-06,False
6.721706831781578e-06,False
6.628806533907868e-06,False
6.542634777978621e-06,False
6.375050217980727e-06,False
5.997355431815805e-06,False
5.630951140284999e-06,False
5.276843705731914e-06,False
4.9342341820613004e-06,False
4.603359201561859e-06,False
4.284534962224088e-06,False
3.977251051156954e-06,False
3.6814325256599426e-06,False
3.3973898134445975e-06,False
3.1253991085960104e-06,False
2.8649572729944037e-06,False
2.616440466952189e-06,False
2.3793214139021425e-06,False
2.0514879050499646e-06,False
1.4595164742552182e-06,False
9.19497341438524e-07,False
5.313266184188102e-07,False
3.1170294160240723e-07,False
2.606815675689059e-07,False
3.783322022339646e-07,False
6.643354598465952e-07,False
1.1189576581204611e-06,False
1.7420249775997968e-06,False
2.5337307837220523e-06,False
7.774312446699436e-07,False
9.095948587236717e-07,False
7.8810605197224e-07,False
3.19781769499913e-07,False
2.1844780647277095e-07,False
4.840347146625534e-07,False
1.1052777676127243e-06,False
2.0722000688195227e-06,False
3.115055843776757e-06,False
3.570776588702463e-06,False
4.109129463997722e-06,False
4.275606197088692e-06,False
3.0878129179890724e-06,False
2.3836497589258784e-06,False
2.044080107126887e-06,False
1.8245897447425484e-06,False
1.7251532134236825e-06,False
1.7458939745384377e-06,False
1.8868703625605814e-06,False
2.1480079322855517e-06,False
2.529391615291167e-06,False
3.030615117147382e-06,False
3.4300017457185707e-06,False
3.149071345053421e-06,False
3.096314563591378e-06,False
3.9290475503846045e-06,False
4.894179740204894e-06,False
6.178044067760765e-06,False
7.228366942635428e-06,False
6.420736409336717e-06,False
6.070814129876535e-06,False
5.9995317340449936e-06,False
5.9130671395571915e-06,False
5.719296051818905e-06,False
5.528694467412276e-06,False
5.3422362694309446e-06,False
5.15926884342025e-06,False
4.979921853618154e-06,False
4.803895077231599e-06,False
4.592477745573074e-06,False
3.5822885439010745e-06,False
3.544569079562152e-06,False
4.123073678689932e-06,False
4.820780694447346e-06,False
5.636808086089765e-06,False
6.023620676823261e-06,False
6.353306080761084e-06,False
6.6939597576452615e-06,False
7.043648459849331e-06,False
7.403856113555542e-06,False
7.774397286756533e-06,False
8.153902078216143e-06,False
8.543942584259838e-06,False
8.944779879165629e-06,False
9.35520665215704e-06,False
9.775071508147226e-06,False
1.0205173824166683e-05,False
1.064579488886705e-05,False
1.0999868306630611e-05,False
1.1347387321516372e-05,False
1.0074216577406163e-05,False
8.378139155175342e-06,False
9.322224902230789e-06,False
1.0367920165586826e-05,False
1.169709135727135e-05,False
1.2234726272455884e-05,False
1.2316559586766268e-05,False
1.2402167455938924e-05,False
1.2487703011202924e-05,False
1.2576034324536594e-05,False
1.266421383286055e-05,False
1.2753191548673073e-05,False
1.2844744444993922e-05,False
1.2937797785712992e-05,False
1.3031388505662e-05,False
1.312708685185287e-05,False
1.3222578240772972e-05,False
2.277945338170318e-06,False
1.3229318666273404e-05,False
1.3230951512724288e-05,False
1.3233698721602116e-05,False
1.3236319362766775e-05,False
1.3237163658808641e-05,False
1.3239171362380969e-05,False
1.3241365624557971e-05,False
1.3244544635402279e-05,False
1.3246564474840976e-05,False
1.3247901650665152e-05,False
2.3473717852205032e-06,False
2.354907939526064e-06,False
1.3261067681308987e-05,False
1.3262777691896473e-05,False
1.3264607241026712e-05,False
1.3265948461085457e-05,False
1.3268150927277694e-05,False
1.3269004451145925e-05,False
1.3271513497815323e-05,False
1.3273617310797607e-05,False
1.3274482098904758e-05,False
1.327902702365064e-05,False
2.4271244115408197e-06,False
2.434466874091444e-06,False
1.3289502298453154e-05,False
1.3291712148690845e-05,False
1.3293923073061453e-05,False
1.3297417351926496e-05,False
1.329809301549154e-05,False
1.330049172256907e-05,False
1.3302030308472765e-05,False
1.330620301410605e-05,False
1.3306696838806995e-05,False
1.3307561661495596e-05,False
1.3309779921793571e-05,False
1.3312369161096173e-05,False
1.3312866739664782e-05,False
1.3316165934363407e-05,False
1.33188798293528e-05,False
1.3319749762300712e-05,False
1.332111244908864e-05,False
1.332333771677127e-05,False
2.6727856177543496e-06,False
2.686865741354466e-06,False
2.70091913205444e-06,False
1.3348988921116423e-05,False
1.335084479657636e-05,False
1.3353871996309162e-05,False
1.3356393507463457e-05,False
2.768787476559785e-06,False
2.78309826523531e-06,False
2.7977929453994585e-06,False
2.8129679387991116e-06,False
2.8273328491809432e-06,False
2.8422714100216266e-06,False
2.857198051083333e-06,False
2.8722992140832594e-06,False
2.887170861050509e-06,False
2.9025592604477115e-06,False
2.917092692383831e-06,False
2.9329238932428372e-06,False
2.9479866534747393e-06,False
2.963795471571773e-06,False
3.733491869140095e-06,False
1.5246678719062516e-05,False
1.5248534163915235e-05,False
1.5248045411415229e-05,False
1.5251789029943782e-05,False
1.5254140266693798e-05,False
1.5257972978119975e-05,False
1.5258639520821308e-05,False
1.526054031427681e-05,False
1.526280681932768e-05,False
1.5265886384171584e-05,False
1.5266110896185815e-05,False
1.5268460964993874e-05,False
1.526984059461792e-05,False
1.5270512730851064e-05,False
1.527215769156237e-05,False
1.5274067601850495e-05,False
1.5274256206832584e-05,False
1.527639074463005e-05,False
1.5278045337909698e-05,False
4.10701600456203e-06,False
1.5283590154799252e-05,False
1.528501979922816e-05,False
1.528948798427716e-05,False
4.186635919252666e-06,False
4.20782997116367e-06,False
4.228746765430182e-06,False
4.249924246998467e-06,False
6.165581952743327e-06,False
6.609473613110483e-06,False
1.058158821285319e-05,False
2.264856750013209e-05,False
2.545908758979097e-05,False
2.629999268637551e-05,False
2.473138793021287e-05,False
3.3223149417221045e-05,False
4.5611075326770274e-05,False
5.4722949654972074e-05,False
5.761409344944489e-05,False
3.590274254605647e-05,False
3.7174575467139795e-05,False
4.0571448911057044e-05,False
4.134983824244438e-05,False
3.7598004730729536e-05,False
3.2075775537524805e-05,False
3.130440691450595e-05,False
2.2660139746509957e-05,False
1.963163699974137e-05,False
2.400396704192836e-05,False
2.9532410072730792e-05,False
3.097471690850041e-05,False
1.6263112928720117e-05,False
1.149335814992969e-05,False
1.5397556692691994e-05,False
1.8913584590088502e-05,False
1.147518679267062e-05,False
1.0949773614367299e-05,False
1.0419078329296001e-05,False
9.949210046324801e-06,False
9.538955376735852e-06,False
8.455254423031694e-06,False
7.182065437798475e-06,False
6.009974408535665e-06,False
4.9227078988907855e-06,False
3.944732350732045e-06,False
3.0754281792281475e-06,False
2.3151320385109697e-06,False
1.0648604190360655e-06,False
4.757219068191852e-08,False
5.997477516583636e-07,False
2.0207886278604895e-06,False
6.926446115740872e-07,False
3.307773322411144e-07,False
3.263859989062552e-06,False
5.346860232058974e-06,False
2.1351798080492515e-06,False
1.6683319017791386e-06,False
2.329256491395518e-06,False
3.6246300758883287e-06,False
3.98848804353119e-06,False
7.372838508945385e-06,False
6.034079942409016e-06,False
5.437596017003233e-06,False
4.874695827575554e-06,False
4.683306152272852e-06,False
5.63788725524684e-06,False
6.655560179978428e-06,False
7.76784992619956e-06,False
8.973414849223858e-06,False
1.0273908059302066e-05,False
1.1667746608477025e-05,False
1.118359669635772e-05,False
1.230608630762224e-05,False
1.2864493856494684e-05,False
1.3231822163599106e-05,False
1.3505446896724854e-05,False
1.3794451295719562e-05,False
1.4093262706748918e-05,False
1.4405616226759702e-05,False
1.4730422994025689e-05,False
1.506900240312379e-05,False
1.541894675910025e-05,False
1.5780778162712162e-05,False
1.615656140950249e-05,False
1.6544192070366945e-05,False
1.6943650081502704e-05,False
1.7356881629619286e-05,False
1.7783422079382688e-05,False
1.8221036479820176e-05,False
1.8670449560896958e-05,False
1.9134407073047752e-05,False
1.9609202374703104e-05,False
2.0097986518037854e-05,False
1.945296091975627e-05,False
1.8831201818918223e-05,False
1.82293872678476e-05,False
1.765249183933559e-05,False
1.709856100404124e-05,False
1.6565866924293598e-05,False
1.605711523210354e-05,False
1.5570583807525308e-05,False
1.5106052877848598e-05,False
1.4665358862270205e-05,False
1.4246057867873195e-05,False
1.3851067869429186e-05,False
1.3479106431184122e-05,False
1.2840391813316757e-05,False
1.2054668393021335e-05,False
1.2285227486430757e-05,False
1.0621135210913918e-05,False
8.868282228535681e-06,False
7.284308950420624e-06,False
5.868468826102316e-06,False
5.254204589775743e-06,False
5.1270766676606795e-06,False
5.9114347209636664e-06,False
7.175836489063085e-06,False
3.3841345990105538e-06,False
2.6430962193364954e-06,False
1.647167817800365e-06,False
3.1451665056352064e-06,False
4.7333470287311885e-06,False
2.557483294013022e-07,False
7.563850045519231e-07,False
1.1643607440081022e-06,False
1.3622401926989853e-08,False
1.5440703173533419e-06,False
2.7041838548170856e-06,False
3.818723702201015e-06,False
5.125823721424119e-06,False
6.5949187170554715e-06,False
8.244321550268396e-06,False
1.0078025288545147e-05,False
1.1200740832887408e-05,False
1.1899830397783907e-05,False
1.2771444775209217e-05,False
2.1298739690299502e-05,False
1.4441884353797066e-05,False
1.5340258398723943e-05,False
3.448984808021879e-05,False
2.8766925706642175e-05,False
2.316344407357393e-05,False
2.4949724006692206e-05,False
3.231603760442735e-05,False
3.648570369465119e-05,False
4.556330597916932e-05,False
4.385147045293344e-05,False
3.9434706335103154e-05,False
5.553950889866141e-05,False
5.951302085229457e-05,False
4.5951996024950215e-05,False
3.0078536575609254e-05,False
2.6808343566215013e-05,False
2.6918144895112143e-05,False
2.1334576482858082e-05,False
6.729750646830877e-06,False
6.7318935789859685e-06,False
6.733338044652971e-06,False
1.381886035906221e-05,False
6.737827241470517e-06,False
6.739555287950708e-06,False
6.741569992285801e-06,False
6.743852313001751e-06,False
6.746117573971337e-06,False
6.748777622459625e-06,False
6.750068787812502e-06,False
6.752555644093093e-06,False
2.0114114478767697e-05,False
2.0125878396796456e-05,False
2.0138729642022836e-05,False
6.76087971674967e-06,False
6.763453052425544e-06,False
6.766409795455913e-06,False
2.0158043451783142e-05,False
2.0170370122707966e-05,False
2.018087663286491e-05,False
2.019274421448076e-05,False
2.0202660893732848e-05,False
2.0214600375174e-05,False
2.0227137251700363e-05,False
2.0235116514352798e-05,False
1.8686077691161207e-05,False
1.8686079109849192e-05,False
1.8686795657753943e-05,False
1.868755961010166e-05,False
1.8689990455839873e-05,False
6.760299082971613e-06,False
6.761753585263669e-06,False
6.763118389532974e-06,False
6.7647586246998684e-06,False
1.8712983757384666e-05,False
1.993839105265329e-05,False
1.9943242398694363e-05,False
1.994910356787815e-05,False
1.9955102335184958e-05,False
1.9959917889496574e-05,False
1.9968889013283748e-05,False
1.997441094550698e-05,False
1.9979747895747895e-05,False
1.998512949770112e-05,False
1.9990786762823266e-05,False
1.999827493583522e-05,False
2.0003890298936012e-05,False
2.000756651041971e-05,False
2.0013404450812112e-05,False
2.0020051959434417e-05,False
2.0026337180210206e-05,False
2.003241428905603e-05,False
2.0037963213114126e-05,False
2.0044492540374063e-05,False
2.0051191278427737e-05,False
2.0056404145109013e-05,False
2.00620093848236e-05,False
2.0068015674428178e-05,False
2.0074799296555535e-05,False
2.008171715084177e-05,False
2.00877375813184e-05,False
2.009391998013571e-05,False
2.0100147030665326e-05,False
2.0106893814374328e-05,False
2.0112861138896868e-05,False
2.0119810781372197e-05,False
2.0124328163896098e-05,False
2.0131958141223247e-05,False
2.0138690309387712e-05,False
2.0145467819922403e-05,False
2.0152875898372095e-05,False
2.0159743690625746e-05,False
2.0167000628034512e-05,False
2.017279030772589e-05,False
2.0179794183006364e-05,False
2.0187184942406057e-05,False
2.019436538950548e-05,False
2.0201841513274284e-05,False
2.020868274322621e-05,False
2.021624805148296e-05,False
2.0223762713494602e-05,False
2.022976767287076e-05,False
2.0238046182442282e-05,False
2.024536081923045e-05,False
2.0252568363597874e-05,False
2.0259389072143363e-05,False
2.026741837626781e-05,False
6.82232045574406e-06,False
6.8237442743281066e-06,False
1.5578700194072965e-05,False
1.558041509539745e-05,False
1.5581108083342293e-05,False
1.558512525802953e-05,False
1.5584968976079833e-05,False
1.5586090131987858e-05,False
1.5587810484049867e-05,False
1.558923263861588e-05,False
1.559159311713586e-05,False
1.5592591990573525e-05,False
1.559452939089411e-05,False
1.5595655545059844e-05,False
1.5598620089037127e-05,False
1.5600048190334965e-05,False
1.5600239305905875e-05,False
1.5602995285419585e-05,False
1.5603701040986525e-05,False
1.560631059140033e-05,False
1.560710652063942e-05,False
6.854566917712533e-06,False
1.561442532236326e-05,False
1.5617962988498195e-05,False
6.859937685295543e-06,False
1.56253742664545e-05,False
1.5626810913213517e-05,False
1.6275932002795024e-05,False
1.627694929869792e-05,False
1.6278540106523026e-05,False
1.6280356592268144e-05,False
1.6281887514957633e-05,False
1.628297048704206e-05,False
1.6285830826953135e-05,False
1.628691574355989e-05,False
1.6288674625555584e-05,False
1.629049736214253e-05,False
1.629113673111978e-05,False
1.6301393067360113e-05,False
1.6303441401832253e-05,False
1.6305490810439173e-05,False
1.630658060708956e-05,False
1.6310792876047445e-05,False
1.6311820579277386e-05,False
1.6313713380307874e-05,False
1.6314230341232138e-05,False
1.6318669467493864e-05,False
1.6320212680432544e-05,False
1.632130846697967e-05,False
1.632343097900496e-05,False
1.6324240072272756e-05,False
1.6326076024326773e-05,False
1.6327175939793867e-05,False
1.632946204264816e-05,False
1.633107731779158e-05,False
1.6331442954377062e-05,False
1.633350820212894e-05,False
1.633461317668364e-05,False
1.633690433266294e-05,False
1.633874894364511e-05,False
1.6341108682671354e-05,False
1.6341256369087826e-05,False
1.634274705616219e-05,False
1.6344662877281723e-05,False
1.6345998637407455e-05,False
1.634682086806399e-05,False
1.6379283311122572e-05,False
1.6380839921728152e-05,False
1.638246396848882e-05,False
1.6383350484273733e-05,False
1.6384685989999456e-05,False
1.6388550142689806e-05,False
1.6388991554982123e-05,False
1.639026236985479e-05,False
1.639211651414523e-05,False
2.0150020152436105e-05,False
2.015070313604019e-05,False
2.015110323730164e-05,False
2.0152959861964704e-05,False
2.01535321749066e-05,False
2.0155721154769086e-05,False
2.0155907960914108e-05,False
2.015681389379559e-05,False
2.016112170477624e-05,False
2.015945754838629e-05,False
2.01614348899261e-05,False
2.016084075407764e-05,False
2.016636043920654e-05,False
2.0166836172822128e-05,False
2.0168032491658256e-05,False
2.016922994714706e-05,False
2.0169076323124554e-05,False
2.0170842836293682e-05,False
2.0171258136643473e-05,False
2.0172743320294283e-05,False
2.0174215476742793e-05,False
2.018446210760058e-05,False
2.0183810146009665e-05,False
2.0188915204432784e-05,False
2.0189719972777963e-05,False
2.0726365393176583e-05,False
2.0196106381599352e-05,False
2.0196527565977413e-05,False
2.0197736072201248e-05,False
2.1549531484444494e-05,False
2.1770838341618016e-05,False
2.199332040951628e-05,False
2.221697841738457e-05,False
2.2441328641623678e-05,False
2.2719178334792894e-05,False
2.294639680114484e-05,False
2.3174620573294607e-05,False
2.3368837121372744e-05,False
2.354756657427175e-05,False
2.3726364885461645e-05,False
2.026939375320541e-05,False
2.027189846344741e-05,False
2.0272891943700453e-05,False
2.0276460724918337e-05,False
2.027666751718799e-05,False
2.027788407915088e-05,False
2.027995259568086e-05,False
2.028060418241606e-05,False
2.516467375985351e-05,False
2.5193425255251776e-05,False
2.5222155078883637e-05,False
2.524980802629932e-05,False
2.527881825328497e-05,False
2.710017275918197e-05,False
2.1111849524352016e-05,False
2.1116988277142175e-05,False
2.1123745081676452e-05,False
2.1130407639418124e-05,False
2.728817135839352e-05,False
2.7336153569213116e-05,False
2.737508633386853e-05,False
2.115813587470993e-05,False
2.1164711248293493e-05,False
2.749325475027482e-05,False
2.7532874368125754e-05,False
2.7576247620870594e-05,False
2.761780792169352e-05,False
2.765724821906956e-05,False
2.7699795254600176e-05,False
2.7741626936202e-05,False
2.778354617963042e-05,False
2.7844303384735397e-05,False
2.7886257352085528e-05,False
2.7929131000165474e-05,False
2.7972666872838217e-05,False
2.8015580407504937e-05,False
2.8058860027112624e-05,False
2.8101042528588765e-05,False
2.8148837204651737e-05,False
2.8192333616756796e-05,False
2.823531166293941e-05,False
2.8278160599079587e-05,False
2.832380536946102e-05,False
2.8367956792492926e-05,False
2.8412162588361955e-05,False
2.8456639523226713e-05,False
2.8500991606310066e-05,False
2.854521972522009e-05,False
2.859514430678755e-05,False
2.1344379417780137e-05,False
2.135000576485815e-05,False
2.1357868503374537e-05,False
2.1364189927249208e-05,False
2.1229084920365722e-05,False
2.709448255658307e-05,False
2.7146027551969726e-05,False
2.718536506930392e-05,False
2.126996495010474e-05,False
2.1270290590309653e-05,False
2.1275396655958617e-05,False
2.127631356705774e-05,False
2.128150392528624e-05,False
2.128124237007298e-05,False
2.7447888910704616e-05,False
2.7487544227958505e-05,False
2.752736329794464e-05,False
2.757424597077054e-05,False
2.7614426736129916e-05,False
2.7659153451365276e-05,False
2.7699440428284663e-05,False
2.7766083908184828e-05,False
2.138079069176656e-05,False
2.1382720944328162e-05,False
2.1387021559222435e-05,False
2.794561545314444e-05,False
2.7987682331977102e-05,False
2.142736152541258e-05,False
2.1428783496761534e-05,False
2.143020654224582e-05,False
2.143103832010852e-05,False
2.1433917795716647e-05,False
2.1435852069426792e-05,False
2.143677066093876e-05,False
2.144037077017968e-05,False
2.1440698230521633e-05,False
2.8389347281425326e-05,False
2.844924342128476e-05,False
3.162980316168783e-05,False
2.2718099584614218e-05,False
2.2713264788919785e-05,False
2.2711813788123995e-05,False
2.2710987213353404e-05,False
2.2707328997198924e-05,False
2.270542932795375e-05,False
2.270464790883273e-05,False
2.2703927621789768e-05,False
2.270265791326346e-05,False
2.2699739786050006e-05,False
2.269626295553596e-05,False
2.2696768841955068e-05,False
2.2696214483891667e-05,False
2.269831097621498e-05,False
2.2696624150706102e-05,False
2.269446214957427e-05,False
2.269287807759168e-05,False
2.2692970498831864e-05,False
2.2692389502845615e-05,False
3.248340850812668e-05,False
3.247150434154078e-05,False
2.2707261711123663e-05,False
2.2704681481616707e-05,False
2.2701475398495308e-05,False
2.2707568195323682e-05,False
2.2706125264229147e-05,False
2.27053317060416e-05,False
2.2701713196714344e-05,False
2.2702636940882707e-05,False
2.2700246258712657e-05,False
2.2698962266098636e-05,False
2.2697185054268506e-05,False
2.2696519199097135e-05,False
2.269581757601569e-05,False
2.2695720637886775e-05,False
2.2692898355145664e-05,False
2.2692958272679146e-05,False
2.269077794295732e-05,False
2.2690299287136647e-05,False
2.2688202510344906e-05,False
2.268780830645155e-05,False
2.2687301077410722e-05,False
2.2686985127442802e-05,False
2.2686105846130403e-05,False
2.268697041621475e-05,False
2.2683900061851875e-05,False
2.2682570747150026e-05,False
2.268294146895729e-05,False
2.2682809532073833e-05,False
2.2404177110472458e-05,False
2.2186847279064147e-05,False
2.2035982505091863e-05,False
2.1960621962263504e-05,False
2.1971476666881307e-05,False
2.2022709943000797e-05,False
2.2114265308837076e-05,False
2.224552865558248e-05,False
2.2418809920552033e-05,False
2.2632386921983422e-05,False
2.288909507880881e-05,False
2.2867771963551374e-05,False
2.2674321554506234e-05,False
2.2483680736681524e-05,False
2.2294828364530338e-05,False
2.2108277871283382e-05,False
2.1920262843980478e-05,False
2.1738487069327993e-05,False
2.155789230156165e-05,False
2.1377977167651633e-05,False
2.1200429482252788e-05,False
2.102299451649716e-05,False
2.084735657131961e-05,False
2.0674079650740392e-05,False
2.0504747497682725e-05,False
2.0334448523758694e-05,False
2.0167605113759015e-05,False
2.000304014065774e-05,False
1.9838714636631598e-05,False
1.967613280772796e-05,False
1.9514846547366488e-05,False
1.9357444559033884e-05,False
1.9199726643860273e-05,False
1.9044846881832757e-05,False
1.8892773861685963e-05,False
1.874148455985876e-05,False
1.8590938269796144e-05,False
1.8443177327309594e-05,False
1.8299312875904657e-05,False
1.815307929162978e-05,False
1.8011244226734435e-05,False
1.7870551514328482e-05,False
1.7730812876666093e-05,False
1.7594344568363972e-05,False
1.7459666153726392e-05,False
1.732463818564231e-05,False
1.719353663393342e-05,False
1.7065741878933144e-05,False
1.6937044792912937e-05,False
1.680882042344264e-05,False
1.6684337097079588e-05,False
1.6687099073236673e-05,False
1.6689406171148014e-05,False
1.672062682837641e-05,False
1.6722096470514404e-05,False
1.6722811337405016e-05,False
1.672568222219367e-05,False
1.6729431412965297e-05,False
7.335018518628508e-06,False
7.331054950239731e-06,False
7.393345351623916e-06,False
7.390149304148282e-06,False
7.386411754154176e-06,False
7.383261277727409e-06,False
7.3797210647536535e-06,False
7.3831434666538065e-06,False
7.3797989494367306e-06,False
7.3764553289396265e-06,False
7.373502842649159e-06,False
7.3690971305492245e-06,False
7.371649521871138e-06,False
7.3691770990815385e-06,False
7.3654023035433515e-06,False
7.361628566850777e-06,False
7.358724212659348e-06,False
7.361710272227678e-06,False
7.358177311325782e-06,False
7.355034877391726e-06,False
7.351698525052997e-06,False
7.347929055704487e-06,False
7.351393161987209e-06,False
7.3480133334991554e-06,False
7.344050672288795e-06,False
7.3413010900680556e-06,False
7.337774288483034e-06,False
7.340803713526793e-06,False
7.3374719065241025e-06,False
7.3341409962410205e-06,False
7.330571507718848e-06,False
7.327585696873655e-06,False
7.330225961466756e-06,False
7.326463570692757e-06,False
7.323569559771345e-06,False
7.3206308951004045e-06,False
7.3168712922247134e-06,False
7.319271800263015e-06,False
7.3163344143949345e-06,False
7.312770264358488e-06,False
7.3100739063904455e-06,False
7.306363320474828e-06,False
7.308717847439465e-06,False
7.306022830843203e-06,False
7.3031347365902424e-06,False
7.29933492319144e-06,False
7.296402497517523e-06,False
2.360590601792791e-05,False
2.3621934510654783e-05,False
2.363590253475748e-05,False
3.208658162125889e-05,False
3.2074289034208844e-05,False
3.2064159041823456e-05,False
3.205425092687531e-05,False
3.204361330744893e-05,False
3.2031880218049556e-05,False
2.3707976607191125e-05,False
2.372431678813143e-05,False
2.3740702311442173e-05,False
2.374499817641788e-05,False
2.3747813655054026e-05,False
3.197560780072919e-05,False
3.196626724150388e-05,False
3.195480869259684e-05,False
3.194470638545478e-05,False
2.3776796046452583e-05,False
2.3786847365929952e-05,False
3.189681610535798e-05,False
3.188511809445799e-05,False
3.738483360154094e-05,False
6.036936978469388e-05,False
7.943289264474737e-05,False
5.662657609311276e-05,False
5.657484234096077e-05,False
6.322381580790123e-05,False
4.602715802612894e-05,False
3.8546951179233474e-05,False
3.92902404939369e-05,False
2.7832082506654612e-05,False
3.837763362452027e-05,False
3.4335998442787685e-05,False
1.71002920884762e-05,False
2.466018425680055e-05,False
1.7334788092020757e-05,False
1.6614275181616186e-05,False
1.413005737984158e-05,False
1.147809042751413e-05,False
9.102616047492375e-06,False
7.004839805601207e-06,False
5.184953411102853e-06,False
3.6415122706173134e-06,False
2.1271878664643993e-06,False
1.2182040173664526e-06,False
7.579858138113321e-07,False
2.745314688876617e-06,False
1.8736971853671366e-07,False
2.6998930437062366e-06,False
1.5743179371511808e-06,False
1.2732639727013868e-06,False
2.589391441145583e-06,False
4.3236244855124e-06,False
6.6638764094424105e-06,False
5.715893212610939e-06,False
5.049426112743516e-06,False
7.402684410401142e-06,False
7.556903367491576e-06,False
9.586624465571395e-06,False
1.1865644732272025e-05,False
1.4397581199119522e-05,False
1.5134467771451327e-05,False
1.1960432817207088e-05,False
1.1371670679084669e-05,False
1.2828435182716174e-05,False
1.439176120914818e-05,False
1.6062702106475135e-05,False
1.7713503498968384e-05,False
1.832001933567181e-05,False
1.895955561111288e-05,False
1.9632120171173547e-05,False
2.033933008560172e-05,False
2.107737971533196e-05,False
2.185337379156032e-05,False
2.2661350494044224e-05,False
2.3501686728989705e-05,False
2.4011996247630803e-05,False
2.328462791380954e-05,False
2.3295107844603575e-05,False
2.3303836112639218e-05,False
2.331320968408402e-05,False
2.332552842771584e-05,False
2.3334485287547368e-05,False
2.3345787054984724e-05,False
2.3354190922490105e-05,False
2.3364943820231437e-05,False
2.3375267011738138e-05,False
2.3386071734142456e-05,False
2.3395252946262936e-05,False
2.3436885847671385e-05,False
2.3481422752046593e-05,False
2.3528810685965822e-05,False
2.358314463343919e-05,False
2.3640940341792267e-05,False
2.3699864764599106e-05,False
2.3766336829355683e-05,False
2.3833932426232105e-05,False
2.3908447389697272e-05,False
2.398528180021386e-05,False
2.4066077105064863e-05,False
2.415214958775551e-05,False
2.4240026467636105e-05,False
2.433355161087091e-05,False
2.44041087103582e-05,False
2.434528784147e-05,False
2.42888542280591e-05,False
2.4230889266666906e-05,False
2.41744816629565e-05,False
2.4118646581283894e-05,False
2.4060533645154592e-05,False
2.4002696405497825e-05,False
2.3947242425595806e-05,False
2.388973424153768e-05,False
2.383470990841561e-05,False
2.377858714997598e-05,False
2.372157166492709e-05,False
2.3665250682785773e-05,False
2.3610249713573315e-05,False
2.3555411731289105e-05,False
2.3500206258385577e-05,False
2.344516320915303e-05,False
2.3390282583589833e-05,False
2.333547846767378e-05,False
2.3278714067270936e-05,False
2.3225918660061375e-05,False
2.317107828828832e-05,False
2.3118079379441728e-05,False
2.3065398047292928e-05,False
2.3010440248734544e-05,False
2.2956257606204253e-05,False
2.2903379134231823e-05,False
2.2850129820507954e-05,False
2.2795304424302526e-05,False
2.2743517742645288e-05,False
2.269129184644289e-05,False
2.2638693996184395e-05,False
2.2584530933649326e-05,False
2.2534461830776792e-05,False
2.2480095322333504e-05,False
2.2429871129283812e-05,False
2.2376960619384142e-05,False
2.2325288163086235e-05,False
2.227378169645169e-05,False
2.2223612649211873e-05,False
2.2171897690629874e-05,False
2.2119272743378365e-05,False
2.207008326681302e-05,False
2.201890479209794e-05,False
2.196954353330929e-05,False
2.191864994737757e-05,False
2.1867346568334244e-05,False
2.1816819678727022e-05,False
2.1769185539435525e-05,False
2.1718411237757244e-05,False
2.166891126967951e-05,False
2.1620654744500173e-05,False
2.1570373141828015e-05,False
2.1521385907462174e-05,False
2.147303316672224e-05,False
2.142380750006014e-05,False
2.1375845860053832e-05,False
2.1328027079048263e-05,False
2.1278714312453698e-05,False
2.1230138736640484e-05,False
2.118390831182032e-05,False
2.1133444833751156e-05,False
2.1087542108939976e-05,False
2.104125610636883e-05,False
2.0992945299725973e-05,False
2.094588820422934e-05,False
2.089845293616091e-05,False
2.0852269474602696e-05,False
2.0805706753678078e-05,False
2.0758759687624917e-05,False
2.0713066103642853e-05,False
2.066753550659022e-05,False
2.0620538893246266e-05,False
2.057480044027319e-05,False
2.052868104672073e-05,False
2.0483790553033064e-05,False
2.0439606987991518e-05,False
2.0392901605156213e-05,False
2.03490419280326e-05,False
2.0302668343216907e-05,False
2.0260229751407514e-05,False
2.0213639619119684e-05,False
2.0169357610330552e-05,False
2.0125787440380467e-05,False
2.0082898524421474e-05,False
2.003913606126051e-05,False
1.999495430356449e-05,False
1.9952035503857973e-05,False
1.9908216584852165e-05,False
1.986456309224827e-05,False
1.982425702630603e-05,False
1.9778260136643867e-05,False
1.9737217812490013e-05,False
1.9694726825217272e-05,False
1.9651944218156017e-05,False
1.9608174035326555e-05,False
1.956728062316616e-05,False
1.9526496202260117e-05,False
1.9485374503401883e-05,False
1.944225828831248e-05,False
1.940041475040985e-05,False
1.9359291080766924e-05,False
1.9319315928358956e-05,False
1.927685620574933e-05,False
1.923886905402384e-05,False
1.91962497874867e-05,False
1.9155950674531812e-05,False
1.9116228947726396e-05,False
1.9075627987218612e-05,False
1.9036302234270568e-05,False
3.3134670542844155e-05,False
3.312511828424533e-05,False
3.309172818249171e-05,False
3.3081027551771076e-05,False
3.307083147980651e-05,False
3.3057473114246895e-05,False
3.304793654127828e-05,False
3.3028320235730955e-05,False
3.301547413558028e-05,False
3.30056186244695e-05,False
3.299576537314249e-05,False
3.298458487418753e-05,False
3.2973580049016175e-05,False
3.2961904242135215e-05,False
3.295040394449802e-05,False
3.2940562736527684e-05,False
3.292906742890362e-05,False
3.2914770674132154e-05,False
1.921248595305232e-05,False
1.9213138510830864e-05,False
1.9214834376779734e-05,False
1.9221231984926384e-05,False
1.9223003273421304e-05,False
1.922317459795619e-05,False
1.9245739838954812e-05,False
1.9247025651460133e-05,False
1.924816489515736e-05,False
1.9249863587930728e-05,False
1.9253814570928623e-05,False
7.638361331998795e-06,False
7.6560524339956e-06,False
3.6611603448082674e-05,False
3.659862021489447e-05,False
3.658546210597861e-05,False
3.657475756626141e-05,False
3.656387795435918e-05,False
3.6552304305153746e-05,False
3.654090464875243e-05,False
1.5369637111158116e-05,False
1.53643730842551e-05,False
1.5359907045319814e-05,False
1.535609739798717e-05,False
1.5502836793776593e-05,False
1.549848180335396e-05,False
1.549359862904928e-05,False
1.5488844656624024e-05,False
3.641169107714592e-05,False
3.639979873200518e-05,False
3.638721168234206e-05,False
3.637584891244012e-05,False
3.636413972244914e-05,False
1.5553242904000508e-05,False
1.555002600481394e-05,False
1.555402867082622e-05,False
3.631732527162182e-05,False
3.630702257619728e-05,False
1.5607439665930072e-05,False
1.5605491946963083e-05,False
1.560500796966119e-05,False
1.5605796727009298e-05,False
1.5600498970541276e-05,False
1.559747133847725e-05,False
1.560455939393918e-05,False
1.5600725492097932e-05,False
1.5595832599156326e-05,False
1.5602517896648033e-05,False
1.5598431984551187e-05,False
1.559406993415841e-05,False
1.5589834858915844e-05,False
1.5584541559097316e-05,False
1.5580055897040174e-05,False
1.557423548022362e-05,False
1.557093587137585e-05,False
1.5567723732406675e-05,False
1.5565570072558577e-05,False
1.5561214059634878e-05,False
1.5556858835286303e-05,False
1.555104397511286e-05,False
1.554669055342903e-05,False
1.554193474232386e-05,False
1.5537986075785706e-05,False
1.553403817936782e-05,False
1.5528756696954612e-05,False
1.5526204250367664e-05,False
1.552132750266575e-05,False
1.5516048672719008e-05,False
1.5511701597287484e-05,False
1.5507758371980535e-05,False
1.5502482389333832e-05,False
1.5499068131326354e-05,False
1.5493793967676505e-05,False
1.548852086287355e-05,False
1.5485972974735636e-05,False
1.5481507407001554e-05,False
1.5477693465843418e-05,False
1.5472826704553504e-05,False
1.546796095523294e-05,False
1.5464149156403926e-05,False
1.5463149793439084e-05,False
3.590556962532866e-05,False
3.589310663630541e-05,False
1.5497514209273513e-05,False
1.5493823097000628e-05,False
1.548935962313968e-05,False
1.5485020091725062e-05,False
1.548027779971644e-05,False
1.547448371845424e-05,False
1.5476490464790718e-05,False
3.5818850208440246e-05,False
1.5485292356994345e-05,False
1.5480024684966335e-05,False
1.5475687963483927e-05,False
1.5471352030574163e-05,False
1.5472889861510267e-05,False
1.544320992343352e-05,False
1.541024950239201e-05,False
1.537917828165358e-05,False
1.5348138423253924e-05,False
1.5317251576175964e-05,False
1.528587301635727e-05,False
1.5254526661561697e-05,False
1.5223612971682242e-05,False
1.5192851912750086e-05,False
1.5161480047510653e-05,False
1.5130261655904875e-05,False
1.509907546932027e-05,False
1.5067921487754457e-05,False
1.5037197628846551e-05,False
1.5005986973456972e-05,False
1.4975964558373147e-05,False
1.4944938016458318e-05,False
1.4912910488952965e-05,False
1.4883377351515725e-05,False
1.4852962565757283e-05,False
1.482142877528704e-05,False
1.4790442977988035e-05,False
1.4760637383150861e-05,False
1.4729834991040328e-05,False
1.4699458079727643e-05,False
1.4667814407795434e-05,False
1.4636716749619834e-05,False
1.4606828096238215e-05,False
1.4577089243996964e-05,False
1.4545968905189045e-05,False
1.451629214477797e-05,False
1.4484337270937934e-05,False
1.4454723525926018e-05,False
1.4424242422224345e-05,False
1.4394571605632928e-05,False
1.4363765435379389e-05,False
1.4333262068611896e-05,False
1.430392170065177e-05,False
1.42730946335525e-05,False
1.4242805903084645e-05,False
1.4213826936195176e-05,False
1.41841052869984e-05,False
1.4153407739498308e-05,False
1.4122861228131997e-05,False
1.4094389470759443e-05,False
1.4063020482106488e-05,False
1.4032955806352436e-05,False
1.4004073941166981e-05,False
1.3973689269164775e-05,False
1.394410304407927e-05,False
1.3913783639014607e-05,False
1.3883762165025173e-05,False
1.3854271378965108e-05,False
1.382492870308104e-05,False
1.37951199537061e-05,False
1.3765226851699932e-05,False
1.3735978791812025e-05,False
1.3705391274896372e-05,False
1.367696475042413e-05,False
1.3647810797202804e-05,False
1.3618077829545178e-05,False
1.358898681083977e-05,False
1.3559318029172401e-05,False
1.3529797411199157e-05,False
1.3500308998246159e-05,False
1.347172019962948e-05,False
1.3440937838451753e-05,False
1.3412902494856066e-05,False
1.3383916601484751e-05,False
1.3354587833201596e-05,False
1.3324802400938633e-05,False
1.3295538566240116e-05,False
1.326716771039089e-05,False
1.3238454646337377e-05,False
1.3210030183834353e-05,False
1.3180034876296217e-05,False
1.3151301952808379e-05,False
1.3121744335131432e-05,False
1.309355975477913e-05,False
1.3063697170364797e-05,False
1.30355750960788e-05,False
1.3006517116929166e-05,False
1.2977236670943146e-05,False
1.2948243829769804e-05,False
1.2919029174259467e-05,False
1.2891911929292573e-05,False
1.2863128075686943e-05,False
1.2835223020601408e-05,False
1.2806136443026927e-05,False
1.2777335498565986e-05,False
1.2749045375934626e-05,False
1.2720786615643282e-05,False
1.2692307575497311e-05,False
1.2663270934810339e-05,False
1.263510750423919e-05,False
1.2606975436007165e-05,False
1.2578511918823464e-05,False
1.255008060665738e-05,False
1.2522155723607305e-05,False
1.249414982389548e-05,False
1.2466175286522356e-05,False
1.2437995782973051e-05,False
1.240972394880349e-05,False
1.2381484319654208e-05,False
1.2352805819779391e-05,False
1.2325572242835416e-05,False
1.2297428705210526e-05,False
1.2269798907386622e-05,False
1.224148468855459e-05,False
1.2213905904895218e-05,False
1.2185656354324558e-05,False
1.2157906961044443e-05,False
1.2129844922205956e-05,False
1.2101926057926172e-05,False
1.2074394583179053e-05,False
1.2047481918989136e-05,False
1.2018717022828496e-05,False
1.1992098675099978e-05,False
1.1963521767499141e-05,False
1.193625851330749e-05,False
1.190926900245669e-05,False
1.1881022216334909e-05,False
1.1853743449700877e-05,False
1.1826957195210164e-05,False
1.1798808386820792e-05,False
1.177127374546527e-05,False
1.174412140912102e-05,False
1.1717459497866348e-05,False
1.1689910823451105e-05,False
1.1662732722896298e-05,False
1.1635477244082604e-05,False
1.1607905640099495e-05,False
1.1579671638551997e-05,False
1.1553197340592643e-05,False
1.1526644703395905e-05,False
1.1499429970015426e-05,False
1.1472247441654827e-05,False
1.14446433051767e-05,False
1.1417525710398007e-05,False
1.1391690468205279e-05,False
1.1364979994942115e-05,False
1.1337505378064433e-05,False
1.1311309776903731e-05,False
1.1284007958937777e-05,False
1.125708169030932e-05,False
1.1229855232468805e-05,False
1.1203550331193076e-05,False
1.1176729940985513e-05,False
1.1149824906950828e-05,False
1.1123954500694597e-05,False
1.1097220176853902e-05,False
1.107041109117222e-05,False
1.1043402169984007e-05,False
1.101710365878076e-05,False
1.099117478392497e-05,False
1.0964707281452785e-05,False
1.0938165330843592e-05,False
1.0912772947565043e-05,False
1.0885399466519567e-05,False
1.085851155262856e-05,False
1.0832328325919502e-05,False
1.0807385796987882e-05,False
1.0780488664782347e-05,False
1.0753836498450606e-05,False
1.072799111797693e-05,False
1.0702071330941005e-05,False
1.067584971675375e-05,False
1.0650212134534902e-05,False
1.06238354360393e-05,False
1.0597710008465756e-05,False
1.0571511725301758e-05,False
1.0567255230760479e-05,False
1.0563662490412735e-05,False
1.0560838202096918e-05,False
1.0557142210400664e-05,False
1.0553115789755712e-05,False
1.0549194883711411e-05,False
1.0545274813116333e-05,False
1.0541686908806865e-05,False
1.0537664212296662e-05,False
1.0533746691556624e-05,False
1.0530606171318833e-05,False
1.052669028214439e-05,False
3.5380358520247016e-05,False
3.54710408840133e-05,False
3.5560567411743904e-05,False
1.0623905668041549e-05,False
1.0631415242486684e-05,False
3.587336806403001e-05,False
3.596436613310922e-05,False
3.6055941687234734e-05,False
3.6148245485664965e-05,False
3.6239892786855176e-05,False
1.0675655755602771e-05,False
1.0671394550847011e-05,False
3.650709767870977e-05,False
3.6599228321220186e-05,False
3.6692636485858803e-05,False
3.6785553235220515e-05,False
1.0715296116431629e-05,False
1.071168628865878e-05,False
3.705604742854897e-05,False
1.0729059878749362e-05,False
1.0725346308492752e-05,False
3.733008735416047e-05,False
1.0742397531065473e-05,False
1.0738784753471747e-05,False
1.073473458265305e-05,False
1.0739572958065443e-05,False
3.777470215212514e-05,False
1.0746469978276418e-05,False
1.074319437725784e-05,False
3.805253456558976e-05,False
1.0758434571615202e-05,False
1.0755056880000206e-05,False
1.0750989313116855e-05,False
1.0747714453575478e-05,False
1.0752559256480891e-05,False
1.0748610537861925e-05,False
1.0744561841662364e-05,False
1.0741389729149153e-05,False
1.0745796526193696e-05,False
1.0742186884455238e-05,False
1.0738678489001554e-05,False
1.0733858148116143e-05,False
3.9223748284405766e-05,False
3.9321188884740705e-05,False
3.942087254753898e-05,False
3.951873688897024e-05,False
3.9617959631074315e-05,False
3.9720653511168445e-05,False
4.6767494368604594e-05,False
4.688188315864707e-05,False
4.6996700356118215e-05,False
4.710967821349673e-05,False
4.722795384698188e-05,False
4.734503635504292e-05,False
4.746120401339948e-05,False
1.6847239687335053e-05,False
1.6859895632825014e-05,False
1.687091447904543e-05,False
1.688271398371994e-05,False
1.6891154189170466e-05,False
4.811233423753164e-05,False
4.822919019752696e-05,False
4.8346259446108024e-05,False
4.8465189593859985e-05,False
4.858526205037906e-05,False
4.870205084210269e-05,False
1.6907245807337195e-05,False
1.6920278362431637e-05,False
4.904649977473308e-05,False
4.916616623312714e-05,False
4.92882496967841e-05,False
4.9407770642891464e-05,False
4.9527152809354e-05,False
1.6928694578746797e-05,False
1.694063793307257e-05,False
4.987421409398451e-05,False
1.694436740790385e-05,False
1.6956774247455582e-05,False
1.696923619584597e-05,False
1.698231574154306e-05,False
5.044297312997835e-05,False
5.056398895605958e-05,False
5.06852180707231e-05,False
5.082294397094067e-05,False
5.09453855940104e-05,False
5.1068803368125855e-05,False
5.119109327784588e-05,False
5.1313247430971384e-05,False
1.6982542619915435e-05,False
1.8136272286671912e-05,False
1.674945626694554e-05,False
1.4684155123209678e-05,False
1.2755351920285852e-05,False
1.0963705244898013e-05,False
9.309360219791255e-06,False
7.791043254082408e-06,False
1.0733845815187807e-05,False
7.641259350317876e-06,False
5.3297287095454315e-06,False
5.962116833238201e-06,False
7.001568051296895e-06,False
4.466935971170579e-06,False
4.953404944870821e-06,False
3.18168616212162e-06,False
1.6531248623327557e-06,False
8.46072496905181e-07,False
7.934944838953562e-07,False
9.041665262993457e-07,False
1.178098541647734e-06,False
6.702848384100607e-07,False
1.8346667119310119e-06,False
5.724906145279977e-06,False
3.607808542395746e-06,False
2.7513697183319277e-06,False
2.4859786321726062e-06,False
2.534993608799644e-06,False
3.0039808423752154e-06,False
3.893570834329565e-06,False
5.130797687356725e-06,False
6.377493699030022e-06,False
7.774500784016415e-06,False
9.321510232444809e-06,False
1.1019573569398837e-05,False
1.2867299020139726e-05,False
1.486509636492523e-05,False
1.6889567600122516e-05,False
1.4381036971406256e-05,False
1.2487487231570188e-05,False
1.5401147391382543e-05,False
3.35076705373876e-05,False
3.099853073747193e-05,False
2.5095345621370515e-05,False
3.483542459906281e-05,False
5.741628570751333e-05,False
5.028741977412807e-05,False
4.0414918186463056e-05,False
3.752701338965383e-05,False
4.8532216441136066e-05,False
5.386389228201374e-05,False
4.76891880803449e-05,False
5.597873459865153e-05,False
8.076360277982941e-05,False
8.727931761064441e-05,False
8.232791085743028e-05,False
8.02530519910585e-05,False
8.864168356557711e-05,True
9.031841504922634e-05,True
9.164327154794272e-05,True
7.416659653001348e-05,False
7.433024267272434e-05,False
7.449009458197338e-05,False
7.464905726549223e-05,False
7.480986795167468e-05,False
7.496936250154309e-05,False
7.51294940623511e-05,False
7.52914308811526e-05,False
7.545151514111608e-05,False
7.561388506737023e-05,False
7.577641366825631e-05,False
7.593927787462058e-05,False
7.609867791862887e-05,False
7.626185241187945e-05,False
7.67531480150713e-05,False
7.724805089997455e-05,False
7.774250841886365e-05,False
7.823923833387916e-05,False
7.874106212152484e-05,False
7.924086201651388e-05,False
7.974638191613349e-05,False
8.02535646334575e-05,False
8.075971425349362e-05,False
8.1270685280406e-05,False
8.178209060447685e-05,False
8.229777020682372e-05,False
8.281455214516413e-05,False
8.333391203833283e-05,False
8.350628194419752e-05,False
8.367726539844899e-05,False
8.385282149608953e-05,False
8.402538936483593e-05,False
8.419644110015665e-05,False
8.43677044598268e-05,False
8.454136782592783e-05,False
8.471801786365292e-05,False
8.488992340726192e-05,False
8.506249023936628e-05,False
8.523889690827687e-05,False
8.541292425347508e-05,False
8.558743477255676e-05,False
8.576157680949707e-05,False
8.593741579487221e-05,False
8.611257470506065e-05,False
8.628853789001661e-05,False
8.646516640921308e-05,False
8.663965532773376e-05,False
8.681671578609759e-05,False
8.699399389604543e-05,False
8.717148965757123e-05,False
8.734579435945117e-05,False
8.75243150449517e-05,False
8.776437420881129e-05,False
8.794162647617716e-05,False
8.812013327371206e-05,False
8.829513602692348e-05,False
8.847422584643826e-05,True
8.865173680832682e-05,True
8.883125940800565e-05,True
8.900916592233653e-05,True
8.922203158422275e-05,True
8.939749769242603e-05,True
8.957359893544867e-05,True
8.975049693493655e-05,True
9.261406188078388e-05,True
9.262244167411053e-05,True
9.26318923769398e-05,True
9.263797805233857e-05,True
9.264867353887413e-05,True
9.265676676988236e-05,True
9.266854319744146e-05,True
9.267803819835279e-05,True
9.26857046248721e-05,True
9.269399159221445e-05,True
9.270686710429241e-05,True
9.271700674336693e-05,True
9.272684016856418e-05,True
9.27342504826326e-05,True
9.274716031299333e-05,True
9.275442954359076e-05,True
9.27655218399237e-05,True
9.27772349969255e-05,True
9.27862087662915e-05,True
9.279473310040585e-05,True
9.28037227299588e-05,True
9.281560508549863e-05,True
9.282461233760302e-05,True
9.283530885658247e-05,True
9.28449435001349e-05,True
9.285580782865601e-05,True
9.286469696087384e-05,True
9.287526672752502e-05,True
9.288616611548547e-05,True
9.289369760225898e-05,True
9.29032317440848e-05,True
9.291076796190284e-05,True
9.292444591363382e-05,True
9.293171461901167e-05,True
9.294035885870652e-05,True
9.295298834714727e-05,True
9.307294265729178e-05,True
9.319026524847167e-05,True
9.33121591598512e-05,True
9.343403013845888e-05,True
9.35531235206883e-05,True
1.988175313243422e-05,False
1.9899989557593287e-05,False
1.992943785234628e-05,False
1.9948203332307466e-05,False
1.9977030733933826e-05,False
1.9995361684258997e-05,False
9.362660772649429e-05,True
9.362862164990204e-05,True
9.364028273301467e-05,True
9.365042816461948e-05,True
9.365128253820384e-05,True
9.366252040474409e-05,True
9.367146468667451e-05,True
9.367918658528681e-05,True
9.368449107984033e-05,True
9.369576538001677e-05,True
1.4045582404646008e-05,False
1.417906920524077e-05,False
9.37077436116901e-05,True
9.371384372355982e-05,True
9.371442026332133e-05,True
9.372576237812177e-05,True
9.372641224269905e-05,True
9.373731416629922e-05,True
9.374899524257651e-05,True
9.375898936204356e-05,True
9.37679223284484e-05,True
1.5452379848490837e-05,False
1.5592725274368834e-05,False
2.820229090885019e-05,False
2.824746817920449e-05,False
2.82895475000405e-05,False
2.8332903900121492e-05,False
2.8376963750939917e-05,False
2.8418516410683717e-05,False
2.846384552945243e-05,False
2.8505462297613872e-05,False
2.855153317418343e-05,False
2.859384034651064e-05,False
2.8637454749787255e-05,False
2.8681102647419128e-05,False
2.8725411526858462e-05,False
2.876719777836212e-05,False
2.881157378263135e-05,False
2.8855355273122052e-05,False
2.8897259221542667e-05,False
2.8942388646298448e-05,False
2.8986446620329177e-05,False
2.9031646131883034e-05,False
2.9075573628680853e-05,False
2.9119556751747207e-05,False
2.916161787348566e-05,False
9.338192508112237e-05,True
9.339163515928927e-05,True
2.9305140804022723e-05,False
2.9349275330207513e-05,False
2.9394721936009675e-05,False
2.9440646495442517e-05,False
2.9487887362738482e-05,False
9.345961461372049e-05,True
2.957905908902828e-05,False
2.962274048906979e-05,False
2.9667774875739886e-05,False
2.971346728588702e-05,False
2.975836243773161e-05,False
2.980219892547065e-05,False
2.9849937439219602e-05,False
2.9900514364287035e-05,False
2.99481223587429e-05,False
2.9992098406617484e-05,False
3.0033494157007874e-05,False
3.0080148312312034e-05,False
3.0126822034653088e-05,False
3.0173961005837723e-05,False
3.0216836289642513e-05,False
3.026165558717059e-05,False
9.36550920104483e-05,True
3.0356581700572726e-05,False
3.040085826120716e-05,False
3.0447776925271122e-05,False
3.0490846728913758e-05,False
9.371138551139354e-05,True
3.058985286256877e-05,False
3.063469639568739e-05,False
9.374670372531079e-05,True
1.8895785606422554e-05,False
1.8896916356730368e-05,False
1.889741673660638e-05,False
1.889742318464151e-05,False
1.890146164245588e-05,False
1.890073313644049e-05,False
1.890123563502717e-05,False
1.8906817704277023e-05,False
1.890682534432501e-05,False
1.8906833973769886e-05,False
1.8912669899727942e-05,False
8.57984658071017e-05,False
8.597160721160639e-05,False
1.8928015730684983e-05,False
1.892910195031344e-05,False
1.8934059925829956e-05,False
8.66242835575911e-05,False
8.68028896242714e-05,False
1.8166824011567837e-05,False
1.8182010767175227e-05,False
1.8198358599752612e-05,False
1.820848032835052e-05,False
1.8225381537264594e-05,False
1.8240677672272154e-05,False
1.825658221865804e-05,False
1.8272721235361785e-05,False
1.828928592174299e-05,False
1.8303872559465827e-05,False
1.8320924100132754e-05,False
1.8334591831761127e-05,False
1.834932642927987e-05,False
1.8366150104320493e-05,False
1.8380990537109387e-05,False
1.839792217851823e-05,False
1.841490836430752e-05,False
1.8431399407187628e-05,False
1.844645282276531e-05,False
1.846090911265735e-05,False
1.8476529083169024e-05,False
1.8492751687744193e-05,False
1.8509576058383092e-05,False
1.8527404547392304e-05,False
1.8543788568745034e-05,False
1.85607033222496e-05,False
1.857767318459012e-05,False
1.859374026121826e-05,False
1.861033890631666e-05,False
1.8627123310951114e-05,False
1.8643277322695384e-05,False
1.865954901197979e-05,False
1.86783499143396e-05,False
1.8694182973554427e-05,False
1.8711642903313046e-05,False
1.8728611070346875e-05,False
1.8746118970090777e-05,False
1.8763194860052623e-05,False
9.588632602297947e-05,True
9.594813160822147e-05,True
9.60110452542283e-05,True
9.607428988923613e-05,True
9.576261286255597e-05,True
9.577345472402748e-05,True
9.578712236591504e-05,True
9.579503629863422e-05,True
9.580785706812062e-05,True
9.581652629558851e-05,True
1.6744823765895657e-05,False
1.6762497441904366e-05,False
1.6779558680008394e-05,False
1.6796628994017163e-05,False
1.6819214203876888e-05,False
1.683479919611181e-05,False
1.6852521421543306e-05,False
1.68706955629127e-05,False
1.6886928486922994e-05,False
1.6911348262485132e-05,False
1.6927158002105095e-05,False
1.694581705262574e-05,False
1.696306492466754e-05,False
1.6979343466653144e-05,False
1.700196458677815e-05,False
1.709802158366969e-05,False
1.7114189423598022e-05,False
1.713420629172673e-05,False
1.715842772092591e-05,False
1.717373049431302e-05,False
1.7192082915068536e-05,False
1.721742149882438e-05,False
1.723517172690444e-05,False
1.7254184274241646e-05,False
9.608975482420064e-05,True
9.609789110940083e-05,True
9.611253960162467e-05,True
9.544087280664428e-05,True
9.54540375878831e-05,True
9.546376042296524e-05,True
9.547529873522113e-05,True
9.548796856481985e-05,True
9.549415055321915e-05,True
9.550571587153817e-05,True
9.551728900739548e-05,True
9.552758710243715e-05,True
9.553925493880651e-05,True
9.554522014667495e-05,True
9.556072935018077e-05,True
2.6123860511235022e-05,False
2.6158632472079276e-05,False
2.6180240823871394e-05,False
2.6212211327520674e-05,False
2.6235062953363326e-05,False
2.625485782710486e-05,False
2.6287750643476082e-05,False
2.6310010906712745e-05,False
2.6331057559271134e-05,False
2.6351540514010502e-05,False
2.6381619417573965e-05,False
2.6403919901316204e-05,False
2.6425656582602217e-05,False
2.6449201671625177e-05,False
2.6470304567784034e-05,False
2.6497649732032303e-05,False
2.6520025777060875e-05,False
2.654361331688238e-05,False
2.656412702409525e-05,False
2.6585276293151346e-05,False
2.6607689507732822e-05,False
9.556080131499865e-05,True
9.556918225699544e-05,True
9.557941543571232e-05,True
9.559372063591642e-05,True
9.560358686715807e-05,True
9.561498300550983e-05,True
9.562757896757458e-05,True
9.56395343525077e-05,True
9.565149847269735e-05,True
9.565964578812236e-05,True
9.566959179661735e-05,True
9.567771267083894e-05,True
9.568827764636823e-05,True
9.569761429697334e-05,True
9.570696369513081e-05,True
9.571463664668247e-05,True
9.572584268468208e-05,True
9.573756089702832e-05,True
9.574700584270755e-05,True
9.575348961346211e-05,True
9.576529100807e-05,True
9.577472693826513e-05,True
9.578362528955662e-05,True
9.579075316144249e-05,True
9.580434191518958e-05,True
9.581382801592423e-05,True
9.58245144019737e-05,True
9.58328794523023e-05,True
9.584066301008256e-05,True
9.585083255245162e-05,True
9.586152821461805e-05,True
9.587116704198667e-05,True
9.588014692289652e-05,True
9.589032574849128e-05,True
9.589996120930614e-05,True
9.591253569102852e-05,True
9.59198237157164e-05,True
9.592830933728927e-05,True
9.594032687925498e-05,True
9.594768598629255e-05,True
9.595558151177994e-05,True
9.596881929205427e-05,True
9.597792458774628e-05,True
9.598885032841886e-05,True
9.599742015269062e-05,True
9.600659367696118e-05,True
9.601808490344002e-05,True
9.602784462977898e-05,True
9.603998237866783e-05,True
9.604627669719458e-05,True
9.605843809913967e-05,True
9.606999311678643e-05,True
9.607866033584865e-05,True
9.60867749547107e-05,True
9.610242600556326e-05,True
9.610884306519827e-05,True
9.61158113581726e-05,True
9.612859908856829e-05,True
9.613504798961468e-05,True
9.61461137046109e-05,True
9.615896283583345e-05,True
9.616832856616323e-05,True
9.61776851679331e-05,True
9.61894337009618e-05,True
9.619767575494176e-05,True
9.620824813567742e-05,True
9.621763575233793e-05,True
9.622941237358222e-05,True
9.62388622123928e-05,True
9.6250662858299e-05,True
9.625953123834727e-05,True
9.627078359819528e-05,True
9.627792661277143e-05,True
9.629036446825241e-05,True
3.616846315750645e-05,False
3.61924992730863e-05,False
3.622014123614041e-05,False
3.625299213196473e-05,False
9.635305087595024e-05,True
9.636749464498622e-05,True
9.638018258604053e-05,True
9.994924793084182e-05,True
0.00010131829690015706,True
0.00010313725719664503,True
0.00010758639732751092,True
9.939102787296098e-05,True
7.824065051322018e-05,False
6.015639998286006e-05,False
5.712330625872602e-05,False
6.268491219189846e-05,False
5.918142421215407e-05,False
4.976615293092797e-05,False
4.120436975553679e-05,False
4.677382710478438e-05,False
5.82132289323112e-05,False
6.630620624413276e-05,False
5.484130928885459e-05,False
3.8456052429347125e-05,False
3.163987193169459e-05,False
3.26555829360416e-05,False
3.411874444793421e-05,False
2.9869258880996787e-05,False
1.1697977908584559e-05,False
1.0276007853938263e-05,False
1.1325155231839773e-05,False
1.367491194527938e-05,False
1.5746391506902945e-05,False
1.7138106996850007e-05,False
1.538304409601554e-05,False
1.37313115415941e-05,False
1.2182012718809322e-05,False
1.0736184929082203e-05,False
9.393478687512813e-06,False
8.152682783463685e-06,False
7.014801032921647e-06,False
5.911811936827541e-06,False
5.009306652537842e-06,False
4.396210292687473e-06,False
4.072996664484075e-06,False
4.040285943300482e-06,False
4.29647204037895e-06,False
4.8427629552392224e-06,False
5.678741990618892e-06,False
6.705057253428282e-06,False
9.196303778796754e-06,False
5.451823535261897e-06,False
2.330514139269639e-06,False
1.472007558772637e-06,False
2.322992456380297e-06,False
2.4675412213930157e-06,False
2.6559095735687802e-06,False
2.8362544100284894e-06,False
3.0765940412207078e-06,False
3.3777231208139486e-06,False
3.16533192276162e-06,False
4.35364195226967e-06,False
5.930263908786529e-06,False
4.950816105643604e-06,False
4.839924625995772e-06,False
6.490213779330832e-06,False
6.481493143773993e-06,False
6.47295488291805e-06,False
6.759074103627256e-06,False
6.746730828720886e-06,False
6.732621236310108e-06,False
6.7201983278577445e-06,False
6.707530864616921e-06,False
6.712282993759481e-06,False
6.699197134070612e-06,False
6.687221019119039e-06,False
6.674508376323807e-06,False
6.661387665576811e-06,False
6.666594362950516e-06,False
6.6535067656551366e-06,False
6.640787221674477e-06,False
6.628202467603029e-06,False
6.616180973740006e-06,False
6.799706177781797e-06,False
6.786086021293176e-06,False
6.773582674902556e-06,False
6.7608341355118506e-06,False
6.7476749451181965e-06,False
6.7526062366620305e-06,False
6.73976889467727e-06,False
6.7271389566900885e-06,False
6.713973389184383e-06,False
6.70155397813629e-06,False
6.706776552003672e-06,False
6.6935219060119025e-06,False
6.680853479381748e-06,False
6.668589703947102e-06,False
6.656367718504211e-06,False
6.660289316250345e-06,False
6.648391418115369e-06,False
6.63640640439125e-06,False
6.623236787920328e-06,False
6.611174308666478e-06,False
6.616581056049998e-06,False
6.603779091679775e-06,False
6.591472249473862e-06,False
0.00010279393665025984,True
0.0001028121252416925,True
0.00010283435186949147,True
0.00010285508704434594,True
1.2642413242453991e-05,False
1.267080747536721e-05,False
1.2698422888702791e-05,False
1.2726417700414528e-05,False
1.2728879965309755e-05,False
0.00010298530743186706,True
0.00010300367680055896,True
0.00010302447089964334,True
3.067268657157937e-05,False
3.069609657667137e-05,False
3.071886534350554e-05,False
3.074227226591853e-05,False
3.076638049982803e-05,False
3.0789826443509594e-05,False
3.081458400335534e-05,False
3.084194558308776e-05,False
3.086542054201031e-05,False
3.088825230221989e-05,False
3.090907369584028e-05,False
3.093459390261371e-05,False
3.095873679380941e-05,False
3.098158278687241e-05,False
3.100513154705432e-05,False
3.103414916922362e-05,False
2.9953816125540747e-05,False
2.8898197248897503e-05,False
2.7864486055873294e-05,False
2.6849622394464593e-05,False
2.5855372558336116e-05,False
2.4881251945371678e-05,False
2.393018351127693e-05,False
2.2997535084766416e-05,False
2.2196898274171997e-05,False
2.1942052396995943e-05,False
2.2222984839821878e-05,False
2.227192078201663e-05,False
2.2014238233767345e-05,False
1.9035755913654747e-05,False
1.7247565843876697e-05,False
1.798420039966892e-05,False
2.024818018431024e-05,False
2.2041198450740197e-05,False
2.127452762353705e-05,False
2.0562806753426695e-05,False
1.992815967284399e-05,False
1.8747778000717623e-05,False
1.7386631864364e-05,False
1.607732106430057e-05,False
1.4819395029827937e-05,False
1.361272022648889e-05,False
1.2456942417734675e-05,False
1.1353637792616753e-05,False
1.0300512091291939e-05,False
9.838421156910685e-06,False
1.1921505005213111e-05,False
1.2699293085878864e-05,False
1.0560823901326941e-05,False
8.760841964704927e-06,False
7.299638309238912e-06,False
6.177376970968271e-06,False
6.0933697240331095e-06,False
7.131302163111051e-06,False
6.599715856516845e-06,False
5.0274019257693e-06,False
4.878365777477965e-06,False
5.174966759864658e-06,False
6.638670239006412e-06,False
5.411408872247588e-06,False
4.399283480563098e-06,False
3.6886597716999243e-06,False
4.3712131721679765e-06,False
4.0988971706055205e-06,False
3.858988307783508e-06,False
3.6517039133088598e-06,False
3.47628213779699e-06,False
3.339638706231348e-06,False
3.2375813818230736e-06,False
3.0573966281987395e-06,False
2.5872809291821095e-06,False
1.5240452982225544e-06,False
2.7821799907908788e-06,False
5.1274656138009265e-06,False
8.568910620116892e-06,False
9.797811059505194e-06,False
8.009366249334938e-06,False
7.060109302248486e-06,False
6.315138000482695e-06,False
5.666045629247488e-06,False
5.172974623474829e-06,False
4.837619282636341e-06,False
4.657672959719815e-06,False
4.634787629584348e-06,False
4.76781265144834e-06,False
5.057635249490207e-06,False
5.503554076777727e-06,False
6.106591339811439e-06,False
6.86541080752494e-06,False
7.708732215603528e-06,False
8.567652623198624e-06,False
9.482813478553423e-06,False
1.0454088463616639e-05,False
1.148119717252284e-05,False
1.256472272014226e-05,False
1.3703824306021726e-05,False
1.48993481335386e-05,False
1.6151514905411374e-05,False
1.745855884396207e-05,False
1.6377901905257068e-05,False
1.5304345640472482e-05,False
1.3563155022697868e-05,False
1.1490397785093801e-05,False
1.0118132853412303e-05,False
9.449278768090494e-06,False
9.444822195084034e-06,False
1.6054514545603962e-05,False
3.06490851435346e-05,False
3.391432230667072e-05,False
3.40253383901035e-05,False
3.3191975364930594e-05,False
3.302825989350262e-05,False
3.766586595169964e-05,False
4.669513883476238e-05,False
6.006916147937567e-05,False
7.410454871788978e-05,False
6.742567408484586e-05,False
6.196015280221921e-05,False
5.1283580867618115e-05,False
4.460346421282952e-05,False
4.684436879972813e-05,False
5.348833617284038e-05,False
6.058810799863469e-05,False
6.815093519765532e-05,False
6.734595804742758e-05,False
6.326582404375433e-05,False
6.096325106620531e-05,False
6.753373042907799e-05,False
8.548467819555657e-05,False
0.00010020822223248346,True
0.00011736607318101495,True
0.0001204589356271037,True
0.00011712514586776089,True
0.00011556109368124112,True
0.0001147016522483135,True
0.00011392732916046955,True
0.00011307440658818664,True
4.532524865806615e-05,False
9.527354403552484e-06,False
6.5472443831009735e-06,False
2.105845723540033e-06,False
4.956527943592041e-06,False
4.957124412304698e-06,False
4.956728302753412e-06,False
4.9579519486738905e-06,False
4.958419826911546e-06,False
4.959245404001827e-06,False
4.9593544325680755e-06,False
4.9608109115559995e-06,False
4.960427886703443e-06,False
4.96209661370253e-06,False
4.962106925660732e-06,False
4.962746100182689e-06,False
4.963710171309925e-06,False
4.963764087774227e-06,False
4.964338078566593e-06,False
4.965424421639768e-06,False
4.965233741919153e-06,False
4.9653762839858654e-06,False
4.967047651490867e-06,False
4.966805661951928e-06,False
4.967914842574465e-06,False
4.968618515405567e-06,False
4.968691004440171e-06,False
4.969243873763487e-06,False
4.969692779156517e-06,False
4.970274581787205e-06,False
4.970891974890016e-06,False
4.970902962181238e-06,False
4.972125427786813e-06,False
4.971941486442078e-06,False
4.972296409917882e-06,False
4.972558620860227e-06,False
4.9725494506077206e-06,False
4.974541939282475e-06,False
4.974005037097759e-06,False
4.97398188926373e-06,False
4.9737133257464015e-06,False
4.974792255101604e-06,False
4.975859832268083e-06,False
4.975628203538587e-06,False
4.9764628016349035e-06,False
4.977273156498627e-06,False
4.977958130859124e-06,False
4.977884400402611e-06,False
4.978645022439793e-06,False
4.979357958452147e-06,False
4.980201674973659e-06,False
4.980727580598807e-06,False
4.981295030652485e-06,False
4.9812295006973585e-06,False
4.992068468472808e-06,False
4.99228776152228e-06,False
4.9926664966615845e-06,False
4.9672385307619925e-05,False
0.00011746802646486778,True
0.00011753978367797148,True
0.00011760964617388612,True
0.0001176782093888424,True
0.00010763666378940271,True
0.00010765893031633664,True
0.00010768367761662333,True
1.1674435970059533e-05,False
1.1664151135351498e-05,False
1.1675929296236553e-05,False
0.00010777198363010488,True
0.00010779307853311754,True
5.0384320288744864e-05,False
0.00010781862533916728,True
1.2010770995539004e-05,False
1.2001158040608433e-05,False
1.1992905966208195e-05,False
1.1984662352314613e-05,False
1.1990854537917363e-05,False
0.00010795861653073384,True
1.200009640455367e-05,False
1.1991681982534038e-05,False
1.1982333272912968e-05,False
1.1973829932389645e-05,False
1.1980296151907887e-05,False
0.00010809759087278408,True
0.00010811753079921161,True
1.2008707018159336e-05,False
1.199928940317718e-05,False
1.19906109444893e-05,False
1.1982219434251073e-05,False
1.1973626090837586e-05,False
1.1964033468668667e-05,False
1.1965188133031194e-05,False
1.1956162627850696e-05,False
1.1947632061987809e-05,False
1.1938624325765192e-05,False
1.1930181395862265e-05,False
1.1937185745444368e-05,False
0.00010842299867729868,True
1.1944626621113922e-05,False
1.1936566833169704e-05,False
1.1952691061252524e-05,False
1.1944176411901342e-05,False
1.1935814704547948e-05,False
1.1926483644512613e-05,False
1.1918169017968671e-05,False
1.1909659443195424e-05,False
1.190090842299875e-05,False
1.1897711120229466e-05,False
0.00010868269673888653,True
0.00010870157585148256,True
0.0001087241427963873,True
1.1943904195635309e-05,False
1.193576661356409e-05,False
1.192635141367111e-05,False
1.1918231091818699e-05,False
1.1924671246800305e-05,False
1.1915371318369244e-05,False
1.190771897409491e-05,False
1.1920002643405995e-05,False
1.1911065505961117e-05,False
1.1902337174533808e-05,False
1.1894326522346262e-05,False
1.1885437189337608e-05,False
1.1875982703549905e-05,False
1.1867287657118804e-05,False
1.1859785805479237e-05,False
1.1851089658887269e-05,False
1.18415913034255e-05,False
1.1833205093960481e-05,False
1.1858100633027408e-05,False
1.1849235345861024e-05,False
1.1840200338769364e-05,False
1.1846610679318679e-05,False
0.00010811839614316326,True
0.00010813773264981964,True
0.00010816203502931457,True
1.5865805563678153e-05,False
1.586120662173431e-05,False
1.58561459064873e-05,False
1.586290743592059e-05,False
0.00010827852836047074,True
0.00010830134883834595,True
1.5917201974658607e-05,False
1.5913571466549593e-05,False
1.5909454683081685e-05,False
1.5905825452554052e-05,False
1.590073683630285e-05,False
1.589615874799687e-05,False
1.5892045239751e-05,False
1.5887446202502436e-05,False
1.5885545456805592e-05,False
0.00010853892415822462,True
0.00010856335021322089,True
1.5904333177700238e-05,False
1.5898805702646195e-05,False
1.5907747297942035e-05,False
0.00010865520809367846,True
1.5915566797257555e-05,False
1.591193978988462e-05,False
1.5907805476940106e-05,False
1.5913630642330453e-05,False
0.0001087748897556259,True
0.00010879815462418993,True
0.00010882017454095034,True
0.00010884220173536028,True
1.5958555053483395e-05,False
1.5953486283984032e-05,False
1.594890503921387e-05,False
1.594479005159137e-05,False
0.00010940052559431447,True
1.5962245071850428e-05,False
1.5957622112780233e-05,False
1.59535277691415e-05,False
1.5949879306202577e-05,False
1.4049821884568636e-05,False
1.2271070679926032e-05,False
1.0612655635016936e-05,False
1.3152931884757302e-05,False
1.2809513077078815e-05,False
9.761670977848908e-06,False
7.507402157714659e-06,False
6.130960324207455e-06,False
7.810825185088325e-06,False
5.3277064715138476e-06,False
5.29256563040226e-06,False
7.752786007963167e-06,False
6.62436027118694e-06,False
5.833776826450109e-06,False
6.754739284065423e-06,False
6.20003401350912e-06,False
5.739291181552295e-06,False
5.358407306513358e-06,False
5.048625511354786e-06,False
4.571061345452343e-06,False
3.2488670170599797e-06,False
4.290700251749902e-06,False
9.333860911345246e-06,False
1.1748273202737675e-05,False
9.548631165572929e-06,False
8.077997800894546e-06,False
6.942234540763175e-06,False
6.175249916992905e-06,False
5.777471610996753e-06,False
5.7488618951058635e-06,False
6.088205777713178e-06,False
6.797780066489475e-06,False
7.875949626162531e-06,False
9.211570607301056e-06,False
1.0646654947714722e-05,False
1.2214761991661098e-05,False
1.3913727683231228e-05,False
1.5745004315001684e-05,False
1.7708688320523934e-05,False
1.638800720815752e-05,False
1.5054999970240206e-05,False
1.1172469427431247e-05,False
8.942819266256613e-06,False
8.346002805750225e-06,False
1.5579362697953696e-05,False
3.135259194504827e-05,False
3.49816198352088e-05,False
3.381883376422897e-05,False
3.958506060846477e-05,False
5.739706721939966e-05,False
8.104047584035461e-05,False
7.088425350181804e-05,False
5.551892457447616e-05,False
4.659517974744913e-05,False
5.6995035184726164e-05,False
6.848062397781646e-05,False
7.403418663106063e-05,False
6.774961515634374e-05,False
7.286564857679847e-05,False
9.833730833036934e-05,True
0.00012457119846754605,True
0.00013393191165438686,True
0.00013085376266045958,True
0.0001295418615158379,True
0.00012961925834461066,True
0.00012969341645059803,True
0.00012976748589461467,True
0.0001298388600175425,True
0.0001299115977484953,True
0.00012998307084493112,True
0.00013005381746329374,True
0.00013012661562271895,True
0.00013019877645872033,True
0.000130272990756078,True
0.00013034653835206309,True
0.00013041807231002422,True
0.00013048762104108058,True
0.00013056598914105018,True
0.00013063623625052888,True
0.00013071057571238407,True
0.00013078355806199382,True
0.00013085524277906086,True
0.00013092964482316926,True
0.0001310013394222057,True
0.00013107440317702636,True
0.00013114958856506897,True
0.00013122200339484654,True
0.00013129654082619664,True
0.00013136425302773795,True
0.00013143876946247664,True
0.00013151135712398645,True
0.00013158321167773727,True
0.0001316598031286517,True
0.00013254968733955624,True
0.00013262318253244462,True
0.0001326960352264491,True
0.00013276830832119088,True
0.00013284180098596654,True
0.0001329140507381668,True
0.00013298970124681205,True
0.0001330619915080326,True
0.0001331363567335353,True
0.0001332065995750106,True
0.00013328725363065383,True
0.00013335892904675156,True
0.00013343334554697747,True
0.00013350575724832773,True
0.00013358087948254447,True
0.00013365260195982845,True
0.00013372573840830885,True
0.0001338030477179573,True
0.00013387210426800568,True
0.00013394786493222112,True
0.0001340252061820534,True
0.0001340984451090478,True
0.00013417100558070727,True
0.00013424498333454752,True
0.00013432174462062055,True
0.00013439156901174891,True
0.00013446837238818488,True
0.00013453970049121173,True
0.00013461514688647348,True
0.0001346896852352422,True
0.00013476243959389272,True
0.0001348365812327361,True
0.00013490864149069608,True
0.00013498489253865935,True
0.00013506315088168268,True
0.00013513670811695966,True
7.720522185728092e-05,False
0.00013529658045838036,True
0.00013537300941496668,True
0.0001354451455734584,True
0.00013552088049815532,True
0.00013548499863407027,True
0.00013544634699909342,True
0.000135410475069398,True
0.00013537183413284192,True
0.00013533390062939925,True
0.0001354109066553807,True
0.0001354845600537897,True
0.000135558233738343,True
0.0001356332298523254,True
0.0001357041325816716,True
0.00013577994122959596,True
0.0001358592968125833,True
4.007358480751655e-05,False
4.009731721105312e-05,False
4.0125619223593855e-05,False
4.0152388490345854e-05,False
4.0179946358413003e-05,False
4.0204474383797716e-05,False
4.023201840678432e-05,False
4.026113226573172e-05,False
4.028721431021083e-05,False
4.0313288999234854e-05,False
4.0342400656397776e-05,False
4.036622916010577e-05,False
4.0393079409017953e-05,False
4.0420735698108156e-05,False
4.044761983444462e-05,False
4.04722145026348e-05,False
4.049988227204929e-05,False
4.052906172605387e-05,False
4.0555997593441706e-05,False
4.05829114591585e-05,False
4.060908246940772e-05,False
4.0634525205238326e-05,False
4.0662985637460536e-05,False
4.06891826699933e-05,False
4.071692474410148e-05,False
4.0741617529220354e-05,False
4.077166854141391e-05,False
4.079865459548239e-05,False
4.08241415623491e-05,False
4.084886711472377e-05,False
4.087741834229147e-05,False
4.090520968563382e-05,False
4.09330255458746e-05,False
4.0958539741100985e-05,False
4.0984847509943666e-05,False
4.101193457953381e-05,False
4.1037473566080414e-05,False
4.106760395100545e-05,False
4.109317530771788e-05,False
4.1120298193225116e-05,False
0.00013962407550064957,True
5.2339780401927517e-05,False
5.237042829881948e-05,False
5.2400241803438966e-05,False
5.243006383398375e-05,False
5.2468999249600354e-05,False
5.2503640666823055e-05,False
5.2530114647957686e-05,False
5.257631463483971e-05,False
5.261014639454175e-05,False
5.2640951574835595e-05,False
5.268201034740256e-05,False
5.271618056343538e-05,False
5.274520762281919e-05,False
5.277512808521462e-05,False
5.280505707352891e-05,False
5.284733173972453e-05,False
5.2877281300916414e-05,False
5.290893372530422e-05,False
5.2939787648822815e-05,False
5.2971419312360405e-05,False
5.300055620338104e-05,False
5.3031357856815274e-05,False
5.306309592057878e-05,False
5.309484351897044e-05,False
5.312308640113515e-05,False
1.467910309323756e-05,False
1.4681863633411829e-05,False
0.00013891652433235992,True
0.00013899042379404057,True
0.00013906565263149823,True
1.4711668442135038e-05,False
1.4707775968278985e-05,False
1.4702970580327742e-05,False
1.4699536544183597e-05,False
0.000139436744147636,True
1.4736862904695918e-05,False
1.4743255956996825e-05,False
0.0001396643987720318,True
0.0001397357192563644,True
1.4763398491570791e-05,False
1.4758127582684543e-05,False
1.476635929318697e-05,False
1.4762920407871836e-05,False
1.4759024812214597e-05,False
1.4754213286760328e-05,False
1.4750318934367488e-05,False
1.4745509832066191e-05,False
1.4742076105406135e-05,False
1.4736810043788573e-05,False
0.00014078650441271914,True
0.000140859547961519,True
0.00014093109591508657,True
0.00014100832379387336,True
1.7907424451962598e-05,False
1.7903132833669067e-05,False
1.7897833721633582e-05,False
1.7894552432502943e-05,False
1.789076777944106e-05,False
1.788446278541007e-05,False
1.7880678390756674e-05,False
1.7874880834195335e-05,False
1.7871603066198273e-05,False
1.78668136691092e-05,False
1.7863537146031157e-05,False
1.785774291135453e-05,False
1.7853459123826455e-05,False
1.784867435975226e-05,False
1.784439344395955e-05,False
1.783960904198769e-05,False
1.7833317636722094e-05,False
1.7831557161790946e-05,False
1.7826272844859114e-05,False
1.7821998019830696e-05,False
1.7818224313263532e-05,False
1.7812942843629865e-05,False
1.780766243284324e-05,False
1.7804395045362485e-05,False
1.780012472331185e-05,False
1.7795850401391668e-05,False
1.7791579262268753e-05,False
1.7784292458753874e-05,False
1.7782033957926145e-05,False
1.7778266530241245e-05,False
1.7772492319999972e-05,False
1.776822536559707e-05,False
1.776346143169179e-05,False
1.7758188328373528e-05,False
1.7754424624407264e-05,False
1.774966039062231e-05,False
1.7743889404726614e-05,False
1.774213983961334e-05,False
1.77363778299748e-05,False
1.7732110137863757e-05,False
0.00014408014885056733,True
0.00014415828109772848,True
1.775223142078833e-05,False
1.7746961845807563e-05,False
1.7744210067284285e-05,False
1.7749913546020453e-05,False
1.7746657870179173e-05,False
1.7740385641708427e-05,False
1.7737135812775634e-05,False
1.774334372458714e-05,False
0.0001448360745694328,True
0.0001449129564564349,True
0.00014505663763391189,True
0.00014519464500237494,True
0.0001453341768803474,True
0.00014547081331194465,True
0.00014561339846537919,True
0.00014574879289307554,True
0.00014589147079691522,True
0.0001460298754681782,True
0.00014616688276113896,True
0.00014630834592105083,True
0.00014645125378006616,True
0.00014658772619415255,True
0.00014672866031933637,True
0.00014686608452961578,True
0.0001470063298534631,True
0.00014714751032252917,True
0.00014722711902763052,True
0.0001473024317227927,True
0.00014738578590032365,True
0.00014746770902517638,True
0.00014754381866067314,True
0.00014762935747823547,True
0.00014770992260473495,True
0.00014779893766884435,True
0.00014787655986202506,True
0.00014796497960738585,True
0.00014804195446043575,True
0.00014811821273664545,True
0.0001481930169363985,True
0.0001482751198342575,True
0.00014835079243041241,True
0.00014842782233278327,True
0.0001485042261792878,True
4.648516100620853e-05,False
4.652680057392452e-05,False
4.656772296222492e-05,False
4.661123244366759e-05,False
4.66523961859465e-05,False
4.669295216869494e-05,False
4.673520180277454e-05,False
4.677757358510543e-05,False
4.681934545401885e-05,False
4.686442810297492e-05,False
4.690637359156553e-05,False
4.695072072773968e-05,False
4.699376057901919e-05,False
4.70343685617686e-05,False
4.707758288504234e-05,False
4.7118504483988186e-05,False
4.716352188114253e-05,False
4.7209516660717195e-05,False
0.00015079450647501904,True
0.00015087077636389803,True
0.00015095064367717212,True
0.00015102839429450074,True
0.0001511076064362874,True
0.0001511861423444652,True
0.0001512689836744423,True
0.00015135123960211382,True
0.00015142541500309396,True
0.00015150477947247843,True
0.0001515940675829896,True
0.00015166685880242756,True
0.00015175136579218047,True
0.00015182563955968092,True
0.00013927959133481688,True
0.00010287848681356961,True
7.358573389410573e-05,False
8.14468354746335e-05,False
7.283755432334907e-05,False
5.7072827279676666e-05,False
5.395076581241356e-05,False
7.954086112690287e-05,False
8.082434330790845e-05,False
4.754209195758807e-05,False
3.4839658141614466e-05,False
3.4403814687968944e-05,False
2.4836443932429145e-05,False
6.894766891042636e-06,False
7.7294389853894e-06,False
1.1180497971377514e-05,False
1.601661276605611e-05,False
1.7599507726032175e-05,False
1.7096319401571564e-05,False
1.4633853664536973e-05,False
1.2406253872121006e-05,False
1.0416531494118055e-05,False
8.752135807163087e-06,False
7.742578325773927e-06,False
7.400006260977953e-06,False
7.72388799357802e-06,False
8.715261033563617e-06,False
1.037367834137526e-05,False
1.2698384974800459e-05,False
1.5778294136050962e-05,False
9.226540072324684e-06,False
4.188448670028991e-06,False
6.967199102471971e-06,False
8.540068673823279e-06,False
9.25622152802508e-06,False
1.0104374268222829e-05,False
1.1086475964453308e-05,False
1.0548505985645867e-05,False
9.891701941037414e-06,False
8.886808106981504e-06,False
5.658680624618988e-06,False
7.71370314228686e-06,False
7.3489985375098185e-06,False
9.919225810412979e-06,False
1.3896030546870293e-05,False
1.47544485078337e-05,False
1.2566291248078075e-05,False
1.4993019382001453e-05,False
1.7634011443418452e-05,False
2.048765837707406e-05,False
2.355094329747416e-05,False
2.93891734603076e-05,False
3.614669459766926e-05,False
3.417778176474871e-05,False
4.037512544264147e-05,False
5.175433582919531e-05,False
5.241944037592414e-05,False
5.126297505560416e-05,False
5.0720514627430326e-05,False
5.298598082448678e-05,False
5.606589087472943e-05,False
5.9236676572180794e-05,False
5.927295361919816e-05,False
5.93010045357735e-05,False
5.9338196769396356e-05,False
5.9368144760330125e-05,False
5.939895111985775e-05,False
5.943344039960422e-05,False
5.9467294235333e-05,False
5.950274529710491e-05,False
0.0001608286356999158,True
0.00013240784723937427,True
0.00010715136275137087,True
8.339074482380914e-05,False
7.808326598297277e-05,False
8.40501310029496e-05,False
7.907586701683224e-05,False
6.714322920892703e-05,False
5.63349837047798e-05,False
5.133982469845883e-05,False
6.91760996393988e-05,False
8.446300391901963e-05,False
8.594627850847309e-05,False
6.0347191739935666e-05,False
3.991917731735569e-05,False
3.5092389497383926e-05,False
3.625691021461055e-05,False
3.118980302106797e-05,False
2.1631060325160682e-05,False
6.5240856707884325e-06,False
6.828504849374763e-06,False
7.83315200946904e-06,False
1.0308799698537878e-05,False
1.4262159516574788e-05,False
1.644171936455821e-05,False
1.7511904025791776e-05,False
1.844880744675715e-05,False
1.6624076344651614e-05,False
1.491490507201797e-05,False
1.332298167076809e-05,False
1.1849072125855125e-05,False
1.0485346696444713e-05,False
9.324627232622745e-06,False
8.493465650271824e-06,False
7.99159814553197e-06,False
7.81821496865472e-06,False
7.973784992300174e-06,False
8.458945975654932e-06,False
9.272774298110138e-06,False
1.0416339824188864e-05,False
1.1888652774182946e-05,False
1.368942138127774e-05,False
1.5599268603576156e-05,False
1.5406691785942842e-05,False
8.538319541906338e-06,False
4.027386999605009e-06,False
7.155800325563997e-06,False
8.109581065943577e-06,False
9.400267506536096e-06,False
9.92287927203912e-06,False
1.0511805062840572e-05,False
1.1166436916813875e-05,False
1.1886445282888782e-05,False
1.2671210813004372e-05,False
1.1751863605441194e-05,False
1.0037555955871094e-05,False
1.1671317326573456e-05,False
9.175689266857473e-06,False
6.82167857883043e-06,False
6.53638768242856e-06,False
7.307664036045407e-06,False
7.414194967138489e-06,False
8.89125884140969e-06,False
1.1133976826135524e-05,False
1.4070961166999476e-05,False
1.769874170563724e-05,False
1.3397706628433027e-05,False
1.297538588613394e-05,False
1.4681710452011078e-05,False
1.6492094499842424e-05,False
1.6487576995560617e-05,False
1.6484523838917895e-05,False
1.6481943432082253e-05,False
1.6475446064640998e-05,False
1.647048438350425e-05,False
1.6467858285585944e-05,False
1.6462379170831068e-05,False
1.6458835211934773e-05,False
1.0945976694183339e-05,False
1.0950000356439775e-05,False
1.0962679904898686e-05,False
1.0968076407296645e-05,False
1.0974014281851946e-05,False
1.0985312480787316e-05,False
1.0989081196278524e-05,False
1.0995286295517454e-05,False
1.0998583001913505e-05,False
1.1003287387521058e-05,False
1.1015713305505193e-05,False
1.1018906018474351e-05,False
1.1035613195337182e-05,False
1.10407946675735e-05,False
1.1056934801763114e-05,False
1.106212627216544e-05,False
1.1079062880664482e-05,False
1.1083644981305173e-05,False
1.1087034211468901e-05,False
1.1091472697646844e-05,False
1.1095465642791518e-05,False
1.1107782650498086e-05,False
1.1113029729166083e-05,False
1.111629533716393e-05,False
1.1120648160255555e-05,False
1.1125599898008828e-05,False
1.1137936196119104e-05,False
1.1145101762244037e-05,False
1.1150052293630868e-05,False
1.1162403185109945e-05,False
1.1168639984746271e-05,False
1.1174558244076731e-05,False
1.1186597379145255e-05,False
1.1193016833473176e-05,False
1.1197870889508222e-05,False
1.121166093601154e-05,False
1.1217447384110021e-05,False
1.1222319426687922e-05,False
1.1298021468441265e-05,False
1.1304279038305942e-05,False
1.130939333200975e-05,False
1.1338560145996477e-05,False
1.1342044521799453e-05,False
1.1345968786861602e-05,False
1.135165209202047e-05,False
1.1356718239864103e-05,False
1.1368525964979075e-05,False
0.0001641185716713197,True
0.00016420349456220263,True
7.5784886910340026e-06,False
7.579034312265575e-06,False
7.57909307810795e-06,False
0.00016526366276369833,True
0.00016514225076738238,True
0.00016502403468731283,True
0.00016490891223116275,True
0.00016478930307373515,True
0.00016467055253986863,True
0.00016454955625902254,True
5.9734892404174654e-05,False
5.980062238438975e-05,False
5.9873840401499965e-05,False
5.994360189861097e-05,False
6.001460523196674e-05,False
6.008306569134401e-05,False
6.01531877481615e-05,False
6.022568199483618e-05,False
6.0298299767948065e-05,False
6.036745493244763e-05,False
6.043805760197154e-05,False
6.050612774215894e-05,False
6.058235503360634e-05,False
6.065019863042497e-05,False
6.072222847153342e-05,False
6.079456890644496e-05,False
6.0865892853558395e-05,False
6.0939432612878985e-05,False
6.100854039119029e-05,False
6.108268323964487e-05,False
6.187612583594782e-05,False
6.153025727315008e-05,False
6.129609366929661e-05,False
5.3652397503006504e-05,False
4.7779450983407775e-05,False
4.26757200078486e-05,False
4.228594698947612e-05,False
4.65833592692808e-05,False
4.205892659768635e-05,False
3.783009744948899e-05,False
3.388747840637985e-05,False
3.0234557047090566e-05,False
2.687430572199524e-05,False
2.3532986694628882e-05,False
2.0364750900094915e-05,False
1.84779603609156e-05,False
1.6922974036184786e-05,False
1.543601407923403e-05,False
1.4018039597711988e-05,False
1.2966210499431763e-05,False
1.4680866259482832e-05,False
1.8202054362385442e-05,False
1.5182600401586387e-05,False
1.2615905276814402e-05,False
1.0501912258021623e-05,False
8.839994278285247e-06,False
7.72635824307262e-06,False
7.603481539856851e-06,False
7.344869341330884e-06,False
6.430784635518484e-06,False
8.173440889065092e-06,False
1.0193411821392186e-05,False
1.2489652206132612e-05,False
1.1939297706375179e-05,False
1.2264569970255275e-05,False
1.4378927205642662e-05,False
1.484383640173906e-05,False
1.4168301100521883e-05,False
1.3531274087944416e-05,False
1.2936571550590926e-05,False
1.2382956360668824e-05,False
1.187130111042296e-05,False
1.1398703299711991e-05,False
1.0546415848719162e-05,False
9.47177347507741e-06,False
8.883125948364796e-06,False
5.5586344775714364e-06,False
6.665370221765486e-06,False
1.1318191033431757e-05,False
1.7496315544527776e-05,False
1.74024182685771e-05,False
1.590333976781572e-05,False
1.4533600662065068e-05,False
1.3132846979216172e-05,False
1.1890407096618942e-05,False
1.0856541040493639e-05,False
1.0032663149874811e-05,False
9.417161794766288e-06,False
9.01162235131608e-06,False
8.815012606941622e-06,False
8.82841246569894e-06,False
9.051099015197929e-06,False
9.483479978156181e-06,False
1.0124922350255678e-05,False
1.0976260304547978e-05,False
1.2027103934751744e-05,False
1.3177363921056367e-05,False
1.4404709425136222e-05,False
1.570446129456069e-05,False
1.7080338039735515e-05,False
1.8530403318809764e-05,False
1.8578804549468284e-05,False
1.7651692276898252e-05,False
1.697758125049255e-05,False
1.61306476696691e-05,False
1.2250778823706686e-05,False
9.30894869902568e-06,False
7.307172924959391e-06,False
6.244502706102904e-06,False
5.859120757541947e-06,False
7.141671078745869e-06,False
1.9856418776042755e-05,False
2.919705341781016e-05,False
3.290417762949186e-05,False
3.666332691008593e-05,False
3.583027647671352e-05,False
3.7755903896942714e-05,False
5.1913042494315564e-05,False
7.211553962181168e-05,False
9.630494210329489e-05,True
9.21158684434277e-05,True
8.010833578606314e-05,False
6.262911728867392e-05,False
5.2324176830779466e-05,False
6.073831962113409e-05,False
6.978399167552042e-05,False
7.946125604018445e-05,False
8.976791671301094e-05,True
9.140557798037765e-05,True
8.690302343244325e-05,False
8.631155949348712e-05,False
0.00010353807325676972,True
0.00012091993348358355,True
0.00014194002168669027,True
0.0001655945070623351,True
0.00016547704151289187,True
0.00016535506399508165,True
0.0001652408325191621,True
0.00016512208233049788,True
0.00016500647821004533,True
0.00016488942363139387,True
0.00016477244732062682,True
0.00016465402669688583,True
0.0001645387477933669,True
0.00016442202474531702,True
0.00016485619636808367,True
0.00016529571101116253,True
0.00016573521829162438,True
0.00016617548101528393,True
0.00016661649149254972,True
0.00016705672706246192,True
0.00016749462328342348,True
0.00016794175615339414,True
0.00016838504659612231,True
0.00016882825827074883,True
0.00016927847006758753,True
0.0001697200749231194,True
0.00017016561360097256,True
0.00017061183820387587,True
0.0001710588362624591,True
0.00017150970755643843,True
0.0001719597904842228,True
0.00017240746686184738,True
0.0001728613643281421,True
0.0001733153013247607,True
0.00017376447229773453,True
0.0001742167810256821,True
0.0001746697561279735,True
0.00017512667932684928,True
0.00017558280672449984,True
0.00017603647735946393,True
0.00017649803177398836,True
0.00017694933501127922,True
0.00017741240675626767,True
0.00017787150388697342,True
0.00017774603471428,True
3.465647659366424e-05,False
3.466513528604443e-05,False
3.47036128192014e-05,False
3.471866921339073e-05,False
3.4728101044370784e-05,False
3.476521311189376e-05,False
0.00017688012180111702,True
0.00017675472115589623,True
0.00017663558729323555,True
0.00017650788416968631,True
3.516942441206079e-05,False
3.51762148424212e-05,False
3.522130977668018e-05,False
3.523001537759725e-05,False
3.524090398589782e-05,False
3.528244733401951e-05,False
3.529270626931288e-05,False
3.530091976689827e-05,False
3.531296206077119e-05,False
3.532117978051141e-05,False
3.533131382619521e-05,False
3.533940115598776e-05,False
3.534980818320571e-05,False
3.5371317387938235e-05,False
3.5380184416209134e-05,False
3.5390970921237646e-05,False
3.5398296653758947e-05,False
3.541127403318302e-05,False
3.541809773040754e-05,False
3.542902817228331e-05,False
3.543777530046566e-05,False
3.545790168259818e-05,False
3.556345934273698e-05,False
3.557235213022335e-05,False
7.925428381054836e-06,False
7.928625952620036e-06,False
0.00018173615461919489,True
0.00018182382298194289,True
0.00018190994185962576,True
0.00018199787303347948,True
0.00018207909821776544,True
7.957068155518444e-06,False
7.961349004027125e-06,False
7.96287881119557e-06,False
7.96379280725639e-06,False
7.964638741279939e-06,False
7.96466263637729e-06,False
7.965868089720263e-06,False
7.968187417446379e-06,False
7.967628601072189e-06,False
7.969006050447992e-06,False
7.96879064150646e-06,False
0.00018310347091419018,True
0.00018318524012472576,True
0.00018327498295156526,True
0.00018336309671601833,True
7.991901404137186e-06,False
7.992165349569724e-06,False
7.996215413203132e-06,False
0.00018370165147761083,True
0.00018378671168398992,True
0.00018387487371708522,True
8.013147010064105e-06,False
8.014888553188741e-06,False
8.016630312853e-06,False
8.01931354320813e-06,False
8.02038464020024e-06,False
8.021886604559876e-06,False
8.025377688878752e-06,False
8.026467480131073e-06,False
8.026904224251936e-06,False
8.027409208077889e-06,False
8.032380440881006e-06,False
8.032404537667112e-06,False
8.034148348764308e-06,False
8.034585442288812e-06,False
8.035022610775037e-06,False
8.03480641585155e-06,False
8.036791115275263e-06,False
8.036815450894728e-06,False
8.037493325007756e-06,False
8.038997459839268e-06,False
8.038608790579445e-06,False
8.041179938099207e-06,False
8.041204475981469e-06,False
8.042536351382848e-06,False
8.043387506402828e-06,False
8.044065870754143e-06,False
8.044744285623413e-06,False
8.045595746284003e-06,False
8.046033928753208e-06,False
8.046952891441084e-06,False
8.048285381191111e-06,False
8.048483388031634e-06,False
8.04981605260096e-06,False
8.050494905107144e-06,False
8.05152038062693e-06,False
8.052266394162558e-06,False
8.053051855608555e-06,False
8.053557581303319e-06,False
8.054650489042623e-06,False
8.055570028146916e-06,False
8.056663124916373e-06,False
8.056861937837269e-06,False
8.057541365549331e-06,False
8.058634743516725e-06,False
8.059554553130413e-06,False
8.059099495524289e-06,False
8.061327797393228e-06,False
8.061527060953791e-06,False
8.062861129037403e-06,False
8.064369203827735e-06,False
8.064568762077365e-06,False
1.8188309038098527e-05,False
1.82190287519591e-05,False
1.8249415808918483e-05,False
1.8275655385600892e-05,False
1.8307097273734975e-05,False
1.8340424212683777e-05,False
0.00019047794741648574,True
1.8309275517288794e-05,False
1.8341187259757982e-05,False
1.8372357668670126e-05,False
1.8404442552089693e-05,False
1.8437795784457942e-05,False
1.8451947250020528e-05,False
0.00018974390926040712,True
0.0001896153805843312,True
1.843546786806456e-05,False
1.8424851332725492e-05,False
1.845832368422211e-05,False
1.848995294319317e-05,False
1.8522367817980585e-05,False
1.8555484808582237e-05,False
1.8417440757110212e-05,False
1.8282089657912695e-05,False
1.8147869965496236e-05,False
1.8016421243072123e-05,False
1.78865892610329e-05,False
1.7760621912459457e-05,False
1.7636042110367512e-05,False
1.7514184876762237e-05,False
1.7396647157336178e-05,False
1.727893634133926e-05,False
1.7162618189906064e-05,False
1.7049242518703798e-05,False
1.69400868982864e-05,False
1.6830889803965433e-05,False
1.672526800123881e-05,False
1.662129907387892e-05,False
1.6521069872856636e-05,False
1.6420866976902144e-05,False
1.632377506581918e-05,False
1.623082691072211e-05,False
1.6137409004973415e-05,False
1.6047186036143322e-05,False
1.596076271200099e-05,False
1.5874822358510506e-05,False
1.5791764208178464e-05,False
1.5711292428602938e-05,False
1.5631303444304907e-05,False
1.5557255083243804e-05,False
1.548184931954785e-05,False
1.5411108663527678e-05,False
1.534059907749004e-05,False
1.5273853154612577e-05,False
1.5210858967773473e-05,False
1.5146998990184213e-05,False
1.5086772814417204e-05,False
1.502847493889445e-05,False
1.4972214647987862e-05,False
1.4919929974373643e-05,False
1.4869727894702784e-05,False
1.4820730723310677e-05,False
1.4774027232693595e-05,False
1.4729243874111343e-05,False
1.4687123697072333e-05,False
1.4647297200810712e-05,False
1.460989493208519e-05,False
1.4576963873148357e-05,False
1.454271058424505e-05,False
1.4511538509480505e-05,False
1.4483865109903009e-05,False
1.4458986136420999e-05,False
1.4434293183303265e-05,False
1.4413284080770659e-05,False
1.4393724539301129e-05,False
1.4375896421200311e-05,False
1.4362642292593656e-05,False
1.4351673907558821e-05,False
1.4340250666917736e-05,False
1.4333397634938488e-05,False
1.4327493724322609e-05,False
1.4324787323233944e-05,False
1.4324799301641564e-05,False
1.4325754704410504e-05,False
1.4328982652445546e-05,False
1.4335867664923929e-05,False
1.4344113254129684e-05,False
1.435330209232184e-05,False
1.4367483913522727e-05,False
1.4381722596001816e-05,False
1.4454263740900683e-05,False
1.4551124347190568e-05,False
1.4645450852066265e-05,False
1.4742333215747176e-05,False
1.4839662730296444e-05,False
1.4936756734509162e-05,False
1.5034596280867901e-05,False
1.5131894553346896e-05,False
1.5228082055432955e-05,False
1.532879687342566e-05,False
1.542704102109331e-05,False
1.552653617053229e-05,False
1.5624842406997947e-05,False
1.5725915511724607e-05,False
1.5824475987207876e-05,False
1.592530892447371e-05,False
1.6025952804371795e-05,False
1.6125314075633494e-05,False
1.6228436156292687e-05,False
1.6330992991943793e-05,False
1.6431877173175057e-05,False
1.6534106765445027e-05,False
1.663762352142465e-05,False
1.6739833308786588e-05,False
1.68425611188941e-05,False
1.6946445118357713e-05,False
1.7049735231223673e-05,False
1.715386622452282e-05,False
1.7257785623316918e-05,False
1.7363931433422852e-05,False
1.746848424036739e-05,False
1.757342083887643e-05,False
1.7678461225924338e-05,False
1.7785961323886214e-05,False
1.7890769230555585e-05,False
1.7998841144346124e-05,False
1.8106297475084603e-05,False
1.8211028688424783e-05,False
1.8319588886639354e-05,False
1.842799706233631e-05,False
1.8534201193898377e-05,False
1.8644268539460755e-05,False
1.8753631795946528e-05,False
1.8862209323989674e-05,False
1.8972208994827033e-05,False
1.908093359693098e-05,False
1.9192052607588474e-05,False
1.9302449319175852e-05,False
1.9413310086805536e-05,False
1.952377801585848e-05,False
1.963723114682025e-05,False
1.9747350945322105e-05,False
1.985827125862783e-05,False
1.997269073523802e-05,False
2.0084241235071737e-05,False
2.0198315332992342e-05,False
2.031106694588099e-05,False
2.0424132399883957e-05,False
2.0539014486617602e-05,False
2.0652711745065677e-05,False
2.076621915172459e-05,False
2.0882134573892084e-05,False
2.099786612825005e-05,False
2.1113332564456956e-05,False
2.1227510593524027e-05,False
2.1344193992841482e-05,False
2.1461119471286173e-05,False
2.1576824153934163e-05,False
2.1693869442637396e-05,False
2.1812420479977186e-05,False
2.19312159279625e-05,False
2.204810048955631e-05,False
2.2166415399551214e-05,False
2.2284525215046037e-05,False
2.2403471943698838e-05,False
2.2523943722292432e-05,False
2.264352686529682e-05,False
2.2762291937117902e-05,False
2.2884252017384354e-05,False
2.300311590239987e-05,False
2.3124494070258553e-05,False
2.3245126066499838e-05,False
2.3367221524246912e-05,False
2.3490172359483037e-05,False
2.361113451658128e-05,False
2.3733647899012494e-05,False
2.385693582232051e-05,False
2.3980625551776768e-05,False
2.4104092626712007e-05,False
2.422662327205068e-05,False
2.435235696253802e-05,False
2.447496957465295e-05,False
2.4598521636709197e-05,False
2.4725299220494866e-05,False
2.4849947531272145e-05,False
2.4976266223851428e-05,False
2.510090675615745e-05,False
2.5228415837189298e-05,False
2.5354880668066746e-05,False
2.5480631365973042e-05,False
2.560845570103953e-05,False
2.5735393378778204e-05,False
2.5863854357828553e-05,False
2.5992635161969676e-05,False
2.612286504764805e-05,False
2.6249198837327807e-05,False
2.6377799510252682e-05,False
2.650898951375799e-05,False
2.6636822588016116e-05,False
2.6768170131148957e-05,False
2.6898607310661825e-05,False
2.7028611623493845e-05,False
2.715835366182679e-05,False
2.72908910638386e-05,False
2.742317260617588e-05,False
2.755528283766225e-05,False
2.7687443775430846e-05,False
2.782009917486498e-05,False
2.795114093057492e-05,False
2.8084336227578356e-05,False
2.821969820669523e-05,False
2.8353531090914825e-05,False
2.848836036783709e-05,False
2.8621646221957628e-05,False
2.875642774372276e-05,False
2.8891525868958508e-05,False
2.9026436702318583e-05,False
2.9164047587995184e-05,False
2.929683478727234e-05,False
2.9436466477578828e-05,False
2.957255021052629e-05,False
2.9710244040925663e-05,False
2.98456591997567e-05,False
2.9984591421420856e-05,False
3.0121235794337396e-05,False
3.0261601079573376e-05,False
3.0400092302830185e-05,False
3.053828940630593e-05,False
3.06770813940444e-05,False
3.0819253457914397e-05,False
3.095707574242111e-05,False
3.09631278885504e-05,False
3.097376604401854e-05,False
3.0981758950015146e-05,False
3.099107713905369e-05,False
3.099836358739459e-05,False
3.100574617118761e-05,False
3.101109611979394e-05,False
3.1031899021921295e-05,False
3.104193676329404e-05,False
3.104923089933251e-05,False
3.1055911369722995e-05,False
3.10646288689914e-05,False
3.1072022527022155e-05,False
3.108126218820667e-05,False
3.108936962622883e-05,False
3.1106222756126556e-05,False
3.1114141882270066e-05,False
3.112419672832098e-05,False
3.113088842813929e-05,False
3.113881149334468e-05,False
3.1146217357721444e-05,False
3.115495183207712e-05,False
3.116297580111589e-05,False
3.1181179543211135e-05,False
3.118982298646366e-05,False
3.1195196328974584e-05,False
3.120455519765284e-05,False
3.121462886885731e-05,False
3.122133418013791e-05,False
3.122936935911373e-05,False
3.123679047940437e-05,False
3.1254920613871956e-05,False
3.1263675023742254e-05,False
3.127243114499601e-05,False
3.127914504302747e-05,False
3.128984993939655e-05,False
1.2583040344931182e-05,False
1.2600757656791689e-05,False
1.2620205973107745e-05,False
1.263865573740266e-05,False
1.2658423367611071e-05,False
1.2677281794435153e-05,False
1.2696535387561741e-05,False
0.00018796141303300585,True
1.271143271727677e-05,False
1.272953084757887e-05,False
1.2747641867272945e-05,False
1.2767202547373047e-05,False
1.2787106867128307e-05,False
1.2806443021862428e-05,False
1.2825538704621296e-05,False
1.2101506989098347e-05,False
1.1372215787154403e-05,False
1.0734463562542974e-05,False
1.022565089130027e-05,False
9.884859606049321e-06,False
9.17074835076277e-06,False
8.462054645649635e-06,False
8.79057865881109e-06,False
8.942233181381134e-06,False
9.095745990429977e-06,False
9.171517828594307e-06,False
9.114001311008991e-06,False
9.222037484588283e-06,False
9.494499499274939e-06,False
9.928358763440958e-06,False
1.0434782454503876e-05,False
1.0993032562933325e-05,False
1.1604478328109285e-05,False
1.2265796024563308e-05,False
1.2980626996656637e-05,False
1.3747717781401274e-05,False
1.4565720459168837e-05,False
1.543473997248672e-05,False
1.635954711348124e-05,False
1.7333319539264506e-05,False
1.8359489789681386e-05,False
1.943732692191086e-05,False
2.0566683118293512e-05,False
2.1748389778552055e-05,False
2.0135805307407794e-05,False
1.85801046943216e-05,False
1.7328671771280652e-05,False
1.6385964911202774e-05,False
1.670929964564935e-05,False
1.7720390398312612e-05,False
1.9111828853522438e-05,False
2.0358136878375012e-05,False
2.143340138796373e-05,False
2.2535267629146777e-05,False
2.3664708898267337e-05,False
2.4823646414150867e-05,False
2.6009784604421324e-05,False
2.7219831134649024e-05,False
2.84619252204717e-05,False
2.973387544351125e-05,False
3.1026839613966315e-05,False
3.2351524761538506e-05,False
3.370319555277736e-05,False
3.508191686410746e-05,False
3.648820166276997e-05,False
3.7922379401886705e-05,False
3.9386302626221044e-05,False
4.0878572284579775e-05,False
4.2395869715146665e-05,False
4.240583739332577e-05,False
4.24130532892192e-05,False
4.2452108502007136e-05,False
4.246064900331742e-05,False
4.246930569616206e-05,False
4.2479398237959866e-05,False
4.249032480793863e-05,False
4.25254831399378e-05,False
4.253724939187978e-05,False
4.254424955338962e-05,False
4.255375065168606e-05,False
4.256540629928237e-05,False
4.25732434484265e-05,False
4.26034388525767e-05,False
4.2615102274210434e-05,False
4.2622945185938604e-05,False
4.2630789216700025e-05,False
4.264245729552116e-05,False
4.265269123461116e-05,False
4.268435392753276e-05,False
4.269220511874621e-05,False
4.270388283305307e-05,False
4.271101827598099e-05,False
4.272293390187176e-05,False
4.2733663626784255e-05,False
4.274175640221015e-05,False
4.276654025005616e-05,False
4.277679291435635e-05,False
4.278764791369357e-05,False
4.279479342426264e-05,False
4.2805050760112416e-05,False
4.2815309807347395e-05,False
4.28254521342672e-05,False
4.2849661280791e-05,False
0.00013622213392716978,True
0.00013613353989571465,True
4.297752630634806e-05,False
4.298708846390201e-05,False
4.299341551940198e-05,False
4.304470670750181e-05,False
4.305475903482376e-05,False
4.3061931787020324e-05,False
0.0001355977699972927,True
0.00013551015189876528,True
0.00013541867134818857,True
0.00013532807057213648,True
0.00013518777330963903,True
0.000135099347596071,True
0.00013500646864220606,True
0.0001349187938891915,True
0.0001346310461712513,True
0.0001345411153767651,True
0.0001342561854906221,True
0.00013416457644308975,True
7.093021090193826e-05,False
7.104424760529905e-05,False
7.115775177939527e-05,False
7.12719916147808e-05,False
7.138506479589705e-05,False
7.149698116718223e-05,False
7.16102615095772e-05,False
7.13470121348268e-05,False
7.145753750764465e-05,False
7.157326743744536e-05,False
7.168718929285585e-05,False
7.179993075604995e-05,False
7.191470514968566e-05,False
7.202703207604816e-05,False
7.212162160091334e-05,False
7.223604633271191e-05,False
7.234864955793808e-05,False
7.246391552733186e-05,False
7.257803892854814e-05,False
7.269030227323897e-05,False
7.28065519286874e-05,False
7.292095520728657e-05,False
7.301297100795683e-05,False
7.313402675339656e-05,False
7.324615118768016e-05,False
7.335966267613791e-05,False
7.34771633880168e-05,False
7.358961941777098e-05,False
7.37040713565509e-05,False
7.382123265151743e-05,False
7.39164857972519e-05,False
7.403191559990797e-05,False
7.414742046246346e-05,False
7.426435338711161e-05,False
7.437747926506844e-05,False
7.449458945468947e-05,False
7.46144649374043e-05,False
7.472919633538821e-05,False
7.48230990828747e-05,False
7.494001423157893e-05,False
7.505569985405533e-05,False
7.517408799851574e-05,False
7.529195315422694e-05,False
7.540858299395263e-05,False
7.552535876207469e-05,False
7.564026438710155e-05,False
7.573942105870052e-05,False
7.58531630414284e-05,False
7.597164001036679e-05,False
7.608756543590538e-05,False
7.620756059266945e-05,False
7.632301488086806e-05,False
7.644191501196676e-05,False
7.655893319779375e-05,False
7.665875001036383e-05,False
0.00011750473195791928,True
0.00011740906662887928,True
0.00011731314123414357,True
0.00011721929495875317,True
0.00011712378578023343,True
0.00011703348515338814,True
0.00011693432641469469,True
0.00011684315629813544,True
0.00011674755170607821,True
0.00011665087173033031,True
0.00011659805042348728,True
0.0001165863268055891,True
0.00011657423495131304,True
0.00011656177641674185,True
0.0001165505978941201,True
0.00011653360985538819,True
0.00011652123246794673,True
0.00011650848740476052,True
0.00011651667754834393,True
0.00011653792139789605,True
0.00011655224455446287,True
0.00011657533263459663,True
0.0001165878916477494,True
0.00011660545724787255,True
0.00011662890016994699,True
0.00011664785826875217,True
0.0001166657298259409,True
0.0001166845450752755,True
0.00011669978232176472,True
0.00011672090747994734,True
0.00011673936522572367,True
0.00011675491382728202,True
0.00011677614178353739,True
0.00011679132064688864,True
0.00011681058133918495,True
0.00011683032983934982,True
0.00011685147140519324,True
0.00011687083444580501,True
0.00011688706775952612,True
0.00011690830793554042,True
0.00011692279648797191,True
0.00011694659184092763,True
0.00011696385966522355,True
0.00011698568175586195,True
0.00011700075817524622,True
0.00011701970781102526,True
0.00011704479891889552,True
0.00011706177784898143,True
0.00011707968893485916,True
0.00011709741949662909,True
0.0001171206068062949,True
0.0001171368171401634,True
0.00011715689404037868,True
0.00011717475900061653,True
0.00011719469602502954,True
0.00011721646034985986,True
0.00011723418047603908,True
0.00011725014156579438,True
0.00011727314745384865,True
0.00011729389808187978,True
0.00011731129983733872,True
0.00011733236585132934,True
0.00011735097937944055,True
0.00011737096502218794,True
0.00011738849685962257,True
0.00011741288468270725,True
0.00011742959164106709,True
0.00011745059817466462,True
0.0001174705623139916,True
0.00011749029904223457,True
0.00011750713837762017,True
0.0001175332441771521,True
0.00011755174646127613,True
0.00011757188112265081,True
0.00011759151370200962,True
0.0001176085177025533,True
0.00011763008270683118,True
0.00011765355356696525,True
0.00011766966987545024,True
0.00011769089265777092,True
0.00011771463464146044,True
0.0001177311196957681,True
0.00011774923841691552,True
0.00011777147712265094,True
0.00011779374885262618,True
0.00011780948004387193,True
0.0001178334215919467,True
0.0001178540321243375,True
0.00011787234710955487,True
0.00011789317899037203,True
0.0001179172550412711,True
0.0001179347892689455,True
0.0001179565965150693,True
0.00011797828802246745,True
0.00011799884398353309,True
0.0001180173861595736,True
0.00011804005369732563,True
0.00011806187915693233,True
0.00011808198951079335,True
0.00011810650625496596,True
0.0001181240381257783,True
0.00011814264032757561,True
0.0001181660767126517,True
0.00011818797039895118,True
0.00011820724248125367,True
0.00011823020764362998,True
0.00011824823796999405,True
0.00011827213925544657,True
0.00011829271919665099,True
0.00011831333224311788,True
0.00011833472514582786,True
0.00011835670734005993,True
0.00011837698616602249,True
0.00011839978219498599,True
0.0001184186269787004,True
0.00011844310567704888,True
0.00011846600083487351,True
0.00011848482761839227,True
0.00011850822161277918,True
0.00011852959726353314,True
0.00011854690241979869,True
0.00011857277227225674,True
0.0001185917637600134,True
0.00011861456391694264,True
0.00011863729403195937,True
0.00011866005818018664,True
0.00011868166393419534,True
0.0001186971433347366,True
0.00011872454354662066,True
0.00011874505280399329,True
0.00011876473488902457,True
0.00011879018166256914,True
0.00011881026830807096,True
0.0001188337290688482,True
0.00011885354263276149,True
0.00011887792557221374,True
0.00011889943085337636,True
0.0001189205418404837,True
0.00011894622412436056,True
0.00011896131511698047,True
0.00011898946773938272,True
0.00011901028644896836,True
0.00011903163994539593,True
0.00011905422866259751,True
0.00011907968560268995,True
0.00011910028295477488,True
0.00011912417558869169,True
0.0001191456869716996,True
0.00011916794673205792,True
0.00011918498249492697,True
0.00011921354672735212,True
0.00011923469943330063,True
0.00011925594612604713,True
0.00011928043561754338,True
0.00011930338249487978,True
0.00011932139828890758,True
0.00011935016375326837,True
0.00011936824485616751,True
0.00011939047700989504,True
0.0001194184992019808,True
0.00011944084647161686,True
0.0001194648160149185,True
0.00011948469914772115,True
0.00011950714036715532,True
0.00011953036849705088,True
0.00011955447228886785,True
0.00011957574818651913,True
0.00011959949905739783,True
0.00011962454307743542,True
0.0001196492008332465,True
0.00011967350638426954,True
0.00011969574907783937,True
0.00011972008768301582,True
0.00011974159014335578,True
0.00011976312430138773,True
0.00011978756261028121,True
0.00011980874378559918,True
0.00011983489526611281,True
0.00011985862269679864,True
0.00011987990174835926,True
0.0001199024625150666,True
0.00011992956418339953,True
0.00011995300570445802,True
0.00011997151929547342,True
0.00012000122032504549,True
0.00012002186493300401,True
0.0001200442026504459,True
0.00012007192995508856,True
0.0001200972203641881,True
0.00012011759484822999,True
0.00012014170751487599,True
0.00012016668265577333,True
0.00012018673391294218,True
0.00012021466779211207,True
0.00012024015627350903,True
0.00012026815804336567,True
0.00012028668687259875,True
0.00012031310012081256,True
0.00012033499863554073,True
0.00012035692935600511,True
0.0001203822054923622,True
0.00012040710449496078,True
0.00012042953092449344,True
0.00012045615405146894,True
0.00012048279586313213,True
0.00012050328118540735,True
0.00012053248783001475,True
0.00012055093017464909,True
0.00012057813403989359,True
0.00012060039059480677,True
0.00012062641064950461,True
0.00012065412592395207,True
0.00012067441027888928,True
0.00012069720529741057,True
0.00012072627631552364,True
0.00012074995199857084,True
0.00012077617157221035,True
0.000120802831794991,True
0.00012082789756218858,True
0.00012084840886784767,True
0.00012087516849093328,True
0.0001208974102667019,True
0.00012092378656413332,True
0.0001209527614615151,True
0.0001209713614097744,True
0.00012100162179201501,True
0.00012102150071952841,True
0.00012105020997042645,True
0.0001210747040465397,True
0.00012110095192205152,True
0.00012112348916472645,True
0.00012114726981008374,True
0.00012117367576443956,True
0.00012120120869234778,True
0.00012123056558041474,True
0.0001212544755488467,True
0.00012127720980521103,True
0.00012130332405668639,True
0.00012132933898514267,True
0.00012135384475841806,True
0.00012137677902594477,True
0.00012140583574174067,True
0.00012143131644371746,True
0.00012145588303837587,True
0.00012147887923148976,True
0.00012150646277459638,True
0.00012153575712639689,True
0.00012155677440171655,True
0.00012158445707013148,True
0.00012160801645126452,True
0.00012163496721936414,True
0.00012166226445956464,True
0.00012168729031530645,True
0.00012171394473266255,True
