ReconstructionError,Anomaly
0.0019174562465857174,False
0.0020000620633766294,False
0.0009753247927049524,False
0.001798919630212574,False
0.0012127420951892154,False
0.001212740915002189,False
0.0007189009331545032,False
0.0008079656376604402,False
0.0004707677993898163,False
0.0005063540245205689,False
0.0028591751301548654,False
0.0028591779844965143,False
0.0010909238956095147,False
0.005897531806555894,False
0.0007355930670441416,False
0.0009758552971692846,False
0.0008127298119421427,False
0.0006907387880412302,False
0.0009758572189211296,False
0.0017780945899033265,False
0.0007196702948020269,False
0.0010853325224589514,False
0.00034690218577083427,False
0.0003468999899218045,False
0.0017575758234140652,False
0.0011026897194509199,False
0.000257147008790593,False
0.0011026933919760997,False
0.00066494712188473,False
0.002419523577446424,False
0.0008857233429389764,False
0.002504167761276411,False
0.01982809118797607,True
0.002913228499479225,False
0.000879301221535342,False
0.0011435400076598603,False
0.00046653466067149115,False
0.0004549583432231035,False
0.00026202261717713415,False
0.00027438800578830715,False
0.001523268380764415,False
0.0008532916489848475,False
0.0003700725004338389,False
0.0008857420698969717,False
0.0012405056331078925,False
0.0003037442039134252,False
0.0002704836007298509,False
0.0004991854725809266,False
0.00038962138100063587,False
0.00028299473518243474,False
0.000939943228877889,False
0.0011608467963873995,False
0.0003037416302479632,False
0.0011608458800114615,False
0.0005169788787944631,False
0.0016299613328806274,False
0.003024397352960662,False
0.0029517536458693212,False
0.0007350148717086572,False
0.002951744514595071,False
0.0007535898383206754,False
0.0012128189357531061,False
0.0006887189915858815,False
0.0006546429159588814,False
0.0020655971126028114,False
0.004441475854270795,False
0.014672724190193656,True
0.0044103396112350444,False
0.004075721615342343,False
0.001325708674337413,False
0.00045897007290793176,False
0.0018618221425736874,False
0.0014992203321399964,False
0.00197797631928791,False
0.0042384959609635614,False
0.000518118451192166,False
0.0016223733589104164,False
0.0005436488227540359,False
0.0014580944843685926,False
0.0009673515146241592,False
0.0010963953931522898,False
0.0014581585355549868,False
0.0008261724962960155,False
0.00045866540919745167,False
0.0011819546338361026,False
0.0030199989777251945,False
0.0009331025571108554,False
0.0007260782070490597,False
0.0007823285009714967,False
0.0021280217482277596,False
0.001337177815155131,False
0.00173591265212216,False
0.001708943584479241,False
0.001708948082488579,False
0.001489522313359302,False
0.0013119033957446058,False
0.0021014381167352727,False
0.0015095273938095534,False
0.0017415105156276458,False
0.0007261030762762954,False
0.0036886403692240567,False
0.0031338236966301637,False
0.0030639123516417502,False
0.0023281817320222184,False
0.0011879835655905517,False
0.00036659423601870315,False
0.001746443205114353,False
0.0010196833520459325,False
0.0004084572619071027,False
0.0022826287802400216,False
0.0006013194843525886,False
0.0017359801294110774,False
0.001027678804766551,False
0.0005196220230467218,False
0.0010276920842270222,False
0.000735131967853371,False
0.0007351381340073716,False
0.002119574751933008,False
0.0018623089701829334,False
0.0016298660804578092,False
0.001742990754856101,False
0.001253074760541338,False
0.0021195751199584757,False
0.0014222615860143238,False
0.001987858507870733,False
0.0011027187991952347,False
0.00055731691360149,False
0.0018749334673111024,False
0.0014997710621579715,False
0.0020863019854132784,False
0.0016794293161642587,False
0.0014997847281847077,False
0.002328282295201763,False
0.000718270617605141,False
0.0007491395691428204,False
0.0006529304993818493,False
0.0023755519379334154,False
0.0019459050865149388,False
0.0009897567269437026,False
0.0011341554576290726,False
0.0011341553683348743,False
0.001945925359298495,False
0.0014998197934351447,False
0.0016794728585719473,False
0.002328327121460014,False
0.0008201316101971195,False
0.0007182846002986035,False
0.0027939060669007845,False
0.0005573334323517567,False
0.0005172892678798124,False
0.0015519017563998222,False
0.0013613814992782449,False
0.0011906183048606518,False
0.0007875804583439744,False
0.0009677252242839683,False
0.0009677308119484162,False
0.001102780994582623,False
0.0008692776309601164,False
0.0009677364419122473,False
0.00042255787541957423,False
0.00041683829659491936,False
0.002394857327283112,False
0.0005117296134771065,False
0.0005835710047505558,False
0.0011505252999540006,False
0.0013121129210077263,False
0.00042374158549413944,False
0.01116450465281234,False
0.00162202139501931,False
0.000921724510104082,False
0.001458694370958311,False
0.0007460757530018678,False
0.0007460790629307934,False
0.0009217320983616797,False
0.0005499269301115475,False
0.0005499317104626881,False
0.008315816141202076,False
0.008315801740202583,False
0.0009330556976853659,False
0.00033601763110555636,False
0.0006872190456870927,False
0.0003360210629712155,False
0.0010012223287254297,False
0.0015519426907159533,False
0.0010012208714702449,False
0.001001216141736937,False
0.013152868326525846,False
0.009725083868426946,False
0.002863371552551019,False
0.00834377980567008,False
0.023469321625378035,True
0.01880242711876102,True
0.023469329690793118,True
0.0007595917127990803,False
0.0005721988513539977,False
0.0012735756251080232,False
0.0011590070095079332,False
0.001632090032753167,False
0.0020256531379230546,False
0.0009217875118144018,False
0.0006075453725652038,False
0.0006888768404919657,False
0.0011906728352365126,False
0.0008115704894852216,False
0.001244625556554931,False
0.0006872132903679464,False
0.01880236323988583,True
0.002065078206970384,False
0.001244626654073445,False
0.002065072725016538,False
0.00181353392905049,False
0.00348655790106161,False
0.0006181422866120745,False
0.0008266457572288002,False
0.005427442791908708,False
0.0008553658522154341,False
0.013152867173230482,False
0.0005721799806521641,False
0.0004590936507021975,False
0.0009678526361063379,False
0.0011029277249924787,False
0.0009678609303881477,False
0.0007436930169107419,False
0.0018625976684480945,False
0.001862600736329678,False
0.0011029292988277144,False
0.0003116242849772384,False
0.0016697867490919626,False
0.0044086140662076235,False
0.0007039682481640878,False
0.03833127872059538,True
0.014671224006552705,True
0.025006973103794183,True
0.008311245885935343,False
0.0016207120849819523,False
0.0004606938148030375,False
0.0011101866344579972,False
0.0007537588070108123,False
0.001399252599208297,False
0.0006012082767856231,False
0.001824630103203813,False
0.004517675507815859,False
0.0003826953997231879,False
0.0017153279775686532,False
0.0017153248223969466,False
0.004360798771535458,False
0.004360799474593577,False
0.00041936345698688016,False
0.0004854374924934164,False
0.0008217178741590288,False
0.01877971251678911,True
0.008366666466604705,False
0.0038617472208321373,False
0.004325265145976329,False
0.0005216616355186683,False
0.0003059501637116134,False
0.0002914187484546152,False
0.00033283166207231674,False
0.0006189805361080192,False
0.0018253763905219254,False
0.0018253848559559927,False
0.0007904245606048929,False
0.001162134883507628,False
0.0009243006551891197,False
0.00039243402918827283,False
0.0003371627268181716,False
0.0007290119420522181,False
0.0007290104072809414,False
0.0007904465363306799,False
0.0019031740519894064,False
0.0011838369821489704,False
0.0015535489924955795,False
0.0020297369538777497,False
0.0020297340136225606,False
0.002309560191417567,False
0.0023095705144718028,False
0.0003924376242830397,False
0.000686950638889279,False
0.0016202466939693378,False
0.0010594955535708963,False
0.0011919160329158945,False
0.004315963797168275,False
0.0022978848868124785,False
0.0023214663467164046,False
0.0009731159414137047,False
0.0019081431552753238,False
0.001599490317261671,False
0.0022265747632107765,False
0.002524529334067276,False
0.002524523394443332,False
0.0027513363955434765,False
0.001504505690036436,False
0.001599474274285253,False
0.0012733887247046234,False
0.0011077717109874863,False
0.003116998683115776,False
0.002718407854715034,False
0.003116992757323533,False
0.002718409648775321,False
0.004315953984071236,False
0.003992804541170811,False
0.0031169819493439147,False
0.002372796710302332,False
0.003116978534901127,False
0.0022111147969072196,False
0.0007645190661938323,False
0.0022110992281032865,False
0.0007645127831493838,False
0.015112059748243246,True
0.0019227369881358494,False
0.003199744761107306,False
0.0026756061273706376,False
0.003744602195096471,False
0.0026556925011034216,False
0.003057278218022968,False
0.0004994504046004137,False
0.0010200117612334948,False
0.000741875946509175,False
0.0004994459702297298,False
0.0005215615990512588,False
0.0032172616701432242,False
0.0022732135048254562,False
0.0033319197079236355,False
0.003331905102553912,False
0.005687791028384834,False
0.004249161234186434,False
0.002737869393457787,False
0.0027378605102491714,False
0.0012962688922458702,False
0.0008495880952644502,False
0.002778568114185368,False
0.0023233603810170864,False
0.0020062051170333024,False
0.0020730437757814735,False
0.00277889093129915,False
0.002778888904707133,False
0.003782092160793445,False
0.0026159343925048492,False
0.0034887455404559267,False
0.0038594248952234247,False
0.004565775871385664,False
0.0044156291119087235,False
0.003488753837146382,False
0.0034887683311405305,False
0.0033740719057573083,False
0.0034887653676950597,False
0.004269943411544685,False
0.003374071633421731,False
0.003488776946730867,False
0.004269957980625331,False
0.0033740765830270495,False
0.0029595914602668053,False
0.004128698174794862,False
0.003157981780951853,False
0.0030565728294777235,False
0.002215441809150152,False
0.002035406876494022,False
0.002114575714355302,False
0.0031579809585837513,False
0.0036079186330397824,False
0.002959611716244649,False
0.0034888083332670528,False
0.001778855253021053,False
0.0022491160647345743,False
0.006999852939794203,False
0.0013996888170988253,False
0.0007097432187958276,False
0.0013721372634978909,False
0.002161401768442664,False
0.002470735361299809,False
0.0024707329254654363,False
0.0019324294082920027,False
0.0022740572803519694,False
0.0024047606097477798,False
0.0024707430817690634,False
0.002959632834608128,False
0.0031580154977579817,False
0.0037315098491600652,False
0.0007468736038141882,False
0.002123920112706269,False
0.0007468772193111172,False
0.0007468728201546037,False
0.0017510740606164893,False
0.0020062109967064925,False
0.004576240195429627,False
0.005687470973768623,False
0.0019422055195883502,False
0.002338087822337346,False
0.0038595130525596356,False
0.0038595152877387824,False
0.0031580430887121064,False
0.005288366702132648,False
0.00200590627851059,False
0.0047225689729105775,False
0.002963083202130692,False
0.003377774876739444,False
0.0033777728196429887,False
0.0033777708979874123,False
0.0027823126723053155,False
0.003995793984828983,False
0.0026192622859598264,False
0.003995807453757773,False
0.004419746872981309,False
0.0028590938161010414,False
0.005769572184113073,False
0.004352147057926091,False
0.003100812389059505,False
0.00046880723663658794,False
0.00024280673561744573,False
0.002520391927222893,False
0.0023217047473306127,False
0.0006366372201975584,False
0.0019521010090904872,False
0.00046897600693774163,False
0.0008341332403238365,False
0.0013506291518000507,False
0.002037404622925428,False
0.0017914920182710344,False
0.0017914886413001405,False
0.0032433228473607517,False
0.0017914896033173493,False
0.0017914795905314914,False
0.0032433238587150637,False
0.0032433234584623785,False
0.003243315514542838,False
0.003243318496427483,False
0.0011393487090956402,False
0.0028543608504401205,False
0.0028543632869613665,False
0.0043556944335173264,False
0.0019028892452178754,False
0.003935149449447361,False
0.0035447599886162385,False
0.0035447637111587315,False
0.002854350632927726,False
0.002854376177939853,False
0.0035447627371249487,False
0.0028543733097311347,False
0.0028543796509379544,False
0.004355701186489556,False
0.000907619427286967,False
0.0044783962910626895,False
0.003685191094509805,False
0.004478388316243004,False
0.004918092603966092,False
0.003076132737677213,False
0.004478383214847936,False
0.003685206126494881,False
0.004478413159956482,False
0.0023182294876548408,False
0.002854383004267317,False
0.002854382635874999,False
0.002854379750414363,False
0.0010641366589639251,False
0.0028543854909021,False
0.003544763138994944,False
0.0019028928448359208,False
0.001559847729800797,False
0.000893854080272608,False
0.003544771938070099,False
0.002132391722931387,False
0.0017131134704524433,False
0.0006926645020810601,False
0.0030084082659498274,False
0.0014756528832817937,False
0.0025545515561509226,False
0.0022077860519625772,False
0.001529804407191269,False
0.0012112894559940129,False
0.002324677985303853,False
0.002104271356757142,False
0.00232467979305201,False
0.00301373705308616,False
0.004816580566472405,False
0.001294380868044365,False
0.003546866803753972,False
0.0016404314922242485,False
0.0042055278660146815,False
0.004599952263826243,False
0.003832264971230918,False
0.003832263111189136,False
0.0045999610356262325,False
0.002550634469360349,False
0.00029181490369613967,False
0.00025751470634065136,False
0.0029068900975825125,False
0.0009132480948129093,False
0.002682481445514074,False
0.0002963240789113118,False
0.0003951255990781766,False
0.0005510982280556039,False
0.0003043613788441156,False
0.0006007805810159568,False
0.00030436227904092407,False
0.0006246695603024501,False
0.0006246687407201348,False
0.0017990037152905772,False
0.0006246754138810942,False
0.0005905669095460764,False
0.000750295661470792,False
0.0006626582084699037,False
0.0007999450276472254,False
0.0014524863183934915,False
0.0016120575767716206,False
0.0018780123821601927,False
0.0017858104885690308,False
0.002645537320249437,False
0.0021752318240235015,False
0.0018331564517192255,False
0.002283908699532059,False
0.0009805085309876128,False
0.0004573851140753362,False
0.0018396248508156837,False
0.002624910226529581,False
0.0025431152173389865,False
0.0024895148215494244,False
0.002624916745469147,False
0.002680381304443496,False
0.002111373022069412,False
0.002358807607717534,False
0.0025431284239340046,False
0.0027784780118968516,False
0.0034132148233693075,False
0.003755691753658834,False
0.0038603469981643205,False
0.003895700342203358,False
0.003931277935519764,False
0.0034781125030088236,False
0.003544206067671474,False
0.0029372176327766885,False
0.0028831137562845845,False
0.0022327729427160064,False
0.002489556500445599,False
0.0019946949780273756,False
0.0018826677626748024,False
0.0023588467719478506,False
0.0017753104080378036,False
0.0016726315159916762,False
0.0011286448163771686,False
0.0016047052428233637,False
0.002082836390885726,False
0.0026924403737585904,False
0.0030785788854233733,False
0.0018891694493098463,False
0.002982350385063666,False
0.0007137431992121095,False
0.00044870130205039086,False
0.0007222827682450346,False
0.0008031190673338032,False
0.00045252057287701545,False
0.00048679531801901937,False
0.0006480896331396078,False
0.0009292778449619348,False
0.0019902349153473617,False
0.003448738334915758,False
0.002000775259912464,False
0.0018884835477568907,False
0.0015811920619185921,False
0.001159740193292761,False
0.0005594175644396305,False
0.0006625398184396258,False
0.0005594093621261792,False
0.00031949370895284653,False
0.0003030751464074282,False
0.0024849659431574376,False
0.0014980513132261696,False
0.0003586629162278398,False
0.0003194927335299062,False
0.006069072391654625,False
0.0032442849684089677,False
0.0006623575281983071,False
0.0004965662733473606,False
0.0013018111943765684,False
0.0024626629157322335,False
0.0013018094108773342,False
0.0006623471272865682,False
0.0018151666068987762,False
0.0006623420242672276,False
0.005209847852608159,False
0.003752119174112159,False
0.0010782567590839052,False
0.0008248310755952095,False
0.0020626267626897674,False
0.0022895441876366676,False
0.0018549620958014604,False
0.0009519956743901711,False
0.002798892498096852,False
0.0008111790697539253,False
0.001694601492767233,False
0.0012984980970996828,False
0.0003539634131852146,False
0.00035396515378584547,False
0.00042788903744726706,False
0.0018151108131650741,False
0.001491011477821039,False
0.0005843568852500529,False
0.0015936680722803027,False
0.001338773564837647,False
0.0003535918265136162,False
0.00030070148321485556,False
0.0005143427706844185,False
0.0006625625314123303,False
0.0005594350314464568,False
0.00032073088677322974,False
0.0005222874574140615,False
0.00039182359612111186,False
0.0008442490547710834,False
0.000683816866894355,False
0.0007800740940447064,False
0.0007800744573021201,False
0.000985254044727302,False
0.0010620625252140586,False
0.0010548177050893931,False
0.0008667510735208535,False
0.002172845727925878,False
0.0014490074246389481,False
0.0023337079872427827,False
0.002172844946993325,False
0.0017450916625654372,False
0.002172844674371842,False
0.0021217876215701144,False
0.002516243393837238,False
0.002643505342057598,False
0.0015803365815532356,False
0.0017810100708713877,False
0.001581325105238318,False
0.0022395654286404484,False
0.0006081957508881636,False
0.0006081941635918316,False
0.0006081992791536322,False
0.0005091071490154633,False
0.0005091052647343093,False
0.000866715493765318,False
0.0013626708839196435,False
0.0023337239492050217,False
0.0026434978973914097,False
0.0017450882438910687,False
0.0029176622177822385,False
0.002445583095053396,False
0.0017450941600593256,False
0.002225790246670963,False
0.0026434907887528366,False
0.0023337198843479848,False
0.0008354766832485393,False
0.0008354795084260557,False
0.0008354738634775296,False
0.0006458879659592134,False
0.0008354747500974077,False
0.0008354745698574642,False
0.0003026329172697376,False
0.0006625905196439194,False
0.00035358786536209057,False
0.00030067874164445453,False
0.0003026369082021063,False
0.0003026327884693512,False
0.0004428793906760832,False
0.0004780498825140855,False
0.0007329242389757939,False
0.000608215460401393,False
0.00047804877627090483,False
0.0008354870841644803,False
0.001078498643617781,False
0.0030806185096385573,False
0.00233372726991011,False
0.001833374451297014,False
0.001745092619214579,False
0.0011846033110057498,False
0.0008056244952190076,False
0.0016607442470530569,False
0.002445591409396163,False
0.0010784913329481517,False
0.0009923391328464902,False
0.014126801216971626,True
0.0009928539889781007,False
0.0011716620265785605,False
0.0007960286913591849,False
0.0007192598824327163,False
0.0011716657217918352,False
0.0015326914191783486,False
0.004927131245734337,False
0.002907788374103667,False
0.0009077657170849385,False
0.0006987163544009602,False
0.0004772036554855585,False
0.000563889923838075,False
0.0005183858300763778,False
0.0014976718519516677,False
0.001954665792297558,False
0.0037072284629917867,False
0.0009928234055502627,False
0.0007409624694287966,False
0.0017959545321810002,False
0.0019908643116632206,False
0.0020941454285853104,False
0.0029077337597154967,False
0.0009928170512149604,False
0.0009077653393429718,False
0.0010781636347446482,False
0.0008295859381015816,False
0.0015803213135058664,False
0.0019708986562443345,False
0.002917615346213852,False
0.0009244521375743579,False
0.002793571801847072,False
0.0037086854109181218,False
0.00036021077869558183,False
0.000847038229495875,False
0.0003799822619376691,False
0.005350971122137171,False
0.0009266148636301326,False
0.0003501127587765931,False
0.000740962738293428,False
0.0011716900512659047,False
0.0006986851239746998,False
0.000698687321819195,False
0.0007158208314961152,False
0.0010544740292654838,False
0.001362984785136327,False
0.005763174572920241,False
0.0014975733274273063,False
0.0009274397214742291,False
0.0014975625686399732,False
0.0007889810081253655,False
0.0005638494040028501,False
0.00035359340421194346,False
0.0007830390359692391,False
0.0037070400151618835,False
0.003707025905254542,False
0.00513983335831686,False
0.0017716502679392579,False
0.001401245243476194,False
0.0008355541119406984,False
0.0010873281270824006,False
0.000509006050631925,False
0.005139798115219284,False
0.0017716317934238334,False
0.0008355615727794482,False
0.0011599907639937344,False
0.0009898099785516634,False
0.001581181258219761,False
0.001746397792369758,False
0.0013628552322786619,False
0.0007958732402455444,False
0.0020236907750642782,False
0.0010775711543263475,False
0.0008018196244335012,False
0.0015811898504392969,False
0.0008018188372857947,False
0.0018568208038240892,False
0.0006986530005496592,False
0.0007409555103965335,False
0.0009077823358325019,False
0.0006712433945051813,False
0.008001657823482848,False
0.0007409006745265536,False
0.0007408961343918363,False
0.0008900781517924414,False
0.0020237975398098586,False
0.002541215708797655,False
0.0028086212518777533,False
0.0008242042586103166,False
0.0012977324478853148,False
0.0008900707224911086,False
0.001927398999852103,False
0.0029125060289275314,False
0.0011720846664801598,False
0.0009918687289781002,False
0.0011720853644936015,False
0.0007665413961672486,False
0.0009918621320382831,False
0.001795518596541692,False
0.0010547705838790126,False
0.00112026827463857,False
0.00028387184879994645,False
0.0004238863865210453,False
0.0002910548806444009,False
0.00030251056577672097,False
0.008085694963602627,False
0.0010199567091205152,False
0.0017703257676256526,False
0.0017703204221078152,False
0.0017703151933798774,False
0.0017703106849572528,False
0.0017703096139132215,False
0.00047804256610012037,False
0.00047804704673904254,False
0.0008359953600279359,False
0.0014020581667193585,False
0.00047804159222515424,False
0.0003552310921646788,False
0.00030048506543606235,False
0.00035523074033975917,False
0.0003536036978289981,False
0.00031356167464350845,False
0.00030048337536038366,False
0.005317166723719134,False
0.0007310572251118778,False
0.0005178250078633276,False
0.0003536025631822059,False
0.0003004854629932604,False
0.0019527969691183976,False
0.005137453923341757,False
0.005137462735802485,False
0.001770251702623379,False
0.0017702481091210768,False
0.0009274927396174143,False
0.0017702393778329373,False
0.0012826451265914084,False
0.0012826394887399028,False
0.0009274810201223657,False
0.0026730851446338305,False
0.0009546183874675387,False
0.0008919668197269636,False
0.0013005774169481954,False
0.0009567937508255851,False
0.0030264438953078,False
0.0013005823411248022,False
0.003026432667877273,False
0.000804113148134392,False
0.0010780724041316956,False
0.001362450187327198,False
0.0007408924091524249,False
0.0007408899106761357,False
0.0011721371317562185,False
0.004757570386183344,False
0.01971361195706079,True
0.0007960687249659958,False
0.0006872695399893863,False
0.0012976998228209084,False
0.002021862883693652,False
0.0026815167917649207,False
0.002445905221095473,False
0.0018334166023486898,False
0.002561748051402719,False
0.0026815137022682197,False
0.014741274546719429,True
0.0013650695766302783,False
0.0016607057818870288,False
0.0008936099413127823,False
0.0008636700218507732,False
0.0012806082540599928,False
0.0014892838639171612,False
0.00044282469204584476,False
0.0007408925794737569,False
0.0011721511966182156,False
0.0007408873013322185,False
0.0009079622687726247,False
0.0011721506250467744,False
0.0006980898227214973,False
0.0004050580424319941,False
0.0004072737003842386,False
0.0005632276921299492,False
0.001336746761595865,False
0.0016684042845004886,False
0.0007834467258848625,False
0.0005228694390900208,False
0.0009863208300444402,False
0.0009863227788348401,False
0.0007809640978514101,False
0.0007487453994906847,False
0.0005228733116405096,False
0.0005228786216665041,False
0.0003921628460902359,False
0.0005228765887723786,False
0.0005427378381254456,False
0.0022212986161240273,False
0.002784354376483745,False
0.001037021507648127,False
0.0012414486452067108,False
0.0008458334925556159,False
0.0008926939424931032,False
0.0027843394131043682,False
0.0023339686931837813,False
0.0008948763322877412,False
0.001022465360553162,False
0.002437883763775583,False
0.001285492339343885,False
0.0019653340106947567,False
0.0015149771300542686,False
0.0019653270262622777,False
0.003263881458164481,False
0.0036236315438454335,False
0.0030984852439372513,False
0.000886594604965304,False
0.0008534104894660126,False
0.0010283924271073878,False
0.0008876337046830362,False
0.0008097664389332135,False
0.001748030309773507,False
0.0003748109061443116,False
0.0009685745131824509,False
0.0018459814120276301,False
0.0003634419655932242,False
0.0005086644070796851,False
0.0003634379596956394,False
0.0005086638503523971,False
0.008812804833611198,False
0.0007946915393240559,False
0.0012018089142695231,False
0.0008446957095165906,False
0.000750084956786983,False
0.0012898285824777859,False
0.0012003791847125563,False
0.00045294705255719307,False
0.0029770647692931446,False
0.00038630400177901695,False
0.002424090860305771,False
0.0004174851091412513,False
0.0015802236850845821,False
0.0016607109408970128,False
0.000833995065077674,False
0.0013624089831015638,False
0.002290368321793791,False
0.0013624122427677808,False
0.001127016894672568,False
0.0011270186665740059,False
0.0007981914695691904,False
0.0008136836106223637,False
0.002439406675626826,False
0.0024240315296771638,False
0.0010993491589456087,False
0.0052377856453648996,False
0.0006375012369860337,False
0.001377038462256228,False
0.00039847914414388057,False
0.00035360307199549656,False
0.0003536028826481718,False
0.0009212490753872539,False
0.0013365172021615047,False
0.0003027527209423562,False
0.0006630098054973907,False
0.0007835073201320501,False
0.001076259753771802,False
0.0009212557755974703,False
0.00035360507300652357,False
0.005269358861293626,False
0.0005086954638482019,False
0.0005086977051507499,False
0.0006830688861727525,False
0.0015853347885676666,False
0.0027788949092883543,False
0.002778893275196109,False
0.0032040646255690726,False
0.0032040767509114863,False
0.00800043815132496,False
0.0006847701646131431,False
0.0004304302357666616,False
0.002418073821115052,False
0.005228396587456262,False
0.008094847251478923,False
0.07591499447184949,True
0.32264680643363475,True
0.0006362047985769847,False
0.00039987652283213963,False
0.0009144002733065345,False
0.008000191742542153,False
0.0006849711618477692,False
0.0005099672267277228,False
0.00047428662804812835,False
0.00031943312434656006,False
0.0032053402292469583,False
0.0032053327854579838,False
0.004325120756444351,False
0.005106620585504725,False
0.005106630812096778,False
0.005106621939960744,False
0.00490276452010189,False
0.005106643429299444,False
0.004902776027060385,False
0.004902772256659528,False
0.005316146919666349,False
0.004062883173887035,False
0.004381771361866611,False
0.004381765321923806,False
0.004219474236983553,False
0.004381777252078551,False
0.004381788772466917,False
0.0042194981879773216,False
0.002974448106263535,False
0.004381799635163404,False
0.004219510454391253,False
0.004381808731221262,False
0.003912106330315497,False
0.004062960263836437,False
0.0033227013273894363,False
0.004704604443756866,False
0.004704609193599279,False
0.003322708643646624,False
0.003322703881394727,False
0.003322706721961856,False
0.003968392247562845,False
0.003968394859991584,False
0.003968388179454199,False
0.003968399376392222,False
0.003763446514357223,False
0.002974375771333938,False
0.003912154727732186,False
0.002325949848100483,False
0.004381890009139777,False
0.004381883680739041,False
0.003912185489449402,False
0.004381895115628963,False
0.004063040115329457,False
0.004381913732309671,False
0.0040630467586984945,False
0.0034774346723571133,False
0.003912202357941632,False
0.0037142329562076045,False
0.004981505075936677,False
0.001813651328298384,False
0.003714234732223459,False
0.0031234612835710726,False
0.002630596939824747,False
0.002630598757845257,False
0.002357984274470102,False
0.0023579926559263594,False
0.001427274755159637,False
0.003669061552558113,False
0.004139436071156296,False
0.0009388915558789023,False
0.0009388960635347188,False
0.0036690768572717365,False
0.002358014704506115,False
0.003976899453598447,False
0.003820123057408847,False
0.0037142645101761905,False
0.01309760233555159,False
0.0007275580303689233,False
0.0016446249604307344,False
0.005623378224606536,False
0.00515383122577301,False
0.011487900969418886,False
0.012152824304528244,False
0.0025127070193642913,False
0.015918797108145238,True
0.004380167429313111,False
0.004164524672976657,False
0.0009369297538995743,False
0.002311954447191508,False
0.004810306677949967,False
0.004810303064426019,False
0.004810302689934696,False
0.00628884488183406,False
0.003329427417835836,False
0.004556663044595544,False
0.004810287996212719,False
0.0045566519797743,False
0.0007444752471710645,False
0.0012802896327771189,False
0.0022166085298664616,False
0.0029895010959440677,False
0.003280049021384604,False
0.0017836398865340578,False
0.001783641335154642,False
0.004091445134608274,False
0.0040914392906503125,False
0.0030325349108971398,False
0.005217020078286669,False
0.004810264129469474,False
0.003328394784900605,False
0.0033283897479573963,False
0.003328377438834152,False
0.004090604254622478,False
0.003328380381555927,False
0.004090616084683399,False
0.0011481298732202384,False
0.001992247208453227,False
0.00328045881270251,False
0.0034319213636340553,False
0.003431914944654163,False
0.003910962967875637,False
0.003133133740537564,False
0.0034319144479621234,False
0.001280609941167339,False
0.0007447232645111562,False
0.00221698874491546,False
0.0035874863474200302,False
0.0016827278720571088,False
0.04973315155730092,True
0.0010283110817947971,False
0.0006189262801680412,False
0.0007447285518343633,False
0.0007447248515937867,False
0.0014326361536459475,False
0.004555641746415941,False
0.004941435814485682,False
0.0033280332671452957,False
0.004555629222988185,False
0.004809320805472595,False
0.00455562642603294,False
0.003497550816755963,False
0.003681107069847958,False
0.0036811176867220367,False
0.004809318636528922,False
0.001028399716893653,False
0.001380392202219418,False
0.0006189895592150274,False
0.0005451474301897563,False
0.000618990751939825,False
0.002775061183873013,False
0.0036810842013497475,False
0.0036810796293482062,False
0.002413838054705444,False
0.003681078601672494,False
0.003327976424018215,False
0.0033279723281177853,False
0.004090271722162574,False
0.003030977524285474,False
0.00231005665007473,False
0.0036810548047721825,False
0.0005437829812263754,False
0.0006217238966619047,False
0.0010284149228712146,False
0.000543788328392771,False
0.0007448191836533683,False
0.002249946428812331,False
0.0017270010818350979,False
0.0022574968375335043,False
0.0027749909504935486,False
0.0052161213427917245,False
0.0022574762807042008,False
0.004090241542317441,False
0.0023061288665564344,False
0.004555562041188551,False
0.0025304303138601277,False
0.004090218369146488,False
0.0053587229020039834,False
0.0030822218235190386,False
0.00230609889716085,False
0.0007844701577489661,False
0.0011460751908516015,False
0.0008970256471914553,False
0.0011460642679516578,False
0.0008970335178941656,False
0.0028972737222212395,False
0.002665411297873725,False
0.005358712244501828,False
0.0034974139859036166,False
0.005216090505852006,False
0.0030308701107581502,False
0.004809228495909372,False
0.003327867078908357,False
0.0034974113551224646,False
0.003327858964900712,False
0.002355400481069212,False
0.003327855422937621,False
0.0034973910389087723,False
0.0024136705023810744,False
0.0011460399200803769,False
0.0018885014995606536,False
0.0011460370423313864,False
0.0012275052075997922,False
0.0012275007163617734,False
0.0026247214399927345,False
0.004090163929484398,False
0.002413635585480461,False
0.005358691470338074,False
0.002256045222936227,False
0.00480919535286807,False
0.0036809377354360038,False
0.004941306860921896,False
0.002309853652788146,False
0.0023098540778074216,False
0.004261541842008723,False
0.004639530009070512,False
0.0011460123891214532,False
0.000729383805426517,False
0.001146008338096601,False
0.002897159031400112,False
0.002250246247368068,False
0.0024136030139335976,False
0.0023098172468954702,False
0.00228863586051949,False
0.00256857564421642,False
0.0024135693638261124,False
0.0048091537164282544,False
0.0006667959706070637,False
0.001145995180761632,False
0.0011459947691228253,False
0.002134472581895134,False
0.004530221836017312,False
0.00043264650442293714,False
0.002616301101871722,False
0.002616298289530266,False
0.002309776120842371,False
0.0022566250666814633,False
0.0022553117592438747,False
0.002256623682770238,False
0.0022495448049345327,False
0.00455507654576255,False
0.0036804416924549397,False
0.00074238119158782,False
0.0006854084328848316,False
0.0021795628095604837,False
0.0008042626379468222,False
0.0046299548178996815,False
0.0027803077554055247,False
0.0033574489932624526,False
0.003496806506241651,False
0.0025679671354497976,False
0.0036804085023346583,False
0.0024840391480183345,False
0.0036803957440701353,False
0.0003844042722921868,False
0.000441814210138503,False
0.0006853995319596572,False
0.0005048463983326326,False
0.0034602956939244747,False
0.0004016705859728682,False
0.002664653775142796,False
0.002614687808352014,False
0.003680374036602329,False
0.0026646450320409304,False
0.0028965214859077567,False
0.004808767730090075,False
0.0007148203170991386,False
0.0006302351257703798,False
0.0006662520024279874,False
0.002309059197946426,False
0.001185799879479989,False
0.00122057233188425,False
0.0014879363355408124,False
0.0014879261148548005,False
0.001487924670227686,False
0.0009654935790847337,False
0.001012890735711899,False
0.001768224203770667,False
0.0017682143545370798,False
0.0005007698873856445,False
0.00043237444030348005,False
0.0007851883328322771,False
0.0005007635318923302,False
0.0031813259649756094,False
0.0005007554382661644,False
0.0009393973143573141,False
0.0003957075253084081,False
0.0004735642720785156,False
0.00039570736075818165,False
0.00047355810652056527,False
0.000810636832252867,False
0.00233406219958368,False
0.0035386180547601273,False
0.0007849962568772879,False
0.0005229827822137356,False
0.0010304511298338194,False
0.06852531247818804,True
0.0009903716877834215,False
0.002338264746442352,False
0.0010304537915283996,False
0.0011533736130990018,False
0.00673379383394282,False
0.0023382658788462375,False
0.00233826888167954,False
0.0036746350174713155,False
0.000620560697963126,False
0.0007078061232619585,False
0.001724828205476816,False
0.004721248732429268,False
0.06477003307171673,True
0.0007085396767254502,False
0.0015270238818502603,False
0.004721232737918325,False
0.0040839782617004645,False
0.0011419092348013728,False
0.002943307925596165,False
0.0047212104108067116,False
0.0036745867049104855,False
0.0055009077944412526,False
0.0028895629091973025,False
0.0024050615575794037,False
0.004883799273863932,False
0.013211754438801805,False
0.03479415775305497,True
0.014902150577203415,True
0.003538425756218907,False
0.008689952837804818,False
0.00402359096623565,False
0.019320907090170602,True
0.0009594426939355532,False
0.0009925708600640182,False
0.000783378517995774,False
0.013211817911420034,False
0.002783491190879517,False
0.0013760008543049623,False
0.0024315694457736634,False
0.002403614000541995,False
0.002888205107492648,False
0.0006266392756348585,False
0.0015079839527501187,False
0.0017255572252107226,False
0.0025915051407153756,False
0.0022203785415116644,False
0.0021150082964835797,False
0.0009118388003618172,False
0.0016761198391520708,False
0.0007638285278966088,False
0.0007638344502372334,False
0.00141570860887462,False
0.0018713677426835816,False
0.001129134343843368,False
0.0023138421806081265,False
0.002196730566152911,False
0.002313843341564064,False
0.003197102703694354,False
0.002115007151153695,False
0.002334934672216922,False
0.0023349335155452276,False
0.0025915180445619237,False
0.0023138401635298947,False
0.0026825379606692846,False
0.0023138497754459004,False
0.0026825383940495824,False
0.002435288728476742,False
0.002196735465339671,False
0.0008317353586097264,False
0.002196735423409452,False
0.0021967325186415814,False
0.004930815013238178,False
0.007571636117827628,False
0.0030650071835719027,False
0.003148561877839055,False
0.00218789350569278,False
0.002836686893635706,False
0.00492458722651365,False
0.002904448039629239,False
0.005727530194178386,False
0.002446970644197767,False
0.0021878894161252503,False
0.0022786126009648076,False
0.00292841915671599,False
0.0031269043547586055,False
0.002836698807714457,False
0.002388863502531129,False
0.0028367030049328374,False
0.002667897720493672,False
0.0023888488480749747,False
0.002278618842834594,False
0.0026678999378782382,False
0.002667905926663677,False
0.0023888557969549097,False
0.0026679039860838458,False
0.0032374593777738034,False
0.002120974339369714,False
0.002388856064249928,False
0.002388856533889761,False
0.0025186304666007216,False
0.002521217266720506,False
0.002668067047730372,False
0.002668063588916174,False
0.004255672421323576,False
0.0032377847614212434,False
0.0032377906671777275,False
0.0030252408223904333,False
0.0023889848857129364,False
0.004628789528095548,False
0.00238898887003669,False
0.00302524464511039,False
0.003025244115806218,False
0.0021879760577763704,False
0.0032378033384119075,False
0.0031272439893384363,False
0.002928640789805487,False
0.002388992557427677,False
0.003602169941610727,False
0.0031272527883402295,False
0.002928648054350994,False
0.002083733341632774,False
0.0032378092810516662,False
0.0032378191181769047,False
0.0032378198388043522,False
0.0032378218194379993,False
0.0033537767602358206,False
0.003353770282035286,False
0.0020775373340461488,False
0.00302525944939536,False
0.0028369119133117575,False
0.003127273314997316,False
0.002518786093684382,False
0.0031272799129800667,False
0.0029286697454327846,False
0.0025187898129047236,False
0.002928666950416215,False
0.0023890094742801036,False
0.0020664603464711287,False
0.002072913808177227,False
0.0021880003820452763,False
0.002389008956592537,False
0.0026680990115564886,False
0.002389001186895709,False
0.005007993446033755,False
0.0041450057839920685,False
0.004144995798918485,False
0.005999229694826897,False
0.005693469590938431,False
0.0027503007639591986,False
0.0021127895885521245,False
0.002092747151145089,False
0.0026683067899865923,False
0.0021214251005459,False
0.002518974893745845,False
0.0021000763887959076,False
0.003127667535691769,False
0.0036026764023061905,False
0.002837176630134477,False
0.0029289210269878093,False
0.0031276724971565305,False
0.003127676188788497,False
0.002668316251173669,False
0.0031276824277333406,False
0.0034756102592869943,False
0.003354237062319947,False
0.0030255626499797192,False
0.0023891765076281177,False
0.0024516440351383226,False
0.002837192695634524,False
0.002188093668829411,False
0.002928939539782037,False
0.002083982121101739,False
0.002389176706137221,False
0.0020839819576212934,False
0.003025567540917392,False
0.00302556478841793,False
0.003025579153622383,False
0.002668346573529421,False
0.0030255755695723125,False
0.0030255778200093814,False
0.0026683309276798817,False
0.0023891818496766678,False
0.0021214521431327737,False
0.002521512695336198,False
0.0026683393087623274,False
0.002121460347665929,False
0.0022611985567023212,False
0.0029289538274092524,False
0.0031277200318529197,False
0.0031277342335178336,False
0.0029289662736542857,False
0.002668351509191254,False
0.002837205554428176,False
0.0023891870521728946,False
0.0029289683585309056,False
0.0020622840464718816,False
0.002389185038262788,False
0.002121466044822447,False
0.0023891917375293823,False
0.0021881096667106933,False
0.0022788891057073457,False
0.004194101467055276,False
0.004479414648145152,False
0.004194093018895672,False
0.0031277584380266857,False
0.002837222402301926,False
0.0037361646521271927,False
0.002928968266357238,False
0.0036028032912616475,False
0.0033543317039289276,False
0.0033543321849133574,False
0.0029289849756698174,False
0.004628038632400565,False
0.0052372826557152505,False
0.005727496600661588,False
0.005727495067549082,False
0.004194095143865223,False
0.005396718347891514,False
0.0032383710530253444,False
0.003025627066640544,False
0.0029289955926922397,False
0.002750363404771967,False
0.0037437277351730423,False
0.0025238337386668994,False
0.00044626298304978204,False
0.0025296927466501454,False
0.0015649253327302518,False
0.0014594561522678913,False
0.001459451187910483,False
0.0012617898831445088,False
0.0014594571876675197,False
0.0012059384901398455,False
0.0009195254267854294,False
0.0009195311631841005,False
0.0007749442778015832,False
0.000919531969251238,False
0.0012617973624642618,False
0.003702345843465706,False
0.004219723939312561,False
0.004810133320644763,False
0.004219725461860222,False
0.004506195368146782,False
0.004219729577560804,False
0.004506196975256164,False
0.004220553977731405,False
0.0048110897586999945,False
0.003702690557504533,False
0.004507092455117069,False
0.0037026929116226984,False
0.003702692848126848,False
0.0007751539610039724,False
0.000919793230077129,False
0.0011699464995989423,False
0.0005389466978102837,False
0.0013588279300037933,False
0.0007753210759946517,False
0.0007753137267616077,False
0.0005914645545216178,False
0.0007753184949066301,False
0.0009200126256875633,False
0.0004474172887599293,False
0.001843982892460644,False
0.002543598570166509,False
0.0028738557830178457,False
0.0032656986333432178,False
0.00025300342018271096,False
0.0006502219338485888,False
0.002412254076054829,False
0.0029893856077833794,False
0.0036787229970395587,False
0.004988871345642951,False
0.00429237683667334,False
0.00244731947632568,False
0.002035961607051463,False
0.002989381669275632,False
0.0036786998247510293,False
0.0029893672551957527,False
0.0036787019136892843,False
0.004747472220095148,False
0.002989351055320711,False
0.002035951890814417,False
0.002447276650548357,False
0.0018894303509415244,False
0.0018894307839373238,False
0.001875344308618295,False
0.002035950007975902,False
0.030251890555497356,True
0.009319638613098735,False
0.002438403518561612,False
0.0019617534789818122,False
0.0024384083252742736,False
0.002689610338088385,False
0.002689600882987642,False
0.0029776203903782244,False
0.004275662445154469,False
0.004729360263904927,False
0.0042756394499909945,False
0.0019569198850266133,False
0.008987765324785376,False
0.003372190647140647,False
0.0005100868491097597,False
0.0004463728696841437,False
0.00044637457704027313,False
0.0009188123979881822,False
0.0005507108655481899,False
0.001130823669864925,False
0.006920163612194532,False
0.0008719994591201745,False
0.0008108903976617591,False
0.00101814436585857,False
0.00315002046562822,False
0.003601674719618249,False
0.0031500247678407068,False
0.003664938677768742,False
0.0036649353705606623,False
0.003601676960639394,False
0.003601677616717485,False
0.007351249649619561,False
0.00032663100979468603,False
0.001401267050954782,False
0.0015581948645408375,False
0.00032663103200807986,False
0.000486821808155014,False
0.0003266295797610794,False
0.00021370449657204908,False
0.00031876920210048863,False
0.0006020369617242697,False
0.0008702971740165286,False
0.0029624242860990502,False
0.003976931029381142,False
0.003446524726078893,False
0.002962430936573108,False
0.0032800126283422833,False
0.003976934012019237,False
0.003976934579630842,False
0.0034465193084085373,False
0.0024578283578093746,False
0.0008701969994419386,False
0.0007241939764674182,False
0.0007521625067468466,False
0.0015327249579710459,False
0.000736228666836302,False
0.001603040681145244,False
0.0014321732408929086,False
0.0012897821972487303,False
0.0030341838446471254,False
0.002457837362462664,False
0.0037647531778148132,False
0.0034347092700671334,False
0.0032779741376101628,False
0.0032779762639191666,False
0.003434704048653348,False
0.003949116850924977,False
0.0031267630739365737,False
0.003126771237122914,False
0.0034347108329876126,False
0.0033535124206450022,False
0.004436062547532251,False
0.005142980925663927,False
0.004897064176248895,False
0.005142975690313199,False
0.0007679717369697369,False
0.0005266324602148543,False
0.004436063078955955,False
0.0024578210409713923,False
0.004242657423396779,False
0.004897060797695485,False
0.0036935930632049185,False
0.0035969758111466456,False
0.003663427678019137,False
0.003596973700173582,False
0.004030665268577212,False
0.003949118368604322,False
0.004155267224704826,False
0.004155267151845991,False
0.004155269185688358,False
0.00048115019843432145,False
0.0015979425285229938,False
0.0008706572330997074,False
0.000728536457531016,False
0.0015979474974781125,False
0.0012025313302117188,False
0.0004919528100934771,False
0.0020773243734073434,False
0.002524440127979216,False
0.0032800997840026036,False
0.002524440342611637,False
0.0025244375023140285,False
0.004435007696901308,False
0.0053963696635635815,False
0.004896241748097901,False
0.006495650878377843,False
0.004435014213415546,False
0.0034337333415224948,False
0.004589665070686579,False
0.004368276358807166,False
0.00481866803108845,False
0.003948292888337907,False
0.003948306953895244,False
0.003763818883148186,False
0.004589677118832029,False
0.0044350264436109265,False
0.0040533998766187525,False
0.005396377213893208,False
0.002734531517810634,False
0.005396383301401659,False
0.0034337460460014016,False
0.0039483021299871164,False
0.0032769854686456198,False
0.00394830901853783,False
0.0010298837821915905,False
0.00424406960815641,False
0.003602261484871348,False
0.0032829151027922365,False
0.003523893947300858,False
0.0009252335267919378,False
0.0007248193994484699,False
0.0007248224559262984,False
0.001984235273222457,False
0.00514903455086155,False
0.0016386619957858262,False
0.0036971431774489062,False
0.004902299445480843,False
0.005049352522185972,False
0.0049023052878964515,False
0.004902296288182313,False
0.004059213410929035,False
0.0036022747407819327,False
0.003952720335581654,False
0.0021323651354512056,False
0.0007745444162086118,False
0.0007745410038596357,False
0.0017199169249254912,False
0.002463181568179349,False
0.003952730918084153,False
0.0037702542328703387,False
0.0037702458513067362,False
0.003952719823345463,False
0.0011281907760653904,False
0.0033871450606043946,False
0.0037062329918113378,False
0.001253902378481033,False
0.001400254963897163,False
0.0012538992536768006,False
0.0024700843024132507,False
0.002470082905477052,False
0.00305929584836011,False
0.0032204611141659545,False
0.0029036828552548273,False
0.0016504157091081003,False
0.001543230042252125,False
0.0013407854430317265,False
0.001209584258350409,False
0.0007424478991940337,False
0.00015718123771065682,False
0.0002096656977834958,False
0.0011542239029970135,False
0.0005112241340088569,False
0.0005112199559414571,False
0.00020966689626267647,False
0.00032867890327608744,False
0.0007572959649714342,False
0.0007821107322453822,False
0.006735601436395386,False
0.001190718665936406,False
0.0010043411898574604,False
0.0007731695813286811,False
0.003601060749050309,False
0.004158323723553904,False
0.0011905047278419397,False
0.001969601766455087,False
0.001969604733891524,False
0.0024702067905237836,False
0.0019696021990913562,False
0.0033872951643647117,False
0.0031388153893526427,False
0.015746130792328998,True
0.0008049191102374271,False
0.0014823232153664703,False
0.004100475908497086,False
0.0026100064060013656,False
0.0008049110639764669,False
0.0007678890181665635,False
0.025335294265689152,True
0.001983969155983576,False
0.0007375484052633042,False
0.003697259993252667,False
0.001983969231024003,False
0.001983965951044358,False
0.0019036799142154034,False
0.0023979780899569167,False
0.0026759998180252522,False
0.0019036841719080658,False
0.0010509780756802927,False
0.0019036885217819887,False
0.00239798766908769,False
0.0032938316964255684,False
0.0032938323955976475,False
0.0014488376652490222,False
0.007480979386693646,False
0.0001507664441008707,False
0.0004641310169780217,False
0.0013492625145758309,False
0.0008493482015524983,False
0.0006744359873321291,False
0.004572500024500724,False
0.00042690310513506603,False
0.0004269038208970945,False
0.0009493738519907388,False
0.0019776158022028157,False
0.0009116177652275374,False
0.002150932298665514,False
0.002150918397494068,False
0.004314563652329331,False
0.004139488422990554,False
0.0036807539634130582,False
0.002762030411904616,False
0.003108891304171155,False
0.0036638680600987296,False
0.16522108612210534,True
0.06424366908513565,True
0.0027644288746251663,False
0.003033392829952613,False
0.003384270274003043,False
0.003429750659031064,False
0.0034297457366678783,False
0.0028859191815659366,False
0.0025157183519389802,False
0.004595315924911787,False
0.0028917368214649705,False
0.002891741012992459,False
0.0028917476323001494,False
0.002740016354615357,False
0.02202130580819087,True
0.03857571292539526,True
0.00019239564200083034,False
0.001177792583391054,False
0.000826042756732987,False
0.0008231979295964299,False
0.0013615591106791497,False
0.0024707169019271952,False
0.0008496614117110013,False
0.003085343647650228,False
0.003085347087160115,False
0.0011788163780918483,False
0.001526410188216782,False
0.0015264021158232295,False
0.0016672790612091853,False
0.000709501820962793,False
0.0031534962103192572,False
0.0013381769521578664,False
0.00212479909321029,False
0.0017653553370823873,False
0.002333220429189574,False
0.0021247993117102077,False
0.001114579789203306,False
0.0013381697758527288,False
0.0010764611193683686,False
0.006017742196453026,False
0.002021921766767162,False
0.004497256300372515,False
0.0038382241337872394,False
0.003579821269318116,False
0.002286155599133647,False
0.000902846516093097,False
0.00030087154681547503,False
0.00041811156782371246,False
0.0005658999479264918,False
0.0003008707599010132,False
0.00036726889232894486,False
0.00030086847736433364,False
0.0007550227092246766,False
0.0005211568432550104,False
0.0006907439087478526,False
0.000755018006704467,False
0.000662935818191065,False
0.0008674165916804027,False
0.0008674157653718201,False
0.0007274278764275007,False
0.0007953070792910985,False
0.0007953050957058751,False
0.0007953087263148554,False
0.0007953046808567139,False
0.0008674115502092188,False
0.00019820980864861468,False
0.00015677641225133403,False
0.00015677615799589536,False
0.0009885398481811788,False
0.00024457451177603085,False
0.0005733095116176903,False
0.0008227649752510691,False
0.0005733026450883219,False
0.0008227584470149558,False
0.0006907114303504941,False
0.0006289351274079241,False
0.00040857538601055593,False
0.0003051454725182928,False
0.0003804014588824553,False
0.0010159140145669918,False
0.001015908939941024,False
0.001168303850832403,False
0.0010159086981647142,False
0.001250260783594794,False
0.00101590897145535,False
0.0018241070989929071,False
0.001824106960409136,False
0.0002659807236083868,False
0.0004842638254342335,False
0.00039999507998978514,False
0.0029860689465376544,False
0.0029860669304957884,False
0.0033310113575269426,False
0.002469476983197505,False
0.003098133687313215,False
0.003831763347300757,False
0.02456731962147271,True
0.003108240855961688,False
0.004877412583896515,False
0.004492342047965316,False
0.002673983279546189,False
0.004211923493530859,False
0.001692316030285687,False
0.001692318829168669,False
0.00015930155400735918,False
0.00015930034504514618,False
6.284944734191989e-05,False
0.0001272742398989836,False
0.0005426117672352726,False
0.0003971391734988357,False
0.00025955337945644596,False
0.00032380324306752444,False
0.00025955387927246667,False
0.0006612783494164997,False
0.0008619091453067832,False
0.000514746931954966,False
0.0006837400388002602,False
0.0006837388064706054,False
0.0006837354825954404,False
0.0006837347155508849,False
0.0007477978491445789,False
0.0005805635249288918,False
0.0058729315035753295,False
0.006468510968118214,False
0.005326030608698765,False
0.007887591028244281,False
0.007887606137748115,False
0.009804644823854914,False
0.004153618032362072,False
0.005384721358027403,False
0.004889982653429233,False
0.0027472653672541147,False
0.0065974103585810465,False
0.008109806372266092,False
0.0050542453026068265,False
0.004810642718117208,False
0.004519362700498115,False
0.005569651921424951,False
0.005772625489310133,False
0.011302286645077318,False
0.004810617423291028,False
0.011005546266777615,False
0.011005537396086087,False
0.011258303514431378,False
0.009805509090569807,False
0.011130904622622008,False
0.011258295492524582,False
0.009957365679681704,False
0.011258285821404184,False
0.011130915453686026,False
0.007525109636013834,False
0.01029787915163779,False
0.010907389498275665,False
0.010907373236441014,False
0.010559962250053938,False
0.011085630124272291,False
0.009591480814519996,False
0.011087219442212536,False
0.010392358533727762,False
0.01125799144230696,False
0.011181220390862319,False
0.010373204029783081,False
0.01076302957902518,False
0.005432978405731254,False
0.005939481596981995,False
0.00629553083818827,False
0.0064790786643247585,False
0.005766975743344664,False
0.006115661832529292,False
0.0061156612922825876,False
0.010027662753083056,False
0.00952448096065046,False
0.010031235057994869,False
0.010883846348207262,False
0.009052159758370136,False
0.010553885204433216,False
0.01076757473698188,False
0.009531182061316179,False
0.008995424578375525,False
0.008758022729628223,False
0.010494038035954879,False
0.008995449125196762,False
0.005535397727302919,False
0.00354361346521087,False
0.004160031034296302,False
0.005030603127234081,False
0.0062605119839015165,False
0.003837073967879562,False
0.005886929385765701,False
0.0047095577454278875,False
0.005426306543334272,False
0.0059324708405943324,False
0.005760053536344463,False
0.005591327158558091,False
0.005760047069143679,False
0.0106477367468667,False
0.011256803155150595,False
0.011004932840045209,False
0.01112945687662918,False
0.01138696171722334,False
0.010764345102458822,False
0.01112946395635287,False
0.011129461138865095,False
0.011004946572096289,False
0.011004965213508211,False
0.01100493364990439,False
0.01103876161168922,False
0.007937797361377686,False
0.0075891486980736835,False
0.005907589890996763,False
0.005015034109951461,False
0.005798018502773593,False
0.004802600949800143,False
0.003973749648671416,False
0.005428628773748318,False
0.005695515252807239,False
0.0059224660865508285,False
0.006069212625202288,False
0.0060323117296743585,False
0.003562982402392099,False
0.003863831468968623,False
0.0028322224826448244,False
0.004800801926183715,False
0.006510217317963971,False
0.005767602115658932,False
0.006389550663135912,False
0.006270190118912317,False
0.007565731018545825,False
0.0024156636740042597,False
0.005438974144981803,False
0.006265026510550021,False
0.007258066565626337,False
0.0012686209615873387,False
0.0007680528645512501,False
0.0061578496280281034,False
0.0061187427537869364,False
0.0034523310527980982,False
0.006307138022116317,False
0.005622107033684096,False
0.004994550415670331,False
0.0073335856049322095,False
0.004424509120525875,False
0.007256218060109448,False
0.007808460600716611,False
0.004424506397694054,False
0.006422018284865819,False
0.004950349448742834,False
0.0041112519961854525,False
0.005447600856585126,False
0.004192595598038462,False
0.005380523382973991,False
0.005615076490133548,False
0.0015499766714838423,False
0.0020695498671039854,False
0.0018801691075618777,False
0.002455578563765217,False
0.001549983751977136,False
0.009152541989439338,False
0.004215985830455682,False
0.0010820193681726077,False
0.0010820152200968212,False
0.0012448380706821447,False
0.003900600224602786,False
0.0016013642569905743,False
0.001987429787140684,False
0.0039894783294386746,False
0.005862525560397037,False
0.0019113400227629379,False
0.0012569035358033329,False
0.001140499333369506,False
0.0012265196220624015,False
0.004713663233847777,False
0.004514430586870873,False
0.003950888461004915,False
0.004320880276397565,False
0.00471365322830102,False
0.002517242664161826,False
0.0037586197810457436,False
0.0037586281590754633,False
0.003758623781549445,False
0.004455039432041888,False
0.004834933755129922,False
0.001988104365051968,False
0.003236410110411762,False
0.002549901172603848,False
0.003950168655326461,False
0.003903751737265117,False
0.004331440002444225,False
0.004785594296690285,False
0.001245004899293297,False
0.009148103973348755,False
0.00914810929947114,False
0.002466792799724136,False
0.0007225698060938209,False
0.003950146866629621,False
0.003950141146460472,False
0.0037723835549618094,False
0.00432012120023868,False
0.0039501444178326696,False
0.004320117373118855,False
0.003772399784585913,False
0.0060500315967610754,False
0.006123993431893513,False
0.010323668609103201,False
0.008923143956252934,False
0.01022656077066029,False
0.010323705034116384,False
0.005724638145528067,False
0.006180573597274651,False
0.0059735809929384485,False
0.001018401318951184,False
0.011755668683668697,False
0.0030966340361357667,False
0.0033166723647887553,False
0.002971942739502574,False
0.002971943919740029,False
0.004005126006210528,False
0.004633527534775164,False
0.000790379626905948,False
0.00569024360551591,False
0.0009263399024804446,False
0.0006515325707956449,False
0.0019099275279410475,False
0.0016917796051105825,False
0.001037251984807804,False
0.0006531030654136923,False
0.0021458248190790717,False
0.0007989064230290885,False
0.0015923102800302086,False
0.0026541397951646653,False
0.00241002621964095,False
0.0029886953223575903,False
0.005231718741343365,False
0.0008433542059205561,False
0.0009865417699767194,False
0.009878376332510722,False
0.0010672064769826626,False
0.001216015896832123,False
0.0017382662575118652,False
0.0019401074176431774,False
0.002963052555063023,False
0.0033560586409257117,False
0.0019840743801842857,False
0.0017451119676060057,False
0.0017451168249942083,False
0.002507596977910536,False
0.0012014776390430616,False
0.0013142470786922868,False
0.0015721204274567605,False
0.001099477351876494,False
0.001944867682062871,False
0.0019448674850264197,False
0.0010994727168283003,False
0.0012014720076922085,False
0.000799425959828367,False
0.0017632859472068846,False
0.001456442921616856,False
0.0012191179054442543,False
0.0019639107562739993,False
0.0011087778010155315,False
0.002634231796231357,False
0.0043540662991976365,False
0.0035229802441922803,False
0.0030995469267839407,False
0.0047303674542234,False
0.0030995344971317313,False
0.004354069730279082,False
0.0012172726226342902,False
0.0012876298704966069,False
0.0036557165401252664,False
0.0020890937962543253,False
0.002089088776799705,False
0.0035590048455574974,False
0.0033762027326118328,False
0.0018567183884982367,False
0.0022917179474277695,False
0.002291723918455005,False
0.0012257455198902163,False
0.00488818199036909,False
0.035590382160148426,True
0.09409535965578046,True
0.16428164728866065,True
0.23829040334035687,True
0.0007853921097525764,False
0.0028616208767278,False
0.002998062851855322,False
0.003435151857988252,False
0.002861622496528258,False
0.0035927555235318264,False
0.003656876726288851,False
0.0027928120158384373,False
0.0028417290222823425,False
0.002891197132465538,False
0.004752072138969267,False
0.004567599111097031,False
0.004567603737343659,False
0.0023924425555101915,False
0.003524101581032615,False
0.0037709015852302216,False
0.002839582483932147,False
0.0030039705720452865,False
0.0038660368497615235,False
0.003930233767865686,False
0.0038660270201979767,False
0.0030205626844343235,False
0.0032010278911324937,False
0.003592332829288903,False
0.004089938841684718,False
0.003434753845747862,False
0.0017669705079201793,False
0.002938681080510421,False
0.0028146709708650325,False
0.002814671632594801,False
0.002938664529025229,False
0.00281467312281856,False
0.0029386689495666703,False
0.002577163935482893,False
0.0025771582729852615,False
0.002694165134777987,False
0.0030661699858565185,False
0.004751809565352478,False
0.004751815072193135,False
0.004751815255972645,False
0.00475180742905999,False
0.0045664826610475676,False
0.004751808685896925,False
0.004566483523678238,False
0.004751815502458369,False
0.004566474054518289,False
0.045173735832079995,True
0.0009394681650397593,False
0.0015430426968253857,False
0.002039611425199842,False
0.0018628632536153314,False
0.0009394676802905966,False
0.0006540301930053287,False
0.0006280435915103401,False
0.0006648923054388595,False
0.0014716167444608246,False
0.0006489949190201834,False
0.0006974935609640377,False
0.000660451273597315,False
0.0006055611565623087,False
0.0008830785879865195,False
0.0006145001102982522,False
0.0006608175778398286,False
0.0010144463206889513,False
0.0009110585312642204,False
0.004533955991989727,False
0.004533960373617156,False
0.004533967492262374,False
0.000450495384339063,False
0.000874825235842071,False
0.000765241896338765,False
0.0006646812387296536,False
0.0007652346681292178,False
0.001355452874667288,False
0.0009934431853409742,False
0.0009934462963813917,False
0.0004906668185839104,False
0.0025075456720824625,False
0.000684118014923256,False
0.0017005568648572166,False
0.0003992401562545213,False
0.0004913503925961449,False
0.0004489615982107203,False
0.0003992378378848074,False
0.0005368963627373441,False
0.0013932945201631348,False
0.00034042602426326616,False
0.0006506885527188042,False
0.00018463676577161323,False
0.00020096408246529873,False
0.000869245521873916,False
0.0015258690343218988,False
0.0015258616231839438,False
0.0015258638819843696,False
0.001525861055942756,False
0.004250419520748975,False
0.00429103145535068,False
0.0042910292079365335,False
0.0042910325825790355,False
0.004210086576937352,False
0.0038222476369864497,False
0.0037850107733827195,False
0.004295422092544466,False
0.004095154581664605,False
0.004295420221443374,False
0.004295430056082434,False
0.0013927802378743968,False
0.001513730487684881,False
0.0015137197856864657,False
0.0015137233692583305,False
0.0014267592652430889,False
0.001513713976452027,False
0.001513713072891175,False
0.001513709058694166,False
0.0015137114863801842,False
0.0013426355444063325,False
0.0018379164091700164,False
0.0017043273770378598,False
0.0017482648708235092,False
0.0017704554985859713,False
0.0017043264669353603,False
0.0017262190218774972,False
0.0015970887392253252,False
0.0015786891253700484,False
0.0005360431836785433,False
0.0019353313165685804,False
0.0011877121681898235,False
0.0011877127605399997,False
0.0013321576410876665,False
0.0016902653993441119,False
0.001907156825075146,False
0.0018422143341927366,False
0.0019071500588576367,False
0.0019289539364229099,False
0.0019508804017845441,False
0.0022113334895367716,False
0.031605908950027475,True
0.0053874067990814746,False
0.0002553326441618549,False
0.005660363207347819,False
0.002156257249860311,False
0.0035306579530657444,False
0.002211207144722001,False
0.002156261966102605,False
0.0020031446422130897,False
0.002877120561583245,False
0.0028771260004847757,False
0.002877124754701671,False
0.0028771242549234777,False
0.0019838565951323787,False
0.0018714435793180783,False
0.0017628333928583085,False
0.001871445640210641,False
0.001983860271346618,False
0.002877129421304994,False
0.0031974463589398597,False
0.003197448016765982,False
0.0054239377486064765,False
0.0031974453607337187,False
0.003197452434025826,False
0.00176283830454077,False
0.0028771483670178874,False
0.002877140167989904,False
0.0031974582351818647,False
0.003035390024241049,False
0.003197467370001399,False
0.006925624855067494,False
0.03557642974525169,True
0.004699403504802844,False
0.011943439576404735,False
0.005623812337211516,False
0.004350189730832046,False
0.009194497798393179,False
0.002179322518310638,False
0.002179311901218439,False
0.0017403171443834027,False
0.00217930865261886,False
0.0020652784802844574,False
0.0014633924730476642,False
0.0014633873809576157,False
0.0014633857800007365,False
0.0014633834567495602,False
0.001463382566456204,False
0.0014633798199583195,False
0.0013786737021934275,False
0.0013786697447020393,False
0.0014633767972883217,False
0.0014633785203229295,False
0.0014633690229788681,False
0.0019569298798342493,False
0.0019280212402884196,False
0.0018993334743165823,False
0.00187086666474694,False
0.00210487574752976,False
0.0018708700233024153,False
0.002104869401252394,False
0.002104874593007079,False
0.0011480063818686069,False
0.0007860842361933605,False
0.0017982512603283366,False
0.0007651631087715762,False
0.0012152829577957312,False
0.0011936993258948568,False
0.0019513687599125305,False
0.0019513677822951645,False
0.001843894742460155,False
0.00206205773688601,False
0.002062054175039784,False
0.0019513565364259375,False
0.002104059179280622,False
0.0021040592648816944,False
0.00210405916554007,False
0.0014599853532977815,False
0.0014599851795200835,False
0.001459977854329186,False
0.001375391575360438,False
0.0014599752430109073,False
0.0014599713289546825,False
0.004094001958617213,False
0.005411043525305048,False
0.0004591917499345385,False
0.002195697622024616,False
0.0021956907750130313,False
0.001972158038282257,False
0.0021956869600336586,False
0.0010284104466945889,False
0.0008690663959514416,False
0.0009871769859403706,False
0.0005689380777385463,False
0.0005689343692313125,False
0.00041402589165675775,False
0.0005689357668120837,False
0.0011860349814213752,False
0.0014248112463549627,False
0.0012627558851242865,False
0.0014247976904375314,False
0.001510120199933116,False
0.0007542259058966396,False
0.00016780382221795223,False
0.0001385753530933266,False
0.00048789345310217664,False
0.0008059147086967291,False
0.0006726012192946092,False
0.0011160182238886935,False
0.00103305848560266,False
0.00041455705330793947,False
0.0015389832843404581,False
0.00011823321160324813,False
0.0003171817754506515,False
0.00026092559723490174,False
0.0064161698264598,False
0.0033867288343619253,False
0.003255638512433775,False
0.0016637517362916975,False
0.001384452740282829,False
0.0035889887551250397,False
0.0017798211755932422,False
0.0002558486769070092,False
0.002626199886522993,False
0.0023504048992749505,False
0.00020350172818178522,False
0.0001454102980797461,False
0.00016017982799173153,False
0.00015261400604316814,False
0.00024914696140673835,False
0.0003975634247809455,False
0.0005225974231244495,False
0.0010497959603624704,False
9.392905926782853e-05,False
0.0001046445678921114,False
0.0012478245640299927,False
0.0006315454016408245,False
0.000990158083921172,False
0.0012133343234200357,False
0.0012243647045417794,False
0.0012133335128789234,False
0.0009713801371150702,False
0.0012133332881841903,False
0.0022743351444777246,False
0.0022743426348213703,False
0.00263924643769818,False
0.0022743411298019557,False
0.0026392416464314644,False
0.000583631032192836,False
0.0005836330457687507,False
0.0004658278188381719,False
0.0006983968107456398,False
0.0009901567351251132,False
0.0009901579071844601,False
0.00029245230317974277,False
0.0006983992981087893,False
0.0014380977642005316,False
0.0009901579920439084,False
0.000698400064351671,False
0.00046582774000497845,False
0.0019352660441200036,False
0.0018273695013267808,False
0.0018273690791465664,False
0.0019134185832825833,False
0.0019352530231745888,False
0.0014985303641584405,False
0.0013285013917898787,False
0.0013615922078371683,False
0.0013284998459679883,False
0.0014120717064285567,False
0.001412071637248414,False
0.001328485794040327,False
0.0014985072773073898,False
0.0014120599831657108,False
0.0014120597357700705,False
0.0013782795185326188,False
0.0014120544583365,False
0.0020690330541829885,False
0.0019507792721539367,False
0.002069036003257378,False
0.002069033464751548,False
0.0020690270292752855,False
0.0018361405483436862,False
0.0019507741458066154,False
0.0020690271326998825,False
0.0017231651952360975,False
0.00029253521122948157,False
0.0009901494452779441,False
0.0022747860583274154,False
0.0026397233260312064,False
0.002392830667350277,False
0.0025144864873206827,False
0.0026397280890785224,False
0.002639722570054873,False
0.0022747902586913943,False
0.004521508818715149,False
0.004521504954827714,False
0.002887202049438667,False
0.003199545619038399,False
0.001972063665867477,False
0.001972062273410535,False
0.0019720613599834404,False
0.0022101733283396213,False
0.0009211278797946555,False
0.000497990598932222,False
0.0004658824385547493,False
0.001942233114403786,False
0.0019422342153374611,False
0.0022748051799549927,False
0.001942240735612799,False
0.002392856699003259,False
0.00251450082937164,False
0.0021603585286505715,False
0.002160356546196104,False
0.002514500929660985,False
0.0021603613756491836,False
0.0023928589752947177,False
0.0025145065029471276,False
0.0015798420392364114,False
0.0017951307371404956,False
0.0020382544341114232,False
0.001617524236889051,False
0.0008676429786063179,False
0.002038256421707093,False
0.0017581291420033511,False
0.001026680873160152,False
0.0013634409766843044,False
0.0011054352894790073,False
0.0019684948457630255,False
0.0019684851613762386,False
0.004878850332343977,False
0.0025443528335133163,False
0.001993551179651942,False
0.0014795217548093126,False
0.0064579767615917105,False
0.002594923911215265,False
0.003238977673158247,False
0.0013266165826686359,False
0.019398884720043242,True
0.012839136398318173,False
0.0019501190002007662,False
0.0019501198935125972,False
0.0019501157170767787,False
0.0014100958974061042,False
0.0014964694311077969,False
0.0014100988611719064,False
0.0014964690044952415,False
0.0014100895375734094,False
0.0014964657838144025,False
0.0014964572110221076,False
0.0014964546004376754,False
0.001410081216387715,False
0.0014964576589885658,False
0.0014964541926300056,False
0.0014100720591062137,False
0.0014964444097990055,False
0.004104094290165893,False
0.004304783812469742,False
0.004183527138193394,False
0.004304788490031982,False
0.004304779394041822,False
0.004104097353373265,False
0.0043047902768409245,False
0.004104097195303114,False
0.0018608382176880656,False
0.0026177334218272985,False
0.00287945747892532,False
0.0028794580864831333,False
0.002879459960513826,False
0.001749828489952852,False
0.001749826844116531,False
0.001749833635588728,False
0.001643758077768823,False
0.0009911010763900122,False
0.0028794778854933744,False
0.0028794659613299092,False
0.0028794708184356815,False
0.005160708361154594,False
0.005160707582824114,False
0.003364848596029772,False
0.0031973670869963476,False
0.0009126638004971309,False
0.002879481651201845,False
0.0028794798779758937,False
0.00319737506965083,False
0.0028794828176115467,False
0.0027462160365923577,False
0.0028794855706459404,False
0.0007546585255530133,False
0.0005786403292517026,False
0.00016945658034687555,False
0.00014215203604442332,False
0.0017480982186042066,False
0.0019299591457990004,False
0.0017703135587543786,False
0.0016607377038051203,False
0.0011458599835931418,False
0.0009097872671435014,False
0.0009724202298266406,False
0.0012022914772966907,False
0.0012455676863711376,False
0.0012455648922332693,False
0.001118175703715749,False
0.001173890313318153,False
0.0011738906456039107,False
0.0011738877628152777,False
0.0009097748512087017,False
0.0011181672840906037,False
0.0013159809229053986,False
0.0009977646762175552,False
0.000917917614396323,False
7.533872968241047e-05,False
6.591702844537037e-05,False
0.0001140589912793924,False
0.0001447535880159877,False
0.0005168530392884287,False
0.0016874363083063655,False
0.002143376505144617,False
8.514612249713116e-05,False
0.00022089666607376973,False
0.0001884843415161035,False
0.0005685695068262927,False
0.0006613670372267982,False
0.0013332580434104238,False
0.0014078901386710221,False
0.0006613654696689588,False
0.0005685618472818325,False
0.00029136334137198195,False
0.0006613600669607472,False
0.0007631961913375821,False
0.00014296489712321492,False
0.00024915702880850827,False
9.001961682739971e-05,False
9.001991028727598e-05,False
0.0009465765712706565,False
0.0005469880404907372,False
9.002152054789389e-05,False
0.0019996991710594303,False
0.0021182157027062926,False
0.0020942044186146223,False
0.0014882801876308098,False
0.0014204018591324945,False
0.0014048681246951367,False
0.001470786003624597,False
0.0009603493557607642,False
0.0005952236750814122,False
0.00041271352773402135,False
0.00025982727227979985,False
0.000427034587763884,False
0.0005469783898727003,False
0.0005469777173673299,False
0.000946635751283999,False
0.00028078353438105704,False
0.0004516179691495435,False
0.0007441860873871352,False
0.0014435974414013768,False
0.0013072474153234816,False
0.0007142368342523727,False
0.0001767284363026076,False
0.0006136521720334744,False
0.0007142362800561094,False
0.0006136505989948655,False
0.0012201521352787907,False
0.0004434839445406732,False
0.0004434847227561003,False
0.00044348252567708203,False
0.0005469784090118202,False
0.002216133236635498,False
0.0004384839121399361,False
0.0011272745640482573,False
0.0011272742868656976,False
0.00014211772757781956,False
0.00047817160094529,False
0.00047817045839242616,False
0.0005666460921969743,False
0.00047817392442532934,False
0.0013540117905260615,False
0.00014199453451626965,False
0.0013540085022670898,False
0.00020105531604015724,False
0.0005832575279455848,False
0.00020105192646047515,False
0.00015031600391049858,False
0.0004275893743629228,False
0.0002592286567454793,False
0.0004275922918044392,False
0.00025922840755365534,False
0.000427589687209195,False
0.0002592272616743625,False
7.618423514238793e-05,False
0.00041266481199811114,False
0.0001446942672288888,False
0.0006355092321980007,False
0.001081244440333666,False
0.0008466894248612696,False
0.0008466866653765327,False
0.0005791030677871534,False
0.0008466867744986858,False
0.0017708455643264869,False
0.0014555027116078814,False
0.0011743643737138001,False
0.0016619350128113217,False
0.0013579994912427914,False
0.00011404461221356903,False
0.00025475676717761183,False
0.00037389929181827865,False
0.0007396044348774227,False
0.00073960345708036,False
0.0013020724073902242,False
8.789911733670321e-05,False
0.001126467339198685,False
0.0013020761908882153,False
0.001473601599502909,False
0.0007396020260430981,False
0.0016692754358380091,False
0.001782958602498751,False
0.0003734968249442186,False
0.00024625351919882157,False
0.00037349097026708253,False
0.00011467910895634085,False
0.00037349128938991957,False
0.0003734912368404513,False
0.0005428955515751516,False
0.0008673472160376462,False
0.0001712981718008384,False
0.0002491239781884706,False
0.0005166277362684072,False
0.0006354819231668826,False
0.00041263165504939033,False
0.0006354812179007755,False
0.0009177895259535353,False
0.000635482734207326,False
0.0012595195842599212,False
0.0012595236040532684,False
0.001354250728473165,False
0.0009458480748974742,False
0.0004770688669011692,False
0.0004770669148156291,False
0.0006628243541358355,False
0.0007692604423780558,False
0.0007692579416169225,False
0.0006628207974665512,False
0.0011919645009361057,False
0.00014167440214521895,False
0.0004285490874083123,False
0.0009191679245806791,False
0.0007692514567403048,False
0.00016102248108068755,False
0.0005464369822841646,False
7.486537383177883e-05,False
0.0004383865015957091,False
0.0008815931167661561,False
0.0009597653001868896,False
0.0012165945581978945,False
0.001234904730630001,False
0.0010584871818802258,False
0.0003548055325740146,False
0.00028477251288645344,False
0.0003441583540968082,False
0.00037428890695531176,False
0.0007477663456940432,False
0.0004984453138714232,False
0.0004784527827966435,False
0.00034415901915557434,False
0.0010983789973800634,False
0.00040675027980742863,False
0.0005649189448275275,False
0.00045735658979653525,False
0.0004573562786044739,False
0.0008988403788607154,False
0.0006873391337404086,False
0.0004091517921177001,False
0.0001141402999587538,False
0.00034883135089813024,False
0.0016415760471189,False
0.0018569848937354805,False
0.001747690767118839,False
0.0018569829837734096,False
0.0017277047534707008,False
0.0019516516850874598,False
0.0017277037206373785,False
0.0017276987974450945,False
0.0019926917043292794,False
0.000966235723385284,False
0.0009662338419534717,False
0.0009662347896105758,False
0.0004425724379406719,False
0.0009662366651410209,False
0.0009662411100014081,False
0.0009902930690947442,False
0.0009902920633641195,False
0.0012472157793921314,False
0.0009902938440088124,False
0.0012472200784194073,False
0.0006995194428548232,False
0.00099029274086091,False
0.0006995204100877868,False
0.0036505448904130167,False
0.0010075000569562307,False
0.0022571305000413456,False
0.002257128989704215,False
0.0007839029246219609,False
0.0007838987738347599,False
0.001336545422951873,False
9.10812118070792e-05,False
0.0010339521429599803,False
0.005387554221612654,False
0.00118105369747001,False
0.0011810521833977422,False
0.003933677209944762,False
0.0004720039638911562,False
0.0015405834570068183,False
0.0038309603563151527,False
0.0013067565820889825,False
0.0014028236686742881,False
0.001502511342646238,False
0.0015963584630641285,False
0.0013936068036403287,False
0.0014329665017759404,False
0.0013741459471500101,False
0.0011513349398805767,False
0.0015963584861107137,False
0.0011663972237080085,False
0.0017471284334111045,False
0.001393602177425342,False
0.0017915458437427582,False
0.0018139735550800114,False
0.0016816245666066432,False
0.001354831286126349,False
0.001857294150160904,False
0.001857291407809982,False
0.0018572942719092742,False
0.0014369004151208267,False
0.0015373006388705152,False
0.0013402115066004187,False
0.0014369070662100583,False
0.0016413953221196646,False
0.0007362865852561731,False
0.00023985233991305902,False
0.00048592002524715504,False
0.0021482794719754014,False
0.0025652094374255985,False
0.0019774766803727223,False
0.0021482864195987708,False
0.002565207217976057,False
0.002148283739012946,False
0.002148288399445018,False
0.0018097244922449522,False
0.0015017162563075739,False
0.002148292514282138,False
0.0025652130560197216,False
0.0027941037758369577,False
0.0003646377379423704,False
0.0004428452810009437,False
0.0004428472084816762,False
0.00019326122064234103,False
0.0005314861847549207,False
0.0004024215503411312,False
0.00036463158994586877,False
0.0006293567818803045,False
0.0007362656009696255,False
0.00010094201650862828,False
0.0002710731518293555,False
0.0015023806952990117,False
0.7276370642573664,True
0.0011357178133332444,False
0.0001461059858282123,False
0.0026784209994293977,False
0.0004422873296279495,False
0.0007001710465288918,False
0.0009124227309748803,False
0.0006116877073319132,False
0.0014368197270054894,False
0.0031014112754659874,False
0.002566496411031726,False
0.0035665839587667547,False
0.003038469663514056,False
0.002566505090415294,False
0.0025665051376869046,False
0.0023515734293876054,False
0.0018089178851184798,False
0.0021492825390459244,False
0.0015009309600443502,False
0.002149279113908405,False
0.0025665128364759544,False
0.0002960283394132664,False
0.00036360993483546916,False
0.0005302775747463873,False
0.0003284986843562097,False
0.0010818319399723373,False
0.0007347938558905263,False
0.000363605954863597,False
0.00036360408964917714,False
0.000604015265126748,False
0.0012124530699902587,False
0.00023553620977423247,False
0.0006069651308667574,False
0.0008769465944070356,False
0.0006069629715596616,False
8.13811640499084e-05,False
0.00030732686178564357,False
0.00023553494683978697,False
0.0008769429972285189,False
0.0008769467068902501,False
0.0013934865582276082,False
0.0008792360483238536,False
0.001400787852179699,False
0.0013048027877826686,False
0.0014007879857917927,False
0.0013048080544084877,False
0.0012124396396110903,False
0.0014007861899954608,False
0.004657155282239206,False
0.004860275716580953,False
0.00012513200838789443,False
0.0035517171433757226,False
0.0030280807716928696,False
0.0015421986787482538,False
0.0029079442179580496,False
0.0012009697094952146,False
0.0013463138653688005,False
0.0013463068570187674,False
0.0021802417865612544,False
0.0027913639837926657,False
0.0027132804257529947,False
0.002413904411694512,False
0.0010225010499734944,False
0.001022498546002591,False
0.001022495125425371,False
0.0009581376559022242,False
0.0010224992401002668,False
0.0009581345106103488,False
0.0008361917677664866,False
0.0007232792744667974,False
0.0006702173711744085,False
0.001022487308767777,False
0.0022952863015279273,False
0.002791384248104462,False
0.0027913823249981935,False
0.002914393044274086,False
0.0022954937022760936,False
0.0022954936750052115,False
0.0027394147417826157,False
0.002295498075506269,False
0.0032317416124615253,False
0.0015044692545002284,False
0.0016339837504959036,False
0.0048176853268721365,False
0.0035545025402237006,False
0.0022766471409838003,False
0.6740631082845763,True
0.003573856707984629,False
0.0005119104418160779,False
0.002181220856805681,False
0.0007314523490405862,False
0.0005275289065469825,False
0.0008469609869999133,False
0.0007880710572480837,False
0.0019799954761415767,False
0.002569484400809161,False
0.0027986328178527136,False
0.0025694860470895846,False
0.0025694885173223746,False
0.002569488746851433,False
0.0023543794525983453,False
0.0027986430938159233,False
0.0030418262630737334,False
0.0038556143332831526,False
0.0038556002309207507,False
0.002798647318854985,False
0.001229014465995975,False
0.0022970815804065803,False
0.0008107366471542296,False
0.0012290163519874243,False
0.002182002772079808,False
0.000983342402687696,False
0.002916941867567164,False
0.0013297224893374906,False
0.00019178080625700526,False
0.002151836149481696,False
0.0019630998545866244,False
0.0021824978890331117,False
0.00279394450269332,False
0.0022975980709081076,False
0.00023729407721591078,False
0.0010410896848017134,False
0.0016083100796953833,False
0.0013079825903706008,False
0.001608310860625635,False
0.0010621534252921408,False
0.0010410923215977892,False
0.0008817377399170544,False
0.000494888598949656,False
0.000881734654185286,False
0.0001795172519662677,False
0.0002213489493064109,False
0.00047701070535433054,False
0.00032466939233828293,False
0.0002062607895436643,False
0.0008901125808762261,False
0.0003246641176472786,False
0.0004373510474408295,False
0.0003246637983952584,False
0.0012296079743168635,False
0.0003253932570941608,False
0.00032539476486240253,False
0.0012296868517575543,False
0.0014520812741559846,False
0.002872467005213554,False
0.0016874645809692632,False
0.002643746502292612,False
0.0011969595755265895,False
0.0012683550539231436,False
0.0034039443802551016,False
0.001343124798772506,False
0.004663888151880088,False
0.0008707691137670144,False
0.002557135117883694,False
0.0018600853363973963,False
0.002184060724920022,False
0.0025402690579079353,False
0.00218405930903987,False
0.0015687559192709194,False
0.0024179351431348334,False
0.002666196913228261,False
0.0001343407953408127,False
0.0004775022613214561,False
0.00047750094423481534,False
0.00020808568698515748,False
0.0004775033841687185,False
0.00020808206589717254,False
0.000477499656671983,False
0.00047750020343700976,False
0.0005674792540769615,False
0.0005674776893724165,False
0.0005674717670057455,False
0.0006664941910391775,False
0.0019645879912209454,False
0.0024179516099446996,False
0.0019645854722379363,False
0.0019645864359136016,False
0.002184078685413291,False
0.0025402864538991627,False
0.0022992201235394025,False
0.0015687689525420913,False
0.0021842430132336076,False
0.0010839917359018558,False
0.00042665541954331243,False
0.0003348675444711156,False
0.0009424314408774681,False
0.0007589788982563161,False
0.00075897550653517,False
0.00044978732101312303,False
0.006058061293538961,False
0.0007589772149987219,False
0.0007589783651643872,False
0.0004497877694015682,False
0.00022933727877880018,False
0.00013025603946971372,False
0.0003863265804590959,False
0.0003863267515350043,False
0.0006018111382176532,False
0.00038632638038419727,False
0.00038632755202979254,False
0.0006018102189794496,False
0.0010348351179014254,False
0.0002866775725339218,False
0.003946622777748414,False
0.000340398157418788,False
0.00027814534153706706,False
0.00059416577291396,False
0.001364244394600703,False
0.0013642444365220454,False
0.0004718688758780632,False
0.0004718692853461701,False
0.0007893534823415857,False
0.00047186937503160086,False
0.0010843682634108008,False
0.0004016197280337389,False
0.0007304964642136225,False
0.0016890409358299783,False
0.0016890455117946298,False
0.003665765269702101,False
0.0004434188013432023,False
0.0007990568131559875,False
0.0004434171624075473,False
0.0031490693540502266,False
0.0031490773762946757,False
0.004337433168964442,False
0.004337443742883394,False
0.001445058262370655,False
0.0014109443800167621,False
0.001445054501962527,False
0.001445053231163051,False
0.001445049745555755,False
0.001445044435107581,False
0.0014450360930360789,False
0.0014450351605584325,False
0.0014450411327416675,False
0.0021194436700629946,False
0.0020241680094484405,False
0.0021194518061585193,False
0.0021194451458750735,False
0.002119444216433587,False
0.001706344083695031,False
0.0021571495831975832,False
7.612878283552091e-05,False
0.0008753888091547411,False
0.00030109024626103934,False
0.00038610660602014237,False
0.00039225830449386684,False
0.0003922546712315781,False
0.00030666810888777316,False
0.0006055639271688599,False
0.00039225476397695047,False
0.0006055639998361337,False
0.000605563925636347,False
0.00013417651554437722,False
0.0006055636961800886,False
0.0003922546211170341,False
0.00032344308799435814,False
0.0008753841591112145,False
7.866597859246854e-05,False
0.0003010899762541864,False
0.0003010895013154103,False
0.0006010108972212492,False
0.0006010104748677836,False
0.0008753808047276154,False
0.0004577529591443847,False
0.0008428505121486999,False
0.0004012228906522948,False
0.0006387506591821754,False
0.0003695291705407548,False
0.0005505494178221073,False
0.000842856890707822,False
0.0009651980475425503,False
0.0001232611051600185,False
0.0003976888399154316,False
0.00010837594498006245,False
0.0006390673817726552,False
0.00030258401908323304,False
0.0008236556447022041,False
0.0002597267231291991,False
0.00044904888412983587,False
0.0005763426828675072,False
0.00044905281344754573,False
0.0005763410879260708,False
0.0006468538447545601,False
0.00042649087012158613,False
0.0004264898488463357,False
0.0007911420603326979,False
0.0007911405291680341,False
0.0004264896813181734,False
0.0007210788124911414,False
0.0006547291945126203,False
0.000654733462274954,False
0.00033466570248461117,False
0.00045132380268228886,False
0.0011722876437271902,False
0.001172284686259868,False
0.000500047364221734,False
0.00544624005184149,False
0.002129889951241246,False
0.002157396505052728,False
7.582177382746526e-05,False
0.0001255293793942956,False
0.0021574146553439036,False
0.001108587351870515,False
0.0015050080369674124,False
6.32113046626111e-05,False
0.00014813808315310926,False
0.001048298533008143,False
0.00013585940631818415,False
0.0002369186082473938,False
0.00013585766451797566,False
0.00012916217229202263,False
0.00021415536602497457,False
0.0006922352071428441,False
0.00012916334312868455,False
0.0007736615416904783,False
0.0005289433544641321,False
0.0001401634537044245,False
0.00038652615918006013,False
6.501117151716774e-05,False
0.00014069126867402807,False
0.0002608538317530755,False
7.566764979541561e-05,False
0.0003249066725554828,False
0.00012350928059969864,False
0.0009437429695429749,False
0.00018190482728626246,False
0.0019415733147256004,False
0.0006542535531459382,False
0.0007829139065036991,False
0.0007829179142435722,False
0.000279419961229572,False
0.0006433746341178487,False
0.0007958327613831702,False
0.0008511729714716388,False
0.0006787103814411962,False
0.00040384551242747237,False
0.00022187417808492484,False
0.002147544581139091,False
0.0027829539071606508,False
0.0035378943442705667,False
0.0017940406718687516,False
0.0018392045918384447,False
0.0018619992687245852,False
0.0018165466544080452,False
0.0024501844007732607,False
0.0020583550072270805,False
0.0020583639330726032,False
0.00205836788902935,False
0.0019393731534889742,False
0.000996359070358043,False
0.0020583627179505157,False
0.001200057307804618,False
0.0016006327820703796,False
0.0016006331921814365,False
0.0016006321409542824,False
0.001823747053923323,False
0.0017055077476648803,False
0.0019547007484959794,False
0.00207391849880815,False
0.0020739167375706377,False
0.0020739170846668284,False
0.0018165461302284134,False
0.0018392007561975987,False
0.0018849557230554905,False
0.0010714069194242238,False
0.0033085320007968217,False
0.005631742657287678,False
0.7363987704481494,True
0.00019820270230503327,False
0.0003901482642162495,False
0.00047005365952031445,False
0.0006569627695055218,False
0.002158040457133121,False
0.001237290163693756,False
0.002158043097133637,False
0.0014943535904183654,False
0.003308874169010242,False
0.0008166826683361615,False
0.0011277843103051318,False
0.0018021846242963682,False
0.00016289507906550155,False
0.0006774988267838446,False
0.0013151792964604826,False
0.001225056003728592,False
0.000553070630870829,False
0.0002674651173630733,False
0.0008165255925246119,False
0.0004432563601866196,False
0.00037292083559915123,False
0.0011574412031276598,False
0.0014552231101123728,False
0.0014354684209485474,False
0.0016187820475995593,False
0.0013579705926732213,False
0.002337810776811333,False
0.005399232025661927,False
0.0022636726323387478,False
0.0023394338536405824,False
0.0020924023770803415,False
0.0022636728350092926,False
0.0026672957092865024,False
0.002508046546204083,False
0.002145732058923513,False
0.0020828192489810112,False
0.0020006101560881965,False
0.0020828132691991037,False
0.0022175084522782426,False
0.0029227950252961564,False
0.0016612020929182715,False
0.0020007337235599426,False
0.002119702192689222,False
0.002119706025164667,False
0.0021197056055249526,False
0.0021196996377809037,False
0.0019774004019811543,False
0.002119695555724013,False
0.0019547591020465742,False
0.002049837419947382,False
0.001978297366587313,False
0.003985472171937752,False
0.0040647624998313295,False
0.003830276956992504,False
0.004104817284152621,False
0.004145160173993865,False
0.004227499983084874,False
0.003830278137986344,False
0.003215261539608251,False
0.003352601619219728,False
0.0027009011050856957,False
0.0032972450243991384,False
0.0040249911929976,False
0.0017486118409664197,False
0.001974860976117112,False
0.0017486119614200468,False
0.0016405720227966347,False
0.0016405724677191812,False
0.0018604753847794565,False
0.00197485984082657,False
0.002140616820895216,False
0.0021406156413346475,False
0.005415625096197692,False
0.0033377815483591295,False
0.0030907018544936264,False
0.0028741852102201434,False
0.0015037641817656124,False
0.005388574058750764,False
0.0006754600253001863,False
0.00034650985352494636,False
0.0004415494304996656,False
0.0009678141087847363,False
0.0021957324614190485,False
0.0019755971881407148,False
0.00243025260863821,False
0.0024302486665842165,False
0.0019755978130974474,False
0.0020838722974703336,False
0.0012389470413596765,False
0.0016723859720303262,False
0.0015785031458378023,False
0.001870935502458359,False
0.002382207200242896,False
0.002552920306238392,False
0.0015563394472317682,False
0.0013174309324865978,False
0.0018393112410740404,False
0.0017275027827439592,False
0.001515032541601877,False
0.0016838225334546194,False
0.001414373851898657,False
0.0016407313390978868,False
0.0018393142991841589,False
0.0019548395897240572,False
0.0020740733270044327,False
0.0022939922986130305,False
0.0028024782890023886,False
0.0028190365057344275,False
0.002908505448489775,False
0.005388715257323066,False
0.00044961518136824377,False
0.0025811326400274033,False
0.001133851584936566,False
0.0023389111359122,False
0.002338911135780601,False
0.0029319564036103985,False
0.0010380815539621927,False
0.0009963990850423985,False
0.0001238583219899289,False
8.01512676285862e-05,False
6.650307455320817e-05,False
7.61527003209e-05,False
0.00040232520105492855,False
0.0004119311537327911,False
0.00023492241890648398,False
8.328076029613465e-05,False
0.002032990684043732,False
0.0020329922802162998,False
0.002032993374391213,False
0.002032994705494975,False
0.0020329912552064402,False
0.0029369695215338476,False
0.002936971880665467,False
0.00293697994250341,False
0.0029369834070738293,False
0.0029369800724507213,False
0.002936980491569497,False
0.0020329803588673345,False
0.000490085458237099,False
9.322785869898233e-05,False
0.00033333464753176797,False
0.00015593586854131992,False
0.0004208220736699422,False
0.0004696222417484326,False
0.0005325705135791849,False
0.00033664083960419794,False
0.00036367584177683,False
0.0003228842591392491,False
0.00043305341441154623,False
0.0003664921213228371,False
0.0005265227965488927,False
0.0003195408053159689,False
0.0005387141290298531,False
0.0004203159086360935,False
0.0004921184516998959,False
0.0006558396956199768,False
0.0004830531147161512,False
8.69591787945374e-05,False
0.0005501493625391111,False
0.000451516338994216,False
0.0007573244709365932,False
0.0007024955628994971,False
0.000702493958456763,False
0.0006765563473710988,False
0.0004333703666368192,False
0.0007573269794239212,False
0.0006435096421228832,False
0.0007294199635509112,False
0.0006435103116384332,False
0.0006765630166027653,False
0.0007747131831673182,False
0.00020390816953973217,False
0.0001008562652881712,False
8.563342385088417e-05,False
0.00024068496435683778,False
6.730742722236688e-05,False
7.995813109364787e-05,False
0.00014640998822670518,False
0.002121355271092546,False
0.002121359770375322,False
0.0021213576964033485,False
0.002121355012371382,False
0.0026953582829624717,False
0.002953455607305072,False
0.0027676308922376124,False
0.002522160782814332,False
0.002314096238682051,False
0.002522169025743967,False
0.002002197215257968,False
0.0019086360634675188,False
0.0018854765405198512,False
0.002025721179459764,False
0.003663651463838981,False
0.002223189833490993,False
0.002351818576113778,False
0.002351821764839622,False
0.002351818752896251,False
0.001399516935338562,False
0.0021480086500508372,False
0.002351820888394083,False
0.002351823836141738,False
0.002216828977444899,False
0.0022168219384305857,False
0.0022168242376305962,False
0.002216829481122787,False
0.002216826348076125,False
0.0022168289848024177,False
0.00221682630840654,False
0.0022168258157905857,False
0.0023520324985936538,False
0.0020274652851795436,False
0.0020274609569743214,False
0.002027464340320599,False
0.0020274592522643697,False
0.0015966812405454939,False
0.0018461711764015086,False
0.0015294413202305065,False
0.0005009487505654392,False
0.0005532242090496943,False
0.0002968620719182024,False
0.0019090288129445623,False
0.0002456393674974599,False
0.0007329657872924366,False
0.00038291116093113305,False
0.0002396761642756876,False
0.000124877052778938,False
8.886128221573228e-05,False
0.00017477947242528093,False
0.0001971895322585544,False
0.000385437189610743,False
0.0012683198102995709,False
0.0022157931526535918,False
0.0022157917194238893,False
0.0020270047787745065,False
0.002027005185578434,False
0.0029564507949127335,False
0.0022172683300601967,False
0.0022172643830319877,False
0.002217260308615967,False
0.0022172628987556895,False
0.0022264308328678655,False
0.0023551705606519647,False
0.002355172506816799,False
0.0023551766111456476,False
0.002355172311549652,False
0.00142945903797089,False
0.0023551788705130712,False
0.0021945888540925947,False
0.0023551792246985777,False
0.0020268080644844427,False
0.0019079164867189093,False
0.0020268034058298847,False
0.002026808903463634,False
0.002216240377935338,False
0.002216236639574265,False
0.0022162390060300402,False
0.002353732763494606,False
0.002353731250762246,False
0.002353731832348579,False
0.0023537383009025804,False
0.00031653673405350756,False
0.0002102159431826625,False
0.00016638180895795857,False
0.0020334340551815726,False
0.002033434138960787,False
0.0020334316739434163,False
0.002033432018122704,False
0.0020263984846349537,False
0.0020263972862249366,False
0.002737521089050051,False
0.002959937245988731,False
0.0029599411109639128,False
0.0029599447893431385,False
0.0029599504170204787,False
0.002959950363727514,False
0.002026393779093106,False
0.002026391454914862,False
0.0020263923056180358,False
0.0020263917049698687,False
0.002026390416596825,False
0.002026388095518533,False
0.0020331657748493418,False
0.00203315905038404,False
0.0029645085871630333,False
0.001195730933943708,False
0.00032469823923832837,False
0.00031623931984977276,False
0.0003165251921117029,False
0.00010860189277391178,False
0.0003086066137691162,False
0.0001858565211153513,False
0.00035690891189329386,False
0.0002133918454919652,False
0.00027673551027989485,False
0.00031632287984724114,False
7.023860811251325e-05,False
0.000192565633266061,False
6.699184947597938e-05,False
0.0001820775510051732,False
0.00014607200912579834,False
0.00013232591204625092,False
0.00016520160527361654,False
0.00011281794658377554,False
0.0002696500276166003,False
0.0006520285267068653,False
0.00044576285975689875,False
0.0006156902699899116,False
0.0005304016724613701,False
0.0005720541798623055,False
0.0007436984498933604,False
0.0007905667340377941,False
0.0017386606287672142,False
0.002253071656067055,False
0.0015816513182102556,False
0.0021052732415583393,False
0.0016505856223013732,False
0.0017207645924177963,False
0.0015983477980130475,False
0.0021219534358582095,False
0.0017539056859699476,False
0.0017539082106679325,False
0.001753902540496485,False
0.0014403771807840588,False
0.0015675407587157717,False
0.000767123516424942,False
0.000982820051377655,False
0.0015332779157360963,False
0.0009828211591686288,False
0.002456928930578754,False
0.003918198139869353,False
0.002877733306651917,False
0.001979166405257387,False
0.0007766224525402078,False
0.004059596152587244,False
0.00244816208528921,False
0.004581712255302665,False
0.002448167754858345,False
0.00369767280455185,False
0.0007642532649820721,False
0.0036976768459440995,False
0.0036976725134436894,False
0.0030332822867201446,False
0.0025314792476090107,False
0.027252151624031818,True
0.0007841521578093911,False
0.0002876083121730678,False
0.00026090343394508336,False
0.0002609016107241326,False
0.0008230381743115301,False
0.00043874348943312864,False
0.0013363368588728466,False
0.0007832188486030112,False
0.0010984340040096048,False
0.0010984369068277415,False
0.00405997055463972,False
0.0030335718201017054,False
0.004653555680425443,False
0.004059958299996181,False
0.0030335758928548987,False
0.004059972100549321,False
0.0030335760520930834,False
0.0030335773160321566,False
0.002448417650068467,False
0.002531724679651308,False
0.006236687914040246,False
0.003018475485234274,False
0.0013863445857441334,False
0.0013863441128320853,False
0.001077027705990658,False
0.0009618498393871319,False
0.0010770276306535308,False
0.002457206659121608,False
9.162091902407996e-05,False
0.001979371274518274,False
0.0014086044540909477,False
0.003917571742435423,False
0.00118150110515952,False
0.004752387912582421,False
0.0027134037728908907,False
0.0017579274364485412,False
0.00223348364416272,False
0.002233481699555747,False
0.002925456410899931,False
0.003068951243214035,False
0.0030689578268920047,False
0.00043580278366523074,False
0.0009455250715174213,False
0.0006624296866298066,False
0.0009455291349109669,False
0.003277606170708855,False
0.002377695982694194,False
0.0022129004517768423,False
0.0023466788705960276,False
0.0022374294622517148,False
0.002025907586699701,False
0.0019312212400079086,False
0.0015355510525752157,False
0.0017492278307059395,False
0.0015355462043310092,False
0.001337209707086005,False
0.0009865659383253805,False
0.0013372129222863798,False
0.0014344629625342384,False
0.0019782610457649763,False
0.0018618228814057292,False
0.0019312273649853742,False
0.0021620568570816547,False
0.0013052614844597421,False
0.0016668562340401813,False
0.0009948156650389508,False
0.001666855885215922,False
0.0013052610961657846,False
0.0009948165728629976,False
0.0005285597460800134,False
0.0013052600253630428,False
0.0018561821259117169,False
0.0016668507627362716,False
0.0013052548012930758,False
0.00024264887660473177,False
0.0008342611233657374,False
0.0008342615804922616,False
0.00017089898431930256,False
9.15678647678702e-05,False
0.0009742636409305539,False
0.002424899907326538,False
0.0005756868763861804,False
0.00057568501316703,False
0.0005756843287755257,False
0.0014344697831248727,False
0.0009948059206171581,False
0.0019523583144739048,False
0.0008586655085389606,False
0.0009948070394851121,False
0.0018561753893813451,False
0.0013052485132091227,False
0.0019523564959469132,False
0.0018561668987995726,False
0.001666835436639119,False
0.0020532378609102405,False
0.002300704270471521,False
0.0019523668181620371,False
0.00216208478682815,False
0.0015355630798537558,False
0.00143447527754708,False
0.0013372256004638605,False
0.0008342699070815659,False
0.0004309686901456833,False
0.00026104189025237263,False
0.0011028651085727961,False
0.0009402526235358165,False
0.0011028662707970244,False
0.002458175685572373,False
0.0009402502519520329,False
0.0005371102149333759,False
0.0013732572591451254,False
0.001279596884863035,False
0.0024581794895314197,False
0.002458177521307492,False
0.0032873141364555595,False
0.0009337407995311835,False
0.0007835988630985946,False
0.0016405474752354565,False
0.0015356253029930893,False
0.0019634531006869843,False
0.0014345345660870619,False
0.0015356196849791355,False
0.0014345374618062571,False
0.001337285166592503,False
0.00030345960797120914,False
0.0011556269505033337,False
0.0016208830204112814,False
0.0011556250744844648,False
0.00016841050563946194,False
0.00030345982455234677,False
0.0003034644286248344,False
0.00033170664251023374,False
0.004081573651410938,False
0.004081567530488221,False
0.00019492355209919514,False
0.00011759097158827926,False
0.00019492277945878394,False
0.0010987759527801332,False
0.001098770776697717,False
0.0007836317404331681,False
0.00019492668645225035,False
0.0009337772327387887,False
0.0009337721790641857,False
0.00030346174494467825,False
0.00037917006085210137,False
0.00024310261328942852,False
0.00037917031022573477,False
0.0006983509639564531,False
0.0006983501938973319,False
0.005574166141986983,False
0.004762204976290374,False
0.0027491929925871606,False
0.0036495065860545003,False
0.005840353312403181,False
0.0029116559099599507,False
0.0011546269517530659,False
0.000986966660251874,False
0.0018552222160229707,False
0.0023014187683070117,False
0.0018622778209990596,False
0.0009869676593191974,False
0.002351043150641184,False
0.0018552175223797683,False
0.0023014220116086255,False
0.001535985539560773,False
0.0017496787445550415,False
0.0015375601928660928,False
0.0007839098532232803,False
0.0007839126168481105,False
0.0019075400367055684,False
0.0015375616685518163,False
0.0020253480185179217,False
0.004762357636990117,False
0.0055733343302968846,False
0.000528412235724568,False
0.0024505932720444803,False
0.0058384957226924805,False
0.0058384968266093325,False
0.0020215093626677998,False
0.0009888385716152134,False
0.0013391971807908895,False
0.0009867310031462248,False
0.0014709749606848278,False
0.0013391967380130241,False
0.001750924119296723,False
0.002594670196067922,False
0.0009867251030473586,False
0.0008366848500312372,False
0.0009888450336823398,False
0.00012014303397582468,False
0.00033387689713970534,False
0.0009354613180397512,False
0.00020149671885336766,False
0.0007674034513315607,False
0.0014724299839198333,False
0.0017923829059574748,False
0.0013732810424844934,False
0.001472435258732356,False
0.005571057482030974,False
0.004616912409103145,False
0.004847549284565924,False
0.0029621060687458236,False
0.005088603525174684,False
0.005208447576171217,False
0.004612462717569772,False
0.004612461983871513,False
0.004962233724612262,False
0.0052084397551732785,False
0.002371981614667323,False
0.002717285958315023,False
0.001338538694751248,False
0.00057656974028377,False
0.000993066488670155,False
0.0013385370982988312,False
0.0005774512899970736,False
0.007521031510451143,False
0.0032378516548054936,False
0.003237858326770683,False
0.003237858212406287,False
0.004611100307742891,False
0.005334073891443303,False
0.004960856153727121,False
0.0046110961469982585,False
0.005334068041280519,False
0.004960851290339336,False
0.002975284758632101,False
0.004611087256505396,False
0.004611098162423856,False
0.005608017969270206,False
0.005082644134337121,False
0.005207054613710219,False
0.0046155288398108665,False
0.005338676583785565,False
0.0054161546716947825,False
0.005338680294387902,False
0.004846151578425869,False
0.004846147633830804,False
0.004846153195974908,False
0.004702581696484811,False
0.0005775762831223292,False
0.0015907042420055903,False
0.000541773452467965,False
0.00011351212201450957,False
0.00040723935228354033,False
0.0009868819781198618,False
0.0006827773068099627,False
0.00026293146561184725,False
0.0009023301733120973,False
9.302425457081367e-05,False
0.00044109818768864,False
0.0010002274882727257,False
0.001340386139149455,False
0.0013403888690062481,False
0.0009865269437415432,False
0.00025641254337184554,False
0.00040592121539188337,False
0.0006120401876471999,False
0.0007448971338746868,False
0.0007448964468990931,False
0.0006120340727633781,False
0.0004059220523777289,False
0.0008923082926672708,False
0.0007448966255064894,False
0.00089230787546672,False
0.0009714727144747913,False
0.00016722122988428796,False
0.0022651312975164495,False
0.0024135637461342716,False
0.0027081998348152834,False
0.001061142982931345,False
0.0038123480305600936,False
0.005123215111724524,False
0.0025759757399422714,False
0.0057438721926580975,False
0.0015107385617884647,False
0.001627163121576105,False
0.0017675625328190843,False
0.0025782297982964763,False
0.003853652176407286,False
0.003327649665071175,False
0.0030832210316462257,False
0.0031026697000082087,False
0.002666313573180767,False
0.0030832221153717144,False
0.0028511723165146234,False
0.0025782440260073603,False
0.002756916836227888,False
0.0025782567881413726,False
0.0028511694546647535,False
0.0028302233340575154,False
0.0034083790184001803,False
0.0010974919880349676,False
0.0015270714469286313,False
0.0014772686139806425,False
0.002150462753032653,False
0.001885579286905911,False
0.0024558118796313634,False
0.0015646276169599862,False
0.0025907163080413492,False
0.0025907116144029685,False
0.0014904470082944042,False
0.002474421996821584,False
0.0019014796894505283,False
0.002427181109095685,False
0.002596412241194912,False
0.002775760473660047,False
0.0030748550376274073,False
0.0030748476738842755,False
0.0029652232782505475,False
0.0030748567769727443,False
0.003074859422657422,False
0.002965225950456448,False
0.0030748534831936724,False
0.0028692369320472964,False
0.002965431699294362,False
0.0031936062652272606,False
0.001901656843676096,False
0.0014233301650826643,False
0.002167909199548728,False
0.0021600727784909916,False
0.001473776055238024,False
0.3417900424082919,True
0.004661949463586596,False
0.003193846115562431,False
0.0021143898418524106,False
0.00044010852834081785,False
0.00044404348605336843,False
0.007460312718165107,False
0.0017920094323603441,False
0.03019979775686524,True
0.0011337401660348276,False
0.004319980107762382,False
0.0007977742874093638,False
0.0043199772988346515,False
0.0027606212930372446,False
0.027041638375699124,True
0.0007977673422551529,False
0.002760617475471391,False
0.0007111577938988002,False
0.0026823100544034967,False
0.003412198696912179,False
0.0037044190208034575,False
0.003855908237865887,False
0.0036300279827248924,False
0.00355653174757066,False
0.004085664208489514,False
0.003704434400232429,False
0.003556535293642123,False
0.0035201179411084764,False
0.0036671304633702968,False
0.0036300390437166677,False
0.0018284429224835182,False
0.0019416743087864393,False
0.0022042565632738155,False
0.0019647791079588335,False
0.0022042607145782264,False
0.00220431884076073,False
0.0023044030320815566,False
0.0022043259668315814,False
0.0019417396034971653,False
0.0020115187830890328,False
0.002179687427830052,False
0.0022081809865529757,False
0.002260904933453113,False
0.0019549776946834845,False
0.0020291230632313636,False
0.0015685864280686297,False
0.00175539960912081,False
0.002226037864184144,False
0.003658252692176851,False
0.0015686108832829442,False
0.0015686126507977562,False
0.0019702621144252626,False
0.0016183580832002762,False
0.001970258636473726,False
0.004188089484314869,False
0.004273206502275832,False
0.0013167444270194427,False
0.0016416951803411156,False
0.0019711818374465047,False
0.0016602856005298356,False
0.0020664824717330334,False
0.0020664834370978605,False
0.0018356947043714621,False
0.0018356962804779177,False
0.0018357010850449976,False
0.002138711836634481,False
0.002138705533562117,False
0.0019723398511673866,False
0.0022123082501712154,False
0.002019108477840159,False
0.0019956376147263937,False
0.001835697654297371,False
0.002066490617214227,False
0.0013952112201140732,False
0.0009533743605160632,False
0.001395212329542539,False
0.0010875692742076512,False
0.0013952035432138882,False
0.001018843006646901,False
0.0018699155081639293,False
0.0018699142729862294,False
0.001869920915353915,False
0.0014619168871647392,False
0.0028421607822633585,False
0.0018699056110740163,False
0.000852612534272003,False
0.0011220304153988427,False
0.0008697619437613522,False
0.0034061825284881298,False
0.003964753123988681,False
0.00329401140106553,False
0.0026034057276983955,False
0.003223384463859408,False
0.0050961655927799715,False
0.005388803071439724,False
0.00453854641905796,False
0.005700718151036551,False
0.004538532029280925,False
0.005096128889037772,False
0.005700681372157432,False
0.004538516644998797,False
0.005388755425848188,False
0.0050961025822550505,False
0.005096090020742455,False
0.0053887185301226695,False
0.0032764039606079905,False
0.0022327694818207585,False
0.003687078843932719,False
0.003687076449781969,False
0.003909603220564321,False
0.001321666379256076,False
0.003276400887586915,False
0.0027846564459756626,False
0.0024944420741198725,False
0.0027846598432582984,False
0.0027846483141777067,False
0.002637204641084068,False
0.003111794843518877,False
0.0027272741755223215,False
0.0027272748755141365,False
0.00311177699489038,False
0.00353307046926176,False
0.0033178163639323846,False
0.0035330617962174254,False
0.0033178056909839064,False
0.003533046914270048,False
0.0033177907589781236,False
0.00331777224113789,False
0.003111726567889957,False
0.0039911262735849795,False
0.002241426321260681,False
0.0032475896333584255,False
0.0037527600290519895,False
0.0020170329613472373,False
0.0017780605737266074,False
0.002094315449227869,False
0.0017780622299283406,False
0.00327662358900016,False
0.0031134507218554867,False
0.003469114016033773,False
0.0032766161192539513,False
0.0035230781038919313,False
0.0005156797756853433,False
0.00044997457114277973,False
0.0013603409692742516,False
0.0014597149366812894,False
0.0014597125213570068,False
0.001866936702909941,False
0.0014597231127254496,False
0.0015324975932295016,False
0.0027851136452117574,False
0.00290645063171251,False
0.003881855671657795,False
0.0034352549513033013,False
0.003644535223307825,False
0.003255691208327406,False
0.0032556936967481184,False
0.003356046044068732,False
0.0034344017730041274,False
0.003434398749891665,False
0.0008701986560412941,False
0.0011202349122618669,False
0.0024387141062974073,False
0.00233806779024993,False
0.002542292807754159,False
0.0017957945177216818,False
0.002076929517120907,False
0.0021600225398637415,False
0.002160026996284045,False
0.000952822055021617,False
0.0003531445401674864,False
0.0005186018905238004,False
0.0022197816672955488,False
0.0013701022393506723,False
0.00221708589766419,False
0.0022170851553411216,False
0.002317914473462523,False
0.0012271445738126355,False
0.0013040046159158122,False
0.001383676661821162,False
0.0019182525902925235,False
0.24380449806051332,True
0.001384434095833246,False
0.001134989011546863,False
0.0016414179232067303,False
0.0015527912416111894,False
0.002590170156505651,False
0.0025901733146090162,False
0.0025901760564664257,False
0.0031335570421955746,False
0.0034982537991561447,False
0.002590180657642316,False
0.003281988815074332,False
0.0034354595395834813,False
0.003133555951225482,False
0.002990160549671927,False
0.003593966140086022,False
0.0014671359119750374,False
0.0008443147118897349,False
0.0012279685256240918,False
0.0011349561224099562,False
0.0013844478161028748,False
0.0013047192816066139,False
0.0014671364746628324,False
0.000654531536750166,False
0.019219159818194338,True
0.0005802460576904526,False
0.0007283761659054136,False
0.0003460374508909123,False
0.0013424830178105167,False
0.0011897364285822875,False
0.12503903075047254,True
0.0009323961114476344,False
0.0004519111615017579,False
0.0005802425288953137,False
0.0002447176556645306,False
0.0005802406902821067,False
0.0006187149080408599,False
0.000991965037733147,False
0.0014880638771251479,False
0.0016337985706908532,False
0.0017912451662959602,False
0.0017110529021932756,False
0.0025384009781724702,False
0.0023340227678022756,False
0.000891821204915543,False
0.0012825398474148335,False
0.003570212795965237,False
0.0021013265509560535,False
0.0014245583233486292,False
0.002021623656477537,False
0.002101329185981353,False
0.0022243329160313565,False
0.0852700454694024,True
0.0006806448479929215,False
0.0004510970513216454,False
0.0020410411314781664,False
0.00045109765127605356,False
0.00035280642928425766,False
0.00021620403159486597,False
0.000906157765251075,False
0.0009061543674397856,False
0.0006086275404058167,False
0.0006086275118576237,False
0.0029245137170554403,False
0.004201103174605825,False
0.0012309687997429776,False
0.0012309730962932568,False
0.0013878957856327295,False
0.0013079503698007551,False
0.002050687424372363,False
0.0031400961185682626,False
0.0036663160197238135,False
0.0037652170454725783,False
0.0036013865280888333,False
0.0029964074796054027,False
0.00259168725136456,False
0.003442589966520985,False
0.00033227910054411,False
0.0011247691344750692,False
0.00329462849933543,False
0.002601781006821451,False
0.0007764505815669705,False
0.0027714216562119425,False
0.001062564112779361,False
0.0017480063321315528,False
0.0013182213956242528,False
0.0009912883644489815,False
0.002287433905820957,False
0.003066341715756298,False
0.002925824475303339,False
0.0020327581770006064,False
0.0030663433581545373,False
0.0030663463618500557,False
0.002925827890698325,False
0.00245929998544725,False
0.003211899164061254,False
0.0036787779640123216,False
0.0038444835233978412,False
0.002888602013695878,False
0.002641489001523281,False
0.0019471107794041978,False
0.0024858512237575063,False
0.0023617088302019125,False
0.0019471086664126578,False
0.002511286626523394,False
0.00021058005620358837,False
0.0009031629924222362,False
0.0003799474117171146,False
0.0029260560941018646,False
0.0015520202033502612,False
0.003066574284783058,False
0.002926057060495067,False
0.0030665761822522715,False
0.0029260520514652302,False
0.0032121467375904205,False
0.0023106615540197427,False
0.003844775269194311,False
0.0032121484632790407,False
0.0033627424583881895,False
0.003518385240679313,False
0.0009661689894353869,False
0.002760312663275395,False
0.00024105424546266578,False
0.00026430261780429135,False
0.000556848325328775,False
0.00035238679518992286,False
0.004203911393786235,False
0.004203922917054659,False
0.0029259902848417915,False
0.0042039278158536525,False
0.0008316434296783309,False
0.004203938473953052,False
0.0027502280909756827,False
0.0015515878047580583,False
0.004204762897266716,False
0.002244083343831723,False
0.0018541657597419563,False
0.0023632904989075204,False
0.001677418641796947,False
0.0032141895975816423,False
0.002927917504948189,False
0.003214189024303977,False
0.002030987295253656,False
0.0015503612223140004,False
0.003214188737266779,False
0.003068537987577548,False
0.003520606466220222,False
0.0020309919343625494,False
0.0032141958611396015,False
0.0029279337824683364,False
0.0030685403295626088,False
0.002612367121062976,False
0.0018064120833927778,False
0.0018064129167212936,False
0.002193082414709223,False
0.0019530624939546866,False
0.0018784008270545318,False
0.0018064223046361828,False
0.002110408138371203,False
0.0021104090382808387,False
0.002294515416358167,False
0.0029407114212326095,False
0.0017521458519665044,False
0.0006633260573738361,False
0.007108047375008574,False
0.000805779549294053,False
0.0004049122951444879,False
0.0015816778676191671,False
0.0006841207545770135,False
0.0005049753391523937,False
0.01295773026191173,False
0.07034766487207696,True
0.0005049705245456097,False
0.0020240458839302284,False
0.0011591853972657076,False
0.0013170858010072735,False
0.008293483568842953,False
0.0011591776187846153,False
0.0007022751690801302,False
0.0017334544901326052,False
0.004221813032575963,False
0.008275952829852107,False
0.1064682983839551,True
0.03602446934510386,True
0.0007677336638833394,False
0.0003959338350961572,False
0.0011323376983138063,False
0.0004471340105674806,False
0.0009117179179988169,False
0.0007359721258850893,False
0.0006569708553074068,False
0.0015419314675370974,False
0.002023038232142013,False
0.0011323362285660635,False
0.0026054279863661376,False
0.00025719791286902893,False
0.00040083619363767383,False
0.0008600855938100984,False
0.0013731814066777711,False
0.0005898874520299177,False
0.00020978436399622788,False
0.00037025333964598714,False
0.0007113924771267692,False
0.0008619526953821167,False
0.010580069154464451,False
0.003135377023821478,False
0.0006587635550931783,False
0.0010358079971145926,False
0.0020100459770182482,False
0.0020100504321362692,False
0.002010142635159227,False
0.0017534137620017862,False
0.001316843265705583,False
0.000986047493511507,False
0.0012352607466581446,False
0.0004704668559452956,False
0.0002243040059003326,False
0.001132349248603205,False
0.0015403011219398,False
0.002021500249550729,False
0.002299905320117277,False
0.003227430716269921,False
0.0035349625559135613,False
0.0032274256744055556,False
0.0015024978198579554,False
0.002605373993959445,False
0.0022999014273067616,False
0.000947091290743909,False
0.0003462389697106535,False
0.0006343265353375502,False
0.0010523861859446668,False
0.00029159840793815717,False
0.0002429891227179016,False
0.0007101190164780568,False
0.0007101179949849209,False
0.0003355552610533435,False
0.0015082523441136476,False
0.0009751885227877088,False
0.000740835777841229,False
0.0009751900024473453,False
0.0024866171960697078,False
0.002373745525838494,False
0.0021423284481368074,False
0.0020433343341369824,False
0.0018542048566565963,False
0.0009751824774693462,False
0.0002431503171040654,False
0.00036866389826903384,False
0.0005873113874309248,False
0.0010510072891804596,False
0.001370250734391436,False
0.00105101126476956,False
0.00024315112283120592,False
0.0003686602083264172,False
0.0018907320185968485,False
0.002605340751528648,False
0.003228855864379488,False
0.0022989643529749753,False
0.0020205332947503614,False
0.00033754077558680246,False
0.0006510824767461962,False
0.0004446147260692119,False
0.0006510796151070666,False
0.00044461567790134604,False
0.0006510776902784888,False
0.005348105089581056,False
0.05213602358079012,True
0.0005867530802689814,False
0.0004443783760959028,False
0.00024449145106312354,False
0.0006505131721797211,False
0.0003374866500848489,False
0.0012618372346413817,False
0.0008779565011607949,False
0.001086138361238369,False
0.0014779061853701537,False
0.00021148203925029337,False
0.0023163429095666745,False
0.0017702546274025461,False
0.002628978326630677,False
0.0022180009663467786,False
0.002605334249413056,False
0.0026053347863612226,False
0.0030828087361916964,False
0.0035372564192386433,False
0.002774658401317715,False
0.003537267655413029,False
0.003229555301031276,False
0.00293066638124722,False
0.0030828095406615734,False
0.0033808927190156148,False
0.002020067468447788,False
0.0030828157807654987,False
0.0004324484806451871,False
0.0013344812797930386,False
0.0008210776231390984,False
0.002306302047018329,False
0.0016575681468892318,False
0.0013344694808060677,False
0.002204824668035214,False
0.001052336099079671,False
0.0013298051456625622,False
0.0007224112040061613,False
0.0009100042036114832,False
0.0015709965598307782,False
0.0015357295338105123,False
0.00047880046857590863,False
0.0014078996082096617,False
0.002083529054276683,False
0.0005303738867157022,False
0.0022506236323110535,False
0.0016461769586597226,False
0.001212239929190648,False
0.002083526967417543,False
0.0012122403817316568,False
0.001769830838656659,False
0.002122198870206995,False
0.002738724661298128,False
0.002521484245081901,False
0.0014557935295260523,False
0.002264862009102427,False
0.001781361430446896,False
0.001537923248205979,False
0.0020192726195684555,False
0.0032307616655341364,False
0.003230763169046364,False
0.0008504681726537127,False
0.0004626199895480699,False
0.000526941467088424,False
0.0007138401793961093,False
0.00046262035083548654,False
0.0007138376882604705,False
0.00041432993613687186,False
0.002930223914259463,False
0.0032307688352651034,False
0.001132399732241272,False
0.0008271442439192924,False
0.0015379130417275768,False
0.001183534675706456,False
0.0007577646726135099,False
0.0010801043788336094,False
0.0005474071252711319,False
0.0018412475988007,False
0.0011814041976394836,False
0.0020401990240621433,False
0.002473326456096641,False
0.002144769277538361,False
0.0023624059009914266,False
0.0015606168084289413,False
0.002267413769160969,False
0.0021583708556847502,False
0.0024987247029490227,False
0.0022673839285648908,False
0.002498709903395901,False
0.0018667483656404336,False
0.0023773807238405315,False
0.0018644076943352469,False
0.002495131264843467,False
0.002495118900453983,False
0.00225150230988701,False
0.0024720966884821303,False
0.002472095486849992,False
0.0021435545002363586,False
0.0022515004476489535,False
0.002472085217566746,False
0.0011806200423364638,False
0.0021435444585715872,False
0.002039004029622262,False
0.0007682287047168423,False
0.0013783682538851603,False
0.0008475726378125362,False
0.0013783651339349357,False
0.0005874889287593383,False
0.0014752651607886221,False
0.0010430753184405186,False
0.0005170215098244476,False
0.0007537082727857719,False
0.0018313831896146816,False
0.001475257914354539,False
0.0006987789057468506,False
0.0017294458167363864,False
0.0017294496485517415,False
0.001378335910390259,False
0.000698764104171334,False
0.001079548921928328,False
0.0007170929936749771,False
0.0008137723256421745,False
0.0013276700230230164,False
0.002928927902095952,False
0.0026053306417804472,False
0.0020168417377839955,False
0.003234510818992026,False
0.003081231371483793,False
0.0010474279150975538,False
0.0020168405456808002,False
0.001645052605349775,False
0.0020175734809109126,False
0.0017983805744350295,False
0.0020173322722237086,False
0.002017333883633178,False
0.0011863243237911433,False
0.0005865849741594174,False
0.0003937431694649049,False
0.001798111957268235,False
0.005045907272975781,False
0.005053051428138373,False
0.00039553206795842413,False
0.000626621318109479,False
0.00039636767987259475,False
0.0008094451149852953,False
0.001654187536854471,False
0.001132610872550807,False
0.00040901013053777646,False
0.0005244100863325292,False
0.0050656502364148,False
0.0011326097327006045,False
0.0011326062105113616,False
0.0030803288305805317,False
0.003061067114631124,False
0.0025733484839041386,False
0.002926817185180505,False
0.002291406465597913,False
0.0030793150574362493,False
0.0017591750210924002,False
0.00032021577981150687,False
0.0017654243872744688,False
0.002045462151060316,False
0.0029739385592947457,False
0.0025094639805758427,False
0.0025094575669204018,False
0.0016778674642827437,False
0.002640009523266314,False
0.0019491753963840344,False
0.0020915729470803502,False
0.002926817827059418,False
0.002605477887231818,False
0.0030793155445580853,False
0.0029268169875624694,False
0.003236979897083133,False
0.0032369721797252545,False
0.0026054838721024307,False
0.002926813476242487,False
0.0017591576681966544,False
0.002771016043654749,False
0.0038816184002047624,False
0.0034141735248545864,False
0.002556300761659928,False
0.0021163671872915218,False
0.0018153470035022882,False
0.0009280075308010653,False
0.0024428849306090132,False
0.0009280056739842585,False
0.0021163520650279914,False
0.001058070895256612,False
0.00287920203010225,False
0.0027660525003509605,False
0.002123910701913185,False
0.0021239120184749524,False
0.002766042351424951,False
0.0005891978316843412,False
0.0013604924230024142,False
0.0027641597946064344,False
0.002328755303320896,False
0.0024922122836663198,False
0.0026608915359690208,False
0.0025251578802399323,False
0.0028300473392113877,False
0.0020096107963427706,False
0.0005814244130832524,False
0.0005886701105842364,False
0.0010537003953026596,False
0.0012982849403446446,False
0.0009561115716963088,False
0.0010536916996264592,False
0.0016265898046088103,False
0.000956104753775282,False
0.0025251499371673892,False
0.003066651236590351,False
0.0030666519420442413,False
0.002714653398737716,False
0.002546083000823389,False
0.0021285971675148274,False
0.002900469304857546,False
0.0024786630416993934,False
0.0037319831493711265,False
0.0014482068412186033,False
0.00973375406719602,False
0.00946975880115256,False
0.0101775234688684,False
0.013302312551204721,False
0.013022910857623903,False
0.01346794293035251,False
0.013302314977986129,False
0.012723409897886395,False
0.005101738479068937,False
0.011625158622607814,False
0.005101748774125198,False
0.00328514285728534,False
0.003902884027709693,False
0.0072884492748838264,False
0.006025490548179362,False
0.00734783169542866,False
0.003404095456262536,False
0.0031218427008506203,False
0.0034040904351002182,False
0.0025263704268849462,False
0.0030974669149482583,False
0.003097453814061043,False
0.003097455355412191,False
0.0030974660444042855,False
0.002802424482343806,False
0.002802417757349061,False
0.0030974643011950106,False
0.003097453311483614,False
0.0028024226506251117,False
0.0030974498127398437,False
0.0013059790622935075,False
0.0012175728179223445,False
0.0008609334650115654,False
0.00039685715352414774,False
0.0012313156102385662,False
0.0004950814545948244,False
0.0008379520735130023,False
0.0011290699893377924,False
0.0016730717401899516,False
0.0014677712487217583,False
0.0032364322900266316,False
0.002926134899327411,False
0.0030787154989018036,False
0.0026055799994263358,False
0.0020113623187754644,False
0.001529455672771331,False
0.003552259010500593,False
0.0032364438496328128,False
0.003414900686615085,False
0.003414904465755726,False
0.003726983746370477,False
0.003414897972589536,False
0.0030909048882625445,False
0.003090914686388912,False
0.0036449769265763476,False
0.002795274421784194,False
0.0027952762175632237,False
0.002795269161220286,False
0.0027952787550862045,False
0.0015552742929653613,False
0.0027952690980444735,False
0.0030719459082391492,False
0.0027952663213553844,False
0.0030719407524272234,False
0.002477467496797996,False
0.0035815932866186373,False
0.0032816788335558096,False
0.002999370903842787,False
0.003581591152639551,False
0.0035815818505366853,False
0.004248185292585916,False
0.0005731618098967018,False
0.0002601617995186666,False
0.0010617107039228436,False
0.0023887243940227884,False
0.0025698774569308013,False
0.0035662653274623,False
0.003566261689601158,False
0.003721389512812414,False
0.0035662658616078496,False
0.001969605742293236,False
0.0028944565904332068,False
0.0026496369934378415,False
0.0026496354200224817,False
0.006743371772274397,False
0.0069971581678938055,False
0.0071821798424451895,False
0.006700817553068138,False
0.0063911347766182685,False
0.006440568349032451,False
0.006511163503088986,False
0.0067433553459146835,False
0.0038761217508872232,False
0.0032669400975331698,False
0.0035579174440876237,False
0.003876103994790754,False
0.0038760953326667474,False
0.0037136082844595503,False
0.0032669275948191147,False
0.002374813907541099,False
0.0007071338663877073,False
0.0007269520931905207,False
0.0006739953008796304,False
0.0009501680691095717,False
0.0012900335953801264,False
0.0012900311056499355,False
0.0010470687962254774,False
0.0005862016921598089,False
0.0010470671721279174,False
0.001290012053600417,False
0.0008650137150120282,False
0.0010565500948658253,False
0.0020956838413061824,False
0.0025785599255684563,False
0.0026820828981666918,False
0.0027528485222829244,False
0.0023130065860964034,False
0.0019970218364354564,False
0.001828661560883745,False
0.0008674192268554988,False
0.0017395096060444828,False
0.0017395037843305934,False
0.008275375991646381,False
0.010312134233627706,False
0.010013972053837566,False
0.00034257137183254816,False
0.00034615752025310073,False
0.0014234828858450228,False
0.0015279167452726926,False
0.0017562787390535321,False
0.002925452907753212,False
0.00152791793057361,False
0.00036124129609779905,False
0.000498694014290733,False
0.00034319069655638267,False
0.0003416536853293327,False
0.0005326018501360615,False
0.00034164604508129376,False
0.001527908942331808,False
0.0015279135842933937,False
0.0020099229817437682,False
0.0011330486982592443,False
0.0035549088530914645,False
0.0015279020490826577,False
0.0007059051207543461,False
0.0010160001344682445,False
0.0013582691821366585,False
0.0021451440372990877,False
0.0027988946611168654,False
0.002523114016444185,False
0.002030213929173461,False
0.001433204073211154,False
0.0020302183090585924,False
0.002523101624817338,False
0.0022663725779870684,False
0.003116306835293923,False
0.0027491703047534616,False
0.003116299981519092,False
0.003116297163907216,False
0.0033989960145936675,False
0.0027491463817197045,False
0.0033990007550085224,False
0.00323580190023059,False
0.0030779808141029206,False
0.0035553482186836505,False
0.0009677572128645843,False
0.0024907638639957838,False
0.0027922069250125854,False
0.002792207406785906,False
0.0027922130347892665,False
0.0030685774742537915,False
0.002792205202524698,False
0.0025343090390355866,False
0.0030685674767716047,False
0.00306856715172467,False
0.0030685722129001627,False
0.0027921991702077494,False
0.0016534599335382716,False
0.0019509092818354786,False
0.002729537938449877,False
0.003079219269618702,False
0.0008949569694376051,False
0.0012893298605580687,False
0.0021166134998186524,False
0.0024893166728184473,False
0.0003677627508435421,False
0.00035968141192770076,False
0.0031117376520881086,False
0.0033157691363554964,False
0.003198129181580513,False
0.0018154788110081948,False
0.0012823654050119625,False
0.0014278369886325834,False
0.0012823553502053042,False
0.0014539674687820707,False
0.002635429317656035,False
0.0026615708402708167,False
0.0026091168630351007,False
0.002784208794078718,False
0.0009392750807562132,False
0.0011356909925801077,False
0.0014539519389658842,False
0.0021642055604023324,False
0.0031368460971233155,False
0.0025656455994673053,False
0.002565635911415762,False
0.0037161129661872033,False
0.002565641117672812,False
0.0025656365652289162,False
0.005843773151790456,False
0.00155542798450145,False
0.006203558728935847,False
0.008471598570122772,False
0.006203560793931288,False
0.0117936337732088,False
0.0006364683398985214,False
0.00847158337310785,False
0.01161789243594635,False
0.0003595265913131593,False
0.0004057651230676,False
0.0017665020279145642,False
0.0023888648005525787,False
0.0015809343421442513,False
0.002922173936225327,False
0.003009135813148166,False
0.002186693804555066,False
0.0015809254014619745,False
0.002268168931917286,False
0.0029799488866478646,False
0.0017665068901931392,False
0.0003595204878820302,False
0.0007790492571186989,False
0.0005708193007172227,False
0.0003595177704997326,False
0.0016932270640542088,False
0.0008571090249499693,False
0.001113461244078193,False
0.0017855687508108002,False
0.0035208834975228543,False
0.0007863658491174525,False
0.001782356266030823,False
0.0010448386807635243,False
0.0011531527699352566,False
0.0016663301101476787,False
0.006026507869452477,False
0.002212908116708012,False
0.0019154715472787726,False
0.002668687770255479,False
0.0026686834944453673,False
0.002432331224045771,False
0.002432327511832518,False
0.0026686816427671472,False
0.0026686780296432708,False
0.0020103737408849643,False
0.001738307476365009,False
0.002432317432887312,False
0.001738305408037788,False
0.002461785600928623,False
0.0020512369401329634,False
0.0015485640862565083,False
0.0020512402419601617,False
0.0013590347432783922,False
0.001771711616878174,False
0.0016584278792621668,False
0.0015485577860842924,False
0.0019578444172318266,False
0.002210490367994789,False
0.0010557266572685652,False
0.0014260149043559104,False
0.001028419097686733,False
0.0010985688009916537,False
0.0026616708258360875,False
0.0020437353435606236,False
0.002043728655868426,False
0.0013536435124470087,False
0.0010630970726695818,False
0.005973787851340944,False
0.0011888982679005536,False
0.0016028184971956586,False
0.0017715711236811226,False
0.0009832564980359949,False
0.004535491847149965,False
0.001019355614596302,False
0.0006219163986431474,False
0.0008395288446048668,False
0.0005284922086261737,False
0.0004899084477751451,False
0.003559139454265952,False
0.0015156272929155795,False
0.0015880636452098413,False
0.008898153183701027,False
0.001934925009845719,False
0.0008570631833533434,False
0.000814716096854958,False
0.0007739839222054707,False
0.0036587214948223465,False
0.0017883642947853326,False
0.0004521366356430515,False
0.0007441475356045969,False
0.0013932015504423238,False
0.0016347387931740923,False
0.0012391877546571038,False
0.0005675831796882189,False
0.00046378181742632533,False
0.0006504523735765376,False
0.0004937590611090256,False
0.0007439505570342256,False
0.0009396327264244859,False
0.005499017010002256,False
0.005483048550059588,False
0.0006885982159521291,False
0.0007753569318304361,False
0.004393102778581224,False
0.001168440937139379,False
0.0008597108158444097,False
0.0011684366530759483,False
0.0010132187395940416,False
0.0009558254993110571,False
0.003999385105963186,False
0.0038867832402520457,False
0.0007753705702082237,False
0.0007753737002816366,False
0.0006892935775256677,False
0.001013420722337743,False
0.0009559760939615314,False
0.0009559783999386227,False
0.003999851895437529,False
0.004193143440846587,False
0.0009559756040891158,False
0.000881046079641367,False
0.0008810413772813188,False
0.0008810441061474514,False
0.0009389236118281346,False
0.000938921645196309,False
0.0009389217255750058,False
0.0008354204842778414,False
0.000792235055483488,False
0.0008354945405544621,False
0.0009389944535908902,False
0.003638078965194399,False
0.004014060079092668,False
0.0031333179712369507,False
0.916228373281816,True
0.005430717598891529,False
0.005158348905687694,False
0.0054307307160812906,False
0.002495047567160337,False
0.0024950395194214088,False
0.002495047055370255,False
0.0024950409023799976,False
0.0024950427224126374,False
0.002495043959046877,False
0.002223544233060477,False
0.0024950433655732593,False
0.0023545893426797316,False
0.0024950381140408386,False
0.0008252224656586484,False
0.0008457030372031906,False
0.00284431107316068,False
0.0008356860713881114,False
0.0009561158857014808,False
0.0010136096393360153,False
0.004749094951433793,False
0.0030644244602753114,False
0.005202570492388976,False
0.005203423285654937,False
0.004768123918977414,False
0.0054165811762599565,False
0.005416579010220272,False
0.005100313015563496,False
0.005416585858096591,False
0.005416605177312449,False
0.005416603685900951,False
0.005416610893837688,False
0.004968220408610781,False
0.005416620617160413,False
0.0054166162802302695,False
0.005416620890218172,False
0.0054166234904379,False
0.0054352659099034415,False
0.005435287384072541,False
0.005435275767990924,False
0.005207671259717355,False
0.0054352880918036245,False
0.005435292493222435,False
0.005435302471881283,False
0.0051182537740360285,False
0.004786414409897322,False
0.003695781494386189,False
0.005500717260717371,False
0.004283481224934105,False
0.006452933933993113,False
0.004995152892267788,False
0.004236136693975467,False
0.0023825402356069,False
0.003578801693416294,False
0.002901069796283149,False
0.0033386453699553727,False
0.0016094527315079297,False
0.003524871256139428,False
0.0035248754077477815,False
0.0034768678451220477,False
0.0027240181892155984,False
0.0034768834224489648,False
0.0034768968558248083,False
0.0027240210396205296,False
0.003476900085017859,False
0.12881586007270818,True
0.00088798798681601,False
0.002488603597503448,False
0.00286408296115395,False
0.8427700474543057,True
0.0028640439305148376,False
0.0028640350431506398,False
0.0011452859649067465,False
0.0012306262684393262,False
0.0012306255858844223,False
0.0012306287228170054,False
0.0010834073248747347,False
0.0033802094618100623,False
0.0033802134822826574,False
0.0028175761083724135,False
0.0032341396628526907,False
0.0033802089543764446,False
0.003176950828738635,False
0.00314861042272642,False
0.0029844417213618774,False
0.002848104913411436,False
0.0028481088329552475,False
0.0011749771208299702,False
0.0012096133568979602,False
0.0011953539946462314,False
0.0011749803558706487,False
0.001174984293406804,False
0.0011749831500459482,False
0.0011749863694903932,False
0.0011437740187400147,False
0.0010593046688162446,False
0.0011749783130116265,False
0.0012096051010564873,False
0.0025886775866299444,False
0.0029844378318302453,False
0.0029844416859134667,False
0.0029844362346832126,False
0.0007580350416673567,False
0.0006145687637080529,False
0.0005811072088295872,False
0.0006215998252331203,False
0.0011731128137743938,False
0.0005476818809673641,False
0.0006184021655678983,False
0.0006184053426290298,False
0.0006473319189008824,False
0.004003062737448883,False
0.0009881942482106248,False
0.0009881932958107577,False
0.0006087270349664943,False
0.0006087257505411817,False
0.0009882011559031365,False
0.001623124256845312,False
0.0009625647606672716,False
0.0005990528702201692,False
0.0005275665280101922,False
0.0010886822192052571,False
0.0005983536595633936,False
0.0007593763689099819,False
0.0010293822550012726,False
0.002299022401852583,False
0.0026506715647678066,False
0.0027464888677924755,False
0.0012554099352449985,False
0.0012554245265171994,False
0.0012554163197928956,False
0.0012554185749284019,False
0.0007002898354178741,False
0.003153652672161067,False
0.002984232936392322,False
0.0031825017238949634,False
0.003153648779805019,False
0.003153637154567345,False
0.0031824838087275756,False
0.000663512389957242,False
0.0008454955232157703,False
0.0010986961835979562,False
0.001098699996797863,False
0.0005160302892058343,False
0.0009260562273017126,False
0.0005646837358831436,False
0.0010282655481217368,False
0.0039949992040243685,False
0.003995451792841193,False
0.0014674542515265327,False
0.004236434107163885,False
0.0042364383894567,False
0.00423643422027185,False
0.004236440220245752,False
0.004236430541541859,False
0.0018133700114436877,False
0.0018133767558743974,False
0.0018133723165294352,False
0.001664379245997929,False
0.0018133684814609378,False
0.002902559122507951,False
0.0018133667434069244,False
0.0018133714473049167,False
0.001813005738422133,False
0.0018130014602503847,False
0.0016812091378825898,False
0.0014832282832573688,False
0.0015643402478108218,False
0.0017727790807374618,False
0.0017011396288798364,False
0.001260163591064121,False
0.0011738015792010158,False
0.0012601556014805795,False
0.002894127324154076,False
0.003370522194691338,False
0.003710631501391028,False
0.0033705211660897965,False
0.003047048879451622,False
0.0030470503533593274,False
0.003205322440262677,False
0.0030466000308839313,False
0.0008216641068838927,False
0.001483071831761946,False
0.0014830716296296326,False
0.0040060693024832035,False
0.00148307261649754,False
0.0014135435733972233,False
0.0031755558140181992,False
0.0031755421454062694,False
0.0029523667010621273,False
0.0011764712798806344,False
0.001176474210446677,False
0.0012222045613615364,False
0.0011487295022084385,False
0.001148733655284237,False
0.0011487280113852895,False
0.0011171291256577567,False
0.0011693328749865267,False
0.0011623241129761156,False
0.001183750845506883,False
0.0010027648188375706,False
0.0025603443730306164,False
0.003175542170483263,False
0.0031472272063498815,False
0.0032326834353207583,False
0.003091136871028402,False
0.002979871825614671,False
0.0030353509153678193,False
0.0019802901380730413,False
0.003549246170000959,False
0.0036117750523280596,False
0.0026514912644649215,False
0.0031170473552589464,False
0.003774764723216839,False
0.0036117930607125885,False
0.0031923466257950386,False
0.0035775326505699317,False
0.003577541211459986,False
0.0034360870577076564,False
0.003301649643022967,False
0.0033016582433852614,False
0.003301660369446158,False
0.003982555449393075,False
0.0038029121082611204,False
0.001560131867383127,False
0.006487791280493426,False
0.003235527742802798,False
0.006487827856750771,False
0.0035588782168414004,False
0.0038133168145196013,False
0.003766721735288103,False
0.003310464307900876,False
0.003928315772266569,False
0.0038683354010629264,False
0.003991565019676479,False
0.004036914241782825,False
0.004085115280876387,False
0.003928339538776961,False
0.0037558730650822532,False
0.0037558814551729345,False
0.003701610267120402,False
0.0038116889425482566,False
0.004085143658378833,False
0.003755908003029753,False
0.003098456734531595,False
0.0034390169895868457,False
0.002154498084360116,False
0.0019285202000245266,False
0.0017448731612645385,False
0.002436345188618493,False
0.002321311784767304,False
0.002559930693183814,False
0.002173262614964897,False
0.003933161707216078,False
0.0036671413280954758,False
0.0039668404388249765,False
0.004343701822638478,False
0.004360075570545075,False
0.0039254305408028345,False
0.004106794608328627,False
0.0011933815375571345,False
0.0011933826369976562,False
0.001193382964628354,False
0.002362833714431314,False
0.002414761263430387,False
0.002328990559647433,False
0.0024680302605365923,False
0.00237996788578347,False
0.002247143916072988,False
0.0020554240521489012,False
0.0022794053207509627,False
0.00236282602199514,False
0.002362815070812556,False
0.002231248934306719,False
0.0008559054600634654,False
0.0010031327425027861,False
0.0010555416147749338,False
0.001044818920972242,False
0.0009537560207627594,False
0.0010031227311314806,False
0.0010555413523856171,False
0.0011112602020703851,False
0.0021595829478280124,False
0.09537990371895178,True
0.008837851491812715,False
0.007031813450485223,False
0.000532333838120314,False
0.0010169639617241557,False
0.00053233042517748,False
0.0004977530087671917,False
0.0005323312011144322,False
0.001597566971795321,False
0.0015975669702513247,False
0.0006020605088752706,False
0.0006020618953697759,False
0.0011909247462205982,False
0.0011909275156286418,False
0.0006020561088176251,False
0.0006020593335464937,False
0.0006020543981769723,False
0.0007815787084276016,False
0.0005403788948489622,False
0.0032207915185340106,False
0.0032230191881043894,False
0.0038209077337429424,False
0.0009613765909542733,False
0.0006061316082472087,False
0.0010003915939734546,False
0.0006061325489222794,False
0.0006061309979312175,False
0.0006061298094396303,False
0.0010003939683624033,False
0.0005759249052442401,False
0.0006217495026752944,False
0.0006217501560014418,False
0.0005823441653217113,False
0.00042232675075496194,False
0.0011903871060196512,False
0.0006009410461143953,False
0.0006009383437105664,False
0.000972239419906517,False
0.0032999332129117808,False
0.0009722371760645872,False
0.000482145415651429,False
0.0013291033448976106,False
0.0006009373202155952,False
0.0011903934976100522,False
0.0011903802194658155,False
0.001190377879684176,False
0.000604538623804477,False
0.0013098063042482158,False
0.001309805908971422,False
0.0013098083061068421,False
0.0013098074969866255,False
0.001340588141807941,False
0.0013017999602434986,False
0.0012079074621524136,False
0.0023132860602716925,False
0.0006367657687199531,False
0.0007987109933242056,False
0.0012529839782741924,False
0.001252987514024954,False
0.0013014511470558535,False
0.0013792189893434348,False
0.001252976406353084,False
0.0012529784162548245,False
0.0012529704397938074,False
0.0012529748534977933,False
0.0012529688830902011,False
0.0024498018738269406,False
0.0024497984327881083,False
0.0024497961735888392,False
0.0026449370471770942,False
0.0026449308434538733,False
0.002644936322668817,False
0.002644931683342458,False
0.002545215001038056,False
0.0026449312929352027,False
0.0004928562455061404,False
0.0010528647279875452,False
0.0010746506354387337,False
0.001108423924771853,False
0.0011084205645236877,False
0.0009438235231817126,False
0.0009926932060711044,False
0.0010446193841794707,False
0.0009438173075848401,False
0.0009926919612617885,False
0.0011355233856290771,False
0.0009926825433215377,False
0.0010446100251630026,False
0.0009926831096496453,False
0.0010446106950756282,False
0.0010446118705999708,False
0.0027036570987126196,False
0.002703649748920472,False
0.0025003617369720272,False
0.0025003474024150396,False
0.002405141150207288,False
0.002703643560789074,False
0.0027036460809534107,False
0.002599840948601297,False
0.002599836339537833,False
0.000623166732045437,False
0.001173318043369656,False
0.0011426383739403874,False
0.0013547860494224112,False
0.000514635557790405,False
0.0005685634425268707,False
0.0005146334988829315,False
0.001258661407955652,False
0.001258669856333958,False
0.0013074599287781197,False
0.0012586583901488585,False
0.0023174351726909436,False
0.002561973584824524,False
0.002561968699592581,False
0.0013848183761365918,False
0.0013848200758509875,False
0.0014620714685005278,False
0.00143285466665115,False
0.001462089560663128,False
0.0014328519630251318,False
0.0014620858068268394,False
0.0013377851777173076,False
0.0014071075491797927,False
0.001462083623323154,False
0.0013660539588061372,False
0.0014071122286081837,False
0.0013793943206112133,False
0.0014993714578626033,False
0.0014993701274530979,False
0.001522302220565232,False
0.0014993740069030128,False
0.0014993743052850973,False
0.00149937841306283,False
0.0014993876004534242,False
0.0026437091345632236,False
0.0025440687647848327,False
0.0026437177790256746,False
0.002643711199423294,False
0.0011176290422991264,False
0.002643709362970606,False
0.0028558954788943103,False
0.0028559088628349887,False
0.002855902976209719,False
0.0026437074649782394,False
0.002855903075958817,False
0.002855900206851254,False
0.002597926307273532,False
0.0024033358321800687,False
0.0025979257227136143,False
0.002701649882237642,False
0.0009757935290771189,False
0.000965913164766044,False
0.0009561519508119133,False
0.0009857808268289563,False
0.0009857886800249509,False
0.0009659093120535894,False
0.0009370037703769598,False
0.000985780444943935,False
0.00099590258504197,False
0.0009658998466749441,False
0.0009370040400084465,False
0.0009857789700390665,False
0.002922001463152317,False
0.0032292979992300797,False
0.0030880220962963686,False
0.0030880227499482625,False
0.0011182454240086692,False
0.0011494341150573135,False
0.0009903825122166462,False
0.0011494324804651784,False
0.001149431838224663,False
0.002633998555074605,False
0.0010814920262935848,False
0.0011494419888080799,False
0.001118247513853698,False
0.0010348162499977643,False
0.0011888113008214226,False
0.0011888127316474922,False
0.001188812796393766,False
0.0010039109408243672,False
0.0011888073977420895,False
0.0011888102168354155,False
0.00124100523698566,False
0.0011888025722056454,False
0.0029216419683800294,False
0.002921641044761642,False
0.00292164166631063,False
0.0029216453847187565,False
0.002921652920616872,False
0.0029216350815639857,False
0.0011576302323577348,False
0.0014844708791443256,False
0.001503656868023886,False
0.0021831357274453823,False
0.002444633802690967,False
0.001992366682274526,False
0.002183122443160196,False
0.0022663541138196936,False
0.0019102169871560279,False
0.0025396918381450874,False
0.0011675301916699,False
0.0013145773281254148,False
0.0013562223308015361,False
0.0013145721127653081,False
0.0011279852044989924,False
0.0013456207350621304,False
0.0012371408867291353,False
0.0004956773197886428,False
0.0072457872576159816,False
0.0017679322626209333,False
0.0035662184917944367,False
0.005174650704030178,False
0.00342475268472531,False
0.0011208266221219415,False
0.005613074743818429,False
0.003219330280361859,False
0.0015096282372669971,False
0.0009602250116235368,False
0.0006313789304231715,False
0.00260179119568952,False
0.00032972333192165387,False
0.0006312664281862837,False
0.00041322550051882894,False
0.0018762603581093677,False
0.0046325895687402635,False
0.0041773512938656976,False
0.001341272127802693,False
0.019433783669448597,True
0.014858736878873126,True
0.0007715231441061571,False
0.0009374939487031448,False
0.0013495366863845511,False
0.0008409552979987328,False
0.0007572429866069054,False
0.0014312482354731507,False
0.000776619730227897,False
0.008877498957606186,False
0.0021014542957108477,False
0.0017427195409243587,False
0.0016818487111878737,False
0.0015625478877278147,False
0.001562550922187382,False
0.0016088025025801555,False
0.0016088010744019963,False
0.001723440356928743,False
0.0031731701207367534,False
0.00332843438972293,False
0.017567628906256915,True
0.0036888363450473015,False
0.0010457532597175853,False
0.0015034098857146052,False
0.013104671581640184,False
0.00186751725287552,False
0.06514347959141255,True
0.02680509802739825,True
0.003286751044944207,False
0.03154915324540958,True
0.00338992218698169,False
0.0008033333871547317,False
0.0012048668367166937,False
0.001204871776898559,False
0.0011592612683738505,False
0.001114687424548971,False
0.0011146909871527235,False
0.00445459447446971,False
0.004634921048087117,False
0.00481906768513735,False
0.004454607226540302,False
0.003100612217191454,False
0.00073873512273752,False
0.0011592599156556845,False
0.0010357996575527373,False
0.0014567186611491904,False
0.0019162663526549237,False
0.0019424870884299365,False
0.001979818628190299,False
0.001907335106434139,False
0.0012148681837078096,False
0.002000340314825743,False
0.0014472821482352585,False
0.0015263601988227279,False
0.0013506473382814926,False
0.004289226576753793,False
0.003127695887309598,False
0.0039543017623100175,False
0.003600495133706075,False
0.002445582490769309,False
0.002907783349667309,False
0.00341546410153051,False
0.002908321316418545,False
0.002908322074347105,False
0.0029083198668523,False
0.0026162369127608652,False
0.004471786302014088,False
0.007486013169870187,False
0.0017243114932008706,False
0.00268138905030944,False
0.0026813992455922532,False
0.002681392127666956,False
0.0026813932338991507,False
0.0026813870712905125,False
0.0013947696838766811,False
0.0018006254913039144,False
0.0014387759555671714,False
0.0020239801353201894,False
0.06662649182455778,True
0.001539168197786876,False
0.0013187382475548693,False
0.0013317666875576541,False
0.0016858372982739925,False
0.0018847827797241294,False
0.0016858455064747222,False
0.001884790736389176,False
0.0020978469278466784,False
0.0023613225182823744,False
0.0012013692848623862,False
0.0013231185687009983,False
0.001572069698372128,False
0.0014632025485532818,False
0.0014761422835906093,False
0.0014223288351314326,False
0.0014289342911953632,False
0.0029463624466738963,False
0.003067104681358621,False
0.003435825117503538,False
0.0028284141129771433,False
0.003309920388747316,False
0.002331792137600254,False
0.0028284217672078253,False
0.0031627840075760085,False
0.0017375701647294969,False
0.0013231603967587787,False
0.0013711460263143211,False
0.001548434584520186,False
0.0014898302316041772,False
0.0015042700032559305,False
0.0015279964471029783,False
0.0015534047436283258,False
0.001501506475779755,False
0.0014045448612151046,False
0.0015534098166429169,False
0.001553408886890412,False
0.002217876100495141,False
0.0033040101646889452,False
0.003743650818622747,False
0.003690127133307985,False
0.003353929779474267,False
0.003770583088580055,False
0.0034297024017660256,False
0.0029414042257889066,False
0.0036107443247046585,False
0.003824821775378449,False
0.003558415322950284,False
0.0013210351189809847,False
0.001505786862618489,False
0.0015416060946781794,False
0.001491403062093331,False
0.0029298963682185546,False
0.002770111195481033,False
0.002615308324843155,False
0.0023206057782651297,False
0.002615308042131989,False
0.0034305251690648184,False
0.001483600400252322,False
0.0025768324371050213,False
0.002724231347412609,False
0.0034305351706106213,False
0.0034305455179993506,False
0.0014561627838565502,False
0.0032394861314281173,False
0.0038342352193824107,False
0.0014561765693052715,False
0.001297990776819006,False
0.0021078792073736664,False
0.0021844733187116306,False
0.0015439830421464134,False
0.0017310822638305543,False
0.0024507579983469134,False
0.0021882887295487,False
0.0032712171900856285,False
0.0032712230281764956,False
0.0031013547436746585,False
0.002936451363369311,False
0.004294235354032143,False
0.004527067474010218,False
0.004332566058300925,False
0.004527064156298373,False
0.004218182572167447,False
0.004766831425596945,False
0.003921616509992733,False
0.0029364721281501297,False
0.0015620522569577693,False
0.002936474066231649,False
0.0031013758061986057,False
0.0029364780494415175,False
0.002936479102648501,False
0.07975165374983924,True
0.003515164315141079,False
0.0014794530526269039,False
0.0015704331479326655,False
0.0024279698537329453,False
0.0017428591510883762,False
0.0027901029965080723,False
0.004296710874675158,False
0.003591362407027489,False
0.0035913624522917608,False
0.004356117023930336,False
0.0045226216378427475,False
0.0036807721336115655,False
0.002093992210706914,False
0.0026318419945403596,False
0.002883704172171504,False
0.004564948576234214,False
0.004968866648023128,False
0.0024360215394820433,False
0.0024948308867804104,False
0.0031302814281371,False
0.004561268263968023,False
0.0027659209268015078,False
0.0042669594667324095,False
0.0021698280968374286,False
0.0029291619406991987,False
0.0021957441064163635,False
0.0021698427393607544,False
0.0015422474188971995,False
0.0036117370357132556,False
0.00431012259431497,False
0.004673270896028122,False
0.0034193199647671807,False
0.00264431324006012,False
0.0010359979646187509,False
0.002093919004604618,False
0.0036112658432054796,False
0.005502588230323917,False
0.005391588820396896,False
0.004995718627904907,False
0.0019436935527055576,False
0.005103891267228189,False
0.005336666105893844,False
0.002511214884436478,False
0.003783489047304957,False
0.004486871421367595,False
0.0037834967250015374,False
0.003783493349356738,False
0.004391505857466228,False
0.0037835075135319416,False
0.002542326576155866,False
0.002995301330768667,False
0.003350093394048003,False
0.0040732752704685385,False
0.004552453499389496,False
0.004675627688231046,False
0.0004578345427859882,False
0.00299531095979328,False
0.0026796521534997704,False
0.00407329023526183,False
0.0027246425380663248,False
0.003683119948260249,False
0.0016358965548636769,False
0.0027384990768707907,False
0.00242093630574623,False
0.001529497817362084,False
0.0013849399965560807,False
0.0005470950826811052,False
0.0015878566075730328,False
0.0018118926694556403,False
0.0011628247555769433,False
0.0004976352228675335,False
0.0005604082307604903,False
0.0011628288895852341,False
0.001529488650105342,False
0.001953991814044366,False
0.001430075599216037,False
0.0008528530356084726,False
0.0010636602756780157,False
0.0009429628397759107,False
0.000852852569359765,False
0.0016497097106569908,False
0.0031562381587530533,False
0.002260694614804199,False
0.0027385386277952923,False
0.0032341869731706166,False
0.0021165045909013586,False
0.002500507691765527,False
0.0027352914541073797,False
0.0031639107034732547,False
0.004434285513370958,False
0.004239081690148383,False
0.004049006767624614,False
0.004049013846216831,False
0.0042390902308768715,False
0.00330671085111863,False
0.003565084073276458,False
0.003698459252422002,False
0.0034345157619109453,False
0.0035650977434895067,False
0.003565115675530545,False
0.0038346343063849473,False
0.0038355129502881196,False
0.004116240565658455,False
0.0038355355838990335,False
0.004840725163561924,False
0.004635245011606541,False
0.0048407419336705445,False
0.0048407421800850305,False
0.004840746783906829,False
0.004716857174933661,False
0.004641738212197132,False
0.004641736989144532,False
0.004641744001226482,False
0.005058265966567604,False
0.004847443440410296,False
0.0050582769675290564,False
0.002949753091542633,False
0.0037094744099713532,False
0.004126992530910555,False
0.0035758946877533335,False
0.0038458694623311625,False
0.0035759086693791645,False
0.0037095032837651943,False
0.0037910033166873953,False
0.003575925199474841,False
0.003317121160305997,False
0.003575942472429074,False
0.004972065343058906,False
0.004972077573506356,False
0.00516003539784662,False
0.005084288295551175,False
0.005270658001904166,False
0.005087566499582935,False
0.018520830066031262,True
0.0020973000469167113,False
0.0020973077755517145,False
0.002364740840244917,False
0.002504471450295306,False
0.0032711579243771063,False
0.002504485458810732,False
0.0031476101339653756,False
0.003529302208189435,False
0.003912110926193067,False
0.003948990095516045,False
0.003986059503118667,False
0.004023341575660804,False
0.004797476920021683,False
0.0049809283603671475,False
0.0033400739385699998,False
0.004444591829556554,False
0.005559439711088436,False
0.004566094493459066,False
0.0036861829248224223,False
0.004566104672382803,False
0.005883350233359485,False
0.004364540834772637,False
0.00456612710389243,False
0.004566131570697328,False
0.004341965761459105,False
0.0033518022062184196,False
0.0028991683805111405,False
0.0036023818548509027,False
0.0031567228814180994,False
0.0028130426451819664,False
0.0025129388166036464,False
0.003038592886205871,False
0.0038251993287371044,False
0.002374314352331399,False
0.004516801832183394,False
0.0021065102530741886,False
0.0038252223143562625,False
0.0036449126934554733,False
0.0030252133453717587,False
0.0021065335880030224,False
0.004398818695079213,False
0.0044541520493490095,False
0.003881982269964495,False
0.0040675830306924786,False
0.0035262005114185093,False
0.0038820020299296944,False
0.004067585845843157,False
0.003932582250677191,False
0.0033550612206034833,False
0.00360538698164494,False
0.003932581543233381,False
0.003605396015634465,False
0.0027897364345442744,False
0.004605957990808172,False
0.004209009053425512,False
0.003763002881729038,False
0.0036445906434286147,False
0.004812159129711033,False
0.0033064451781356042,False
0.002789754902903354,False
0.0028166743400118246,False
0.0028386407816553523,False
0.004465521922687828,False
0.002838642015104318,False
0.004074477485227625,False
0.0028386540840722196,False
0.004074489471538291,False
0.0029792061335230623,False
0.0037082920323584447,False
0.0038911198333654866,False
0.004272166488432579,False
0.0028421421243412974,False
0.0028421442129476122,False
0.0023895207629589634,False
0.00481725021220903,False
0.004610960834461059,False
0.0039479268007043666,False
0.004140551545820328,False
0.004022872337018006,False
0.005693789266553013,False
0.00402288066085147,False
0.0023895741351809114,False
0.0023895833203378173,False
0.0037658185239181846,False
0.005767541257685946,False
0.005767551529611943,False
0.0021105057333998135,False
0.0030877275637973965,False
0.0014529577536614936,False
0.002842212582660699,False
0.0021105275326103387,False
0.0013111033095505066,False
0.003876285657247034,False
0.003036085540888174,False
0.004795917353603717,False
0.003876294203437154,False
0.003232474970981319,False
0.0006900705700933233,False
0.0033586217884349727,False
0.0028818899273971533,False
0.0029886125132188393,False
0.003753765980754218,False
0.0028818996401409848,False
0.003232523934324022,False
0.0027333941759360506,False
0.002988642988568936,False
0.0028819324797655413,False
0.0017921695220393962,False
0.002297927366505737,False
0.003121890480785192,False
0.0032369089769995764,False
0.003121899286995649,False
0.003926752774362022,False
0.0018962325365551398,False
0.002259497990711416,False
0.001896242290241919,False
0.002853048419438343,False
0.0039051686472713646,False
0.0008673370007914079,False
0.001495778777232952,False
0.0036283957545103405,False
0.0017807584326286973,False
0.0014957875542807736,False
0.0017807601504597492,False
0.0021050418128976413,False
0.0017807676037140154,False
0.0031175828998651857,False
0.0014958008909602297,False
0.0012375152484388684,False
0.0015201307224987017,False
0.0024802013630215725,False
0.0028231720059057456,False
0.0038177942744478605,False
0.0022687673193004933,False
0.005918102265323626,False
0.0027944591571212357,False
0.0010524920561323068,False
0.0008236153125798092,False
0.0008961238101077175,False
0.0010511766484827827,False
0.00951687709041841,False
0.0037651281193494743,False
0.0011030395949627233,False
0.0009637520733032523,False
0.0009637561559866132,False
0.0020381989759058017,False
0.002038191969078614,False
0.0009637612470646123,False
0.0016436807292422755,False
0.0005629455104182342,False
0.0014721348024608596,False
0.0014721391389242308,False
0.0004484279061411296,False
0.0007478191156936397,False
0.001364710134845999,False
0.0005629523153427427,False
0.0004835528495787212,False
0.008163759444569358,False
0.00230203927533193,False
0.00038509702795416496,False
0.0003120872431255642,False
0.0002516254937241046,False
0.0007165046339732316,False
0.0002154026437028074,False
0.0008930976038177375,False
0.000716499670733441,False
0.00038508979521100346,False
0.0007164985866478532,False
0.0006389203058751833,False
0.001315071936625809,False
0.04868283609093715,True
0.06396510415943416,True
0.0018110488781741048,False
0.0031428895986338476,False
0.002507978207610903,False
0.0021381431649956915,False
0.0021665499625410814,False
0.0035338953785661177,False
0.0038934473459159295,False
0.0028361070775589415,False
0.003079926042323131,False
0.0037111202424447384,False
0.003533917722177668,False
0.003893460935857644,False
0.003893475358230912,False
0.004471278127336846,False
0.003952575737854405,False
0.002185313967752743,False
0.004536899641136802,False
0.003414463215065732,False
0.0037680852065714817,False
0.004142243479359992,False
0.004953814030984363,False
0.0037695472493283456,False
0.003769561058123238,False
0.004082204763478219,False
0.0019651666481555383,False
0.004274850195434282,False
0.003894699489212554,False
0.00467554851463421,False
0.004883598210318444,False
0.0048835956710435325,False
0.0044726634781059585,False
0.00443653813914827,False
0.003143535171942271,False
0.003621779145590427,False
0.0036217709909721527,False
0.003685614494823814,False
0.003782606736224269,False
0.0028148449830663453,False
0.003436823887651861,False
0.0026441570734700983,False
0.003436824635527407,False
0.00343682741189811,False
0.0034368330011591724,False
0.0034368290183726274,False
0.0034368288428215446,False
0.00343682784775766,False
0.003559546324835635,False
0.0036871039235626913,False
0.003274489253520228,False
0.002833856421030889,False
0.0031785103685199154,False
0.0031785215641308806,False
0.003260871481001818,False
0.004121355879710587,False
0.002923333300175332,False
0.003476017901616436,False
0.0037846601281641148,False
0.0021468623055088047,False
0.0035009787361754345,False
0.004128996881543094,False
0.0035009848930917004,False
0.0018210564470785859,False
0.0016741795910741215,False
0.0021468752360089788,False
0.002926738677231769,False
0.003628225960460772,False
0.002926743767152593,False
0.0038550745855646627,False
0.0007198459933934152,False
0.0012875087528247352,False
0.0009312873890455897,False
0.003623849233031363,False
0.001005152427636551,False
0.002140902671527889,False
0.002923500762016471,False
0.0029235045738921473,False
0.0036239812775736703,False
0.0033789302700297326,False
0.0029028351513964183,False
0.0033678260153016102,False
0.0037697085348303606,False
0.0038792015789181522,False
0.0032355935139489838,False
0.003367842545489511,False
0.004546423704761416,False
0.0015321577537290329,False
0.0007762524641081297,False
0.001532167663409757,False
0.003662905809109316,False
0.02804882629427966,True
0.0009314334759073232,False
0.0007393457568538082,False
0.0010887279452926482,False
0.0018137695625960622,False
0.0025108668838221457,False
0.0018719026346378765,False
0.004162257116178178,False
0.004162264747098056,False
0.0039720990375554125,False
0.004162271395992013,False
0.003972113355654153,False
0.002484262436141029,False
0.0028474499958398886,False
0.0038350784433990215,False
0.003908839561543165,False
0.004488243039098694,False
0.004289995614354016,False
0.0040968570826819,False
0.0042900000178821085,False
0.0028474754963190843,False
0.0042900132838852145,False
0.004988789850916836,False
0.004988803675207737,False
0.00455809100356254,False
0.004763661577223033,False
0.004558103026712971,False
0.003972187368859037,False
0.003972195416048267,False
0.002665829647145128,False
0.002152766858652411,False
0.00217213435269313,False
0.0031794379060011723,False
0.0036571681047805663,False
0.0035337303239124716,False
0.0029787640487774804,False
0.0036106028521893743,False
0.003545233170915246,False
0.00409316697975586,False
0.0035452445628897516,False
0.0033143968629401415,False
0.003947728541265408,False
0.003448453511738292,False
0.0007864214304995618,False
0.0008269104603932928,False
0.000855677668132151,False
0.0011588439270425674,False
0.0010043401397523356,False
0.0018606212245790284,False
0.002582657203558731,False
0.003856955235467267,False
0.0029608198202355604,False
0.004635858327969867,False
0.0014239769287735311,False
0.0028275140506870125,False
0.003906746193213572,False
0.0035931947128519286,False
0.00359315158822476,False
0.0036393059138743367,False
0.0032072302603928043,False
0.0032072331895948237,False
0.003617483761965995,False
0.0038441494870004207,False
0.003844154346965808,False
0.0038441421584454313,False
0.003844150289153287,False
0.0030262839221018864,False
0.001515581872592687,False
0.001521232864426936,False
0.0012947204537137012,False
0.002588849774128681,False
0.002303830564012431,False
0.00424075574096,False
0.002898633358950181,False
0.004557152371474181,False
0.004762682530330779,False
0.00455716038702348,False
0.0022920791860994443,False
0.0012182790054540461,False
0.0014642867734376717,False
0.0022290656319852026,False
0.001955070221827255,False
0.003971391510902349,False
0.002571687901584689,False
0.0032212632326346705,False
0.0032212693349704465,False
0.0034154675222760637,False
0.003415473264645516,False
0.0027235737397430385,False
0.003622788633992752,False
0.0036227926101001086,False
0.003208058852228583,False
0.003407119867632446,False
0.003622799091941248,False
0.003027779485697399,False
0.002992355025313285,False
0.0025611743934941173,False
0.003592613079086552,False
0.0008451294219644727,False
0.0015292895879507292,False
0.0023091171733571054,False
0.002061456281200427,False
0.001179617525583259,False
0.0008569568984104814,False
0.010923701745967082,False
0.001941214709875764,False
0.0021321411788435512,False
0.003064864193324386,False
0.015411529592414158,True
0.003749049055008069,False
0.0033625424854981855,False
0.007949252168595876,False
0.010364380871282632,False
0.0027521065531116626,False
0.002257540729945849,False
0.0021312797791401147,False
0.001461242149425125,False
0.007456522003538239,False
0.002592292329987748,False
0.003334556403518376,False
0.0011261898412367594,False
0.0016772675539100043,False
0.0036712025023157256,False
0.0015436947519779675,False
0.0003003884098356739,False
0.0011425774111471824,False
0.0010235355325372254,False
0.0005574253063964722,False
0.0031834069988217577,False
0.000859997829107308,False
0.0011135894450721498,False
0.0005105789953576042,False
0.0014297147221697352,False
0.001892702263500849,False
0.0022282640573893365,False
0.0019566943016691664,False
0.0020191395398347256,False
0.0018484194438525563,False
0.0028053897951489637,False
0.046655276624759226,True
0.002068206263368132,False
0.003103506651553897,False
0.002963597130320158,False
0.0016095780654642228,False
0.0035652062014887406,False
0.003641279784153107,False
0.002208638561444345,False
0.0021609937154947107,False
0.004072475977141618,False
0.0029989992795941404,False
0.004582479070394269,False
0.0016983574446993433,False
0.0017152061834286715,False
0.0038746224011691464,False
0.0020449052776805397,False
0.0040263799207261725,False
0.004026380556634911,False
0.0005273035020319473,False
0.0015207452220760806,False
0.002919583768876795,False
0.002164304316528072,False
0.005882374771879388,False
0.0014171073223248956,False
0.0013985471795111076,False
0.002524927766194006,False
0.0029492824919384606,False
0.0040734970947350225,False
0.003990544924580741,False
0.0020368971721617143,False
0.0016536167086223176,False
0.002730770209532735,False
0.0035934218496478524,False
0.003743328662952717,False
0.006148650174475541,False
0.003887503481155179,False
0.001630624102719606,False
0.0035627121207597893,False
0.005716905133250469,False
0.004628756834105678,False
0.008479152974286601,False
0.008399866592105202,False
0.006004613403383584,False
0.0062516696153494455,False
0.006897351911597565,False
0.007701286013791262,False
0.002596666501366926,False
0.0033100671214040564,False
0.0046544731022644765,False
0.007199593978630082,False
0.008292178808472578,False
0.002825092178324361,False
0.0013904925033939332,False
0.005153077713421433,False
0.005005878021959143,False
0.0014684971914029482,False
0.0010138176726483083,False
0.004883929779063204,False
0.007171120376614001,False
0.0014631098400800617,False
0.00513679959684324,False
0.0005066368845181565,False
0.0022852610134839178,False
0.004097523594830516,False
0.004115033776089016,False
0.0012461349767047016,False
0.007242062631399058,False
0.00477215118408373,False
0.006440584210278872,False
0.0029595906520017176,False
0.002238363584885513,False
0.0015178520829898447,False
0.0006428716597917704,False
0.0021265855087582936,False
0.0024150567249016965,False
0.0033342405993316867,False
0.006052100201401919,False
0.0014888540107417098,False
0.0013647441214238978,False
0.004487015327487498,False
0.00056478401462342,False
0.004923307069805949,False
0.002556074173235081,False
0.0031109636897122877,False
0.0011543042706462325,False
0.007308852652933587,False
0.004008698586232454,False
0.0010063293572415834,False
0.00040729889844125423,False
0.00045891427648254914,False
0.0023612132338015684,False
0.0029435369229644684,False
0.0015790666503278127,False
0.004419579352085133,False
0.0033541380372834576,False
0.0034182918105762675,False
0.0020868802261164335,False
0.0016038724772900778,False
0.004905381568047337,False
0.0008377592987951365,False
0.0026001235516926466,False
0.0013928685909113559,False
0.004203747399088143,False
0.0008116904490848381,False
0.003029149633248304,False
0.0023124327373261915,False
0.00031733919436907767,False
0.0024043627228347133,False
0.0008460396571221241,False
0.00829066410868344,False
0.0024122695428524035,False
0.0024122677741250727,False
0.0012984284888280628,False
0.0013128594762488617,False
0.0024122684882837294,False
0.0028970538893382104,False
0.0016545476632141875,False
0.0016433603437384797,False
0.0012984137777526119,False
0.002706104249681939,False
0.001442640665125914,False
0.0015155099237480292,False
0.0016333514506847167,False
0.0014875978251507646,False
0.0015155157260124607,False
0.0017402972372608718,False
0.00309901155921235,False
0.0014519512966909517,False
0.002168235367413675,False
0.0021682391845283346,False
0.002168236501999177,False
0.001299703860294047,False
0.0019122843656913546,False
0.0016945423159192808,False
0.0017965598270803414,False
0.0013166356380413062,False
0.0027637511983265666,False
0.0014018386045469514,False
0.00138934485819172,False
0.001451941889786686,False
0.0014519474345021464,False
0.0026470798083569904,False
0.0016333604359385515,False
0.0014426387880414149,False
0.00217775690219828,False
0.0018054556761095857,False
0.001451940410432748,False
0.0013000924127487584,False
0.001320837749778009,False
0.0014018307868577473,False
0.0013076289416552726,False
0.0015243165796424826,False
0.0013208284115480847,False
0.0014018304872227111,False
0.001524323489132124,False
0.0016945516369133522,False
0.0016660701525918285,False
0.001300078207813442,False
0.002088707864540196,False
0.001850935611824717,False
0.0023624497209137297,False
0.0020887051974739683,False
0.0023624495255847944,False
0.002362453245904699,False
0.0018509355568103237,False
0.00208869867058442,False
0.001652636145084683,False
0.0023624542662227287,False
0.0023624536557818976,False
0.0014026447900871868,False
0.0012983315347334535,False
0.002412390750293986,False
0.0018528457123620165,False
0.0016433779216352953,False
0.0021037894505547467,False
0.0021037954025553297,False
0.001852843360806209,False
0.0021037982976090833,False
0.00164338600673008,False
0.0013317079270237801,False
0.0020887069758235262,False
0.0014605854917888641,False
0.0015751169221529522,False
0.002088701050023458,False
0.0021084266941065557,False
0.0012610165436572449,False
0.001818511591864058,False
0.001401153774953485,False
0.0017762988664594842,False
0.0014495248081465375,False
0.001512448915775908,False
0.0023878842579930296,False
0.0037978350681792347,False
0.0034825957281381164,False
0.004221943589887893,False
0.0040771126551785416,False
0.004030796313426717,False
0.002971955441497289,False
0.003196892287811373,False
0.0035658785814063594,False
0.003603122018585898,False
0.005304423356686268,False
0.0013531146849896224,False
0.00436510457283132,False
0.002953421096699652,False
0.0029534196361674972,False
0.003938822859010901,False
0.003938816758574561,False
0.0014646840401990166,False
0.001604518232613159,False
0.002977724743325739,False
0.0016811226514339072,False
0.0012873782991265695,False
0.002610117167134204,False
0.002952115270005463,False
0.0032832127313834826,False
0.00323881636263336,False
0.0033980002563178224,False
0.0031107785925291254,False
0.0033980048287795806,False
0.003010005701442109,False
0.0026581135739307655,False
0.0029146246552921055,False
0.0031738277714867375,False
0.00328322843474835,False
0.0036038792897003244,False
0.003603888134792163,False
0.0018304258511437036,False
0.0032351953224653836,False
0.003235195133175542,False
0.003235198318679317,False
0.0026101611324376786,False
0.003010214754737152,False
0.0028018697956124603,False
0.0028018734559119678,False
0.0037351382519907844,False
0.003235215908878692,False
0.0032388548240023783,False
0.0033285176235826205,False
0.003305779334935538,False
0.0029521544860784408,False
0.002087039274287213,False
0.0031108172292599935,False
0.0031108127494455275,False
0.0028780067261157086,False
0.0023918369600425733,False
0.0026581438003570996,False
0.002952179196926883,False
0.0023431168683698154,False
0.002343109814706748,False
0.002343122372490818,False
0.002604385674674192,False
0.002604384027287368,False
0.003322821897703522,False
0.002343128202189722,False
0.0023584537222273395,False
0.0033172966941246163,False
0.0033172971277626883,False
0.001270564604484865,False
0.0011732421664676987,False
0.001522456683534589,False
0.0011454661399508373,False
0.0012705666180556322,False
0.0012705678479697472,False
0.003287625517567059,False
0.0026710349601816036,False
0.0027515850108012657,False
0.0032876205541900287,False
0.0033927082756858985,False
0.003493533706006156,False
0.0025929576072037893,False
0.0037019342025037573,False
0.003927776867183039,False
0.003927774456809751,False
0.004152134734848823,False
0.003643230457104082,False
0.0037647478568310832,False
0.0024822346412811335,False
0.003890085025007221,False
0.004019225271826148,False
0.004283418181075421,False
0.004019233818847465,False
0.0041521211492047344,False
0.004152122937422503,False
0.0041521295224933984,False
0.0036588863483169357,False
0.003927798048727644,False
0.003927797139344049,False
0.0038126954651948202,False
0.003701980634670557,False
0.0038127222502555777,False
0.0032876394089685268,False
0.003595605765162739,False
0.0034935800601145423,False
0.003927822740423639,False
0.003392723879928179,False
0.00309269523507794,False
0.002518727350753061,False
0.00251873854195802,False
0.0016407583114826714,False
0.0023302821856902487,False
0.002330277847478186,False
0.0018033758081190958,False
0.0018660093827176582,False
0.002518755378088399,False
0.001946572762213067,False
0.00259294480602665,False
0.0027515800974122783,False
0.003392741742969,False
0.001895061154955359,False
0.002592947749289662,False
0.0034936042266407673,False
0.0032876565325001095,False
0.0033927503174662585,False
0.003493611881915968,False
0.0028636870361170843,False
0.0036778923949678534,False
0.0033025058058981332,False
0.0029671489316629796,False
0.0026692523519912326,False
0.002967159149048705,False
0.00286370910839718,False
0.003547995929949485,False
0.0033025258453260853,False
0.00330251294582824,False
0.0033025160790087216,False
0.0035480080804377633,False
0.0031865830171601316,False
0.00300274275562456,False
0.0024132318853879032,False
0.001485212841816474,False
0.002689034562578868,False
0.002104482160950499,False
0.0021044874661005062,False
0.002789387963512915,False
0.0024132390975526745,False
0.002789401193060714,False
0.0028939788760594513,False
0.0024132477319629177,False
0.003186617156657142,False
0.003302567121178078,False
0.001228522919763567,False
0.0028637533701602533,False
0.0029672186340397415,False
0.002967223330088206,False
0.003811893167947337,False
0.002491523486036836,False
0.0014696417041141078,False
0.0012285217403415216,False
0.0020105971384514125,False
0.0027187656495892506,False
0.003667127959919532,False
0.003799020646013135,False
0.0037458005647681937,False
0.001239259856651146,False
0.0032254515057119067,False
0.002663068388346147,False
0.0032358931126111406,False
0.0034323079905195474,False
0.0036130036715122673,False
0.0037471380488999536,False
0.0036661604427361653,False
0.0038986885853891894,False
0.0038986965063305436,False
0.0025954752882233305,False
0.0014309714609258347,False
0.0025954953549109628,False
0.0027921181621665893,False
0.0026917001262226417,False
0.003276678738481934,False
0.003571301975318002,False
0.003316898217437474,False
0.0034399291560009587,False
0.0033169015115100905,False
0.003835134508156834,False
0.0035713224663432444,False
0.002017127256433629,False
0.0031838262971738145,False
0.003781053227068716,False
0.004044869556716138,False
0.004455737148775187,False
0.0036683271005469825,False
0.004178020440655238,False
0.004178030742939526,False
0.004455734299399943,False
0.00417802325049624,False
0.0034363488413154315,False
0.002239269261880905,False
0.004455749228022746,False
0.003206834386779462,False
0.003436363078048739,False
0.0032068346073507435,False
0.003445700430652091,False
0.0034457081244560262,False
0.0037811052467061315,False
0.0037811082340847894,False
0.0038352149969672522,False
0.003835214551841632,False
0.0012176809625702222,False
0.003571395422225669,False
0.0033242092762575293,False
0.0032068613216242547,False
0.00320686154492983,False
0.0019102459600218568,False
0.0018859395308642739,False
0.0018263930500554437,False
0.0011777610623279384,False
0.00115397069620723,False
0.0011777536710914894,False
0.0012704755675011126,False
0.001151563652868473,False
0.0012093844527644234,False
0.00115156354465001,False
0.0013274056010884282,False
0.00356228287747338,False
0.0012165807592500275,False
0.001693956192605177,False
0.0017801183343296885,False
0.0014917857701709826,False
0.0013056073702639708,False
0.0015524735133537846,False
0.0013575625247197512,False
0.0020984784446295753,False
0.0012765815688449247,False
0.001305599141035722,False
0.0019833014840223585,False
0.001539415793679298,False
0.0014545839017762736,False
0.0020107173944669547,False
0.002010718161595489,False
0.002010707408168099,False
0.002669548654327771,False
0.0017486653582011859,False
0.0015394163298344244,False
0.001539411910625602,False
0.0012284511287509665,False
0.001637443087596516,False
0.0013829623265250897,False
0.0012793072909165672,False
0.0013751225751466138,False
0.0015721930992098094,False
0.0017259795744332912,False
0.0019193422885762066,False
0.001351033877890338,False
0.0017259750372623944,False
0.0027347028992782095,False
0.0019193497220278217,False
0.003080985263409447,False
0.0021523085139426154,False
0.0013062168923426646,False
0.0015951178064627573,False
0.00251905377414836,False
0.0015494146877305247,False
0.0015047535396962193,False
0.0023305593554211086,False
0.0023305760788728228,False
0.0029465995731182337,False
0.0015951262840415317,False
0.001962983973522515,False
0.003604550593103169,False
0.002802396796315047,False
0.003477476137191063,False
0.0038711799490510645,False
0.0038711870682439525,False
0.004010744096500095,False
0.0033545720234259943,False
0.0024355792416021725,False
0.0021085905746199207,False
0.0022673859826910186,False
0.0029486883244180203,False
0.0029486906222212553,False
0.003931866242081926,False
0.002744510514821721,False
0.0029487070211663725,False
0.002218226027024696,False
0.0017886433582111878,False
0.001568234889842524,False
0.00147783671497863,False
0.0014006434048882447,False
0.0012582423387172757,False
0.0014006393941830753,False
0.0013366421202975396,False
0.0013134342578823446,False
0.003010836961630238,False
0.003010834265909263,False
0.0031212709984744457,False
0.0037358456851100744,False
0.002610720998610515,False
0.0016054259837164503,False
0.0021086232213950395,False
0.0024356290415381973,False
0.001249217591436858,False
0.0013134255018813338,False
0.0034986171009005096,False
0.0014909877618626652,False
0.002788007160614585,False
0.0025650685099242254,False
0.002683530624028009,False
0.004503162712490111,False
0.004604565602023478,False
0.003351014867603075,False
0.003228375756895521,False
0.00402589712277649,False
0.0016909734557820682,False
0.0016909702373621178,False
0.001226584152959764,False
0.0016432522035626507,False
0.0013055318708219247,False
0.0012264884595246778,False
0.0012396101342531092,False
0.0014243091907841577,False
0.0012264818371717557,False
0.0014014782630996164,False
0.0013877559353040153,False
0.0013264324597599946,False
0.0013264300499970189,False
0.0014014786430790343,False
0.0016948004979512735,False
0.0017974465390561015,False
0.0013264297195741475,False
0.001401476640696938,False
0.0022370953811455584,False
0.0012983825398934156,False
0.0013412430383996058,False
0.0021133263875042175,False
0.001874377078857653,False
0.001329131218298733,False
0.0016734277800479855,False
0.00185249942879156,False
0.001521994773054115,False
0.0019896454943167862,False
0.0016734765196155584,False
0.0014867821047211658,False
0.0013758027813121248,False
0.0022370613842531994,False
0.0012983610817552294,False
0.001524266507089153,False
0.0015242673090342296,False
0.0015864961535801709,False
0.0017979120702980129,False
0.0013632122015512231,False
0.0014425751093802195,False
0.0014014618863304941,False
0.002341251456033283,False
0.0026191642784420626,False
0.0026191577361010625,False
0.0020529678096575434,False
0.0014778510708180865,False
0.0014778542297653185,False
0.0026191638215420847,False
0.0017598790121739923,False
0.0017598656995099127,False
0.0023412521128655587,False
0.0026191688456015825,False
0.0015242587621877351,False
0.0014425361637492998,False
0.0013585997930842884,False
0.0013645536223660974,False
0.0015242590887202692,False
0.0014014533949736143,False
0.0013263792876514328,False
0.0016948232833321549,False
0.002484673585636323,False
0.001912929118751437,False
0.0023622654616176375,False
0.002222174002676487,False
0.001285797306782187,False
0.0031838750223425845,False
0.0013643868106088149,False
0.0013643811597340491,False
0.0012522925992741634,False
0.0013643760787737872,False
0.0020884402203167856,False
0.0023622578719425516,False
0.0020619522395646426,False
0.0013821828827668445,False
0.002671245058787479,False
0.0013821873934840713,False
0.0012665727169353402,False
0.001228176524638956,False
0.0013894941589956181,False
0.0013978157131223953,False
0.0014054408670143837,False
0.002011393964453648,False
0.0015368969833556114,False
0.0015368880471610823,False
0.001280193441775082,False
0.0023496500126610363,False
0.0023496500970103,False
0.0023496542255529293,False
0.0016740626616188069,False
0.0023496548633318197,False
0.0020294921598472656,False
0.002029495039911186,False
0.0013864679949344603,False
0.002663730573494934,False
0.0028565789049731123,False
0.001643012708391746,False
0.001300889348869039,False
0.001692096886251616,False
0.0018753733558123705,False
0.0020113410195195087,False
0.0015466444942201073,False
0.0018753775068196942,False
0.0023545305560146923,False
0.0018729243065794762,False
0.0016907774852060527,False
0.002666958691540988,False
0.00144987059598232,False
0.00209049540349573,False
0.0026635650870000705,False
0.0020904993864627676,False
0.0022150806436221433,False
0.002090495369893609,False
0.0023495658740919326,False
0.0026635671132505,False
0.0012604974960612031,False
0.0020905004767050412,False
0.0034091525024186526,False
0.0034091556447078263,False
0.002416214124355049,False
0.0030062227678988736,False
0.0027927082430934456,False
0.0021071451973789985,False
0.0024162281127544467,False
0.0037848246971129906,False
0.0026108388372621744,False
0.0026108448551109857,False
0.0026108415351656267,False
0.0035510816857968414,False
0.0025960479902253134,False
0.003006245657276326,False
0.001763963421167057,False
0.0012838284960512614,False
0.0016536936369404022,False
0.0012838295770574591,False
0.0013340820468418601,False
0.0013975462148372168,False
0.0013340866512428129,False
0.0017639737594502957,False
0.0015602836706274468,False
0.0013975454218107769,False
0.0015602795576822581,False
0.0013577329483007018,False
0.00261918163838413,False
0.002619184812100241,False
0.0033409107640530217,False
0.0023412437735016414,False
0.0035448674218836883,False
0.0018414006588156496,False
0.0017952895666776927,False
0.0017597382219518673,False
0.0021232624304627586,False
0.0018413987579007697,False
0.0033409196779619274,False
0.0015865919390071186,False
0.0017976251788001214,False
0.0021695761700123257,False
0.0016948595564518134,False
0.0021695745348884183,False
0.0017976359042686338,False
0.0015866007866929045,False
0.001281285177630145,False
0.002392511639343808,False
0.001432203529018926,False
0.001223787420626786,False
0.001257359612917917,False
0.001839736703308683,False
0.0012023627146880592,False
0.0015179550967873664,False
0.0012573625328649411,False
0.0013582410909361976,False
0.0013806644630553915,False
0.0014045274963264255,False
0.001429849911962534,False
0.0014566361240725527,False
0.0014848724507384727,False
0.0013242647012864223,False
0.001424301844414625,False
0.00143634200649181,False
0.0014242268526319286,False
0.0014129839367757325,False
0.001402618610299973,False
0.0013931216782087936,False
0.00138451313463636,False
0.0016085716721496496,False
0.0016106514591002167,False
0.0016136628147234283,False
0.0016176168393307161,False
0.0016225046662949342,False
0.001607207129635847,False
0.0014109858657348972,False
0.0013301106052058772,False
0.001297089622349192,False
0.0013119204013992464,False
0.0013746079921521308,False
0.0014851429292704152,False
0.0016436156283841103,False
0.001853506863507859,False
0.0026898574122605754,False
0.0013746006587004812,False
0.0013581569327147807,False
0.002504806794221263,False
0.0012573388066633117,False
0.001980757851459439,False
0.0022238404844506137,False
0.0013641827314859662,False
0.0013581461676245297,False
0.0019807755842764967,False
0.0012540890789284936,False
0.0015179812199233409,False
0.0012215716167809307,False
0.002138609275145084,False
0.002283808897201257,False
0.001844385930415579,False
0.0022836160718262546,False
0.001844229983380751,False
0.0018062176798897868,False
0.0036671874320069633,False
0.0023280024500900243,False
0.002328005984954837,False
0.0028990010359740753,False
0.002002923338083085,False
0.0025617463944487386,False
0.0026843665880209593,False
0.002624191108831817,False
0.004868719577784847,False
0.007790663162104019,False
0.004478715361414262,False
0.0048721228671591895,False
0.003027703960136671,False
0.006418282866189294,False
0.003661016489018648,False
0.002943715477851849,False
0.004872135635375534,False
0.005840209202138067,False
0.00509149877920574,False
0.006465855158570029,False
0.006465861954477312,False
0.007611727791737194,False
0.005720210084500826,False
0.003006701366452518,False
0.003908352880753382,False
0.004287675929102222,False
0.005195436158832035,False
0.003908342093688788,False
0.0029881726473301126,False
0.0031897488392036506,False
0.004623737469322829,False
0.005366826232819413,False
0.006904113938313498,False
0.006246979239601937,False
0.007616155715695981,False
0.009217188084705593,False
0.009217191237144165,False
0.009217202350719907,False
0.00968186287265467,False
0.009681868545700195,False
0.009681861149007731,False
0.009217227400079703,False
0.009217229361284673,False
0.008338925735843812,False
0.009040078619746855,False
0.006455759223126022,False
0.0014196982110649165,False
0.0029723394903062687,False
0.002972334027815121,False
0.006335411103941886,False
0.0009543613512116969,False
0.0004999429307411307,False
0.009231576939535859,False
0.0026660101534896094,False
0.0026944649113264064,False
0.002962271509758791,False
0.0033674199328417214,False
0.0031559383478603716,False
0.002707857379516728,False
0.0031559405784097835,False
0.002793231555872205,False
0.002707862052170538,False
0.004762909979529903,False
0.004718219990067932,False
0.003897863693121919,False
0.004008955960123534,False
0.0038978584974570705,False
0.0044537969064564935,False
0.004008965747318777,False
0.004762870936204758,False
0.003916696919592356,False
0.004453821460003218,False
0.0032016192738983126,False
0.002793258787854586,False
0.007989991284326734,False
0.012637220033560081,False
0.010439331780759283,False
0.011103879869701506,False
0.005673838538719534,False
0.006380367092942275,False
0.005254305775228199,False
0.0050613656594083135,False
0.0056740524429456235,False
0.004618557357466691,False
0.005674053862686545,False
0.005674043514504201,False
0.0039336147764868585,False
0.006134846462410922,False
0.006583275902354344,False
0.009326115499192112,False
0.0042565009408988075,False
0.004918730838820655,False
0.009132474994742517,False
0.0026082363700321654,False
0.005126127733196377,False
0.004353249096202767,False
0.00447246328747448,False
0.004679692399950885,False
0.006246529282531125,False
0.006096894481731101,False
0.010952098480638422,False
0.010104537582104955,False
0.010606647069035581,False
0.01130617162279968,False
0.012040123408260632,False
0.012040104222947223,False
0.012246651257586465,False
0.0116851453233214,False
0.01243618061266612,False
0.01304297169830421,False
0.010954118009543367,False
0.012421938719562736,False
0.012042114309771456,False
0.005017156934990761,False
0.49322021004155436,True
0.49322035116593,True
0.4932205133851628,True
0.46820463455424344,True
0.4682042921246869,True
0.6191011164326223,True
0.6191011361202486,True
0.6191013224134718,True
0.6191012337478973,True
0.6191010131726831,True
0.46820449588223706,True
0.6216009190938268,True
0.5549146440672422,True
0.49321908264028513,True
0.5770976595467155,True
1.204661231787006,True
0.6549800950988078,True
0.12283311331000489,True
0.2402337561902564,True
0.36880630502639783,True
0.7148431454790822,True
0.766490344429889,True
0.740263292282779,True
0.5483516777601707,True
0.9602059708865849,True
0.947688055903792,True
0.003256216605432166,False
0.005231428425700464,False
0.0033849604021952387,False
0.004027482919899604,False
0.005117844387375517,False
0.005117823676908897,False
0.0051112829735699946,False
0.005145767236841706,False
0.005117811023910608,False
0.0051178106963110665,False
0.005195115269725413,False
0.005117779684965479,False
0.00545153272722195,False
0.005117772662652402,False
0.002573331994503287,False
0.003541199641157699,False
0.0056956770937117126,False
0.005835633554081695,False
0.007441545289271536,False
0.007441530612195944,False
0.00569561387975119,False
0.018779036686395575,True
0.0057366622413184435,False
0.006204431834783116,False
0.010122239341815399,False
0.005696008324156185,False
0.005357987717148154,False
0.005357973706722826,False
0.005357959734685498,False
0.0050179426353505275,False
0.005040246452504458,False
0.005040246233436638,False
0.005175549983147505,False
0.005357935025080892,False
0.005357922160447765,False
0.0023631754227166984,False
0.005040216087539293,False
0.005357893244607945,False
0.005357877829851401,False
0.004873894308689018,False
0.005763823738953599,False
0.00500783646454459,False
0.01207450721020109,False
0.01207448452368105,False
0.004986679754000601,False
0.00998855741298755,False
0.0050334950527487834,False
0.005041841112950778,False
0.004996606851162959,False
0.004996600735432983,False
0.005352262704777466,False
0.005352259897084199,False
0.005613154628268846,False
0.005542316008232434,False
0.005555529406442982,False
0.005571727953386407,False
0.005352222705818478,False
0.005364277647245799,False
0.005377890174805777,False
0.005392999693287089,False
0.0054096260717582615,False
0.005581648200036674,False
0.00557165631768928,False
0.005658001107312381,False
0.005854614585130889,False
0.005774013952800369,False
0.005774000423574709,False
0.005657986127535303,False
0.005773980098498515,False
0.005773961683213555,False
0.006404911851815846,False
0.006447747173233024,False
0.006490866077497158,False
0.006534265149452655,False
0.005973404500985271,False
0.006010002364462736,False
0.006046784955637373,False
0.006083744400075356,False
0.006120879304001752,False
0.0061581831302867695,False
0.006195662526784223,False
0.006233314298441689,False
0.005557628906614991,False
0.005524506287934406,False
0.005581451132926772,False
0.005612785033150919,False
0.002889504246152752,False
0.002865737670805741,False
0.002938468235048445,False
0.005342855816773815,False
0.0029384517836859923,False
0.0029487535042806586,False
0.002959697240143156,False
0.005058255483982021,False
0.005053511556676907,False
0.005049289038021684,False
0.005045617889743988,False
0.0050424621136228006,False
0.00503987560935294,False
0.0025260575348093972,False
0.003070991168099789,False
0.003087851422359171,False
0.0031053783089681855,False
0.0031235628914382464,False
0.0031424201479296225,False
0.0031619139839769777,False
0.0031820633016635376,False
0.005040627905272398,False
0.005043404765084568,False
0.005046710904694141,False
0.00505055344835318,False
0.005054938674065467,False
0.005059867319303018,False
0.005065318946751386,False
0.005071298948842062,False
0.005077838760727016,False
0.005084893656212565,False
0.005092502932745859,False
0.005844160031926842,False
0.00585172753784536,False
0.005859664016968616,False
0.005867973437116865,False
0.005854218145117821,False
0.005835790272603461,False
0.005818064719188153,False
0.005801030462874263,False
0.0031633884021328453,False
0.0031901215111975662,False
0.00311894596551994,False
0.0030494908245319403,False
0.002975843964299379,False
0.0029071207375562275,False
0.0028433506783965444,False
0.0027845204450534468,False
0.0027306095593666287,False
0.0026816396950388515,False
0.0026376185016230157,False
0.0029383456914710525,False
0.0028653542667939113,False
0.0027368994870440914,False
0.0025222264804954765,False
0.0029383456166762636,False
0.0028893465896287487,False
0.0031113206797458563,False
0.005842156725614408,False
0.0064044860844230415,False
0.006404468731331471,False
0.006404473328786917,False
0.005893493950618995,False
0.006014835490733968,False
0.004115933445911567,False
0.004762347978023723,False
0.00431425557235426,False
0.004200313944195468,False
0.004843777746867903,False
0.0048188569254375155,False
0.004806334233334711,False
0.004730289518550945,False
0.004672044971422378,False
0.004730263501592245,False
0.0048020208196418316,False
0.004672007404471731,False
0.0029939418001682133,False
0.006563939275757496,False
0.003073285830739883,False
0.005708157549352474,False
0.00307327837712178,False
0.0030732871783241025,False
0.0030732742124702853,False
0.003073271847321398,False
0.00298547864582217,False
0.0026406313296026196,False
0.002558486440099215,False
0.004329503945630365,False
0.0046387075657780335,False
0.013571695008312238,False
0.005892948059275595,False
0.009695758038158189,False
0.017635233730331826,True
0.002807212781022546,False
0.0026777920080703573,False
0.006351292422354186,False
0.0060556496055265766,False
0.00578083737579152,False
0.0013881492937232213,False
0.002131599613523591,False
0.0019381109694573142,False
0.001829661599420471,False
0.002964575297637401,False
0.0016155499519565214,False
0.0016391698416875881,False
0.0016209450743767985,False
0.0016252984135537213,False
0.0032079667780999673,False
0.0030932299111557705,False
0.003307613468282098,False
0.0035440434123432812,False
0.0027092493014593193,False
0.002684917975673881,False
0.004327792037103688,False
0.002539679433679834,False
0.002839861731582457,False
0.0023561365626839676,False
0.0024390719304154367,False
0.002771809882572931,False
0.0030557056513304593,False
0.0033814782299646227,False
0.004601617141836383,False
0.004190373044851265,False
0.005608367413365069,False
0.009671600507960799,False
0.0067733088440948466,False
0.011159350634271528,False
0.05472815443727136,True
0.4247136007886047,True
0.05472810892635667,True
0.053880439329225614,True
0.422073710591201,True
0.42434044282432076,True
0.4220738720487717,True
0.053880349507880836,True
0.05454007204914186,True
0.06258938376067608,True
0.0530718356860795,True
0.42163365273670544,True
0.002924438315814374,False
0.022874521055212444,True
0.02534917706602164,True
0.0015741394440510986,False
0.006629892004254972,False
0.02534916734565884,True
0.41135929230834556,True
0.41135921741420656,True
0.41135910878786636,True
0.41135886007161354,True
0.43985138073166397,True
0.4398511942387736,True
0.4398511091023804,True
0.43985087106355053,True
0.43985105035546707,True
0.43985096950512476,True
0.06258934816313129,True
0.06258935541101628,True
0.0625893572960712,True
0.06258936465087081,True
0.058792439213649274,True
0.05879246873311154,True
0.05879245279858791,True
0.06258929172763936,True
0.06258930303446145,True
0.06258930675987084,True
0.43283759602626415,True
0.4216325700739124,True
0.41133398640368596,True
0.41133378842323026,True
0.4217176622742166,True
0.4217175681549003,True
0.421717482521276,True
0.4217178239199389,True
0.4398590758043692,True
0.4398594046981045,True
0.43985932978178044,True
0.43985930538596907,True
0.43985931185157934,True
0.4398592292489913,True
0.4398589832672009,True
0.41135935511319804,True
0.4113592719693832,True
0.4113592707122629,True
0.4113593636188477,True
0.41135938959973106,True
0.4113593944602329,True
0.4398592033876753,True
0.4398590928240819,True
0.43985917781670114,True
0.4398589552905448,True
0.43985891492439727,True
0.439859085771467,True
0.4398586998013088,True
0.4401245522922785,True
0.4401244360711748,True
0.4401245296217687,True
0.4398592109953569,True
0.43985916212049236,True
0.41135978487092467,True
0.4327748054598747,True
0.4222683304289401,True
0.054725281168630416,True
0.5331538419412806,True
0.10089061842606882,True
0.06755483702552796,True
0.5514733541688914,True
0.4967060625677419,True
0.5706161040976093,True
0.3244010149301228,True
0.10063689873280277,True
0.015496022669378152,True
0.0770804863506692,True
0.13694345350264653,True
0.4953503485155489,True
0.04238394497538318,True
0.03183755564186245,True
0.017481812104651242,True
0.0023512891282629583,False
0.008732001714711009,False
0.025347542527573225,True
0.1349231565222345,True
0.030083776229799988,True
0.030083754246041768,True
0.09699139305394448,True
0.13492305861173146,True
0.008990156402716965,False
0.06544187108929655,True
0.030083728273572037,True
0.03008376439206673,True
0.4150688254448838,True
0.02994361144793855,True
0.058790290531367896,True
0.012684999732753477,False
0.30740578319574785,True
0.0029554399333159252,False
0.2841575834486041,True
0.025396929344111637,True
0.025396929882882686,True
0.04602244690038594,True
0.152210625653277,True
0.1113196228207243,True
0.07708016349201864,True
0.10213538578982566,True
0.025396860709751612,True
0.0015505023067776816,False
0.03489658487222722,True
0.011275439167931603,False
0.0018243164841008138,False
0.03002908272474896,True
0.15221050238046446,True
0.07708004618176634,True
0.5993729744382812,True
0.664663735457763,True
0.6307910376177298,True
0.42171396453815735,True
0.4759735955275367,True
0.45711869694497054,True
0.4571183618664528,True
0.42171395439395487,True
0.47093494944834496,True
0.4709349671598303,True
0.4709347232431581,True
0.503574261912579,True
0.4398580562118769,True
0.48676276658119544,True
0.41135888349003097,True
0.7812862123895858,True
0.41135904953252,True
0.4878440067261954,True
0.826558560983078,True
0.3445475401828891,True
0.48676274190225993,True
0.47093508207931345,True
0.47093454259130424,True
0.5377476378779161,True
0.5035742680618436,True
0.4709346172432393,True
0.5377477318385037,True
0.5144797362878256,True
0.4401169718576775,True
0.4401171317070623,True
0.45526062468359735,True
0.4709343208491202,True
0.4113591150618348,True
67.66985101468948,True
0.019054412201215874,True
0.01831356303968854,True
0.021998796494109733,True
0.021998815562234098,True
0.011708407461549625,False
0.011931598419937886,False
0.011434671816074302,False
0.011598254139994943,False
0.01809606804296895,True
0.019054542822749848,True
0.019745509123847736,True
0.0042741733487660465,False
0.003643249990425367,False
0.00375354666109784,False
0.0036242063825465735,False
0.0036342427583756242,False
0.003714033074706347,False
0.003421414877299384,False
0.004076094922854864,False
0.004252374368080685,False
0.004116124349004023,False
0.0031582976763603393,False
0.003246035720663408,False
0.00324602707820398,False
0.0036371949499468424,False
0.0031499446695674796,False
0.0032735586807583665,False
0.0032459895130479426,False
0.0035594533920687696,False
0.0031472177648580505,False
0.003171743690886522,False
0.0034238208563243775,False
0.0025222352350480993,False
0.003762797353098628,False
0.008947769112513267,False
0.006878632729379912,False
0.00845748505743324,False
0.0032269891254218803,False
0.0034238246102665064,False
0.003892791243902311,False
0.0029004887458060685,False
0.003974886543675589,False
0.003762798543606927,False
0.003322064577636564,False
0.003322058137882039,False
0.004252043089352674,False
0.0032458350145182823,False
0.004075776520527903,False
0.0031579832769447415,False
0.0031579814114556315,False
0.0038087862931809025,False
0.0032454509236054074,False
0.0034367569923035336,False
0.003654644512884518,False
0.0033492617273827483,False
0.0035283141874354767,False
0.0032270043190952176,False
0.009120430005907721,False
0.0031385937522154486,False
0.007869032298691696,False
0.0071158023317437055,False
0.005627264352602759,False
0.0027462687973236225,False
0.017775302464647463,True
0.0038396770061596064,False
0.0038396772436410298,False
0.0038399313321819425,False
0.0019041939581119264,False
0.01619075568692026,True
0.0019812424196178433,False
0.0015301109502416919,False
0.0019739218163409224,False
0.0019819411650789276,False
0.002172833793430792,False
0.0021728277102515932,False
0.0022356051027977338,False
0.0022356105235509624,False
0.0019486588220736026,False
0.00196216554923313,False
0.0019621699173496933,False
0.002804786399974307,False
0.001579848731558528,False
0.0008814993789383372,False
0.001130997285905083,False
0.0011309996978684984,False
0.0008759075726828129,False
0.0008814841008460646,False
0.001674963893873608,False
0.000875908426917579,False
0.0010399813155641804,False
0.002095452284550643,False
0.0015082006064046772,False
0.00190282159227646,False
0.0020334920553824708,False
0.0019738269400162755,False
0.0020334812893724697,False
0.002172643570079199,False
0.002071666984648479,False
0.0019817047102091948,False
0.0023529473412958845,False
0.0021180498582499345,False
0.002235432120720663,False
0.002071663167325147,False
0.0019796040099048875,False
0.001870857979186393,False
0.001131055805048696,False
0.0015082950353833223,False
0.001508311981398454,False
0.0022188605798664105,False
0.0016750928536733672,False
0.001508307417120756,False
0.002095610410021725,False
0.002095611893527858,False
0.0016750874727462523,False
0.0018518217643095267,False
0.0018980471165597184,False
0.0018510595872488025,False
0.00830777319861185,False
0.03192505241300008,True
0.01773587196242556,True
0.0019119051624822113,False
0.0034908700905393326,False
0.0018529558758531418,False
0.001870563283415195,False
0.0019118994220464816,False
0.0009162694273687655,False
0.0015426501104772253,False
0.0010074241087607487,False
0.0010074155240801207,False
0.0010997583676412655,False
0.0017851948141369318,False
0.0023992783926665945,False
0.0020383466945590486,False
0.0013243668066287276,False
0.0013243633939199495,False
0.0017631546195255726,False
0.0018482742729482259,False
0.0018011325421459156,False
0.005484446867585803,False
0.002728725067914276,False
0.0021366816092755173,False
0.001397231241001226,False
0.0019405573557478419,False
0.001837126450564085,False
0.001886569247919537,False
0.0018371332010177527,False
0.001774869744356075,False
0.0018371366286737832,False
0.0018342230922991473,False
0.0018510851426237645,False
0.0020758047579242803,False
0.002295382608736511,False
0.002261840133711772,False
0.002213983791318546,False
0.001851085087412774,False
0.0018510820288776895,False
0.001879887144901828,False
0.003968672370623321,False
0.004135593415169726,False
0.0014979760602639666,False
0.001888055753243566,False
0.007345769263374471,False
0.007345775644812633,False
0.008149452756616323,False
0.00734579291624191,False
0.007345786688343162,False
0.007917662439581138,False
0.007917670712121625,False
0.011157282581447615,False
0.011157302632620658,False
0.003530887888274156,False
0.002704124464872605,False
0.002902294761982363,False
0.0026536723910610747,False
0.003613675288741884,False
0.0029022952571220594,False
0.003655302836046978,False
0.003386839618179545,False
0.00910204265292072,False
0.011251529111607202,False
0.015128101921523788,True
0.004585410343161388,False
0.0029781052865876334,False
0.0029780949387434555,False
0.004585392884172179,False
0.004585390457435144,False
0.0038071499193038797,False
0.003088122274380515,False
0.005506546195312201,False
0.0029506149305603474,False
0.004083353980506429,False
0.00550652085716999,False
0.002679085080001178,False
0.0025440908891715274,False
0.0027582752691612186,False
0.00272928232541652,False
0.0026417661941342896,False
0.0029674262875594537,False
0.0026417704125783663,False
0.0020119057934575623,False
0.0019142504118631986,False
0.0025661876302821587,False
0.0019281546538013848,False
0.002827740990533996,False
0.0027582771170930457,False
0.008614042806381252,False
0.003132785570572306,False
0.003911549901193454,False
0.006753617138393326,False
0.0056163653513202835,False
0.01644302923554191,True
0.0044353920050139856,False
0.0028277215624522675,False
0.0032323821507881105,False
0.0062844158671863755,False
0.004245520999290206,False
0.0029571731863176757,False
0.0024331210868073706,False
0.0022508865705617755,False
0.0022508769780653997,False
0.007656776840180345,False
0.007087888289433461,False
0.011962763872499333,False
0.0024862680621300236,False
0.0034983748217836882,False
0.002361254920994018,False
0.0034983833540092216,False
0.0026446953539553944,False
0.002141482329211186,False
0.0046539374081868545,False
0.0034890518749019564,False
0.0021414763891185557,False
0.004314204462541456,False
0.003498337874412966,False
0.004314189809757467,False
0.002804974801642302,False
0.006316934103827175,False
0.0029726874464584235,False
0.002250797855241006,False
0.0020856866186958383,False
0.002118587843278809,False
0.0026684203819416436,False
0.004632389218609345,False
0.002460619945901282,False
0.0024606166746014785,False
0.002696234682893753,False
0.0022408864224858537,False
0.0024606024126427356,False
0.002121820957552927,False
0.0024605924072320508,False
0.007169691149433127,False
0.0023824077990946798,False
0.004632312077452914,False
0.004632303646293545,False
0.004170681053362867,False
0.00417067222165259,False
0.004170668777414377,False
0.0031493571300499424,False
0.004170643608033482,False
0.002984986362582866,False
0.002026463293530641,False
0.0023113227390957523,False
0.005168783877315933,False
0.0023113144189437283,False
0.002141436703827473,False
0.003026452948436023,False
0.0030264598177409765,False
0.0030264540978080954,False
0.003026459175399503,False
0.0030264570481273066,False
0.002822376803777884,False
0.0024996904551221996,False
0.0024061697612925577,False
0.0026373477972187224,False
0.0029778559250122037,False
0.007946114714478671,False
0.0029778468411957863,False
0.003087859942501894,False
0.0037393397097607224,False
0.002851011623881057,False
0.0029406997277467302,False
0.006598081350210956,False
0.0033310186972654375,False
0.0035126503279079555,False
0.0036404281529457782,False
0.0029778126409832815,False
0.0029778176855542126,False
0.003485378400453442,False
0.002406175330334358,False
0.0038066978761736162,False
0.00302777764172323,False
0.0021766694091645234,False
0.0030122060482231238,False
0.002002021207712771,False
0.00854482647843036,False
0.0038756389379784846,False
0.0031947251572743336,False
0.0035127873253520967,False
0.0031947322233299943,False
0.002801276833299206,False
0.0034980712815994085,False
0.004418312750124255,False
0.011631921063679055,False
0.003923657170008952,False
0.002804757701245586,False
0.0027572976966562354,False
0.0029057103873524745,False
0.0027572933000925286,False
0.0037696313824142637,False
0.011331768046510883,False
0.005808188405798993,False
0.0031353978467518286,False
0.002644817715770301,False
0.00680798027504597,False
0.0031837638861333282,False
0.003616007579743768,False
0.007107418981119793,False
0.002787237195492909,False
0.0033441786374006706,False
0.004243111282126736,False
0.003131315997874427,False
0.003754126924511151,False
0.003873033502474981,False
0.0036432590978027557,False
0.003873029438226737,False
0.0029166522448141165,False
0.0027446464172826146,False
0.002916663352012314,False
0.0029166744138809713,False
0.003098204308016733,False
0.003540455173945504,False
0.003445653093064874,False
0.003677840752118838,False
0.0027210221809992525,False
0.003397596227482311,False
0.0034974316428514874,False
0.0024007295009173682,False
0.0036519211239420474,False
0.0038145440519523456,False
0.0038145369266883423,False
0.0038145511908462483,False
0.0036519505265340535,False
0.003985353611364128,False
0.0035643784756614187,False
0.003254976075989946,False
0.0033556183825487616,False
0.002620049241539147,False
0.0023038546249197515,False
0.002620069872534911,False
0.0017039073610280188,False
0.0033556731029327795,False
0.0032550154815844576,False
0.0031568574880517794,False
0.003255023931417933,False
0.0036725478501333565,False
0.004899339943972126,False
0.0031407624831322535,False
0.0036779047238410622,False
0.004325669879407455,False
0.004219915936979741,False
0.002542095785865729,False
0.002542105042972765,False
0.003239668359725243,False
0.003599695622684241,False
0.003707658124822217,False
0.0034089813147613114,False
0.0024237748921538743,False
0.004136198895295907,False
0.0034469893018492653,False
0.0036445615039116135,False
0.003275647377180435,False
0.006023373581491789,False
0.0055489576041002795,False
0.005108000176769793,False
0.005410457393387689,False
0.0049630349031695034,False
0.0054104773854884,False
0.005410492357097222,False
0.0041659139084012165,False
0.005410490909183161,False
0.004412336392150104,False
0.003803729211608077,False
0.004412349875415727,False
0.004412344481062807,False
0.0044123701400810445,False
0.004412349942345339,False
0.004412365632135879,False
0.004412350939044687,False
0.004412363160316343,False
0.004091772736193355,False
0.004412364534062426,False
0.004412365326929193,False
0.006023444949825326,False
0.0060234312020217085,False
0.0019031335060509399,False
0.005146858274682787,False
0.005785189894172665,False
0.005671328226877807,False
0.005702813912066278,False
0.006569646438661573,False
0.007464992332158319,False
0.007172919426335542,False
0.007717332860532416,False
0.007977161717851183,False
0.00810893959075795,False
0.006947071043176124,False
0.008064897697405595,False
0.00498745142159973,False
0.0071002047453719835,False
0.0049874660261923975,False
0.006897315926608111,False
0.008001635808517564,False
0.008001648577618798,False
0.00800165482987763,False
0.008001678651366024,False
0.007871526005903094,False
0.008001697212478275,False
0.008001709173788995,False
0.008001702433978162,False
0.008001732879193884,False
0.008001742817551179,False
0.00800175998465571,False
0.008001771267779926,False
0.008001757985690599,False
0.009063540645738886,False
0.010255231351285954,False
0.010255231006162201,False
0.010255247816814176,False
0.01025526497616204,False
0.010255253735533057,False
0.00970339574122204,False
0.01025528333626417,False
0.010255282773759025,False
0.0102552912413963,False
0.010255313665967412,False
0.008001879356843244,False
0.008001895251810177,False
0.00800190894047833,False
0.00800190831754074,False
0.00800191936404363,False
0.008001944752713238,False
0.008001942885457703,False
0.0077857636394071715,False
0.008001952948812818,False
0.008001964993477838,False
0.008001980047622922,False
0.008001983906304912,False
0.008001998553044903,False
0.0077177200757643375,False
0.008253253961312726,False
0.00997738226438354,False
0.009703595429376797,False
0.0044083088043675766,False
0.005109949360678825,False
0.008734761776710715,False
0.008109385111965925,False
0.0008582620388944655,False
0.0035374548336784195,False
0.0009017554466498942,False
0.0029658644210274463,False
0.004931864833364964,False
0.0009017522066205301,False
0.0043016083719901775,False
0.006897553478721162,False
0.0021118421121201878,False
0.006897629174797132,False
0.005402316532246787,False
0.006700049148341955,False
0.0013133138150199588,False
0.0066025625833149165,False
0.004997888813548414,False
0.004301774498906231,False
0.004301774446250581,False
0.001842854690846769,False
0.02430120186836651,True
0.01592066690300138,True
0.002093879325302287,False
0.01766420206405441,True
0.008718955462462704,False
0.007001742249803268,False
0.0014898698750518725,False
0.0051869826056268,False
0.0007552603947556033,False
0.0004982790987241436,False
0.0025739017368612937,False
0.002573907140518147,False
0.00488046345665336,False
0.0025739138102177065,False
0.002573923225011454,False
0.004880475886430646,False
0.0017166296672917435,False
0.04470718490074377,True
0.004058430486010326,False
0.0054599636711628085,False
0.0012278979726006774,False
0.0009840498761091124,False
0.0014304140847005468,False
0.0006537664735462881,False
0.0006537662933673484,False
0.003888787753982627,False
0.001227899331056979,False
0.003638074103387455,False
0.0007698398573655131,False
0.0009840590376021159,False
0.0006537642888484384,False
0.002661136263945934,False
0.0012713322815025689,False
0.0008073065374617444,False
0.0012713312954692694,False
0.0018223263662386223,False
0.0006883618691622403,False
0.001788257954373961,False
0.00793415915560467,False
0.01745708178612471,True
0.0015610736262846637,False
0.0014304556437941297,False
0.0010121449854928906,False
0.0008073076945301659,False
0.012761446868959378,False
0.015055202275918918,True
0.0006058061694308201,False
0.0007334805711113068,False
0.0008839634756959083,False
0.0019904550296134644,False
0.0029662221038067806,False
0.002966223663072265,False
0.0007251680871501173,False
0.004302110302303324,False
0.009251877214690504,False
0.002315757387197366,False
0.0007925742535811103,False
0.0023259539371056548,False
0.010509200627590419,False
0.014331730603133674,True
0.03863413603035189,True
0.03409776510706098,True
0.0023157615911553694,False
0.006109101866351892,False
0.001921448398941731,False
0.005382984955087468,False
0.01791174986382466,True
0.0448186415963615,True
0.012021995967815977,False
0.0018224145882954812,False
0.001822417745715529,False
0.004637554175120115,False
0.006531451584350166,False
0.005502217020726557,False
0.0076669334411717865,False
0.003009884267379582,False
0.005850416563015749,False
0.0013513849143781162,False
0.0012714032842714468,False
0.0026613261064153417,False
0.005502267487722891,False
0.006531526681233445,False
0.005502279563420482,False
0.01934249566717397,True
0.034097687129128904,True
0.0009074879935125164,False
0.001822465477266338,False
0.0018224650051891953,False
0.0012714247972653613,False
0.003883181554760344,False
0.0015747124277742043,False
0.023983292977109518,True
0.0008727069375756381,False
0.05237738399036999,True
0.0018224417155837318,False
0.0008197682743696029,False
0.0025742693667905538,False
0.002574270381759297,False
0.003747485035398914,False
0.003051571488918403,False
0.00269913736135817,False
0.006492257716762257,False
0.0070410188957607395,False
0.007666427812565098,False
0.008485288894575458,False
0.008413876849685926,False
0.005898477620607098,False
0.005582327835612489,False
0.009184219601220503,False
0.008165642194712074,False
0.005898514100433268,False
0.005898520718198315,False
0.005738741748856429,False
0.0054294166320990375,False
0.005898535979427228,False
0.008100612525271896,False
0.007963312679277836,False
0.007833569747009073,False
0.007747824089272651,False
0.0076819175721210015,False
0.009184329433411893,False
0.009719127608777143,False
0.009719134607473237,False
0.0035352541950169477,False
0.008485449567612673,False
0.007215151493746205,False
0.005588291433869065,False
0.00711906658534082,False
0.00796671447988978,False
0.00999296873445917,False
0.005882939647355258,False
0.0075360542934436526,False
0.005699476429227274,False
0.0030513306722363895,False
0.002699305782223434,False
0.0039666050042324805,False
0.0029056710836323917,False
0.0024520259202977187,False
0.002328261238128917,False
0.002606961579695289,False
0.0022729656471323634,False
0.0022845423973694152,False
0.001557295377271566,False
0.0028947790841393956,False
0.002530467302743731,False
0.0022136187407267587,False
0.0018153905712621529,False
0.0028517594972651216,False
0.0022136152444384954,False
0.001815390331116939,False
0.0013115969319816626,False
0.002217259909823823,False
0.0022172591378192214,False
0.0018185967280730656,False
0.006134536138895847,False
0.0032118175572922003,False
0.007388594629533896,False
0.003972781317430839,False
0.006975699126395,False
0.010499637090889052,False
0.01452590471914003,True
0.011431573920610552,False
0.013444679960769463,False
0.014804042340013297,True
0.015657028439054088,True
0.002895185090455101,False
0.006734535690277279,False
0.008788187581704505,False
0.00845878732222454,False
0.010947270375977787,False
0.004568704615872725,False
0.004961899309104185,False
0.004316894510661155,False
0.004316885661869301,False
0.004073318655320213,False
0.005097094209778249,False
0.005097103930001745,False
0.004568742499951107,False
0.004568747374092437,False
0.006610453472842488,False
0.006019739720669304,False
0.006019750577846517,False
0.007167778058371684,False
0.0013483084136921254,False
0.00272173149833027,False
0.0014055434142014231,False
0.0038183858765949317,False
0.005124402544285272,False
0.005124409890023778,False
0.005681513034802769,False
0.0006593508550075249,False
0.0008199853317726525,False
0.0019535117197888607,False
0.0015508358297811294,False
0.0015508299532871112,False
0.00226604996190204,False
0.0022660476659713976,False
0.0022660533702659248,False
0.0023929110978436435,False
0.002541470728201812,False
0.005818981849808252,False
0.0038201995609000172,False
0.003291971581457671,False
0.003897094682593599,False
0.003387180908548086,False
0.003703463451231729,False
0.0032919673791596805,False
0.003116836166488137,False
0.003116832479183898,False
0.002484726962719443,False
0.0027420748431800793,False
0.002349182542304905,False
0.0067213091160006995,False
0.005020585014388366,False
0.0029827079041723254,False
0.0029826964685080912,False
0.003818696651009983,False
0.003818699658851896,False
0.0029826765806230107,False
0.0024115746311803546,False
0.0026608617898102173,False
0.0024782631231318143,False
0.0024782630596955706,False
0.0029824399481432964,False
0.00653544094367607,False
0.013507967948838502,False
0.002323435172718888,False
0.0023177721063394052,False
0.002549471110158654,False
0.002323434500487609,False
0.007150139020260541,False
0.0024677855391787135,False
0.002384648581024957,False
0.0032920421251312728,False
0.007028484571472746,False
0.002919823536373067,False
0.0034684722771166332,False
0.0031463536490046917,False
0.005911713055367513,False
0.004203711976083199,False
0.005911702906935781,False
0.00458446913910547,False
0.01608599390243052,True
0.0056163710212789415,False
0.03496815971185668,True
0.002965027274861827,False
0.003040286415722474,False
0.00175521013837538,False
0.004534473482623605,False
0.0018857479508943838,False
0.0019142475864631892,False
0.001885734670585065,False
0.0019142434620678243,False
0.0019147521756623168,False
0.0022912409456748817,False
0.0033712500986928995,False
0.002963082778410736,False
0.0019147307528188124,False
0.0020275489398475406,False
0.006742863621626675,False
0.004551943065913674,False
0.004142149450594675,False
0.000898611980777947,False
0.008294556799134692,False
0.009417300794090172,False
0.005778411892064911,False
0.009417304899355392,False
0.009949434281337008,False
0.008963288035084756,False
0.011084198249065204,False
0.013635712110898217,False
0.013296220324524452,False
0.013635741243577885,False
0.005573296197316316,False
0.005220687558896426,False
0.005940510994924355,False
0.006322281023433835,False
0.008009797249858178,False
0.00800979825482258,False
0.006711718092764918,False
0.008009820236869311,False
0.007114042532698067,False
0.0071140644930963995,False
0.008009814313728313,False
0.007114082442219698,False
0.014881273163292732,True
0.016584484329411512,True
0.014881258544860457,True
0.015719545529093052,True
0.01600489050610574,True
0.016004868472948887,True
0.012776553958975588,False
0.013805196446189391,True
0.007083658535934102,False
0.012776529221276542,False
0.008009855842071142,False
0.007530749610893307,False
0.004559332644173458,False
0.005940705702201404,False
0.006711879250483542,False
0.005940710845951471,False
0.006711883337052638,False
0.007114198601948936,False
0.008009888242734407,False
0.008586225499478203,False
0.006711921170625542,False
0.005220921313594833,False
0.01460435804713448,True
0.014604394536607997,True
0.012795202559116805,False
0.012795213931722968,False
0.007308192422223338,False
0.009701742037302948,False
0.013677960114092252,False
0.01367796821409205,False
0.016074322047236574,True
0.004357654366996715,False
0.012795245120053552,False
0.008340694293949121,False
0.014042376027967846,True
0.009620557374238456,False
0.01701925013326803,True
0.011868431860735117,False
0.0018511837689074784,False
0.01358684694308184,False
0.004378631153983003,False
0.0011313210946090166,False
0.001681356005600127,False
0.001681359111084262,False
0.0016813467773938915,False
0.0016813496655319002,False
0.0018250075343718892,False
0.001681334135919326,False
0.0016813319832838555,False
0.0016961954863877848,False
0.001757201136496352,False
0.0017572020434746941,False
0.0017712106551077726,False
0.0026315659217766513,False
0.0022595854084675416,False
0.0018871755270346827,False
0.002182461117181256,False
0.002111367758936717,False
0.00218245805496774,False
0.002046291655184203,False
0.002111373392252385,False
0.0022595544742100753,False
0.0021113621645390632,False
0.002046282243667616,False
0.0016812590170874637,False
0.0017883178101075604,False
0.0018249535231796687,False
0.0017883061426189305,False
0.0018249498364922216,False
0.0017112650101086663,False
0.0018670632865399985,False
0.0018670591081673216,False
0.001757128675213002,False
0.0018670512958472655,False
0.0017112504615079504,False
0.002649985442013152,False
0.0029393125490263386,False
0.0027187212264870734,False
0.00264882741553692,False
0.0026499756189769436,False
0.0026488226890047178,False
0.0019410663951025758,False
0.0018940185377117698,False
0.00393194130101963,False
0.003691950325428997,False
0.0019829347684128915,False
0.0019075953915840735,False
0.0018939944826081737,False
0.0019006405861716196,False
0.0019275141195781978,False
0.0028985848253556437,False
0.0026499405993458277,False
0.002939268137204504,False
0.0027186739873695195,False
0.0027186738897143426,False
0.002982996557759666,False
0.001982875201074255,False
0.001941028521503568,False
0.0019537530203865643,False
0.001972158540968476,False
0.00194101970105845,False
0.0019537535984185442,False
0.001933958138289295,False
0.0019721619602313493,False
0.0019962538839373564,False
0.001972148401493468,False
0.0020260252205032635,False
0.003962126247533649,False
0.0038836088601182234,False
0.003649338783834646,False
0.003649338336552605,False
0.0038835764122672933,False
0.0035480677449827537,False
0.0035480610263065545,False
0.0034591126401601053,False
0.003809669115018923,False
0.0036493096123616634,False
0.002652222005940712,False
0.0023976956657180658,False
0.0025597288121121664,False
0.002778564519351849,False
0.002397677372732942,False
0.002457717980170419,False
0.002457714880394492,False
0.001803458525829397,False
0.0019524035563067254,False
0.0018490344304929946,False
0.0017799772404070767,False
0.0025148643254309386,False
0.0020460519889476535,False
0.0018114699266253546,False
0.0024316262466504814,False
0.0017821245316692123,False
0.0018350769885309961,False
0.0018085365321878443,False
0.0018114501104277826,False
0.0028569459822234524,False
0.002652167775693468,False
0.002559662297916355,False
0.002920735380236232,False
0.002920743294752244,False
0.002457631684159365,False
0.002778520296335315,False
0.0023975789481522755,False
0.0026594184267198914,False
0.002182191595971778,False
0.0018072576105697354,False
0.001820246407075415,False
0.002243408415409182,False
0.0021821826820721383,False
0.00198690918915423,False
0.0019338462231257253,False
0.002182177970482211,False
0.0020843134063503236,False
0.0021821704070233965,False
0.002733485004032512,False
0.0028433971710499595,False
0.0026733499772513282,False
0.0027334721304458913,False
0.0024489508694371495,False
0.0025366969117030405,False
0.0035478885802316487,False
0.0034589455691152074,False
0.003382253268799443,False
0.0036491437736436536,False
0.0035478832134712376,False
0.0035969686623865574,False
0.0035018542858183017,False
0.003458916525367831,False
0.003547871467554878,False
0.0035969458804199794,False
0.0034588963885085235,False
0.0034588880135135963,False
0.0026520937563352083,False
0.0026039717203403616,False
0.0026520852476909574,False
0.00271169192347185,False
0.0027116932322288835,False
0.0026520686250411625,False
0.003547831844214825,False
0.0035478223035844557,False
0.0035969185706798434,False
0.0035477541338068156,False
0.0036490004850753617,False
0.003648998572258293,False
0.0037271768514010673,False
0.003596836539861079,False
0.0036489856061499497,False
0.0036489828145250544,False
0.003648977292536818,False
0.00326562737951142,False
0.002798911958733575,False
0.002798916051953898,False
0.0028291625943133694,False
0.0028291556683658803,False
0.002896984420356926,False
0.0028969785721522936,False
0.0028969825669002297,False
0.002829151578303269,False
0.0028291534168466766,False
0.00279890030371766,False
0.002762414964812669,False
0.002864246602013551,False
0.0028642387616131825,False
0.0031513896751097304,False
0.0031117192601036394,False
0.0031513857113773594,False
0.0026923640366594455,False
0.0036740247234487147,False
0.002646844825443133,False
0.0026468363449644386,False
0.0019718841586558165,False
0.0019820978369010024,False
0.001933591884214415,False
0.0019406727348423736,False
0.0019718751276623135,False
0.001995988070455607,False
0.0019406622526324025,False
0.0019406635936223594,False
0.0019269665267156305,False
0.002732240488927955,False
0.0019959891983161726,False
0.002025793100920979,False
0.002988630256797114,False
0.0035294325812087494,False
0.002014063101237828,False
0.002398163417765807,False
0.003674012899695254,False
0.0026467903077241586,False
0.005379718794338867,False
0.0036903334447724524,False
0.003690316259651023,False
0.001926910490645523,False
0.0019269035097605664,False
0.001899936808983794,False
0.0019406214733077372,False
0.001971832599017011,False
0.001953377975562389,False
0.007309927680122231,False
0.007309911285148384,False
0.0019819444495775837,False
0.00198193662554207,False
0.0027436268011218545,False
0.0026494701133301843,False
0.004314199143861938,False
0.0030086795859223026,False
0.007181056960163909,False
0.00944870750828917,False
0.007181065989261395,False
0.0050356506660929915,False
0.013189324985064848,False
0.002686232372846991,False
0.003155455295368921,False
0.0033946740869494367,False
0.003595067728667928,False
0.005541382119270709,False
0.003690705798561686,False
0.0028993007375331587,False
0.005541386614591393,False
0.007318911649314881,False
0.003756723019411794,False
0.00370321512337997,False
0.002852785514402495,False
0.002680961956018292,False
0.003568045965807022,False
0.002457051159215923,False
0.002457044765539078,False
0.003014736992880637,False
0.003014740742443564,False
0.0030737564329595913,False
0.002345925941423126,False
0.002087792717903879,False
0.0018705043457038358,False
0.0020486632006248688,False
0.0017928141736799827,False
0.002616506975537448,False
0.004146484116462788,False
0.004071640481547431,False
0.004362742872434056,False
0.00311814754724443,False
0.0029040850253540143,False
0.0029571756420596145,False
0.002849587032545232,False
0.002849574827508954,False
0.0023451858690106513,False
0.0021223749756879265,False
0.0022994545817029734,False
0.0037820299544324516,False
0.0035161581695854548,False
0.002658775415665602,False
0.0026590712663285073,False
0.002825666064231939,False
0.0032333725255695553,False
0.0027656815826882565,False
0.002982310272730175,False
0.0029822986726714584,False
0.0030789461114075676,False
0.002706066286936103,False
0.0020968327357983618,False
0.0018341603424223362,False
0.002045194394276941,False
0.00209682711222198,False
0.0027081214868585677,False
0.002575750625980288,False
0.002650100980008216,False
0.001847552292573164,False
0.002110316213368132,False
0.0018858684076244663,False
0.00204517957832945,False
0.0018341295263466955,False
0.0016796480142299292,False
0.002578528845313022,False
0.0013649317168146784,False
0.0008823209530383929,False
0.0016780843012047483,False
0.004073348607805398,False
0.0016780809254324923,False
0.0018095380953484057,False
0.0016780862396840255,False
0.0018095503118363177,False
0.002103808206273916,False
0.0026641604804069066,False
0.002965452793706951,False
0.0025023566911765546,False
0.00255021448905924,False
0.00260418072898693,False
0.0029656360592494185,False
0.0021808288842923586,False
0.002962954758173973,False
0.002550227072476653,False
0.002550220068710714,False
0.0028811315752911926,False
0.002477922782280464,False
0.002260271493911295,False
0.0012817685177919623,False
0.002367328032900775,False
0.002260263147130571,False
0.0012817688372895911,False
0.0024779262070146425,False
0.0022602744170468355,False
0.00176226284659416,False
0.0024779270686820835,False
0.002664272863020467,False
0.002664268493587925,False
0.002965694128701238,False
0.002550238802464452,False
0.0025023728769048422,False
0.0027304730845900274,False
0.0025023800532439243,False
0.0026042035853076325,False
0.002730472188586946,False
0.0026042059551361434,False
0.0029657157164075967,False
0.002881197741167803,False
0.0031647981063923003,False
0.0032606566972015333,False
0.003359086842302235,False
0.003460042674354634,False
0.0018956305279122065,False
0.008734610324955771,False
0.0018095255862905224,False
0.002719436249547708,False
0.0021038425333668566,False
0.0018095283354042687,False
0.001346220634298316,False
0.002965762071397733,False
0.002664307646477591,False
0.002881228129881102,False
0.00260421938029057,False
0.004904908463017217,False
0.0020404186448454097,False
0.0024606255991675096,False
0.002460620617204102,False
0.002318138284364299,False
0.002460626019997612,False
0.0025502532120206907,False
0.0024606217792253375,False
0.0023954370235584922,False
0.002103864400902614,False
0.0024399681149589064,False
0.002980836456734675,False
0.002980838691866679,False
0.0024399640721866496,False
0.0026236837098610184,False
0.002980844923646205,False
0.0026236944708716366,False
0.0024885562317448076,False
0.002488558187366493,False
0.002662239190025771,False
0.002662249072314811,False
0.0024885639791829375,False
0.0026622483027661306,False
0.002662257513887318,False
0.0024885661267867163,False
0.0026625013684132013,False
0.0026625129609573785,False
0.002488805209646577,False
0.002488805121324622,False
0.002440055547127069,False
0.0024400505085139966,False
0.0024400483517081867,False
0.002026376506767651,False
0.0027195804690620553,False
0.002440057351663968,False
0.00210389013182273,False
0.0012647172552890569,False
0.0012025158105775293,False
0.001556899667556,False
0.0016779884407975185,False
0.001346075457933477,False
0.001529856139646572,False
0.0015298630596302647,False
0.0008416126029821602,False
0.0013696309109162603,False
0.0015298597880105877,False
0.001511828898895234,False
0.0014438635986455794,False
0.0011971654681664594,False
0.0009881304439392474,False
0.0011115380162235887,False
0.0009329852037833903,False
0.0016109517993074458,False
0.0007910972093654029,False
0.0008687532141858262,False
0.0010638360963203218,False
0.0012405445821306045,False
0.0008400817253271545,False
0.001868507536076204,False
0.0008687430664338127,False
0.002194173566074673,False
0.0007910846285711743,False
0.000840076691225036,False
0.0012765136092520904,False
0.0008673351915379745,False
0.0007802966862239253,False
0.0028011620031569715,False
0.0010570479827017305,False
0.0007431906260549238,False
0.003368619701149022,False
0.0007517528925785861,False
0.0007431870068131994,False
0.0007802976519060605,False
0.0008687125387937239,False
0.0008687107469768728,False
0.0008687114624689446,False
0.0007830401841552208,False
0.0008687074147956702,False
0.001103973212962642,False
0.0018684431445516656,False
0.0009044800257955477,False
0.0007910494357833873,False
0.0009958312885493547,False
0.0009958373800640172,False
0.001610961320639608,False
0.002060915107398456,False
0.002702379035467541,False
0.0027650276524207695,False
0.0015318324685878524,False
0.0018924214319642693,False
0.003459919526453238,False
0.0039238214214357605,False
0.0021635200655239577,False
0.001457536052188234,False
0.0018996262626459935,False
0.0008817238272043495,False
0.001748669443908555,False
0.0009957862643689538,False
0.0016109679122554281,False
0.0017486724867574945,False
0.0020291613252637277,False
0.001610963015184376,False
0.0009957785168105031,False
0.001896296971240409,False
0.0018962985164295326,False
0.0016109570317599086,False
0.0017214114462862304,False
0.0025621342936196162,False
0.009612433765186721,False
0.007177812673392125,False
0.0021797048361362993,False
0.0019666675487463635,False
0.0019625824708534934,False
0.009612356797501356,False
0.009612340962876966,False
0.007177758524758532,False
0.0020388748547115086,False
0.0032085024155780596,False
0.002038856734234532,False
0.0021796634728345463,False
0.0020470226064784455,False
0.0012754985197309919,False
0.0013784846981407344,False
0.0012755073054501497,False
0.0014922963185023221,False
0.0012755006696833673,False
0.0011019459579590738,False
0.0012755024177579478,False
0.0018985183302161006,False
0.0011019381911180199,False
0.0008434928647457745,False
0.0024500816420760622,False
0.002502429176011751,False
0.0025503793186868805,False
0.002730901506235682,False
0.002966405241557454,False
0.0020387201008214536,False
0.0024605945789175567,False
0.0025024368405754493,False
0.0026044499123954283,False
0.0023952343038407646,False
0.0026646207396923195,False
0.0027309126892791297,False
0.0014713967669261515,False
0.001362457962645974,False
0.0030243247767219876,False
0.0025027616672908676,False
0.0021727889039445942,False
0.003024335286252037,False
0.003120209694363079,False
0.0023444091103475206,False
0.0025027850798192766,False
0.0025027679868951766,False
0.0016823166754353562,False
0.0018022480950307758,False
0.001802249639215801,False
0.0016823207238501232,False
0.001933942349243557,False
0.001574150891198712,False
0.0021123628495431624,False
0.0014777491862780728,False
0.003008628573744923,False
0.002112359223702017,False
0.001870390681350228,False
0.002745556024645586,False
0.002748041267512338,False
0.0033305389960463032,False
0.001811843450183745,False
0.002041275990484798,False
0.002182804299783934,False
0.001761587296536627,False
0.0019487769930886629,False
0.0026265739703851946,False
0.006495860618263574,False
0.001481065352891727,False
0.0033251325324740013,False
0.0026688245995105764,False
0.0026086785644413987,False
0.002627706991659743,False
0.002668830830820362,False
0.0035687156477534816,False
0.0014815506146031068,False
0.0016738438629013384,False
0.0021166500223481124,False
0.0016738414332308938,False
0.0007854368498203275,False
0.0020513697932793853,False
0.0006791230772431138,False
0.0016886473895247878,False
0.05424519018431396,True
0.00961428801836385,False
0.06873589493292757,True
0.009614283495369249,False
0.004906655746979365,False
0.0075831006074765575,False
0.0011789279815178518,False
0.003325775877161634,False
0.018307851160010557,True
0.0017748042059024115,False
0.0096163027107479,False
0.002045311424051337,False
0.00961627525811763,False
0.003120548300395515,False
0.001288448046154366,False
0.003467658486442804,False
0.0006816853187696561,False
0.0006816859102551174,False
0.0006816913202022901,False
0.002045248725503219,False
0.0020452469856851643,False
0.002882488590097347,False
0.026868703121098483,True
0.002045222909333389,False
0.0049098860670380145,False
0.0018153716796521537,False
0.026866909156316288,True
0.0012738700301333013,False
0.06304469275315763,True
0.0017781368999260781,False
0.0031609016245732107,False
0.0012395731308427365,False
0.0015283459750871913,False
0.0017056614121499464,False
0.0017056606493283427,False
0.0018668748990126754,False
0.00173691604630563,False
0.0018168247495163365,False
0.0018168318437693884,False
0.0018798856707343537,False
0.001879896177533022,False
0.0018798924525732852,False
0.0018798901026414636,False
0.001920135977579629,False
0.001841461787563539,False
0.0014392058592999255,False
0.0014391962356121353,False
0.001524930100400718,False
0.0015249228062811286,False
0.0016143868457867917,False
0.001439093508878176,False
0.001439087581073086,False
0.0014390887156550181,False
0.0017074699526206636,False
0.0015249259145770418,False
0.0014390882523142132,False
0.0014390795330586508,False
0.0012999233110418714,False
0.0016575854928077174,False
0.0017057176209538181,False
0.001657577588688775,False
0.0017057068663193901,False
0.0017057102184856604,False
0.0017057113627088301,False
0.0017588323266152905,False
0.0017057120666873593,False
0.0017057175548097962,False
0.0017057203537889786,False
0.0017057100286432538,False
0.001250230314279862,False
0.0012502273722755739,False
0.001356852309636215,False
0.0012502276930217685,False
0.0014390552827021415,False
0.00143905798322586,False
0.013757703225492008,False
0.012379197925759441,False
0.011805254043426633,False
0.012427746245901783,False
0.012138156879871192,False
0.01166423158408571,False
0.012525187541128618,False
0.012379249319889676,False
0.012427789938255223,False
0.012018061158065673,False
0.012018075077013583,False
0.012018058534701772,False
0.01227224073003721,False
0.012018091538734052,False
0.012642397890482918,False
0.010556381156453644,False
0.01201812912068566,False
0.012018127193568809,False
0.012029508043181628,False
0.01057038854802583,False
0.01153110863891727,False
0.011531112394517578,False
0.00884965721024192,False
0.003458469087340062,False
0.0006353772071498635,False
0.0006353736450073581,False
0.014847459294180845,True
0.003388922230337728,False
0.001703655543717386,False
0.0007726366387186734,False
0.003948129556761866,False
0.002364563537205136,False
0.0019147586596153837,False
0.0035411304845909923,False
0.001604160959638521,False
0.0026277501806067035,False
0.001655504480976721,False
0.001999809282354551,False
0.0009578265133934622,False
0.0012498667439186583,False
0.0021061271213890886,False
0.0028855329645725617,False
0.0010730251546496453,False
0.002625207845964309,False
0.0031228441801162627,False
0.0031228428391472138,False
0.0010729388378272373,False
0.0033154864608577715,False
0.00331549160201446,False
0.003315503467886723,False
0.0033154998317213662,False
0.0017555532355800574,False
0.0022362660214175828,False
0.0020377126756441896,False
0.001667816621527445,False
0.0034410775680956333,False
0.0011585099700181264,False
0.0022362893493974327,False
0.0022362874978721493,False
0.0027743809710805384,False
0.003060319686419862,False
0.0030603090566983663,False
0.0029051097725694966,False
0.003164145384674703,False
0.0031641525130160484,False
0.003267940879040359,False
0.0030603373872919028,False
0.003267953882465022,False
0.003267969264558013,False
0.002975713836813682,False
0.0019061185679327744,False
0.0028560954196823096,False
0.003601642679445696,False
0.0036016449658648553,False
0.0036016515325849436,False
0.0032799248892498257,False
0.002856135821316223,False
0.0036016850643223832,False
0.0027433851279374958,False
0.002910984965005472,False
0.003533459255695432,False
0.003092656428413224,False
0.003533468765974844,False
0.003533487299550703,False
0.0033001681333717264,False
0.003251783117555081,False
0.0034262749301353194,False
0.0017833221563517416,False
0.001453919264473784,False
0.002862448044962176,False
0.0011916979937548061,False
0.002618827281466431,False
0.0029110415698616193,False
0.0029110439776276133,False
0.0012990657782639815,False
0.0024619184218187613,False
0.0017992962034608037,False
0.0024870905244034048,False
0.0024870945393873733,False
0.0020719502490493215,False
0.0029062895315215887,False
0.002906295231312164,False
0.002690777680802125,False
0.002690776898727209,False
0.002906303453545804,False
0.002906317562129219,False
0.0017556695070711315,False
0.0026537959312584875,False
0.002037826299592252,False
0.0025100801036980597,False
0.002510083893453099,False
0.001755687263723798,False
0.0009810299887813181,False
0.001755695964308478,False
0.0021064778970931006,False
0.002106481504300256,False
0.0029063615856361386,False
0.0029063649896974644,False
0.0022841820834377685,False
0.001867124172119181,False
0.0015239878533714894,False
0.0014772135549239048,False
0.0012389304511964594,False
0.0016761795371251522,False
0.0017557176089832323,False
0.0023805786939169902,False
0.0023805953554011427,False
0.0026301121171474757,False
0.0027179005796267755,False
0.0027989624679593344,False
0.0027989654402435916,False
0.002752384104297553,False
0.0027833230743690707,False
0.00271789121778204,False
0.0027178855344668225,False
0.0027178956116179665,False
0.002644927748437441,False
0.0026449188678725156,False
0.0026449182038583287,False
0.0025607512921055125,False
0.0025607550666399527,False
0.0024792580202884556,False
0.0025607533134031912,False
0.002731739728596207,False
0.002479256527256744,False
0.0026449306960969927,False
0.002479261723469721,False
0.0019891297103315623,False
0.002594934337245075,False
0.002943319501273367,False
0.0010763895750017431,False
0.0015010905135320349,False
0.0018608068563698284,False
0.0015313212298608211,False
0.0013579147254544782,False
0.0012850932043042928,False
0.0018608111590398733,False
0.0017114123106520451,False
0.0016236630294708088,False
0.001214920334923386,False
0.0014092697601853156,False
0.0016236468487616407,False
0.001194206649532284,False
0.0012505700704635355,False
0.002265805715723868,False
0.0030433998619364346,False
0.0013276540099767995,False
0.001307077432322028,False
0.001938080186242449,False
0.001194202252137166,False
0.0015888717657472596,False
0.0011797941172378924,False
0.0010665383878818925,False
0.0010100418804166436,False
0.001776543623031871,False
0.005265214114218999,False
0.0022972357022005923,False
0.001014482817345856,False
0.004743468193709551,False
0.0011797933737165256,False
0.0014780024071129945,False
0.0022110569575030875,False
0.0006491096129334926,False
0.0006492631630528172,False
0.0006947199465378073,False
0.0007344428666647305,False
0.0009215404472532944,False
0.0021271429970396547,False
0.0010150643529024674,False
0.0011158306070403004,False
0.0008633490491292683,False
0.0011843682213546613,False
0.0014499953209961714,False
0.0010670391946634406,False
0.0010670358763993754,False
0.0011843633109818348,False
0.0010670392730970629,False
0.0014499983514546886,False
0.0014499947410904941,False
0.001184367432797781,False
0.0014499968820243373,False
0.001450002661899319,False
0.0030616806116347457,False
0.0008228810429188741,False
0.001496875211947317,False
0.0023467494005516647,False
0.0010806960879508648,False
0.0024741926231364605,False
0.0030616952142667395,False
0.0025353703203888633,False
0.003140652383768189,False
0.003061681349308319,False
0.0012312291209581518,False
0.0013390115281919199,False
0.0016139923446790061,False
0.003279297499379679,False
0.0035509045488873983,False
0.0043131224573575615,False
0.004430212635642361,False
0.02208832142383577,True
0.003326375655099627,False
0.006885948442076134,False
0.002610289324632614,False
0.0041682624300008655,False
0.003955603317238497,False
0.004921221593407406,False
0.004921226454139871,False
0.004921234274602082,False
0.0049212361786628135,False
0.00439942435609039,False
0.004059447431418038,False
0.003469242809711265,False
0.003472282368823061,False
0.0036476694339867733,False
0.0020884569042509517,False
0.0024297385924256835,False
0.0024297348939367976,False
0.0026935270294772234,False
0.0026157760645179155,False
0.0026607220469833325,False
0.002660715294401908,False
0.0024297343595823437,False
0.002600664919154398,False
0.0026607159886614675,False
0.0018088172465817603,False
0.0008291053087666236,False
0.0010920200446046893,False
0.0009323596682748796,False
0.00100513276505399,False
0.0011407513046959856,False
0.0008291153475839323,False
0.0010468113776192997,False
0.0007822997793039418,False
0.0009323559099096119,False
0.000695229305714678,False
0.0009170904829195212,False
0.0010774092720247993,False
0.0007432224252422235,False
0.0010509622708548578,False
0.0008090004887461062,False
0.0008781503158048557,False
0.0010958327055083168,False
0.0008781469639661808,False
0.0008781390052934351,False
0.0010036782732277742,False
0.001509737074313043,False
0.00150974826896971,False
0.0015486260832692233,False
0.0021382345052717955,False
0.001584298533378477,False
0.00167373180867079,False
0.001509756859733048,False
0.0015843060542889184,False
0.0026008698297037398,False
0.0007822789008080902,False
0.0010052050680450196,False
0.0011342565973534676,False
0.0010052588853755675,False
0.0013718719412645533,False
0.0014301714003814414,False
0.001227369719060556,False
0.0017369808633905665,False
0.0028527442561907036,False
0.00209874169480351,False
0.0026346848090639014,False
0.0027679777680807856,False
0.002634696332456721,False
0.0027679784256843575,False
0.0026940885415766844,False
0.00100539688894813,False
0.0011678494907003925,False
0.0013232167339955526,False
0.001273869527346034,False
0.0015844350913882099,False
0.0026585764386816506,False
0.026172026527052906,True
0.0037193284451612677,False
0.002945552674108389,False
0.0030876310475231915,False
0.004142346140290276,False
0.0017761834648869497,False
0.003661066682995286,False
0.0017761825011456936,False
0.0036610766533271863,False
0.005541772442199726,False
0.007028714908112583,False
0.006637498871612447,False
0.006637503424603962,False
0.016989524973547294,True
0.016989578807697223,True
0.017283271848958823,True
0.01757955202896949,True
0.016989590083018365,True
0.017535409025021965,True
0.01946762371977336,True
0.020041607776025934,True
0.018903442251942324,True
0.017804176624176698,True
0.0167438797454567,True
0.0067146656410031836,False
0.007777414714411,False
0.007777430775504261,False
0.007024270061121834,False
0.007548464683687708,False
0.007697559643266863,False
0.011230874985534536,False
0.02318594806937072,True
0.0023506455662122287,False
0.0023506523677345437,False
0.0073372851376298735,False
0.006575417205435806,False
0.014946716785497416,True
0.007337301141621218,False
0.016679281673324945,True
0.016679288027115165,True
0.0028398460328988564,False
0.002908745400227203,False
0.0026260500895878406,False
0.0032128811878434677,False
0.003559353447272163,False
0.003022694797928036,False
0.0032338719279999804,False
0.003353179359056161,False
0.00349816690059649,False
0.0031389118517122093,False
0.0034251866904294903,False
0.003547361332264976,False
0.0029092430992145855,False
0.003257890774857033,False
0.0033770794410400533,False
0.0030921113927958473,False
0.003601132125562846,False
0.003680082109803557,False
0.003803394615109736,False
0.003325768022530119,False
0.0036800808649502382,False
0.0036314785035647073,False
0.003631477983629096,False
0.0033257765128048857,False
0.0027428793559945504,False
0.003559358981069104,False
0.0021622201318930276,False
0.0027880567445002307,False
0.0018533177823469441,False
0.001853308386708548,False
0.0026002832437540145,False
0.0023867627390503814,False
0.0009662733537164929,False
0.001002674680633782,False
0.001002675269086512,False
0.0010026714651407331,False
0.002600282656576234,False
0.002600278980135338,False
0.0010846080590248696,False
0.0016451795919507043,False
0.001961598931639166,False
0.001645177042209834,False
0.0023240513337716216,False
0.001961603748690684,False
0.002324056733930455,False
0.0025225452485274358,False
0.0023240578433923083,False
0.0025225487697085303,False
0.0026261042243349354,False
0.002522544167930776,False
0.002689625252032962,False
0.0028418565563073897,False
0.0029249531955947232,False
0.0025255254840451653,False
0.003140597854494122,False
0.0010532690264575169,False
0.0021916986251558556,False
0.0013533905936114956,False
0.0025255212585503705,False
0.002719929673677047,False
0.0031405994425684407,False
0.0031406027899224935,False
0.0028211223857355547,False
0.0025255295078392137,False
0.003000614672960217,False
0.002152413274263191,False
0.0030006280320384023,False
0.0014194712341497392,False
0.0014194634779712448,False
0.0018042644022137303,False
0.0018042582839066647,False
0.003000619808938676,False
0.0030006163309389414,False
0.0018042605486942782,False
0.0019086486167963002,False
0.0033977337086541436,False
0.0038763930698988147,False
0.0022135200319790835,False
0.0012384123856465502,False
0.0029605392648300775,False
0.003631782072899438,False
0.0036798573493051464,False
0.0035841319672819424,False
0.0036317832429756474,False
0.003329579019085147,False
0.00252259699667588,False
0.0028419098393836126,False
0.0027325988669103414,False
0.002841910612497389,False
0.0023241087700566453,False
0.0008210262089038741,False
0.0006205401327800499,False
0.0016452228933507074,False
0.0019616487501482815,False
0.001645219054783869,False
0.0023241199202495076,False
0.001961654975995477,False
0.002324125211529486,False
0.003174234724774684,False
0.003284658346631276,False
0.0031742368751391356,False
0.002798534581488699,False
0.0008911758813432062,False
0.0010684832912972386,False
0.0016471923574646375,False
0.003174239634033634,False
0.003174249792700267,False
0.002960523888851781,False
0.0032846563783431384,False
0.002839062509827675,False
0.0013387436072371099,False
0.000798372516528782,False
0.00086038272814383,False
0.000900755157984566,False
0.0018171724028364367,False
0.0022758112460316182,False
0.0008690279178482314,False
0.0015593102377843052,False
0.0011554517483469177,False
0.0008628933213296839,False
0.0016441754713147154,False
0.0047672149895786895,False
0.0012335729318704353,False
0.0012335693257607533,False
0.0010229827805206082,False
0.0012335761078984106,False
0.0007291864648412036,False
0.0018063063202742899,False
0.0012335787655070763,False
0.0006520334800797975,False
0.001095602053580206,False
0.0028070334170910353,False
0.0008305298350658623,False
0.00907824013477243,False
0.0013082154846719765,False
0.0010955935548274706,False
0.003000655714058899,False
0.0018042759981336473,False
0.001506765384262803,False
0.0018042750225585396,False
0.002152422660509486,False
0.0015067657312497038,False
0.001304158942516712,False
0.001870695778920016,False
0.0013041471471490853,False
0.0013041524028999333,False
0.00120336988062891,False
0.0009590119060881004,False
0.0006830135505717841,False
0.0017643883944058448,False
0.0021634955560036456,False
0.0010036916876377824,False
0.0031902618613687066,False
0.0038531604738671287,False
0.0037013520563809604,False
0.0019291755485738484,False
0.0021714580472524387,False
0.001800106601939959,False
0.002757198770329475,False
0.0045247360798073375,False
0.0020112083974404074,False
0.001929613456795652,False
0.002486253667783281,False
0.0027357516873424506,False
0.002928616733923643,False
0.0008847773574048638,False
0.001497123512006185,False
0.0033369375516079055,False
0.002249230576875698,False
0.0036837052445815757,False
0.0032619045258793894,False
0.0032619055693341005,False
0.003807056026037998,False
0.003256818859892955,False
0.0033196209659919172,False
0.003371344542545067,False
0.0036038893282140457,False
0.00400624134050578,False
0.0029578935519725376,False
0.004400944436105775,False
0.0031711310741340316,False
0.003462047408126606,False
0.004248817092753641,False
0.0027824084018898167,False
0.008028093805956137,False
0.008028086667013063,False
0.008341440282788243,False
0.008162118928464414,False
0.008028087966564488,False
0.0017786352836117862,False
0.004510630745368284,False
0.0017745900604175242,False
0.002694966723478167,False
0.002694962256816806,False
0.0016614496751070306,False
0.00201876908032804,False
0.0016614540457175297,False
0.002885987964991728,False
0.0028859816515932257,False
0.05271556414520656,True
0.0011631451647282469,False
0.0006378671194049799,False
0.0033959146268383706,False
0.004568327539926322,False
0.003956692175110698,False
0.003956692562075431,False
0.0027460557151447315,False
0.0037339285310324264,False
0.004919366817314324,False
0.006289044940358071,False
0.0011041523624967838,False
0.007072220411892518,False
0.0012220426534074863,False
0.001386217260875648,False
0.0036433344348041734,False
0.002600926791382847,False
0.004119642066800591,False
0.0024178870500435857,False
0.005173983237350639,False
0.005173986350679803,False
0.006363963183418211,False
0.0057097336812535,False
0.005709743285329291,False
0.006289091413039624,False
0.006140298953152287,False
0.0021067904572241885,False
0.0033119882987570183,False
0.001725431514061279,False
0.004919408557812288,False
0.0014050708832137272,False
0.001405077065015409,False
0.002746095694554279,False
0.002926573248078344,False
0.0039586485805922274,False
0.005172539403061316,False
0.0054359845078923675,False
0.006364184455096392,False
0.006845417801014349,False
0.00636418527770211,False
0.004897896298614222,False
0.006364210105063414,False
0.006364218850311823,False
0.005174212896799489,False
0.0063642090140450195,False
0.0018669640480558456,False
0.019436587020504825,True
0.003790694079939416,False
0.00264343172564784,False
0.004572683725157524,False
0.005115613735077508,False
0.004572676079696523,False
0.005692460115512937,False
0.006783523253834372,False
0.0059936043052418635,False
0.005115623185017835,False
0.004572702590655104,False
0.005692473239079228,False
0.004956956891811983,False
0.006298150061056209,False
0.006446679090468111,False
0.004477762465422779,False
0.0049569504747810815,False
0.006446694627627432,False
0.005730222136864566,False
0.004720205095793345,False
0.006597891711989254,False
0.0040637038160525355,False
0.0051156570518673715,False
0.005692518147579365,False
0.00584202148238485,False
0.006303264885590504,False
0.006621373011490258,False
0.006621371383999404,False
0.005692528797022619,False
0.0063032882225247415,False
0.006947934664785576,False
0.007626534992077892,False
0.0035803154967423948,False
0.006446745385904742,False
0.006298213314402363,False
0.0073270552757132125,False
0.006537140163380399,False
0.005204275375909694,False
0.004010713455257179,False
0.00629823001551151,False
0.006528326952089609,False
0.006368832404918805,False
0.006368837573359046,False
0.005898522688532064,False
0.00621064176818871,False
0.005898549118536514,False
0.006528348495555542,False
0.005745961867918447,False
0.006528364415562427,False
0.004879080249121337,False
0.006849006680722072,False
0.006849009982770164,False
0.0035803412631094196,False
0.006597959078837793,False
0.004957066510416831,False
0.0027054304626115307,False
0.004477834711909386,False
0.00447783427542966,False
0.005462071586079849,False
0.00574600753672274,False
0.005898575947302277,False
0.006528403176460909,False
0.0063689026998793846,False
0.0017297155272544668,False
0.0027784683858122954,False
0.0050178123958688455,False
0.00460868426093883,False
0.005017833460638302,False
0.005017846970867891,False
0.00605349953559847,False
0.006053520251553258,False
0.0012281108279032903,False
0.007885946260388977,False
0.001521224637555743,False
0.004239784282447613,False
0.002824572046624216,False
0.0013844964843798128,False
0.019383586856588187,True
0.0015212189991596573,False
0.00401079459841011,False
0.005530270897571817,False
0.007475785711863608,False
0.006413835478024965,False
0.006724843443580022,False
0.0032075351049367586,False
0.13423534952866517,True
0.006231125008299622,False
0.003949780887972282,False
0.0030860725650431408,False
0.003499416812479845,False
0.003198888970408476,False
0.003947679515621457,False
0.002703179411873389,False
0.0023622443963923013,False
0.02527124060645739,True
0.0010026252249029067,False
0.0010026292658048552,False
0.0010026298544692067,False
0.0010026303967394714,False
0.0009850984662521094,False
0.0010105558794000734,False
0.0010026302027567936,False
0.000985098323041401,False
0.0010790246637513636,False
0.0010026280198805872,False
0.001461403933902872,False
0.001776985967120957,False
0.00473518370827427,False
0.004735179555553116,False
0.006867190742311408,False
0.00611634300729034,False
0.00851308184246269,False
0.004170340756723022,False
0.0047985452225760335,False
0.0063535872425166465,False
0.0020451120151444616,False
0.005905234361276573,False
0.006742561564660449,False
0.0036114982148877377,False
0.0006293090604101577,False
0.0009170012524872074,False
0.0016868070893109731,False
0.11293342382084473,True
0.003953990543045137,False
0.010010949227183012,False
0.00411549851205028,False
0.005406019659948509,False
0.0061165256051590585,False
0.000975980570728224,False
0.0030282601396156633,False
0.007666338182144766,False
0.006742920598777431,False
0.007144587375091145,False
0.006353963224586178,False
0.006324021900567681,False
0.0011491871574289812,False
0.003987276101494521,False
0.003734519419445808,False
0.003681423392341825,False
0.002746499841986762,False
0.007903902917599211,False
0.003006127562807638,False
0.0031091715781339084,False
0.0033240127309892013,False
0.0032159320086332715,False
0.003109184000806809,False
0.0030061544050065782,False
0.003215963689924726,False
0.0032159540294885726,False
0.0030061761069090573,False
0.001787601137210957,False
0.001954239277457408,False
0.001963229422779646,False
0.003500872095691464,False
0.003616097543296048,False
0.003734471453382314,False
0.0036161050913169615,False
0.003734495266836513,False
0.0032798490564073116,False
0.003279849351330518,False
0.0026920103909848546,False
0.001676572929220275,False
0.001347092230040308,False
0.0030713775878321433,False
0.0023097536894949944,False
0.0021013548063423503,False
0.0021690808316133406,False
0.002257443710984744,False
0.002169098960705548,False
0.0022574620501372394,False
0.002169116640087422,False
0.0023098135150687303,False
0.002521215094539844,False
0.0020108569370773737,False
0.0045316201305884134,False
0.004531632209001837,False
0.012973512255484381,False
0.0035014096418935535,False
0.002692325653211307,False
0.001955558734797322,False
0.0019555603374307442,False
0.0016501793981097076,False
0.001955554405663909,False
0.003981352462803033,False
0.004109151626514129,False
0.002302225040891149,False
0.004547989574188996,False
0.0038124725344112847,False
0.003812474834609266,False
0.0038124964062004863,False
0.004047391081028693,False
0.004047406532802438,False
0.0045312435841546065,False
0.004531271846130323,False
0.004531286361741884,False
0.004548112733985811,False
0.0020070310218651844,False
0.0048142529635751136,False
0.00592836443207001,False
0.006169982006086289,False
0.0056270501430345675,False
0.005928386150196896,False
0.004226543484089482,False
0.0039909046031460374,False
0.0036546621809882334,False
0.017635771765311392,True
0.011417767131990813,False
0.004457279357378537,False
0.002570448277131644,False
0.0007065757441806696,False
0.005755132544464991,False
0.003336161908111399,False
0.003045231704836333,False
0.002860414415453267,False
0.0036085508634877903,False
0.0019653862403440736,False
0.002592231665361707,False
0.0025922284724500624,False
0.010061643122894206,False
0.018934542242526324,True
0.013190461135244993,False
0.016632137404612033,True
0.014509510748435652,True
0.012928406510776038,False
0.008584005746410887,False
0.006191758519400531,False
0.013827011694835495,True
0.00695899212993717,False
0.00514904554503684,False
0.0043791443876895954,False
0.019176741038325288,True
0.009915448474419148,False
0.009639740474069647,False
0.01882879216662669,True
0.008164736149594787,False
0.015602797120072457,True
0.008608404246771074,False
0.014232977983976458,True
0.01079090040602669,False
0.006980099917058343,False
0.010581636857176595,False
0.00629703118745798,False
0.009798630187206244,False
0.013028822066589705,False
0.011633057721416809,False
0.011557947252919665,False
0.015739861970023483,True
0.016011256901162892,True
0.012570592573605452,False
0.01060390829914147,False
0.015471303116247932,True
0.004038654948861106,False
0.018874582773361286,True
0.014942264017403239,True
0.016486059896917832,True
0.011633192914032352,False
0.013647735835798884,False
0.015889741792723563,True
0.015889742922304165,True
0.0107114133461934,False
0.017096958770053426,True
0.017096970483468813,True
0.01588978827026937,True
0.002198434505510146,False
0.004296663435990274,False
0.006176623321668044,False
0.003785168855536175,False
0.004296691057065508,False
0.0069185158339394965,False
0.010070577177933856,False
0.014892170293762342,True
0.012303342692265616,False
0.01279262657840179,False
0.011367549885291223,False
0.010921004768483029,False
0.0127926802297102,False
0.018576236358607827,True
0.01712420319787539,True
0.01377410665625685,True
0.018280409381871313,True
0.018280404587414877,True
0.013099069011463165,False
0.018576287849366442,True
0.01857631909193681,True
0.012294812817595644,False
0.017283803580431713,True
0.012916393633401146,False
0.021516125810554954,True
0.016119601875035236,True
0.015003659501272639,True
0.018502873547220834,True
0.019763651887057466,True
0.02229685311671562,True
0.013942508607629122,True
0.02154445390948928,True
0.020806192212796826,True
0.017890689690371085,True
0.021544499148616114,True
0.02191893879447246,True
0.016119691047088013,True
0.020414708156684332,True
0.015003759642447637,True
0.01393599677839882,True
0.017283998415798613,True
0.016119762657793347,True
0.01471743832377849,True
0.019972291060670815,True
0.019634705596232097,True
0.019634704285501462,True
0.0193007512611642,True
0.015282293219525933,True
0.01930075674103645,True
0.01471750992917564,True
0.015282320367298926,True
0.014015066247914444,True
0.015674891142882792,True
0.015674900588376832,True
0.01538938373409593,True
0.01655290599800103,True
0.01777343574490321,True
0.01740129377853445,True
0.005858575900559439,False
0.004974970054245963,False
0.005858596374669364,False
0.0058585700849331426,False
0.005858588571566653,False
0.005858579460102772,False
0.004974983082156165,False
0.009668635782603862,False
0.011830339985894708,False
0.014894503144440907,True
0.014894524613626448,True
0.012305471502000485,False
0.012794806887470603,False
0.0058586315306233755,False
0.006204937996596412,False
0.005858650256154468,False
0.007004791644477813,False
0.004974993759756481,False
0.002238388811582233,False
0.005858656040431382,False
0.0028871078987059073,False
0.0047847695087994396,False
0.006267573603609181,False
0.009229054240814724,False
0.008897007196277335,False
0.011282287044664047,False
0.006747623427024026,False
0.008897048183471663,False
0.00674763687878521,False
0.005456710671122674,False
0.011402363028232708,False
0.00808155127093235,False
0.00906032778581756,False
0.009060312545782965,False
0.009415038232224726,False
0.009415087880136773,False
0.010564752274937163,False
0.010564755866429068,False
0.00388517458828359,False
0.004784933617977447,False
0.005456800021724757,False
0.007776548573739101,False
0.007250703734162514,False
0.0012764928625094644,False
0.004470627639165741,False
0.004784954527984914,False
0.004784959052091728,False
0.0038852289057269137,False
0.0014846925924971042,False
0.003885224624015119,False
0.004470673936668994,False
0.007231215361000244,False
0.013686292493056125,False
0.014929187589690028,True
0.019490469058213878,True
0.019823031121499222,True
0.022772034439908495,True
0.019490511716221088,True
0.019490499235589785,True
0.008373533616306595,False
0.014292027589956471,True
0.016198874430648404,True
0.011941252064377239,False
0.011124508237733168,False
0.003131520661483668,False
0.008373581553020839,False
0.008373576488723278,False
0.015915847437350594,True
0.015360376404902272,True
0.012326605806335196,False
0.01950742959721572,True
0.01695560482048371,True
0.018848113924501197,True
0.019526054243012746,True
0.019526021082762572,True
0.01982333670402447,True
0.01952831214704617,True
0.018203109014400393,True
0.018523902225280883,True
0.01820315333788947,True
0.012518429927770995,False
0.009062869398035698,False
0.007831730760151378,False
0.006737374687145721,False
0.007786192748879371,False
0.0072332812378736655,False
0.009062931919935954,False
0.009062924917047358,False
0.004298130507352434,False
0.007786217320472549,False
0.007606206941781574,False
0.008281299724701954,False
0.01155139919800765,False
0.008281289934605541,False
0.007067222246379476,False
0.006144617166897596,False
0.006988163678656337,False
0.0064194095915376765,False
0.010218336159788498,False
0.005859963944331089,False
0.0009178063516601753,False
0.0012070313892755774,False
0.001207037577763332,False
0.0012070405108926935,False
0.001207033626573633,False
0.0012070493774600183,False
0.0012070495245833745,False
0.002641683809213911,False
0.0026416927072201056,False
0.002641694754052283,False
0.0040537875976006405,False
0.00980258837870819,False
0.009013543203584986,False
0.00980257648498627,False
0.00980262476388267,False
0.009802617292240976,False
0.009802640014046484,False
0.009802639715937405,False
0.008281531269677322,False
0.010648698111301471,False
0.00828153596766868,False
0.01109309730867602,False
0.003166159531261543,False
0.0043171669655594856,False
0.003166169393383958,False
0.009550031663426911,False
0.009904731632883976,False
0.010267302578494278,False
0.009550055860706919,False
0.014474917019910145,True
0.010267306832975266,False
0.0110327764662121,False
0.014898826101709091,True
0.008545837085450132,False
0.013820334012930657,True
0.008907031700874488,False
0.009282484302251565,False
0.009672195904693346,False
0.010926693803049956,False
0.013820398982999011,True
0.010926732972664112,False
0.01292743413760527,False
0.017295617492384126,True
0.015015046336033806,True
0.01670740316802971,True
0.01026742728827433,False
0.016131220370966332,True
0.013947172333672314,True
0.016707461562702197,True
0.015015122040700785,True
0.018207093577591954,True
0.019180132989718737,True
0.01820711659873175,True
0.018527925575902666,True
0.01190587925838186,False
0.012170514384112084,False
0.011905915636975023,False
0.017295447934137887,True
0.003544096649156506,False
0.006312890474355507,False
0.002050935631882822,False
0.02087332629998951,True
0.020873308484120497,True
0.007548504296042533,False
0.00987323690803372,False
0.007705986516697849,False
0.006678590194145392,False
0.010077041326030711,False
0.009283387287939116,False
0.013821470552011939,True
0.015570210506571766,True
0.016420951580171796,True
0.01882225756612471,True
0.015850791761908622,True
0.016710563282257517,True
0.017298833360374216,True
0.01700322910554124,True
0.017298875592567927,True
0.0022140029255596316,False
0.00821331487564231,False
0.008867527795197366,False
0.01700328388488647,True
0.01109441330727016,False
0.006420582710000168,False
0.004054694240377646,False
0.004054699962788064,False
0.006989416698345493,False
0.00614586648383283,False
0.012513153671990546,False
0.010650062561372853,False
0.01632206766642306,True
0.012513223533438747,False
0.013270642695689257,False
0.01301461778493117,False
0.014060196081321115,True
0.003605602373399072,False
0.001035164398077957,False
0.0009291535875100173,False
0.0018858695333174686,False
0.001600012186557936,False
0.0008959264161845665,False
0.0016000239187661702,False
0.006145973163147714,False
0.006420750250813103,False
0.009804161909602387,False
0.00980413251841993,False
0.011094653509749277,False
0.011094662037766823,False
0.012026257804417287,False
0.0120262781158838,False
0.01460452452415385,True
0.005131819658247301,False
0.014604505642236013,True
0.006989652464924052,False
0.002141210940406662,False
0.005911370513969228,False
0.005296869615326201,False
0.004740209236759511,False
0.005911399042698454,False
0.0050113467985288705,False
0.005070882832674951,False
0.004740225188335836,False
0.0065837135629565665,False
0.008014209733093131,False
0.009124322702503629,False
0.018434446179782623,True
0.014940865251143588,True
0.008133675425717714,False
0.011413870016095925,False
0.007512703678450127,False
0.008133724348563695,False
0.01722173291780932,True
0.0034500253960402893,False
0.01722192894393503,True
0.004127257548611862,False
0.004239088359014603,False
0.0018350679278179992,False
0.0010477668745077471,False
0.0038060682473545085,False
0.009133005356499984,False
0.004881037403645555,False
0.016057474098708047,True
0.006640566565642686,False
0.0048810677580481115,False
0.011881884239921722,False
0.010186229156463925,False
0.013357269740429167,False
0.004881089604260726,False
0.008133960488690088,False
0.006491786989683281,False
0.006491790562471616,False
0.03638215338807312,True
0.003135049223836632,False
0.001985717194782057,False
0.003767756875824139,False
0.012594190353897455,False
0.008136862442668332,False
0.006950413099179235,False
0.005984584108195113,False
0.011673955441372941,False
0.007167151904682133,False
0.013783340554170378,True
0.010868504279923984,False
0.018345320688669724,True
0.010868536438642192,False
0.017132470404336166,True
0.015967871984549135,True
0.01713250300133579,True
0.017132515442574787,True
0.017132497761830925,True
0.015967886947824538,True
0.015967899983522958,True
0.0037678123116760202,False
0.00873841308165836,False
0.016962211167616974,True
0.014680871708356314,True
0.018175323219122488,True
0.01943664417667856,True
0.019436653672321096,True
0.015797468961090348,True
0.01696229776372308,True
0.013612345596572623,False
0.010868659166488454,False
0.017132647201035373,True
0.01596805509671673,True
0.010868677169500046,False
0.0039057267005812336,False
0.017640577373479984,True
0.0055274617445274146,False
0.009287477257146433,False
0.01647074743840376,True
0.006175933826529244,False
0.019494154349710337,True
0.020185642340364993,True
0.01482102703215002,True
0.019807113342919656,True
0.01120264689085867,False
0.0038088081957417404,False
0.004938510301933563,False
0.0013173843370762755,False
0.004938503457154972,False
0.005019776955942805,False
0.0039696310696547684,False
0.006271138804254503,False
0.00585065058965631,False
0.006415704280941711,False
0.006128807323691149,False
0.006415717447331784,False
0.005581334369861869,False
0.005988664002527027,False
0.005581350249897611,False
0.003802780264756388,False
0.004295353276102607,False
0.00230283122143305,False
0.005425552962392569,False
0.0036871069598222823,False
0.017296692792675147,True
0.01411948788742054,True
0.003527368050374485,False
0.0046232363373089405,False
0.003527364133196411,False
0.0037034198889072736,False
0.004623241970786411,False
0.004623236206328021,False
0.00485599621763652,False
0.004856010827665051,False
0.003155133317493147,False
0.002902002969263943,False
0.002715930378582435,False
0.002715929409200607,False
0.003048283080135624,False
0.003048285933543307,False
0.003048277799980445,False
0.0036585948221638446,False
0.0036585934757044684,False
0.003301361911358804,False
0.0036585789501298203,False
0.003301365024892009,False
0.003301001391030684,False
0.003785714099861686,False
0.004337228571492149,False
0.0033009954712612728,False
0.00330100066543982,False
0.003535009506752292,False
0.0034159081870406287,False
0.0037027385577383227,False
0.003702745530949951,False
0.00323463053244153,False
0.0034603351786241204,False
0.003460330028376092,False
0.0030256209336280196,False
0.003025613713856751,False
0.003702725115234518,False
0.003345385619439977,False
0.0022752087949391305,False
0.002576136975084559,False
0.003234608186705078,False
0.003460311379831815,False
0.0033009765178659066,False
0.003190234844499873,False
0.00391731211529377,False
0.003917307356095776,False
0.004193058832727358,False
0.004053088264453344,False
0.004193063093643758,False
0.0033009540253901852,False
0.003917304322653191,False
0.003415884184602063,False
0.003415873960521359,False
0.0036726525525690975,False
0.0028167710426136652,False
0.0044324008294508764,False
0.0034455721991020066,False
0.004866937088101808,False
0.0034774530999974384,False
0.002632814885678619,False
0.0025783572723600072,False
0.002744300199343661,False
0.00381713361773508,False
0.0030815782015938963,False
0.0032639784551852574,False
0.007522108653009009,False
0.004922317147758812,False
0.00520653557649844,False
0.0026311376263470675,False
0.002622941151270804,False
0.002604792375156357,False
0.0026081977097396685,False
0.002830951731577322,False
0.0026482468459546964,False
0.0028309464677379833,False
0.004210258078387785,False
0.004498926109433325,False
0.003935354720032563,False
0.00260817787641841,False
0.00480603494570801,False
0.002721654421666729,False
0.0030152662754533007,False
0.0038171173141127437,False
0.004090472377936463,False
0.003557556002155918,False
0.002393263629459345,False
0.003995242374314979,False
0.003995252181008808,False
0.0038465603482334505,False
0.0033358303267734825,False
0.00333584275165711,False
0.0034509159735081943,False
0.0033358451637941497,False
0.003335857133402138,False
0.003335860645352395,False
0.0027854591129752647,False
0.003227857592096591,False
0.0033119877951707163,False
0.0032278549383833515,False
0.0032278669986755683,False
0.0026525615465688643,False
0.0026525581151521566,False
0.0032278698280641797,False
0.0033120149358364446,False
0.00222481503903654,False
0.0024268624579162957,False
0.002644725519422849,False
0.0037408141611705824,False
0.002685309828189823,False
0.03429883403373863,True
0.0033035133779244644,False
0.014257496833206235,True
0.007089459559965172,False
0.0026697562785937086,False
0.003563143283844991,False
0.007615048888092109,False
0.007499069340232039,False
0.007499065205112128,False
0.004960150991272938,False
0.007499068534300213,False
0.0012965271807034097,False
0.006221879577328253,False
0.0011600552722384762,False
0.0017044522219978712,False
0.0026192406577721546,False
0.0054540524191509215,False
0.005454054845554392,False
0.0030849245819205067,False
0.0035421045108452636,False
0.006277422503367526,False
0.006094219823561059,False
0.008023085102773705,False
0.007294340406130641,False
0.006529971215753309,False
0.0060942521621682195,False
0.007613474811139491,False
0.0072157778925795646,False
0.007816798393791017,False
0.0072943764970028035,False
0.007294728223735169,False
0.008023492228374899,False
0.004053500341981096,False
0.004239087094088519,False
0.004693544416126861,False
0.004462569335957993,False
0.004365882360024797,False
0.0007668776735399331,False
0.0023940289972502822,False
0.00176820486528659,False
0.0017681963965499572,False
0.002394043895167819,False
0.0021610667634353545,False
0.0007433609300396928,False
0.0017350656000597235,False
0.0036914677327231963,False
0.0036914819891528507,False
0.0035398645381557016,False
0.003691493238167833,False
0.003847043093518044,False
0.004176657431368717,False
0.004145651353390984,False
0.004176670056168822,False
0.005363330935429405,False
0.005504482505338864,False
0.0039929262327545,False
0.005849766341179978,False
0.005665698905353479,False
0.012228112647292868,False
0.018616196315575245,True
0.011332826715875184,False
0.0020815137267496814,False
0.002081520554605226,False
0.0026613604016352973,False
0.003984336318878068,False
0.008088234919432762,False
0.003954546436612878,False
0.002949713604280515,False
0.002949703427024597,False
0.0017677601688199835,False
0.0016209289090911212,False
0.002666782862700491,False
0.0033422954137297665,False
0.004200788905948019,False
0.004021507952520028,False
0.08760682768213027,True
0.009794362426669928,False
0.005231704202646308,False
0.00405579719141698,False
0.004055808526048821,False
0.004055811471550592,False
0.004921722525883976,False
0.0053814957037042485,False
0.004921728234832992,False
0.00492173613732138,False
0.0049217485347182715,False
0.005548167913747418,False
0.005853860423270292,False
0.006264427836025287,False
0.005146444586635101,False
0.28309709277002465,True
0.003131088905391088,False
0.005548203646930504,False
0.005548219260504257,False
0.005818021479728662,False
0.004473188760977136,False
0.0035475392691648976,False
0.005231838426889492,False
0.0050783015938802205,False
0.005533210061187754,False
0.0055332294196293545,False
0.003012923905013037,False
0.0030129286257837154,False
0.002447560673663788,False
0.0024202569671384175,False
0.005782869713642536,False
0.003595630988030459,False
0.0033318429682726615,False
0.0046518380970810074,False
0.007995101588607887,False
0.0027960765083320277,False
0.0027845733372015282,False
0.005373698394678419,False
0.004340547449377554,False
0.0034651533664446046,False
0.0027246300759156306,False
0.0028847410291119716,False
0.002332750718717019,False
0.003824894673539899,False
0.0033267995866222175,False
0.0027246354414217733,False
0.0027246348763745316,False
0.0023327774020894254,False
0.005517707106881002,False
0.0025807863685050965,False
0.002709674375449681,False
0.003845930885352628,False
0.0036311969414194343,False
0.0036311885427740484,False
0.003631183487657502,False
0.003631193396775413,False
0.003631177586225674,False
0.0036311619985139793,False
0.0035958522132062054,False
0.003595857639843309,False
0.0037367875509010397,False
0.003595848939818756,False
0.003736773143400426,False
0.0037367720179406544,False
0.0037367736101006498,False
0.0038109302874754407,False
0.0037367517036038926,False
0.003038880687555556,False
0.003519817079230527,False
0.0036725206529435272,False
0.0038553943201930676,False
0.0034607327031048033,False
0.0037131204934994764,False
0.0037829165044912655,False
0.0037131222241389285,False
0.0037131207683607915,False
0.0037407119373503417,False
0.0038553779517446923,False
0.003205188272228717,False
0.0033695093214622294,False
0.0027603541410679165,False
0.0034481423574498527,False
0.0033308929785478593,False
0.0026384987916457728,False
0.0037956813147052115,False
0.003999434691688865,False
0.002696497837352412,False
0.005538434098626814,False
0.011125695481629349,False
0.009420750527979468,False
0.007755027823373251,False
0.007755034446265395,False
0.01032474643038341,False
0.009420782714319892,False
0.011276121893044859,False
0.011276137573526798,False
0.008978213311543488,False
0.008553635554452562,False
0.001657342103618725,False
0.010320600323264541,False
0.004209894765648475,False
0.00470328450162638,False
0.004703291798686745,False
0.00487575968305378,False
0.004703298850748866,False
0.004703294906059702,False
0.004534847387454394,False
0.004703308161410103,False
0.004703310395408518,False
0.004875781611269651,False
0.00505222589882536,False
0.0018121826291101946,False
0.0022646430839475874,False
0.0013222522132022893,False
0.003433319341871371,False
0.00351378720845263,False
0.01294576151896634,False
0.00866982343297453,False
0.008669781367472932,False
0.008294266345674917,False
0.007511787177505939,False
0.01294569548768618,False
0.0043653968283795435,False
0.0043654166178762775,False
0.0038042322859323115,False
0.005020712095969755,False
0.0027532656096517136,False
0.002744847525885312,False
0.0027711483049801693,False
0.00274484044664241,False
0.002484801890471403,False
0.002484806754407554,False
0.0024416033058913375,False
0.0024848145734990682,False
0.0031838348153690366,False
0.0024848121404738585,False
0.0024848162488238955,False
0.0024416157002759187,False
0.00248481561540533,False
0.0024416147234325104,False
0.002484816533029026,False
0.002441609386374772,False
0.0024600066855314795,False
0.002602889541115907,False
0.0026028802796415366,False
0.0028032761241697673,False
0.0026659575407454636,False
0.0026398033715666516,False
0.0024416235613514575,False
0.0054771315217683,False
0.0007117424622258601,False
0.0010332088113769072,False
0.007652089024659121,False
0.0027728667632918327,False
0.002772866895114749,False
0.004107579531735436,False
0.004107574059463359,False
0.004244117842991868,False
0.004244133887598297,False
0.0015764895875600587,False
0.001591995333565212,False
0.002654032239178068,False
0.004347699032339917,False
0.004484715608832621,False
0.004775007781655743,False
0.0047750401662469966,False
0.004891608323785545,False
0.0049212117577290175,False
0.003097635779857042,False
0.0036752513792943525,False
0.0030976468756065754,False
0.003785293039169489,False
0.0036032492212083786,False
0.003427959010048495,False
0.004151538037620732,False
0.004334350244292085,False
0.004693984347995949,False
0.00360402291998358,False
0.0034289262830165396,False
0.0036040392945473664,False
0.003976131143138534,False
0.003976136652006514,False
0.0034289279938245327,False
0.003786737488614697,False
0.002089385007171735,False
0.00268597137632368,False
0.0021871195214402603,False
0.0020192186320638927,False
0.0021871228057088873,False
0.0026859794765675465,False
0.003503712727117668,False
0.0037285608241086586,False
0.0037285479369830467,False
0.0038507419628310627,False
0.0036128684653789034,False
0.003979475828499045,False
0.003318262088650902,False
0.0036347441989465286,False
0.0038507690742415027,False
0.0036128843749563986,False
0.004114771772716599,False
0.003979516750095129,False
0.0038507897578166812,False
0.003850788122902755,False
0.0038507972249346017,False
0.003745709278666712,False
0.0021264898776128115,False
0.002503260576600344,False
0.0021264932530944995,False
0.0012265431524129606,False
0.0012265347076410335,False
0.001181711400506516,False
0.0013745488440420988,False
0.0018837245168539065,False
0.00188372212946489,False
0.0032052967032656352,False
0.002427491621707645,False
0.0018837180197525632,False
0.0025566598130985527,False
0.0019098353878281688,False
0.001410396063502259,False
0.0014104006745893304,False
0.0019098435378284613,False
0.001626165511285098,False
0.0016774728870180388,False
0.0014747859368470907,False
0.002089818896967218,False
0.0034240750122686743,False
0.003424095199888957,False
0.003424113256554983,False
0.0036438998690182588,False
0.0035307445487637395,False
0.003323978294576799,False
0.001609748478346685,False
0.0022528498628066307,False
0.0014819173603333202,False
0.0022528510195016635,False
0.0034241022190163108,False
0.0027061971274112695,False
0.0024334404563759932,False
0.003424107285382286,False
0.0030308752495952726,False
0.0037290105816610492,False
0.0036132838816807468,False
0.0035040907899154513,False
0.0035040773179994124,False
0.0038512645505238163,False
0.003729015094738709,False
0.003851268188723306,False
0.0038512728073936586,False
0.003401414877439768,False
0.003424129369106496,False
0.00332402593134968,False
0.003424127798363949,False
0.0038899187800608905,False
0.0036439769637137418,False
0.0023052497488360575,False
0.001609798278046507,False
0.0016098015690711094,False
0.00258465801321666,False
0.002316519668397581,False
0.0018636131780152842,False
0.00193910260948961,False
0.003873179490208581,False
0.00378231803690764,False
0.0038732102591254093,False
0.003506572694668419,False
0.0038732198718359123,False
0.003454958990213278,False
0.0032590460703378174,False
0.0032590413315696657,False
0.003169831466489923,False
0.003259051395765297,False
0.0038691601625779727,False
0.004127505016646129,False
0.0037967384482501024,False
0.0028753169675212547,False
0.0030746815236630367,False
0.0024011109168397228,False
0.0005759379461537411,False
0.0037467595006512354,False
0.0039195185706132575,False
0.004324879299966925,False
0.004324895761543287,False
0.002332733368523924,False
0.002615192967487933,False
0.0016991298517398579,False
0.003163217598041942,False
0.003915514350569912,False
0.00500577184065158,False
0.005005782679883665,False
0.0029731989221410088,False
0.0050057800904386215,False
0.0048569588680975806,False
0.0025978819892859377,False
0.0017977397207833428,False
0.00242168463640718,False
0.00242168855584398,False
0.003521985396460679,False
0.0033451764631592562,False
0.0021742800767037772,False
0.0031751326284220455,False
0.0035729541072829674,False
0.0036819818459620586,False
0.0039702395998692215,False
0.0032850953666130537,False
0.00386998027852227,False
0.0036157805609470252,False
0.001531254015127175,False
0.0017356976848775835,False
0.004128493923722546,False
0.004324988500684807,False
0.0028306025640627143,False
0.00391962045042839,False
0.0020227800261742672,False
0.003696810858835689,False
0.00369680834954935,False
0.0037835167609106602,False
0.0036968108496481444,False
0.0036596761161875714,False
0.003781789627800311,False
0.003781788379122249,False
0.001800407577579565,False
0.001909542453789693,False
0.0023545781909331204,False
0.0026223825712703816,False
0.003268109465660363,False
0.0032681187741102485,False
0.0036214859990216105,False
0.0028306713975601696,False
0.0028306636927986975,False
0.0029602044209182496,False
0.0049225486044091205,False
0.0032681432415840985,False
0.0031677767172594955,False
0.003175209348777343,False
0.00307704492629432,False
0.06772464452309386,True
0.007923176482164479,False
0.015329855226062976,True
0.002446944040821627,False
0.06866808590799785,True
0.05184704875785094,True
0.03684653291522512,True
0.0033355516517459267,False
0.0015489723278615832,False
0.001797223000710398,False
0.001144195328334786,False
0.0013906485926831354,False
0.0015994146742281663,False
0.0030255851280599566,False
0.003014884219748295,False
0.002917972344913177,False
0.0030364723383310187,False
0.0029179825605498517,False
0.0030149136876304284,False
0.0029179871196836583,False
0.002964735604702564,False
0.003324978810802423,False
0.0032881795088940857,False
0.003298673023663417,False
0.0032848600464075416,False
0.0032907124018292525,False
0.0032881836971741596,False
0.0033249514888858264,False
0.0032842493359410965,False
0.0038290002136255746,False
0.0032912919474733715,False
0.003288173737534928,False
0.0032881799356522697,False
0.003316212877148341,False
0.0034306576462507926,False
0.003310411542447669,False
0.003329263556483622,False
0.003430654187879695,False
0.003485709859695449,False
0.0033292750573378034,False
0.0037844741874915786,False
0.0038982845881403343,False
0.0042893963371938215,False
0.003784453928353234,False
0.004150755754873054,False
0.0037844737016493957,False
0.003898301150386969,False
0.0032978935390130483,False
0.003552870425644144,False
0.003230351760454752,False
0.002198593036267743,False
0.002942583690182987,False
0.0023906147003261713,False
0.0021675232015996686,False
0.0028580384839705293,False
0.03387861685527999,True
0.010409626876963337,False
0.029433412829130482,True
0.0549172050414326,True
0.056918592213962046,True
0.01820170084972291,True
0.027831633857181674,True
0.0024078002642120592,False
0.04680230710967908,True
0.056646479063026396,True
0.0478868705693437,True
0.11287191318431891,True
0.08419825116131385,True
0.07098676635640885,True
0.0025338665922778037,False
0.0028320326902529303,False
0.0028320340712148792,False
0.0035086479253254262,False
0.0025012281512448533,False
0.002626994783671919,False
0.0028320497951995005,False
0.0028320583039981436,False
0.002832051092476484,False
0.00239599840681148,False
0.002396005438016022,False
0.0028320562269649936,False
0.0028320644040112667,False
0.0028320614972138823,False
0.00283208073421631,False
0.004008414586377276,False
0.0026792860316889227,False
0.0028320855613006225,False
0.0016506503686804998,False
0.001307846583185537,False
0.0012302384139715038,False
0.001574655581281816,False
0.002501192564195294,False
0.0026200472658965378,False
0.003950997078791223,False
0.0042441595096345324,False
0.0073974017702074955,False
0.011949932786099194,False
0.0033653228375559547,False
0.003365305817770912,False
0.0017542863320435687,False
0.0047576480554795695,False
0.0017542870845583091,False
0.0017156458560663396,False
0.0017542864094524445,False
0.0035816009981646654,False
0.002826658978553273,False
0.00282665841658929,False
0.00259209630749904,False
0.0026721759683685626,False
0.002637220694977753,False
0.0026372181591768954,False
0.001660124458976411,False
0.0016304949036778167,False
0.0018274658563182007,False
0.0017324917778285865,False
0.0017324907313838243,False
0.0016707000343072498,False
0.0016706981181073958,False
0.0017731793086622886,False
0.0017163563074908319,False
0.0027126587317425057,False
0.0017166729435899727,False
0.002003136307694579,False
0.001714941198990642,False
0.0017740919772273771,False
0.0019435515438246443,False
0.0020031577251286748,False
0.002003455199057131,False
0.0017489438047926197,False
0.0020034560582789383,False
0.0017306466804994421,False
0.0020034447201784573,False
0.0018061958660420658,False
0.0017192522082340876,False
0.001806192438383866,False
0.0020034663669738053,False
0.002003457353895448,False
0.0017192455804132586,False
0.002574132629073897,False
0.0025741428582185004,False
0.0025741463992064732,False
0.002185832460785198,False
0.06624264730923159,True
0.0034924815465050656,False
0.003157872243257336,False
0.003661979573047771,False
0.0027287245078542258,False
0.0038350703715344455,False
0.00350248424596727,False
0.0035024744259964805,False
0.0036619806333333506,False
0.0036619926570144886,False
0.0035024812587125136,False
0.0032152049361412224,False
0.002417269990337098,False
0.003970092960596825,False
0.004666836255320376,False
0.004749032221378821,False
0.004091205107883648,False
0.0036114645531966916,False
0.004666805233173886,False
0.004666808972747796,False
0.004920231057981317,False
0.0047158276686519165,False
0.0036619746922955275,False
0.003661981903738634,False
0.003835054778272229,False
0.003782304434136176,False
0.003782300152381984,False
0.003747520820727973,False
0.0038350512087386704,False
0.0038885243121509435,False
0.0026480436343439212,False
0.0026480425479556515,False
0.0025619172048195788,False
0.0025619159315013115,False
0.00256190016965952,False
0.0027756533879252226,False
0.0027756540929697975,False
0.0029704613992776762,False
0.0032657111357068044,False
0.003543274516851693,False
0.0035432843079676074,False
0.003081138033559034,False
0.002495773079628435,False
0.002969940071040337,False
0.0033311481766944502,False
0.0033993784514784963,False
0.0033993734263915464,False
0.0029425444288506035,False
0.0029894234959740177,False
0.00298941666232225,False
0.0032970731459390167,False
0.002935449053755549,False
0.0034593264693719775,False
0.0034030247064691147,False
0.0032970599689742244,False
0.003297053484974663,False
0.004585873316434084,False
0.0046657853148992295,False
0.004585855419289911,False
0.00483244570022981,False
0.004585848681661701,False
0.004665754360987348,False
0.004220409774269364,False
0.004665758660981122,False
0.002989352867556697,False
0.0031998814648557103,False
0.0029893441284336605,False
0.0029353772139435463,False
0.0029893309457309876,False
0.0032473313778654056,False
0.0019842738177068705,False
0.003162977840344465,False
0.00988403975327326,False
0.0075629830539467886,False
0.004248639917559322,False
0.004833005991654906,False
0.013980126431085755,True
0.013426723187988474,False
0.015714070083374384,True
0.013980141358391452,True
0.016257851174406347,True
0.01625789026869933,True
0.016412392507956765,True
0.013720292842626184,False
0.012829550570509236,False
0.015627231087809425,True
0.015627223920639397,True
0.011972715846278388,False
0.015123061274944703,True
0.016679207610139194,True
0.014315118371658652,True
0.012551073576630779,False
0.012125782742851436,False
0.009554122340317413,False
0.007145519811213852,False
0.008285494507358047,False
0.011301829371777261,False
0.014778515342535615,True
0.013035056662316146,False
0.012170687660675172,False
0.01303506663616869,False
0.013936348877020782,True
0.013936378264339782,True
0.016351002428145266,True
0.016351030793221845,True
0.015357516706077878,True
0.013035148245494507,False
0.01386087624221761,True
0.011301960566853054,False
0.01212591812504739,False
0.008285555924443194,False
0.0048939343626067154,False
0.010002462329351106,False
0.004683860545019025,False
0.013035246222191118,False
0.004082710316108916,False
0.004357817318396792,False
0.005374115856537712,False
0.0050314815362553925,False
0.006194421223684485,False
0.003533017954566601,False
0.002357585410150512,False
0.0028373054974775934,False
0.002741000703813653,False
0.005106762136166236,False
0.013980610730616457,True
0.003457330210806832,False
0.002986532422695733,False
0.004833107133194417,False
0.000560966778633639,False
0.003709766090021322,False
0.002005239046207246,False
0.0005597843307131487,False
0.003540300730890793,False
0.003049339834921575,False
0.0017334369016901146,False
0.004559344803160889,False
0.008571481182590898,False
0.011494043044844107,False
0.008242348430198082,False
0.012830189577120473,False
0.008242364579077269,False
0.015123731313110225,True
0.011974680709768471,False
0.015125280596689777,True
0.010719503399953104,False
0.009026320003865022,False
0.012007981860821684,False
0.012007990181078,False
0.01553662969465685,True
0.013980103877005616,True
0.01537099470451932,True
0.009278058113508316,False
0.015371007443094484,True
0.01537101417656747,True
0.008797979878280229,False
0.009026449877205262,False
0.006150067774737284,False
0.01573465477100956,True
0.006050278626099709,False
0.002771555196503459,False
0.006983155464849518,False
0.006249953989355903,False
0.009376770657524116,False
0.005247231510694307,False
0.005247246642647633,False
0.004384263419008398,False
0.007918826096358331,False
0.009026973419348494,False
0.0027951133337306006,False
0.005247258716133212,False
0.005282253098482292,False
0.004776505093120419,False
0.0017366233200248138,False
0.0013946425286164433,False
0.002786020736809352,False
0.0017366353640910163,False
0.001217900395082033,False
0.0017578938532180697,False
0.002918257792854024,False
0.006945444702235487,False
0.006945462913547592,False
0.009852705520558915,False
0.010080313778238049,False
0.007738781088015797,False
0.00920538282875496,False
0.010348671538570418,False
0.009563021266538149,False
0.0039656708736242096,False
0.009882293218017476,False
0.00600086488012785,False
0.0057304888642618285,False
0.005730481269333975,False
0.003523866515618274,False
0.0035238654863235484,False
0.005216854244315638,False
0.00521685613010482,False
0.004298054544266213,False
0.0028992594878482288,False
0.0029343547758455013,False
0.0029343655672683924,False
0.0018713794979081167,False
0.0029343610556678223,False
0.001871382574325632,False
0.0011839671249678804,False
0.001341770227480375,False
0.0015224462046639717,False
0.0008313803106597742,False
0.0029487755759317726,False
0.007078994560116398,False
0.007079003404690133,False
0.006945879760259875,False
0.006945874211967315,False
0.008542818000876832,False
0.002451893322450026,False
0.003966290219199173,False
0.00897162725441944,False
0.008971640613151824,False
0.006945936081710505,False
0.006945942754385999,False
0.007919759005219929,False
0.003966307207026223,False
0.007096522376909937,False
0.007096518491333658,False
0.008734115016636351,False
0.007096533973767583,False
0.005313357768915503,False
0.007096523986135395,False
0.003955693339913334,False
0.0008638803610831012,False
0.005313356551438097,False
0.003955692086811716,False
0.00916855894984303,False
0.00656248912312079,False
0.003979315242358798,False
0.006924339296007715,False
0.00397930982067278,False
0.005241483270159943,False
0.00913433129113877,False
0.009134338520867173,False
0.007686059368754126,False
0.010239240350005261,False
0.008922315700579253,False
0.006924392736855875,False
0.006988837297147349,False
0.0019492983269969641,False
0.003716986162542901,False
0.0023568936475503793,False
0.0026756710557349754,False
0.0019069283610529462,False
0.0024423033645083543,False
0.0020325126981092954,False
0.0025053009483547426,False
0.0030193102550163894,False
0.003189678427736704,False
0.0030193080792409875,False
0.004077620603159364,False
0.004268771583089147,False
0.004375990378816017,False
0.003952779979363037,False
0.004491457139328209,False
0.004467696669589369,False
0.004615107887994308,False
0.004802013162372697,False
0.0042687746578118696,False
0.004332147620875591,False
0.00448379924560056,False
0.004773333471764959,False
0.0042496858849254086,False
0.004194596360091932,False
0.00430782569458008,False
0.004251350446995634,False
0.004251342918639067,False
0.004251340718493784,False
0.0022174941977400916,False
0.0022300108985801627,False
0.001670695444622974,False
0.003633107413109814,False
0.001777356447312486,False
0.0026812336502043733,False
0.0029257789199570784,False
0.0015329871968621674,False
0.011467096274454702,False
0.004708922429250092,False
0.005200722035129909,False
0.006058271056562946,False
0.0057617300863341565,False
0.005475884941571211,False
0.0066834121794070575,False
0.001881323343497728,False
0.0023638883727956847,False
0.0018813273518282635,False
0.0023638888617022705,False
0.0018813380512865366,False
0.0026397831350216338,False
0.0056401794940234996,False
0.006917213635153403,False
0.007450427775029668,False
0.007634743649980537,False
0.007450450727549532,False
0.006917251543567192,False
0.007634764838464126,False
0.006917244592709004,False
0.007634772536246335,False
0.0023639146586761244,False
0.002363914910610532,False
0.0023639160810956894,False
0.0023639207310488138,False
0.0023639355041586846,False
0.0023639323472382954,False
0.0017440023200511765,False
0.004156507682633079,False
0.0039040623594733532,False
0.0032261471465310125,False
0.004156515474558362,False
0.0017440096816117897,False
0.003438879391226565,False
0.004980373862078158,False
0.004229399862045874,False
0.0049803876122305624,False
0.005391612149293018,False
0.003728395246453912,False
0.003400882928808651,False
0.0035732546111122095,False
0.003573246424741028,False
0.001744008461178267,False
0.0017440116692236031,False
0.001702916004898756,False
0.006598530618756906,False
0.006598520783494655,False
0.004129821298150106,False
0.001408455152341696,False
0.0022404137790733186,False
0.0013093585080943594,False
0.0022404188589034355,False
0.0013093700908105063,False
0.001264916756562823,False
0.0022404270756735956,False
0.0020864115240149454,False
0.0035736891262728035,False
0.0034244548083180388,False
0.003728856468887932,False
0.0017120053032261807,False
0.0022846928565178905,False
0.0069276793857584035,False
0.00692768500718023,False
0.005960098449002519,False
0.0043149775715112535,False
0.002364234990131207,False
0.0023642386373300918,False
0.004392409653714589,False
0.0030165864884318214,False
0.0023642465730926024,False
0.005368768972969096,False
0.0043149768350093385,False
0.007991958841731256,False
0.00799197138789743,False
0.0076846688256737,False
0.0023642525747470536,False
0.0043924391601596275,False
0.0038808515073695308,False
0.002364266948283541,False
0.0023642636697649264,False
0.0015315630058853947,False
0.007630554901516162,False
0.007133897032443584,False
0.0053313271689215316,False
0.008037124363428266,False
0.003860309641858449,False
0.008245690109406656,False
0.008037134887856127,False
0.006318594604390269,False
0.002017991429169606,False
0.003672310039245052,False
0.004513122393134829,False
0.004461984494693085,False
0.004411357559869195,False
0.0037350695983976454,False
0.003694206092818442,False
0.0036538267042971885,False
0.00361385271482792,False
0.0035743631643044243,False
0.0035353245229409786,False
0.0062583489736573435,False
0.0056484266810830465,False
0.005783580401437125,False
0.005990517399357,False
0.006168025374118417,False
0.0063498004551022945,False
0.0065359065157155755,False
0.006726300882782116,False
0.004260679049411039,False
0.0036740000965473007,False
0.0031697064150879766,False
0.0027477745860887484,False
0.0024082117333927354,False
0.0022275941171640465,False
0.001976201513850778,False
0.0019761882203159463,False
0.0034838714716592827,False
0.007324774310023519,False
0.005209709603371322,False
0.006559762470156926,False
0.005850708489924444,False
0.0025846122507208586,False
0.005209735797539514,False
0.005060269713319229,False
0.0036022802417357315,False
0.0037569237468299053,False
0.005068128161665431,False
0.00390503691714838,False
0.0028411655863653214,False
0.006599476224137671,False
0.0014434125700756638,False
0.0021576348964564623,False
0.0035876774754920663,False
0.0019578171360775383,False
0.0064158021004563975,False
0.0029725417617399138,False
0.0065803312795650725,False
0.005642565128152385,False
0.00398342671991391,False
0.003600703871411762,False
0.007072517087091977,False
0.0036073539072007813,False
0.0013122337478555842,False
0.004219835791856416,False
0.0033904051498591862,False
0.002706882283729795,False
0.004461889619420066,False
0.002204221172472384,False
0.0036742834315790242,False
0.002802888653947588,False
0.002292377821989942,False
0.0070728971083568615,False
0.0022435538167429256,False
0.0021103235867358204,False
0.005650077762432111,False
0.002142822137978683,False
0.00328422566353165,False
0.002882323315063456,False
0.002316510871003066,False
0.004524135185044401,False
0.0072757773832628,False
0.0025062739925426187,False
0.0014613619374521487,False
0.0011906475365174637,False
0.0020844942611497014,False
0.0014683968391208276,False
0.005618060756275825,False
0.0045133747439831395,False
0.0036763709633542215,False
0.011545673035662545,False
0.008500275927820062,False
0.01107548780931411,False
0.009611976423427504,False
0.00961197353756133,False
0.01016343033521728,False
0.010163413076481552,False
0.0036902861822062385,False
0.005489452334681114,False
0.0031257547647529924,False
0.009928192961990689,False
0.010163454793873572,False
0.010163466133966542,False
0.010163473989786898,False
0.008382437203961703,False
0.005813502851821213,False
0.0018841355206206081,False
0.001992194153650045,False
0.005708490385209958,False
0.004108598580423409,False
0.0104199369880874,False
0.0018841476663000833,False
0.00554620698145904,False
0.0042998395471368885,False
0.002113457955446641,False
0.0023239121838178403,False
0.0042998496932978745,False
0.0037964494157242392,False
0.0018251041452653515,False
0.00199221198960944,False
0.004921876687623473,False
0.0021576398297968673,False
0.003393004682694056,False
0.00696704903392608,False
0.004595838514297394,False
0.0029707037028151354,False
0.0014023022605963258,False
0.0011103846828124252,False
0.0016803142103740093,False
0.0014023029385187072,False
0.0019264913827372596,False
0.002796710470234245,False
0.002228193264829439,False
0.002941395619333077,False
0.0020155516845700777,False
0.002486822780165584,False
0.002015544808905072,False
0.0016199147980256862,False
0.0016852766112265222,False
0.002015550906549294,False
0.00248682874270802,False
0.004033856228839787,False
0.0010235026274811499,False
0.0013026830791840569,False
0.005284322105717496,False
0.0009729244308486304,False
0.001401515624949992,False
0.004908523996324516,False
0.00678026538858,False
0.0009213642979153712,False
0.0008794825157490863,False
0.025275208808256212,True
0.0040368347748250474,False
0.02120765921655374,True
0.005583849804152869,False
0.002802603864326699,False
0.008685746885656402,False
0.004039227349626892,False
0.002823891287976273,False
0.0022903600645222616,False
0.002919608231455025,False
0.0008821668488848828,False
0.0016821140723222484,False
0.001097519173381141,False
0.0055853846158883625,False
0.0011515090598741586,False
0.0016045545816156493,False
0.002043591414463758,False
0.0008796560256289152,False
0.002043574909217306,False
0.0008796592961772565,False
0.006846356388046799,False
0.0015148249064498433,False
0.6191910264690605,True
0.619190673013093,True
0.5982645873158253,True
0.5982649909492529,True
0.5982646793446726,True
0.5573187676739545,True
0.5982649377589825,True
0.5573187294876804,True
0.012196522272117644,False
0.0010675778587833319,False
0.7359327398223531,True
0.7984192598365839,True
0.7768101967559042,True
0.8419846732349484,True
0.9098232806597499,True
0.22912929339515667,True
0.06048030907098897,True
1.2515885456938918,True
2.3331260718639126,True
0.9758430849296451,True
0.003938901352581998,False
0.004601565500083825,False
0.005225813125555872,False
0.011710362528689752,False
0.01235229628576889,False
0.011398213567657326,False
0.008674521267734728,False
0.011398222188477794,False
0.008039523391172549,False
0.011398277410956625,False
0.010207867260991463,False
0.011398292763346862,False
0.01235237117509093,False
0.005789641735862007,False
0.009147134090110262,False
0.00914716367800999,False
0.008379062222591046,False
0.008379068957970345,False
0.009147190881378716,False
0.009147195744530212,False
0.010726511712347345,False
0.004852262301018105,False
0.008091967442362933,False
0.0066140097651378685,False
0.004051382477769055,False
0.02128477385799622,True
0.011946623811560465,False
0.005983140634549464,False
0.006947823785330603,False
0.00823763383200173,False
0.007125703698572535,False
0.003499235795336278,False
0.1976723388375907,True
0.008065440563955839,False
0.006235592576528289,False
0.013476514147487009,False
0.00938580793358102,False
0.011837090011391398,False
0.012910569681529668,False
0.009772703424395382,False
0.009772697517849567,False
0.009577004716179111,False
0.008840067047192725,False
0.0041566580782244605,False
0.010146502286251056,False
0.010546546389804309,False
0.010146509253746406,False
0.012698254625490088,False
0.006132930902302154,False
0.007872637924335096,False
0.007319549756410463,False
0.008335709041094168,False
0.009772827991830097,False
0.010178053032808878,False
0.008335741364333613,False
0.01157046417359932,False
0.010045608135514127,False
0.004595857998395715,False
0.00613298506798996,False
0.010146557517123919,False
0.005864089330685988,False
0.007309388223029438,False
0.006132974070346825,False
0.0024216509605232647,False
0.005983172525796347,False
0.008668622803530935,False
0.00638962222593392,False
0.0071954676754703495,False
0.0026831685009017646,False
0.004181127287832859,False
0.0026831865620089005,False
0.0026831829062289162,False
0.0026624635688410015,False
0.007311073663093637,False
0.008335993465279684,False
0.009386746646610667,False
0.007192431106142527,False
0.008336008199482764,False
0.020140418303944897,True
0.012575788232381804,False
0.016866941944383113,True
0.019314754007568432,True
0.014632734084848371,True
0.017461497720542275,True
0.014099962345569218,True
0.011621443994275489,False
0.009325432187203811,False
0.018106865693511314,True
0.017421415245490825,True
0.01810688993158985,True
0.02388914224295276,True
0.011621441628622884,False
0.004453533732741543,False
0.00905509645014331,False
0.01071655299861972,False
0.010716577056419352,False
0.02520897862997484,True
0.02105014856136609,True
0.015281635778924264,True
0.015281626594596049,True
0.006704718433351392,False
0.01630064284930632,True
0.011608081322635194,False
0.003247917290983058,False
0.003164053463853137,False
0.009373974918699767,False
0.009787399093997323,False
0.004581656380055625,False
0.011608150638475803,False
0.018375904049406193,True
0.020148087602050165,True
0.018375907384004315,True
0.01927191140937245,True
0.018375931712895668,True
0.002528261300311943,False
0.006117173925077177,False
0.009169543196733219,False
0.010807201448666327,False
0.006117152147080467,False
0.013966314391995771,True
0.008842743183544962,False
0.011103025369272962,False
0.013966317151287088,True
0.016171641840674343,True
0.012952599218362634,False
0.013452054872684967,False
0.002362653281448876,False
0.0037591356140162144,False
0.004909571070091728,False
0.006619731641761705,False
0.00976188864525654,False
0.009761888433056651,False
0.0027598140124420654,False
0.0027598208195522135,False
0.004395891795735996,False
0.004105388424693735,False
0.004105400837317526,False
0.0032347851113506527,False
0.0032848573664000084,False
0.0064819097625762375,False
0.00648191200729116,False
0.005886552347714778,False
0.004976749070794386,False
0.004123757064569204,False
0.00926758558436798,False
0.003131382415061813,False
0.003935455815730887,False
0.004106901492227417,False
0.006483498674117094,False
0.0023130363278670444,False
0.0036378095170235074,False
0.0073846648309971495,False
0.0038832201132480517,False
0.007378341801750206,False
0.007809847750440903,False
0.007809833586357777,False
0.0036234411708398334,False
0.005074863145915382,False
0.008080675618465042,False
0.005154847151987586,False
