ReconstructionError,Anomaly
0.0007169173571025776,False
0.00021560689519609292,False
0.000210629737596353,False
0.0004503161683907845,False
0.00020417108684332835,False
0.0007979223317831671,False
0.0005909982654901917,False
0.00023833662232925314,False
0.0005414912332519011,False
0.0005583782005630473,False
0.0007378686966583148,False
0.0006210897350831901,False
0.0007574242010278107,False
0.0005259735584321359,False
0.00021482789882647986,False
0.0005218560786380954,False
0.0005928128564335496,False
0.0003283790807614384,False
0.0013287214436307141,False
0.0009812110064843112,False
0.0006414994565642435,False
0.0003997438018879888,False
0.0005857142003793539,False
0.0003153997786425171,False
0.00090942967068202,False
0.0010598352726555104,False
0.0020144333113228836,True
0.00160967330203535,True
0.000588971187431529,False
0.0006114086285956044,False
0.00031211171780049586,False
0.0005432665520292285,False
0.000458273076537161,False
0.0020144157335837934,True
0.000590217816960124,False
0.0006133591085183173,False
0.0006221191541010882,False
0.0002457319562036719,False
0.0004947178087840809,False
0.0002106604486975721,False
0.0010581769990655274,False
0.0005521823930521052,False
0.0009923633139406324,False
0.0004070743746845051,False
0.0011466118305577604,False
0.0001620745681139903,False
0.00031035140682970333,False
0.0007410846567877732,False
0.0006907639471647288,False
0.0008841783224463371,False
0.0012714557301226506,False
0.00031035429730420864,False
0.00031035596280316934,False
0.0002501988589427587,False
0.0003213829568124827,False
0.0002969808295387326,False
0.0002362082433831691,False
0.0002803009795237125,False
0.0002417076046998422,False
0.00022334487228755723,False
0.00024979431221724903,False
0.0007330358935141336,False
0.002040992627068712,True
0.00021769543266934768,False
0.0006579250058600392,False
0.00048550308190042115,False
0.001789793355985493,True
0.0002766615780947937,False
0.000774370296270763,False
0.00017985389857786573,False
0.0008325335987835012,False
0.0006373505997330761,False
0.0002621624601806563,False
0.004382593267574332,True
0.00023145333803855728,False
0.0009116695821704928,False
0.0002801185441240758,False
0.0002699155683708656,False
0.0004977783331729775,False
0.00031432721507731586,False
0.00027596412932964467,False
0.0005771163565058571,False
0.0005984269549166159,False
0.00020759315463528998,False
0.0006227833682378501,False
0.0006134343417505158,False
0.00019023178159657844,False
0.0005242494886302687,False
0.00023374509658125964,False
0.0006449543400608422,False
0.00047931616916404717,False
0.00023374828968649017,False
0.0006214071178556012,False
0.0002723306877915444,False
0.00027233383636166724,False
0.0005242608680323455,False
0.0001148225948384243,False
0.0008316282559781135,False
0.00048151261241058586,False
0.00037631189437555826,False
0.000443569725000982,False
0.0006885093104987436,False
0.0004587000781230069,False
0.001106974616091515,False
0.0001474036854497672,False
0.00034412694103519307,False
0.00016592034444444672,False
0.00034121000405547264,False
0.00015677675290523842,False
0.0005615366791316474,False
0.0003441323588411363,False
0.00016581134137971763,False
0.0003500808989585802,False
0.00029515726383755645,False
0.0004940957068980079,False
0.0004849275796850901,False
0.001155626792936468,False
0.0006917394144725733,False
0.00015853932852253353,False
0.00015915965739379418,False
0.00015548452604023842,False
0.00028084514277094464,False
0.00021033526802723254,False
0.0001786418259969872,False
0.00015710600758315623,False
0.00015823476420282503,False
0.0001616896955777167,False
0.0001622136745274534,False
0.00015864887999267097,False
0.0001625088541438926,False
0.00016495803951561391,False
0.00017065874542225964,False
0.0005067061499065211,False
0.0005275661659956136,False
0.0005263392012584724,False
0.0005098078281166416,False
0.0005098046006973432,False
0.0005107090263502587,False
0.000474343880267656,False
0.000167176885948861,False
0.00015806961680680788,False
0.0005626463776818245,False
0.00047434872830843773,False
0.0005107163787911556,False
0.00016717586425503032,False
0.00017405336431760838,False
0.00016495961579774144,False
0.0003844711109854298,False
0.00037473276134437656,False
0.00016693896139561017,False
0.00016648801261869923,False
0.00016626573462982764,False
0.0006532907469658888,False
0.00048204682602515396,False
0.0001915998012913645,False
0.00018045674931393513,False
0.0007093187798291961,False
0.0005005630898434033,False
0.00011098433104468551,False
0.0010005842026672594,False
0.00016873902163742308,False
0.00015383642514422475,False
0.0001428771194204977,False
0.00024338582785727263,False
0.0003410827902404286,False
0.0002632145666242818,False
0.0002631725236827098,False
0.0002632260758867556,False
0.00034103133723093046,False
0.00046092055707036713,False
0.00037732994835472703,False
0.0030097667298478368,True
0.000269860122501163,False
0.0002388055553421561,False
0.0015115899953900697,True
0.002829842394392657,True
0.005253210751844141,True
0.008535372744410677,True
0.002851479837127447,True
0.0002902498607722047,False
0.0029710197848267592,True
0.0028875910321023743,True
0.009149793708509666,True
0.005197166897537422,True
0.0025432376864568573,True
0.0004113128714208744,False
0.0014853909821107509,False
0.0020291641724209494,True
0.001849465604103955,True
0.0001606130132957774,False
0.0015561747812353477,True
0.0095074555984391,True
0.00950748690944567,True
0.00950747060835504,True
0.0004367886829804696,False
0.00019210430351193657,False
0.00042024209191081157,False
0.00023762175185571425,False
0.00041493902533264,False
0.0003842124908795919,False
0.008740333107832858,True
0.0014378356070152132,False
0.00019577594496599413,False
0.00812408954513187,True
0.002931615499911857,True
0.0026894214235838937,True
0.0005614337382300586,False
0.008219363910698465,True
0.000193811422835881,False
0.00029042049158013044,False
0.0005066658360585261,False
0.0005617694970323294,False
0.003138293905696164,True
0.0031382834833060804,True
0.0008029168689374848,False
0.0003400835220369269,False
0.0001497984110596407,False
0.0003199681027077729,False
0.0003155749737036307,False
0.0001357616326309362,False
0.0004156769075065442,False
0.0003304386271921367,False
0.0001578165623656913,False
0.00037731515477210553,False
0.00038003349289046266,False
0.0005955247311010292,False
0.0005507289356260278,False
0.0005059802725384029,False
0.0005769216025239616,False
0.0012670757335543042,False
0.0006459681226476856,False
0.0004766361854101623,False
0.00039389766983801246,False
0.00011437373720154862,False
0.00014971353060178852,False
0.0008206222652905322,False
0.00045251610716656406,False
0.00040647447188918255,False
0.0006126743395021315,False
0.0003604685221075068,False
0.0008396639668091465,False
0.0005938968266598098,False
0.0007238032922117152,False
0.00019475498138876233,False
0.00013354807224752485,False
0.00032627316315830124,False
0.00032627099501439296,False
0.00013354821334119756,False
0.00024446058105893095,False
0.0004086427027077892,False
0.00059388270210302,False
0.003527665803280184,True
0.00047793133339265367,False
0.0004779852931845759,False
0.001409404602835277,False
0.0004730566681967945,False
0.0004730596994452507,False
0.000473062878669315,False
0.00047306070111176253,False
0.00048477846682458257,False
0.00037100574492981124,False
0.00030761714469727846,False
0.0001906734467234286,False
0.0004907380815786851,False
0.0006205084693302771,False
0.0012280873587650729,False
0.00020396169950562834,False
0.00024723978545094046,False
0.00024534920351730973,False
0.00018281694359023062,False
0.00076385718034737,False
0.0006069841920839776,False
0.00039276916527629765,False
0.0008113919489404484,False
0.0005046812258255956,False
0.0001976893399171344,False
0.0002886991700830111,False
0.00037918836418431473,False
0.0003092146530766255,False
0.007666241908900691,True
0.00010222659565453082,False
0.00012865166928013267,False
0.00014604582768544105,False
0.000911541910107918,False
0.00027516918179514737,False
0.0002228442124077744,False
0.0001523724418943075,False
0.00013835694068007644,False
0.00012127476421853962,False
0.00021088942943751882,False
0.0002215101064486288,False
0.0005501564096011166,False
0.00022313447653094794,False
0.0005501622472803558,False
0.00024957563633931277,False
0.00019431398836189644,False
0.000376290787231907,False
0.000376290547772197,False
0.0001772715984544223,False
0.00013485758122867248,False
0.00021038147423024968,False
0.0001736171751277695,False
0.00024657098471907136,False
0.00016551856702467274,False
0.00021115254903899172,False
0.0004733312442654011,False
0.001122982641595429,False
0.0002465695897413196,False
0.0002703734750035783,False
0.00020232722560569252,False
0.00014072198600216607,False
0.00019901455273291002,False
0.0001800638359816656,False
0.00017861318963145086,False
0.0005412269005332854,False
0.00013484847996915366,False
0.00015528667077786417,False
6.0304422485342945e-05,False
0.008844031492544256,True
0.0001597892119158145,False
0.00015852167788673525,False
0.00017118210214526154,False
6.092019208408004e-05,False
0.00022847490336914283,False
0.0003447583045615516,False
0.00021103307992798747,False
0.0002675944742867367,False
0.0009260633172331119,False
0.0003010173619664854,False
0.00032883851092455193,False
0.0005633406759839116,False
0.0005715342209860663,False
0.0008885728485963767,False
0.0008732095436230888,False
0.0001189397338038408,False
0.00014897526020174576,False
9.763510893054495e-05,False
0.00015396949414224793,False
0.00013240217848991252,False
9.593640757346558e-05,False
0.00015390645525922115,False
0.00026413960618057984,False
0.0001607585529828578,False
0.0008882968897048518,False
0.00016243174982509258,False
0.00012993558730403117,False
0.000169229122373219,False
0.00013565848373110363,False
6.418936211911771e-05,False
0.00011267930049057591,False
9.273218385432822e-05,False
0.00012411148638541105,False
0.00013165338427901372,False
0.00010252828310148977,False
9.001682314955258e-05,False
0.00010255873520798488,False
0.00013818543952872085,False
0.00011219566453409987,False
0.00011722005750243529,False
0.00023270917495057594,False
0.00022828615301511237,False
0.0001466978349561458,False
0.00011165748921999912,False
0.0001402490772828098,False
0.0002591767536986068,False
0.00012410554826560908,False
0.00016124217484977553,False
0.00018845638476852765,False
0.00013673765464446163,False
0.0001612425540169483,False
0.00012410098843398818,False
0.00011442746837319242,False
0.00014020192563441507,False
0.00015314912449576598,False
0.00014205586221733527,False
0.00012988228581710824,False
0.00013080554998449326,False
0.00014020241086038965,False
0.00011956880865904193,False
0.00014205304380381767,False
0.00020260322719342167,False
0.00010508056911178078,False
0.00010063788144891935,False
0.00014020225936503907,False
0.00015314766455263914,False
0.0002507051115704166,False
0.0001607040340610591,False
0.00010063666203488547,False
0.00011164734450172769,False
0.00016123872063399553,False
0.00014650283338318518,False
0.00010063502760763155,False
0.00023268872958684755,False
0.00026376972254236704,False
0.00014204665874109471,False
0.00015639882650810932,False
0.0001228529226890079,False
0.00012620581883598234,False
0.00010063247856856312,False
0.00019129982444457164,False
0.00016123646692326138,False
0.00016123565130659318,False
0.00011164044753759945,False
0.00017397571664907674,False
0.00018241028194046445,False
0.0002847719127236461,False
0.00043754266019015023,False
0.000437539114757777,False
8.321724134370816e-05,False
0.0001761009056251988,False
0.00020877563206326335,False
0.00024113578287429703,False
0.0002627421325471812,False
0.00025508499667091115,False
0.00011748195664144039,False
0.0002180259690832125,False
0.00024498382195267736,False
5.746262856484967e-05,False
3.757957218850039e-05,False
8.635192699061258e-05,False
5.5946142984547755e-05,False
0.0001400579209624971,False
0.0005273000205783529,False
7.346515437121418e-05,False
0.00023771282172180887,False
0.000723598882028855,False
9.95150738760347e-05,False
7.276976182627378e-05,False
4.093775795111168e-05,False
0.00021927043338023462,False
3.5924487615425126e-05,False
0.00026519665243358826,False
8.478590698671925e-05,False
3.590018125781325e-05,False
0.0002803608109389111,False
8.478723119943312e-05,False
8.478678329454947e-05,False
6.535930592744343e-05,False
6.11484603374753e-05,False
0.0001555620092831646,False
0.00016013046004970764,False
8.00794466504069e-05,False
0.00020015853534165485,False
3.589903842391572e-05,False
0.00019876294915635118,False
3.406346975819158e-05,False
0.0002818550589443534,False
8.478314823596691e-05,False
3.436869449862077e-05,False
0.00025904500481914265,False
7.274478718056556e-05,False
0.00024665553421936257,False
8.007872718324546e-05,False
0.000200154977912876,False
4.342212784986576e-05,False
3.589587715634051e-05,False
0.0005458221129824607,False
0.0006742475410488975,False
0.0001273125209297866,False
4.521685535141833e-05,False
0.0002868046509059441,False
0.00043274669807045335,False
0.00046643960944106437,False
3.848133021311712e-05,False
4.2062820252477666e-05,False
0.00012237338668847592,False
9.575162257746096e-05,False
4.521977895718228e-05,False
0.0004664382029858096,False
0.00012237047447715362,False
0.00046644272628791736,False
0.00023722098934616208,False
0.0002372246205170578,False
0.0005458155949814576,False
7.940953542878448e-05,False
0.0002966455645501195,False
0.00010330018854184023,False
0.00595921464977776,True
0.0007087974134068731,False
5.8498300928984776e-05,False
0.0007087135635397754,False
0.0011133181260473946,False
0.0006518163673348911,False
0.00010732678960676876,False
0.00010732481212150075,False
0.002034347605163373,True
6.611858814291622e-05,False
0.0003737388382266458,False
0.00038806626068552244,False
0.00010322998742672194,False
0.0020343453608688365,True
0.0020343530636061664,True
0.0007087124253701484,False
0.0020343616927792026,True
0.00010731974638768821,False
0.002034354909967009,True
0.0020343644341860347,True
0.0004706118927309182,False
0.00010511178000152411,False
0.001209769200490902,False
9.32500843713224e-05,False
9.325011642606873e-05,False
0.00010322315443354687,False
0.000392031094023003,False
0.002105768358925575,True
0.0007736048534290203,False
0.0002311303544649354,False
0.0008059745850194195,False
0.0021199531847263054,True
0.0007777147346423855,False
0.006258749877238417,True
0.00024338015765689396,False
0.0005422906927546138,False
0.0021902243647003525,True
0.00022890314321185289,False
0.00023415085986316084,False
0.00014362749291479726,False
0.0004755521977857959,False
0.0002183342100897087,False
0.00013083353574511536,False
0.00014362724912882568,False
0.00023414803496735155,False
0.0005125894548010155,False
0.000805964389605457,False
0.0008059662565560719,False
0.00013801541713159347,False
0.00013801267042372632,False
6.454367665565961e-05,False
5.140867456760773e-05,False
0.00033624676683858027,False
5.795860912102074e-05,False
0.0004385064122119362,False
0.00011218400917311855,False
0.00038192679272219956,False
0.00034934836283169826,False
0.00011218374515754833,False
0.00014148028191809573,False
0.0004905872327646368,False
0.00034926157604966783,False
0.00011218504603223821,False
0.0001982279852118941,False
0.0001982297029490383,False
5.101452604209015e-05,False
5.101391790966486e-05,False
7.58395998960586e-05,False
0.0002688498792073839,False
7.65191772367348e-05,False
0.00022824296279008407,False
0.00025122462631263823,False
0.00023279410122241755,False
0.00021681536710316054,False
0.0004828641598818935,False
5.8123842781055913e-05,False
0.00022953321599744955,False
0.00022427102802113582,False
0.00010592347263103097,False
9.011989442178873e-05,False
4.439381764629314e-05,False
0.0002797682140549614,False
0.00027765897576907987,False
8.603399139046786e-05,False
0.0004422367259056397,False
0.00022711513781767146,False
0.0001666492694798064,False
0.00017336804840743992,False
7.955574890257231e-05,False
0.0006023168908672187,False
0.0001965230610236336,False
0.00020755360665132677,False
0.000238622553472903,False
0.00023616364480304064,False
0.00023314093278664646,False
0.00023136610827377834,False
0.0001593466034778552,False
0.00014740094338523243,False
0.00022765546774067307,False
0.00010830639130146973,False
0.00011723077437750772,False
0.00016429497533702864,False
0.00018694785209518377,False
0.0002868823098255031,False
0.0002906480717305692,False
0.00025476650664610134,False
0.0001382301821085957,False
0.0003660424561847787,False
0.0017844899452206147,True
0.0011335209208866365,False
0.0001436556945336872,False
0.00010024749129039043,False
0.00031539784276753905,False
0.00028815364903266163,False
0.0003159182719100449,False
7.209578432237561e-05,False
7.20957022541251e-05,False
0.0002879905290920863,False
0.00033641224515435506,False
0.00012587219380051051,False
0.0002885739576637394,False
0.00028857126301501726,False
0.0002002020863265041,False
0.0002881486286428427,False
6.818074739051847e-05,False
0.00018226444964260282,False
0.00042420503481777413,False
0.0011180989169847146,False
0.0008716141276194215,False
0.00022634611204005116,False
0.00011194124215759903,False
0.0003471565498705116,False
0.00034469485750265286,False
0.0007373917046603005,False
0.0003228576713251866,False
0.0025538092450629506,True
0.0003403370599582994,False
0.0003228563945660238,False
0.0003228494532698862,False
0.0004048895380511878,False
0.0010756989782895528,False
0.0009859936263591853,False
0.0007725847367858848,False
0.001309895021762993,False
0.00035254399752589053,False
0.0010312781012685353,False
0.00030596351435677107,False
0.0010762661610565628,False
0.0007724986922297932,False
0.0006340593329752029,False
0.00010849331404102851,False
0.00016945208850803356,False
0.00030914270055004976,False
0.000563981367954691,False
0.00038429629500670896,False
0.0009226077485971589,False
0.00011639278564752633,False
0.00024238403209100748,False
0.0001042794180826199,False
0.0009226190456985902,False
0.00012060733386431814,False
0.000115913751045657,False
0.0005181316424539997,False
0.00011590865888110524,False
0.00012073374372824396,False
0.0005181408666450428,False
0.0003914403931224652,False
0.0002533701524403591,False
0.00028551057469118423,False
0.002134574093978153,True
0.002507649765435868,True
0.0002772887308467632,False
0.0002815489827269667,False
0.00023595187972237067,False
0.00034572606687439353,False
0.000667912901361694,False
0.0006633717423311016,False
0.0006593305319232349,False
0.0002551574249450582,False
0.0002908589871676758,False
0.0006902670860325752,False
0.00017145667817687933,False
0.0001470839023340903,False
0.0004362374324042037,False
7.44746229398635e-05,False
0.00013159371368303015,False
2.8886266650307423e-05,False
3.362919792472981e-05,False
0.0003205042621751942,False
7.802869368171857e-05,False
0.00015237672930077116,False
0.0002912006406083183,False
8.429991128628101e-05,False
8.122079845955168e-05,False
0.0002628359676202722,False
0.00045566665875551257,False
0.00020862463782769734,False
7.80276642124667e-05,False
0.0012599022292372848,False
0.000426038781976551,False
0.000901940600744571,False
2.5992158036271005e-05,False
0.000891634146205382,False
0.0005659784122312769,False
0.0009019319311000871,False
4.789519007592986e-05,False
7.429598839916872e-05,False
0.0007587538423826415,False
0.00045563869001650624,False
9.359763298627004e-05,False
0.0001289689767590969,False
1.9469267664384776e-05,False
0.00042913885314839386,False
1.9469098854218898e-05,False
9.789911756583927e-05,False
9.78994117367255e-05,False
0.00020402058753020476,False
0.0002021802655958499,False
0.00035297027023509036,False
0.00035973829386347925,False
0.0001966250229074552,False
0.00021102287256701655,False
0.00021600325398103256,False
0.0002136459002725234,False
0.0007310846866064389,False
8.559756321248376e-05,False
0.00016637365001350964,False
0.00019030205045687148,False
0.0004606336420225992,False
0.00011538294443772962,False
0.0009044525616096583,False
0.0007247984089610542,False
0.0009696374258186464,False
0.0004116249890127516,False
0.00016601406472657563,False
0.00028492442501224077,False
0.0003279628831905732,False
0.0005995036990045193,False
0.00028975798626455394,False
0.00018962110077051612,False
0.0003052580132676955,False
0.00036001672804722245,False
0.00018061719469955237,False
0.0010885831876362208,False
0.000534302635438531,False
0.00033269099751412183,False
0.00033269182589304897,False
0.0009331004568213308,False
0.0009094355252271862,False
0.00018060944357780375,False
0.0003191426147871067,False
0.00027297815974821715,False
0.00047184800856177865,False
0.0010144536389886465,False
0.0001153858577117405,False
0.00020439133484238556,False
0.0004284462489434126,False
0.0003175080691428414,False
0.00021622375058212318,False
0.0005260539164627161,False
0.0002849143032102629,False
0.00028940224157770117,False
0.0002231031080600849,False
0.0001813251665215191,False
0.00047183870886765504,False
0.0002517753838818974,False
0.00018127171901415675,False
0.00018186527360083184,False
0.00042641398053636786,False
0.00041215337471405976,False
0.0006583489252879239,False
0.0007258962690800596,False
0.0002072927694444153,False
0.0003421956605720544,False
0.0006688126314184131,False
0.000340334009348811,False
4.516553173618989e-05,False
5.5394995492532414e-05,False
0.0003324193836950807,False
0.00014106799158973083,False
7.475977135010974e-05,False
8.878536358863995e-05,False
6.969939564446436e-05,False
5.829941241486544e-05,False
5.458911353379234e-05,False
5.688554286848265e-05,False
5.6885742488658753e-05,False
5.6886164374303906e-05,False
5.6885575671515945e-05,False
0.00033922742026718205,False
0.0003403359879801123,False
0.00033923372254336535,False
0.00034178138054215805,False
0.00033923455322195734,False
0.00034033499140513125,False
0.00010625010670388342,False
0.00010008819881489285,False
0.0003384691248457662,False
0.00021253160344769965,False
0.00018692893403518638,False
0.0003390235415390677,False
0.0003384692534045442,False
8.65858962625925e-05,False
0.00010625470218636292,False
0.00024199048317275686,False
0.00023404730531637323,False
0.00012496983063932512,False
0.00017716577431544343,False
0.00010899488768544862,False
9.383053164135671e-05,False
0.00012135946960493888,False
0.0001838416375819576,False
0.00011937909378475651,False
0.0005597651674542421,False
0.0027171552690670705,True
0.00024198302579021876,False
0.0002340485137340537,False
0.00012496475738856585,False
0.00010899422030846665,False
9.383330608760738e-05,False
0.00012135907702900592,False
0.00011949906428212367,False
0.0001827556503597897,False
0.0027171011634846906,True
9.204844402477266e-05,False
0.00012251124490476455,False
0.00012334414198729072,False
0.0008226592535322155,False
0.0002101611836022464,False
0.00010883266934617651,False
4.640106476455658e-05,False
7.08395388869e-05,False
5.583407640151637e-05,False
0.00011053413940019528,False
7.083828615306354e-05,False
5.583225966357243e-05,False
0.00016148413668890926,False
5.180164772125986e-05,False
5.825924029377099e-05,False
5.58315674523208e-05,False
5.583164629341665e-05,False
5.583328032612418e-05,False
0.000328863320060482,False
0.00013575266816442401,False
0.0003449685288776376,False
0.0003517617543298449,False
4.6197199833304016e-05,False
0.00034124131241395706,False
8.447828691173798e-05,False
0.00013112688450502949,False
0.00017563880089133008,False
0.00024669526331307567,False
0.00024859253324520955,False
5.791929103398916e-05,False
0.00023917763445760468,False
0.0002454228094038841,False
0.0002413931592940506,False
0.006154363555554619,True
0.0061543558348051575,True
0.00017564903783978935,False
0.0004377119949546767,False
0.00017565136023915082,False
0.0023263897196672636,True
0.002338823886254353,True
0.00016237821715073562,False
0.0023606515842181006,True
0.0023388501877311613,True
0.0023606619475712094,True
0.0023388475779941636,True
0.00034251051634503744,False
8.393299648553642e-05,False
0.00034336797329700324,False
0.00033745359279918163,False
0.00033815781806193173,False
0.0005165708257581967,False
0.00020359523459032613,False
0.0030803902662664786,True
6.897660392067874e-05,False
0.00012393736931022882,False
0.00015230530071752018,False
0.0001101487741839627,False
0.00012133931408077721,False
0.00045250375207487263,False
0.00045251233374697365,False
0.0006713092956494313,False
0.0008721128398949023,False
0.0006580690604591913,False
0.0005390044509095845,False
0.000822466251740422,False
0.00021019276692360266,False
0.00012758372627358084,False
9.181755530162026e-05,False
0.0005599557832365275,False
0.00012758296454281774,False
0.0003561637293978973,False
9.745501184794613e-05,False
0.00017705983876211144,False
0.00018261270752808077,False
0.0003561638569396641,False
0.00012758222147590353,False
0.00023737903378480017,False
0.0008612860903004671,False
0.00012038794281616085,False
0.000526984208582622,False
0.00040590253347933783,False
0.0007260103324984902,False
0.0004059032802315895,False
0.00012105470125506927,False
0.000715717074745413,False
0.0007136939636307966,False
0.00013003917040858832,False
0.00012114913058865582,False
0.00040590412304041695,False
0.00012114792880274444,False
0.0004059031769494079,False
0.00025308525042057263,False
0.0004193564618559524,False
0.00021419326021987988,False
0.00023641912559153676,False
8.393001322098398e-05,False
0.0007815788039516105,False
0.0004223987486285837,False
0.00023641761212315636,False
0.0002606331504876675,False
0.0002397016874214073,False
0.0002034801463085327,False
0.000730267041386747,False
0.0002368713579599007,False
9.295097386755899e-05,False
0.00021761499754400213,False
0.0002363972262998861,False
0.00042936367751618784,False
0.000757216805336453,False
0.0002467178338108902,False
0.0002117786932810037,False
0.0002533471019820996,False
0.0002533481872165331,False
0.00026161806024912484,False
0.0003771748392070556,False
0.00038093297890752064,False
0.0005789132429554046,False
0.00016783040782352286,False
0.00037716395775008185,False
0.00036430205113087384,False
0.000327318653045104,False
0.00011258890882904989,False
0.00038093647950041817,False
0.000341770605568729,False
0.0004813170308696649,False
0.00046777845602505877,False
0.00036970164503279004,False
0.000944329876276866,False
0.00016981605897281642,False
0.0004943962464600277,False
0.00023798835779782366,False
0.0002656007044829039,False
0.00027259970316009563,False
0.0003968274849256089,False
0.0002150780408818731,False
0.0004805476947922036,False
0.00022224644310039898,False
0.0003695973852853719,False
0.00023813320342665287,False
0.0005590230322988345,False
0.00015039425793372555,False
0.00014176045157864047,False
0.00020452566662834787,False
0.0005802214678425269,False
0.0002194283394045558,False
0.000747271991449084,False
0.00039682777045275524,False
0.0005119769200554363,False
0.0002655984637004912,False
0.00028810649525501625,False
0.00023799052008765967,False
0.0002600142917345777,False
0.00027011987904291483,False
0.000590686062670686,False
0.0005974372457656177,False
0.0004897476158262171,False
0.001197794276958857,False
0.00026010447588912405,False
0.00022048447925100478,False
0.0004897465112427747,False
0.000391944654521795,False
0.00026010511700795324,False
0.00033189781976884547,False
0.00027258653987853295,False
0.00042140208519100863,False
0.0004362834390273846,False
0.0009027154038634558,False
0.00015991434684870402,False
0.00027510483214649535,False
0.0002751053160704549,False
0.0002661741459827996,False
0.0007416234638602963,False
0.00043665526831711683,False
0.0004366557378139021,False
0.00034337073227288557,False
0.0004180615566589449,False
0.00043673758534674566,False
0.0032210939474145808,True
0.00322109521222216,True
0.00043673947818606833,False
0.0007251167723237357,False
0.00025972216161361967,False
0.00029701453846560605,False
0.0010235805157495054,False
0.0005382794791836433,False
0.000307311325107264,False
0.00031826201667104745,False
0.0013403559462128673,False
0.0004407633012042284,False
0.0004407609709709722,False
0.00048745344190137785,False
0.000958150913914395,False
0.00044075656688204385,False
0.0004407597478750459,False
0.0010056102935866408,False
0.0004895290705606926,False
0.00033162288051186134,False
0.0002011982453535492,False
0.00024030554309220138,False
0.00022890465044836703,False
0.0002050308758662614,False
0.00044048803486548783,False
0.00019175844179555895,False
0.0001917558930201753,False
0.00035851390898810395,False
0.00044049081746059344,False
0.000264881789212228,False
0.0003585109829777781,False
0.000354410123703584,False
0.0005481231754054006,False
0.0003503550739241564,False
0.0003503561166560007,False
0.0002402997049974538,False
0.00024030412727407073,False
0.000440478260495101,False
0.0005481200480292614,False
0.00024030004418428707,False
0.0002618559286316628,False
0.0004256380180139417,False
0.0002986748171343787,False
0.0003661037534460152,False
0.0004404802698262853,False
0.0005945823435010286,False
0.0004894549030945094,False
0.0005553993075212552,False
0.000307088430215804,False
0.00044047999532281974,False
0.0001422150450285981,False
0.0003889701442066925,False
0.00026185680662032634,False
0.0001060872432843041,False
0.00015436112703361718,False
0.0009628666720987107,False
0.0003860958421954156,False
0.00017227221409804987,False
0.00017227465892082145,False
0.00021082782393192954,False
0.0001575027680967933,False
0.0002922040663803145,False
0.00011719002157384882,False
0.00045707923605743997,False
0.0007017683157681278,False
9.265846698120497e-05,False
0.0002598787766840404,False
8.861595957643966e-05,False
0.0002576228873875007,False
0.00043650951220769246,False
0.00010952208160521945,False
0.0001976271968755041,False
0.00016775765716224027,False
0.0001027576059279485,False
0.000256399510438953,False
5.130166319362423e-05,False
0.0004517785308502889,False
0.00017140536607305014,False
0.00047258829862206774,False
0.0003703311844134216,False
0.00037032575324038306,False
0.00044218005514799297,False
0.00047592916993794896,False
0.00018356103501880237,False
0.0018056686654899503,True
0.0003155768059180379,False
3.403431092435246e-05,False
7.408214466868885e-05,False
0.00015542090882145258,False
0.0005719031984673197,False
0.00015077313587574112,False
0.00024705416050136466,False
0.0009360656112569435,False
0.00015410076477517508,False
0.0002614028219381544,False
0.0002603338612375485,False
0.00026140042233612935,False
0.000261401038926504,False
0.00026139907198250833,False
0.0002614004743644176,False
0.00016660774995453165,False
5.540533571384032e-05,False
0.0001634629050739056,False
0.0005571036024674848,False
5.391602612593982e-05,False
4.8216354147977946e-05,False
0.0005580157783024468,False
0.0005580137601403815,False
0.00034869498149813605,False
6.776737352494098e-05,False
0.0005580121025759344,False
0.0006794071911376902,False
0.00039388875416480256,False
3.545619134695251e-05,False
0.00039388233088506817,False
8.591986272269561e-05,False
8.305421430604175e-05,False
0.0006794057779346263,False
8.194971616900864e-05,False
4.0581024421653776e-05,False
0.0005580096483176389,False
0.001220701640115069,False
0.0002659673125573026,False
0.0003585522323212544,False
0.0005834531059316135,False
7.752297082542304e-05,False
0.00024184967476585404,False
0.0005301412293072043,False
0.0002926981874960115,False
0.0001690336935572781,False
0.0004019512417345278,False
0.0001690322357926318,False
0.00016903186158146144,False
0.00016902944255814232,False
0.00016903383413350675,False
7.530778872449689e-05,False
9.764100211301306e-05,False
0.00014649072248210722,False
5.619261288793562e-05,False
0.002851399822353862,True
9.493209149806985e-05,False
0.0002885773155888499,False
0.00010103211880156944,False
8.838948924890292e-05,False
0.0002884694931201169,False
0.00031028776662673553,False
0.00028846978278489806,False
0.00010179603948329933,False
0.0002964842386753716,False
8.564985036344732e-05,False
0.00010179507636783438,False
0.0030209675747152245,True
0.0005697461679808641,False
2.0135360177748977e-05,False
0.0004231077217639661,False
0.0002275132273269591,False
0.00032028251648564393,False
0.0001578531289618081,False
0.00031719212108447155,False
0.0002963564106527574,False
0.00012756653184085902,False
8.510001366884666e-05,False
8.501313093067367e-05,False
0.000353747646353018,False
6.598613630807602e-05,False
0.00038288147934849363,False
0.0003165255601504463,False
0.0003792697905354791,False
0.0001619791274807912,False
0.00010685962315440262,False
0.00040595680017825304,False
6.246771601470123e-05,False
9.640832983891592e-05,False
0.00039423389784353977,False
0.00030057176533878163,False
0.00017393247140362088,False
0.0019679143907037166,True
0.000354676564544362,False
0.00023799676284314274,False
0.0004425551192544457,False
0.00044255649412594956,False
0.0004316190032780378,False
0.00025520507463148165,False
0.0006446483779705055,False
9.52736159899994e-05,False
0.00033324357711380726,False
0.0001929126990092666,False
0.0003777487478128995,False
9.364780107756277e-05,False
5.609367751027568e-05,False
5.5617064036556486e-05,False
0.0003896522354425778,False
0.00037864739963846704,False
0.0006628312290286592,False
0.00034828127837795674,False
0.0001004579381394252,False
8.428181390091327e-05,False
5.542451101517415e-05,False
0.0001335661657602275,False
0.00011613691052252963,False
4.62842665401984e-05,False
7.55912891955315e-05,False
6.886716210863673e-05,False
0.00013568708433313865,False
0.00036493800455560853,False
0.0001144627548479683,False
6.772508462715785e-05,False
0.0003842593920437742,False
0.0003452923558138227,False
0.00036371535783173714,False
0.00011446186538037837,False
0.00039322154545485833,False
0.0001002432522508829,False
4.780492448059669e-05,False
0.0003843411287500594,False
7.325239831731944e-05,False
0.00010018990888998206,False
0.00025156924028343783,False
0.00025015576713069047,False
0.00024750368401953897,False
0.00018678330747778443,False
0.00017856596961749005,False
0.0001251300172760348,False
0.00012536351986556647,False
0.000170076228216418,False
0.0062837634915281415,True
0.00010780314847094738,False
3.837963296286818e-05,False
0.0003460869373043219,False
0.0001406695598199185,False
3.600491018441321e-05,False
3.0129911537498798e-05,False
3.6004901697583044e-05,False
3.6053728298033205e-05,False
0.0003112463618253911,False
3.605262293829664e-05,False
8.01997935277435e-05,False
3.6053137736677236e-05,False
0.00010213241866026636,False
3.6053845354295105e-05,False
8.606530021096875e-05,False
8.995679661190161e-05,False
0.00021002607257909344,False
3.6052759376384493e-05,False
2.521621016417885e-05,False
5.0191999918638504e-05,False
8.995932229688608e-05,False
8.137219108769484e-05,False
8.995844195529882e-05,False
8.819503054678535e-05,False
8.581158924462137e-05,False
3.605231179201365e-05,False
3.360486811082306e-05,False
2.425692285403676e-05,False
1.3692265876115402e-05,False
1.1955592739212783e-05,False
1.9558365790541606e-05,False
2.5288855006179754e-05,False
5.361690289999485e-05,False
5.861640600400985e-05,False
0.0005532904842007378,False
0.0005222135749055037,False
0.0001185474656336653,False
0.00015810540231936187,False
0.0001607597355480629,False
0.00014630753197581318,False
0.00014850245052105033,False
0.00017713146732179953,False
0.00030400670848670214,False
0.00019216338666476604,False
0.00023395528453656333,False
0.0002827867200737165,False
0.0003012100979160984,False
0.0009380616316404687,False
0.0006927584387734475,False
0.00026541638684470013,False
0.00016639836274494503,False
0.00013615646324993387,False
0.00022302029455804223,False
0.0001735874250726786,False
0.00016686743735135819,False
0.00023595981580501257,False
0.0003585696732492787,False
0.00023596055887741647,False
0.00018629076332062574,False
0.00023287718770859063,False
0.0008414452734804392,False
0.0001848539740453399,False
0.000769173028203408,False
0.0002714138807345811,False
0.0002513237503727612,False
0.00030598984549106486,False
0.0002599571243944092,False
0.00025963363469401924,False
0.0002654837518192905,False
0.0002729153635423456,False
0.00015252893022751416,False
5.330161669425249e-05,False
6.678854010585114e-05,False
0.00018838336727946325,False
0.00023323162084100694,False
4.1557050652589506e-05,False
5.612280663089313e-05,False
0.00022024284771082563,False
0.00031655155726866897,False
0.00021087715168387287,False
2.849864208795829e-05,False
0.0001839840410617466,False
0.00010804186578716499,False
2.6712927586525864e-05,False
0.00021867082638363003,False
1.8436822758210453e-05,False
3.8251969405939606e-05,False
0.0002186745193221238,False
9.418777078283377e-05,False
0.0003085864317092715,False
0.00025079780897975995,False
0.00023186619360923867,False
9.418873478189355e-05,False
0.0003059323055854175,False
2.5683894713344067e-05,False
0.0001541139466576268,False
0.0001101327133991995,False
0.00021109518149961434,False
9.77097215352829e-05,False
0.00045702340361641024,False
1.8509647849244454e-05,False
9.516619620153458e-05,False
2.0358875852042162e-05,False
9.41852343580363e-05,False
0.0003103322187103214,False
0.0003346371204096956,False
0.0002517870362483131,False
0.0001818070911197118,False
9.418422966770822e-05,False
0.0003103339487332872,False
3.422928040101019e-05,False
0.00020509053580853825,False
3.365680498927886e-05,False
0.00045796803727683576,False
9.418286120543176e-05,False
0.00031092424566908714,False
2.9144391045759007e-05,False
2.914429263815913e-05,False
3.365706858601056e-05,False
4.2979421617750434e-05,False
2.735980971263543e-05,False
3.740585446076703e-05,False
3.740534109237873e-05,False
0.0005359279101923687,False
9.41823614372175e-05,False
0.00031151333507637195,False
3.7405917308347945e-05,False
9.417981094761012e-05,False
0.00031210835591124277,False
0.0001818126052908553,False
0.00018118999607137827,False
3.7378568809456384e-05,False
9.409076785299694e-05,False
0.00031259830319667066,False
3.363306202541447e-05,False
1.4975372915119208e-05,False
9.409289655364054e-05,False
0.0003131967931140979,False
1.4975268156982726e-05,False
3.737889718388431e-05,False
1.4974485411486454e-05,False
3.737862877133e-05,False
1.892623871869642e-05,False
3.73787933030142e-05,False
1.8926407216158107e-05,False
0.0015636147048708605,True
0.0003412705849146294,False
1.8925616000262222e-05,False
3.737891663137063e-05,False
1.892619038046674e-05,False
0.0002185975196932612,False
0.00014280941713066858,False
0.00014721370103569454,False
5.276529273967463e-05,False
0.00010780668711725775,False
0.0001689303148502623,False
0.00021312401176421794,False
9.370227286950403e-05,False
0.00019622475979956934,False
9.722202111679273e-05,False
9.721972192017436e-05,False
0.0002926538261649298,False
9.03497630817219e-05,False
8.612616652979195e-05,False
0.0003416878558931279,False
0.00010003715414188745,False
0.00011442647221778056,False
0.00039456898752431,False
0.00028936194359123387,False
0.00010913871599236575,False
2.464961977801505e-05,False
0.00010652606363896617,False
3.597619444544974e-05,False
9.408794454223964e-05,False
0.03432764538901751,True
0.00010793007931071547,False
0.03441043222164619,True
4.7489464583993325e-05,False
0.034670339760853486,True
6.976438074696993e-05,False
0.035265995264878565,True
4.494846397095875e-05,False
4.495515989134663e-05,False
0.035263670553926714,True
0.00024837647287429465,False
0.00022273208937362477,False
0.00012339946058985432,False
0.00041700090833974386,False
0.00024252094943251205,False
0.0004170033816694198,False
7.562917726844725e-05,False
0.001829461261189136,True
0.0008149444435163217,False
0.0015260907915682393,True
7.237783252687786e-05,False
0.0012098661883816007,False
0.00022712533181375416,False
0.0005493650944658601,False
0.00045184641104812425,False
0.00045184609324733975,False
0.0004423311792103459,False
0.00045184969798205674,False
0.0004423319049513477,False
0.00017445073253361253,False
0.0001813556051764063,False
0.00142405311166078,False
0.00014319102955851292,False
4.7670229177100877e-05,False
4.927733951243017e-05,False
8.207403158801298e-05,False
0.00020323010277012763,False
0.0003154876703678628,False
4.214353704478603e-05,False
8.207413250173796e-05,False
8.53521424804607e-05,False
8.207519580452136e-05,False
0.00013853957298247632,False
0.00010226393704386249,False
0.00020667029768108898,False
0.0003067377418813199,False
0.00029867693157407634,False
0.0002897804643711923,False
0.0001195032877357185,False
0.00020332297012201362,False
8.535280147120294e-05,False
8.209864210873211e-05,False
8.207463085878352e-05,False
8.207523781979733e-05,False
0.00029131638033099284,False
0.00010223542947141503,False
0.00030673479055958266,False
5.37102146105346e-05,False
4.631155377571864e-05,False
4.475526899874009e-05,False
4.475591730788762e-05,False
0.00015420683526176895,False
0.00012610877302614686,False
0.00031542895254938185,False
0.0001229920831601186,False
4.475975809751399e-05,False
0.0002067328856292885,False
0.0002887986158594849,False
6.928868402555891e-05,False
0.0001999230412465176,False
4.4413081001218967e-05,False
5.093509504771205e-05,False
4.6313445817293837e-05,False
5.275297596486796e-05,False
4.3711522495225405e-05,False
4.447535587837746e-05,False
0.00012299075215786189,False
5.7461148907044035e-05,False
0.00020117981945602783,False
0.00020336389834958862,False
0.0001384504928583186,False
6.835706277996632e-05,False
6.780934465619795e-05,False
0.00020328223844398677,False
0.0002026887706664625,False
0.0002019514002144983,False
7.260228877569301e-05,False
6.780935397750506e-05,False
4.631231800221476e-05,False
0.00031128369612946324,False
0.00031542313398356893,False
4.4756585865738826e-05,False
0.00020393618596727142,False
5.903193949810662e-05,False
6.03237833822174e-05,False
0.0023173280696922607,True
5.937795049541583e-05,False
0.00011490876220920425,False
0.00011491047183002435,False
0.00013097149731673336,False
0.0003880739982302673,False
0.00023105349930826284,False
8.991785064513713e-05,False
6.0428001138275846e-05,False
0.0002887730515672523,False
7.254969870505382e-05,False
6.381084418871297e-05,False
6.0452922839260436e-05,False
0.00031537247745875587,False
6.918997683259598e-05,False
7.254896935146666e-05,False
0.0001907763060126541,False
0.0002554551180542533,False
0.00029106746535147556,False
8.213511240908073e-05,False
6.045451193113038e-05,False
0.0003374624647290166,False
0.001023690970219493,False
4.388251848162638e-05,False
0.00020689474960726653,False
0.00021409236751942845,False
0.00027628396317814634,False
0.000183644078361,False
0.0002715276125204848,False
8.67094557698243e-05,False
0.00017255899731111177,False
4.8277443899606795e-05,False
4.368240044434614e-05,False
3.7546658319209566e-05,False
1.3824216743208086e-05,False
4.474454757411591e-05,False
3.3968149500886426e-05,False
0.0002834005067179735,False
0.0002897297929066398,False
0.0002733129921856913,False
0.0002793529946705266,False
0.00010457390555195293,False
8.298409624339951e-05,False
0.0003322357695705946,False
0.0003259153467344119,False
0.00029237938447024004,False
0.00033263427948987216,False
0.0008215066757963606,False
0.0002373096404999215,False
0.00021209018857146078,False
0.0001320624310066077,False
0.0001418276897067296,False
0.00010264729424258437,False
0.0001295762650902042,False
0.00013205219038911893,False
0.0002922249009498542,False
0.00019932925354534676,False
0.00029222229193747384,False
0.00015903338665127056,False
9.923429390987144e-05,False
0.00012838691265236213,False
0.00021170265493751977,False
0.0005349319274537128,False
0.00017939527460830728,False
0.002477204722236841,True
0.00017893774597324232,False
0.0005298511897245978,False
0.00018048575097938984,False
0.003706591986447096,True
0.006042578612444491,True
0.00017474208025183873,False
0.00017740028168852995,False
0.006043080869769244,True
0.00017740162139268196,False
0.00015451777969127694,False
0.0003288254550784147,False
8.215081014618415e-05,False
7.62352304494221e-05,False
7.857536762445522e-05,False
0.00015832893822393144,False
7.184460056976246e-05,False
7.084490839350404e-05,False
8.237137594275658e-05,False
7.084625589878197e-05,False
7.684653737515783e-05,False
7.668650856583179e-05,False
7.08444158965885e-05,False
0.00023646357292509773,False
6.853547914024488e-05,False
7.084607564724097e-05,False
7.184479090981083e-05,False
7.670484704099381e-05,False
6.678966660259662e-05,False
6.853642081790511e-05,False
0.00016421914586191685,False
6.678904405473115e-05,False
6.560805624005494e-05,False
8.15280811314127e-05,False
9.513088593887722e-05,False
0.00011788031573917348,False
0.00013394819424321857,False
6.5608959404621e-05,False
8.077236297957267e-05,False
0.00014785410809676466,False
0.00014785577856299816,False
8.077452089179313e-05,False
6.557531263997774e-05,False
9.521335965729169e-05,False
9.015627296430847e-05,False
6.896241950644879e-05,False
8.157514044122694e-05,False
6.842722006514457e-05,False
0.00011068140914539903,False
8.337556740806035e-05,False
8.276180850037634e-05,False
0.00013734156708100485,False
0.00012582583806018945,False
7.553052915285716e-05,False
0.0001265949561307123,False
0.00013286494354718492,False
8.34007550601996e-05,False
0.0001057966860017931,False
8.339982841841729e-05,False
9.573245197987494e-05,False
8.20693372672253e-05,False
0.00014817759122632583,False
0.00014979504170364177,False
0.00042345352459278264,False
8.433674558810749e-05,False
0.0004234507380127524,False
0.0007124989986243141,False
0.0007139599035699111,False
0.0003423448967233558,False
0.00043188233422625667,False
0.0013886516978035505,False
0.00021836830062128262,False
0.0003130053192207376,False
0.001198650182343982,False
8.637080508907578e-05,False
8.394710767051438e-05,False
8.283376906315958e-05,False
0.00010148587247406848,False
0.0001527398983772653,False
0.0002868802952609952,False
0.0005180871551923,False
0.0005941468539447207,False
0.0006566994697449239,False
0.00037305538504866744,False
0.0005180861300101358,False
0.0001336486176752629,False
7.869300541141292e-05,False
0.00035155540038107956,False
0.0005300741822824739,False
0.0006011412994077891,False
0.00048303640005722693,False
0.0008935761420066212,False
0.010621669156456843,True
0.000576818225438074,False
0.0014700284424592625,False
0.0015028367216538025,True
0.0007245057793778462,False
0.0014699142533786606,False
0.0007245107172711317,False
0.0008650742494164835,False
0.00037581452235270653,False
0.000330283625080929,False
0.0003815585421295855,False
0.0014989068284407235,False
0.0008877296185723145,False
0.0009166002817819763,False
0.0008877266195675374,False
0.00038263314480437927,False
0.0002790489303154438,False
0.0002790504982277956,False
0.0005700036941129755,False
0.0003539360579148158,False
0.0020245106178908706,True
0.0005372026130450935,False
0.0005861232715096487,False
0.00037876042560167696,False
0.00035422497881480865,False
0.001005665177456128,False
0.0014354048576387878,False
0.0005371974239415507,False
0.000524039179772745,False
0.0003787631028044408,False
0.0006961414934400736,False
0.00037932318014040367,False
0.0008482964730756936,False
0.00029340333569137956,False
0.0005135856769978852,False
0.0006961457264049785,False
0.0005109233890109419,False
0.0002934027288208631,False
0.0003958261004738944,False
0.0007294485188721862,False
0.00026404302364692913,False
0.00040322676624303914,False
0.00024850239739907925,False
0.0002855422199574821,False
0.00037883436842324795,False
0.0002970263477049422,False
0.0003287180929799514,False
0.00025962714638456746,False
0.0003319823160116168,False
0.0003956216093879962,False
0.0003788335831435676,False
0.00040409827934156993,False
0.00025447330471099354,False
0.00037337247472621143,False
0.0003218915508312399,False
0.0003218918835006962,False
0.00040409769736398895,False
0.0003406420896175687,False
0.00040726597908823797,False
0.0003218851343525477,False
0.0004319589925044771,False
0.0003788368404395552,False
0.00036036926821131864,False
0.0005851964235910096,False
0.00027901457860510904,False
0.00032188951988244385,False
0.0003788327770119576,False
0.00041775504055380284,False
0.0006227803860966242,False
0.00036488807477715984,False
0.00041037921632466336,False
0.00044032075778948065,False
0.0006630880711564551,False
0.0001701388175136873,False
0.00030360978350053484,False
0.00015391982480211658,False
0.00015948852034816595,False
0.0008837552954588107,False
0.00020617765031835195,False
0.000500572797473256,False
0.00016114573636667702,False
0.0009572712667800275,False
0.0010637483596034553,False
0.00013686428948591402,False
0.0005005717154514156,False
0.00015089194860501515,False
0.00016102305302930381,False
0.0005005729898319726,False
0.0001614216796101542,False
0.00016482466494589193,False
0.0003416200787356271,False
0.00016218600825761604,False
0.00034316895066488365,False
0.0003481082776292786,False
0.00018457584399705012,False
0.00015276072999097418,False
0.0009572793256829143,False
0.000957293892913976,False
0.00095728262409796,False
0.0010675881029039566,False
0.0005005683986742356,False
0.00015088985060986049,False
0.00011688677655578711,False
0.00018669621878996984,False
0.0001866966439462869,False
0.00018436181409384926,False
0.0006656183453596857,False
0.0007045060825830585,False
0.0006428086475254353,False
0.0003029976318505631,False
0.0001360091425955108,False
0.00033184554330203183,False
0.00038481762249737187,False
0.0005427189013642217,False
0.000542715181803539,False
0.000144607620537487,False
0.0006656213103378878,False
0.0003089755555654596,False
0.0003162373031599352,False
0.0005404224689219525,False
0.001706297165715758,True
0.000664769200036723,False
0.000542473599336139,False
0.000664777238579844,False
0.0004341882039552793,False
0.0006647671839666917,False
0.000434188110384622,False
0.00013920461423709855,False
0.001706283913745491,True
0.0006039028330036451,False
0.0008378671788457695,False
0.0012190842511764118,False
0.0002733222130146249,False
0.0007091108708787049,False
0.0003535097534508267,False
0.00042152169833696026,False
0.00014268095579892239,False
0.00023749882568778523,False
0.00023750037293479082,False
0.00022066180759197854,False
0.00022066346245048452,False
0.00015935625764274813,False
7.129524950273041e-05,False
0.0001996135285450323,False
0.0001996118617165985,False
0.00022065696683592361,False
0.000280888208793875,False
0.00022065539524541332,False
0.00029268318527522075,False
0.0002150285674418796,False
0.00042135732442163585,False
0.00021502999890918173,False
0.0005300030194918638,False
0.00037910805389590544,False
0.00040739842300214487,False
0.00040740182503579765,False
0.00040740235548132966,False
0.00022557923369942342,False
0.00023786013544349063,False
0.0001719532803782287,False
0.0005274620487719341,False
0.0003590776961336776,False
8.596176753450144e-05,False
0.00021189128529190237,False
0.00021189147561586735,False
0.00014042262948419583,False
0.00014268441036553075,False
0.00016306114863905228,False
0.0002734259593730675,False
0.0003036084370238816,False
0.0001527641012227707,False
0.00016221151686945606,False
0.00030361211818492786,False
0.00015385176371402506,False
8.589819083027593e-05,False
0.0002118349161936556,False
0.00021183665754450444,False
0.00015619832511023065,False
0.0005733509852533581,False
0.0006106165392566991,False
8.599805676713464e-05,False
8.58962566813952e-05,False
0.00021472580655678005,False
0.00021472436392962852,False
0.00019311493124796522,False
0.00014372959182729997,False
0.0001622117522187956,False
0.0001636289226011045,False
0.00024568547758989405,False
0.0009399614806585524,False
0.000345429361746846,False
0.000182192071609119,False
0.00015769101765685125,False
0.0003684292389735006,False
0.00035987126525999366,False
0.0005499726212463238,False
0.0005628606922045288,False
0.0005550771108852929,False
0.0005946407160639076,False
0.0006145621640725719,False
0.00027349768939749,False
0.00031384584421996,False
9.900986302278418e-05,False
0.0001717244925702488,False
0.0003311116538005318,False
0.00030834877477298195,False
0.0002379407492927715,False
8.589391481642487e-05,False
0.00019790333067416115,False
0.00019790335195798002,False
0.00014037283420282654,False
0.00017727684510750644,False
0.0005002525159862691,False
0.00015051560747751503,False
0.0001740270051425314,False
0.00017720898981743842,False
0.00015282994932961204,False
0.00016019450535436342,False
0.00016117939014759458,False
0.0004703982587620077,False
0.0001540430055076444,False
0.00013694807903251671,False
0.0005312748051989336,False
0.0005331735570277967,False
0.00013694889395535496,False
0.00016222375468443975,False
0.00021397787203966182,False
0.000303614654593937,False
0.00015381877923238747,False
0.00055689940468714,False
0.00017082685208931242,False
0.00013694795261461572,False
0.00016222257409377426,False
8.054768200421375e-05,False
0.0003036163308521721,False
0.00015382048477297772,False
0.0001923453185916131,False
0.00016123582449630304,False
0.00020772713114088819,False
0.00045887863291070444,False
0.0001841843348307977,False
0.00028130536257442055,False
0.0003207369801209965,False
0.000582334814065688,False
0.0005677407435735274,False
0.000704748257025285,False
0.000135729679996437,False
0.00012825008555339797,False
0.00035509172422498953,False
0.00028130727897195064,False
0.00018431737104253294,False
0.00017788499925407692,False
0.00021972958657522502,False
0.00022226933426493662,False
0.0005454278423364137,False
0.0006184961890432209,False
0.00024351409781536427,False
0.00024262588191821795,False
0.00024222748696444272,False
0.00022268223924286278,False
0.000215784054809585,False
0.00038258611278426676,False
0.00011867007522002872,False
0.0005454273585988924,False
0.00014834659991970231,False
0.0002660319947912493,False
0.00023751914916556702,False
0.00027589408028626586,False
0.00024182603607401693,False
0.0009425026355393233,False
0.0012957838800200746,False
0.00041368102025052104,False
0.00017793540211397382,False
0.00013057802806125702,False
0.00013057605318029776,False
0.0012960821558097135,False
0.00026087068982126366,False
0.0005672861063936106,False
0.0005669779313967633,False
0.0005451990729049619,False
0.00011844372275729439,False
0.0005978118687762336,False
0.00013324247478856797,False
0.0006557949922376488,False
0.000153535334253178,False
0.0005429347596952405,False
0.0002542545329110927,False
0.00016630437673840603,False
0.00030604972902974117,False
0.00017776520421567755,False
0.00022038613678829408,False
0.00035524490546876393,False
0.0001906899587561059,False
0.0006390626026086336,False
0.0004375332429306788,False
0.0005679019692131455,False
0.0005033435015550954,False
0.0005033412552710976,False
0.00035525050827185515,False
0.00035524952368445087,False
0.0005033484258203106,False
0.0005033423155772124,False
0.0005678902891626796,False
0.000459418867668073,False
0.00018402319018545263,False
0.0005678896468288923,False
0.0005995043671021186,False
0.0005678811439797913,False
0.000459420504337424,False
0.0001840222386105235,False
0.0006727701931767251,False
0.0006732860589601672,False
0.0005451828647040776,False
0.00026080569286886967,False
0.0005398568870633395,False
0.0002469363354340441,False
0.00024348779561559047,False
0.0002401822822681633,False
0.00023701120342274403,False
0.0006030549677351932,False
0.0002063084088828075,False
0.00044765353146601817,False
0.0002469347928786826,False
0.0002418224038939421,False
0.00023701199806008773,False
0.00020631007730746958,False
0.0003609501850386289,False
0.00012418273100431518,False
0.00013493736840789513,False
0.0001249269558526602,False
0.0009956834935994669,False
0.000570918587850475,False
9.025043434653541e-05,False
0.00017421688737321225,False
0.00038637115178388694,False
9.081481264744982e-05,False
8.808764777522684e-05,False
0.0001126636650298754,False
9.127763498365503e-05,False
5.994861884737914e-05,False
0.00011859602072258322,False
5.7170990613051423e-05,False
0.00011496729241024771,False
0.0001002875902928728,False
0.0022738415299188115,True
0.00012381394320587434,False
0.07889756286881588,True
0.016941846261140602,True
7.946186188762902e-05,False
0.00015027791078132968,False
8.524476582951962e-05,False
0.00024153510359921907,False
0.00017421874255773177,False
0.0005702900143353046,False
0.00019542537533986893,False
0.00025268921509496794,False
0.0002594354610138781,False
0.0008053215761062854,False
0.0004438326853562631,False
0.00028362779095567547,False
0.00021464475524917166,False
0.00028916709900102093,False
0.00036320198160815425,False
0.00026980857820470706,False
0.00029490291055505046,False
0.0005598300033689157,False
0.00023519464534420213,False
0.00039855289863811004,False
0.0003450172065666415,False
0.0006438032775386833,False
0.0005543240604825187,False
0.00022791707112311153,False
0.000574059937920791,False
0.000572132003432747,False
0.0004220539157661604,False
0.00030270435571773337,False
0.00019948428459287275,False
0.00045559919815988043,False
0.0002584420495918423,False
0.00024569872338150203,False
0.00025680033126281824,False
9.776448009321908e-05,False
9.776484088796319e-05,False
0.0002459982434363252,False
0.0002837353724310022,False
0.0001989038266160087,False
0.0002439568557490117,False
0.0002495208059427237,False
0.00020134765077357798,False
0.00024314910132562862,False
0.0002023889569661403,False
0.000299682675689531,False
0.00024395360763290513,False
0.000295758563022508,False
9.776369660078729e-05,False
0.0002996838877690923,False
0.00023421479673994516,False
0.00024942754088111337,False
0.00010469194560729143,False
0.0002974678551516431,False
0.00010469214867341782,False
0.0003687343121325444,False
0.00023534689076508327,False
0.000230231274081136,False
0.00025393045578160026,False
0.00025764374683487595,False
0.00019997163550530792,False
0.0002750496360738832,False
0.0001999741627734398,False
0.00019997746762598638,False
0.0003119887047869271,False
0.00019996947531981138,False
0.0001999710919300955,False
0.00020042158847892645,False
0.002196332668046045,True
0.00022770729058858155,False
0.00025955901778014685,False
0.0016086295605383092,True
0.0015782176057371393,True
0.001451724281146847,False
0.0005996597005219154,False
0.0003523904059272668,False
0.0010854033918533314,False
0.00010292361603024406,False
0.00047124414297401935,False
0.0004712476982670269,False
0.00026174520660169866,False
0.00023503493621837497,False
0.00047124101555339316,False
0.0009685215432790988,False
0.0006307358842802464,False
5.8901065483823155e-05,False
0.00014261666385085962,False
8.469055291253884e-05,False
6.2767386541385e-05,False
7.712053473982677e-05,False
5.763984282548755e-05,False
3.7372823848440376e-05,False
0.0002819121727533569,False
3.08207722305962e-05,False
4.947976289803219e-05,False
4.720113588916046e-05,False
0.0016681520422033248,True
4.790197730503505e-05,False
0.00020404748261969977,False
4.500586688346606e-05,False
0.00011622787207702935,False
4.364847054083127e-05,False
0.00018987649599730048,False
3.1423049898277906e-05,False
3.69690022961548e-05,False
0.00026721825049534176,False
0.00026722088773479283,False
0.00026165274653003513,False
0.00016193510221382268,False
6.131429964909292e-05,False
0.00018988318708866217,False
3.14207794284791e-05,False
5.0775862980944356e-05,False
3.166854209931862e-05,False
8.113897174080196e-05,False
0.00021477956826466195,False
0.00027230067603335154,False
3.2928107701093575e-05,False
0.00024052357537041519,False
4.671425969138725e-05,False
0.00022489189946624618,False
0.00023093995916117146,False
5.812811414592852e-05,False
4.752897667789154e-05,False
0.0004230738832002327,False
0.001110680030422096,False
0.00025460014687351184,False
0.001110686256581558,False
0.0011106836910183303,False
0.001110678725161672,False
0.0011106787570079114,False
0.00025408698426415585,False
0.0011106710542858878,False
0.0002540848659191022,False
0.00027099223190172965,False
3.617271763594168e-05,False
0.00011138078976986738,False
0.00020167110559124847,False
0.00024020479838246088,False
0.00016785905662825693,False
3.434123501004267e-05,False
4.7960232434713344e-05,False
5.984519575730951e-05,False
3.801730057604915e-05,False
0.00021587230031296602,False
2.650544829561979e-05,False
3.143148874464153e-05,False
0.004557749653781091,True
0.001110675881159992,False
0.00046477318474528984,False
2.833093925170421e-05,False
0.00024419150396511025,False
0.00071226818805239,False
4.271135206293838e-05,False
4.271097192846891e-05,False
4.087909155922338e-05,False
0.0007122666878942188,False
5.6861414259290753e-05,False
5.687295304891337e-05,False
7.963883410862639e-05,False
4.231131855430694e-05,False
4.337644666370479e-05,False
4.104010338088091e-05,False
0.00020902528915702964,False
4.768344166699274e-05,False
4.9485051260727994e-05,False
5.332033784824072e-05,False
0.00017617500454631755,False
5.254253569269437e-05,False
6.235044038595398e-05,False
0.00021137931875306147,False
5.767450299682769e-05,False
5.182609044745838e-05,False
0.00020380840792421062,False
0.00021935383595862642,False
0.0003648379885674537,False
8.4123959356024e-05,False
0.00022045044045360907,False
0.0003352377124535666,False
0.0003363545517957702,False
0.0010135660796169231,False
0.0002321402233261826,False
0.00022418517265414555,False
0.0002322738809377849,False
0.0011401831833994806,False
0.0003486642394235879,False
0.0005153272597377249,False
0.000523455837427087,False
0.00037139375160123337,False
0.000230968499187625,False
0.00034623138321806396,False
0.00027902564833605684,False
0.0006914854134392054,False
0.0002893080668862997,False
0.0014259642927121278,False
0.00028931034814253464,False
0.00028931084812304974,False
0.0004426145510378847,False
0.00026208944378018997,False
0.00012908321883026397,False
0.0002621629516321358,False
0.0002286603772761591,False
0.0003688855516673012,False
0.00021172458037591992,False
0.00028935478102968675,False
0.0003364327994305744,False
3.004919802186198e-05,False
0.00016655871629076384,False
0.00018671667554250016,False
4.953111642994283e-05,False
0.00010218547580089688,False
0.00023912904916207007,False
0.001270879054869649,False
7.796283915067914e-05,False
0.00042030259879193195,False
8.339024689782429e-05,False
6.201291808317211e-05,False
0.00018233183793587253,False
0.0001828124298834277,False
0.00014357679022209695,False
6.948744975629423e-05,False
0.0001955950883739337,False
7.152923279544724e-05,False
0.00044908179685835804,False
0.00013270372350519685,False
0.0002260546623288249,False
0.00018661754529573097,False
0.0002943485479942023,False
0.0002260576691400427,False
0.00018661648921252004,False
5.62715408921416e-05,False
0.00011616595088081928,False
0.0020801684543501797,True
0.0016834820667215953,True
0.00019177429921387576,False
9.5384723267371e-05,False
0.00019177432774660776,False
6.313620071038714e-05,False
0.0004470797668899472,False
0.00016350351663916915,False
0.00029001050419696407,False
0.0004740809719624315,False
0.00044249611434053044,False
0.00022309748498833276,False
0.00023754859685848502,False
0.0008807420228503916,False
0.00011177289598395576,False
0.00041290917375192576,False
0.00032384124040005344,False
0.00020980148307344363,False
0.00019274462316934025,False
0.0003396173928359807,False
9.685593471693278e-05,False
0.00022371072774173876,False
0.00017141371229127203,False
0.0004199617576108102,False
0.00020228837170867904,False
8.166256375052313e-05,False
0.00043644594040324067,False
0.000454947215574309,False
0.00014982711050324468,False
0.00046278185275073526,False
0.0002040492529339819,False
0.0003396139824677109,False
0.00019615232580423388,False
0.00017400324080180847,False
0.0006971236703031524,False
0.00024253938164514043,False
0.0001993573717735354,False
0.0007962788843982349,False
0.0007962836688747887,False
0.0008154356086883677,False
0.0001665903522093352,False
0.00016659184475941414,False
0.0002590801028355242,False
0.0008031822175248173,False
0.0007962849331847454,False
0.00015928034430716468,False
0.0002590817265929586,False
0.0008154318033933933,False
0.00025907617108435665,False
0.00025907777591111143,False
0.0001665913536618052,False
0.00016659390474348717,False
0.0002590759874240027,False
0.00043926295138353103,False
0.00018786625817963007,False
8.997173009666997e-05,False
8.997405234789719e-05,False
0.00023150856847452573,False
0.0002172569859566228,False
0.00018786626217571058,False
8.997352462491678e-05,False
0.000231505062560679,False
0.00018786782939422155,False
0.00023150509799079708,False
0.00023150420925217028,False
8.993774714482519e-05,False
9.972739576108496e-05,False
0.00022387061334704282,False
3.626671226201932e-05,False
6.572115206762523e-05,False
6.565601977113212e-05,False
2.6622216076386815e-05,False
0.0001042662450018002,False
0.00014370725319087964,False
0.0003219871351917951,False
8.772889780914974e-05,False
9.247082623021786e-05,False
0.00017186626927520672,False
0.00013803357594073198,False
7.809914030546881e-05,False
6.591816573141706e-05,False
0.00024560399172367513,False
0.0003951108935946963,False
7.809948848319183e-05,False
0.00024560175604063425,False
0.00025122450051410686,False
0.005008502812916028,True
0.0014508244860107755,False
0.0014508187314727162,False
0.0014508229987944008,False
0.00013803395816097246,False
0.0001380361536701987,False
0.000563748186240101,False
0.0005867264056909781,False
0.0005563343812593502,False
0.00013841276346940833,False
0.0005563419822660292,False
0.00013803597257720167,False
0.0014508286190893238,False
0.0014508282611702514,False
0.0001380337456165167,False
0.0005560529993707112,False
0.0005562038073843979,False
0.0013876569213784147,False
0.0013874078413793935,False
0.0005566382398468474,False
0.00013841514354185117,False
0.000138413850872559,False
0.000138035612335611,False
0.005001963495073439,True
0.0001384142790708361,False
0.005001983582162357,True
0.0005637544923853003,False
7.838792898471983e-05,False
0.00013841209883779301,False
0.00013841226427436723,False
0.00013841387983248494,False
0.00015872686594528462,False
0.0013868833005339126,False
7.846375017038051e-05,False
0.00024568797791885773,False
0.0002456896360392023,False
0.00021684655173475638,False
0.00013841312583515904,False
0.005001971038432216,True
0.0002479905146321107,False
0.00015192824886439723,False
0.00015192539120432072,False
0.00020090845197416623,False
0.00013847972082862468,False
0.00013848176909468204,False
7.306754926374393e-05,False
0.00015158286442344256,False
0.005009871797086008,True
0.00013847958590297116,False
0.00013848148985781374,False
0.0005872358866948641,False
7.852723374364572e-05,False
0.0001384834866116336,False
0.00013848409361613806,False
0.00015157797163991145,False
0.00015157757030886048,False
0.006968021744299835,True
0.0005640527565281553,False
0.0001384834403247225,False
0.00013848116676104598,False
0.00013810538068169723,False
7.485161353696526e-05,False
0.00013848343498780097,False
0.00015157143895617032,False
0.005009866731133501,True
0.006968013098283156,True
0.0001384805502683864,False
0.00013848115755959022,False
0.00013848305366809407,False
0.00013848240986864116,False
9.285057818602175e-05,False
9.195081736863466e-05,False
0.0002635090860257864,False
0.00012733081302834247,False
6.668393546188546e-05,False
0.0009895874545396333,False
0.00017890159654087635,False
6.744845902812527e-05,False
0.0024929206320037384,True
0.00015503671642859483,False
7.397412243066575e-05,False
9.50491121492644e-05,False
0.00014253619618165162,False
0.00016762851943067698,False
0.0003193198184635661,False
0.0019651692569073423,True
0.0019651716042285855,True
0.0001676303160014767,False
0.0001425342211764692,False
0.00014253071779736035,False
0.00014253168389515662,False
0.00015064215496459848,False
9.477380021803674e-05,False
0.001965195971205934,True
0.00013885655172184565,False
9.460085934236902e-05,False
0.00015008145231898743,False
0.000142176610732116,False
0.00032286165447592075,False
0.000553925407781442,False
0.0005539310951098957,False
0.00013895537278113182,False
0.0005539336877563823,False
8.880918992489342e-05,False
0.00018557264818002943,False
0.00017947365036872614,False
0.0005539345581531414,False
0.0005539329333839025,False
0.00016297209320024816,False
0.0001553694235104159,False
0.00019571478826404824,False
0.0005539345415203518,False
8.88057083410238e-05,False
0.0001629747922546365,False
5.843593587926099e-05,False
5.843513577415469e-05,False
6.074419720430518e-05,False
0.00017247128274534842,False
6.372715924949168e-05,False
0.00015961711665647463,False
6.395596139692311e-05,False
5.790408806962051e-05,False
0.00014166016905228134,False
0.00015057083915833583,False
7.534480431433078e-05,False
0.0015854527529060676,True
0.0005933347015549787,False
0.00043591028398561895,False
0.0001612944292798713,False
7.534467423695037e-05,False
6.703604927889527e-05,False
0.000223972505161249,False
7.534394558672185e-05,False
0.0002353282106123244,False
0.00023609143157946781,False
0.00014749513947607656,False
0.0009995144629466172,False
0.00016200417392258227,False
0.00017159579224071167,False
6.613561844688751e-05,False
8.056323925831055e-05,False
0.00015940561417831267,False
0.0002618370311747653,False
5.79482567497084e-05,False
0.00016617039434600481,False
6.11527084147532e-05,False
6.0281549162094245e-05,False
0.00015940447446922984,False
9.736426304096669e-05,False
0.00012087789593753076,False
0.0002367836689679969,False
0.00014759486240951183,False
0.0002264301872174736,False
6.016268935389367e-05,False
8.967960532769942e-05,False
8.247020336697951e-05,False
0.0001403858369723431,False
0.00017148247052143267,False
0.00022407839363644885,False
0.000141062586419258,False
0.00034095882122372263,False
6.489710767192633e-05,False
5.5834690221922106e-05,False
9.243143884357709e-05,False
5.715862240525882e-05,False
0.00015650426755127532,False
6.357436181126222e-05,False
8.968059903825584e-05,False
7.483292566405529e-05,False
7.539642879789832e-05,False
0.0001714754851122778,False
8.968163881514665e-05,False
6.378871489215445e-05,False
0.00022072134418033555,False
7.539833976228952e-05,False
5.5006157135293053e-05,False
7.539689514977381e-05,False
7.539527574521675e-05,False
6.449816706378027e-05,False
0.00014151460605842515,False
0.00015124979801078007,False
0.0001512482029149239,False
0.0015848596130368423,True
0.0005941046393117627,False
0.00034462328621183034,False
0.00031908541476159246,False
9.136014785342806e-05,False
5.743612351908545e-05,False
0.0007835026799379507,False
0.0015742994781143447,True
5.7855033067799564e-05,False
0.00014071223527886988,False
0.000141278007476196,False
0.00017743234412484992,False
0.00018304659333429925,False
0.00042158722637831314,False
0.00017646733653662369,False
0.001415533003539969,False
0.0014268706886701903,False
0.0003853216826955251,False
0.00014493033603001044,False
0.00020430309851510875,False
0.0013187560952383137,False
0.00013446390524326764,False
0.00021998077566769128,False
0.0002580131455876466,False
0.00021543628292628445,False
0.0004958131280553612,False
0.0002612952733645244,False
0.00018934408800591108,False
0.0001835172594448411,False
0.00018905904253546218,False
0.0003730320908582812,False
0.00013421706818508123,False
0.0003812819833147546,False
0.0003883301652708223,False
0.0001958323540675709,False
0.0003812769559454307,False
0.00038833305583518927,False
0.00034761149755642266,False
0.00014033402292274095,False
0.00020744301414121245,False
0.0003812770436423797,False
0.000388331745891907,False
0.00015175084850155003,False
0.0001474670878129381,False
0.00012662679057464716,False
0.0004416998939337211,False
0.0001280175429565008,False
0.0014129409734594464,False
0.00012663104806189088,False
0.00044169502998583606,False
0.0001670002858456773,False
0.00015198528675969578,False
0.0003812899993303417,False
0.0003895137673114936,False
0.00015301304044659255,False
0.00014349538792889581,False
0.00012662901279094854,False
0.0001433978839469791,False
0.00013878487284834347,False
0.0001885415310793919,False
0.0005451817829538656,False
0.00017428742597782712,False
0.0001684701145542052,False
0.0001935737036977922,False
0.0005301974874434089,False
0.0001885676667760763,False
0.00041420280954540637,False
0.00015199426974614293,False
0.00015824461621722876,False
0.00044166100026366483,False
0.00012662964364957077,False
0.000450658448286809,False
0.00012624238407862217,False
0.0004506588570926381,False
0.00028023892555756986,False
0.00038128435563828094,False
0.0003895072830605178,False
0.00038212517907162437,False
0.00026725374174246905,False
0.00026371053948621515,False
0.0001841479123971633,False
0.00045978954015558004,False
0.0004332861273097837,False
0.00012663246143602953,False
0.0004405307842142624,False
0.0004201847332539099,False
0.00012599929642588987,False
0.00020058825903725673,False
0.00017343404237140058,False
0.0005415178955711633,False
0.00038129298280306065,False
0.00039069558676711616,False
0.00016189328857796727,False
0.00019160692936348543,False
0.0003812939596767314,False
0.000391901720837531,False
0.005603849580591712,True
4.856913797865327e-05,False
0.005712154978704003,True
0.005712157141893274,True
0.0003947367211922036,False
4.857130840393281e-05,False
0.0019492192720178476,True
0.0019492095871407648,True
0.00038962264761389226,False
0.00043178210205078874,False
0.0005901524931827995,False
0.0008989945692679743,False
0.001949211103556515,True
0.0008707178230922981,False
0.0019492020637510382,True
0.005712175338553723,True
6.500936510961554e-05,False
6.500982480620219e-05,False
4.780234584390091e-05,False
8.45634094176747e-05,False
7.271054714513579e-05,False
3.0349301143566555e-05,False
0.00025520977664445274,False
2.2276707253916983e-05,False
3.0100428562140572e-05,False
2.9377746392818327e-05,False
2.959081010714474e-05,False
2.9502163278433115e-05,False
2.9272525361488464e-05,False
1.8312647773675344e-05,False
2.916380175273998e-05,False
2.2275367224688483e-05,False
3.683163803360314e-05,False
9.36158687366597e-05,False
3.3656240640645984e-05,False
0.0002499732297622402,False
3.072795071149444e-05,False
2.989743517417761e-05,False
0.0002648345013836039,False
2.9409199497346447e-05,False
0.0002648311062902427,False
3.2148111538762504e-05,False
4.1179573110341146e-05,False
6.948045714862887e-05,False
0.00024026957661374667,False
0.00012266551751590672,False
0.0004923998247319212,False
0.00020618193820901674,False
0.0001869551696154924,False
0.0007108369901185776,False
0.00020618360625531982,False
0.0004282219414890884,False
3.6045203185972236e-05,False
0.0003258841596591274,False
3.577625546790185e-05,False
0.0004219435032141639,False
9.142190849264638e-05,False
2.384118117279803e-05,False
5.0246010130558386e-05,False
0.00034347410539148696,False
0.004391744767041794,True
0.004470277979162085,True
0.00032220835677575563,False
0.0009919690379983615,False
0.0005469641425047931,False
0.0010392250373525255,False
0.0005385544952346265,False
0.0005444462787367713,False
0.0011104665739795486,False
0.0006752111884526706,False
0.0007294141111490948,False
0.00011684123348303448,False
0.0010011411004997787,False
0.00012540646586389924,False
0.00028855344881429626,False
0.00028913160854892884,False
0.00037252269198559764,False
0.0003725233710982975,False
0.0002822547962136656,False
0.0001254085824914861,False
0.000125407216106074,False
0.0003258996982291677,False
0.00012540679528609552,False
0.00029629792785144883,False
0.00018614486118188124,False
0.00011223517874566265,False
0.00011223633600892511,False
0.00011273444476202047,False
0.00011273531282342608,False
0.00011345114646090599,False
0.0003051727593465388,False
0.0002659513548358965,False
0.00011653387159076993,False
0.00011273561218627995,False
0.00011273501151019929,False
0.00011198725321993659,False
0.0005697715100995348,False
0.00011345350335408301,False
0.0003093075606596725,False
0.0004006668645963442,False
0.0002577276813734878,False
0.00019635228414762753,False
0.00011609872233639579,False
0.00037789682257683213,False
0.00011344102436624791,False
0.00031096604666073125,False
0.00021817060600328117,False
0.00011344329399769413,False
0.00030002906620726216,False
0.00020084858960937104,False
0.00020084556586671504,False
0.00011344304606451782,False
0.00031215610651981577,False
0.0005749965278845656,False
0.00019637940240235075,False
0.0009122533778463153,False
0.0005680811311279274,False
0.00011609693637178452,False
0.00031628599197404064,False
0.00026873737289631985,False
0.0003244582691423734,False
0.0003095095683569828,False
0.00032760987130310684,False
0.0005749970411228457,False
0.0003071910400051245,False
0.0002650968394120955,False
0.0005081906902935961,False
0.0002782417944276937,False
0.00023202108370754513,False
0.0010088862676321652,False
0.0002415371829541151,False
0.0002412893338164918,False
0.0002840100985071197,False
0.0002556722857079991,False
0.0005750122419715877,False
0.0002612685776619014,False
0.0003050378584845587,False
0.034090825329017194,True
4.408944086879444e-05,False
0.03793553323630855,True
0.0003368526870012273,False
0.03523226184242683,True
0.0006777562677479618,False
0.0006360654327748251,False
0.0012698051144909342,False
0.0002862583705901163,False
0.001053937518315793,False
0.0010480425406571218,False
0.000775741065625913,False
0.0003740901323997564,False
0.0003603465389911731,False
0.00041194799931820356,False
0.000319547240470647,False
0.00019690497982189742,False
0.0001856883725611727,False
0.00019772407084616626,False
0.0004219864463650063,False
0.00034444968819309803,False
0.0002935735004383445,False
0.00029070493795525044,False
0.0001888244871236999,False
0.0005956920551399425,False
0.0003650826480609322,False
0.0014845241136335007,False
0.0007757404524520358,False
0.00031999709950547697,False
0.00019685630995457533,False
0.00018556815579405872,False
0.0003632560210333962,False
0.00029521559557589604,False
0.00029521333834255277,False
0.001483296166957645,False
0.0009074503020459354,False
9.889214917707912e-05,False
0.0007425775491812898,False
0.0014047963176575164,False
0.000413939784221912,False
0.00015160166107538732,False
0.00013664487984958875,False
0.0014047917973043194,False
0.0006798255344575545,False
0.0008625232831158631,False
0.0010006982595519667,False
0.00011868069964199853,False
0.0010963723846317496,False
0.00011728958340989713,False
0.00013747940363579645,False
0.00018000971302600084,False
0.0002484748293385048,False
0.00034750244509758945,False
0.00020151159405710996,False
0.00020764921589583256,False
0.0002117028079589287,False
0.0002125900342473346,False
0.0003333081897080846,False
0.00023341550105612422,False
0.0003999646435400003,False
0.00033330709606796773,False
0.00023614066562085788,False
0.00045770412403183295,False
0.0008618037611995465,False
0.00038211168255063903,False
0.0018335750562206259,True
0.0006750091508783234,False
0.0002177988230388631,False
0.0008101408400052596,False
0.0007245869490851604,False
0.0005580850127619454,False
0.0003036134521680942,False
0.00019542027089207794,False
0.00030024206020538017,False
0.00014050449676364902,False
0.0002005702411788611,False
0.00023728347651361554,False
0.001331145433001561,False
0.0005618050929448466,False
0.0007689521471361736,False
0.00021052365420943917,False
0.0008746711750789087,False
0.0002514914535064231,False
0.000267775621903888,False
0.0004937533911198743,False
0.00033964482086962266,False
0.0007396142362207564,False
0.0002429192475476582,False
0.0003173395798075635,False
0.000331922451312486,False
0.00029638213812295674,False
0.00030870566310902553,False
0.0010094710711647395,False
0.00031869497782637034,False
0.00040468613166377425,False
0.0008970016171515701,False
0.0002983020069064615,False
0.0008969992522693203,False
0.0008970042550325041,False
0.002828303483113805,True
0.0002982966770747402,False
0.0028283192904293283,True
0.0002651024346978121,False
0.0006288768543781052,False
0.0008762723554174893,False
0.0008542722983780875,False
0.0006019806312046759,False
0.00031421840606380737,False
0.00017929686861750777,False
0.00014870552939194468,False
0.0005764223988825203,False
0.0002468385646797799,False
0.00042706367650513976,False
0.00013854795018668756,False
0.0003099538213017202,False
0.0001517023202190904,False
0.00017856114575290783,False
0.00019116605641037533,False
0.00017104780899020237,False
0.00019966256893403123,False
0.00019937972593952823,False
0.00016179093117870015,False
0.00015711722997251666,False
0.0008388959787874643,False
0.0003673296618212051,False
0.0004421296518903781,False
0.00015038854165095615,False
0.00015682861714883412,False
0.0004953629452873524,False
0.0005504087634130247,False
0.0005622132646241668,False
0.0004230732994667056,False
0.00029410168276394614,False
0.0016116244885567691,True
0.0002177532246306969,False
0.0002483266169103214,False
0.0001911809834610776,False
0.00017998844552333533,False
0.00044903114728497015,False
0.0001367192730282626,False
0.0002751054932273699,False
0.00014392774428063858,False
0.00016461144985420966,False
0.0001961395853569724,False
0.00025648688493073687,False
0.00017376282591184396,False
0.00018225474819085153,False
0.00018914732041446674,False
0.00020522885629342653,False
0.00018406401956766366,False
0.0001358029490768762,False
0.00022697430501172273,False
0.0005875382137315818,False
0.00016895464940160784,False
0.00017951061278314673,False
0.00016528129981249667,False
9.229707554236054e-05,False
0.000287336334944101,False
0.000240515295936584,False
0.00017221127483276375,False
0.00011072961986620305,False
6.993258073264736e-05,False
7.064393166716436e-05,False
8.014806681920069e-05,False
0.00021146305789261833,False
0.00039273973945628355,False
0.00022408461890324914,False
0.00028293032861507474,False
0.00017265206627815915,False
6.979054550818843e-05,False
0.00028863806251645823,False
0.00020068863621322053,False
6.978982541748625e-05,False
7.052426839693588e-05,False
0.0001996183733335681,False
0.0001650587706722776,False
0.000225256785206023,False
0.00014358972622867866,False
0.00036391637775600295,False
0.0006244871868039246,False
7.624937194877481e-05,False
5.359377239876516e-05,False
0.00010204008744208566,False
0.00022526855612443184,False
0.00038789777846771195,False
6.063449335816891e-05,False
9.979183272945761e-05,False
7.052155017388282e-05,False
6.98078182589386e-05,False
0.00017410626572968282,False
0.00015090733257425965,False
0.0022883322707985183,True
0.00010140476456587408,False
0.0005607428138441652,False
0.0008006877129879575,False
0.0001892396359953851,False
0.00010140417378127331,False
0.000800695235065166,False
0.0001892387373819161,False
0.0005519468780442393,False
0.002288338042055358,True
0.0022883229141501963,True
0.002288313077438076,True
8.909421414467949e-05,False
0.0003796861591500243,False
0.0005607530393434035,False
0.00015090171054615094,False
8.582423510037754e-05,False
0.00018924148055441507,False
0.0022883049382278506,True
0.0001892428310716933,False
0.00015056121335882855,False
5.970884684447106e-05,False
0.00010128007987750217,False
0.00015261377238356838,False
0.00010128111694080824,False
0.00015055878824939993,False
7.462769713481837e-05,False
0.0002810787027329671,False
0.0013581561613627065,False
8.84890759194429e-05,False
7.46281220537975e-05,False
0.0013581581328827104,False
0.00022988070641131357,False
0.0002810864407806081,False
4.887979493744759e-05,False
0.00019485477973122132,False
0.00028109011800800214,False
4.887958685019271e-05,False
8.931457787676051e-05,False
8.738870837191439e-05,False
0.00020940149932869938,False
7.652366766311658e-05,False
0.0002227634201174112,False
7.884380640092998e-05,False
9.13588457324683e-05,False
0.00025806568331826404,False
7.717695829623363e-05,False
7.581284986657815e-05,False
7.869855092721323e-05,False
7.635496649196637e-05,False
0.000748520257803636,False
0.00018739112947712091,False
0.00013918595419766755,False
0.0002671228990703093,False
4.8454513163984586e-05,False
0.0002184446397831824,False
0.00019331433294610725,False
0.0002999355797701509,False
0.00014171482168362533,False
0.0002466391069673612,False
9.133454076083618e-05,False
5.854928280017558e-05,False
0.00027853036413032467,False
0.00035583363947074253,False
9.486523590204874e-05,False
9.140525354280715e-05,False
0.0001218110150390054,False
8.86801625190194e-05,False
0.0002843187841048336,False
0.0007464325954080555,False
0.00040228433362047395,False
0.0007464181267667131,False
0.00041573778259771624,False
0.00012001834153160449,False
0.00030037038630201127,False
0.00023904237044994152,False
9.568156087269095e-05,False
0.00015036864682225494,False
0.0006009155441159869,False
0.00019659986259892208,False
0.0001966003295896471,False
0.00017647180879282686,False
0.0006014083607400638,False
0.00019637986700202312,False
0.00020093230887731193,False
0.00017625553641762646,False
5.560228485684887e-05,False
0.00019073263500604692,False
6.048434909185491e-05,False
0.00020831761783847116,False
6.722975656871908e-05,False
0.00019637412903612448,False
0.00014688341861689744,False
6.229152657301034e-05,False
6.2289397348596e-05,False
0.0001732446155374836,False
6.228999139133044e-05,False
6.22903535708786e-05,False
6.272692370231041e-05,False
0.00015030339445544158,False
0.00019935827810819534,False
6.22911641273238e-05,False
6.278986454609399e-05,False
0.00019637366382219688,False
0.0001839573502466089,False
0.00020658017284954993,False
0.0001312624462677623,False
0.00016488754143522696,False
5.258060065835627e-05,False
0.00017625335492670984,False
5.56021072769617e-05,False
0.0001907314832349122,False
6.048294598985673e-05,False
6.228889262533355e-05,False
6.279017939128709e-05,False
0.00020974653206376766,False
0.00017908530234163805,False
0.0001000032073510428,False
9.592936675198393e-05,False
0.00019012815234479918,False
0.00010032332879468448,False
0.00015831135731302708,False
0.0002350187444853587,False
4.3268037019445824e-05,False
0.00036939361548381434,False
0.00011985820171347248,False
0.0002385385060658245,False
0.0002139841695549384,False
0.00015024196332238384,False
0.0006018993343925861,False
0.00010106418612209227,False
0.00014367132352333196,False
0.00010647851373752883,False
6.22400312886393e-05,False
0.0004154766380277274,False
0.00013117963144156813,False
6.224066649034027e-05,False
0.00034382303258810706,False
0.0003438206362709156,False
0.00018699076964790918,False
0.00030249984324338475,False
6.223955133368076e-05,False
6.267656644644108e-05,False
0.0002398917975998178,False
0.0002189625331082241,False
0.00029305589178477197,False
0.0002930542150374583,False
0.00020266657670470702,False
0.00023989410451809103,False
6.223902456471148e-05,False
6.319279793820515e-05,False
0.0001648602747677676,False
5.254068591268786e-05,False
0.0001954713094490191,False
0.00026549961878028275,False
0.0001648597285090706,False
5.25414882254494e-05,False
6.223872419863129e-05,False
6.283120394369056e-05,False
5.254113689604699e-05,False
9.832820265823767e-05,False
5.0117818590482645e-05,False
0.00019786332519322806,False
0.00020266474444967578,False
0.00010055016914729917,False
0.00019614181770206404,False
0.00043189830339543974,False
0.0001715931666283507,False
0.00013291743587969695,False
0.00016908962176265637,False
0.0001690876001589681,False
6.219318288276542e-05,False
6.290287948486974e-05,False
6.278369244288596e-05,False
0.00023989464487384515,False
0.00017573835221788267,False
0.00017252562284702413,False
0.00016483389736798642,False
0.00017621214780085166,False
0.00019070175458884845,False
0.0002817821963257155,False
0.0005114920584989996,False
0.00010222400188991428,False
0.00010220233175083017,False
0.00010217330616749358,False
0.0002817825124025481,False
0.00010649990058100299,False
0.00010077724925801828,False
0.0001021821485596383,False
0.00010580401422586505,False
0.00010108764877382004,False
0.00011648940926575018,False
8.767274953505365e-05,False
0.00028178344910042457,False
0.00016299990865877525,False
0.000223682934878945,False
5.978872630482828e-05,False
5.7540900352816155e-05,False
5.558712384719829e-05,False
5.392988898337221e-05,False
0.0005372115886460925,False
0.0005372177881993467,False
0.0005372162392109,False
0.0001707801319219013,False
0.00014896762310019992,False
0.00013181789085094198,False
0.0005372135692821493,False
0.0016355613962262606,True
0.0016355657164016369,True
0.0002236762891499347,False
0.0016355778984975173,True
0.0016355758993235917,True
0.00022367580947537727,False
0.00010447481680309084,False
0.00022354286663637111,False
0.00010460864462264153,False
0.00010460947119659445,False
0.00012648702301713477,False
0.00012648674991441315,False
0.00012648754362210344,False
0.00012648541450174363,False
0.00012648805736672664,False
0.00010461146258818819,False
0.0001046111944533184,False
6.0026536346722024e-05,False
0.0005955709085346715,False
0.00010461379479933085,False
0.00010461294116580135,False
5.667625583763629e-05,False
6.002581064011936e-05,False
6.446054552339432e-05,False
0.00012648892909310197,False
0.00016913785283370627,False
0.0005369922773739971,False
6.002685805994005e-05,False
0.00012648882423747605,False
0.00010461435964760903,False
0.0005955660721119152,False
0.00012649051392803404,False
0.0004932302491714246,False
0.00010675004857453339,False
6.002451472015488e-05,False
0.00012649084265900772,False
0.00012649050848960013,False
0.0005955627982439324,False
0.00012199936537123767,False
0.00013678112718624492,False
0.00015874701014432236,False
6.378163199515496e-05,False
5.56921411663317e-05,False
0.00010461551962210046,False
0.0005955605100776547,False
0.0016991421649123976,True
0.0001264912345722149,False
0.0005369770077281801,False
0.0005955593122383779,False
0.00012649174509279362,False
0.0001264930905814499,False
7.46494124951279e-05,False
7.464945490078655e-05,False
0.0016991385003397761,True
0.0001374099309220734,False
0.0003279333380432558,False
0.0003511574427746524,False
0.00034922650500154417,False
0.0003475183688946264,False
0.0003460188504176595,False
0.00029929401812592944,False
0.00029929699450393244,False
0.0014964018655267471,False
0.000770131789589995,False
0.000531649886767065,False
0.00022255048837168813,False
0.00017490561555800083,False
0.0004064099304897494,False
9.554937830504152e-05,False
9.555102335196205e-05,False
9.710274254422039e-05,False
0.0001775821132451989,False
0.00015302758520539082,False
0.00017098902728165854,False
0.00014156823513001123,False
0.0001775806120071399,False
0.0011896495013951835,False
0.0006933824005223296,False
0.0019501130782164382,True
0.0002591803020351536,False
0.0006933905242858854,False
0.0011896490923996733,False
0.001950126876759177,True
0.0019501190155284285,True
0.001950117803395675,True
0.00017757617076157007,False
0.0014963474020267644,False
0.0019501305749700765,True
0.00017757548192339932,False
0.0011896531307214752,False
0.00025917776905353643,False
0.00015303005226395235,False
0.0003195558796668135,False
0.0016891569165699608,True
0.0019501065534690309,True
0.0001340670677104946,False
0.00015303024165043078,False
0.00015360587584384858,False
0.00021559609188299852,False
0.00022229871508368406,False
0.00023319283299929174,False
0.0003512788070631948,False
0.00034613328400375274,False
0.0013690989810996724,False
0.00015360137362493132,False
0.00021815353852086566,False
0.00017099400883501423,False
0.0002992529222959656,False
0.00015359926847326424,False
0.00021417153116137235,False
0.00011982824616605224,False
0.0002742681623124354,False
0.00027427082966058905,False
0.00011607066907569705,False
0.000276143185654754,False
0.0001704579936527601,False
5.215222111208071e-05,False
0.0001753256863464657,False
0.00012717196993680587,False
0.000760329396882909,False
3.59996831772485e-05,False
0.00010892298164059304,False
9.434479886429823e-05,False
3.213038834848764e-05,False
7.29640057125338e-05,False
3.4507085636283736e-05,False
0.0007603243444143182,False
6.602606344680107e-05,False
5.681912575918784e-05,False
0.00023223724366307024,False
3.3527877366432184e-05,False
3.453312684973169e-05,False
3.2129235028592295e-05,False
3.2129362947136264e-05,False
3.157484661247456e-05,False
3.126531601847161e-05,False
3.213008467219584e-05,False
6.948118161807217e-05,False
3.212998270943827e-05,False
3.212999051745709e-05,False
7.084397599832151e-05,False
3.1266551783181356e-05,False
3.2130567062342563e-05,False
9.361072040908516e-05,False
0.0003345264069873551,False
3.21298523689582e-05,False
3.126642757272852e-05,False
0.0001343893428768807,False
8.417536006472395e-05,False
0.0007603070171855584,False
3.126656462172527e-05,False
8.889176070219988e-05,False
0.0007603027448816331,False
9.203566130720525e-05,False
9.436913094511417e-05,False
9.4370266789587e-05,False
9.489040623732365e-05,False
6.948642158244437e-05,False
6.948613602972471e-05,False
9.489023410000622e-05,False
3.126706583369397e-05,False
7.296764915964635e-05,False
9.497179451367094e-05,False
4.591462324397527e-05,False
8.438340017712856e-05,False
7.191949486209926e-05,False
0.00011377365753465881,False
8.149612869527572e-05,False
4.4715887723395425e-05,False
9.497200868131891e-05,False
9.497376651619713e-05,False
9.497201367239993e-05,False
3.6727965013785647e-05,False
0.00012256076279976088,False
9.497403340776451e-05,False
9.497468973446368e-05,False
0.0001006087942209022,False
9.497518165831649e-05,False
9.497471421082696e-05,False
9.786286817394123e-05,False
2.539591682618665e-05,False
9.49730156682112e-05,False
7.044608582118356e-05,False
7.572962057565498e-05,False
9.814695464933412e-05,False
9.497382639868187e-05,False
9.445202456405375e-05,False
3.131526213565056e-05,False
9.445105076776717e-05,False
9.44526990970154e-05,False
0.00010897206777312729,False
9.445300577148095e-05,False
0.00010897220091029755,False
3.2167081691512745e-05,False
2.8081808830992144e-05,False
2.808275017756022e-05,False
0.00010897208988609679,False
3.0415471235098587e-05,False
3.673011511448522e-05,False
9.486792724586371e-05,False
0.0008358097125292023,False
0.00029315085735551427,False
0.00011188601913735693,False
6.722986484064927e-05,False
0.00029314701417313603,False
0.00029314542671015655,False
2.861714049699537e-05,False
2.8617068351911114e-05,False
0.0002931428388109685,False
5.308184562446827e-05,False
4.440684271300015e-05,False
0.00011207511276696798,False
4.4407930960146866e-05,False
0.006539328846713212,True
6.38813683454052e-05,False
5.266457982334212e-05,False
0.0013253782402209585,False
0.00029244105482334736,False
4.440959181919495e-05,False
4.735002654043356e-05,False
5.798916726422401e-05,False
6.318301328940213e-05,False
0.0007776533407396032,False
0.00021879636528445193,False
0.0002921503591599329,False
0.00027922338405739124,False
0.0002187974687497756,False
0.0002792235249712357,False
0.00027922506440851576,False
0.0002921515722406904,False
0.0006132388342098072,False
0.00018569770070838408,False
0.00023308306163041158,False
0.0006132386998189148,False
0.0002187985974981991,False
0.00021981077448641865,False
0.00019373538755046156,False
5.259163213290592e-05,False
0.0009328699546390022,False
5.308322340460678e-05,False
5.308251155491183e-05,False
6.692851287575825e-05,False
4.431763848904814e-05,False
3.294253508573562e-05,False
5.799469685567624e-05,False
5.3948195567285875e-05,False
5.032112818484526e-05,False
5.3112230251870964e-05,False
0.0002347644006339076,False
0.00013313631017292316,False
5.1254939364049404e-05,False
4.723025451106617e-05,False
4.551485968532371e-05,False
6.567782860367808e-05,False
6.68752880004647e-05,False
7.045646252653708e-05,False
0.00029239848619392884,False
0.00025906829094144286,False
0.00017517180885445993,False
0.0002347599074612878,False
2.8906226764527732e-05,False
3.220439567999428e-05,False
0.00012262106532390704,False
3.181749088115823e-05,False
0.00010901952807679908,False
0.00010901939681732865,False
0.00010901828249749807,False
9.44996500817382e-05,False
4.495233890509624e-05,False
5.0008525285269674e-05,False
9.513749398660822e-05,False
3.2237945155659544e-05,False
5.0009097861854364e-05,False
3.063181631683228e-05,False
5.308954091104147e-05,False
7.575759250106613e-05,False
0.0002488507879600879,False
3.1406902088938085e-05,False
2.8733001452187828e-05,False
2.873280954387931e-05,False
3.140604201107164e-05,False
0.00010694309975548169,False
3.140686223003906e-05,False
0.00021839778065154235,False
2.873300508728609e-05,False
2.8157340676397237e-05,False
3.140729748356181e-05,False
3.140742790773821e-05,False
0.00012267884100798779,False
3.140740386913763e-05,False
0.00010906318757251282,False
0.000207942438588345,False
3.140844500151696e-05,False
9.514217712547484e-05,False
7.575827026900079e-05,False
3.6817091860279125e-05,False
4.693336233834356e-05,False
6.330187333980429e-05,False
9.503177010938339e-05,False
3.610821252006941e-05,False
0.00021475063582909786,False
0.00022449492466936923,False
0.0001952978061771857,False
7.160402250445524e-05,False
0.0002840123597479813,False
0.0013684089022490378,False
7.160643366982533e-05,False
0.00015587220045581865,False
7.160544561221831e-05,False
7.16051524799642e-05,False
7.160668929756596e-05,False
5.17602890187912e-05,False
4.5824445199609464e-05,False
0.00028400071714430934,False
7.160601698188366e-05,False
4.553370525256769e-05,False
0.00011013447513531992,False
4.697619744428014e-05,False
5.72683709002798e-05,False
5.111482448530046e-05,False
5.419427436495137e-05,False
0.00023356546668919673,False
6.476213416953003e-05,False
6.476177910611102e-05,False
5.2883820447109246e-05,False
0.00013344568880786046,False
4.67125957691731e-05,False
4.5609493888372274e-05,False
7.171632077280533e-05,False
7.199371010362582e-05,False
7.544345851933978e-05,False
6.62078049743456e-05,False
0.0005388437660986528,False
7.358994013608173e-05,False
0.0001184699265939423,False
4.364245543333733e-05,False
0.03324069908944501,True
0.00016191484783819972,False
0.00011846607660728731,False
5.918152650994101e-05,False
0.0001619159736769185,False
6.321157018104766e-05,False
6.493116898466988e-05,False
6.493178372420671e-05,False
6.287481242209728e-05,False
9.416917879432593e-05,False
0.00023154153637164717,False
0.00011846739414113966,False
3.058463699379244e-05,False
2.6621187221918722e-05,False
0.0002290278638078548,False
0.00022806220599277052,False
3.929372449946523e-05,False
6.660787465711707e-05,False
0.00023154442832154867,False
6.584900772333476e-05,False
0.00022806760109799254,False
0.0002162665540875471,False
0.00011231072073868869,False
3.7463309638672175e-05,False
0.0002290289861095086,False
0.0002315446805687339,False
3.7464017273842464e-05,False
0.00023154474165643552,False
0.00022367526479264796,False
0.00022806323900161277,False
0.00011230875832557151,False
7.993294378683997e-05,False
8.017912561849986e-05,False
0.0001123099656133233,False
3.746394261300011e-05,False
0.00022806957181617532,False
0.00022807285801209858,False
8.361600357243049e-05,False
0.00011230935885250305,False
9.417528465094374e-05,False
9.417514332877436e-05,False
0.00022807306967454488,False
0.00023155077275183463,False
8.561382651250219e-05,False
0.00022807451518354235,False
0.00022827458237679324,False
0.00023174638389114388,False
0.00023175042449285812,False
4.3675300962173956e-05,False
0.00011229957716438253,False
5.225905766596165e-05,False
0.00023174877525554427,False
0.00023175055703671308,False
0.00022827469901346044,False
0.00022827536451997386,False
0.00022827471052953244,False
9.618181270322756e-05,False
4.3676298321812e-05,False
2.9900074633405506e-05,False
0.00010840565156784998,False
0.00011229633808786796,False
0.00010840514359228321,False
0.00010840438977819171,False
0.00010840523451701456,False
6.149043095616814e-05,False
0.00023175590089621924,False
4.367694374222784e-05,False
0.00010840543961019248,False
0.00023175390430107317,False
0.0002298655255296352,False
0.00023175835033876954,False
0.0002282813738280233,False
0.0002317595960135082,False
0.00022953803508255944,False
4.040526807569564e-05,False
0.00021634960534782383,False
0.00021634656987931541,False
0.0002317611299143973,False
0.00011229786042242641,False
0.00023176312522809884,False
0.0002317615741946013,False
0.00010840111315251596,False
0.00022828419094725647,False
5.225943387280257e-05,False
6.284827356782076e-05,False
0.00015540731879625468,False
0.0002932542581592063,False
7.623752005206862e-05,False
6.746762829034928e-05,False
5.740159164989331e-05,False
0.00011055104137207052,False
0.00015449443919444313,False
3.37613023106847e-05,False
0.0001647367757758954,False
0.00012183818824126563,False
0.0005010666241497836,False
0.0003264887706672241,False
9.269351415786547e-05,False
0.00012308546367789335,False
0.00016652143363078974,False
0.00013546070295591565,False
8.462940184999541e-05,False
0.00031342108646244737,False
0.00013546305238926754,False
9.78255645418521e-05,False
0.0003134204569975541,False
0.03282933380299956,True
0.0001307673743010795,False
0.00027470991367687877,False
0.00016309892508384829,False
0.00016794880790692036,False
0.00041586862324215646,False
0.00014053203620736595,False
0.00016309872753693367,False
0.0001680101398161399,False
0.0001770686075236349,False
0.00014942145569239878,False
8.897805461493042e-05,False
0.000604048468890666,False
0.00024010382191251805,False
0.0005439482201730948,False
0.0005965316631963973,False
0.00040142992156592895,False
0.00015603585722171728,False
0.00044017184818706485,False
0.0005050319522655231,False
0.0005112422637072055,False
9.469767868867434e-05,False
0.0005112477301277751,False
0.0001932152914218912,False
0.0004508725774357449,False
0.0003370992413425585,False
0.0009366431988149762,False
0.0001782457756933703,False
0.00016020616552953512,False
0.00017492981203924985,False
0.00013186345817511354,False
0.00016552791646328878,False
0.0001528070173053067,False
0.00022521884565303478,False
0.000350923647999668,False
0.0005660968795519725,False
0.0010590055301324922,False
0.0004259386761380953,False
0.00021920359723629515,False
0.00020479492406407022,False
0.0006531168982263163,False
0.0023446238835870604,True
0.0023028789015330257,True
0.001243634011562383,False
0.0023645839789838688,True
0.0021995485431377665,True
0.0003776198326976654,False
0.00047017761649926246,False
0.000838250320039545,False
0.0002466067980762575,False
0.00040081797707836633,False
0.0006680193872642592,False
0.00022191422357500639,False
0.00013990680449411854,False
0.0001382879515562171,False
0.0001377436686949519,False
0.00020742083280937356,False
0.00020902693014649988,False
0.00014167207923839088,False
0.00013946867200822312,False
0.00012401385845105703,False
0.0005317442519148992,False
8.548081474609875e-05,False
5.550337397307008e-05,False
0.00026191152377154944,False
0.00018593859454059882,False
6.497877139917624e-05,False
0.00010426970817714365,False
8.758669499414428e-05,False
0.00016994555685977223,False
7.89769378201553e-05,False
0.00010508296967256559,False
0.00014369295005703633,False
0.00017742885294784024,False
7.580713803276577e-05,False
4.9404008023872036e-05,False
0.00022694925284504034,False
6.65410003200273e-05,False
9.674298653427325e-05,False
0.0001750336542746252,False
0.0001259129518764255,False
0.0002659924797209943,False
5.815189680581554e-05,False
5.8573028224705535e-05,False
0.00010593600719747886,False
0.00017691053244567274,False
5.967414478444596e-05,False
0.0002760942475421341,False
7.01386665198832e-05,False
9.407155804782891e-05,False
6.316783762413912e-05,False
7.284494716624509e-05,False
7.161906274078417e-05,False
0.00012727384012075797,False
0.00014338566224128478,False
0.000251502696913375,False
0.00017006471402084466,False
0.0001708497116796135,False
0.0003568723726327732,False
8.191947385080144e-05,False
6.447925763684487e-05,False
0.0003632391718896785,False
8.223566730510703e-05,False
0.0003449411044529228,False
7.023532718330723e-05,False
8.653634525316853e-05,False
7.039893595335894e-05,False
6.096752928699282e-05,False
6.0404131081201455e-05,False
7.392594755956989e-05,False
6.106962192921342e-05,False
7.511771799692371e-05,False
7.696038423564392e-05,False
7.580798704415117e-05,False
6.286800011430263e-05,False
7.80173310384254e-05,False
6.485402614840529e-05,False
6.600428477281624e-05,False
6.776056780366424e-05,False
0.00017436787156452463,False
0.0002522843031531586,False
6.64185446996336e-05,False
0.0001040840778899123,False
0.00013304138302814948,False
0.00012842373603773032,False
0.00026773960502305755,False
0.00040952275440177504,False
7.730920922692452e-05,False
7.035049417415718e-05,False
0.00022128351897661086,False
9.04050404636141e-05,False
7.683113984218012e-05,False
8.720328178701665e-05,False
0.0003163520133854233,False
0.00010044488816358967,False
0.00014737844955355517,False
0.00011283992686291373,False
7.832122404176764e-05,False
0.0002671273314811684,False
0.00037703127382118524,False
0.00010271006928921393,False
0.00031635418653564097,False
0.00012729419912243053,False
0.00015123985029393526,False
0.0001512384004024873,False
6.83201752130198e-05,False
0.00010270943592608553,False
0.00015123855832481286,False
0.00015123875675708348,False
0.0002757520731904998,False
0.00012500232143573882,False
0.0001039119855732374,False
0.00010391204272304161,False
0.00010391228630295073,False
0.0016340301433780914,True
0.0001250023434658484,False
0.005987253074629981,True
0.00010391153470991064,False
0.00010391028616202569,False
0.0001039099799936121,False
8.840721427968014e-05,False
0.0002240050031290834,False
0.0002493148530838755,False
0.00027575782716687174,False
0.00010390993092375484,False
0.0015825142672249758,True
0.001582510991232689,True
0.000125002634397658,False
8.808005072823926e-05,False
0.00018549618942673444,False
0.0015825147769710627,True
0.00017733203824715966,False
0.00010390447487755944,False
0.0015825120934622274,True
0.0002809054033024615,False
0.005424488320148342,True
0.0004069623023106688,False
0.00026041184342505283,False
0.0044573734145370685,True
0.0005062522059262381,False
0.00032192272906989954,False
0.00026630885000266557,False
0.0008699274850231571,False
0.00041780640946505323,False
0.00032192351476996743,False
0.0004181035135732125,False
0.00021362937436000926,False
0.0008695800053451701,False
0.0008695781023299099,False
0.00021339432022171676,False
0.000869567069741391,False
0.00032162290570689347,False
0.0002660486692502881,False
0.00032162082894237405,False
0.0004120944043680438,False
0.0005080419416265624,False
0.0003216177814678275,False
0.004053341336099163,True
0.00021339104280707045,False
0.00042120891304699593,False
0.00021339444891088237,False
0.0003216216703706348,False
0.000321621400731322,False
0.00021144036125940588,False
0.004053364401345124,True
0.004053353629338245,True
0.0001444350125093978,False
0.0040533292752517715,True
0.0008695599041397156,False
0.0008695635639325167,False
0.000321615456596413,False
0.00032161274184106285,False
0.00022275254396258558,False
0.00032161375864083483,False
0.00021143905152981552,False
0.00021143923910896142,False
0.0003216157698202328,False
0.00022275335119583713,False
0.00021948229105387697,False
0.0003216121385918648,False
0.0008695623518623398,False
0.0008695583038805715,False
0.004053343867482382,True
0.004053331975354497,True
0.004053348147427881,True
0.0002088981344845607,False
0.006797007083814372,True
0.0002700568656963075,False
0.00025274460454368064,False
0.006797044132805104,True
0.00028701079156154654,False
0.0005415120968202179,False
0.00028700823161477396,False
0.00025592582071720763,False
0.00034445668822032994,False
0.0005415191244902453,False
0.0003109928202956092,False
0.00024592837076508044,False
0.00027010752856501327,False
0.00040567290903575643,False
0.00025339431248216535,False
0.00034445598329005454,False
0.000541297884347144,False
0.006797614862036326,True
0.00028346621632638314,False
0.0002831125627372825,False
0.0047940593790373725,True
0.00025295898105676194,False
0.0002529576929441439,False
0.0006047611820450401,False
0.00025295920817549293,False
0.000283110946733891,False
0.006797687345319393,True
0.0002891677959682797,False
0.00031224092545391834,False
0.00013657453925527822,False
0.00013657399060953737,False
0.006797709667691386,True
0.00015058592797725698,False
0.00013657352182449987,False
0.006797721424380684,True
0.00025295056474944366,False
0.0002529515395588112,False
0.00025295058992742716,False
0.0002714353054927144,False
0.004919511848740437,True
0.0002765074607626663,False
0.00015716287288993492,False
0.0002969100677811231,False
0.00023479072870938558,False
0.0002520904558241723,False
0.0002589114565270524,False
0.00023362973453466194,False
0.0003204782423944217,False
0.00013735259903211044,False
0.0014897371063974402,False
0.00023479192927157186,False
0.0003054474957399829,False
0.0005218891980021084,False
0.000310708287006062,False
0.00014063957433317346,False
0.0003323299085785135,False
0.00030568973927913844,False
0.0002429607723659424,False
0.0003160292034276637,False
0.00019484548315612692,False
0.00020681308532666273,False
0.00027198251736825423,False
0.0004106577634883732,False
0.0049238783726117214,True
0.0003453370648230168,False
0.00031730393782539884,False
0.000252570130932832,False
0.00031369332056135836,False
0.00010327697491222684,False
8.344542005207973e-05,False
0.0002767647429057923,False
0.0001912980079523356,False
0.00020748896714400144,False
0.00011159678094857394,False
0.00029559178060495605,False
0.0001738425388060943,False
6.825423544921602e-05,False
0.00010855813118208624,False
0.00022921700685196023,False
0.00010892668433275837,False
0.00011446325380029727,False
0.00011454202176488418,False
0.00011462343855738464,False
0.00011470132238963478,False
0.00011478061714199321,False
0.0001148610598726138,False
0.00011494023485083876,False
0.0003247210587862814,False
0.00014079619061427214,False
0.00021779320328807852,False
0.00010810049465765311,False
0.00012767308818035958,False
0.0005242499752999906,False
5.2495016503850754e-05,False
0.0001579593464636201,False
5.364419257989215e-05,False
0.00031802104987086605,False
0.0005666194706021553,False
0.00015817771906579157,False
0.000255682752788594,False
0.0001822585329556484,False
0.0005666202536078085,False
6.308516014146398e-05,False
0.0005666208711889889,False
0.0006071303325117703,False
0.0006696198824288198,False
0.0007470883700420156,False
0.0008395357822387478,False
0.0009037093505253509,False
0.0009442548082576204,False
0.0010031050037565398,False
0.00013079174773176464,False
0.0001887331613573267,False
0.00011267767159849084,False
0.00010881416484617067,False
0.00012005171602514931,False
0.00012767336960029486,False
9.89323563329398e-05,False
9.937388501526096e-05,False
9.735899352662451e-05,False
0.00011081568586614884,False
0.00010597030122761307,False
0.00010947190754408282,False
0.0001458474273051272,False
0.00011393324654602103,False
0.0002419801914527683,False
0.00014099217238648285,False
0.00017531236749269684,False
0.00018210586899487886,False
0.00020257184222903868,False
0.00020265530966972833,False
0.00035882712305865906,False
0.0001307946757956872,False
0.00012845864268312145,False
0.00013079575530763212,False
0.00016165832454872027,False
0.00023837784521169893,False
0.00016165892977724523,False
0.00016166026473101174,False
0.0001617212704089528,False
0.00011379428979337836,False
0.00023314440594864855,False
0.00013117329757074143,False
0.00018279026991150314,False
0.00012817943490614112,False
0.00020282199890234393,False
0.00019397321342234128,False
0.00014575615450547732,False
0.00016170080618756863,False
0.00010481951855734038,False
0.00010038220742226148,False
9.719664076835616e-05,False
0.000198861012735033,False
0.0002383980150517955,False
0.0003586368357357596,False
0.00015768585227640217,False
0.00017532587610021933,False
0.0001130000499750419,False
0.00019542707547664273,False
0.00023640910497750025,False
0.0002185042719053964,False
0.00011732894124757157,False
0.00031303319347532034,False
0.00012200588109809659,False
0.0003569252233092614,False
0.00018373872432795706,False
8.550810034854329e-05,False
0.0006493622121360025,False
0.0006440604194058194,False
0.0001627772935105761,False
0.0004124374765978263,False
0.0004840036723461396,False
0.0005605464684061529,False
0.00040535422933548357,False
0.0004207831320323508,False
8.855337808677202e-05,False
0.0004005390696904706,False
0.0003481824353467471,False
0.00014682669465845589,False
0.00023560378733691021,False
0.00025796244941567555,False
0.00024892535509460475,False
0.0005092659689975004,False
0.00017469458354652098,False
0.0005155688350305637,False
0.00037904184474516715,False
0.00047079363396137976,False
0.0005691834322394262,False
0.0005898293689640431,False
0.0003306597710369757,False
0.00023393288587601654,False
0.00012203347906822778,False
0.0002005861346340635,False
0.00035317345795223,False
0.0003270735410781479,False
0.00023085808570004105,False
0.0005643891560028258,False
0.0003223449775423876,False
0.00035077511356384155,False
0.00019454905559680052,False
0.0003853771731302846,False
0.00035024753833763205,False
0.0003572906295929981,False
0.00020604359305382414,False
0.00042039350404529365,False
0.0004601902563284691,False
0.0006608155845002837,False
0.00030631846051615036,False
0.0006679393299021167,False
0.0006593990339768241,False
0.0003608435397071879,False
0.0004728562961443453,False
0.0005955159342122339,False
0.0006679343620478402,False
0.0003979442362543246,False
0.0006937438145940625,False
0.0003979482309608301,False
0.0002697947193451444,False
0.0005266165419028746,False
0.000657710211463223,False
0.0006653158449614932,False
0.0006653199699225166,False
0.00027361578819235703,False
0.0005391574679007069,False
0.0006294688916773272,False
0.0003475411088488404,False
0.0006258976886169533,False
0.0003315619638813703,False
0.00028444812856906194,False
0.0006595873305167368,False
0.00022748870746927812,False
0.0002693226611036037,False
0.0006289460350906241,False
0.0007257677448539955,False
0.0002850525102543459,False
0.000265776295122996,False
0.0006576350654569092,False
0.0003318025970697345,False
0.0006258166639144781,False
0.000600276031565267,False
0.0011234090111079582,False
0.0004174935144952782,False
0.001119471770226223,False
0.00111946917176239,False
0.0011194681843900017,False
0.0004265703886806851,False
0.0011194719364172648,False
0.0020107667002864896,True
0.0008861074103917034,False
0.00037020022282327036,False
0.0013717393190931233,False
0.00040719529204357173,False
0.002010763704271358,True
0.0013717353646891576,False
0.0020107445048687805,True
0.002010744098179554,True
0.002010742891858631,True
0.00040719683275710353,False
0.0013717338434595552,False
0.00037019834866354803,False
0.0020107458254620763,True
0.00037019834788901146,False
0.0013717387297843774,False
0.0003548408644688629,False
0.00037121020798931877,False
0.000344098641651958,False
0.0003440841778076719,False
0.0003440621179402227,False
0.0005212044014752149,False
0.00025272241670984614,False
0.00034763300523076187,False
0.0005554745109384954,False
0.0008178128590743145,False
0.0005379590648776765,False
0.0005724224582155617,False
0.00012081151406674622,False
0.011703274431902565,True
0.00012513992315981858,False
0.00013500992329833255,False
0.00012496135266946257,False
0.0006268567628417053,False
0.000908614944786531,False
0.0003335744138148074,False
0.00011476623514745151,False
0.00034280162313850705,False
0.0008407934622736498,False
0.0005191406635586931,False
0.0006184952303249047,False
6.136092281746227e-05,False
0.0003045813268735527,False
0.00020048567895617826,False
0.0002699813827431603,False
0.00026998232440527607,False
0.00026998443107919987,False
0.00045637384442480747,False
0.00045637119240502736,False
0.0011704808581539164,False
0.00042721259185239256,False
0.0004562095167945299,False
0.0067138560986311786,True
0.0004562086984152143,False
0.00045620808279751433,False
6.15519858388136e-05,False
0.0006802194919670227,False
0.0004562088599616638,False
0.00045621515441104287,False
6.155284437332802e-05,False
6.15536439307107e-05,False
6.155375439650211e-05,False
0.00030462828391231877,False
0.00030462846812827165,False
0.00030462837519728853,False
0.0015165394621848183,True
0.00030463046976186256,False
0.00030462928362516545,False
0.00151653616524531,True
6.15561118187728e-05,False
0.0002003354518916138,False
0.006713848001999357,True
0.00024972674927993587,False
0.00671382945016449,True
0.00671383190936181,True
0.000249727044008369,False
0.0001512823781125303,False
0.00015128385334005104,False
0.00014533380240640557,False
0.00020504992504848042,False
0.00012761154016041685,False
7.955236307491578e-05,False
7.955227653844142e-05,False
0.006719118649627713,True
0.00015535686719555502,False
0.00015308433560035987,False
0.00015247931358961905,False
0.0002507554576384439,False
0.0002050500183754271,False
4.9684207586396966e-05,False
0.00016302058477135842,False
0.00027009362168587954,False
3.8443070588352774e-05,False
0.00019377577586478367,False
0.0001311799381118106,False
0.00023169499974591703,False
0.006719088948411586,True
0.006719089773259763,True
8.961878809453095e-05,False
8.961855448157312e-05,False
0.00015448449951049905,False
0.00014378332220349867,False
0.0003046347919775959,False
0.00030463220022600076,False
0.0003046355690895239,False
0.00013912471989463795,False
0.0001738565746284103,False
0.00015405407152642257,False
0.00014378603306126216,False
0.00011496728997059422,False
6.155804303586458e-05,False
0.00040771817412931855,False
0.0007323480057353016,False
0.0009529670979010315,False
0.0004560285271822072,False
0.00045603617034039527,False
0.00047042055524753045,False
0.0002702067625198621,False
0.0002702073988455437,False
0.0001393934826326005,False
0.00013939396978011849,False
0.00013939337334568968,False
4.9745787695709676e-05,False
8.955993839217454e-05,False
0.0001393946469767086,False
0.00020503155385232102,False
0.0001176426119331114,False
4.179126378903335e-05,False
0.00013939611242810133,False
0.0037709017307682217,True
0.0004560267776221529,False
0.00013939839512853915,False
0.0001393993617312524,False
7.391120233546042e-05,False
0.0004560307798077539,False
9.911103310688549e-05,False
9.91120419144746e-05,False
9.911143017723069e-05,False
0.0004560329677115242,False
5.750605723343435e-05,False
6.612889038684471e-05,False
5.0541387493744654e-05,False
0.006717525478911851,True
0.00013812253313042697,False
0.00011516052828163927,False
0.0015163487916174036,True
0.00016705329502796654,False
0.0001151622280847897,False
0.001516357351489049,True
0.00014555131267761818,False
0.00015150025298684444,False
0.00020618035532776882,False
0.00024960671283868373,False
0.0001394077282279504,False
0.00013940822668435463,False
0.0001151645980314922,False
4.179360415397934e-05,False
0.00013940983578851447,False
0.0002496048077130688,False
0.00013941000920101993,False
0.0002702137388907867,False
0.00011516631328780839,False
0.00013940956858203796,False
0.0001515041997675772,False
0.0001515033760300498,False
0.00024960427968380276,False
8.955514172543884e-05,False
0.006712133927927138,True
0.006712121648761618,True
0.00018016624672660957,False
0.0008524125227826752,False
0.0002703212524441823,False
0.00020002361486665772,False
0.006710704059172549,True
0.006710676039161853,True
0.0015161887117398744,True
0.00027032145052928544,False
0.0015161905642942356,True
0.0002703197439108878,False
6.19754149906687e-05,False
0.0015161954023523495,True
0.0002544493104862846,False
0.0009936017811953645,False
0.00038063154946801523,False
0.0001809674408252835,False
0.0003806314658521328,False
0.0002544488895719078,False
6.643745986197614e-05,False
9.464813795025215e-05,False
0.00019693196226754225,False
8.271788137370434e-05,False
0.00020187567792757406,False
4.352641294741489e-05,False
7.836845542054746e-05,False
0.00023619602875164336,False
4.826431516914425e-05,False
0.0003075479070481613,False
8.271773508636114e-05,False
4.1663376932143095e-05,False
4.166304804807104e-05,False
0.0001809676180409016,False
6.643852977000506e-05,False
9.464800762804063e-05,False
0.00019692931818629538,False
0.00020187401368010073,False
4.3527918697466e-05,False
8.806044048603524e-05,False
6.643810219401289e-05,False
0.00023619268727242883,False
4.1663996750412944e-05,False
7.352424361930959e-05,False
0.0001738213544390948,False
7.888299133278543e-05,False
0.00023619102810632344,False
4.1664292161544855e-05,False
4.1664198375484414e-05,False
6.646213494713588e-05,False
4.17036453341921e-05,False
0.00014741628283561911,False
0.00014741619559078327,False
8.813969728263267e-05,False
5.8667967082458926e-05,False
4.170329104596159e-05,False
8.813796492328574e-05,False
7.70368001620515e-05,False
7.892111336945494e-05,False
7.892071451980968e-05,False
0.00014581287757774468,False
0.00022454368905896276,False
4.831436644227165e-05,False
7.355639871007041e-05,False
7.355735303973243e-05,False
0.00020175054409241275,False
0.0002543806455966539,False
0.0001474135612500786,False
8.142213148992442e-05,False
0.00014741367629951004,False
0.00015090032329698132,False
7.355644512074523e-05,False
0.0001458106124613925,False
0.00014741319000261327,False
0.00014604736861419484,False
0.00020959074473990349,False
0.00015191775720413037,False
8.813703605691153e-05,False
0.0003806887694548352,False
0.00015191769242594902,False
0.0001968474105664897,False
8.142323335766637e-05,False
0.00014604704531239024,False
4.831587390313503e-05,False
0.00014580804265305783,False
0.00013257053978641683,False
7.884363011829496e-05,False
0.00014580916682241057,False
0.00014604765923000593,False
7.884418074907343e-05,False
7.884394017339675e-05,False
7.92550206818721e-05,False
6.413601007354845e-05,False
7.321088587760311e-05,False
0.00014594803865115733,False
0.00017361829102364356,False
7.321123898645847e-05,False
7.184621501802846e-05,False
0.00014594684407905894,False
7.764711962131308e-05,False
0.00015164074530602025,False
4.174398263891462e-05,False
0.0001459443642692923,False
0.00014594550496185786,False
0.0009941852585817884,False
0.00021488645427455817,False
7.184611963744488e-05,False
7.842304298096028e-05,False
0.00020977361636502012,False
0.00014570497181977924,False
8.14792493074788e-05,False
0.00013532612910626172,False
0.00013613168278222526,False
7.497859520243851e-05,False
0.00014594331254745552,False
7.654898708774933e-05,False
8.968425932881332e-05,False
8.147945364535235e-05,False
0.00023554864288747446,False
0.0003807359993520114,False
8.147856979058065e-05,False
0.00016210909381648194,False
7.214485186792221e-05,False
4.174538268806239e-05,False
7.764788241065588e-05,False
0.00014570344073490282,False
7.359085327199491e-05,False
0.00024429455537824154,False
0.00026924236313206386,False
7.321169005766167e-05,False
8.147919699299109e-05,False
7.321025814953461e-05,False
7.321058105973016e-05,False
0.00022480324432345956,False
0.0003999540412958937,False
0.00014570105027537382,False
0.00022504972077455664,False
7.892804515137084e-05,False
7.362330451195181e-05,False
0.0002250482380186818,False
0.0002250501397901508,False
0.0003024430880658787,False
0.00014583611789144342,False
0.00022504950091320876,False
4.178589476210412e-05,False
0.0005195852105369454,False
8.969693665374616e-05,False
0.00017849112723714071,False
8.1536180914449e-05,False
5.592709824799655e-05,False
0.00014559866233035504,False
0.0002324074944921436,False
0.0002658078336683102,False
0.00011546115209228214,False
5.650889963149953e-05,False
4.178651708288893e-05,False
0.00034967387098185456,False
0.00022628247217671216,False
0.0003069352533936047,False
0.00012157542696620308,False
0.000358682232435517,False
0.0001999223685847048,False
0.00017141668297651567,False
0.0004827183452284971,False
0.00048271636544009735,False
9.629701544114229e-05,False
0.00030693314788038145,False
0.00012157734174154264,False
0.00022628544564338396,False
0.00019992504704946485,False
0.00082559629694158,False
0.0001429472470469609,False
0.001174661876819142,False
0.000617673712519876,False
0.00025460068965526536,False
0.00012157915766625407,False
0.00022628562768097868,False
0.00012700407267942395,False
0.00012700394382617094,False
0.00023738322758060887,False
7.300307662013987e-05,False
9.186048131162019e-05,False
6.306157936451863e-05,False
6.306279810046763e-05,False
7.316947278986018e-05,False
0.0004824439798559255,False
0.00023707968477554807,False
7.599772450014676e-05,False
0.0011737915130496433,False
0.0006703557405037473,False
7.61098453601989e-05,False
9.896689813491656e-05,False
9.896743531858351e-05,False
9.211371158653143e-05,False
4.0236009579466546e-05,False
9.794500873878449e-05,False
8.082529653163947e-05,False
8.804455788874648e-05,False
4.523142191393142e-05,False
9.794637122132625e-05,False
8.082622564635474e-05,False
0.0002725798197027718,False
6.86885443617656e-05,False
6.438023952862083e-05,False
0.0002654349517200769,False
0.0002654365900799378,False
0.0002654340038469127,False
0.00037221613592668216,False
0.0001273962328569501,False
0.00014308603629166532,False
0.0002001182454476862,False
0.0011737724978073815,False
0.0005421748785881017,False
0.00026543287876084395,False
6.301704169858387e-05,False
7.944510058331964e-05,False
4.52302157850021e-05,False
9.795439012048876e-05,False
8.082709390275901e-05,False
0.00011155511320540704,False
0.0001115557969063828,False
0.00046583812261886514,False
0.00027323201476088684,False
4.5231301486136526e-05,False
9.824236253868507e-05,False
8.082914066758822e-05,False
0.00042667023508503795,False
0.0004266712081349951,False
0.0004457268203992587,False
0.00027323233465358787,False
3.857493294357194e-05,False
9.824554335296113e-05,False
8.08292433356066e-05,False
0.0011737531894958123,False
0.0004460255572599622,False
0.00023677004745512308,False
6.119884814250884e-05,False
0.00022657839063705716,False
0.0001986956259485929,False
5.729584368048755e-05,False
0.0002722217733037248,False
0.0002265753367558274,False
0.00022657560069156554,False
0.00014322321853129643,False
0.00018766216503493145,False
0.0001986972061887176,False
0.00044603765103089075,False
7.320410032971705e-05,False
0.00022657770456788022,False
7.320560260112468e-05,False
5.834951213685129e-05,False
0.0011728444060192496,False
0.0011728475167957616,False
8.33293547495755e-05,False
0.0002722130650614209,False
0.00022657867880240712,False
0.00013960178933226282,False
6.873992183243429e-05,False
0.0004561111897306158,False
0.00022658299987695336,False
0.0003537243088283292,False
6.874060107401106e-05,False
6.874036134606095e-05,False
0.0002457282634350696,False
8.242731106277867e-05,False
7.564702748318394e-05,False
0.00022658264659681295,False
0.00023892424494153784,False
3.8582393335397555e-05,False
8.722574089872898e-05,False
8.090612561000763e-05,False
8.794984083030246e-05,False
3.8581915796702465e-05,False
8.722852707874657e-05,False
8.090605054158832e-05,False
0.000281487817213958,False
0.0002457289344212171,False
0.0001490531212878653,False
3.858198771716501e-05,False
8.722915423674303e-05,False
0.00011853650548450886,False
8.924771611062325e-05,False
3.858217601826087e-05,False
8.722869328133792e-05,False
8.090769277045084e-05,False
9.932925311269158e-05,False
4.859338343520119e-05,False
8.73737581361524e-05,False
8.098436922034796e-05,False
6.311360249894854e-05,False
0.00022673123907263927,False
0.00023913000064917271,False
4.859389995540485e-05,False
8.098393561912767e-05,False
8.78608867017876e-05,False
4.8592969341684454e-05,False
8.098415774948108e-05,False
0.00010257505239514157,False
0.00011878931507242898,False
7.174868124457215e-05,False
9.047471455532176e-05,False
8.433119951401077e-05,False
9.897462322647839e-05,False
0.00012810660325349404,False
0.00022673283571070357,False
6.87824484872559e-05,False
0.00022673412053507495,False
6.878261581532341e-05,False
6.87817811364662e-05,False
0.0005160675778531312,False
0.00042085163370847423,False
0.00038433375113888454,False
0.00035528369893930896,False
0.0005180341051841966,False
0.0001275007766089222,False
7.111030995791348e-05,False
0.0002694262507236491,False
0.0007595748889061692,False
0.00015409991761446937,False
0.00010552569177820636,False
0.00014132052400003077,False
0.0001360699966635859,False
0.00014735117829328066,False
0.00010096415153671527,False
0.00022482597657048285,False
0.0007806987029701908,False
0.00022869882656040185,False
0.00011070114700391506,False
0.0001490090430264987,False
0.0001279123400181639,False
0.0002905937470965876,False
0.0009052739605480344,False
0.00017332013438040698,False
0.00014749601576753972,False
0.00014653119308941453,False
0.00014587769845769553,False
0.0005415898165281771,False
0.00015726294096262019,False
0.00016141406727852192,False
0.0005415946347211576,False
0.0002449590514278487,False
0.00012907334542659063,False
0.0012615055385972898,False
0.00040064982929139596,False
0.0002750310543822675,False
0.001882479339087778,True
0.0023669677022289835,True
0.00024495264219050894,False
0.0002750400812857665,False
0.0012615076295104945,False
0.0023669465243212964,True
0.0023669557759296023,True
0.0009261905532230482,False
0.00014918491851584854,False
0.00013051015699266753,False
9.391251759911624e-05,False
0.0001305118653283451,False
0.0009459868793507657,False
0.00012396868161729181,False
0.00020349090491854393,False
0.00023647623224587464,False
0.0003290199946653352,False
0.00030051759139170957,False
9.969855537884853e-05,False
0.0001801235706391426,False
0.0002670834167248339,False
0.0007960005274317683,False
0.0004948291645451594,False
0.0001348068092356254,False
0.000440952520786069,False
0.0002364776086627173,False
0.00044095157959651984,False
0.0004948359801805109,False
0.00038992295665547387,False
0.0003899249761934022,False
0.001616911078781074,True
0.00026065461267840804,False
0.00042689209407513544,False
0.00023213893054443231,False
0.00017420688987779633,False
0.00046792995817707117,False
0.0002448998374602938,False
0.000611377663424443,False
0.00011899238628840296,False
0.000236480844240635,False
0.00106017333283202,False
0.0002919310301768316,False
0.0001806300054159035,False
0.00017871224818515394,False
0.001019520657044578,False
0.000501334176182378,False
0.00012154568643005368,False
0.0002578816706962055,False
0.0003385189492018325,False
0.0001277913348826835,False
0.0010496548090083576,False
0.00023012886971923534,False
0.0010108471837598657,False
0.0003317900872853959,False
0.00012104916408532001,False
0.00019903282079972726,False
0.0002142454344110712,False
0.0001329379889693254,False
0.00012104621423121288,False
0.00024440483800581767,False
0.00014511678585941827,False
0.0002576674392936842,False
0.0002576659417734493,False
0.00021330362451085668,False
0.0002213746554938176,False
0.0004014696060164849,False
0.00033178601920845474,False
0.00040146789309645597,False
0.001010870169258039,False
0.000227246671159525,False
0.00019460224446020202,False
0.00039643267430753906,False
0.000401463915812638,False
0.00021516380634207074,False
0.00026938343374378106,False
0.0005925634936356709,False
0.0003448460798602366,False
0.00025766115552743204,False
0.0008226184669063148,False
0.0014285547127409581,False
0.0023960379399170636,True
0.0003176203288319842,False
7.945544326361436e-05,False
5.9040872230544996e-05,False
0.0014730586945411127,False
0.0003451867061606313,False
0.0001985638607589491,False
0.00028311662060320915,False
0.0009285938708439502,False
0.00013651907751622788,False
0.00013884508852738815,False
0.00014131746792086052,False
0.0001439507133435438,False
0.00023826969637029118,False
0.00023981617430191612,False
0.00024137834149061047,False
0.00021748999469495842,False
4.912118279619354e-05,False
9.673729269477329e-05,False
0.0002640346668083813,False
0.00041273106169750155,False
5.3440853221884865e-05,False
7.367519296889901e-05,False
0.0004186311221826578,False
9.375564537388831e-05,False
0.00027449009132447826,False
0.00022689692084865585,False
5.345465121018048e-05,False
0.0002130281972602841,False
0.00012820751703250373,False
9.233132867119602e-05,False
0.00020786638676864198,False
0.0002744922431182802,False
9.375435858009953e-05,False
9.250417072876398e-05,False
0.00022853829540817538,False
9.250459584232565e-05,False
0.00013087827867902781,False
9.250277949664066e-05,False
0.00013087605052044578,False
9.250412075945209e-05,False
0.00013189987915237958,False
0.00041273631304364924,False
5.472589722217136e-05,False
0.0003252683332670644,False
9.333333815006243e-05,False
0.00010364884985493346,False
6.060067570458756e-05,False
5.722986057827164e-05,False
5.45983852391306e-05,False
0.00021928440540670558,False
9.262591895609816e-05,False
0.0001309944598324964,False
7.778896328448565e-05,False
0.00011655914779776762,False
0.000418795392283493,False
0.0004078917970413383,False
0.0004078945351767423,False
0.00017668495065960386,False
9.573710305697849e-05,False
6.81923628815717e-05,False
8.385807019860093e-05,False
3.728074020350108e-05,False
0.0004146184445831158,False
3.7280725918619725e-05,False
0.00033826350484575526,False
0.006115743511220683,True
0.0002962645756613444,False
0.0004857542192876539,False
8.522938547535325e-05,False
0.0017047818254139024,True
0.0006107216434940378,False
0.0005201312901535594,False
0.0003333763189714635,False
7.494671138785286e-05,False
7.484978900674992e-05,False
0.0068346911290987685,True
0.0004632289683510428,False
0.0017047991191996817,True
0.0017048023769229209,True
0.007183166630710109,True
0.0017048013884896867,True
0.00025530090697397896,False
0.00014028527762144678,False
0.00025530067217773423,False
0.000684028364913645,False
0.0001736167039941539,False
0.0003229086343320384,False
0.00025530002637526793,False
6.428778315611578e-05,False
0.0001941729469204993,False
0.00021792653565832655,False
0.001500832209361769,False
0.00026025076170603436,False
0.0006840481361200355,False
0.00012871598220085933,False
0.00021792519311447095,False
0.0015008492209204285,True
0.00017152090743896136,False
0.0002602476076956139,False
0.00019417250200019228,False
9.864842735670713e-05,False
9.794900951246426e-05,False
0.00032144888025000744,False
0.0001355263033778406,False
8.321643941677946e-05,False
6.469720592584962e-05,False
0.00026232237410660523,False
0.00013552516648943213,False
4.3931237304442085e-05,False
0.000193050879712864,False
0.00019304960074745416,False
0.00018945493046940157,False
0.0001627803515169316,False
0.0006840987305156174,False
0.00025982313754571175,False
0.0002631911750590933,False
0.0001894545569730607,False
5.2170587036879756e-05,False
0.00013552111716578168,False
4.393492219374643e-05,False
0.00018945593004089043,False
0.0002530840357708785,False
0.0003214714284292225,False
0.000190027223033356,False
0.00017985169668968193,False
0.00013080719903124863,False
0.00016198441747442826,False
0.0001347988192406466,False
0.00019072404940411133,False
0.00019101860354117168,False
0.0001348649878855905,False
0.00013497071607730988,False
0.00013511638903258738,False
0.0002472309569223534,False
0.00032548624753022477,False
0.00013816517623358365,False
0.00014307262051745963,False
0.00013912497986029687,False
0.00031240057190868805,False
0.0002564971791772489,False
0.00016903146806037715,False
0.00037259385617814255,False
0.00015540602089328848,False
0.00010282638687685685,False
0.00018191719277615943,False
0.00016503399850731815,False
0.0001660136731133492,False
0.0003309869876600429,False
0.00018557023392264138,False
0.0003454917595370052,False
0.00025485365592385015,False
0.0002711352908585712,False
0.00018657407170911164,False
6.033056982392405e-05,False
5.929703947335502e-05,False
0.00025305649554629696,False
0.0002163445140833752,False
0.0001856002244551376,False
0.0005041952303842965,False
0.0006579823472767873,False
0.0002625320115777608,False
9.839427341037844e-05,False
0.0002538008748294173,False
0.000504204615382106,False
0.00043194587472286715,False
0.00018318547154486884,False
0.007297821200021692,True
0.000650349748747728,False
6.187665832446977e-05,False
0.00019142192197229297,False
0.0020098820196762872,True
0.00020130051206810075,False
0.0006503476595331733,False
0.0008191011136534166,False
0.00016404658822263054,False
0.00015288008521731165,False
0.0005875766750647483,False
0.00013986084389881997,False
0.00019164070519814245,False
0.00017870507288727372,False
4.991549709343036e-05,False
0.00029147581660328653,False
0.0001864136281039083,False
0.00018566611790311546,False
6.106673974399437e-05,False
0.0013345928258537566,False
0.0001841510729885447,False
0.00020147290795685682,False
0.0003131182547498475,False
0.00043145076678506686,False
0.00021160980351500464,False
0.0001438883069277063,False
0.0001554824984932595,False
0.0001596057062892812,False
9.745021916177565e-05,False
0.00030526539979103577,False
0.0002675518968291304,False
8.784562193205406e-05,False
8.946949489770965e-05,False
0.00022959225139895646,False
0.00022959193646633844,False
0.0002295915722965282,False
0.00022959162561254622,False
0.0004704188539811408,False
0.000103347079660559,False
0.000462108020632033,False
0.00028692721629796627,False
0.00039996939164425665,False
0.00019958326470065872,False
0.005619200502282687,True
0.0004330415846003844,False
0.00020231999299422915,False
4.025129060133728e-05,False
0.005619231401549125,True
0.00022959193676516828,False
0.0002295931020960472,False
0.00029465426211714975,False
0.0002946521576975117,False
0.00022959050098459732,False
0.0002295898443253994,False
0.0004339342864513999,False
0.0002946453732601006,False
0.00029464650625846334,False
0.005619180122613237,True
0.0002295880086876041,False
0.0056191963252577035,True
0.0002869220615139977,False
0.00039997687418773795,False
0.0002946351200149087,False
0.00029463257626595755,False
0.00040534937649316634,False
0.0002946301377941261,False
0.000326669685980534,False
0.005619210150098622,True
0.005619231647301742,True
0.005619206151141547,True
0.00022958542753898566,False
4.025615591105658e-05,False
0.00016687253481798665,False
0.0001600329300898875,False
0.00010402351607833687,False
0.00018108915732403515,False
0.0004121012677525107,False
0.00017245497054224916,False
0.0001035693747242235,False
0.0002571987989707051,False
0.00031429718908963414,False
0.00010304003914813337,False
0.00010433159020733932,False
8.792541634728695e-05,False
0.00021060948792805755,False
0.00016809465877886065,False
8.792586005369887e-05,False
0.0002872790421516657,False
0.0002872780383937548,False
0.0002761889173740009,False
0.00027619119705811577,False
0.00028727926598704764,False
0.00028727828980896694,False
0.00010085655067032463,False
0.00027469423619711213,False
0.0002135496941902162,False
8.920085294624212e-05,False
8.384651276513441e-05,False
0.0002136252254517719,False
9.64313459306496e-05,False
0.0002245745315141616,False
8.597754737915175e-05,False
8.784037947770352e-05,False
0.0003143748396774274,False
8.793995171762588e-05,False
0.00020555344135640601,False
8.919925111263464e-05,False
0.00021354838881746375,False
8.07357340617143e-05,False
8.91991983267992e-05,False
0.0002135471815424902,False
9.20608334172248e-05,False
9.206054799756479e-05,False
0.0003795425612380539,False
9.205957912640703e-05,False
0.00037954437404751247,False
8.783824709645584e-05,False
8.783765549024194e-05,False
8.783839194914e-05,False
0.00010778905288204605,False
0.00023511657539554006,False
0.00019788481437611353,False
6.261902925928262e-05,False
0.00030632825612027936,False
0.00023745734522903595,False
0.00018658771183165029,False
7.093059495906343e-05,False
0.00036013443794566727,False
0.0003601320844246225,False
0.00018658873201552706,False
0.00036013616843014033,False
8.56039654980655e-05,False
8.560439962155883e-05,False
0.00014044720746839804,False
0.00032025586715114286,False
0.0003202865088051734,False
0.0003203159534908931,False
0.00025119451117439106,False
0.001420175136456018,False
0.001420177004797859,False
0.00030607294455539967,False
0.00020933416232116103,False
0.00020933473917279533,False
0.0002512855279902151,False
0.00020933448328477476,False
0.00031357199372353684,False
0.0003135724232353329,False
0.0001459883268707192,False
9.140359330543757e-05,False
0.0010998808105075013,False
0.00031404647046479,False
0.00010637708879872785,False
0.00019601504258546024,False
0.00023497541150963887,False
7.744311276737887e-05,False
7.343867363766998e-05,False
9.117977112284168e-05,False
7.044029879520406e-05,False
0.00012156412458426823,False
0.0003476641573222839,False
7.766834522220647e-05,False
7.982912847863584e-05,False
9.860744981282273e-05,False
7.849923534641118e-05,False
0.0002352117563361293,False
9.131080762850501e-05,False
7.992933527658381e-05,False
9.131082682982273e-05,False
7.99293593951717e-05,False
9.131147759749783e-05,False
0.00026853907262432044,False
9.131052213998096e-05,False
0.0003673046340895709,False
9.297433713204168e-05,False
9.131094843276916e-05,False
0.0002685381854683743,False
7.703408899235444e-05,False
6.801954983561725e-05,False
0.0002176573175034208,False
0.00026779493142065785,False
0.0001006973774713457,False
0.00011894613372633713,False
0.0004633160515636961,False
0.00021792713775630645,False
0.0004214902664377189,False
0.00046331493484171396,False
0.00046331295267192703,False
0.00011729152992748488,False
0.00013063829343311847,False
0.00033516152240034927,False
0.0008964628825082568,False
0.0001307133960006874,False
0.00013071438247062506,False
0.000896453009162753,False
0.00012049400924620261,False
0.0001329550928041847,False
0.00014408685446302212,False
0.00013045823788671837,False
0.000131690113512416,False
0.00021471371971454624,False
0.00019556914065208743,False
0.0004954767420153536,False
0.00016851959147798172,False
0.00030068541134640634,False
0.00044120044346467366,False
0.0003231875622214191,False
0.0001678398280986341,False
0.0004940182009470571,False
0.00013599650322502251,False
0.0002149687940718827,False
0.00022803599175237973,False
0.00022713591108885093,False
0.0002831418024179448,False
0.0002012237087931652,False
0.00017419414571910632,False
0.00043228715212869956,False
0.0002904738544033121,False
0.0002557157786412447,False
0.00020519371908626444,False
0.00018459284006147397,False
0.0003367419879967056,False
0.0002767294690536749,False
0.0002544495455238174,False
0.0003430614629618697,False
0.00027407973642537374,False
0.00030788375331582726,False
0.0003078848514063984,False
0.00032607419914681333,False
0.0002517964064914659,False
0.00036616270660568066,False
0.0002517979776876362,False
0.00031568027896067936,False
0.00032608119978241607,False
0.0003820495156008471,False
0.0002927697178046426,False
0.00032607940156358475,False
0.0003260842563668239,False
0.000257029530575598,False
0.00025638238990426186,False
0.0014810196601511086,False
0.0006873742146422105,False
0.0004126341466448645,False
0.0003589212430432619,False
0.00025552560327621717,False
0.0002109054217574638,False
0.00019456031840098145,False
0.00013360599246631618,False
0.00020862246953463027,False
0.00023604377457690448,False
0.00024810544508762115,False
0.00025849536440066163,False
0.0002568058172732166,False
0.0002949919476554398,False
0.00022469076150655605,False
0.0004354321049830914,False
0.00046903410131703463,False
0.0004975611622757587,False
0.00018186800523956238,False
0.00017743585241753376,False
0.0002038539892574323,False
0.00017813700187977355,False
0.0002874171450466598,False
0.00017768382772357313,False
0.00018170255520824234,False
0.00021481524451303998,False
5.0622065395103176e-05,False
0.0003806797177160283,False
0.00016503377544936445,False
0.00018170768953085795,False
0.00019199725731725717,False
0.00017148985065838695,False
0.00021978083610137844,False
0.00015265001420387302,False
0.0007359029965401546,False
0.004883879076692662,True
0.0019931166095920987,True
0.007906666494401847,True
0.0015883783186219885,True
0.00016911035036373438,False
0.0012987289596396291,False
0.0001661040497531269,False
0.001340110819023781,False
0.00026889146081586203,False
0.00016391297088091077,False
0.00016353112508682476,False
0.00015569523488586265,False
0.00015570797306862946,False
0.0024830742763993123,True
0.0001661088731485437,False
0.001588448845272841,True
0.002379449860979694,True
0.0008889470023883445,False
0.0024368703829979726,True
0.0003656819587298485,False
0.0003265432786302753,False
0.0003393906155839379,False
9.1958167813979e-05,False
0.0003886027907631258,False
9.196009868424356e-05,False
0.00033938653338929677,False
6.158072313702582e-05,False
6.200124424739343e-05,False
6.326181498235301e-05,False
0.00018810248772605257,False
0.0003886001691661026,False
0.0002658566299086646,False
0.0002800968047956985,False
9.196187759487024e-05,False
0.0007909124776875767,False
0.001003580720354039,False
0.00010122825469302683,False
0.00011449161304757231,False
0.0001289340795676133,False
0.00015642425637779828,False
0.0001134679797336158,False
8.340764061057289e-05,False
0.00019905876710759406,False
0.00023205234048477073,False
0.00021271318610550764,False
9.441130784055432e-05,False
0.0001258539854034523,False
8.383186872667976e-05,False
8.215478760530514e-05,False
0.0001891884910332134,False
0.0003029166382189736,False
0.00033575310400233414,False
0.0001970306359602499,False
7.869312233140718e-05,False
0.00019353536889089504,False
7.638575091443043e-05,False
0.00016200005935495683,False
0.00019399681482772983,False
0.00021992539950472245,False
0.0001619972036985414,False
0.00016199859953529983,False
0.00016199785580136992,False
0.00020267051746906934,False
0.0002703073289438526,False
0.00012924795786643624,False
0.0003244583112625375,False
0.000235942556638624,False
0.00010667073532676894,False
0.0001238350158971204,False
9.811496405546915e-05,False
8.339407673999143e-05,False
8.113044367397563e-05,False
0.0022985122182233803,True
0.00668626195421935,True
0.00036072787870720127,False
0.0001514801211392964,False
0.0005886746085216438,False
0.0003278337983024563,False
0.00032782974323356017,False
0.0003278292382865233,False
0.0012071505853615849,False
0.0018022660324448392,True
0.0001447485207309375,False
0.00016638079915492338,False
0.0001683163477431426,False
0.00017845845301429103,False
0.00019715015855367726,False
0.00019603920217224112,False
0.00018002942403155348,False
0.00016061044515965544,False
0.000236230540492671,False
0.0016478057047201447,True
0.00020466716637936722,False
0.0001666660658938849,False
0.00015656602567768602,False
0.0001488958915520244,False
0.00014365273359627295,False
0.00013027649131304556,False
0.00012409296804429074,False
0.0009102994646533717,False
0.00013780385568616833,False
0.00016607359089372575,False
0.00016132894369163815,False
0.00020405054325328058,False
0.00018165409425511636,False
0.0008472854079200672,False
0.00021387935941570042,False
0.00014586746985555476,False
0.000306608473273681,False
0.00024466509630320215,False
0.00014636838363227934,False
0.0002820289940191255,False
0.00011814795829781823,False
0.00029732388743005023,False
0.00025729779791426686,False
0.00021302635033390452,False
0.0001790033373041122,False
0.0004177822042717328,False
0.0001891902492767539,False
0.0002269603146882282,False
0.00018068122423132266,False
0.00025186535487097797,False
0.00048760840698459896,False
0.0001577897153050382,False
0.00024680217474038304,False
0.00012971805053499293,False
0.00029935450176923396,False
0.00036752634155156174,False
0.0004600175339945433,False
0.00043743203287026177,False
0.0006064650397147567,False
0.00022021626067288445,False
0.00019806767003378322,False
0.0004943523181819224,False
0.0004943478601946172,False
0.00014953497940925308,False
0.0004943443698270473,False
0.0002477742116524432,False
0.00015158722304709407,False
0.0007793394474262694,False
0.0002477756102127024,False
0.00032630098452282537,False
0.0006123693526816057,False
0.00020121521895701596,False
0.00025057074276669833,False
0.00014039333329220286,False
0.0002690195436338631,False
0.00017976996131129622,False
0.0002741511991798965,False
0.00024777601989739494,False
0.001121628894609929,False
0.00027243145529282884,False
0.00019614028206532374,False
0.00160989049367857,True
0.001191150546990614,False
0.0013350298970019848,False
0.0007818998888664973,False
0.00024235043885961175,False
0.00041210042095633954,False
0.0005158194726139423,False
0.00028529726753288306,False
0.0002012197114997044,False
0.0001375440488858696,False
0.0002985267678834365,False
0.0005590319676519916,False
0.0005402287917495674,False
0.0017528638034467019,True
0.0005402332611873028,False
0.0002767084700500337,False
0.0017528692051017136,True
0.0017528633201649717,True
0.0013036291440874633,False
0.0010113793401626539,False
0.00019333120035750035,False
0.0013705938195242525,False
0.00015629082674084913,False
0.00023924974838749949,False
0.00010316402655263259,False
0.0003303552593229387,False
0.000299281087331519,False
0.00013679984242563742,False
0.00020374377799867524,False
0.0009663333413865505,False
0.0009663372979493237,False
0.00012257994319717064,False
0.00022048162029759434,False
0.00011931499060787291,False
0.0003247516239176987,False
0.00010741298399927127,False
0.00011147039469354678,False
0.00012439597253712415,False
0.00018325596044796693,False
0.00022396297119129744,False
0.00022215463719974058,False
0.00027196483369426117,False
0.0006736460973118337,False
0.00013278055861925747,False
0.00019925696964083727,False
0.001173876068781667,False
0.00020518149585732517,False
0.0005405707847531325,False
0.0017531490728826136,True
0.00041402335720300005,False
0.00045732987411654333,False
0.00012225267429150332,False
0.0005405721720943813,False
0.00047493761524776694,False
0.00046021553021631403,False
0.001753161647689619,True
0.0001377858007874747,False
0.000194969158832483,False
0.0002104921195024427,False
0.0003101013227881923,False
0.00013944896786254166,False
0.00013022825243717682,False
8.926786524106616e-05,False
0.000981927268316272,False
9.285034365854922e-05,False
9.241585298868963e-05,False
9.120879255371885e-05,False
0.00011071300366607848,False
8.487673203401303e-05,False
8.505827632856253e-05,False
0.0002904931209909131,False
0.0001477059869478039,False
0.00022000030762721207,False
0.0001763857014307986,False
0.00031215378714025154,False
0.00022895534109867484,False
0.0002488003963871813,False
9.138939301908214e-05,False
0.00038215682616169204,False
0.000167531216694699,False
0.00029049734443186055,False
8.505691559266442e-05,False
9.280373506993808e-05,False
9.204582610442853e-05,False
9.276118867740846e-05,False
0.00016294327817064987,False
0.00020287693345992874,False
0.0002218209432078924,False
0.0003821554497103597,False
0.00014426146474904,False
0.00016294462919826558,False
0.00019909524849184157,False
0.00014244611795620466,False
0.0005760436651708672,False
0.000426810705868278,False
0.0003963340541202881,False
8.022296307705324e-05,False
0.0003830472416097492,False
0.0001332782376841782,False
0.0015597787439078654,True
0.0004268140576029907,False
0.00013328009516269605,False
0.00041391096622575877,False
0.00020305340102436294,False
0.00020315675607604554,False
0.00020315698411122355,False
0.00032736773640020905,False
0.00013350231347352133,False
0.006345621936599823,True
0.00037165299418722217,False
9.186823440753296e-05,False
9.186636624803539e-05,False
0.0004541855623309208,False
0.000454188210996262,False
0.00045418937392294076,False
0.00037165204536427336,False
0.0016796430508273729,True
0.006345651858658776,True
0.0003729426533340441,False
8.74885684089282e-05,False
0.0003443041133698249,False
0.00010566271388790679,False
0.00023027365778641173,False
0.00014691345187772811,False
0.000438818614793701,False
0.00013423739964233523,False
0.000134239014696909,False
0.00013423924479419438,False
7.510868819422725e-05,False
0.00013246009608422005,False
0.0003676187510251888,False
0.00035465395139488444,False
0.00043882658920578785,False
0.0004388291337249978,False
0.00043882430525276576,False
0.00013246381149066574,False
0.00017101868020590654,False
0.0005085661627052167,False
0.00014124272006271895,False
4.0334504019847285e-05,False
0.0004871469775535895,False
0.000964592986282316,False
0.0007539821008723995,False
0.00016850172385039964,False
0.00045612381340396556,False
0.00039083586106034636,False
2.7455444465505447e-05,False
0.0005048640364600693,False
0.0004886954763771735,False
0.00036881966704033794,False
2.7437285367854362e-05,False
1.739482836485189e-05,False
0.00015590761761997805,False
0.00011064649080263849,False
9.910865052086122e-05,False
0.00010015863419082023,False
0.00040052510834006646,False
7.914547128883588e-06,False
0.0003871361289280164,False
1.255122951203371e-05,False
0.0004497320590095398,False
0.0004514964365027006,False
3.000348655968911e-05,False
3.52541851382886e-05,False
0.0004151469761289287,False
1.5060876279232693e-05,False
3.525384677224019e-05,False
1.736525982842706e-05,False
0.00018011659567122347,False
0.00017934771251008387,False
0.0003323323362083416,False
1.5948988921237756e-05,False
0.0001292151641474211,False
0.0002373799883848295,False
0.006984651913641949,True
0.006607140481960257,True
0.00013667999558792185,False
8.37275628810628e-05,False
0.006607163125758345,True
0.0001917044194926638,False
0.0001366799312051341,False
0.000331614466713903,False
0.0002329219128726856,False
0.006984696425432788,True
0.0003236631804152855,False
0.00010136307150652521,False
0.0003323342665921771,False
0.0003323349580599069,False
0.00012922298208550988,False
0.00012922439749209568,False
0.000110984712481157,False
0.006984776836407963,True
0.0022590570206515496,True
7.20923115355105e-05,False
0.00010144006705534906,False
0.00013820058192013222,False
0.00014310153056643437,False
8.34538859886204e-05,False
0.0003316999865000897,False
8.345512899552722e-05,False
1.2089134140505207e-05,False
0.00033169538769980804,False
9.243474271842985e-05,False
0.00018469332588252926,False
0.0003250777609239909,False
0.0001382017954409715,False
0.0001000140485587503,False
0.0001764642678155406,False
8.427368004652748e-05,False
8.4273052417755e-05,False
8.427306759452375e-05,False
0.00020014953591418109,False
8.427273158301888e-05,False
0.00020015229930097356,False
8.427347226967142e-05,False
0.00020485043844088803,False
0.0001518851341764166,False
0.0002684392726565401,False
8.427185529141275e-05,False
0.0002096310041982721,False
8.427318331258578e-05,False
0.00020484892731048525,False
0.00016958912473963745,False
0.0005883312089026242,False
0.00014911651161032556,False
0.0001491142337785764,False
5.717538645281339e-05,False
0.00019494507640773428,False
9.675312378085827e-05,False
9.675458043059518e-05,False
0.0002752862466069723,False
0.0002388809708920816,False
0.00029212906580313076,False
0.00033414289403079715,False
0.00020944970999051143,False
0.00043543023380203415,False
0.00042203839579074465,False
0.0004941165231098106,False
0.0003715721409202684,False
0.0007310910911751121,False
0.00046378391731642627,False
0.0008437212759924254,False
0.0015290487829867912,True
0.0010050702169321943,False
0.0004649528947697694,False
0.0003399523898297592,False
0.0007310974942628793,False
0.0008243974691284357,False
0.0004295041833726099,False
0.000252805282470377,False
0.00044725619870511024,False
0.00028964862477876083,False
0.00025033428764023195,False
0.0002170818764454951,False
0.0002514701026808578,False
0.00032865614800494687,False
0.0003603729583486583,False
0.0016714828967798756,True
0.0003674339402754892,False
0.0003370234498363996,False
0.0003194190826537486,False
0.0003170057173702243,False
0.0005178747735175759,False
0.00027982031704576205,False
0.0003411340472297959,False
0.001450033528891657,False
0.00027982305613122007,False
0.00034432029924151716,False
0.0011255806277968507,False
0.002766422680471916,True
0.0002867920451376069,False
0.0027210299638919656,True
0.01038391797888212,True
0.000405023745163054,False
0.0003893895795923082,False
0.00042169931717157404,False
0.0004990963521889567,False
0.0004729111611065477,False
0.000652487881627475,False
0.000792075171949916,False
0.00040588872680970636,False
0.00084533454045547,False
0.00033368344125978336,False
0.0008446112546465156,False
0.0019258121160755507,True
0.0006564722947377175,False
0.0006461919678963224,False
0.00032287841808927335,False
0.0006220845071022642,False
0.00038479988840692584,False
0.0002702327178949196,False
0.00030935644404318406,False
0.0005065342123508269,False
0.00015961548647375114,False
0.0004212580179942345,False
0.00040647291355663524,False
0.000651039507365582,False
0.000317027071962819,False
0.00040314898460244535,False
0.0005930148030425284,False
0.0006591174611084272,False
0.0003173344957372424,False
0.00031733712473610453,False
0.0010148918224848122,False
0.0008482683005318739,False
0.00032129028112812063,False
0.0006234316727616295,False
0.00027719204846620457,False
0.00030718531783357496,False
0.00029052673715712824,False
0.0005352064004428279,False
0.0011951962626856548,False
0.0002960396914915389,False
0.0001791833203396081,False
0.0006996268941185206,False
0.00022973898470584229,False
0.00039233089273752245,False
0.00039233030955663454,False
0.0004389423596341728,False
0.00021609698808901757,False
0.00022190212362840128,False
0.00038852518061013755,False
0.00031202883003883053,False
0.0006286224438374404,False
0.0005889397575828115,False
0.00031203160246634027,False
0.0002292788960710912,False
0.00020632518749200517,False
0.0002639769164348274,False
0.0002257970315778216,False
0.00028043737318600155,False
0.0005921345177826769,False
0.00026633654966195706,False
0.0005103091323058685,False
0.0006661881419198932,False
0.0002836417654425743,False
0.00074768144122678,False
0.00028044013227712525,False
0.0002598983338918676,False
0.0002483651926886887,False
0.0019072570923007958,True
0.00043939535895872047,False
0.0005803679966976212,False
0.0020660215707012748,True
0.0005921473897904784,False
0.0004996498276870558,False
0.0005071564637357929,False
0.0006768790325259952,False
0.0005929408248901633,False
0.0017572056125562156,True
0.001907924148170885,True
0.0006768873937301538,False
0.034317502662310435,True
0.0006768902311155925,False
0.0005929508723637748,False
0.0006768993493886315,False
0.0005929522767365249,False
0.00028061378280337917,False
0.0006768989443953128,False
0.0002672320601980503,False
0.0002806167205487795,False
0.0005524936923903469,False
0.0006769042280846651,False
0.0004402756931105611,False
0.0006769061132293405,False
0.0003154344934502504,False
0.00020622011431906866,False
0.00020647871907627418,False
0.00020852995069353425,False
0.0002952498904101007,False
0.0006380567463545226,False
0.0004524292642650776,False
0.0001688280027562535,False
0.0001995027469610819,False
0.00020853105019604526,False
0.00013545553838339351,False
0.0003666915079642975,False
0.00018311980244089607,False
0.00020801641648754237,False
0.0002604172660916771,False
0.001134770325533362,False
0.0002093736784127055,False
0.0002085371022965822,False
0.0001354612134622848,False
0.0002093766856325958,False
0.00019151280504258562,False
0.0002052511206056811,False
0.0004274360659696433,False
0.00020525062381289636,False
0.0001830265917642141,False
0.0004177687590585806,False
0.00018302700348902468,False
0.001134785584625583,False
0.000476695407430989,False
0.0003666977492007666,False
0.00017475976991935312,False
0.0003178474838867453,False
0.00017941871711104934,False
0.0005749645693933845,False
0.00020547276387920997,False
0.0001902869862498565,False
0.00019028625711163603,False
0.000570981201009808,False
0.000570983490299864,False
0.00020547676305461153,False
0.0003860433528708521,False
0.002265109783757075,True
0.0006205317288234238,False
0.00029922494029768846,False
0.0008113248079433589,False
0.00032850303906827873,False
0.0002043110600945935,False
0.00032873158223451,False
0.00020516562402962958,False
0.00030131081480926704,False
0.0005705871809285821,False
0.0003013102762447973,False
0.00020516952260276708,False
0.0002051696665778043,False
0.0020469927011836494,True
0.0005714123296005958,False
0.002124276905228305,True
0.00020517287699768988,False
0.0002051734934532139,False
0.00020517470907779404,False
0.00034574128819246506,False
0.002431431876767189,True
0.00021537131450495394,False
0.00016048351599432022,False
0.00012977837251238955,False
0.0002865194010160775,False
0.00013813073367064375,False
0.00021070794008781643,False
0.00022259083503097768,False
0.00022339889106636474,False
0.0001926759423886907,False
0.0008799054303969683,False
0.0001348682915883211,False
0.00013486829221066247,False
0.0008799157367669355,False
0.0008799145271711907,False
0.000590841138708486,False
0.0003481759910534049,False
0.0008799194757426363,False
0.0006195327195909178,False
0.000559259424415718,False
0.0002476220968723226,False
0.00017612817086439463,False
0.00020168001947116113,False
0.00021070884868699686,False
0.0002722863109264396,False
0.0002909709639889314,False
0.0003352927413387726,False
0.00017498704096157475,False
0.00021876659815157527,False
0.00018225791151590652,False
0.000543289067082527,False
0.0003392193166603516,False
0.0005771205725472674,False
0.0007940421681846224,False
0.00020191238238799274,False
0.00018930646289570149,False
0.0001839962463916719,False
0.0002641831119125001,False
0.0001874354125285458,False
0.00019058536517547358,False
0.0002019145226241674,False
0.0001771251093553634,False
0.00021781830988329106,False
0.00017904687753118428,False
0.0001899956233667926,False
0.00019215415211333597,False
0.00017712676022045007,False
0.00017998385553015048,False
0.00017639676506189952,False
0.00017712711473883366,False
0.00021868795587087688,False
0.0001824284837501267,False
0.0002742470482472905,False
0.0002003332718194733,False
0.00019493105518007402,False
0.00020135026771683578,False
0.0001783670751459509,False
0.0002469998090931101,False
0.00019716385378759616,False
0.00018868633419380553,False
0.00018307373610810813,False
0.00022806173907320996,False
0.00032336036132278514,False
0.00032335960209332957,False
0.0001971648486654817,False
0.0002462070246753286,False
0.00017712987658652032,False
0.00016515390330251728,False
0.00020975634055763568,False
0.0003109503768484121,False
0.00018745802620221314,False
0.0001913894786257667,False
0.00013477080364932567,False
0.0002045882741832403,False
0.00017104989116871434,False
0.0001744383629560806,False
0.00017852838623951404,False
0.0001880649528315512,False
0.0003609666021583851,False
0.0003047193340255467,False
0.00030762681907020253,False
0.0003609681870525974,False
0.0003659581232120653,False
0.00018806636701504333,False
0.000273657111067385,False
0.00018554901536802027,False
0.00027365939875523607,False
0.00018426015511536427,False
0.0005262430183372285,False
0.00046086938842598553,False
0.00020743220258159764,False
0.002126224101261231,True
0.00027353414073711513,False
0.0006983975818917151,False
0.0021262278955373618,True
0.00020743728903585494,False
0.00020743901600304236,False
0.000808072764538413,False
0.00024826064903614816,False
0.0002482633033985056,False
0.002126240919999511,True
0.0007980733179526627,False
0.00033395479485651765,False
0.0021262523329626457,True
0.0002482718375405808,False
0.00021079395556668375,False
0.0002107927038877902,False
0.0002906031707942002,False
0.0008814837883403043,False
0.00016345700743447805,False
0.0002633013974864857,False
0.0008814858175385177,False
0.0002633036560720525,False
0.0002470101542783295,False
0.0002196537660353152,False
0.00014185807374561765,False
0.00017877263438836243,False
0.00024569237944604326,False
0.00018985290924704036,False
0.0003128923254821731,False
0.0004586308236271852,False
9.526146928185972e-05,False
0.0001908507462420829,False
0.0002960667631756235,False
0.00026750038092518197,False
9.526471929451394e-05,False
0.00020986543624261215,False
0.0005165957070154182,False
0.0005253915005752872,False
0.0005165933030398303,False
0.005792459782724755,True
6.667905186433657e-05,False
6.668045789947512e-05,False
6.668177793524795e-05,False
0.0004260984850842946,False
0.0008577191733546636,False
0.000529960831499087,False
0.0008577181371947689,False
0.0015935454994016585,True
0.00021693024284075838,False
0.00018354042521519638,False
0.0004606467245911538,False
0.00015074624669065705,False
0.00016524701048265873,False
0.0003320999357285698,False
7.755903982540973e-05,False
0.0003068824266429087,False
0.0001765261374276355,False
0.00019209350083756495,False
0.00018567642263579926,False
7.649582301976672e-05,False
0.00012113228619688979,False
0.0003068879654888965,False
0.0002310068749667544,False
9.943411537953124e-05,False
0.00032655050158109024,False
0.0002180329273701012,False
0.00010153851762793963,False
0.00010153696882228907,False
0.00017062470762841428,False
0.00011702370721129397,False
0.00037311378988336575,False
0.00010111806870765831,False
8.01962007469973e-05,False
0.00037369740039518634,False
0.00010076858271723301,False
7.932822575430171e-05,False
8.005247230937607e-05,False
8.651288034998576e-05,False
0.00035982543392292367,False
0.00035188541255699564,False
0.0003729041386058722,False
0.00035982454053621736,False
0.0001606340688576057,False
0.00020539959165335146,False
0.00014255742280510622,False
8.22072595471399e-05,False
0.0003719116975462462,False
0.00022202258439896376,False
9.962631753769084e-05,False
0.001368742083663348,False
8.350614236896453e-05,False
0.00016244613339212383,False
0.0002921944553012565,False
0.000162446134625227,False
0.00046808438981398807,False
8.312521175021423e-05,False
0.00040879083910406815,False
0.0013687451653422705,False
0.0013687441499361662,False
0.0004680779499908027,False
0.0013687471289008384,False
0.00026396935917107935,False
0.006489374374989628,True
0.00045587208097565746,False
0.0014187586271779838,False
0.0001604328968177877,False
0.001445871413525365,False
0.0012573654640126819,False
0.00014102040386116833,False
0.0004462337655741819,False
0.001504905916212688,True
0.0003948793741291966,False
0.0004449093790982733,False
0.001368754734867122,False
0.000124284738354637,False
0.00019618180024128667,False
0.00047916550575656243,False
0.000455957133457386,False
0.00010572083523048735,False
0.0004052444876501706,False
0.00013279684670796158,False
0.0001553174051183188,False
8.08992433850761e-05,False
0.00016076005354599275,False
8.515322249527373e-05,False
0.000712031870869185,False
0.0003727812900892704,False
7.699750711402069e-05,False
6.321913990129173e-05,False
0.0004546058926866645,False
0.0001534941099012122,False
0.00010586281163402554,False
8.095299506572907e-05,False
0.0004073571589838372,False
0.00045453890499541584,False
0.00010944413061528191,False
7.378937808440201e-05,False
8.45834505077419e-05,False
0.00036281554485319425,False
0.00045300753177036977,False
0.00011422746932026234,False
0.00011094221394635204,False
0.0003595493864918504,False
0.00012665476598983083,False
6.335446770475061e-05,False
0.00015963875353242315,False
0.0001285790371035151,False
0.00012665513537722428,False
7.568792741077327e-05,False
0.00020926872542402855,False
7.568685148218862e-05,False
8.457334148121897e-05,False
9.563974194758591e-05,False
9.672467384250349e-05,False
0.00010459722564213897,False
0.0003758693943319356,False
0.00010905476728806683,False
0.00016100721812518457,False
0.0003668171274358647,False
0.0003668097448825102,False
9.976158489970866e-05,False
7.961527915456165e-05,False
0.00036681129016390623,False
9.976192626906587e-05,False
0.0003660124852881604,False
9.112872858729016e-05,False
8.455976724610327e-05,False
0.0008631069044543541,False
0.00010540237364839371,False
0.00010540145890166431,False
0.0003805605241355673,False
0.0002502156655476807,False
0.00010248202835400058,False
0.0001074311516375707,False
0.00013260169489313776,False
9.84794536650777e-05,False
0.00010902094474755724,False
0.00010742721257738679,False
9.609070476176081e-05,False
9.848145828358337e-05,False
0.0002506430034051379,False
0.00020653035693948577,False
0.00043045267849366696,False
9.072807927544794e-05,False
8.105217516989573e-05,False
0.00010742092360135024,False
0.0001069204797242648,False
8.910444399298502e-05,False
0.00022650025664396972,False
0.0017998418829352821,True
0.0017998440970354481,True
0.0004969507865072229,False
0.0017998473877630125,True
0.0004969544219847843,False
0.0005746796345314169,False
6.055609781619565e-05,False
0.0003282361255730744,False
0.0017998624221625668,True
7.834247493606784e-05,False
0.001799865891573692,True
0.0004962937447264534,False
0.0003055790655485949,False
0.0017998706862439422,True
0.0001274009049345863,False
0.00018295134436482327,False
0.00012290862783237438,False
0.00035904683145058147,False
0.0006521146286328763,False
0.00012541604639876912,False
0.0002921760763653611,False
0.00028110289537307384,False
0.00033131729009588555,False
0.00032598581753517453,False
0.0003849336693476779,False
0.00039824753423655507,False
0.00011240922253024945,False
0.00010935437816303827,False
0.00021248684384805243,False
0.0006247731698333839,False
0.0006431552298880184,False
0.00018188983681432364,False
0.00016119306988411487,False
0.00010965463359801424,False
0.00020490287425795737,False
0.00018481562713966898,False
0.00018834051968359477,False
0.0001883435501334659,False
0.00017415556677169452,False
0.00018070417655739973,False
0.00018605197973722644,False
0.0001983854768512322,False
0.00018786450058512564,False
0.0002922553935699473,False
0.00018173916617995396,False
0.0002922602383924446,False
0.00018518642341349445,False
0.00029355652882068,False
0.00018518732339283607,False
0.00017896677739687064,False
0.0003767730755400599,False
0.00037676959236173627,False
0.00021763235617262557,False
0.00020101889871531345,False
0.00020746629449110003,False
0.00022622430012769507,False
0.0005195442545006038,False
0.000698411790684181,False
0.0017252554649266549,True
0.0001233192982522695,False
7.938945630684194e-05,False
0.0001575641231309071,False
0.00017553785995155321,False
0.00017553711945638388,False
0.000312724785042248,False
0.006072954560523021,True
0.0012792837646561526,False
0.0003325812157696791,False
0.0003461248943445773,False
0.000617885983143387,False
0.00015846336281071495,False
0.00025431709478028724,False
0.00016354170073577148,False
0.00025162468686179106,False
0.0003192327721492987,False
0.00040385146323714585,False
0.0003192303099262123,False
0.0003192326845172494,False
0.0006334521170623676,False
0.00015393309401537448,False
0.00015600865330693626,False
0.00016241119386405166,False
0.0001624126980288207,False
0.0004521795087474101,False
0.0005692013904374102,False
0.0006061956726097073,False
0.00014804734002816817,False
0.0003884278153949847,False
0.00017705748739245034,False
0.0012852837275751212,False
0.0003833487238857247,False
0.0013813736061196258,False
0.00014950508093971383,False
0.0006062041028532636,False
0.0001844130873879119,False
0.00019037616597659452,False
0.0002977719644057414,False
0.0001347102603793217,False
0.0002772430931502492,False
0.0003465013950100559,False
0.0013660935931152675,False
0.00025589111114230343,False
0.00042771925801560087,False
0.00029747964671378123,False
0.00041792246365792004,False
0.000569674036843538,False
0.0001483572734062885,False
0.0012598895424428883,False
0.00012731726723058605,False
0.0010691863194403222,False
8.069874327423653e-05,False
0.000185708318479391,False
0.00027756369208634834,False
0.00015757410108017923,False
0.00013342907158028642,False
0.00011213914767993445,False
0.0003720182210879697,False
0.0007476507398793291,False
0.00015705524986217042,False
0.00026096573390582315,False
0.0002929086240934627,False
0.00010646581813005099,False
0.00028396564989738163,False
0.00015692976636994584,False
0.00016083361191194533,False
0.00016966525047980942,False
0.00017566369825410455,False
0.0001608335136780764,False
0.00015692933137442583,False
0.00023567545267109727,False
0.00016721773196805273,False
0.00016083148661346069,False
0.000167217173315167,False
0.0001672164479676804,False
0.00027312485333519994,False
0.00017044182855111115,False
0.0007753542769141265,False
0.00018558961673351945,False
0.0002498672510135075,False
0.000249865108913765,False
0.00024986646346772216,False
0.00024986741158537616,False
0.0007753602036135817,False
0.0006716986165363837,False
0.0007753613544733053,False
0.0004606250623899991,False
0.0007753677368180297,False
0.0007434601090408933,False
0.0006773962082240047,False
0.0007753717214064749,False
9.395434937049818e-05,False
0.000361851715335028,False
0.00045215760863754673,False
0.00023050414298485692,False
0.00012848399184116924,False
0.00023645515279928394,False
0.0005301473361529697,False
0.0005246619779572253,False
0.0005204076893163341,False
0.00050672413640969,False
0.00048700418903003845,False
0.00021336425949756603,False
0.0003830569707677508,False
0.00040815359882416297,False
0.0001887130251965256,False
5.176406647397815e-05,False
0.0034554983108105804,True
0.00014043026452310826,False
5.1513145616190566e-05,False
0.00017169531155952834,False
8.481847239717301e-05,False
0.0004600479116639792,False
0.0001026060746711688,False
9.75776324715793e-05,False
0.000536516646714113,False
9.445131421203346e-05,False
0.00010555869619600005,False
0.0026058356593615436,True
0.00033210669838573003,False
0.00033210485782063,False
0.00019727395799719826,False
0.00010594478328730401,False
0.0001588398650314647,False
0.0005543032447123959,False
0.0004254020408949233,False
0.00019727859811621184,False
0.00011118338909888036,False
0.00012878222895248848,False
0.00038786222668517816,False
0.00029088314303510793,False
0.00035947220416753607,False
0.00028607578033989584,False
0.0004335009396249,False
0.000543192799182681,False
0.0002905856484127495,False
0.0008390059159663364,False
0.0002905861342223689,False
0.0008390109707162102,False
0.00011470299033610425,False
0.000101808595920029,False
8.976785293407478e-05,False
0.00011148764785543305,False
0.0005747279625986052,False
0.00036083250510328944,False
9.687124629481954e-05,False
0.0003067640060790875,False
0.00010854425232615042,False
0.00010002966819583213,False
0.0005612646148093954,False
0.0006561781507212363,False
0.00034628913270865993,False
0.00015265870165812983,False
0.0005612667490664326,False
0.00010348191455100792,False
0.00010348209015181753,False
0.0003413418013499256,False
0.0001297274861143757,False
0.00012972664478426064,False
0.00023823175967059655,False
0.00029170285912592987,False
0.000269161039508937,False
0.00010475210199920338,False
0.00029170213512489025,False
0.0001741393448724698,False
0.00021668639927084,False
0.00012846647303243653,False
0.0001284135524127205,False
0.00017032948407131812,False
0.0004090849116650664,False
0.00012722500075061129,False
0.000276969790172118,False
0.0009166210185469082,False
0.0017534451062107236,True
0.0002770874579980676,False
0.0002769696428317964,False
0.0002769678949513068,False
0.0004090984566711905,False
0.00027694733180565656,False
0.00027694605280227473,False
0.00016338521546189675,False
0.0001418072763948916,False
0.0003974656394569385,False
0.00027697245373327253,False
0.0002769484006315974,False
0.00027694928176518396,False
0.0009166172567891239,False
0.00039747322544035293,False
0.0009166216173222225,False
0.0002769534105755171,False
0.0007473970204718505,False
0.0003544610609086602,False
0.000276975877149685,False
0.00027695584508703286,False
0.00027695551047095387,False
0.0003691503880390846,False
0.00027695859378621985,False
0.00012576259849489613,False
0.0002773831578277429,False
0.0002773858644381611,False
0.0002177349729581389,False
0.0001533929442480415,False
0.0001643382560043606,False
0.0002153379044487913,False
0.00028005330459293063,False
0.000713468526098355,False
0.0007893973593724572,False
0.0007894004939475932,False
0.000265927164192858,False
0.00026471019452926165,False
0.00020771200952702978,False
0.0007894070468392726,False
0.0007893915937583672,False
0.00016434195682535463,False
0.00020771350271895533,False
0.00016433834235042666,False
0.0007893950337916526,False
0.00012808894116265988,False
0.002048961041881657,True
0.0007894046749235442,False
0.0007893988641786954,False
0.0020489370266527675,True
0.0007894161867459192,False
0.00015338739770662414,False
0.0007894104998357228,False
0.0007894141067402345,False
0.0001489520754464704,False
0.00015858565588985804,False
0.000171280868093577,False
0.00021695594359539828,False
0.00019115821968011161,False
0.00015858864924647966,False
0.00017128186945337165,False
0.0001862949813355445,False
0.00017647839436087548,False
0.00017647972377016923,False
0.0001285545280503384,False
0.0007134709868472498,False
0.0003273642077139245,False
0.00012310495826748662,False
0.00026683853381424734,False
0.00026299120621566484,False
0.0002617931406902074,False
0.00016325356753024844,False
0.000161191430026903,False
0.00022084100559277938,False
0.00020399771986014332,False
0.00022084050475595452,False
0.0001490819369857721,False
0.00015879564991051827,False
0.00017148968473933705,False
0.00013970220990389495,False
0.0004171161888322039,False
0.0001958806326999884,False
0.0001028947228905667,False
0.00010289418237171111,False
0.0003265663826281851,False
0.000507286428551726,False
0.00021619712226223756,False
0.00032657063029998537,False
0.0003265727999556417,False
0.00016219163800690057,False
0.00017694161124417362,False
0.00018758021857936532,False
0.00021681614802227867,False
0.00012864499556288704,False
0.00012334481354074413,False
0.0008779131783051766,False
0.00021061938168050241,False
0.0002168152669937375,False
0.00022083655618123038,False
0.00023968711598686793,False
0.00012864732154859956,False
0.0001246990615489558,False
0.00026509177633699763,False
0.00012469976431220677,False
0.00012620285502201308,False
0.00013589615965247824,False
0.0001258895112742975,False
0.00022083345232205045,False
0.0001258515849808838,False
0.00026509574405217645,False
0.00026509548164249625,False
0.00012334633867167456,False
0.00023868743251098082,False
0.0007134010888704491,False
0.00022608273786202434,False
0.00012572386761810274,False
0.00012339150851332602,False
0.0001257257901004841,False
0.0002272567480693375,False
0.00017634100318670318,False
0.0007133522607376012,False
0.00022208451364695602,False
0.00022071888306663176,False
0.00022071822998811613,False
0.0002654642768400743,False
0.00012711436352229617,False
0.0001730742780523831,False
0.00026325764920527887,False
0.00037276059636248053,False
0.0003205774868966336,False
0.0004992255565640166,False
0.0003950565498281569,False
0.00032058267918102856,False
0.00037654756727761136,False
0.000386603941614871,False
0.00038935200407187547,False
0.00029821911885164756,False
0.0008547892266711693,False
0.0008547823552225994,False
0.00027833385459323826,False
0.00039265978527627284,False
0.0013433897270648373,False
0.00047263675722616265,False
0.0004512231640088796,False
0.0003623222402890268,False
0.00045383153485907795,False
0.0005033971528682752,False
0.00047302873937489764,False
0.00044101190989756793,False
0.0005211209953312069,False
0.002144677853723167,True
0.000500895979047798,False
0.00046864879760976535,False
0.00034123712406324767,False
0.00035395451533021575,False
0.0004064217540692856,False
0.0003412345631638874,False
0.0005219984187518011,False
0.0004572024401152402,False
0.000509222746049767,False
0.0004153799256855415,False
0.0006822839845515077,False
0.0004399056707911782,False
0.0006532895887325729,False
0.00047419484693373,False
0.00041054419254383633,False
0.0007782408892874612,False
0.0004827219498643884,False
0.00039896567836228126,False
0.0004334989547700938,False
0.00039900434287665063,False
0.0004615089865857133,False
0.0004636075664281791,False
0.00046360617020354536,False
0.00046360491366622926,False
0.00046272927920352764,False
0.000862525703079147,False
0.0005718210458376857,False
0.0003796961430098529,False
0.0006362233414399026,False
0.0005835116571530571,False
0.00034263731146780914,False
0.0003717569274320807,False
0.00019690000244569926,False
0.00021712028605231043,False
0.0004117167686922895,False
0.00018526516276962313,False
0.00025008589251726034,False
0.0001888363482321225,False
0.00040442326985722256,False
0.0001850420144913453,False
0.00035150230314970327,False
0.0002533154890333515,False
0.0002707409409471993,False
0.00010745809133511815,False
0.00020114822584125402,False
0.00034845483140462635,False
0.000302432071592593,False
0.0005940668295915266,False
0.0001740642795886174,False
0.00020540024544494278,False
0.00020762543375207724,False
0.00021833587956873127,False
0.0002364765805319625,False
0.00022891895275040203,False
0.00022892168168962157,False
0.0004486293096396454,False
0.0007136321758781032,False
0.00023305736956207268,False
0.0006374803892247143,False
0.0006326115775239591,False
0.00032002079823876455,False
0.00044862779998094634,False
0.0003496794249893742,False
0.00025304837044246085,False
0.0005208722642467858,False
0.00025304818242660027,False
0.00032317653121086544,False
0.00022574710847875733,False
0.00023580868829611891,False
0.00033792117421656146,False
0.00023835129964169658,False
0.00023563195969994723,False
0.0002984577038962337,False
0.0007974994115336671,False
0.0004907832872341998,False
0.0003425896936622854,False
0.0004750098503698798,False
0.00025636782051679434,False
0.00025636880010996085,False
0.00025743812875472576,False
0.0008106054046217886,False
0.0002478709566858531,False
0.0008106083119135007,False
0.000810608332905349,False
0.0008106075658698996,False
0.000810609593384836,False
0.00029221032571746905,False
0.0002451896640991731,False
0.0003502789832508775,False
0.00034664974129664005,False
0.0003451979113467435,False
0.0003975505448462016,False
0.00039503970304269223,False
0.0003930548586430287,False
0.00039665857936113007,False
0.000347942841796543,False
0.0004093221816156412,False
0.0004170283373533566,False
0.0004253697408834663,False
0.00043435012923975335,False
0.00035687105509785253,False
0.00011520308138525112,False
0.003484313671120235,True
0.0001186678466033943,False
9.329063598400776e-05,False
0.003484314206108695,True
0.003484312334257114,True
0.00013848326149594906,False
0.00011519789339665474,False
0.000274839883055588,False
0.00039123261241784586,False
0.00027616064281846075,False
0.0003078971913494323,False
0.00031714089488139846,False
0.00027813596296495094,False
0.0001986885704692599,False
0.0003079072849547111,False
0.0003171473798388883,False
0.0002122051883995797,False
0.0003697441981620836,False
0.0003123159826317944,False
0.0003796770372290362,False
0.00037735846651195694,False
0.00030399464962829596,False
0.00031802115919746384,False
0.00036876710595030223,False
0.00036993170508073305,False
0.0003014055315611256,False
0.00039917427846059255,False
0.0004664867457023717,False
0.0006532001454090388,False
0.0003335117000600819,False
0.000378899829787838,False
0.000250305640256054,False
0.00025030585922095056,False
0.0002503048046474586,False
0.0013246258581391093,False
0.001267575732080853,False
0.0008591683963273903,False
0.0002503095695549073,False
0.0007060934577952965,False
0.0002503064040637256,False
0.00027911737304924097,False
0.0002791189475717881,False
0.002871505993465289,True
0.0028715164400874814,True
0.00016441970218195078,False
0.0001760134063829582,False
0.0002804801667413869,False
0.0005523138234083373,False
0.0007309035639978472,False
0.0002841243206848496,False
0.00028412256010499953,False
0.00012924228954675588,False
0.00022015548966963268,False
0.0002038200038293001,False
0.00039646357516267064,False
0.0004060146759716001,False
0.00017038516047018887,False
0.0003439667200015972,False
0.0004777246092363918,False
0.0002535904208446515,False
0.00028531867079861675,False
0.0007053195162438116,False
0.00022787323198392685,False
0.00034338728640704783,False
0.0002493149224754714,False
0.0002152849767077317,False
0.00017809508745934686,False
0.00021528657130695782,False
0.00021125399934452562,False
0.00039647611201304965,False
0.0003964776632958921,False
0.00040602494279155256,False
0.00034397017298038124,False
0.0003276239964164222,False
0.0003078148777645923,False
0.00015467961739889174,False
0.000456447729466363,False
0.00020115936686546115,False
0.00017363214360013355,False
0.0003439726225925889,False
0.00039648775726552795,False
0.0004060378756224716,False
0.00017809125657303036,False
0.000211265452755963,False
0.00024931980789321583,False
0.00021529114824907027,False
0.0003693306385026358,False
0.00015468061821614202,False
0.00026264741458080715,False
0.0003693270963048887,False
0.0003693283015312591,False
0.00018059113683035937,False
0.00036578546376231526,False
0.0001797473046931347,False
0.0003179939799898755,False
0.0008394929407560846,False
0.00013256646769633048,False
7.61402520743466e-05,False
0.0008394995974023772,False
8.076616245156868e-05,False
0.0002726156646718699,False
9.183079427437584e-05,False
0.0001043900636148601,False
0.00029412564411802493,False
0.00029412721902680097,False
0.0001024887479186827,False
0.0002941285311268791,False
0.00011674667844274142,False
8.184498243341293e-05,False
0.00020773488475571533,False
7.747665382918295e-05,False
0.00032941576354004424,False
0.000623898986873906,False
8.320032800997028e-05,False
0.00014613170756509205,False
0.0001051820314316717,False
0.00034625070073940323,False
0.00014782337168069013,False
0.0003407887394757863,False
0.00043780637937301104,False
0.0004367531919522371,False
0.0003591643899223321,False
7.41385002644133e-05,False
7.41481440524473e-05,False
0.00014608358526826032,False
0.00020760100100785696,False
8.121713904208119e-05,False
0.0003255544281039992,False
0.0005894480477477711,False
0.0001194887991568581,False
0.00011994408697224455,False
0.00015253116245694256,False
7.787322751768865e-05,False
0.00012919673806917803,False
0.00013515455848777178,False
0.00069302015107706,False
8.23720323493522e-05,False
0.0001199429669127783,False
0.0004632450664630818,False
0.00010883032987858698,False
0.00015239675823672976,False
0.00032055675650297994,False
0.00012884740552959907,False
0.0003571330202063788,False
7.410543608501068e-05,False
0.00043677248904133194,False
0.00018494959991815222,False
0.000207489556877201,False
0.0003413711201529894,False
0.0003593503197268528,False
0.00022048137738403257,False
7.764747148149985e-05,False
0.00013566692275494765,False
0.00016963868251256112,False
0.00034625134919143673,False
0.0006840703582572516,False
0.00022339408448657992,False
0.0005337745073701229,False
0.00033156331554451385,False
0.00017786031974437156,False
0.00036476218722228344,False
7.697532739467666e-05,False
0.00018620495640312793,False
7.622025759259908e-05,False
7.847214829934438e-05,False
0.0003571352974517103,False
0.0003664329290490462,False
0.00035653148534817625,False
0.00032056269056509495,False
9.12181499181584e-05,False
0.00015238911228587185,False
0.00027256248985386614,False
0.00010883076397780916,False
9.609949612913329e-05,False
7.492021473632758e-05,False
0.00018495112854502663,False
0.0002204929044622259,False
0.00041288831734414893,False
0.00029423926711973666,False
0.00040078072901343317,False
0.0005799231607660094,False
0.0002844048407694903,False
0.00028403587471700106,False
0.00017696357666742744,False
0.00026842092235313745,False
0.00020388408909497593,False
0.00021030702949209555,False
0.00024039251827954303,False
0.0002679164231790381,False
0.00014514416071063457,False
0.0004862030781989298,False
0.00024313819413830385,False
0.00012545799513104825,False
0.00011378698740944902,False
0.0001900061965845228,False
0.0003379125693586572,False
0.00030006031915931985,False
0.0001612809084015504,False
0.00023380728667152386,False
0.00036900735900734726,False
0.00027548979698109605,False
0.0004399180848075225,False
0.00019871342322372863,False
0.0003798458058463868,False
0.00014515371998794876,False
0.00014515435658720677,False
0.00048616010951219794,False
0.00022534749883400533,False
0.0002316513798616038,False
0.0001900153619917452,False
0.0006718379916921531,False
9.255270294751856e-05,False
8.644028651167697e-05,False
0.00027549456751998293,False
0.00020821915002201992,False
0.00015869379634673685,False
0.0001900211586848968,False
0.00043992930365971845,False
0.00036900322084872756,False
0.0001451641045234532,False
0.0001193009338162468,False
0.0014388781672840746,False
0.00011930059178520714,False
0.0006212272005618511,False
0.0003019696943964715,False
0.0002277347169140597,False
0.0003135027334783549,False
0.0002896771147968474,False
0.0003873839827105915,False
0.00012653571358920676,False
0.0002772965458581277,False
0.00032753060929947375,False
0.00024071606426908347,False
0.0002241994028567338,False
0.00023640557889831874,False
0.00033494204190366036,False
0.00017385111234191053,False
0.0003215691678788692,False
0.00017060400699364864,False
0.00029838316148314055,False
0.00020230890584238976,False
0.00019525869635443556,False
0.00022165923288348607,False
0.0003483393256182032,False
0.0001491623950801784,False
0.00020418701410327035,False
0.0003301741299579919,False
0.00031335398300157336,False
0.00023267541212827438,False
0.0003385344552427335,False
0.0003046800509406925,False
0.000314401239730827,False
0.00026933227129206846,False
0.00026998064648185184,False
0.00031837822534878284,False
0.00031837993780930307,False
0.0003183827581017157,False
0.0010853081016952196,False
0.002435536153995648,True
0.008116569334601057,True
0.0003183792234556801,False
0.00027064243406372396,False
0.00031837953622903604,False
0.0003183823160037306,False
0.0005877551579423298,False
0.00036903217690628637,False
0.00036903117278676496,False
0.00015951893966978506,False
0.00015951941432698792,False
0.0001589348604998895,False
0.00046646227066969885,False
0.00015893403489870942,False
0.00036903539810372894,False
0.00015893413304430664,False
0.00016997830258381365,False
0.00037627212704495743,False
0.00021218852325329777,False
0.00023869090150778325,False
0.0003986455032480026,False
0.0004493979630937567,False
0.00021988551913800986,False
0.00020928562328551616,False
0.00023021787345715194,False
0.00036227999235214,False
0.0003253734379875942,False
0.0005499536259493961,False
0.00023249177373918035,False
0.00019010108351260745,False
0.0003420724729736261,False
0.0002877459876732219,False
0.00025936925228094046,False
0.0001916745276325987,False
0.0004261809365752638,False
0.00044935073982311016,False
0.0009616003367181659,False
0.00018979133345255775,False
0.00018979052746870926,False
0.00037056719425148716,False
0.0005751633936487982,False
0.00019883389121831498,False
0.00039948004978385615,False
0.0003732696185363561,False
0.00027463443024133805,False
0.008720282712662168,True
0.0010913563439663427,False
0.002797788368362019,True
0.008807476937369838,True
0.0002703749921056316,False
0.0005770723516100075,False
0.0005770674275338502,False
0.0002703754260531278,False
0.000810519124617306,False
0.0027981327339036584,True
0.00019576061487038425,False
0.00031041447027334925,False
0.0004301493061917061,False
0.000546529703246071,False
0.0020931977679356966,True
0.0010904293809086037,False
0.0010904350310244608,False
0.00019035906074841799,False
0.0009617912921538092,False
0.00043014918223114327,False
0.00039542058589232555,False
0.00041702401301055487,False
0.00012566066634074548,False
0.00011921861632954392,False
0.00012371400000516257,False
0.0001810270165806333,False
0.00013503479672573744,False
0.0005541842408676404,False
8.888088473005972e-05,False
0.00013640834489452445,False
0.0001627356733021933,False
0.0001310241012586193,False
0.0006915938649959951,False
0.00012478776977520838,False
0.0002063878511380185,False
0.00012516114118738735,False
0.00016273802001057992,False
0.0001326038500887464,False
0.0002568257447688164,False
0.00015077941557420252,False
0.00015695043691733688,False
0.0004575718611083519,False
0.00017730714895835935,False
0.00012516414876164605,False
0.0001627389015823352,False
0.00012360944640691808,False
0.00016203240275762307,False
0.00010178984175419122,False
0.00015913072880638097,False
0.0002571051283262046,False
0.000249754559686531,False
0.00025080441982833646,False
0.00019071520813391976,False
0.00015519818599068526,False
0.00013579264558096472,False
0.00025128447387927046,False
0.00012442644976879655,False
0.00010392137889552194,False
0.00015720114887930509,False
0.0001375247261721641,False
0.00013095613680538974,False
0.00012018360908474546,False
0.00577756837350584,True
0.005938880298622274,True
0.00018746131296999124,False
0.00018746219862858808,False
0.005938876125061463,True
0.00013142517796560719,False
0.005777581805931457,True
0.00018746321784382888,False
0.00018746507247062954,False
0.0014962093394385477,False
0.00011883995693246463,False
0.00014353888833856766,False
0.0001575803391986099,False
0.00014668674608807485,False
0.0001225368468893191,False
0.00034577706180451926,False
0.00023797002017790538,False
0.00023679618038433754,False
0.00039450214491533746,False
0.0003945000142699433,False
0.00016659586747166247,False
0.0003944904752323715,False
0.0003944919690891933,False
0.00014643579724585862,False
0.0007907427399173605,False
0.0007907446762976329,False
0.0007954757254152536,False
0.000153388532146787,False
0.0007907376774183405,False
0.00016659992862022701,False
0.00035101567140191387,False
0.00036047626537048284,False
9.798102197547544e-05,False
0.00018385566937491663,False
0.0001694812967539845,False
0.0002584509178620171,False
0.00016507032292190798,False
0.0002555743232977488,False
0.00024661609238461966,False
0.0001370538358773627,False
0.000233211261493612,False
0.00024432166239963306,False
0.00015062402916868393,False
0.0001644304268130521,False
0.00021569514051289143,False
0.00020090390423365084,False
0.00028710260524341557,False
0.0001506237183760333,False
0.0006014548149722964,False
0.00042045521076906027,False
0.0005102457421777758,False
0.0002737518786102624,False
0.0002651266663304518,False
0.00016710813640102048,False
0.00016997767800101476,False
0.00016677120290351774,False
0.00020355083002761623,False
0.00016864834847614798,False
0.00023770398289830699,False
0.00037029683390577445,False
0.00016828924277803966,False
0.000165745670460707,False
0.00032133424408820787,False
0.0005566206340698052,False
0.0003213348942673899,False
0.00015061990151879397,False
0.000556614603618438,False
0.00013355668754855884,False
0.0005062240217892634,False
0.0002064514653231784,False
0.00016709752290319793,False
0.00020644918163806753,False
0.0005475348242424395,False
0.00016443303323704963,False
0.00021569317146853141,False
0.0001686463472495202,False
0.0002067433645920603,False
0.0005167601532060616,False
0.00023568709623075185,False
0.00030238245045556415,False
0.00020657314477896585,False
0.000569090832728371,False
0.00016674340170288345,False
0.0002650752020780189,False
0.00037232614213341677,False
0.00032627230182682835,False
0.00020590258134004963,False
0.00015998530248856557,False
0.00032627471327365193,False
0.0002036503664952949,False
0.00015056346630602818,False
0.0002064580916043009,False
0.007379019872522778,True
0.0001985826181532083,False
0.0002313904490984734,False
0.007379037192622385,True
0.007379059001156825,True
0.0006962871152081903,False
0.007379019559156604,True
0.007379050849968404,True
0.0001985861784003319,False
0.000696288433189472,False
0.007316575756815129,True
0.0005258820517044733,False
0.002388475499271051,True
0.00021846325828709685,False
0.0073165941324578165,True
0.00019233640715149918,False
0.0002881609859458827,False
0.007316557844591086,True
0.0002734575252575194,False
0.0024296182192523035,True
0.002429630643243939,True
0.0004717649334347843,False
0.0001985915920444292,False
0.0002819998309948439,False
0.0002881738542036032,False
0.0002819996736007933,False
0.00025710736882603765,False
0.00030319094611080293,False
0.0002819999992619039,False
0.00030319207856563087,False
0.0024296292916448125,True
0.002429631695672723,True
0.0002820002987479218,False
0.0011005416148791756,False
0.00028818890405275484,False
0.00025507656295168236,False
0.007194130058143419,True
0.007313998933385874,True
0.00022037332865031117,False
0.00025987899757547324,False
0.00046086769312695747,False
0.0025282327706753413,True
0.00026242818191937723,False
0.002528230520597954,True
0.0005187584176077947,False
0.00013227575435608506,False
0.00026258522608019186,False
0.00020168607923117825,False
0.00020261854306729743,False
0.00035501634095176236,False
0.0005186927101062271,False
0.0003406898755717754,False
0.0002625859152468904,False
0.00014028156417570563,False
0.00018520153657796017,False
0.0001292181285325619,False
0.00011257482175196568,False
0.00019278270136968196,False
9.835323352930359e-05,False
0.00016680983309451822,False
9.290295339091687e-05,False
0.00032569325778894975,False
0.00015159885047988803,False
0.0008466442513895109,False
0.00012082613118338612,False
0.00027179802665884187,False
0.0003275969819511555,False
0.00022300338067784262,False
0.00021808419671154094,False
0.00027993958343825213,False
0.000220121821139341,False
0.00027994110470683963,False
0.0002201241127951189,False
0.000207673174749076,False
0.00017528795257435402,False
0.00015407669067842863,False
0.00022614187428896624,False
0.00016426432057350533,False
0.0002446547392124359,False
0.00023349308415680442,False
0.0003712447858153717,False
0.00024465148475538744,False
0.00022013014723408622,False
0.00022301445371260574,False
0.00012553262244978055,False
0.00013890283339344794,False
0.00036044294869520235,False
0.00016428535702215616,False
0.0002589799469436522,False
0.0004642481716275191,False
0.00016385152822712004,False
0.0003714200197478449,False
0.00015144067892190364,False
0.0005222826100168789,False
0.0002324048754909416,False
0.00015084876048752213,False
0.0004912288120481785,False
0.008030266200685407,True
0.0008975569996534377,False
0.00017818504000152713,False
7.790631571660527e-05,False
7.790771192292938e-05,False
0.0004429877284302861,False
0.0011493928913879866,False
0.0029846335647868982,True
0.0011125080678396537,False
0.0002094364170038336,False
0.00040285352507448584,False
0.0003949781620711881,False
0.000288277141889269,False
0.00034302730801692586,False
0.0001669656502295108,False
0.0004928645369512812,False
0.00033594378496070836,False
0.0003101956674891739,False
0.0003099552736712129,False
0.00031019005095627404,False
0.0003757790507589137,False
9.652832006082068e-05,False
0.00014771662979123803,False
0.00015445469357448302,False
0.0001529893777557684,False
0.00016636122602426093,False
0.00016986259076617004,False
0.0008135914560107399,False
0.00024743052373126255,False
0.0001763039404443182,False
0.00021579188664370107,False
0.0001255579872376227,False
0.00018464555683756758,False
0.00011280905436556154,False
0.0003813258997412993,False
0.00011809126603859855,False
0.00038132612838495217,False
0.00011809088121100186,False
0.00011633408974654196,False
0.0008440041725520647,False
0.0001555664470885753,False
0.00017973949248321292,False
0.00038225686122394934,False
0.00048785209800698327,False
0.0004887598717546662,False
0.0001649175472212743,False
0.0001440697041835488,False
0.00013740630286207151,False
0.0007738897765928417,False
0.00012994646010584034,False
0.0007738931878214375,False
0.00031366610664449563,False
0.0006265913214214514,False
0.00014771376077052533,False
0.005259954006159139,True
0.0010430136738827421,False
0.00033614063526619204,False
0.0002404307659293179,False
0.00036981816745858167,False
0.00039501655437350027,False
0.0002055744044825273,False
0.0003189271530629738,False
0.00034888818068085564,False
0.0002700431787670707,False
0.0002620480030586669,False
0.0003108700371365454,False
0.0002209946449512253,False
0.00022181343145298148,False
0.0001992603905272553,False
0.00025090244685956194,False
0.00021441659222371965,False
0.0005590561679429512,False
0.00013154475586453902,False
0.0001247819862571023,False
0.00017466926479990245,False
0.00015302302555657377,False
0.00036135382671588327,False
0.0008156440397282328,False
0.00019015818188032537,False
0.00019038940520841354,False
0.00020780883750610144,False
0.00012987104651823077,False
0.0006625071414170921,False
0.0005445718742911962,False
0.00019844884805173658,False
0.00031485503610475965,False
0.00017669223386482182,False
0.000876168312590038,False
0.00033591207925008285,False
0.00016817792692431645,False
0.0008761544165476386,False
0.00029156252380393505,False
0.0002971370209117839,False
0.0008761523825874477,False
0.0008761514182145291,False
0.00022229510673680728,False
0.00029817260418735664,False
0.006359254660957637,True
0.00034243978652705344,False
0.0010148643007632412,False
0.0009312426830682616,False
0.0001617784406735992,False
0.005255572984364235,True
0.00525558636391308,True
0.0005431977738844693,False
0.0005431977708730525,False
0.000161779988592054,False
0.00019648116680014174,False
0.00019648092303494962,False
0.0003120861209128302,False
0.0009439523112896462,False
0.0005841326203433595,False
0.0003896349723679296,False
0.00022350711376808318,False
0.0004455496356098437,False
0.00044554500989490064,False
0.00012929607426889666,False
0.0001749938522418148,False
0.0008499761067412869,False
0.00018163169020433923,False
0.0002296710658182041,False
0.0003030244614824077,False
0.00022028582391204002,False
0.00022566409332185075,False
0.00022653715177130745,False
0.00014618237078800036,False
0.00021094631620615983,False
0.00023495211581337205,False
0.00041926592957339964,False
0.00021715809064058,False
0.0003434236943056627,False
0.00027533013773038835,False
0.00025349176500066606,False
0.0003101519760835169,False
0.00027929992512953114,False
0.00025898518482987324,False
0.0002724969414199325,False
0.00019346418946527904,False
0.0002013293888076711,False
0.00021095266957213426,False
0.00023496006357261575,False
0.0001666951456038225,False
0.00027847474570429103,False
0.0002498391063227789,False
0.00031142267456865875,False
0.00017539850641128612,False
0.00021114333045302614,False
0.00040054787252793853,False
0.0004132184040335911,False
0.00014901424515598662,False
0.00020906286632064574,False
0.00028994896169473074,False
0.0011102480510802,False
0.00020698720137916096,False
0.001752809849109601,True
0.00012356079510462856,False
0.00033246764356112467,False
0.0017528114271838872,True
0.00026544573231169105,False
0.00175282412795517,True
0.0017528049844178634,True
0.00026299345137545285,False
0.001104849656654452,False
0.00026374918581743297,False
0.00015816618413680604,False
0.00016898884813630225,False
0.0001694124339704045,False
0.00016126578802876844,False
0.00018178101522564323,False
0.0002121165512009119,False
0.0005736689732257298,False
0.00038769419917372575,False
0.00033946874867124294,False
0.00021594256989382758,False
0.00021594325728556938,False
0.00010419347011513268,False
0.0003065120961610854,False
0.00018297193954418985,False
0.00013171796237177559,False
0.00030246602458605144,False
0.0001485483013771801,False
0.00031067206827905603,False
0.0002127698708480756,False
0.00017182914273114531,False
0.00030651062636694406,False
0.0001317161037579221,False
0.0001238452483976729,False
0.0001187779935564549,False
0.00011450695164205801,False
0.00029586468632545785,False
0.0003040387723544516,False
0.00031409587897295255,False
0.0003547769848008047,False
0.0009431106713221924,False
0.0013560882966215737,False
0.0002982733084650411,False
0.000582899489289253,False
0.0020904617104346517,True
0.007571811399583823,True
0.0075757179222251895,True
0.0005815264141159153,False
0.0002793001600739577,False
0.00024351703160112214,False
0.00020152961865422753,False
0.0005819272955730803,False
0.00024351654714312182,False
8.852747699878452e-05,False
0.00029189378143896604,False
0.00023001653241233754,False
8.852835160282349e-05,False
0.0002300157749506483,False
0.0006188059221353625,False
0.0006188031674081551,False
0.0004911927318760755,False
0.000407539700601297,False
0.0004118272981829355,False
0.00030059154856083175,False
0.00030058881460659953,False
0.00041204247031868563,False
0.00016440090026383682,False
0.0004140621747564795,False
0.0004140611294760274,False
0.00041297086056903007,False
0.0005824250552429455,False
0.0005355820334738201,False
0.0006815567833295397,False
0.00040282636520605367,False
0.0004170591683266398,False
0.00029594857989609754,False
0.0002959483825022565,False
0.0007494829663802591,False
0.0003959805742798077,False
0.0003202624271555724,False
0.00031108817893945245,False
0.0005247349588638466,False
0.0003110900593911967,False
0.00032123724179045196,False
0.00032026263840429837,False
0.0003050628285111228,False
0.00034368453532109385,False
0.0006165864083144521,False
0.0004028266802414928,False
0.0003202628634910917,False
0.0001496304133163562,False
0.00041405673292508433,False
0.0004129707708757032,False
0.0003110850379796505,False
0.00014815270075732324,False
0.00041296590461313066,False
0.00014104602318070633,False
0.00044101562341922516,False
0.000429640539626318,False
0.0003816070138743588,False
0.000242366025160795,False
0.00037877266643673575,False
0.0003314154012663591,False
0.00018654376623916904,False
0.0003118087248518865,False
0.00021650069941568976,False
0.00014751677379648242,False
0.0007778481103073427,False
0.00031843384445140124,False
0.001113977661285646,False
0.0011564759498226675,False
0.0011564813246711368,False
0.0005654739769949725,False
0.0011564751750129491,False
0.00031843260631677115,False
0.0003184335291739454,False
0.0011361309302034093,False
0.0005546514262682488,False
0.0004367949563147397,False
0.00029810714663278023,False
0.0011564682045306345,False
0.0003184271544173359,False
0.0021947423353522425,True
0.0005435265550815829,False
0.0011361295423131983,False
0.0011361300166241152,False
0.001010870454117704,False
0.0018158846835293503,True
0.0003174743730595835,False
0.0003055970836849757,False
0.00031747163177238186,False
0.0003184243401421357,False
0.00031842577531854553,False
0.0004368006355361143,False
0.000318422987147939,False
0.0011361240887480014,False
0.000554649279175861,False
0.0007257881201076868,False
0.00031842332891845196,False
0.000318420607491442,False
0.00031842010706853495,False
0.00031842342824266466,False
0.0011564583453128406,False
0.0011564544271193719,False
0.007916143644164273,True
0.0011361179585183982,False
0.0009906574942672908,False
0.0008477984178063382,False
0.002261233424581989,True
0.002261237110051301,True
0.0011361239863706429,False
0.002261224221496318,True
0.001156446870687108,False
0.0011361209558054222,False
0.00031971942223972283,False
0.00039134011964952326,False
0.0005341544774069331,False
0.00037220605481959237,False
0.0003720723315529078,False
0.000781581415346636,False
0.0005425548347886359,False
0.0004425256319655585,False
0.0003837471102237468,False
0.000534153910000784,False
0.0020881013695436216,True
0.0004868052067941323,False
0.0004900408004149895,False
0.0004906580848485552,False
0.0005519323208815299,False
0.0006118910519902954,False
0.0005623446848951868,False
0.0004056858100727517,False
0.0004425273488315411,False
0.0007815955883547025,False
0.000542551477521102,False
0.0003700235894425693,False
0.0004900349650773729,False
0.0004906604253980713,False
0.0005623462788007192,False
0.0007816030985658721,False
0.000781604890668196,False
0.000408324358479829,False
0.0003608063465568239,False
0.00032029041564601596,False
0.00032067283134576256,False
0.00032067101878339294,False
0.0003057345957677848,False
0.0002988927815388857,False
0.00016681546054919823,False
0.00017374837377878556,False
0.0002468368384408118,False
0.00022739918427503087,False
0.00019439496631640452,False
0.00022066380681402996,False
0.0003040190435528608,False
0.00022469354691978728,False
0.00016132692426472226,False
0.00028023227166012923,False
0.00019303544269353177,False
0.00019303472266794943,False
0.00021076184466857324,False
0.00016344643988319455,False
0.00022046328963963571,False
0.00017369448163688435,False
0.00023442529795702707,False
0.00018801067424101383,False
0.00028838943380615106,False
0.0001733013120161813,False
0.00019285224658888666,False
0.00027873040733177186,False
0.00028018608633859706,False
0.00019382283774000065,False
0.00013482062580196658,False
0.00012460291418791086,False
0.00020337159767990043,False
0.00045188524853723844,False
0.0015436683964708065,True
0.0009157849681456782,False
0.00034427030704222393,False
0.00037658624052011163,False
0.00020536466666256652,False
0.00015583158785731994,False
0.00028899007669077833,False
0.00021785230488883674,False
0.000204687672925844,False
0.0002781859823818493,False
0.00020337396587532066,False
0.00023066634758893005,False
0.00019341831519788965,False
0.00019083474194349337,False
0.00019103697787488795,False
0.00025167452287846466,False
0.000176470251178416,False
0.0003499681860641281,False
0.0002916952156550977,False
0.00016996423143141913,False
0.00031438193415034917,False
0.0003442399886481026,False
9.234963503878036e-05,False
0.00022078549863549862,False
0.00027817278514526123,False
0.0003209695798498812,False
0.000160487497038203,False
0.0002171555923508044,False
0.00019323360710315994,False
0.00032855209986217584,False
0.00013577330614589122,False
0.0003228125317224662,False
0.00017919951900613094,False
0.00020357213508534803,False
0.0002882577710838645,False
8.242437191089395e-05,False
0.00019440689027547096,False
0.00022088449221795226,False
0.0002801433099167004,False
0.00028839232484365203,False
0.00017293988732176738,False
0.00027761765794090556,False
0.007007317876714286,True
0.007007346624991604,True
0.0017285191579204356,True
0.00016519168200255743,False
0.0004322723289980929,False
0.0009363173654993753,False
0.000630887095568379,False
0.0006348853181641016,False
0.00020314882212967922,False
0.00040054477212650934,False
0.00019796977849388116,False
0.0001979721666077298,False
0.0017285295979545306,True
0.00013967825330598265,False
0.00016519555560067436,False
0.0004005475215938902,False
0.0003224437750408305,False
0.0017285356206015873,True
0.0003947511738070326,False
0.00016519669747624982,False
0.0017285285401245276,True
0.00043227739405331744,False
0.0006408406214385876,False
0.0017285364999006644,True
0.0004005498779434297,False
0.0006408431057193716,False
0.000197969646876307,False
0.0001396797778723378,False
0.0006408440019638059,False
0.0017285462531209464,True
0.0008862040826049301,False
0.0004322825110857182,False
0.00043228277230192096,False
0.00027207318932037655,False
0.00018949258549268627,False
0.00027426174410704,False
0.00018938292575285186,False
0.00014658747412457545,False
0.00020343640126270385,False
0.00020343749357150653,False
0.00032360816224367105,False
0.0001893307027205356,False
0.0017099880121865967,True
0.00018932978669612853,False
0.000936605296482911,False
0.0007936536376184436,False
0.0002097404558328881,False
0.0003337483661785057,False
7.327487632744155e-05,False
0.00014839970858992812,False
0.0001484003698260438,False
0.00017166470346380872,False
0.00018156615786247624,False
0.00015007164797506376,False
0.000286195898098495,False
0.0002437226230013435,False
0.00018156517599170804,False
0.00017947687024604252,False
0.00018006697504370292,False
0.00018613178614886497,False
0.00024372115421016243,False
0.00018006671345759194,False
0.00033376371226841254,False
0.00014840597899548814,False
0.0001815673259187204,False
0.00014840921771480103,False
0.00018941054553894742,False
0.00014841012373541498,False
0.00019289995462196872,False
0.00019290083947690346,False
0.00017089037514705303,False
0.00018613376588979278,False
0.0001894093897060687,False
0.0004376260566203581,False
0.0001746380262542413,False
0.00017948171944175918,False
0.00022855969287544382,False
0.0002419448753428835,False
8.112484678041252e-05,False
0.00027555803556826645,False
0.00016271795746728113,False
0.00018579661760959807,False
7.357281301627059e-05,False
9.402947360701002e-05,False
0.00030141469650276005,False
0.00015695328405944343,False
0.0006090277632399971,False
0.00010802346854481789,False
0.00026262833898143704,False
0.00023636493803069227,False
0.00010606690556475878,False
0.00044644346599288765,False
0.0002804735916273861,False
0.0004382935785798044,False
0.0004636179321113027,False
0.00023636995678055672,False
0.00024879223867948645,False
0.00026046784740472827,False
0.00010137384027565271,False
0.00024124210593149065,False
0.0002630319515673703,False
0.00015984152329251726,False
0.00023637425594582307,False
0.0002579688160457633,False
0.00044156133735256324,False
9.907111221340387e-05,False
0.00021236763973997593,False
0.00012739113851574824,False
0.00015792520865197336,False
0.00015491777807721151,False
0.0014763336549136047,False
0.0007436819143255961,False
0.0007436814657014235,False
0.000743679366676648,False
0.00025783707199823384,False
0.0007436759608453132,False
0.00032261929895696656,False
0.00032262319945631867,False
0.0003226215784917525,False
0.00027478243983607533,False
0.00027091168841920823,False
0.00011317651595015921,False
0.00023397719565453184,False
0.00014705786388223417,False
0.0002850936597321233,False
0.00046967549445915403,False
0.00015664603490788027,False
0.00021236419544564376,False
0.00019619632245351294,False
0.00011822397990823798,False
0.00033643115134662056,False
0.00032311187552235167,False
0.00025596472705256726,False
0.0002579709653743063,False
0.0002826447746058754,False
0.0003326273546862842,False
0.00011940599896346235,False
0.0001194063358561422,False
0.00030174135557956515,False
0.00033262840699379995,False
9.750235505014601e-05,False
0.0001078995844362522,False
0.000311939708170436,False
0.00015610195592650857,False
0.0002888946971166401,False
0.0003514464158551597,False
0.00041001150714753615,False
0.00041001543073028175,False
0.00041001479161679723,False
0.0005402460143922681,False
0.0007344717099125103,False
0.00024555305730504555,False
0.00016379587155217863,False
0.0001473222735434791,False
0.0002256410351983529,False
0.0001637962024879695,False
0.00015057194110412435,False
0.00016379468180961282,False
0.00015057119297387175,False
0.00026612661631550557,False
0.0002661280827717276,False
0.00015691005729271244,False
0.00020452238039695277,False
0.0005649799806085432,False
0.00022812639769531786,False
0.00033742035882774747,False
0.00035846861176588044,False
0.0008983416415541724,False
0.00012818420882422602,False
0.00035847097276877065,False
0.00035847286706254744,False
0.0003584731406276097,False
0.0007248550911285968,False
0.0003584746641297529,False
0.0011530187757729756,False
0.0007871439571401472,False
0.0009690774248752172,False
0.0009102177243028282,False
0.00013164582761213752,False
0.0001244948657706985,False
0.00012114293058740908,False
0.00012843729977902307,False
0.0010851462342179503,False
0.001120007762568025,False
0.0010851490799919008,False
0.00011915119668063941,False
0.002092258122184495,True
0.0011535355501497008,False
0.0006573982500341132,False
0.00039816993038807884,False
0.0003769034741183607,False
0.00014039662799606708,False
0.00018124390922822357,False
0.00014834658365969286,False
0.0001511914830512328,False
0.00015598658792000022,False
0.00017212684918956894,False
0.00017273590550904327,False
0.00017370311904606634,False
0.00019819987724950723,False
0.00033065568646694065,False
0.00013407565065162328,False
0.00020842282703562956,False
0.0003661765840841561,False
0.00020213472080712894,False
0.0002198075397677165,False
0.00039730904301396136,False
0.000685308687581859,False
0.00013080501183274483,False
9.453891613674166e-05,False
0.0001407819449785257,False
0.00024728964711658984,False
0.00048282466801732274,False
0.00024752967198419336,False
0.00018496198084909648,False
0.00022626747480414104,False
0.0003059884689647678,False
0.0005597090102259792,False
0.00016190873607447006,False
0.00033725882219538925,False
0.0002703433188433273,False
0.00034641420005315554,False
0.00022590788698541753,False
0.00011667613173002812,False
0.0001514753254991838,False
0.00012616296444267105,False
0.00021600892430857262,False
0.0002064677456742772,False
0.00016335828372777126,False
0.0001474815609296238,False
0.0004218403664960753,False
0.0003058719350605541,False
0.0005035651154329932,False
0.0005307156616513489,False
0.00039984910573413117,False
0.00024849807810933626,False
0.0003275105307374358,False
0.0005357571256140469,False
0.00031823634460057237,False
0.0003484025614666119,False
0.0003290644390700955,False
0.0003676392475753086,False
0.0005702874992439858,False
0.0003563328743852524,False
0.0003563350643980844,False
0.0005307208901463394,False
0.000355882339171792,False
0.0003254139261245519,False
0.00025096604231351585,False
0.00047411162209547386,False
0.0004544066892067555,False
0.0006346084590147151,False
0.00033655439439980007,False
0.0005035544117071273,False
0.00047410896909649657,False
0.0005035522223863148,False
0.00035059033624415786,False
0.00024348980912132026,False
0.00032990472345769236,False
0.0004049091890397794,False
0.000408679372070768,False
0.0002434843939250328,False
0.00024348935087008863,False
0.00804768651051305,True
0.0002762777448102911,False
0.0006138611052121231,False
0.0006138600493821001,False
0.0003235872576428783,False
0.000604433040931331,False
0.0003259068563696656,False
0.00032366118275398365,False
0.0003330767279290788,False
0.0009400439906117966,False
0.0010082849171497224,False
0.0004933297935789565,False
0.000493329538778401,False
0.00022268801884411246,False
0.0004212612470583256,False
0.0005207300102429956,False
0.00022269022000869697,False
0.0004420876490075614,False
0.0006109267496877768,False
0.00038114672272393936,False
0.00032845972467319224,False
0.00032927182306083093,False
0.0004885945953414183,False
0.00039506885240909165,False
0.0003264358009257359,False
0.00031749325469674586,False
0.00024279619612802065,False
0.00042222943592471965,False
0.00031946527471693844,False
0.0005457871704145325,False
0.00031312052287306625,False
0.0003559357569801285,False
0.0006286308190820556,False
0.00010451696838772903,False
0.0002983720154588716,False
0.0003529006405818837,False
0.0002235962908118741,False
0.0002887436765111576,False
0.0002730684656563468,False
0.0002417493563969222,False
0.00038565597506151357,False
0.0003510172030893211,False
0.00025199355120089504,False
0.0002500598169207702,False
0.0002687310089277857,False
0.0002274476174493713,False
0.00030462613519630744,False
0.00022124229405787768,False
0.0003463917940766386,False
0.00029982350791370345,False
0.00020806462130001517,False
0.0003067054539592842,False
0.00025690884674597913,False
0.00031282348742267015,False
0.00031351880117719126,False
0.0003517429383945004,False
0.00014056193646645273,False
0.00025616300651564155,False
0.00029949349614500644,False
0.0004233493100234594,False
0.00024902951840849474,False
0.00042283665303589413,False
0.00032338632463713813,False
0.0002502579301059401,False
0.00023288930783195585,False
0.00026924737030847656,False
0.0003750603259535183,False
0.00031623719804105667,False
0.00038575909116521454,False
0.00031392051685890325,False
0.0007177485039447928,False
0.0007177484998742264,False
0.007260286186152641,True
0.0005767732247811829,False
0.000292692696886233,False
0.0002973300282820955,False
0.0003062250520817174,False
0.000637228916621143,False
0.00013764473352200466,False
0.000310025132501004,False
0.00010904371021344808,False
0.00012579074537434024,False
0.00032773193776642267,False
0.0002233097856918003,False
0.00021490512655649238,False
0.00020013165028399433,False
0.00031445918424122596,False
0.00013266918124635646,False
0.00020262758088997204,False
0.00031560320033057203,False
0.00029447031663358157,False
0.00026543094339026503,False
0.00012495996682743518,False
0.0002620425874509015,False
0.00012161564638298539,False
0.00016221479402729413,False
0.0001802475703850439,False
0.00018472174556420369,False
0.00021180338022939088,False
0.00020852610409219564,False
0.0003354237272100831,False
0.00025899258172745596,False
0.0002860399878173548,False
0.00024969572050404523,False
0.0005769615657348584,False
0.00018363736206527588,False
0.0004136143078672954,False
0.0002689416817824176,False
0.00024206539403796423,False
0.0002439507294325255,False
0.00016608400070129822,False
0.00016870170376800933,False
0.00017374936140237854,False
0.00018850730275094796,False
0.0002332698833005003,False
0.00035814814490440334,False
0.0002554848785210268,False
0.0003609859085911975,False
0.00022302785160850178,False
0.00035868202826614694,False
0.0002773164696812191,False
0.0003122724383948213,False
0.0003030120818883862,False
0.0003432396366488162,False
0.00035817211670328123,False
0.0003756408314787169,False
0.0004291502537187549,False
0.0003729750882879793,False
0.0004855213775456417,False
0.0002903433869600086,False
0.0002753618255236795,False
0.00032385750280900216,False
0.0005484190441997905,False
0.0005929910698143457,False
0.00044311433437806575,False
0.0004553899876988197,False
0.0003884708184896759,False
0.0005913531425255119,False
0.0005913597299611397,False
0.0005913593914589062,False
0.0003884704668450716,False
0.0004431200939559745,False
0.00044312350729688827,False
0.00044311986725447343,False
0.0003760698493503342,False
0.00035912530721127363,False
0.00034162068384497506,False
0.00038847922807333084,False
0.004818867342206027,True
0.00048386573777505995,False
0.00048386218360429984,False
0.0009424739037089526,False
0.0006490923264359597,False
0.00017800529629000554,False
0.00014546144907072496,False
0.00019695480188082015,False
0.00019695388035704598,False
0.00024390086439036201,False
0.00024389963317093105,False
0.00018622592922349425,False
0.00015779531387648022,False
0.00018622566589317828,False
0.0001938316964034998,False
0.00023075731278810954,False
0.000292361991296059,False
0.00021091808255094534,False
0.00015449888676596424,False
0.00019283552154880347,False
0.00014546199153080207,False
0.0002587953348204238,False
0.0005566118017400576,False
0.0005566152401660482,False
0.00036759145924988233,False
0.00039349883425984257,False
0.0004119105282273183,False
0.0005957911289248444,False
0.00036759078644230017,False
0.0003675896917495724,False
0.0022142170987178005,True
0.00044332043017060945,False
0.0008570520672326592,False
0.0022448004032270064,True
0.00036482220446585635,False
0.00042076151070513147,False
0.00038029343452864747,False
0.00035633327242205645,False
0.002393822303973391,True
0.0003318514809856495,False
0.002459742041731738,True
0.0005401491434373521,False
0.009046483053461308,True
0.000818676860527257,False
0.00030003753859864714,False
0.0006151988140441063,False
0.0010853692837843082,False
0.0005482732060537526,False
0.00028831750124161664,False
0.00021425424858441508,False
0.00017338959379537466,False
0.0007978833801036775,False
0.00029021588602206607,False
0.00019249193749796634,False
0.00020794114197811243,False
0.0002994360385259285,False
0.00012245189760727533,False
0.00015513062687612334,False
0.00015640733919052054,False
0.0002686901498470241,False
0.00041864385998210745,False
0.00019174394641569193,False
0.00010823177050937364,False
0.00011353896145448452,False
0.0003066269716655235,False
0.00011870885381343098,False
0.00018178456278175546,False
0.0005008965211666246,False
0.0002009991864655084,False
0.0002057862824188044,False
0.00037073275196509574,False
0.0002449298686901273,False
0.0002094682153061326,False
0.0001082342266706999,False
0.0005211947450947877,False
0.00021455119254766051,False
0.0002312756619704319,False
0.0002111922786164391,False
0.00020860875982730865,False
0.00021329913042846248,False
0.0002312777867610511,False
0.00022923239177655556,False
0.00027724500625020594,False
0.00027039031727967515,False
0.00019176041925457352,False
0.00035647761552228593,False
0.0002550170737128445,False
0.00017837792816062452,False
0.00018197057851493812,False
0.00035284341133869735,False
0.0003606089809576568,False
0.00013976279168558605,False
0.0002632224326934741,False
0.0002475298039852626,False
0.00011278612787101301,False
0.00030690817410734296,False
0.0003116052277980992,False
0.0002689400957360254,False
0.00011888011122284608,False
0.00037868538289456216,False
0.00011888054490939628,False
0.00018062342286611166,False
0.0004469410138177156,False
0.0001756323014275335,False
0.00017273276105534064,False
0.0001578275592741764,False
0.0001780558485293206,False
0.00020046698370479509,False
0.0003545134406099526,False
0.00016897237840824694,False
0.00011888396649975671,False
0.00011164199939344716,False
0.00011276491395780606,False
0.00012664699880139015,False
0.00018254541577192193,False
0.00018516137171547897,False
0.00018675998667784136,False
0.00020363581693378958,False
0.00019784592302818718,False
0.0001733996016550981,False
0.00026025723462767803,False
0.00010165622197593391,False
9.996779921650294e-05,False
9.920833019113942e-05,False
0.00018477048898233982,False
0.0004263547068960495,False
0.00017278715088203596,False
0.00010762259680340076,False
0.0003786656013735165,False
0.0003786675948531637,False
0.00023832328159080794,False
0.00019011713099527768,False
0.0002073624970205874,False
0.00028991541955910856,False
0.00017037698530426206,False
0.0001431103852494542,False
0.00047811742093535674,False
0.0005085216190603414,False
0.0010378028396561185,False
0.0010992054095127473,False
0.0010954533008120668,False
0.0018657099123968845,True
0.0020597923583783343,True
0.0002309189423480423,False
0.0001962194137739601,False
0.0010327298138918602,False
0.0011013163827100839,False
0.0005085254414331246,False
0.0011152537811321785,False
0.00031770677870586494,False
0.0011085165402350563,False
0.0005085310928344425,False
0.0011035778994296407,False
0.0010349957620676923,False
0.0010327544107871214,False
0.0002981695278333739,False
0.00037233224421541494,False
0.00023089981490804316,False
0.0002206072006486887,False
0.0010197849731521688,False
0.00033426232876913913,False
0.00036167388644546165,False
0.00047804405428471144,False
0.0010843714914947947,False
0.0005596306006863708,False
0.00070259787280927,False
0.0006221103168611917,False
0.00020983199051104754,False
0.0003192490403040093,False
0.00045533419150817076,False
0.0003312305814623856,False
0.0003911730230770208,False
0.003760938612523989,True
0.00026332816999659217,False
0.00033123571202204433,False
0.0004553386212790824,False
0.00031924765399601374,False
0.00031924875659881274,False
0.00022781119784874438,False
0.00022129945917224295,False
0.0003644670452693516,False
0.0022972402269875107,True
0.0007082612148000798,False
0.000687715585346295,False
0.00023038805439828128,False
0.0018564539513770866,True
8.515000895236047e-05,False
0.00021652327404087461,False
0.007590398464766977,True
8.514522449122235e-05,False
0.00031179626645849224,False
0.00018674202593477543,False
0.0003117941777571914,False
0.007737179158900735,True
0.0002220065112956292,False
0.0003693962546423217,False
0.0018832303622417668,True
0.0018564406606454045,True
0.007590401504421755,True
0.00031179378814801727,False
0.0007337866900886888,False
0.0018832238142466407,True
0.00773714420965031,True
0.0003117978969771722,False
0.007737128060854241,True
0.0018832267508030998,True
0.0003693923036435196,False
0.00017792148607235136,False
0.0003117964833433404,False
0.00012875575110800694,False
0.0003110891273048927,False
0.00031179788584426057,False
0.00031179856585041704,False
0.001856434257234108,True
0.00031180023895693675,False
0.00013703239241862704,False
0.0005052797687799374,False
0.00028759278835187725,False
0.00036938534191375996,False
0.0006876856966206569,False
0.0007337739905725931,False
0.0006876882050757697,False
0.00020855698930089195,False
0.00046071792749129175,False
0.00039883250075570373,False
0.0005532397527899823,False
0.00038315919460684317,False
0.00041460832204318727,False
0.00045042963902485844,False
0.00036199089379914176,False
0.00030634623002534066,False
0.00023496534367471782,False
0.0002496874090962742,False
0.0002546800999994515,False
0.00041368202223293166,False
0.00024391953872594202,False
0.0002586797781597892,False
0.0004443353551272162,False
0.0003937696799139434,False
0.00011698926484364963,False
0.00013914586046216774,False
0.00042578869820392043,False
0.0002360078273192205,False
0.00013913389394083642,False
0.0003167060553952813,False
0.00045486672449216164,False
0.0001953428001299621,False
0.0004116574977606468,False
0.00019175948444024815,False
0.000136831096654571,False
0.0001391376312851591,False
0.00041165649830456145,False
0.00019534484021813548,False
0.000416935916723157,False
0.000139136578107785,False
0.00046726127112871557,False
0.00026393812027544625,False
0.00041165995475195207,False
0.00042578653570156416,False
0.0003433050226946563,False
0.00042578958533645713,False
0.000347400055551535,False
0.0003474007595879643,False
0.0009961713960882851,False
0.0004250918752206605,False
0.00036984909454754514,False
0.0002099289873027435,False
0.0003453373301988425,False
0.0003651882820218643,False
0.000369842804689607,False
0.0004463923008664941,False
0.00046975072782787783,False
0.0004705350004073603,False
0.0005375917862864266,False
0.0004707882308829788,False
0.0003192547327004929,False
0.0003775164872020547,False
0.0005557167095459248,False
0.0004930530902030411,False
0.0005109592398570008,False
0.0004893389712245054,False
0.0004150688184386532,False
0.00050272470250826,False
0.000507158282496081,False
0.0004817594017035065,False
0.00048818900495958774,False
0.0004949359225430918,False
0.0005027158504382603,False
0.0002986339623259297,False
0.0003192080492238658,False
0.0005183033965614831,False
0.0002986338291269767,False
0.00033415016271170226,False
0.00043188396134474793,False
0.0005535035942564932,False
0.0002961337504670988,False
0.0004608608885886483,False
0.0002684006662441894,False
0.00036007177987164583,False
0.0003343712670266018,False
0.0005101864723563192,False
0.0005468975415892073,False
0.0003428580804235445,False
0.0003148649207902141,False
0.00032332335035485015,False
0.00032639792970290025,False
0.0002913913279076918,False
0.00052395665581661,False
0.0004845952621316279,False
0.0003486358721740445,False
0.0003233679351229709,False
0.00027505894266102867,False
0.00020969522505864146,False
0.0002222760180520814,False
0.00024004388712841584,False
0.0004025685192986292,False
0.00026057103701522684,False
0.0005638320068784825,False
0.0004152415090855188,False
0.00018124736315071113,False
0.00020068343712034126,False
0.00022595993423232672,False
0.00022722428903118954,False
0.0002598697419468188,False
0.00015915235067169922,False
0.0002633366224181563,False
0.0004931978479795192,False
0.00020720986875329177,False
0.000315193372430856,False
0.0005853474489275723,False
0.0005934189893141862,False
0.00021939433155942074,False
0.0002516375183852951,False
0.00023026817521160287,False
0.0004018109354113578,False
0.00026592314462609,False
0.00019547581713706477,False
0.00029724306842003503,False
0.00022684558507567122,False
0.0001989493464456347,False
0.00022114133319825713,False
0.00023105183105729207,False
0.00030055641897781306,False
0.00045987843778681964,False
0.00018816383623295472,False
0.00021707961880696277,False
0.00014786735096781632,False
0.0004653663874035224,False
0.00015802736363835303,False
0.00020004897272065802,False
0.0002270575510501823,False
0.00030172496533118013,False
0.00031969585729461414,False
0.00021707740136977166,False
0.00014786686511204173,False
0.00030200567428500255,False
0.0004653661419297764,False
0.00044993437941148626,False
0.0005561919583681317,False
0.000370583937803048,False
0.0002340865120462452,False
0.00021080322883100958,False
0.00024228588234060392,False
0.0004091498974437524,False
0.00046536665882958083,False
0.0003705780437108045,False
0.0001580273592052544,False
0.00017801469528452052,False
0.00033421935392808066,False
0.000422758312023813,False
0.00037773118498910484,False
0.00016212671863578972,False
0.0005481723005635042,False
0.00011384845190743194,False
9.349052771800658e-05,False
0.0003395106125173388,False
0.00033700999370091846,False
0.00014455576164737157,False
0.00026453556138612773,False
0.00010921268555631923,False
0.00014961022955977456,False
0.0001381675733250184,False
0.00015143814462550018,False
7.478115898444226e-05,False
0.00016960496235332134,False
0.0001429087385615474,False
0.00014026287639353852,False
0.0005824438925881655,False
0.00014981152730895363,False
0.0001474233516356945,False
0.00014335980761562273,False
0.000476058992192712,False
0.0006012406785043447,False
0.00014613423674136267,False
0.002201982013497724,True
0.0001466728992941841,False
0.0009290715568625249,False
0.00018842109611227388,False
0.0009290686679496586,False
0.00022281514036234275,False
0.0001756032255435279,False
0.0001422323420922385,False
8.461675030051831e-05,False
0.0009290681580235116,False
0.0001844154956932339,False
0.0002498486100161309,False
0.00012879172883773648,False
0.0002121202464254292,False
0.0004872498445403843,False
0.00022902471434488384,False
0.00034488341154342335,False
0.00028578632818147544,False
8.738617648524728e-05,False
0.0002525821255018192,False
0.0008094248612236952,False
0.00020380732242800364,False
0.0003123858736753725,False
0.0001987739044852254,False
0.00014723353674208543,False
0.00010531231950057464,False
0.00016919718094144553,False
0.00021809553863026907,False
0.0002180987048338538,False
0.0002575735394023434,False
0.0001964574751924912,False
0.0003393498841407034,False
0.00037794555010390343,False
0.0004704992136378572,False
0.00036986610184237985,False
0.00033059970561026894,False
0.000791397128105183,False
0.00037794798759604716,False
0.00046253384788179954,False
0.0003384528023046298,False
0.0003305976127839912,False
0.00034148723489162413,False
0.00047573514091041406,False
0.0003779426727303925,False
0.0004323574757471879,False
0.00033954666454903915,False
0.00047049130159720047,False
0.007684889168409392,True
0.0003380867188566333,False
0.0003380877154894832,False
0.0020606335185060043,True
0.0003446989418801119,False
0.0020606240722187766,True
0.00035933426086313307,False
0.0020606250936154613,True
0.00034899930626938687,False
0.007684870530010451,True
0.0003380262701655587,False
0.00033809162453434866,False
0.00033809348858726264,False
0.000711044036977874,False
0.002060623576697486,True
0.00033809507461968864,False
0.0005167888426323888,False
0.0003789086736757798,False
0.00037794568715132773,False
0.00040351571207398085,False
0.00036004298395899694,False
0.0003203938430430534,False
0.0003280109005478002,False
0.0003213693456177825,False
0.00030764331240681604,False
0.0004757594317823944,False
0.00036784062189585743,False
0.0003315312987529823,False
0.00032844356133638383,False
0.0004757584636256948,False
0.0003355490281232844,False
0.00034791279911655204,False
0.0003266531726233091,False
0.00033384537428491056,False
0.00033361644793340837,False
0.0003001483993035784,False
0.0003682748476491175,False
0.0005623021468146251,False
0.00043250271335826376,False
0.0003396704610774447,False
0.0003199125586722046,False
0.0003302107318831908,False
0.00032243589747748543,False
0.0003076786541614095,False
0.00048189182690192147,False
0.0004016115481742464,False
0.0003384233706027339,False
0.0005904321947350395,False
0.00042081907982616197,False
0.0003771269190973221,False
0.0002642703281840337,False
0.0002606290082533849,False
0.00019278778599293126,False
0.0004395823284175935,False
0.0002567318398729396,False
0.00020435100642847214,False
0.00011912796916611936,False
0.00013187225245744503,False
0.00010649314240118687,False
0.00029145289924307376,False
6.462567662239997e-05,False
0.0006603256389775118,False
5.223173233855633e-05,False
0.00036917410870552445,False
0.0004659795023247193,False
0.00012344909150086562,False
0.0002466710601875378,False
0.00012162217870432157,False
0.00013103392313290526,False
9.21964202530172e-05,False
0.0003291294930039509,False
0.00011937848296083805,False
7.995696770888953e-05,False
0.00024693407559327576,False
0.0001055330000727851,False
0.00044236805134938606,False
8.634733260307741e-05,False
0.0003734984183968354,False
9.653364379973603e-05,False
0.00012001511128358178,False
8.587084834205909e-05,False
0.0003291272788530124,False
0.00011938454985466804,False
0.0001162169811884655,False
0.00011621765627702933,False
0.00010360536068842929,False
0.0001716325363445709,False
8.23022548182552e-05,False
0.00019386192424379237,False
8.112793387416386e-05,False
0.0001293092517226433,False
0.00018401651686003977,False
8.112619610336981e-05,False
0.00017691299781336648,False
0.00011984917608072446,False
9.734229869510117e-05,False
0.00017662253096861232,False
0.00018501203914635057,False
0.00018501237761039995,False
8.111934432171587e-05,False
9.516607890214159e-05,False
9.568824963367142e-05,False
0.00011621429216907974,False
7.767568775811289e-05,False
9.36166865158573e-05,False
9.64267819670427e-05,False
0.0001716302567704483,False
8.24892083768551e-05,False
9.654479421519704e-05,False
0.0002470214464181551,False
8.624421427454124e-05,False
8.112061807131755e-05,False
0.00010378141315734861,False
0.0002470191335563009,False
0.0006365410244718484,False
8.249139975488343e-05,False
0.00017162915000076885,False
9.51710508082741e-05,False
9.29962615081789e-05,False
0.00020343058729042568,False
0.0004620652775862864,False
0.0003847311289849808,False
9.741814607594517e-05,False
0.00017771847933076773,False
0.0002904951782667304,False
0.0003847351883635758,False
0.00013521328477583323,False
0.000143438066275449,False
0.00034441019393194143,False
0.00010141967491508191,False
0.0003847432945262584,False
9.82413231685872e-05,False
0.0015150188489981846,True
0.000848605352607457,False
0.00026980421731217786,False
0.0008486108933542249,False
0.00026200704927937743,False
0.0005926326113101217,False
0.00059678186662088,False
0.00033372027850966544,False
0.00024740556070859394,False
0.0004915007520241425,False
0.00048715624044125326,False
0.00025721158808912864,False
0.00033897786319268797,False
0.00035056476573318025,False
0.0015157682833367978,True
0.0008481738498854963,False
0.000848174860661282,False
0.000855081172738581,False
0.0008550806140088144,False
0.0003908108525436908,False
0.000493236745917171,False
0.0004847855812095945,False
0.0005891215410426563,False
0.0008481688799963933,False
0.0008481674441472943,False
0.00026997785587283205,False
0.00048021241881803314,False
0.0008550726918960842,False
0.0004903969766429179,False
0.00047924493288197033,False
0.0008481628675637213,False
0.0006043442632949859,False
0.000830345383428525,False
0.0004802114557827705,False
0.0008550673636926423,False
0.0005018985951219297,False
0.0005019012366819914,False
0.0008550647778374008,False
0.0005985003861620597,False
0.0005957695505857113,False
0.0004871912077090265,False
0.00048240249775407395,False
9.146816969472255e-05,False
0.0004730284041983034,False
0.00030803117543349884,False
0.00034992882120662955,False
0.0005922717562514344,False
0.00032548709855746157,False
0.0001180600295797842,False
0.00011805974881863136,False
0.0006015479115597353,False
0.0008550543779008519,False
0.0008550548104763894,False
0.0008481466304034336,False
0.0008481450982781018,False
0.0002699850077325046,False
0.0002699848660564106,False
0.00035170601557820867,False
0.00026998689548822453,False
0.0005869198956068068,False
0.0003517074865991499,False
0.0008481430703055811,False
0.0008481427740332031,False
0.00033374665427630674,False
0.00033374996335118674,False
0.0005019237020892728,False
0.00033377077437567735,False
0.0008477284076012373,False
0.0014832975711468078,False
0.0014833038293698094,False
0.0008477259921442263,False
0.0014833030645958565,False
8.128639971130886e-05,False
0.0014833000757208323,False
9.073220982271728e-05,False
0.000312417309509024,False
0.00015273366301112902,False
8.384167094017306e-05,False
0.00015273550892349615,False
8.084720093162994e-05,False
0.0001993886313698603,False
0.00019938533049054148,False
0.0001016538626306897,False
0.00010165337359408707,False
9.901413326977546e-05,False
7.79640140675597e-05,False
0.0004015716981227544,False
9.53909896655844e-05,False
9.53923153846042e-05,False
9.53923592399262e-05,False
0.0003447115685855729,False
0.00019613213059525603,False
0.00019938309286725688,False
9.539251732143414e-05,False
9.539143626338238e-05,False
8.08514430568382e-05,False
0.00013861858220382158,False
0.00010103278736490834,False
0.0002806111924028291,False
0.00019938343378216703,False
0.0001386176495578635,False
0.0001538267146169835,False
0.0001538269099751233,False
0.00019938355925531575,False
0.00019938445684251655,False
0.00024058344057352373,False
9.984570272966267e-05,False
0.00016893951952168745,False
0.00019938212513000045,False
9.901621049141949e-05,False
9.661693612570759e-05,False
0.00033037270467715284,False
0.0001993795528680715,False
0.00015275219253469422,False
0.00016504485388878955,False
8.385361287681237e-05,False
8.085677162429339e-05,False
7.798651551545045e-05,False
8.101734193303684e-05,False
0.00019927581373338304,False
0.00014197296971170848,False
0.00027304439540777126,False
0.00027304407333094154,False
0.0002807532725790404,False
0.0001653545156745884,False
0.00010379688832096081,False
0.0021322024369799797,True
0.0006861402816280787,False
0.000270321480656987,False
0.00021680598935085675,False
0.00020286845930455726,False
0.0002534803104132364,False
0.0002618369342744887,False
0.0008122284247496434,False
0.0003413013057339108,False
0.0002384436942303214,False
0.0002559034377533507,False
0.00030244266390131277,False
0.00019111071842311603,False
0.00023485636798004677,False
0.00018162517213123113,False
0.00016808722828249575,False
0.0001720544787567937,False
0.0001774583538050474,False
0.00020349719436883995,False
0.000290502733166716,False
0.0002124665174037418,False
0.0001623842026194281,False
0.0003428478917654261,False
0.0002266969071316797,False
0.00018799420490517082,False
0.00018884733825062165,False
0.00021990639938119263,False
0.000504923671785448,False
0.00028418936615979304,False
0.0006589613486028927,False
0.0005049239004582598,False
0.00040209828419038296,False
0.0004091285932116343,False
0.00021791104501218907,False
0.00026406778812748064,False
0.0004946554158725038,False
0.00035131573293709274,False
0.0002637702207389053,False
0.00020064433870510605,False
0.0001771333292464078,False
0.0002132087904275216,False
0.0002134589603301387,False
0.0003013848286327536,False
0.00013667228676724567,False
0.00035095221535810713,False
0.00010285907379149062,False
0.00022305651455021538,False
0.000244554146716205,False
0.00012347153153546893,False
0.00011998625414642141,False
0.00011763059240489193,False
0.0002870376011614136,False
0.0002277648516367534,False
0.00025075612485828943,False
0.0003367366563038672,False
0.000703413972649518,False
0.00012354665681579328,False
0.0002788523632508725,False
0.0002937131358120846,False
0.00027266580646160724,False
0.00021115830692570032,False
0.00017714788786087006,False
0.00011763082841129762,False
0.00027537390476924654,False
0.007805039775186477,True
0.0002858613500453683,False
0.00022104215834853336,False
0.00034832631345779676,False
0.00045067510397612414,False
0.00027470297541912496,False
0.00025454699628555,False
0.00021923392165225256,False
0.0005591861512963759,False
0.0004274823165357269,False
0.0002684048360301838,False
0.00018924131171435546,False
0.00018647772707070556,False
0.00038820817753028243,False
0.0003064940476341139,False
0.0003622690898416201,False
0.00033577557201742964,False
0.0006200689504746112,False
0.00021418404584235755,False
0.0003622720001123524,False
0.00033577685960552357,False
0.0003328889277078025,False
0.0003353875511139416,False
0.0003068693918784975,False
0.00028735980732433835,False
0.00043659349227631567,False
0.0003266111843007397,False
0.0002497961776167827,False
0.0002497958486849185,False
0.000249797681990063,False
0.0003113839474378612,False
0.00021097393735944466,False
0.00026242582138326647,False
0.000262423536903441,False
0.00019931068894963027,False
0.0006184557690894081,False
0.0026877596031158434,True
0.0012247191453947225,False
0.000617339608865058,False
0.0012395644488158305,False
0.0009201708600224967,False
0.002687762974086806,True
0.0026877653700622646,True
0.0001904967017270468,False
0.0012082106671127964,False
0.0006023050179594516,False
0.0012083416187990055,False
0.00060239116802606,False
0.0006023921960655197,False
0.002687774359878438,True
0.002687773675558718,True
0.002688218185389591,True
0.001285243886581718,False
0.0006016298797484944,False
0.0012394020015381892,False
0.000601627596356237,False
0.001239404376122038,False
0.0011965138604094882,False
0.00034586812692303343,False
0.0026882211688661764,True
0.0012085687807968802,False
0.002688216739881519,True
0.0026882198724488124,True
0.0006016141300162682,False
0.0009388640759373625,False
0.002624172185696402,True
0.0026882260756791493,True
0.0005474255078414582,False
0.0006177067395215913,False
0.00826244035469616,True
0.0026882150201388098,True
0.0009208007892909068,False
0.0012393951083246484,False
0.002688222612126231,True
0.001285240208071351,False
0.000938870608326919,False
0.00268822472970605,True
0.0009208039555186071,False
0.00019075050213217476,False
0.0026882350458585637,True
0.001196531121113074,False
0.00033281519634316376,False
0.0005419035374770552,False
0.0003458690219176473,False
0.00018820077178954728,False
0.002624183998658762,True
0.001285229668880691,False
0.0006015903850409106,False
0.000617687646949561,False
0.0026882327278613042,True
0.0012062896258809477,False
0.0005172270457980346,False
0.0012277828168974886,False
0.0005481111484854145,False
0.0005502195467487765,False
0.0005525461244357348,False
0.0010153249455589152,False
0.0005672883693652583,False
0.0005419418269688202,False
0.0005562567455324981,False
0.0003504722422605217,False
0.0003535391656631565,False
0.000353439395484167,False
0.00031782973172437586,False
0.00041645983747509946,False
0.0006389760039156182,False
0.00045785138179353326,False
0.00029492961272969194,False
0.0003178673248044623,False
0.0004971691193507461,False
0.00021738789096217395,False
0.0006394619798431457,False
0.0006394660484992758,False
0.0004675388396621419,False
0.00018563493136097722,False
0.0003178671382466359,False
0.0003306385410618845,False
0.00039045518996718337,False
0.0002956389463249933,False
0.00043864349164198337,False
0.0004388571581365315,False
0.0005133490324985734,False
0.0004580983572390329,False
0.0006394672807809936,False
0.00029449199369348917,False
0.0002956378189701836,False
0.0003073869897342205,False
0.0002950739614638357,False
0.0004675284847164785,False
0.0003548753356337536,False
0.00029563757833218343,False
0.0004701822002052061,False
0.00031307991869065785,False
0.00039046379900538493,False
0.0002944912668433697,False
0.00043863559484750756,False
0.0004815871673157719,False
0.0005133377832598463,False
0.00034802285499412793,False
0.000329213488401397,False
0.0004206141293707271,False
0.0002956422727245686,False
0.00029564450866711593,False
0.0002956412983889973,False
0.00033466417064743453,False
0.000295641466510135,False
0.00029161931972605045,False
0.0002916185532450247,False
0.0003803258800436463,False
0.00038033193202269473,False
0.00038033223785589946,False
0.0002845160775855087,False
0.0003528128152697916,False
0.0003953328682528933,False
0.00023447538110129366,False
0.0002812375304312927,False
0.0002757485849076357,False
0.0003211114037831246,False
0.0002505591005174398,False
0.0003555354026122034,False
0.0003850933195880542,False
0.0002908721187511712,False
0.0001933616212340309,False
0.00020072293026732242,False
0.0004412660266124599,False
0.00034488891407472423,False
0.0005002556845555309,False
0.00029816638627905626,False
0.0004418944606949905,False
0.0004129288645495728,False
0.0003453772884487507,False
0.00031189895535605063,False
0.0002883396716490291,False
0.0007310102691327537,False
0.0004883339504000939,False
0.00028349410993136785,False
0.00027103587145063787,False
0.00042976270715447027,False
0.0005656938762130406,False
0.00013357733870179362,False
0.00023809763857559423,False
0.00033860427941376394,False
0.00046297971809027016,False
0.00016182191641496356,False
0.0002211817205765191,False
0.00031538115240921393,False
0.00016162371553494136,False
0.00022227973188327916,False
0.00010860090932903592,False
0.00019473086592246638,False
0.000210967169209792,False
0.00019509113055544993,False
0.00015568529437654766,False
0.0002844462782012341,False
0.00015633526447722868,False
0.00015276859676331515,False
0.00020570087718374435,False
0.00016050435453708432,False
0.00020033457191089265,False
0.0002759872962921857,False
0.0001645536045470265,False
0.00013102202759334125,False
0.00013472153861542144,False
0.00021583120149580378,False
0.00015996642949853772,False
0.00016455492393375621,False
0.00023439179932918002,False
0.00023430874400945172,False
0.00023239760814349218,False
0.007038177487041695,True
0.00023240053122626104,False
0.0017566464065883974,True
0.000186447337733711,False
0.0001707679436450899,False
0.0001025590656715606,False
0.0005134579187234563,False
0.00023449012102602222,False
0.0002663520781063311,False
0.0002647106581112839,False
0.00019282631317528364,False
0.00023230762023053225,False
0.0001674782411919365,False
0.00018196558574647812,False
0.00021500803272181184,False
0.0001604387304066988,False
0.0002052546378976366,False
0.00018650823567591476,False
0.000439653535045858,False
0.00018467453783934157,False
0.00010423693488728785,False
0.0007943916543650945,False
0.0004959495962374636,False
0.0005421336112646483,False
0.0001681538581224819,False
0.00018520423837105712,False
0.0001503570166079258,False
0.0002371874079708752,False
0.00027003421144155973,False
0.00026954289762568174,False
0.00026878718931050807,False
0.00010495863741806423,False
0.00017982736218267122,False
0.0001881795198433204,False
0.00041020616152501,False
0.00017000259561342424,False
0.00017686492382379371,False
6.182754514193111e-05,False
0.0002935595231253983,False
0.00017000238954073188,False
0.00019300626151361162,False
0.00017968403945018565,False
0.00017566651450259878,False
0.00015593619887340626,False
0.00016386406780939794,False
0.00016822754669097313,False
0.0003582752426368964,False
0.0003523472338620641,False
0.00035827071278267647,False
0.00035234592445123583,False
0.00036515668673493845,False
0.00025592136301154014,False
0.00026044647746206284,False
0.0003953427481240418,False
0.00018663638056890268,False
0.00021572710104123802,False
0.00025832710970532055,False
0.00023176730906963742,False
0.00023518776297690676,False
0.00028690761394758996,False
0.00024792959966219043,False
0.0002583254563115144,False
0.00023216042142797916,False
0.00020154071312775932,False
0.00020153961493812587,False
0.00018926632771851544,False
0.0002559175275475036,False
0.0001562151100696179,False
0.00025591818396349564,False
0.0002961742121685195,False
0.00019317950721469226,False
0.000189940446399782,False
0.00020967318115485778,False
0.00016822985285477472,False
0.00032797329793847967,False
0.00029515898597589767,False
0.0001444838664577441,False
0.000434973960353971,False
0.0016474414078108935,True
0.001647439601001827,True
0.001718206328323624,True
0.00011004314325627346,False
0.0001429673042801887,False
0.00011004458976069731,False
0.00017426463565931163,False
0.00012291049628148368,False
0.00012291154757891577,False
0.00029515848299630876,False
0.00043783397489139954,False
0.00012291319787715956,False
0.001718213282503556,True
0.00011197254647256385,False
0.00014335852674560406,False
0.00013988939937816195,False
0.00019271846331421515,False
0.0001632574032394569,False
0.00016325860436112882,False
0.00013988860265873397,False
0.0006926761733909699,False
0.00016381385213625602,False
0.00027355610788151535,False
0.00018126031170538571,False
0.00022944713694969039,False
0.0002202593921161885,False
0.0002210931334417477,False
0.0002441959315791507,False
0.0001638148320628162,False
0.00028089009944358054,False
0.0002448775761428523,False
0.0002479313630014532,False
0.0002479324098468109,False
0.0003582620302481083,False
0.00016108165381293948,False
7.135091404374594e-05,False
0.0017036864062844397,True
0.0017036870360132802,True
0.00023912576888089268,False
0.00014139633812599157,False
0.00018322788932948562,False
0.0001753294540089828,False
0.0001753282137955791,False
0.00016368002532907174,False
0.00017532833750058606,False
0.00016368195429924292,False
0.0001753276054336214,False
0.00019521056208621044,False
0.0003772061118555122,False
0.00019521070283796895,False
0.00037720694956481035,False
0.00018137857580738734,False
0.00017465727362610522,False
0.0002545973383623743,False
0.00025459645196423454,False
0.0001813838029812343,False
0.00018451482771981385,False
0.00029275351075099074,False
0.0001748909736770381,False
0.00019504285771077952,False
0.000266023350884403,False
0.0001994669963280309,False
0.0004734943029444583,False
0.0002556077821641854,False
0.00017616931397364206,False
0.00017616932241779884,False
0.0001813861771091318,False
0.0003597620678095112,False
0.00028141797959110377,False
0.0002545908496417294,False
0.00018138878054792975,False
0.0001815171275292936,False
0.00018154492030923302,False
0.0003063598325042801,False
0.0001815217372264384,False
0.00030770635045010496,False
0.00025722143830063393,False
0.0003091095001418584,False
0.00018138953152566903,False
0.0003147631205687073,False
0.00025773864927132115,False
0.00018155542734999962,False
0.00035975995910002024,False
0.00018199037123457507,False
0.0002515091446593594,False
0.00018222516226031423,False
0.0001920764136843819,False
0.00024769916269638267,False
0.00023692675400797367,False
0.00019483999165291116,False
0.00023027359879112153,False
0.00045796102865601783,False
0.0004449770722678109,False
0.0001865888208427131,False
0.0004117488758866271,False
0.00014974807713952977,False
0.00046846641190302645,False
0.0004990275130851334,False
0.0004363325355926272,False
0.00043633401883969253,False
0.0003519123307243158,False
0.0002491138815284598,False
7.688371014329668e-05,False
0.00015107832682033048,False
0.00024554418677361924,False
0.00015107917384030444,False
7.688389774082363e-05,False
0.0004117603684302443,False
0.0002491196518454705,False
7.688752862146108e-05,False
0.00015108125897231518,False
0.00015253867641460805,False
0.00024912127523383045,False
7.688712392470059e-05,False
8.98830425876409e-05,False
0.00029895679548804416,False
0.00029896027820610694,False
0.00021948477832307015,False
0.0006254842385367166,False
0.00015085461029952786,False
0.000245850919161589,False
0.0002508102784220376,False
0.00043617279662381506,False
8.763027061512501e-05,False
0.0004335309851267652,False
0.00013975570019007734,False
0.0001237014077687857,False
0.00014421221102450135,False
0.00014546544546267866,False
0.00034302076741506154,False
0.0005456238483988743,False
0.00014421663597509937,False
0.00014546822299508875,False
0.0003430221728384566,False
0.0005456207008129982,False
8.763332794718432e-05,False
0.00012986305151187764,False
0.0004914111735033262,False
0.00016892871637921126,False
0.00018683747431738845,False
0.00018936919629303434,False
0.00019957340385303793,False
0.00019395485455576532,False
0.00021394121181666985,False
0.00033344554140800553,False
0.0002076379217884886,False
0.00032661961603604563,False
0.00018604425684487437,False
0.00026336334203005886,False
0.0001868435157438719,False
0.00018442280319836142,False
0.00020024070529959953,False
0.00019066954206164893,False
0.0003275502934982578,False
0.00017204803008944963,False
0.0003056349976740734,False
0.00016175046687875698,False
0.00018925646645000447,False
0.0002557870897549818,False
0.00026774893902837215,False
0.0001948459951332475,False
0.00016243169582980807,False
0.00030563518239490117,False
0.0001617533364877273,False
0.00019027528168658986,False
0.0006411805795008491,False
0.0003056338407086129,False
0.0002868799267037696,False
0.00015441863263374088,False
0.00025160929353669525,False
0.00031902396553989075,False
0.0001917801322682589,False
0.000568357055931864,False
0.0002270980723070183,False
0.00018931047194953397,False
0.00018098525107970414,False
0.0002599054624298642,False
0.00018925741425252876,False
0.0001759784866729588,False
0.00017761800260412765,False
0.0005818764732342887,False
0.00045859187774283463,False
0.0005247196718424105,False
0.0004585800212592055,False
0.00015782307551075569,False
0.0005459054983906984,False
8.586706493619365e-05,False
0.00013237629808409747,False
0.0006238486852773523,False
8.58684645151325e-05,False
0.0004582728902844667,False
0.00011854423539565457,False
8.587038048747328e-05,False
0.00014068667852766448,False
0.0004553146984225258,False
0.00015747270882288637,False
0.00016156898017572068,False
0.00013816909103263762,False
0.00013495088058606723,False
0.0001349346401840205,False
0.00013489560003868264,False
0.0001349235009340347,False
0.0001348947567790861,False
0.0001406937222942657,False
0.00014568395752352991,False
0.00019917797762548237,False
0.00014210518147594517,False
0.00019917919086344038,False
0.0017041065942374968,True
0.00043133097056296805,False
0.0004313376682757226,False
0.00018391939144661544,False
0.000183921911179383,False
0.00013036064044314943,False
0.00013016974752404,False
0.00022829952431800877,False
0.00024744045125015506,False
0.00014261998353629204,False
0.00017528810572345075,False
0.00017528893901683717,False
0.0007149117862730138,False
0.00017089284555584617,False
0.000195350026993846,False
0.0017041178183300762,True
0.00014211870588722652,False
0.00043133204902911094,False
0.0001752862432512421,False
0.00015645675288321727,False
0.00019484700236798845,False
0.00023563390523290967,False
0.00027123577937329945,False
0.0001869257805179864,False
0.00017482090436260733,False
0.00016507448863744916,False
0.0001302330753993659,False
0.0004908893277421112,False
0.00024739566178986317,False
0.0003439491457683193,False
0.0001790234007007864,False
0.00017523774056087281,False
0.00017520017468698013,False
0.00017526903367792032,False
0.00018583988279990052,False
0.0002805966920734189,False
0.00017828538299919383,False
0.00018146379948635115,False
0.00018467002950965495,False
0.00018804478987888133,False
0.0002686115492999544,False
0.00026861483365410677,False
0.0002623209627868901,False
0.0001931430856860294,False
0.0005229647633640426,False
0.00023941135131183488,False
0.0001948481870119422,False
0.0002849019473710107,False
0.000163364887837069,False
0.00015565657300471532,False
0.0003482853850753345,False
0.00018064359433842502,False
0.0003648081369608967,False
0.00018367283188946385,False
0.00017895689335654415,False
0.00021019115317284223,False
0.00018398499864136832,False
0.00020406977559362936,False
0.00025011622918126987,False
0.00021129170910086319,False
0.00028466964615007706,False
0.0002556604238981411,False
0.0002505834741045422,False
0.00017425642578687198,False
0.00018063769809570178,False
0.00019313247949878185,False
0.00018893407384870645,False
0.00021986128450190228,False
0.00017425701334381199,False
0.00024065012200049138,False
0.00025059397974977384,False
0.00019004838644402804,False
0.00019273282847643246,False
0.0001808701968944759,False
0.0001618237666884754,False
0.0002104706851890982,False
0.00025955179380522236,False
0.00017895000351162528,False
0.0003474770438494254,False
0.0003671241468461387,False
0.0003707984721569607,False
0.00018892846369285182,False
0.0005582328525582764,False
0.0003127346939102065,False
0.00013012798420736075,False
0.00024352990977764263,False
0.0002588186602632871,False
0.00018579474043160465,False
0.001647879771299466,True
0.00014354621300095843,False
0.00014354405271699403,False
0.00014354635821002605,False
0.00014354657293452424,False
0.0001435475574349939,False
0.0001432693871674834,False
0.000432721866174032,False
0.00010752685130938898,False
0.0006942173430052173,False
0.00021122285136009698,False
0.00016768246207724344,False
0.00030906027741755355,False
0.0004319430217739523,False
0.0004319379759667792,False
0.000143547701303795,False
0.0004319392700652344,False
0.00164787228751772,True
0.001647870759418719,True
0.0006942052100364983,False
0.0001544108550543207,False
0.0016479967119310604,True
0.0006937762831508664,False
0.00014359571203844345,False
0.0006493805877605947,False
0.0001544091411759245,False
8.956078717604583e-05,False
0.00012240406314361715,False
0.0072299321932300905,True
0.00015441106627393162,False
0.00014359642180670348,False
0.00015441172704409295,False
0.0072299396633835646,True
8.956435804565995e-05,False
0.00043155830716032654,False
0.0004315546604796225,False
0.00043155824117350203,False
8.774030112965354e-05,False
0.00014359431308282012,False
0.0016480007726295048,True
0.0017188442893300978,True
0.0002112580722009139,False
0.00043306095719395076,False
0.00012241391199143965,False
0.0016479964420649793,True
0.0002112599762558228,False
8.774664788473407e-05,False
0.00016420012332896115,False
0.00021126117615630715,False
0.0001224173253555364,False
0.00012241656425588144,False
0.00022734437491808267,False
0.00014130033735710841,False
0.00012094351780578714,False
0.0001232021950950026,False
0.0006937561817221698,False
0.000143597473670106,False
0.00014359843355661654,False
0.00015441481462474284,False
0.00043381538869623784,False
0.00043232080088833756,False
0.00014331923211470944,False
0.00029495581274301727,False
0.0002949570553159793,False
0.0002949575444098966,False
0.000294956683735128,False
0.0002949589174503704,False
0.00021126844084560207,False
0.0002112687793177421,False
0.0002879125467563371,False
8.95826126500646e-05,False
0.00015441484332655186,False
0.00015441556662844924,False
0.007229878252491954,True
0.0002949551443587102,False
0.00014259847411105073,False
0.0002776403225945904,False
9.976947487069535e-05,False
0.0004315954411224992,False
0.0003090094131896169,False
0.00015447280059011607,False
0.00012570040658923309,False
0.00015447014626138,False
0.00016972007442608064,False
0.00030900682795378866,False
0.0004315198044353769,False
0.0004320634718950346,False
0.00012121898916641558,False
0.00010837693434741306,False
0.00011010354809952616,False
0.00015502856052663816,False
0.00017002791586272285,False
0.00012278646037861685,False
0.0016481239265711165,True
0.00014364487492823154,False
0.0006933017616235318,False
0.00014364621975701173,False
0.00015940527814304104,False
0.000286808064927644,False
0.0006198818586887046,False
0.00021779344415297447,False
0.0002412980755317666,False
0.00020643636197888092,False
0.000777138854305194,False
0.0003199259517140078,False
0.0002675924955573694,False
0.00019041353639598338,False
0.0002373867141720542,False
0.00020643817012873787,False
0.0007771367940393536,False
0.0003199272568498583,False
0.00026759142261360835,False
0.0003314447144682923,False
0.0003149804364258386,False
0.00022141875169913016,False
0.0002177912570705595,False
0.00026951339270353194,False
0.0007595885994023904,False
0.00015941023155488295,False
0.0007595989881117957,False
0.000159409035546295,False
0.00024130910948538944,False
0.00040964568501244996,False
0.00022871476522285747,False
0.00026763919936531567,False
0.00019587600447937774,False
0.0002676395799602019,False
0.00019587401089587767,False
0.0002612566133200035,False
0.00022871099997742066,False
0.0002612600866533466,False
0.00046884953752581425,False
0.0004688519119851244,False
0.00033137396923789815,False
0.00018837872034530332,False
0.00014370179010510887,False
0.00023515104804700703,False
0.00019872858749715678,False
0.00020506209744208874,False
0.00031988673363213943,False
0.0007774589427598083,False
0.0003679062910332114,False
0.00022864803405720847,False
0.0006202831706430692,False
0.0008679439229739159,False
0.00021752263033942418,False
0.000909549711868347,False
0.0001595296995055795,False
0.0002612635416419844,False
0.00029560841152056767,False
0.0007774634581075496,False
0.00031988748626565977,False
0.0003198860934149515,False
0.0003226225222918065,False
0.0009801809392141526,False
0.00015953014398613745,False
0.00021751595203151433,False
0.00026126252044610625,False
0.00027924419319570813,False
0.0002792464531969478,False
0.00040979271780083296,False
0.00019301278178742034,False
0.0024418093467186556,True
0.00014370114923303612,False
0.00014270329149470624,False
0.00014270345700474255,False
0.00014270277186647701,False
0.00027924658380785213,False
0.00028674710143002666,False
0.00027924898210612945,False
0.0001547270414513915,False
0.0002731673205306931,False
0.0002731720631233963,False
0.00034043034598393607,False
0.0001905267320872475,False
0.00027317209146133153,False
0.0002737002069388146,False
0.0002731697816917711,False
0.00032262018302434055,False
0.0001508954873769653,False
0.0001524018404346492,False
0.0001547229341161365,False
0.000653987712319453,False
0.00027888442756268043,False
0.00013347730984999672,False
0.00027314459546198843,False
0.00013768711576704428,False
0.0002712284048615536,False
0.00022858349610902867,False
0.0003313047979448052,False
0.0002420262559212444,False
0.0002172614347407966,False
0.00026956192526811834,False
0.00024203013321839648,False
0.0008201091427655702,False
0.0006922490231001464,False
0.0004536778138857225,False
0.00012242714405568195,False
0.0016484112031252543,True
0.001418982100992876,False
0.00012365562445927527,False
0.0017193091795065505,True
9.049793629757483e-05,False
0.00014364017404608747,False
0.0002076896872834984,False
0.00028232756399478633,False
0.00017429369606477971,False
0.0004273732502018581,False
0.00033038272944582573,False
0.00014363897579433221,False
0.00014364196556320368,False
0.00019062932725478354,False
0.00012400296122377935,False
0.00024204009932237151,False
0.00030811095223878295,False
0.0002572934538129799,False
0.00026711676027105853,False
0.00028877591484369837,False
0.00026711406574229,False
0.00014363848624056904,False
0.0001436405682472666,False
0.00014364225883660176,False
0.0002076923671614757,False
0.0002370457352864583,False
0.00014363870022687493,False
0.00028877759025766603,False
0.0003268423363333305,False
0.00027924127976434613,False
0.00015460275444903547,False
0.0001891513817122642,False
0.0002887706305724587,False
0.00021724700245474184,False
0.00048154624836495253,False
0.0002710734431624573,False
0.00036773377208502116,False
0.00019592073281658623,False
0.00026725900209349806,False
0.0001959443121868708,False
0.00036814445556414906,False
0.00046619165785981043,False
0.00021165963346539667,False
0.00018861654847916954,False
0.00018861778448383783,False
0.0006916798088436556,False
0.00011240467673104406,False
0.007224756435348848,True
0.0001124039643407263,False
0.0001481520019434458,False
0.00029433352412411317,False
0.0001546897960925535,False
0.00012412401278068456,False
9.085066965853534e-05,False
0.00015468932141738187,False
0.0017194881013300428,True
0.00014203283463702402,False
0.0016485754658609065,True
0.0001241289967947535,False
0.0001546902316131022,False
0.001648572451140845,True
0.0006916686797500142,False
0.0001438322342368742,False
0.00042972427813642154,False
0.0002872539733947474,False
0.0016485687546018092,True
0.0006916674433712886,False
0.0001438322239250848,False
0.0002943296718827552,False
0.00014383086976548423,False
0.00014383063513091039,False
9.085835987126983e-05,False
0.00014089655609488024,False
0.00014383069031550204,False
0.0001241387928009987,False
9.086080615864725e-05,False
0.001719491670224888,True
0.0017195018943593078,True
0.0072246792785239915,True
0.00021223665487836815,False
0.00014572871641226683,False
0.00011660780694353878,False
0.00011660721204640431,False
9.086283251729397e-05,False
0.00012034591888701859,False
9.086530821477001e-05,False
0.00014089918260342014,False
0.00014090002040783372,False
0.000143832863731627,False
0.00029432467206178106,False
0.0004312743631246367,False
0.00014383257175293922,False
0.0004305902014485959,False
0.0002759503905276003,False
0.00012415158044893222,False
0.0016487058893701872,True
0.0001438860164934198,False
0.0001659669383122676,False
0.0013014067122266563,False
0.0012769597895189518,False
0.0002282782191248159,False
0.0001550011891001891,False
0.0001935894541955903,False
0.00014886443867961473,False
0.0001910520837331678,False
0.00019379676816098405,False
0.00026659240342380853,False
0.00017039436042829548,False
0.0002551740745642038,False
0.00023683284717382558,False
0.00025366714160010757,False
0.000219163327447494,False
0.00017274627667333305,False
0.00023171228308602177,False
0.00019073148553651426,False
0.0003431388246771295,False
0.00024783551716236975,False
0.0002551698532254169,False
0.00041768287772813177,False
0.0001892394141403888,False
0.00018923598675669944,False
0.00018923895637180976,False
0.0001883384605094621,False
0.00018695784332488396,False
0.0002621245415425641,False
0.0003308460384929723,False
0.00035202580287371223,False
0.0004895334630137281,False
0.00023368538119635017,False
0.00028434095795231194,False
0.00016513069762839829,False
0.00018079901720757083,False
0.0001729834874525683,False
0.00019307392670027445,False
0.00019307354410019975,False
0.0003400362482012387,False
0.0003228566591346727,False
0.0001930728692177417,False
0.0003379419430374105,False
0.00041037088811913695,False
0.00023552836444125304,False
0.0002668810484555738,False
0.00024310999755993503,False
0.00024310999027286044,False
0.0004660509072085958,False
0.0004103748496719177,False
0.00032209816615127963,False
0.0002355263562092288,False
0.00017825829006172931,False
0.00019095582783796778,False
0.0002157855093278514,False
0.0003673865870887993,False
0.00019599010523809956,False
0.00042684548050728665,False
0.00021578716940096437,False
0.0001434624248507903,False
0.00014346302264472266,False
0.0003673856613881844,False
0.00019598840037773834,False
0.00027923396921833036,False
0.00027923439938796503,False
0.000273065030004107,False
0.00021648500276566577,False
0.0002052280444070527,False
0.00031974089736056774,False
0.0007787609448853877,False
0.00021648095776837984,False
0.0002612939579007234,False
0.0008206395059008187,False
0.009491199853765406,True
0.0008206562445797715,False
0.00016001238095388095,False
0.0008206440406555997,False
0.00015573704370547343,False
0.0004103774007411779,False
0.00014346163971637634,False
0.000261295635028154,False
0.0001434637639043125,False
0.000616491965771815,False
0.00021647580144811373,False
0.000567064291125979,False
0.00017482671900277962,False
0.00018039962280069156,False
0.0001697047227128052,False
0.0001654732865690126,False
0.00025550303273446756,False
0.0005093174466113345,False
0.0005093177459581288,False
0.00018061057990927245,False
0.00025386319372002977,False
0.00014868571822350326,False
0.00018958317104003175,False
0.00031992776258099804,False
0.00019069075980787808,False
0.00016961773873456934,False
0.00027639716141483257,False
0.00018924041669071936,False
0.000255470314046578,False
0.0001494158409363081,False
0.0001892418014458258,False
0.0001730770073759674,False
0.00018060979649436686,False
0.00019207640420766572,False
0.00017425766284647149,False
0.00018822864726899825,False
0.00024095863838142757,False
0.00024863656322505177,False
0.00026110576288707174,False
0.00020359722581929216,False
0.00014868289850974135,False
0.00021047408147460196,False
0.00017653443775269743,False
0.00021386181905713617,False
0.00018259205608899497,False
0.00018259336828801263,False
0.00017732648419269373,False
0.00017732918874064588,False
0.00021047605706408205,False
0.00026396268248144854,False
0.00020191020550924433,False
0.00021824233952198028,False
0.00018322362726321987,False
0.00020191096151677958,False
0.00019428768755695342,False
0.00018322471702154398,False
0.0002523557197006153,False
0.00023917769068890045,False
0.0002124720933465391,False
0.00036127951068243215,False
0.00017884051131102942,False
0.0003965135298155894,False
0.0002098313284164561,False
0.00020559081525745805,False
0.00034937812373223845,False
0.00019211843940419675,False
0.00021352384595231316,False
0.00019211862465071802,False
0.00024857163995215475,False
0.0004704036045939752,False
0.00019835727783776655,False
0.00017293630623641128,False
0.000448590110339476,False
0.00024335125687997627,False
0.00016449572040626534,False
0.0001723476812368151,False
0.00021885860275246813,False
0.0002433486636365741,False
0.0002586789066718564,False
0.00033431215730282676,False
0.00019835759570595402,False
0.00023865087295777917,False
0.00018317976248372688,False
0.00021352660510545315,False
0.0001921176936717012,False
0.0001746643278339563,False
0.00018881656431255376,False
0.00024856731440659765,False
0.0002416627567068665,False
0.00020366112740269975,False
0.00014952862753219738,False
0.0033672566973824685,True
0.001073658489824844,False
0.00017823096666276243,False
0.00026864298510557733,False
0.00017738796133000975,False
0.0001862831109398868,False
0.00021260144083283457,False
0.0002707609377373631,False
0.00023141182688419767,False
0.00017797104069833326,False
0.00028699459125403255,False
0.00017738814350301479,False
0.00017738897532217505,False
0.0001774413610816762,False
0.0001925380208493307,False
0.00021270970631818149,False
0.00018623342607071433,False
0.000309970405106586,False
0.00019306023039075308,False
0.00016031871428997486,False
0.00019049484251020034,False
0.00021409049540465944,False
0.00021274406618120422,False
0.0001774419688567035,False
0.00021052344414714154,False
0.00028466243745272593,False
0.00017319159888670117,False
0.0001774474775776071,False
0.00017319142855519933,False
0.0002743607942751484,False
0.00019376509616764973,False
0.0001780144625793113,False
0.00027723426184590125,False
0.00025813782989195276,False
0.0001774435298139881,False
0.00018619634566996817,False
0.00016032218231012605,False
0.00015238647173076097,False
0.00017857601736035716,False
0.00018924623205471606,False
0.0003512711926970233,False
0.00035126799547812495,False
0.00018924922099012505,False
0.0003331502638146918,False
0.0003572519902380182,False
0.00017504845184565401,False
0.00022869427002131473,False
0.00023056275401721322,False
0.0002378796738047898,False
0.00023749128421603837,False
0.00021857675339562445,False
0.00017865797211188587,False
0.00018924832427844675,False
0.00016724332147763607,False
0.0001911326509437375,False
0.0002128385063660541,False
0.0002689646891130019,False
0.00022347362394172364,False
0.0001892497861633636,False
0.00016932947824038628,False
0.00018240183356597943,False
0.00018166455654521974,False
0.0001750625931788116,False
0.00018742913263018458,False
0.00019219788065594494,False
0.00018524891141358525,False
0.0002415057061286835,False
0.00020378661565449564,False
0.0001830949639173524,False
0.00028218425666912887,False
0.00016932937728795955,False
0.00014973566487424194,False
0.0003541170859404048,False
0.00017542625905740572,False
0.00014583880537772512,False
0.00017213758431040412,False
0.0001263960813416054,False
9.25556363265334e-05,False
0.001720414512279331,True
0.0017204154457420332,True
0.0017204107247514899,True
0.00014414471356755457,False
0.00014900878952779487,False
0.0004274036651136906,False
9.255866166368705e-05,False
0.00014414663635743907,False
0.0001556231677911465,False
0.00042914602707795266,False
0.0016493893711589393,True
0.00012640596803884706,False
0.0016493931528634741,True
0.0006889766974634761,False
0.00014414717552813756,False
0.00014414788826121937,False
0.0001441475612077113,False
0.00014414690630293835,False
0.007227695927362604,True
0.0001445289234705971,False
0.001720406635112372,True
0.00012641302034751436,False
9.256661831320494e-05,False
9.056548805189642e-05,False
9.056514462789503e-05,False
0.00021353841394318413,False
6.70955811740117e-05,False
0.00023568557803673612,False
0.00035917671970173647,False
0.000235051595164118,False
0.00039972613423610963,False
0.0001929325248583701,False
0.00023295694957069205,False
0.0003366935797948263,False
0.00019292624529239425,False
0.0005464652045652804,False
0.0002585386395255574,False
0.0002616715544716475,False
0.0003366786002487084,False
0.0003463565776537693,False
0.00041392477596359603,False
0.0004465461081128317,False
0.00028870168178805173,False
0.0003099536353866403,False
0.0004440464113002879,False
0.0002719434090205366,False
0.00022988724145770568,False
0.00021273191916026588,False
0.00019879796230096207,False
0.00032868165184028796,False
0.0003265488440068313,False
0.0004945065610669129,False
0.0015154189910623005,True
0.003290659791485678,True
0.00019190422967911192,False
0.00027079591297383173,False
0.000528818851507545,False
0.00017888626118457772,False
0.003290683791301467,True
0.0002245064991254879,False
0.00017773965930963022,False
0.0012415545034533293,False
0.007763136417034864,True
0.00022450614333409516,False
0.0002245082780988929,False
0.0012732575555467443,False
0.0005351889341326657,False
0.00043416960152907735,False
0.00022451061090483497,False
0.0033085273529559352,True
0.00017773880687165915,False
0.0004750805869742457,False
0.0005134506219086804,False
0.0002313398201880426,False
0.00023173935650727686,False
0.00017900863894099693,False
0.0015542009361785253,True
0.00017785483556814904,False
0.007763634024830091,True
0.0012422902124722462,False
0.0012749781513342977,False
0.0012749826886869022,False
0.00022466917624500127,False
0.00017901099077495704,False
0.00030231099176273874,False
0.0005618636968029235,False
0.0004177159783111724,False
0.0005136302456569204,False
0.0005136277288600871,False
0.00047604707935631953,False
0.00017901239073285624,False
0.00023175321458478965,False
0.0005136316391205706,False
0.001212872691024355,False
0.0003023247467603711,False
0.00023175489065142938,False
0.0005136291471403616,False
0.00045044640006052325,False
0.0004504446664065815,False
0.00045044817219419217,False
0.00014442685960911885,False
0.0002317588512614569,False
0.0005136307432127053,False
0.00022468073324689514,False
0.00022468018978610328,False
0.0005355894621926587,False
0.00022468131730660155,False
0.00027607941093001347,False
0.0077636608725572325,True
0.00045045264249818985,False
0.00022468317380367787,False
0.0005618834782814161,False
0.000224685270349328,False
0.001242329635840203,False
0.00045045461149434277,False
0.00027700770012641936,False
0.00022468343116720458,False
0.00022468560568253317,False
0.0003525146293045407,False
0.0003640553170523109,False
0.0001662441739032662,False
0.0004587005104541737,False
0.00032779771806307016,False
0.0003271529098090894,False
0.00032779501347320793,False
0.00032780125821964165,False
0.0003278030934304952,False
0.0003471293184171934,False
0.000546920451338109,False
0.0002554323894590156,False
0.0003285233510988341,False
0.00036794175271984364,False
0.0004041605579087314,False
0.0004242109223851269,False
0.0003657182455117517,False
0.00036172494415975267,False
0.00041660473909546354,False
0.00032853259251403223,False
0.00028490794098117545,False
0.00036751937598054137,False
0.0003675190009611187,False
0.00032853883068656296,False
0.00010455406427567818,False
0.0002823515376656603,False
0.00025573123665111714,False
0.0015572968081050435,True
0.001598132275599834,True
6.171369291908181e-05,False
0.0006627145039975877,False
0.000494039088677867,False
0.0003370263753152647,False
0.0004621337349699996,False
0.00034745905962270217,False
0.0005565229155593109,False
0.0007202425096806602,False
0.00038153067191615253,False
0.0004391515278936992,False
0.0005735251013093762,False
0.0007739767669376061,False
0.0004922736023392724,False
0.0003690057493473556,False
0.00036715848484916876,False
0.0009516794279774007,False
0.000719934057421175,False
0.0003596351461552685,False
0.0004432802434536535,False
0.00035410882033813337,False
0.0004851235683572927,False
0.00036671323288459134,False
0.00023030260317988271,False
0.00017736747346562643,False
0.00010826440318626091,False
0.0008136628784298106,False
0.00021959627951705362,False
0.0005385007727300799,False
0.00010764121095876425,False
0.0007731890011431463,False
0.0004304830759911766,False
0.00010764152400359225,False
0.0002347486823773438,False
0.00021927380104565177,False
0.00044849886316601943,False
0.0002603130696270304,False
0.00042621780421592855,False
0.000560601834038264,False
0.0004986623451307486,False
0.000198609188653733,False
0.0005306271582085049,False
0.0005605965577596359,False
0.0005306205787898347,False
0.0005605927139339097,False
0.0016167944411114965,True
0.0016167858280327957,True
0.0016167821133566814,True
0.0016167880469716842,True
0.0016167809710575512,True
0.00013122394116144354,False
0.0005157651504390168,False
0.0003702290233474644,False
0.0001663560535007841,False
0.0002181669449396627,False
0.00018344223577231237,False
0.0004506027272017279,False
0.0002337606338236056,False
0.0002695001918117131,False
0.00016391620321752945,False
9.903828006884268e-05,False
0.00016391559747025528,False
0.00025275019172856916,False
0.0016465720980178948,True
0.00035911679544787227,False
0.00039646889415717286,False
0.0003332258380406765,False
0.00044497189449257957,False
0.0015360263861533441,True
0.0007757591218365772,False
0.0007428718561847592,False
0.00037139775175845175,False
0.00036819878206133374,False
0.0006310746111305645,False
0.0008334586193956746,False
0.00044499476593704837,False
0.0006175447829948656,False
0.00035387439189625547,False
0.00035340388692328727,False
0.0003332290729752479,False
0.00040017706299388023,False
0.000366863500871899,False
0.00036948762952108017,False
0.0009667158804410653,False
0.0005704896978723372,False
0.0002925836911412434,False
0.000775769789191824,False
0.0006767400130264404,False
0.0005705085698896376,False
0.00029258475557561263,False
0.0007482542208014,False
0.00036901177512579236,False
0.0007768393023354301,False
0.0009117458826533124,False
0.0009117486971099031,False
0.0009117477981561623,False
0.0009117497512978516,False
0.0009117563812253732,False
0.0009117587099937103,False
0.0009117519862020707,False
0.0002840622889002536,False
0.000803977426301902,False
0.0023671694819757862,True
0.000803982458576625,False
0.0002840589548837564,False
0.002138620699733057,True
0.0010570107375753716,False
0.0009294538877149103,False
0.001135841217840453,False
0.0007734708109962709,False
0.0008489309944861385,False
0.000745264402672292,False
0.0003851397834554911,False
0.0004553886439458701,False
0.0006340705383643271,False
0.00040420490899673023,False
0.00078222375667618,False
0.00047541764481332356,False
0.0007004953338574674,False
0.0017284621345340348,True
0.0003704911638442445,False
0.00040551066786782673,False
0.00041113017870748967,False
0.00038574269631279356,False
0.00038139221931319405,False
0.0005119962606959242,False
0.00031817955809712903,False
0.000932828334661394,False
0.0012303481317853255,False
0.0009154631517474239,False
0.0009209748691476747,False
0.0005916695654911984,False
0.0009174524085511824,False
0.00012439546380267356,False
0.0006188638780699683,False
0.0004833590411827615,False
0.0005952560278932236,False
0.0008646203377810157,False
0.0005728543457770179,False
0.0003115101369965763,False
0.0005368962257905306,False
0.0004081973904622019,False
0.0012050007714134135,False
7.613727780830633e-05,False
0.0002193584067735713,False
0.00010260521764913474,False
0.0004694804420750152,False
0.0005528969211841993,False
0.00028777486548450554,False
0.0012358078242560096,False
0.0002697947798190678,False
0.00022836523450994978,False
0.0002692731759333179,False
0.0001581254611017962,False
0.00034256583939420537,False
0.00015826433121981782,False
0.0003426489721025697,False
0.0004153715519761129,False
0.00015042552184208556,False
0.0002520880797605093,False
0.00018367490226790854,False
0.00015042223493824975,False
0.0015753022090036228,True
0.0003687028054084122,False
0.00039257684518891745,False
0.0003784590138109019,False
0.001613591517089233,True
0.0003346886372051009,False
0.0003195583720569783,False
0.0005260624563079376,False
0.00037846714856549276,False
0.0016136289266221195,True
0.0005597524698026437,False
0.0006819379780109623,False
0.00031956563297032324,False
0.00044174699027509784,False
0.0003059684903154086,False
0.0003195729272731586,False
0.0003816700916830355,False
0.0003401241860291573,False
0.0003401216215994584,False
0.00029490358760913426,False
0.00029491104766991654,False
0.00015827014813141115,False
0.00034265032965247075,False
0.0004298603661221763,False
0.00028522469540520753,False
0.0002382598128689462,False
0.00031932740756110596,False
0.00040335711837703736,False
0.0003816987264806246,False
0.0002361895199607267,False
0.0003606533975059248,False
0.0002882362492791737,False
0.00036065589926125464,False
0.00042637537174738195,False
0.0002985908434702692,False
0.00028941799934841526,False
0.0004641597768556348,False
0.00018531835495663496,False
0.00046415774976182867,False
0.00010254917373703891,False
0.0006472852749796208,False
0.00026059542320742675,False
0.000402561016687655,False
0.0007103754150273002,False
0.00010559466461961231,False
0.0004464158900989124,False
0.00037420811455709786,False
0.0004253349166536875,False
0.0007466033685344822,False
0.0007824265213784342,False
0.0007824265440128853,False
0.00044492007326288297,False
0.0004531690213330767,False
0.0010465301176128018,False
0.0014213065588916858,False
0.0005334369478897,False
0.0008197889216131228,False
0.0014399226750736107,False
0.0008197861430311274,False
0.0005358118592801777,False
0.0005716395676272353,False
0.001229849162094338,False
0.0005707399819018537,False
0.0008452316990357425,False
0.0005707417304926536,False
0.0008325433335830652,False
0.0004293014223251676,False
0.00027592298342990056,False
0.0004010241030486954,False
0.0005184348047423058,False
0.00048221236548277613,False
8.236645498140116e-05,False
0.0002710426919372862,False
0.0004167418420787422,False
0.00015131108626646752,False
0.00018595579068879175,False
0.00030363091018058524,False
0.000265687487257717,False
0.0002863163376681452,False
0.00023484020098068828,False
0.0005333758269056336,False
0.0002392570666209944,False
0.0004331796597780803,False
0.0005099494342942004,False
0.00039601384570871114,False
0.0003443896426425654,False
0.0005228385876863968,False
0.0003622925041832898,False
0.00023657881646348058,False
0.0019158739134141033,True
0.0018044954181250313,True
0.00045469670359428297,False
0.0003721379814708448,False
0.0006984370724476271,False
0.0006197781910076887,False
0.0012531632353820557,False
0.0012532203601169332,False
0.000787832513787467,False
0.001253222633896289,False
0.0012532254929790501,False
0.0007561772998005629,False
0.005234249525845891,True
0.0012532248479037332,False
0.00019298268073974714,False
0.0015705355562386576,True
0.00019720865087481437,False
0.0002602112261972652,False
0.001193026003664051,False
0.0003270133703711435,False
0.0002738515646759862,False
0.00016730389782709828,False
0.00030322077662379987,False
0.00010595750472743376,False
0.00024110279108139788,False
0.0002617974723889078,False
0.0001539374575639902,False
0.00022208503337098578,False
0.00022255300333187005,False
0.00011960667124227276,False
0.00010947363545212243,False
0.00030396381869448723,False
0.00015457692903152154,False
0.00023701357838966977,False
0.00023701459884594057,False
0.00023701416970485807,False
0.0001505463382599875,False
0.00019921634866464726,False
0.00023415494621706773,False
0.00045060981316472407,False
0.0006326199781243075,False
0.0009186143304648852,False
0.0009186160931172486,False
0.000786499985462294,False
0.0005350419489837303,False
0.0010849146099180913,False
0.0011354217120966045,False
0.0008744358098612883,False
0.0009444221894365376,False
0.001209553455444019,False
0.00014934667294649542,False
0.00020373526798164737,False
0.000788045855721254,False
0.0005985122071202842,False
0.0007464621123235132,False
0.0001244270900195451,False
0.0004053322740590715,False
0.00020041377970375922,False
0.0012201786005220545,False
0.0012201906121424718,False
0.0007719935618865732,False
0.0011999435268986297,False
0.000557641447713313,False
0.0004159294459237137,False
0.0009789662514457045,False
0.0029152693688517407,True
0.0029791024319505274,True
0.00036342473620676774,False
0.00026088741260331215,False
0.00031868850137451793,False
0.0002136217949793162,False
0.00021362455198241202,False
0.0001591616029546423,False
0.007560420377551797,True
0.007560308084576639,True
0.0006818197068723425,False
0.0006818238016024912,False
0.0011338263224677523,False
0.0013067071320045616,False
0.001316483085385856,False
0.0013194623191778551,False
0.0007308025518558002,False
0.000492977804120322,False
0.0004947781435601694,False
0.0008444404046634906,False
0.0004821473050948152,False
0.0005019271774589648,False
0.0007503890349345438,False
0.0008445898420942674,False
0.0008181617077284082,False
0.0014488580666735618,False
0.0007667092454455612,False
0.00031659183153614963,False
0.0019425659045720874,True
0.000595308065373241,False
0.0016198505527935361,True
0.0003886277593381026,False
0.00038856308208854584,False
0.0004996335523196549,False
0.0004435635695390761,False
0.0005953187667950564,False
0.0006075353556624563,False
0.0007295992278190687,False
0.0016198858771310292,True
0.0015924283421945413,True
0.0004838198506276795,False
0.0005953241827334334,False
0.0007418330811828746,False
0.0005944085151075112,False
0.0014533217049364766,False
0.00022732312034061278,False
0.0007432729331227543,False
0.0006329657070274438,False
0.0005389800698311061,False
0.0005879482437635519,False
0.0006055523511794418,False
0.0007368035615560012,False
0.0006935385323287635,False
0.00054415661155239,False
0.0008448399498340718,False
0.0008172601224535839,False
0.0020443290672520673,True
0.000436937582236228,False
0.0011750914642439658,False
0.0026215941113225264,True
0.002993353711940535,True
0.0004378392056409353,False
0.00043055914021517645,False
0.00042399368995976,False
0.0005057393121249865,False
0.0004909915489071655,False
0.00047882889534857625,False
0.0008922223618756435,False
0.0014627896147314245,False
0.0020478950751455123,True
0.0011766442950797264,False
0.0020470362740730315,True
0.0011753388401383733,False
0.0011753467992747782,False
0.0011753438198467254,False
0.0020470464639576443,True
0.003364004944710771,True
0.0020790608632877978,True
0.0033961623016766722,True
0.0020789409900199146,True
0.002766618618270331,True
0.00303046330793425,True
0.0026254227653842864,True
0.0027666396653742474,True
0.002079092095073426,True
0.0007270710032816109,False
0.0007701540022583931,False
0.00040080822059854307,False
0.0004366966006457186,False
0.001068950816114624,False
0.0010518960232888917,False
0.0010355955148526746,False
0.0005745131049496114,False
0.0005662730694430912,False
0.0005589754488693583,False
0.0007819611200412483,False
0.0010138390178628775,False
0.0006576426136663466,False
0.0007701586620657761,False
0.0007532331114179782,False
0.0007502438151531141,False
0.0007571565543531794,False
0.0006837328199717408,False
0.0006837220170691307,False
0.0004008179864058401,False
0.00043671608307477435,False
0.0004008221424878581,False
0.00040082329391016944,False
0.0001899587770993368,False
0.00031333188183964376,False
0.0003068336143465749,False
0.0003097467360155792,False
0.0003149131370260495,False
0.00022800096477098257,False
0.00021464067784076693,False
0.00028617603748653316,False
0.00045841954919153367,False
0.00031090214720661376,False
0.00030861703488853983,False
0.00031492211819246756,False
0.0002444107276034495,False
0.0002565225208660519,False
0.00027843269272079973,False
0.0002971975405146992,False
0.00029488212158440525,False
0.00028445643298053786,False
0.00046241374219187274,False
0.0008551093224406827,False
0.0009062096307030785,False
0.0016946723482425075,True
0.0016881017070750752,True
0.00027379290926317563,False
0.00027423539330512746,False
0.000265297267983621,False
0.0008553621723177837,False
0.0003027193342485302,False
0.0009064743809483369,False
0.000855362278949774,False
0.0016949213756197014,True
0.001688435051880402,True
0.00030271538951084107,False
0.0003027156242688048,False
0.00027387155498643134,False
0.000480422006432698,False
0.000273874690556318,False
0.0008553648210861288,False
0.00030271430210123605,False
0.0008553625385760076,False
0.0001977314860799361,False
0.00019970509268477126,False
0.00020244948324708292,False
0.0008905103968724077,False
0.0008824760582431211,False
0.0008750609861339518,False
0.00020413721682071485,False
0.0003316505246362647,False
0.0003316495797405359,False
0.0004466878986018666,False
0.0004466870838436382,False
0.0005142087438069412,False
0.00014972634190805762,False
0.00031190196105998697,False
0.00028831336360763695,False
0.00028831530125591684,False
0.0003326789352865715,False
0.00033268058773021933,False
0.00023215659940000963,False
0.0003147647854287455,False
0.0002526190076147663,False
0.00022168524101383286,False
0.0003147600725161479,False
0.00014972223795926997,False
0.00022832490031423754,False
0.0002563499044010041,False
0.0002886502792349499,False
0.0002800730406336458,False
0.0002877852663392052,False
0.00030757530779505413,False
0.0002935906824470813,False
0.00029335961999571875,False
0.00027352865080120426,False
0.00030331620611504824,False
0.0002870449676781071,False
0.0003112711105883136,False
0.0004819262706385,False
0.00021820021740669838,False
0.00045807096192746274,False
0.00028580133029993944,False
0.00029398100691075627,False
0.0003672184260112443,False
0.0002142075273626227,False
0.0007225812136054867,False
0.000179050097028079,False
0.0005655905446862072,False
0.0002526161630057572,False
0.0001223231144048893,False
0.0003897354875076405,False
0.0002507306001294533,False
0.00030641193931997557,False
0.0001494284717069877,False
0.00021240217435081437,False
0.00030188935115272475,False
0.00018470239083479738,False
0.0003018936565741064,False
0.00037320035748726556,False
0.0017061216607970066,True
0.0004023267224376094,False
0.00037240762586354903,False
0.0024535399498827448,True
0.0013847917277026002,False
0.0013872927875630498,False
0.0013872896077186912,False
0.003190658574624368,True
0.0027944164105518656,True
0.0003918207026640774,False
0.002794418507956249,True
0.001088998122539683,False
0.00034441557026170216,False
0.003495687342303561,True
0.003496084910678284,True
0.0004462510985614438,False
0.0013874710285089037,False
0.00042459244399435615,False
0.0004070169059867266,False
0.00041021878414862413,False
0.00335138090291308,True
0.0028338415600947025,True
0.0014315280713729792,False
0.0003686711534821776,False
0.0003645877113223292,False
0.0003610790317288895,False
0.0033367699276762616,True
0.0004987314340865619,False
0.0017365739548477915,True
0.0012087072700796711,False
0.0011373116329842134,False
0.000793229763739163,False
0.0010392437273171727,False
0.0010392380956955388,False
0.0004933026650765448,False
0.0009174281954573356,False
0.0004151929234838922,False
0.0026408074448194554,True
0.0010730953376311115,False
0.0010730940072294262,False
0.0008278832984895573,False
0.0009280291985137737,False
0.0009216068690475315,False
0.000917420036123689,False
0.001115170098431649,False
0.00041520318986875294,False
0.0005943192921399653,False
0.0026409444584295635,True
0.0026312019771221164,True
0.0026202118649862197,True
0.0007719476642336071,False
0.0011766755640162305,False
0.001275979060541568,False
0.0010875653067551332,False
0.0008525563156432985,False
0.0014013517015686269,False
0.0013741834331167815,False
0.00042427498204142744,False
0.0025938532453570005,True
0.0004077027458385706,False
0.0010878417604104564,False
0.001218047238702554,False
0.0004077133063838349,False
0.0017119589149301852,True
0.0004077131137027804,False
0.0012622188547276435,False
0.0007646434484201118,False
0.001016588595371121,False
0.000407728203710683,False
0.0005011206470922835,False
0.0010875841316727415,False
0.0008525842717320009,False
0.001337584918877768,False
0.0014344866014058698,False
0.0033100058441272832,True
0.0005965077003353669,False
