ReconstructionError,Anomaly
4.7980002940768985e-05,0
7.204805076388233e-05,0
8.134030234404611e-05,0
7.599703159078303e-05,0
7.006613442370072e-05,0
6.471091103776503e-05,0
6.0256429561411093e-05,0
5.6755703894032384e-05,0
5.4085440124281016e-05,0
5.202885783273679e-05,0
5.204807314177257e-05,0
5.206735575857064e-05,0
5.208660218000262e-05,0
5.210644364863527e-05,0
5.212649159360545e-05,0
5.2146784145330304e-05,0
5.216703861749255e-05,0
5.218774066941859e-05,0
5.2208892893803524e-05,0
5.222885853852258e-05,0
5.225017181113169e-05,0
5.2271897884230753e-05,0
5.229319409429605e-05,0
5.2314806428561164e-05,0
5.233634675234414e-05,0
5.2358332870685594e-05,0
5.238076262772581e-05,0
5.2403264050007004e-05,0
5.2425861483521286e-05,0
5.244891930151325e-05,0
5.247152939130305e-05,0
5.24950740404447e-05,0
5.251825791892624e-05,0
5.2541910938810526e-05,0
5.2565956837421594e-05,0
5.25901872459311e-05,0
5.261455694405105e-05,0
5.263853692018102e-05,0
5.266256578191811e-05,0
5.268814933921467e-05,0
5.2712629581103945e-05,0
5.273816350230179e-05,0
5.276349791698333e-05,0
5.278889590462927e-05,0
5.2814963422491734e-05,0
5.2841013549620774e-05,0
5.2866843727855585e-05,0
5.289360971567827e-05,0
5.2919834338088614e-05,0
5.294705201193159e-05,0
5.297385876074057e-05,0
5.300132933617749e-05,0
5.302860866203258e-05,0
5.305623664214384e-05,0
5.3084972991778275e-05,0
5.311260991948833e-05,0
5.3140928867912304e-05,0
5.3169674854051126e-05,0
5.319830096896276e-05,0
5.322731624396955e-05,0
5.325620288236419e-05,0
5.328527138453416e-05,0
5.3314955687383646e-05,0
5.334448894269168e-05,0
5.337469565816855e-05,0
5.340504769254037e-05,0
5.3435949536794007e-05,0
5.346628046936194e-05,0
5.349701036241427e-05,0
5.3528237103905364e-05,0
5.3559571174279484e-05,0
5.3591128585331695e-05,0
5.3622897158248885e-05,0
5.36546689283657e-05,0
5.3686704631792016e-05,0
5.371890190161739e-05,0
5.3751584034725706e-05,0
5.378479313386284e-05,0
5.381730848797489e-05,0
5.385038335969846e-05,0
5.388418579095746e-05,0
5.391794100807448e-05,0
5.3951923869507886e-05,0
5.3986103125923526e-05,0
5.402066368735012e-05,0
5.405462846211126e-05,0
5.408937141437308e-05,0
5.41248431897889e-05,0
5.41594594782389e-05,0
5.4194904135550665e-05,0
5.4231228575327824e-05,0
5.426679752552803e-05,0
5.4303031743355216e-05,0
5.4339035754995084e-05,0
5.437583675368488e-05,0
5.4412536273092204e-05,0
5.444903854145744e-05,0
5.44865621317195e-05,0
5.452454997973248e-05,0
5.456197357841113e-05,0
5.460016287493316e-05,0
5.4638454521463484e-05,0
5.467617689105113e-05,0
5.4714940237539605e-05,0
5.475295412309635e-05,0
5.4793137353212146e-05,0
5.4831693576507707e-05,0
5.487084112241198e-05,0
5.491117962712835e-05,0
5.495030849922625e-05,0
5.4991096023972305e-05,0
5.5031491514295155e-05,0
5.507179099797648e-05,0
5.5112814220928666e-05,0
5.515318693128616e-05,0
5.5194566621768765e-05,0
1.8332575909092303e-05,0
2.566336108041434e-05,0
0.00039344834323204995,0
0.0017692888706284727,1
0.005161068109178706,1
0.011893280347553816,1
0.02346100663634487,1
0.041271253182497906,1
0.06635797445015351,1
0.04934247893909158,1
0.028786619080710518,1
0.015337358545585295,1
0.00729988020190113,1
0.0029736133893506936,1
0.0009522021966675148,0
0.00019557897363949505,0
1.6395161485522187e-05,0
2.5729221184161055e-05,0
5.20200202042482e-05,0
5.188646976097907e-05,0
5.175272795140753e-05,0
5.16180480618512e-05,0
5.148493308636786e-05,0
5.135097729104183e-05,0
5.1217612387044416e-05,0
5.108349052009085e-05,0
5.09497436734465e-05,0
5.081478276705918e-05,0
5.068134196976797e-05,0
5.05474401071575e-05,0
5.0413398089393684e-05,0
5.0279448707967345e-05,0
5.0144554714829375e-05,0
5.001130412017639e-05,0
4.987710951589668e-05,0
4.974250552800086e-05,0
4.9607990563248764e-05,0
4.947349997774791e-05,0
4.934019700665316e-05,0
4.92054510603747e-05,0
4.907108054332064e-05,0
4.893636935327191e-05,0
4.880236060310594e-05,0
4.866796771201533e-05,0
4.853307453297931e-05,0
4.8397975303432814e-05,0
4.826321241415998e-05,0
4.8129437862402335e-05,0
4.799418279074551e-05,0
4.785976428836315e-05,0
4.7724440298371885e-05,0
4.758939940651456e-05,0
4.745507643041032e-05,0
4.732012980504778e-05,0
4.718479803704498e-05,0
4.7050134743707e-05,0
4.691559864274352e-05,0
4.677977590807655e-05,0
4.664482154197803e-05,0
4.6510056750696793e-05,0
4.6374124725573125e-05,0
4.62395398812069e-05,0
4.6103247674352275e-05,0
4.5967901763666284e-05,0
4.583300664278008e-05,0
4.5697747636979046e-05,0
4.556204734759347e-05,0
4.542641335734598e-05,0
4.52907424628591e-05,0
4.515564482962514e-05,0
4.501931557176464e-05,0
4.488393322838618e-05,0
4.4747767090089945e-05,0
4.4612089398153166e-05,0
4.447591189934311e-05,0
4.434017837234084e-05,0
4.420432720223788e-05,0
4.406834451976561e-05,0
4.3932820493733494e-05,0
4.37967789572373e-05,0
4.366071971212291e-05,0
4.352506719322577e-05,0
4.338936299110685e-05,0
4.325275882466743e-05,0
4.3116807040820536e-05,0
4.2980406873217117e-05,0
4.284433883561386e-05,0
4.270841155732322e-05,0
4.257196080959932e-05,0
4.2435985330669476e-05,0
4.2299685085902805e-05,0
4.216306118321112e-05,0
4.202690884079601e-05,0
4.1890509058824134e-05,0
4.1753972047648196e-05,0
4.1617989381994224e-05,0
4.148129373401783e-05,0
4.134569377818616e-05,0
4.120907775355393e-05,0
4.1072472360902735e-05,0
4.0936699518518884e-05,0
4.079949995702358e-05,0
4.066343168314205e-05,0
4.052705634071777e-05,0
4.0390909661225114e-05,0
4.02542222098736e-05,0
4.011871126183609e-05,0
3.998260273193404e-05,0
3.984620377342541e-05,0
3.971015522657577e-05,0
3.9572911721780734e-05,0
3.943759452714525e-05,0
3.9301546727164614e-05,0
3.91652403176298e-05,0
3.902930411407367e-05,0
3.889308953494239e-05,0
3.875718889527898e-05,0
3.8621698371361576e-05,0
3.848532797621257e-05,0
3.834946305153294e-05,0
3.821363918496196e-05,0
3.807805456619915e-05,0
3.7942826506255346e-05,0
3.780693946486714e-05,0
3.767157547532872e-05,0
3.753585603618206e-05,0
3.7400687562169194e-05,0
3.726511302157106e-05,0
3.712983329325209e-05,0
3.6994443146951445e-05,0
3.685942571734342e-05,0
3.6724506672527e-05,0
3.658939739046094e-05,0
3.6454062412322496e-05,0
3.631903085670675e-05,0
3.6184862841188185e-05,0
3.6049741330459984e-05,0
3.591545946103541e-05,0
3.578130302716009e-05,0
3.564717206401735e-05,0
3.551254907593751e-05,0
4.8117052959334706e-05,0
8.706720801371077e-05,0
0.00018395104576843943,0
0.0003962648223528621,0
0.000812755369177596,0
0.0015518079230651659,1
0.0027506344393831324,1
0.004543129088152546,1
0.007029332563412794,1
0.0042377428671165306,1
0.0023864365926259483,1
0.0011753618981393845,0
0.0004708998772071593,0
0.0001269036127335705,0
9.828856507433117e-06,0
1.1429785895746345e-05,0
5.454286866524012e-05,0
9.40096595924465e-05,0
0.00011268116044529953,0
0.00011246936392668781,0
0.00011225998342758706,0
0.0001120487694144374,0
0.00011183929052128777,0
0.00011163256186419531,0
0.00011142489608775205,0
0.00011121989778620731,0
0.0001110149890780168,0
0.0001108102762132102,0
0.0001106072208313837,0
0.00011040481717040744,0
0.00011020436317203977,0
0.000110001819445915,0
0.0001098040830755585,0
0.000109605902151612,0
0.0001094074075058379,0
0.00010921078153982578,0
0.00010901429321981576,0
0.00010881991790625952,0
0.00010862533962782064,0
0.0001084322349962957,0
0.00010824095699805817,0
0.00010804867902549221,0
0.00010785931951501365,0
0.00010766836862050775,0
0.00010748164857200923,0
0.00010729259024221033,0
0.00010710665353198165,0
0.00010692009794222318,0
0.00010673689743520146,0
0.00010655153294876153,0
0.0001063682098241718,0
0.00010618479216264045,0
0.00010600400221060369,0
0.0001058229700919659,0
0.00010564408447756963,0
0.00010546380057257713,0
0.00010528723724854306,0
0.00010510939409938572,0
0.0001049337912384179,0
0.00010475866020140155,0
0.00010458262464449948,0
0.00010440932138228156,0
0.00010423671670884327,0
0.00010406423011773116,0
0.00010389291554171227,0
0.00010372230080215034,0
0.00010355234525138509,0
0.00010338414328907688,0
0.00010321611798398786,0
0.00010304914799590288,0
0.0001028829388343004,0
0.00010271617994847397,0
0.00010255174472180807,0
0.00010238878281538002,0
0.00010222558205221211,0
0.00010206358789016186,0
0.00010190137768185871,0
0.0001017413911340958,0
0.0001015810309634886,0
0.00010142094640721245,0
0.00010126184793641617,0
0.0001011053116563695,0
0.00010094754494930128,0
0.00010079171577551066,0
0.0001006353242335104,0
0.00010048097311836639,0
0.00010032676856244267,0
0.00010017350474594276,0
0.00010002106460026918,0
9.986810092471407e-05,0
9.971776401937054e-05,0
9.956847034174161e-05,0
9.941678265447102e-05,0
9.926853397303659e-05,0
9.912028812532906e-05,0
9.897238762474987e-05,0
9.882581933861132e-05,0
9.867950110982494e-05,0
9.853390552138222e-05,0
9.838802193496965e-05,0
9.824301213717453e-05,0
9.809986688844111e-05,0
9.795741099321691e-05,0
9.781526490867277e-05,0
9.767338562785767e-05,0
9.753146587490244e-05,0
9.739300899578446e-05,0
9.725295757912378e-05,0
9.711248638843485e-05,0
9.697387974131564e-05,0
9.683553059178418e-05,0
9.669895169731902e-05,0
9.656228382316712e-05,0
9.642595906030276e-05,0
9.629034165521982e-05,0
9.61547167431365e-05,0
9.602119464005755e-05,0
9.58867629431344e-05,0
9.575383081718687e-05,0
9.5621066330066e-05,0
9.548886926805306e-05,0
9.535683752210526e-05,0
9.522548864344547e-05,0
9.509516975593489e-05,0
9.496551463294562e-05,0
9.483595716449263e-05,0
9.470606742339594e-05,0
9.457756932750402e-05,0
9.444890613969987e-05,0
9.432233483439717e-05,0
9.419526951428451e-05,0
9.406876741707648e-05,0
0.00010333086192720329,0
0.00012781481966484023,0
0.00017773823368277158,0
0.00026942369073609384,0
0.00042851218724668043,0
0.0006930370167325438,0
0.001115869459202998,0
0.001764511542018247,1
0.002715208723915799,1
0.004182803175747436,1
0.002811662799102452,1
0.0017687756969553313,1
0.0010340437369931892,0
0.0005563421803379676,0
0.00027975198178278193,0
0.0001473655334916916,0
0.00010357401827780712,0
0.00010006978704836028,0
0.0001042184175294259,0
0.00010366440207788928,0
0.00010311171670612184,0
0.00010256013848106773,0
0.00010200980917798583,0
0.00010146248418681243,0
0.00010091660604943058,0
0.00010037302100499761,0
9.983040759226201e-05,0
9.929055234642503e-05,0
9.875042012738395e-05,0
9.821379239581544e-05,0
9.767875212077503e-05,0
9.71456697726321e-05,0
9.661489144811371e-05,0
9.608514354375792e-05,0
9.555673896231273e-05,0
9.503224879748392e-05,0
9.450740709114245e-05,0
9.398633193735268e-05,0
9.346712531394117e-05,0
9.294950513076071e-05,0
9.243468834643499e-05,0
9.192073283179754e-05,0
9.140937654375401e-05,0
9.089928435481033e-05,0
9.039337509470867e-05,0
8.988709665699983e-05,0
8.938612935459774e-05,0
8.888516660800276e-05,0
8.838666967369305e-05,0
8.789083973612714e-05,0
8.739718964816065e-05,0
8.690585834603755e-05,0
8.641596625221191e-05,0
8.592910723786763e-05,0
8.544510423681289e-05,0
8.49611005849869e-05,0
8.448128704909138e-05,0
8.400304655025131e-05,0
8.352832003445089e-05,0
8.305462939625397e-05,0
8.258465508862802e-05,0
8.211640568158367e-05,0
8.165037215906972e-05,0
8.118635775702185e-05,0
8.072561729634911e-05,0
8.026631386455953e-05,0
7.98105567074327e-05,0
7.935681354730472e-05,0
7.890602846327822e-05,0
7.395632385363356e-05,0
6.38145057395917e-05,0
5.023419993173135e-05,0
4.1403033833409e-05,0
5.5576434135869145e-05,0
0.00012514145483498752,0
0.00029953810565887284,0
0.0006436743556309101,0
0.0012277517852985922,0
0.003554446753675066,1
0.002414552002224087,1
0.001557681287470741,1
0.0009490098206890074,0
0.0005427389867129656,0
0.0002936183977956624,0
0.00015812463011453338,0
9.643718180268705e-05,0
7.538152785458814e-05,0
7.129095435462063e-05,0
7.11301001064047e-05,0
7.096976118747002e-05,0
7.08089480700051e-05,0
7.064940740885877e-05,0
7.049102990050393e-05,0
7.033125377530515e-05,0
7.017272862870948e-05,0
7.001503313488017e-05,0
6.985681282533202e-05,0
6.969997205994802e-05,0
6.954336796097414e-05,0
6.938697377852947e-05,0
6.923186711248033e-05,0
6.907589758380328e-05,0
6.892122569483336e-05,0
6.87669581167772e-05,0
6.861387444933715e-05,0
6.845965444965506e-05,0
6.830618287742473e-05,0
6.815434886066846e-05,0
6.800135983500988e-05,0
6.784918191980715e-05,0
6.769754058857769e-05,0
6.754638108625258e-05,0
6.739579024760119e-05,0
6.724516456626636e-05,0
6.709559857729535e-05,0
6.694517549766057e-05,0
6.679654143270207e-05,0
6.664767235245121e-05,0
6.649921581087941e-05,0
6.635036618002192e-05,0
6.620276763902877e-05,0
6.605512390181008e-05,0
6.590694010990292e-05,0
6.576222468405693e-05,0
6.561438050599025e-05,0
6.546854382075589e-05,0
6.532275543139803e-05,0
6.517608144154497e-05,0
6.503178332682048e-05,0
6.488651353220251e-05,0
6.474154987962318e-05,0
6.45972241284529e-05,0
6.445281519919333e-05,0
6.430923353692924e-05,0
6.41656097891829e-05,0
6.402271477811684e-05,0
6.387812291478228e-05,0
6.373612462747613e-05,0
6.359416357806532e-05,0
6.345179863984084e-05,0
6.331014472980583e-05,0
6.316762611903536e-05,0
6.302637115028157e-05,0
6.288513484969077e-05,0
6.274414152613109e-05,0
6.260320811874714e-05,0
6.246317898838615e-05,0
6.232241034671841e-05,0
6.218162244378681e-05,0
6.20418922191483e-05,0
6.190223268498585e-05,0
6.176367955344414e-05,0
6.162344297765754e-05,0
6.148457597034334e-05,0
6.134585860700435e-05,0
6.12066307206474e-05,0
6.106837463082315e-05,0
6.093038241028143e-05,0
6.0790987526625726e-05,0
6.065357436915084e-05,0
6.0515644633153815e-05,0
6.037757237332825e-05,0
6.0240000223357654e-05,0
6.0103869288248925e-05,0
5.996640749722934e-05,0
5.9828881692268746e-05,0
5.969239364247774e-05,0
5.955496109460857e-05,0
5.941877367546003e-05,0
5.928179040332845e-05,0
5.914618970626777e-05,0
5.901002459519056e-05,0
5.8873258545059355e-05,0
5.8736782743380496e-05,0
5.86008357495055e-05,0
5.8465726418934916e-05,0
5.83301887978388e-05,0
5.819388139756033e-05,0
5.805795276086855e-05,0
5.792308056543529e-05,0
5.778751233135895e-05,0
5.76523482665106e-05,0
5.7517824164557034e-05,0
5.7383074327880706e-05,0
5.7247362008098746e-05,0
5.7112631661163545e-05,0
5.697828608762653e-05,0
5.6843427364884574e-05,0
5.670944605979115e-05,0
5.657422264340972e-05,0
5.6439305066759465e-05,0
5.630507460630745e-05,0
5.6171088591094626e-05,0
5.603624780187559e-05,0
5.590211288864124e-05,0
5.5767725723877345e-05,0
5.563348149666797e-05,0
5.549962779475955e-05,0
5.5365397169340265e-05,0
5.523176114874274e-05,0
5.509727325802027e-05,0
5.496382822333768e-05,0
5.4829307957208806e-05,0
5.469475440191406e-05,0
5.45621655446438e-05,0
8.28590149065946e-05,0
0.00017538144920004834,0
0.00042058234599192095,0
0.0009837518440029777,0
0.0021219661403671427,1
0.004175713152228141,1
0.007529466747858219,1
0.012544335739196904,1
0.01948642877502519,1
0.015575976198036474,1
0.009479000242321256,1
0.005283824152950708,1
0.0026341304956198665,1
0.0011302159456757096,0
0.0003952905422030264,0
0.00011270731425706025,0
4.756130089888585e-05,0
5.423526175291112e-05,0
6.564966371832183e-05,0
6.61659444131665e-05,0
6.668458195415263e-05,0
6.720648660074394e-05,0
6.773272240184304e-05,0
6.82622936352487e-05,0
6.879379141710785e-05,0
6.932961137544793e-05,0
6.986776936930373e-05,0
7.040835992459875e-05,0
7.095083985984934e-05,0
7.149726689126913e-05,0
7.204549553833533e-05,0
7.259648949605183e-05,0
7.315050285045014e-05,0
7.370454139322739e-05,0
7.426130906091506e-05,0
7.48209350849321e-05,0
7.538229681933894e-05,0
7.594470926811796e-05,0
7.650815206508805e-05,0
7.707500654980905e-05,0
7.764174132599462e-05,0
7.821062581067676e-05,0
7.878116224433882e-05,0
7.935167464811173e-05,0
7.992382488870766e-05,0
8.049801980356841e-05,0
8.107162923990024e-05,0
8.164690307595104e-05,0
8.222346998200241e-05,0
8.279913999815915e-05,0
8.337707155977858e-05,0
8.395446427891134e-05,0
8.453277059623782e-05,0
8.511202690099346e-05,0
8.569139201556778e-05,0
8.627025191449413e-05,0
8.685068300272531e-05,0
8.74294269641344e-05,0
8.800931880377829e-05,0
8.858926101268854e-05,0
8.916774753835004e-05,0
8.974686217499576e-05,0
9.361503676256072e-05,0
0.0001033651818103681,0
0.00012284445130732603,0
0.0001577280413985785,0
0.00021650959422789607,0
0.0003115396012028857,0
0.00045984795035582484,0
0.000683345749046135,0
0.001007716295726522,0
0.0016059803795368819,1
0.0011237610309072306,0
0.0007434920300406037,0
0.00046512201353387665,0
0.0002738522435498908,0
0.00015243158478078322,0
8.32872808260358e-05,0
4.9459157540910244e-05,0
3.6031432036603786e-05,0
3.21773310930661e-05,0
3.283614437342006e-05,0
3.350577868321622e-05,0
3.4189733395927146e-05,0
3.4885759500372345e-05,0
3.559437722263344e-05,0
3.631399596296329e-05,0
3.704782275545474e-05,0
3.779181361822936e-05,0
3.854713290497548e-05,0
3.93144684897378e-05,0
4.0092731762189914e-05,0
4.0881238278748475e-05,0
4.168005595794015e-05,0
4.248898651985897e-05,0
4.330926151920725e-05,0
4.4137856560434026e-05,0
4.497678685916437e-05,0
4.582613692098151e-05,0
4.6683625210841323e-05,0
4.755067776558038e-05,0
4.8426207751977656e-05,0
4.931008941462767e-05,0
5.020303662559583e-05,0
5.110388018057507e-05,0
5.201227819298655e-05,0
5.292931271520241e-05,0
5.38530935159474e-05,0
5.478507803181746e-05,0
5.572390565416498e-05,0
5.667060569382263e-05,0
5.7622608456954395e-05,0
5.8582428585131444e-05,0
5.954668039917211e-05,0
6.051868176143497e-05,0
6.149696294083309e-05,0
6.24803853661361e-05,0
6.346896419758118e-05,0
6.446473687751917e-05,0
6.546408701370062e-05,0
6.646879993873332e-05,0
6.74783737642897e-05,0
6.849230534603498e-05,0
6.951213725357627e-05,0
7.053451449770598e-05,0
7.156271032627647e-05,0
7.25929912661068e-05,0
7.36293230179961e-05,0
7.466794355223174e-05,0
7.571110679221127e-05,0
7.675591590327552e-05,0
7.780585253864743e-05,0
7.885684988311238e-05,0
7.991201966492478e-05,0
8.09689920621504e-05,0
8.202883693158058e-05,0
8.309202243728114e-05,0
8.41554974127907e-05,0
8.522196655448164e-05,0
8.628934912300103e-05,0
8.735968136944309e-05,0
8.843100629106482e-05,0
8.950388744384369e-05,0
9.057905083643802e-05,0
9.165256571512025e-05,0
9.272919528555385e-05,0
9.380667348291087e-05,0
9.488356900493316e-05,0
9.596254623482835e-05,0
9.704043560255224e-05,0
9.811739432156053e-05,0
9.919652612042421e-05,0
0.00010027794148668197,0
0.00010135419395520661,0
0.00010243216514886301,0
0.00010351092030735414,0
0.00010458662405220214,0
0.00010566201386828649,0
0.00010673775692770749,0
0.00010781351412480664,0
0.0001088858407334791,0
0.00010995782315969807,0
0.00011102849773127461,0
0.00011209784670372906,0
0.00011316631077731073,0
0.00011423138135365121,0
0.00011529585377167532,0
0.00011635630106715914,0
0.00011741859693983458,0
0.00011847552091769785,0
0.0001195321581495487,0
0.00012058496248167727,0
0.00012163599881850178,0
0.00012268278161378172,0
0.00012372715487197624,0
0.00012477029454410247,0
0.0001258108793988282,0
0.0001268464050661528,0
0.00012788052052854117,0
0.0001289102439063045,0
0.00012993723263519488,0
0.00013095995615266298,0
0.0001319802722010771,0
0.00013299594232093692,0
0.00013400779032036767,0
0.0001350167092147436,0
0.00013602034197817745,0
0.00013702141344482357,0
0.0001380183536022429,0
0.0001390100060226703,0
0.00013999662553277413,0
0.00014098038905336144,0
0.00014195942443265226,0
0.00014293412120107925,0
0.0001439053337233637,0
0.00014486985286525197,0
0.00014582822079351078,0
0.00014678711417512175,0
0.00014773602945465192,0
0.000148682476744304,0
0.00014962286675439273,0
0.00015055943437819835,0
0.0001514894467021403,0
0.0001524130045436367,0
0.000153333295642438,0
0.00015424976676503134,0
0.00015515599166637575,0
0.0001560594444219795,0
0.00015695720452735092,0
0.00015785000066969928,0
0.00015873538003010622,0
0.0001596165802581357,0
0.00016048921764247667,0
0.0001613588323421604,0
0.00016222149240837446,0
0.00016307863572614345,0
0.00016392814051198815,0
0.00016477324196249648,0
0.00016561327927223118,0
0.00016644490106948408,0
0.00016727077732166503,0
0.00016809121051064333,0
0.00016890323596204112,0
0.00016970929396559217,0
0.00017050999413693573,0
0.0001713016419789317,0
0.00017209080675397145,0
0.00017287082482722704,0
0.00017364383601198283,0
0.00017441234007648342,0
0.00017517199683139524,0
0.00017592669543649815,0
0.00017667223748268616,0
0.00017741267846745374,0
0.00017814731585540067,0
0.0001788735795786468,0
0.0001795927778147984,0
0.00018030432781992342,0
0.0001810124011904897,0
0.00018170906735193103,0
0.00018240119026318195,0
0.00018308568147938476,0
0.0001837623283887018,0
0.0001844326821813999,0
0.00018509568894709648,0
0.00018575238870056402,0
0.00018640053141173239,0
0.00018704268370475872,0
0.00018767722721689525,0
0.0001883031525585039,0
0.00018892381142873415,0
0.00018953722554785433,0
0.00019014128271602332,0
0.00019073980966937115,0
0.0001913283363421363,0
0.00019191245257400155,0
0.00019248772431219833,0
0.00019305751916383893,0
0.00019361769922942253,0
0.0001941718196815329,0
0.0001947177331554326,0
0.00019525584153871583,0
0.00019578849734044562,0
0.00019631361819559274,0
0.00019682984033902139,0
0.00019733908530893962,0
0.00019784068223835022,0
0.0001983346188287309,0
0.0001988222888807695,0
0.0001993019545527458,0
0.00019977268129360234,0
0.00020023803988698037,0
0.00020069608569185844,0
0.00020114537037273824,0
0.00020158595816808093,0
0.00020202157264634856,0
0.00020244929753894902,0
0.00020286929792460038,0
0.00020328178764893117,0
0.00020368536949002833,0
0.00020408620946509273,0
0.0002044749348902252,0
0.00020485781670146548,0
0.0002052345531442601,0
0.00020560198800733583,0
0.00020596198399175955,0
0.00020631659685751166,0
0.00020423077161410452,0
0.00019849593143890322,0
0.0001880163415697903,0
0.00017246928071838386,0
0.0001526570911943545,0
0.0001309402965376603,0
0.00011174917139110819,0
0.0001018533973348119,0
0.00010993799855975512,0
0.0008243691141011059,0
0.000645808406153871,0
0.0005021769625877386,0
0.00039190120074465793,0
0.0003105039634366794,0
0.00025337629697405584,0
0.00021588714660158317,0
0.00019351957365040158,0
0.00018208257837633695,0
0.00017787680750537812,0
0.00017781349326643665,0
0.00017774416947189515,0
0.00017767420026707374,0
0.0001775985932645286,0
0.00017751869774024987,0
0.00017743550693336043,0
0.00017734935424423175,0
0.00017725918963889227,0
0.0001771656327386802,0
0.00017706882182625782,0
0.00017696766556771798,0
0.00017686295853763852,0
0.00017675511806155758,0
0.00017664464813093347,0
0.00017652705168340452,0
0.0001764097963704671,0
0.00017629087057756987,0
0.00017616506590741716,0
0.00017603712690381917,0
0.00017590558479418125,0
0.00017577027352998185,0
0.00017563390063268387,0
0.00017549263145203226,0
0.0001753497194972609,0
0.00017520251799925236,0
0.00017505174420122697,0
0.00017490023703030182,0
0.0001747436891062831,0
0.00017458488800707532,0
0.00017442317497263856,0
0.0001742590344976931,0
0.00017409184465618364,0
0.00017392149895167498,0
0.00017374846653683514,0
0.0001735737533271971,0
0.00017339432545348878,0
0.00017321476478576983,0
0.0001730308121455679,0
0.000172844674497934,0
0.00017265518943340602,0
0.00017246277048171496,0
0.00017226854121998763,0
0.00017207365547573087,0
0.00017187432895677214,0
0.00017167379896080304,0
0.00017147201259399352,0
0.000171264886341856,0
0.00017105815513262493,0
0.0001708475039386534,0
0.00017063458062042006,0
0.00017041965539640327,0
0.00017020217287545304,0
0.00016998397510354897,0
0.00016976331016500747,0
0.0001695398055336563,0
0.00016931543289937852,0
0.0001690867033694184,0
0.00016885774971751082,0
0.0001686269296241912,0
0.00016839360343095513,0
0.00016815859868165217,0
0.00016792168180544353,0
0.00016768423974036436,0
0.00016744308154214657,0
0.0001672009024278314,0
0.0001669564657246918,0
0.00016671151923258664,0
0.00016646403005206276,0
0.0001662147527998057,0
0.00016596446837359197,0
0.00016571203848328493,0
0.0001654580440734738,0
0.0001652025588009381,0
0.00016494617382008397,0
0.00016468738341750177,0
0.00016442836814193118,0
0.00016416730790894436,0
0.00016390477691018165,0
0.00016364177966058055,0
0.0001633769764125877,0
0.00016311131390449806,0
0.00016284292878216824,0
0.00016257268356984462,0
0.00016230497017326046,0
0.0001620336830761438,0
0.00016176129701875967,0
0.00016148660487477282,0
0.00016121264847044164,0
0.00016093585967642547,0
0.00016065935089497248,0
0.00016038188617891795,0
0.00016010524077033454,0
0.00015982385542242245,0
0.00015954375379547095,0
0.00015926060397364745,0
0.00015897831542657139,0
0.00015869579675194378,0
0.00015841178904057372,0
0.00015812667293022098,0
0.0001578426486508481,0
0.00015755335793251016,0
0.00015726719470265105,0
0.00015697933352588854,0
0.0001566905570869507,0
0.0001564007930180807,0
0.00015611129001087752,0
0.00015582036417299407,0
0.00015552923099128505,0
0.00015523695346494757,0
0.00015494390333337533,0
0.00015465186260109107,0
0.00015435797326640135,0
0.0001540636910069487,0
0.0001537701711497317,0
0.0001534760569006358,0
0.0001531806698824435,0
0.00015288445750859472,0
0.00015258803354181857,0
0.00015229232739724785,0
0.00015199619172023048,0
0.00015169894748507927,0
0.00015140093357584678,0
0.00015110397203109836,0
0.0001508067094007549,0
0.00015050635958763683,0
0.00015020857859678673,0
0.00014991123470007737,0
0.00014961287240699056,0
0.00014931408989267634,0
0.0001490133397681297,0
0.00014871486057099593,0
0.00014841581469746774,0
0.0001481165989695989,0
0.00014781763316687368,0
0.0001475188133148091,0
0.00014721982376592643,0
0.0001469179634743668,0
0.00014661916686773378,0
0.00014631965949200618,0
0.00014602154553453956,0
0.00014572175227694156,0
0.0001454236552568225,0
0.00014512312474650472,0
0.00014482619717713402,0
0.00014452709698140555,0
0.00014422771209443523,0
0.00014392891583933783,0
0.0001436308741537346,0
0.00014333359193168343,0
0.00014303485364017347,0
0.00014273649367093044,0
0.00014244166942966438,0
0.00014214210068679055,0
0.0001418456043158639,0
0.00014154955604873433,0
0.00014125274194510295,0
0.0001409562824070971,0
0.0001406614814022943,0
0.0001403662453232537,0
0.00014006937662005165,0
0.00013977792370990368,0
0.00013948208079887252,0
0.0001391883474059294,0
0.00013889472539234437,0
0.00013860238378185716,0
0.00013830877260660935,0
0.00013801653305764864,0
0.0001377263986543456,0
0.00013743462348668651,0
0.00013714361646076836,0
0.0001368544880759178,0
0.00013656300640940567,0
0.00013627463622470443,0
0.0001359861334221476,0
0.00013569717849570528,0
0.00013540909011797077,0
0.0001351230910220003,0
0.0001348370102416715,0
0.00013455140548850446,0
0.0001342654480325105,0
0.0001339794889264145,0
0.00013369603451805352,0
0.00013341262991009396,0
0.00013312925313971061,0
0.00013284690627004083,0
0.0001325649917175935,0
0.00013228431705879242,0
0.00013200546453012856,0
0.0001317247068599907,0
0.00013144523539555217,0
0.000131168108787825,0
0.00013089104418253613,0
0.00013061265948704866,0
0.00013033753155975914,0
0.00013006296683810287,0
0.00012978646563215965,0
0.00012951363637133303,0
0.00012924062173212287,0
0.0001289675858719252,0
0.00012869615063170438,0
0.0001284258311112417,0
0.0001281558826303407,0
0.0001278868583653504,0
0.00012761764489927724,0
0.00012735044223491308,0
0.00012708286436608073,0
0.00012681732749900482,0
0.00012655230284159695,0
0.0001262865446026264,0
0.0001260226167491397,0
0.00012576113355399998,0
0.0001254975576770986,0
0.00012523755451460288,0
0.00012497525924637124,0
0.0001247155822857276,0
0.00012445875460066077,0
0.00012420133488386142,0
0.00012394369342943491,0
0.0001236883212772744,0
0.0001234319660374925,0
0.0001231794656911805,0
0.0001229252746089161,0
0.00012267227014714122,0
0.0001224207975897901,0
0.00012217001396933877,0
0.00012191970082773295,0
0.00012167101496138128,0
0.000121423495195409,0
0.00012117556064704058,0
0.00012092881102589957,0
0.00012068443580435266,0
0.0001204394940328381,0
0.00012019589157333467,0
0.00011995305135945386,0
0.00011971132298208036,0
0.00011946956800449822,0
0.0001192299546332632,0
0.000118990789907619,0
0.0001187531561932576,0
0.00011851482929362045,0
0.00011828021155930394,0
0.00011804513953685382,0
0.0001178108473984712,0
0.00011757726981305744,0
0.000117343866810999,0
0.0001171123924604397,0
0.00011688239512597569,0
6.25036538071279e-05,0
5.3291936566459825e-06,0
0.0001666163130742101,0
0.0010128362098401733,0
0.003302598251151877,1
0.008113392394200922,1
0.016773322406595532,1
0.03065172788668709,1
0.05089731693225879,1
0.05253410309760292,1
0.031743430748243075,1
0.017408498657752475,1
0.008407800012486021,1
0.003382062069322098,1
0.001012674863644466,0
0.0001707941442291975,0
2.0481032859111e-05,0
6.829618935146705e-05,0
0.00011101237056113687,0
0.00011101088520728114,0
0.00011100937411311388,0
0.00011100806862761609,0
0.00011100599346893613,0
0.00011100348048728209,0
0.0001110002703377846,0
0.00011099727031592735,0
0.00011099415842702453,0
0.0001109901064275546,0
0.000110985477021463,0
0.00011098044671931236,0
0.00011097512528436201,0
0.00011097006231860807,0
0.00011096439227621642,0
0.00011095812829643613,0
0.00011095142693763644,0
0.00011094461101966167,0
0.00011093713697991122,0
0.00011092877878775882,0
0.00011092094792155423,0
0.000110912922243372,0
0.00011090369233211805,0
0.00011089458491552778,0
0.00011088466961974697,0
0.00011087487984736301,0
0.00011086474744042059,0
0.00011085424423768385,0
0.00011084319105526825,0
0.0001108316295389264,0
0.00011081940411500324,0
0.00011080821793747778,0
0.00011079578873279162,0
0.0001107831263574883,0
0.00011076996654150788,0
0.00011075686320015275,0
0.00011074353733910833,0
0.00011072943635347984,0
0.00011071463991464616,0
0.00011070040767350264,0
0.00011068535671356669,0
0.00011067117890423938,0
0.00011065457473596933,0
0.0001106392441478391,0
0.00011062322159210182,0
0.00011060684021887769,0
0.00011059054909361419,0
0.00011057360714174659,0
0.00011055500568672961,0
0.00011053823351958306,0
0.00011051957636474174,0
0.00011050206949897157,0
0.00011048343291041382,0
0.00011046499409992001,0
0.00011044566615939779,0
0.00011042658237901851,0
0.00011040657132365198,0
0.00011038659597296837,0
0.00011036629637215564,0
0.0001103466913083615,0
0.00011032534497187859,0
0.00011030466032826445,0
0.00011028250943315332,0
0.00011026142642224798,0
0.00011023969240079089,0
0.00011021799233772223,0
0.00011019631678792788,0
0.00011017343987850481,0
0.00011015129387922083,0
0.0001101277986988081,0
0.00011010437156934673,0
0.00011008097733415633,0
0.00011005648866886993,0
0.00011003330243535311,0
0.00011000963900302166,0
0.00010998443080394302,0
0.00010995999189895931,0
0.00011090259924389312,0
0.0001133471074949154,0
0.00011785047527696787,0
0.00012489571414335575,0
0.0001349297368270178,0
0.00014839669603883398,0
0.0001657296007400372,0
0.00018731470900023477,0
0.00021344058072220079,0
4.095706520536983e-05,0
4.0796922303532463e-05,0
4.14755035460302e-05,0
4.2793564062723486e-05,0
4.4523930115982396e-05,0
4.640612937994846e-05,0
4.8161780196307315e-05,0
4.955035307071222e-05,0
5.043076287111824e-05,0
5.079935419085734e-05,0
5.080176764281319e-05,0
5.0804933909636735e-05,0
5.080752045005132e-05,0
5.0810155234088994e-05,0
5.081359038282908e-05,0
5.081626402866915e-05,0
5.08189697292525e-05,0
5.0821887486585795e-05,0
5.082531685452009e-05,0
5.0828517021798335e-05,0
5.083197751622967e-05,0
5.083462754894566e-05,0
5.0838288570015455e-05,0
5.084250586088152e-05,0
5.0845699693588264e-05,0
5.084942212772248e-05,0
5.085276736432657e-05,0
5.085669620879738e-05,0
5.086033157518191e-05,0
5.0864546401945444e-05,0
5.0868078666357934e-05,0
5.087244914856842e-05,0
5.087704549746515e-05,0
5.088118633561196e-05,0
5.0885338010986223e-05,0
5.089006006788345e-05,0
5.0894417394908456e-05,0
5.08991771855268e-05,0
5.0903874220056064e-05,0
5.090818536440571e-05,0
5.091321380670206e-05,0
5.0918167559796255e-05,0
5.0923300784180766e-05,0
5.0928064114738384e-05,0
5.093300616302041e-05,0
5.093910684521395e-05,0
5.094452537779277e-05,0
5.09498787525528e-05,0
5.0955173333558324e-05,0
5.096098943887638e-05,0
5.096720255688565e-05,0
5.097304646677628e-05,0
5.097919672632399e-05,0
5.098575454285804e-05,0
5.0992525261849284e-05,0
5.099813929534007e-05,0
5.100468670324628e-05,0
5.101125709628828e-05,0
5.101796370415748e-05,0
5.1024493940451195e-05,0
5.1031619455719514e-05,0
5.103875574496029e-05,0
5.104610938934303e-05,0
5.105353723287336e-05,0
5.1060641444413694e-05,0
5.106860456442108e-05,0
5.107640790936562e-05,0
5.108417432262905e-05,0
5.10922119112381e-05,0
5.1100055905607945e-05,0
5.110800876905776e-05,0
5.111657145142316e-05,0
5.1124894053500145e-05,0
5.113351293151114e-05,0
5.114191891724971e-05,0
5.115081794092841e-05,0
5.1159866067636826e-05,0
5.116898848210325e-05,0
5.1178318760909646e-05,0
5.118756663199719e-05,0
5.119708048966949e-05,0
5.120697317846876e-05,0
5.121650264097795e-05,0
5.122624733949125e-05,0
5.123634040521865e-05,0
5.124656204717211e-05,0
5.125776690302156e-05,0
5.126785037820801e-05,0
5.127798215992296e-05,0
5.128886848087231e-05,0
5.129974085291272e-05,0
5.1310562198188585e-05,0
5.1321705399233923e-05,0
5.13333154691508e-05,0
5.134488314266357e-05,0
5.1356743729563464e-05,0
5.136820111438851e-05,0
5.137961405898281e-05,0
5.1391702858251746e-05,0
5.140423021888858e-05,0
5.141680247444422e-05,0
5.1429237294788174e-05,0
5.144215166480449e-05,0
5.145477701047263e-05,0
5.1467655081504565e-05,0
5.148135067528401e-05,0
5.149454269389695e-05,0
5.150778895182759e-05,0
5.152113845146614e-05,0
5.153540930125197e-05,0
5.154967908910565e-05,0
5.156323478870828e-05,0
5.157759769383863e-05,0
5.159243012090373e-05,0
5.160745185559553e-05,0
5.162185155139989e-05,0
5.163692801926015e-05,0
5.1652020480654776e-05,0
5.1666899353581316e-05,0
5.168273814417317e-05,0
5.169774030731238e-05,0
7.035439558761073e-05,0
0.00013192815343926066,0
0.0002909395987283413,0
0.0006440506186389135,0
0.0013318635931661004,0
0.002530752890522451,1
0.0044378400521558736,1
0.007250676846597599,1
0.011141517768073907,1
0.005032599985409467,1
0.002631389813699323,1
0.001186395958344713,0
0.0004286198840602908,0
0.00010213570586857442,0
8.452426005661362e-06,0
1.7571825075844663e-05,0
5.6678356753695184e-05,0
9.152674051721475e-05,0
0.0001097196475414498,0
0.00010975883109949158,0
0.00010979750671485636,0
0.00010983627285746485,0
0.00010987440407128633,0
0.00010991353873386953,0
0.0001099518434805861,0
0.0001099903865151345,0
0.00011002800690394782,0
0.00011006650530052335,0
0.00011010424032665188,0
0.000110142768920509,0
0.00011018088897417476,0
0.00011021900034776012,0
0.0001102566037455945,0
0.00011029389452988416,0
0.00011033208037857673,0
0.00011036992351024363,0
0.00011040714140154704,0
0.00011044551808035817,0
0.0001104831501488696,0
0.00011051985837746819,0
0.00011055714769671938,0
0.00011059420002746703,0
0.00011063077163198482,0
0.00011066794733884744,0
0.00011070488980618417,0
0.00011074203362710409,0
0.00011077813190829962,0
0.00011081502718460257,0
0.00011085215681010586,0
0.00011088818229375808,0
0.0001109249194405605,0
0.00011096100895568241,0
0.00011099677996144178,0
0.00011103298445016717,0
0.00011106912406394178,0
0.00011110477967109407,0
0.00011114072863620353,0
0.00011117692145647943,0
0.0001112121652160121,0
0.00011124759797705032,0
0.00011128332158258238,0
0.00011131891651901711,0
0.00011135364324241187,0
0.00011138873375809127,0
0.0001114228971462712,0
0.00011145773215903926,0
0.00011149266691381264,0
0.00012886495521748128,0
0.00018343664270488308,0
0.0003109680485666283,0
0.0005707514647086274,0
0.0010450324043272433,0
0.001832457454345182,1
0.0030394839333868114,1
0.004773061980825321,1
0.00713605524052836,1
0.004109211640077547,1
0.002490499882625434,1
0.0014324408821956142,0
0.000805434518498961,0
0.00047508673876359646,0
0.00032764906810173183,0
0.00028008450598011935,0
0.00027795958208300223,0
0.00028886724524928995,0
0.00029638496959652656,0
0.00029617246225349935,0
0.0002959580413979736,0
0.00029574336139149025,0
0.0002955310506877245,0
0.0002953181577409858,0
0.00029510445079189196,0
0.0002948905464388702,0
0.000294678857421837,0
0.00029446602626924634,0
0.00029425420546516347,0
0.0002940414262252617,0
0.0002938296356534129,0
0.00029361721100030824,0
0.000303010268775992,0
0.00033078970517459386,0
0.00038665987098805585,0
0.00048283691178041907,0
0.0006353140719298183,0
0.000864636562745231,0
0.0011962264874172664,0
0.0016603121753517962,1
0.0022914205418768127,1
0.0017807117122108512,1
0.0012029792545420511,0
0.0007535830823491879,0
0.00043155864497313514,0
0.0002226500949343631,0
0.00010477230119509033,0
5.2293958395773905e-05,0
3.9544763943267843e-05,0
4.4203727053069784e-05,0
5.028582678153821e-05,0
5.0014523782887064e-05,0
4.974248447340426e-05,0
4.947074566620983e-05,0
4.919930675229114e-05,0
4.8927731486079276e-05,0
4.8656088042154496e-05,0
4.8384978124589736e-05,0
4.8113835284067355e-05,0
4.784234444323404e-05,0
4.757135794946954e-05,0
4.730063215230434e-05,0
4.703003436412782e-05,0
4.675941614723275e-05,0
4.6488964361605754e-05,0
4.621869804385538e-05,0
4.594869456054399e-05,0
4.567894042905086e-05,0
4.540902764831007e-05,0
4.513952323518555e-05,0
4.487032426888391e-05,0
4.460128204706216e-05,0
4.4332475281114136e-05,0
4.4064035584353576e-05,0
4.3795649720669535e-05,0
4.352753080786176e-05,0
4.325954371804115e-05,0
4.2992246411588505e-05,0
4.272496311960011e-05,0
4.2458301469021776e-05,0
4.219159250527238e-05,0
4.19251595533113e-05,0
4.165927073434436e-05,0
4.139359005349088e-05,0
4.112847542859162e-05,0
4.086351228367187e-05,0
4.059908542143983e-05,0
4.033481665626405e-05,0
4.007139145301011e-05,0
3.980766132190117e-05,0
3.9544672500281204e-05,0
3.9282273008081895e-05,0
3.9020493179500706e-05,0
3.8758695976256434e-05,0
3.849745942797116e-05,0
3.823693116655994e-05,0
3.797672521309385e-05,0
3.7717126349531876e-05,0
3.745807628014973e-05,0
3.719957037794081e-05,0
3.694149832035867e-05,0
3.668369703135631e-05,0
3.642653056973341e-05,0
3.617021587848303e-05,0
3.591435478585735e-05,0
3.565901275266757e-05,0
3.540425518287659e-05,0
3.515043865559097e-05,0
3.48970115930043e-05,0
3.464391936937867e-05,0
3.4391974877724225e-05,0
3.413999764652099e-05,0
3.3889021495318634e-05,0
3.3639010133656854e-05,0
3.338952445007318e-05,0
3.3140827737269885e-05,0
3.289217861996004e-05,0
3.2644775880873887e-05,0
3.239839359360183e-05,0
3.2152226759549173e-05,0
3.19071443446998e-05,0
3.166275973095232e-05,0
3.141904159680469e-05,0
3.117599736126132e-05,0
3.093396517037199e-05,0
3.069283051265464e-05,0
3.0452527947825078e-05,0
3.021313259544015e-05,0
2.9974207635925578e-05,0
2.973643153912643e-05,0
2.9499457686866488e-05,0
2.9263193023395086e-05,0
2.9028185823892685e-05,0
2.8794028275364972e-05,0
2.8560547149251563e-05,0
2.832807105669027e-05,0
2.8096618818338768e-05,0
2.7866162948629515e-05,0
2.76364161578489e-05,0
2.7407837407424362e-05,0
2.7180372166940895e-05,0
2.6953903011062878e-05,0
2.6728385740823773e-05,0
2.6503905430459914e-05,0
2.6280487053184665e-05,0
2.605790734911178e-05,0
2.58367013131859e-05,0
2.5616205585650968e-05,0
2.5397500043580603e-05,0
2.5179552842676065e-05,0
2.4962569534207782e-05,0
2.4746849225412888e-05,0
2.4532272140868724e-05,0
2.4318599658923394e-05,0
2.410679884447073e-05,0
2.3895473467702108e-05,0
2.3685463992123082e-05,0
2.3476761792063723e-05,0
2.3269136413023117e-05,0
2.3063255450225564e-05,0
2.2858368171845594e-05,0
2.2654850239600554e-05,0
2.2452370803786762e-05,0
2.225130465331539e-05,0
2.2051529817450515e-05,0
2.1852903656405584e-05,0
2.1655938557306606e-05,0
2.1460018807924298e-05,0
2.1265668060753358e-05,0
2.1072528864999294e-05,0
2.088077818035573e-05,0
2.069029899341242e-05,0
2.050179491515842e-05,0
2.0314128698724013e-05,0
2.0128235153459138e-05,0
1.99439692648619e-05,0
1.9760647556134972e-05,0
1.9578986442214447e-05,0
1.9398869633015152e-05,0
1.922045106229854e-05,0
1.9043507599641854e-05,0
1.88678859928069e-05,0
1.869391441450744e-05,0
1.852148133474429e-05,0
1.835080813940597e-05,0
1.818129154849114e-05,0
8.689977783006188e-06,0
3.987030023081116e-06,0
8.173987227681268e-05,0
0.00041306552753775356,0
0.0012655903033596202,0
0.0029778473516998438,1
0.005915937396925469,1
0.010426752013599749,1
0.016799543285972853,1
0.015079423912087947,1
0.00937685261386614,1
0.005529099948042011,1
0.003090634377662091,1
0.0016442710049075658,1
0.0008432814040875237,0
0.0004298881264738078,0
0.00023113861786891408,0
0.00014341255297557678,0
0.00011212858566368252,0
0.00011216084194713524,0
0.00011219235679109617,0
0.00011222391333588198,0
0.0001122550230643999,0
0.00011228789434680568,0
0.00011231911470303206,0
0.0001123501772283958,0
0.00011238165961746329,0
0.00011241264084694668,0
0.00011244292583094315,0
0.00011247391461852467,0
0.00011250476222739115,0
0.00011253451869926985,0
0.00011256444516842902,0
0.00011259571727319143,0
0.00011262503790520561,0
0.00011265433953747697,0
0.00011268392437879597,0
0.00011271284943062923,0
0.00011274287276692426,0
0.00011277185487277494,0
0.00011280090101749983,0
0.00011282960619273923,0
0.00011285840372175816,0
0.00011288571698085254,0
0.00011291446504354843,0
0.00011294224921144997,0
0.00011297021084306237,0
0.0001129970870903788,0
0.00011302559539817291,0
0.00011305302397125635,0
0.00011307945314661582,0
0.00011310660363286355,0
0.00011313406588389294,0
0.00011315985937482578,0
0.00011318553128220777,0
0.00011321212450898153,0
0.00011323844768357375,0
0.00011326425098306154,0
0.00011328954114518288,0
0.0001133149507563836,0
0.00011334065561288627,0
0.00011336545363263961,0
0.00011339010788329012,0
0.00011341484441534466,0
0.00011343842662906763,0
0.00011346265648588913,0
0.00011348763947038946,0
0.00011351056965274639,0
0.00011353507843395116,0
0.00011355812992838183,0
0.00011358154657466821,0
0.00011360449901383,0
0.00011362632289751039,0
0.00011364955867010276,0
0.00011367120864494758,0
0.00011369386292460216,0
0.00011371524933683723,0
0.0001137366576700748,0
0.00011375879071101776,0
0.00011378005432388255,0
0.00011380025499896375,0
0.0001138208366289331,0
0.00011384090802784583,0
0.000113861897172843,0
0.00011388180453185549,0
0.00011390144830215638,0
0.00011392092559691488,0
0.00011394071818546063,0
0.00011395965891636334,0
0.00011397865828742552,0
0.00011399730242767877,0
0.00011401530464230381,0
0.00011403344186473971,0
0.00011405172097529971,0
0.00011406929927130001,0
0.00011408607353962298,0
0.00011410353180204825,0
0.00011412080904889918,0
0.00011413651646102273,0
0.00011415352697786135,0
0.00011417036885363398,0
0.00011418521601020167,0
0.00011420182588681034,0
0.00011421647437088148,0
0.00011423192053868767,0
0.00011424680240624663,0
0.00011426129544515674,0
0.0001142750004296947,0
0.00011428869769602777,0
0.00011430326561348931,0
0.00011431564919681639,0
0.00011432861182860748,0
0.00011434258761410731,0
0.00011435512399674106,0
0.00011436725383075566,0
0.00011437908439633656,0
0.00011439038024038369,0
0.00011440279622750829,0
0.00011441350121569622,0
0.00011442365884571583,0
0.00011443490276902709,0
0.00011444522158250384,0
0.00011445456075360998,0
0.0001144649530931569,0
0.00011447395034534113,0
0.00011448282607580733,0
0.0001144913192948059,0
0.00011450057904903534,0
0.00011450863425122926,0
0.00011451638829769262,0
0.00011452423034661378,0
0.00011453067774292466,0
0.00011453743229082203,0
0.00011454476435081317,0
0.00011455014164065254,0
0.00011455674573017659,0
0.00011456190292537638,0
0.00011456757448621134,0
0.00011457256012281538,0
0.00011457728122345503,0
0.00011458139751837104,0
0.00011458536478977222,0
0.00011458940100410081,0
0.00011459302617278573,0
0.00011459551399182798,0
0.00011459773038383847,0
0.00011460064985587394,0
0.0001146018738852433,0
0.00011460356069920247,0
0.00011460567705692993,0
0.00011460619072411164,0
0.00011460658937653848,0
0.00011460662681860686,0
0.00011460659250075836,0
0.0001146061994597518,0
0.0001146056631109921,0
0.00011460454776865773,0
0.00011460301937610241,0
0.0001146007318077809,0
0.000114598797582955,0
0.00011459616839828251,0
0.00011459303587602381,0
0.00011459010212711629,0
0.00011458651141839966,0
0.00011458231480520876,0
0.00011457799779492729,0
0.00011457233674483623,0
0.00011456708108980913,0
0.0001145615542426552,0
0.00011455575544896668,0
0.00011454988604255881,0
0.00011454315828850789,0
0.00011453584670203201,0
0.00011452832621963218,0
0.00011454078115657042,0
0.00011458795628736369,0
0.00011467666966502749,0
0.00011481364015676909,0
0.00011499419906780665,0
0.00011521782322407715,0
0.0001154792596311308,0
0.00011577273365309741,0
0.00011609397087505326,0
0.00011366020890220946,0
0.00011395724508528976,0
0.00011421437714266261,0
0.00011442914118331421,0
0.00011459665392700999,0
0.0001147226511618665,0
0.00011480974068585033,0
0.00011486279994353857,0
0.00011488805471294448,0
0.00011489091028186396,0
0.0001148749758438601,0
0.00011485861228508268,0
0.00011484143428590399,0
0.00011482393545518873,0
0.00011561367006903104,0
0.00011783846437257954,0
0.00012205287402998365,0
0.000128743539038324,0
0.00013838142678020807,0
0.00015145708382799272,0
0.00016850423814946365,0
0.00019010036137505042,0
0.00021685060995839945,0
6.766125693978092e-05,0
6.98010455367698e-05,0
7.287435935666294e-05,0
7.666700596794779e-05,0
8.080197200546975e-05,0
8.487272184323573e-05,0
8.850359451996172e-05,0
9.1385274125447e-05,0
9.331542342795959e-05,0
9.42236720205739e-05,0
9.418513413954982e-05,0
9.414558981017406e-05,0
9.410607095886344e-05,0
9.406579768433558e-05,0
9.402457116402568e-05,0
9.398260667167325e-05,0
9.394108004846764e-05,0
9.389917236314278e-05,0
9.385545582225441e-05,0
9.381158729334295e-05,0
9.376785929402039e-05,0
9.372333834931699e-05,0
9.367782307194868e-05,0
9.363249278538592e-05,0
9.358573904053587e-05,0
9.353903721599483e-05,0
9.349162815348095e-05,0
9.344333136904908e-05,0
9.339514136452483e-05,0
9.334609143625006e-05,0
9.329675071757634e-05,0
9.324654578988624e-05,0
9.319598005685398e-05,0
9.314499084387513e-05,0
9.309265046565218e-05,0
9.304005391344632e-05,0
9.298779753859534e-05,0
9.293428045960705e-05,0
9.288072287308057e-05,0
9.282617150038888e-05,0
9.277088887301094e-05,0
9.271485697740124e-05,0
9.265901541048357e-05,0
9.260280688415806e-05,0
9.254505448594112e-05,0
9.248769990097409e-05,0
9.242946547746841e-05,0
9.237034369284052e-05,0
9.231059314490442e-05,0
9.225004279395328e-05,0
9.219038925830384e-05,0
9.212873240426707e-05,0
9.206701200220862e-05,0
9.200442499348621e-05,0
9.194219772767199e-05,0
9.187864657322996e-05,0
9.181431312592986e-05,0
9.174962289920859e-05,0
9.168451850320981e-05,0
9.161834621485819e-05,0
9.155273838455354e-05,0
9.148544314198267e-05,0
9.141858741806601e-05,0
9.134995323810078e-05,0
9.128131833318334e-05,0
9.12120462919698e-05,0
9.114238595641252e-05,0
9.1072422905265e-05,0
9.100160131625722e-05,0
9.092971560763873e-05,0
9.085792385059896e-05,0
9.078618156341272e-05,0
9.07120458922502e-05,0
9.06392264501697e-05,0
9.056414954878196e-05,0
9.048931286740511e-05,0
9.041366025348232e-05,0
9.033741111324639e-05,0
9.026074096608805e-05,0
9.018350985076115e-05,0
9.01062686744023e-05,0
9.002712130267049e-05,0
8.994770923900963e-05,0
8.986849263396884e-05,0
8.978827770820283e-05,0
8.970745540607494e-05,0
8.962635523475678e-05,0
8.954474865344945e-05,0
8.946216578213222e-05,0
8.937896338388007e-05,0
8.929518101493777e-05,0
8.92105551091352e-05,0
8.912641977314562e-05,0
8.904048922306718e-05,0
8.895436807838367e-05,0
8.88679136408061e-05,0
8.878066993650491e-05,0
8.86932273382837e-05,0
8.860428933631281e-05,0
8.851579079531588e-05,0
8.842599344576093e-05,0
8.833618404140766e-05,0
8.824507310958878e-05,0
8.815361725212273e-05,0
8.806164952070821e-05,0
8.796869597384745e-05,0
8.787586399043378e-05,0
8.778203763011427e-05,0
8.768762281511593e-05,0
8.759272730202995e-05,0
8.749705801327964e-05,0
8.740089544480906e-05,0
8.730414824920464e-05,0
8.720605105699409e-05,0
8.710880805862731e-05,0
8.70104619822254e-05,0
8.691119621942478e-05,0
8.681137706835761e-05,0
8.671090376393769e-05,0
8.661038895702039e-05,0
8.650801605299435e-05,0
8.640653502365594e-05,0
8.63038343959573e-05,0
8.62001384527203e-05,0
8.609652986529012e-05,0
8.599191414745702e-05,0
8.588689609462122e-05,0
8.578162650345836e-05,0
8.567481330960255e-05,0
8.55678616043196e-05,0
8.546064657291715e-05,0
8.535260748879303e-05,0
8.524406530564453e-05,0
8.513494295546567e-05,0
8.502482518675509e-05,0
8.491456964786067e-05,0
8.480332926080293e-05,0
8.469132262683006e-05,0
8.458011596148315e-05,0
8.446721527963424e-05,0
8.435373186119792e-05,0
8.423943248417791e-05,0
8.412438717334788e-05,0
8.40095912321353e-05,0
8.389385691090377e-05,0
8.377739700335157e-05,0
8.366057418532499e-05,0
8.35428519904426e-05,0
8.342492674982839e-05,0
8.33061965550319e-05,0
8.318712562422295e-05,0
8.3067310625224e-05,0
8.294648626798694e-05,0
8.282511825468939e-05,0
8.270341698237954e-05,0
8.258114005616864e-05,0
8.245838288286124e-05,0
8.233464345723024e-05,0
8.22107798863033e-05,0
8.208646606585527e-05,0
8.196119741653242e-05,0
8.183507999696067e-05,0
8.17086039449542e-05,0
8.158182245686833e-05,0
8.14540269604596e-05,0
8.132627430824912e-05,0
8.119754684943743e-05,0
8.10685801822483e-05,0
8.093835368079082e-05,0
8.080846313024748e-05,0
8.067790032024503e-05,0
8.054653841646468e-05,0
8.041401654134581e-05,0
8.028097217109365e-05,0
8.014820854484145e-05,0
8.001436057678723e-05,0
7.987998188174559e-05,0
7.974490615624638e-05,0
7.960950890629166e-05,0
7.947352522197862e-05,0
7.933630852144347e-05,0
7.91994703971001e-05,0
7.906207869100495e-05,0
7.89235681960511e-05,0
7.878473310955507e-05,0
7.864494894072602e-05,0
7.85054230086323e-05,0
7.836485900975138e-05,0
7.822363744959777e-05,0
7.808228171572516e-05,0
7.794002539893071e-05,0
7.779734427509536e-05,0
7.765428605683435e-05,0
7.751003731416151e-05,0
7.736614963855871e-05,0
7.722057071483181e-05,0
7.707597307599827e-05,0
7.692953972260459e-05,0
7.678295136624254e-05,0
7.663626622511064e-05,0
7.648886528093897e-05,0
7.634066525829849e-05,0
7.619217059468552e-05,0
7.604310913146612e-05,0
7.589338470155672e-05,0
7.574310852885246e-05,0
7.559242600999728e-05,0
7.544110782622977e-05,0
7.528926878841938e-05,0
7.513742686037477e-05,0
7.498480028643507e-05,0
7.483169953572686e-05,0
7.467811798870138e-05,0
7.452359795928288e-05,0
7.436889125994973e-05,0
7.421386026664851e-05,0
7.40581862229024e-05,0
7.390190096367156e-05,0
7.374517615502551e-05,0
7.358830936746184e-05,0
7.343064901694582e-05,0
7.327210759815204e-05,0
7.311285694321658e-05,0
7.29541468192922e-05,0
7.279470795739649e-05,0
7.26346074903731e-05,0
7.247427938138215e-05,0
7.231290586926025e-05,0
7.215130757555779e-05,0
7.198975841532007e-05,0
7.182727107777313e-05,0
7.166460222179714e-05,0
7.150164369162587e-05,0
7.133795353551351e-05,0
7.117390795632008e-05,0
7.100927387250208e-05,0
7.084411211676761e-05,0
7.067870742398352e-05,0
7.051307668061651e-05,0
7.034661645171943e-05,0
7.01798040493981e-05,0
7.00123983342002e-05,0
6.984460115931062e-05,0
6.967655218736338e-05,0
6.950830434099869e-05,0
6.933949863360631e-05,0
6.917035216094384e-05,0
6.90008933831232e-05,0
6.883046010978373e-05,0
6.866033107463541e-05,0
6.848927736282252e-05,0
6.831870926425283e-05,0
6.81465253588194e-05,0
6.797414287550607e-05,0
6.780241802322323e-05,0
6.762987764584028e-05,0
6.745652406834654e-05,0
6.728332709746398e-05,0
6.71093689094879e-05,0
6.693526284444721e-05,0
6.67607070958905e-05,0
6.658568549467501e-05,0
6.641026996664519e-05,0
6.623465353816563e-05,0
6.605901133263417e-05,0
6.588286240607693e-05,0
6.570597970734063e-05,0
6.552910941616453e-05,0
6.535225782890827e-05,0
6.517482521381788e-05,0
6.4996771475799e-05,0
6.481867336420527e-05,0
6.464035363013722e-05,0
6.446147726135238e-05,0
6.428252674113585e-05,0
6.410293275564748e-05,0
6.392360574503037e-05,0
6.438475860277895e-05,0
6.64133520234285e-05,0
7.114715723209345e-05,0
8.043475311957007e-05,0
9.821193106863403e-05,0
0.00013333697763941656,0
0.0002047407311817465,0
0.0003500850960822917,0
0.0006393459600767862,0
0.00022921833485290831,0
0.0004645793623156446,0
0.001048195816449133,0
0.0017180749572273779,1
0.002270479095555103,1
0.002576798747442104,1
0.0025910856831529486,1
0.002344278181165426,1
0.0019234437344284362,1
0.0014394672994497316,0
0.0009927793557571775,0
0.0006402087762920227,0
0.00041488428645286416,0
0.00032803028187267173,0
0.000374521933013956,0
0.0005390805438374949,0
0.0008013218079387768,0
0.0011389536598093459,0
0.0015292979602701115,1
0.00194958602876102,1
0.0023765518835549763,1
0.0027858476470637556,1
0.0031516545559898933,1
0.0034468179206148873,1
0.0036438974143330424,1
0.0037174785368696422,1
0.0036482358566959252,1
0.0034288612691638818,1
0.0030708922436878845,1
0.0026094863483912857,1
0.002101077770461219,1
0.0016102571906186005,1
0.001189399719444391,0
0.0008629957407465137,0
0.0006270137910541934,0
0.0004609366438813635,0
0.00034154244008712214,0
0.00025092470694480524,0
0.00017844213319828596,0
0.00011945128550838799,0
7.324989027989136e-05,0
4.134352488162273e-05,0
2.6292808748497908e-05,0
3.105067431658253e-05,0
5.8625495512835166e-05,0
0.00011193278603581663,0
0.00019373633765501396,0
0.0003066275385027876,0
0.00045302661103691484,0
0.0006351592678917915,0
0.0008550486287675891,0
0.0011144897288854008,0
0.0014150199635555524,0
0.0017578978501147735,1
0.002144067027276825,1
0.0025732359190633277,1
0.003059732487957403,1
0.003637459732283958,1
0.004361038583858689,1
0.005306078281446671,1
0.006568120524630238,1
0.008259007021395322,1
0.010499459558034269,1
0.013407910455844968,1
0.0050136799264657575,1
0.006140646478988716,1
0.007440940064082945,1
0.008761493431046763,1
0.010005692266066851,1
0.011139812320805643,1
0.012176204829465744,1
0.013155052442822049,1
0.013987303325081026,1
0.014396144268535532,1
0.014045843519313456,1
0.012592376381041765,1
0.010148433977158977,1
0.007432042064132972,1
0.005987506717098489,1
0.008431422673577984,1
0.01872024052785452,1
0.12804953716664488,1
0.08202928939623914,1
0.05124848351751802,1
0.032283016528681666,1
0.020841271806269795,1
0.013909535288085563,1
0.009666903943842902,1
0.0070593830487642424,1
0.00546863044956963,1
0.004513399317544318,1
0.003942153019420815,1
0.00343625004930094,1
0.0029909939523646164,1
0.0026008038489684655,1
0.0022594714802713135,1
0.001960451891117388,1
0.0016972196097196524,1
0.001463565573899109,0
0.0012539212344352738,0
0.0010636557639374276,0
0.0008893906393274511,0
0.0007292442979339751,0
0.0005831101740340099,0
0.0004529002484621751,0
0.0003443647384056973,0
0.00026972004310167223,0
0.00025291068246971514,0
0.0003377000328720608,0
0.0005973865402490864,0
0.001145223764757098,0
0.002144649362904155,1
0.003818356146493368,1
0.006453635030550219,1
0.00440492126344768,1
0.0030475095036795585,1
0.002162263465346629,1
0.001591918998009566,1
0.0012284531879121574,0
0.000999339961677227,0
0.0008563511383556779,0
0.0007671576476249928,0
0.0007096299876430929,0
0.0006685440434817627,0
0.0006342841374892939,0
0.0006065650019415712,0
0.0005850877427608214,0
0.0005695782186663077,0
0.0005597736441988501,0
0.0005554212324016624,0
0.0005562760128937841,0
0.0004220205360616223,0
0.00044625347356087316,0
0.0009604553488423239,0
0.0033783445092569445,1
0.013444857799143112,1
0.047495507861469534,1
0.14299445727918725,1
0.36934678652233344,1
0.8036554894476406,1
0.038927158328219344,1
0.0026514233616207676,1
0.0006491314151664663,0
0.00046983751640163073,0
0.0005787291030063328,0
0.000855392515775885,0
0.001162381412677985,0
0.0013130284346779565,0
0.0012786891520370966,0
0.0013536368277209069,0
0.0012703386638879355,0
0.0011918599101728574,0
0.0011179904419428904,0
0.0010485011153605112,0
0.0009831897127012216,0
0.0009218125464762876,0
0.0008641906979385268,0
0.0008101253521643554,0
0.0007594306282635849,0
0.000711922766457623,0
0.000667419927518994,0
0.0006257645028482434,0
0.0005867998644731176,0
0.0005503591561570649,0
0.0005163028789340519,0
0.0004844926211675805,0
0.00045478652567066037,0
0.0004270564835867307,0
0.0004011895120730881,0
0.00037706855073515186,0
0.0003545729184197717,0
0.00033360229284568147,0
0.0003140610698569003,0
0.0002958420999578392,0
0.00027887814363808296,0
0.00026306815160138946,0
0.00024833727984060653,0
0.00023460954595203682,0
0.0002218153183215698,0
0.00020988883710041086,0
0.00019877130339078625,0
0.00018839602851497222,0
0.00017871664663104403,0
0.00016967687114278357,0
0.0001612340365672337,0
0.00015333932431928397,0
0.00014595169876287456,0
0.00013903621390262734,0
0.00013255725077358964,0
0.00012647812752479378,0
0.00012076892313004034,0
0.00011540581771425346,0
0.00011035737945345087,0
0.0001056007341195315,0
0.00010111838999335573,0
9.688546372169276e-05,0
9.288329161980114e-05,0
8.90979036533382e-05,0
8.551022840186541e-05,0
8.210811820697808e-05,0
7.887737888747185e-05,0
7.58066531604373e-05,0
7.288372759306071e-05,0
7.010101702140769e-05,0
6.744788709141262e-05,0
6.491549906040391e-05,0
6.2497713612731e-05,0
6.018586357391835e-05,0
5.797686785343894e-05,0
5.5862405795284604e-05,0
5.383706577625917e-05,0
5.1897305143491124e-05,0
5.0038331926298246e-05,0
4.825599072965822e-05,0
4.65471626724491e-05,0
4.490831868467167e-05,0
4.333592607913859e-05,0
4.182758309312787e-05,0
4.038094311738182e-05,0
3.899262846284202e-05,0
3.766066227729897e-05,0
3.638282716113698e-05,0
3.515702179050783e-05,0
3.39814755941993e-05,0
3.2854949350586405e-05,0
3.177419122987379e-05,0
3.073897361272452e-05,0
2.9746754553931557e-05,0
2.879656319432035e-05,0
2.788629828305281e-05,0
2.7014888865808112e-05,0
2.6180853306843926e-05,0
2.538245520427955e-05,0
2.4619185891941586e-05,0
2.3888447859591127e-05,0
2.319070656241232e-05,0
2.2522694874794947e-05,0
2.1884107769421245e-05,0
2.1274044554127074e-05,0
2.069154975501049e-05,0
2.0134528681836913e-05,0
1.9603623623768303e-05,0
1.909593481180857e-05,0
1.8611575151138702e-05,0
1.814926761089749e-05,0
1.7708137740885413e-05,0
1.7287142327842768e-05,0
1.6885797885588286e-05,0
1.65030859966678e-05,0
1.6138723405792402e-05,0
1.579121010907238e-05,0
1.5460607544720805e-05,0
1.514620797975676e-05,0
1.4847580250683236e-05,0
1.4564186835788604e-05,0
1.4295715517161686e-05,0
1.4040919766766784e-05,0
1.3800660249606612e-05,0
1.357439135489569e-05,0
1.3361433450329975e-05,0
1.3162506233360326e-05,0
1.2976760051586305e-05,0
1.2804447629166945e-05,0
1.2645274753659696e-05,0
1.2499744122137882e-05,0
1.2368268589515179e-05,0
1.224991009038623e-05,0
1.2145607280670818e-05,0
1.2055805818552412e-05,0
1.1980195190323291e-05,0
1.1919966042257784e-05,0
1.1874419538802904e-05,0
1.1844761479503715e-05,0
1.1831243799055285e-05,0
1.1834221114598665e-05,0
1.185478392816474e-05,0
1.189251198636706e-05,0
1.2052686544982466e-05,0
1.2434886999172355e-05,0
1.3168602426983142e-05,0
1.4435726759044167e-05,0
1.6473925902262657e-05,0
1.9568228023775707e-05,0
2.4036460202618118e-05,0
3.0205297340881778e-05,0
3.8374489308435663e-05,0
0.00010790056865266512,0
9.299373789042935e-05,0
8.015192651170424e-05,0
6.930025418659838e-05,0
6.035265437036159e-05,0
5.3213731428116025e-05,0
4.775548251960515e-05,0
4.3830712237183306e-05,0
4.1278730085411276e-05,0
3.9940908112496314e-05,0
3.966763498230215e-05,0
3.942041720578343e-05,0
3.9201165702704616e-05,0
3.9009402023581924e-05,0
3.8847153786443116e-05,0
3.8715412674441024e-05,0
3.8614130977267796e-05,0
3.854500154864329e-05,0
3.8508782933200244e-05,0
3.850575561346452e-05,0
3.853733239480782e-05,0
3.86037237665788e-05,0
3.8705732599469136e-05,0
3.884304931524416e-05,0
3.9017167511311506e-05,0
3.922848849246458e-05,0
3.947690584339073e-05,0
3.97622132653381e-05,0
4.008544628271728e-05,0
4.044601809219015e-05,0
4.08458029538459e-05,0
4.128246969072027e-05,0
4.175730361773171e-05,0
4.2269117281944794e-05,0
4.281868819875852e-05,0
4.3405396705876884e-05,0
4.402932670712989e-05,0
4.468993229467827e-05,0
4.5386494521343216e-05,0
4.611797642972645e-05,0
4.688631086645434e-05,0
4.768659690664094e-05,0
4.8521761458142415e-05,0
4.939106662178315e-05,0
5.0290744917921104e-05,0
5.122334223498292e-05,0
5.218646642509161e-05,0
5.317792731659962e-05,0
5.419921453977395e-05,0
5.5248861820551586e-05,0
5.632474386649565e-05,0
5.742629674453469e-05,0
5.85540862685207e-05,0
5.9702872067816206e-05,0
6.0876263801646554e-05,0
6.206933367577855e-05,0
6.328365254629213e-05,0
6.451667638877382e-05,0
6.576779179109632e-05,0
6.703553278515445e-05,0
6.831859312003474e-05,0
6.961596730967457e-05,0
7.092750105178564e-05,0
7.2248992344526e-05,0
7.358264112723849e-05,0
7.492514118628363e-05,0
7.62773936838897e-05,0
7.763596893485993e-05,0
7.900078921725566e-05,0
8.03708250470616e-05,0
8.174610211291352e-05,0
8.312423511835237e-05,0
8.450364519217166e-05,0
8.588447462347241e-05,0
8.726614841918951e-05,0
8.864758981078269e-05,0
9.002768334832606e-05,0
9.140566262787624e-05,0
9.278044127192588e-05,0
9.415277134769759e-05,0
9.552111918250635e-05,0
9.688382799872387e-05,0
9.824204905155912e-05,0
9.959402992918798e-05,0
0.0001009414628202941,0
0.00010228152230636196,0
0.00010361568857792253,0
0.00010494375300923121,0
0.00010626456477280621,0
0.00010757796375064701,0
0.00010888451671496267,0
0.00011018463437637824,0
0.00011147623438735256,0
0.00011276390664379517,0
0.0001140431786981819,0
0.00011531614223894867,0
0.00011658313162376636,0
0.0001178446479836639,0
0.00011910119408780961,0
0.00012035301097037682,0
0.00012159988570544209,0
0.0001228416337358513,0
0.0001240812530876689,0
0.0001253177190356754,0
0.0001265524058047254,0
0.00012778434371335613,0
0.00012901478188609948,0
0.00013024460441486292,0
0.00013147350863764533,0
0.0001327028905415465,0
0.0001339354586219542,0
0.0001351665960615937,0
0.00013640032292579725,0
0.0001376356491654346,0
0.00013887519694481443,0
0.0001401162209592888,0
0.00014135939665188395,0
0.0001426076503393261,0
0.00014385810161750555,0
0.0001451122850778578,0
0.0001463688701597131,0
0.00014762877383065194,0
0.00014889119084279278,0
0.0001501560920622307,0
0.0001514219407468937,0
0.0001526866960860002,0
0.00015395418075362936,0
0.00015521867105748846,0
0.0001564815854642395,0
0.0001577398801851863,0
0.00015899288098415387,0
0.00016023993809110494,0
0.00016147707006547045,0
0.00016270522231654044,0
0.00016391949273751073,0
0.00016512017728593617,0
0.00016630381937297195,0
0.0001674685233159553,0
0.00016861171999316734,0
0.00016973129198739293,0
0.00017082604443207432,0
0.00017188971919214957,0
0.00017292478492462307,0
0.00017392549812800536,0
0.00017489289509384933,0
0.00017582402270536278,0
0.00017671643499412684,0
0.00017756934037905963,0
0.0001783830610035602,0
0.00017915749977010352,0
0.0001798918754918669,0
0.00018058817175621816,0
0.00018124746874239174,0
0.00018187196245590348,0
0.000182466796152458,0
0.00018303358108800379,0
0.00018357996937753672,0
0.0001841137122660113,0
0.0001846368702165338,0
0.0001851646330392926,0
0.0001857034516474901,0
0.0001862664696442799,0
0.00018686469756067382,0
0.00018751250909373722,0
0.00018854620851717013,0
0.00019070774194167585,0
0.00019528171290236697,0
0.00020430196212988577,0
0.00022089252830074642,0
0.0002496992739879052,0
0.00029732551332606094,0
0.0003727075023199455,0
0.0004873812187533579,0
0.00038950286472464964,0
0.0003222976785788511,0
0.00027683443497646614,0
0.00024667293881108825,0
0.0002272745075409693,0
0.00021543724990879032,0
0.00020883840870063663,0
0.0002057191661840145,0
0.00020468335550770413,0
0.00020458424444974653,0
0.00020448313411958232,0
0.0002043833884219822,0
0.00020428352094731194,0
0.00020418183347928394,0
0.00020407939670583224,0
0.00020397833589552123,0
0.00020387583385335668,0
0.00020377204027882722,0
0.00020366913825078776,0
0.00020356543663226076,0
0.00020346282572822309,0
0.0002033583994737485,0
0.00020325314406122194,0
0.00020314750998343852,0
0.00020304149027993262,0
0.00020293608266936324,0
0.0002028290415519576,0
0.00020272065024094167,0
0.00020261488400018612,0
0.00020250680876223747,0
0.00020239819657671263,0
0.0002022887319839765,0
0.0002021795034630574,0
0.0002020693326644593,0
0.0002019599087289823,0
0.00020184954116885166,0
0.00020173901490587462,0
0.00020162582432772187,0
0.00020151440393956539,0
0.00020140223205291564,0
0.0002012880036480748,0
0.00020117551494088664,0
0.00020106156159267782,0
0.000200946093831029,0
0.0002008313865417122,0
0.00020071628468237339,0
0.0002006005729755944,0
0.0002004832520622118,0
0.0002003661450299673,0
0.00020024991988753615,0
0.00020013162538235038,0
0.00020001309332133942,0
0.0001998943687983514,0
0.00019977508660423392,0
0.00019965584629306042,0
0.00019953475125732717,0
0.00019941375237362137,0
0.00019929316225120297,0
0.0001991713859127022,0
0.00019904796511005445,0
0.0001989257961938079,0
0.00019880062097556755,0
0.00019867869384685336,0
0.00019855392322749456,0
0.0001984290438049039,0
0.00019830340693998568,0
0.0001981771241506238,0
0.00019805029632194893,0
0.00019792310006134335,0
0.00019779563265355984,0
0.0001976682902658138,0
0.0001975398817104976,0
0.00019741006796984134,0
0.00019728120311137627,0
0.00019715186823147314,0
0.00019702061950757039,0
0.000196889387378984,0
0.00019675803114037183,0
0.00019662534933999584,0
0.00019649305391501205,0
0.00019635848389882972,0
0.000196224807769845,0
0.00019609065466241597,0
0.00019595547552048783,0
0.000195820656217625,0
0.00019568451034063803,0
0.0001955479294255433,0
0.00019541171965258052,0
0.0001952732293579826,0
0.00019513491636341385,0
0.00019499577051073125,0
0.00019485718801932702,0
0.00019471630215218963,0
0.00019457715241477376,0
0.00019443597788204746,0
0.00019429402236156718,0
0.0001941527570427691,0
0.00019401023611758804,0
0.0001938669703474264,0
0.00019372382455466467,0
0.00019357986895604943,0
0.00019343494222274712,0
0.00019329052261036076,0
0.00019314484541151558,0
0.0001929987093635747,0
0.00019285142667067564,0
0.0001927053236264186,0
0.0001925563291285483,0
0.0001924098712523722,0
0.00019225973652272317,0
0.0001921112154966701,0
0.00019196085665215126,0
0.00019181068891118127,0
0.0001916595712647942,0
0.00019150834499605065,0
0.00019135685468746406,0
0.00019120382860960295,0
0.00019105090498634835,0
0.00019089708969458006,0
0.00019074289176763148,0
0.00019058813637277635,0
0.0001904335968626978,0
0.00019027735114715886,0
0.0001901203498906613,0
0.0001899653498387846,0
0.0001898083417340169,0
0.00018965031022645442,0
0.00018949203040260037,0
0.0001893329975274341,0
0.00018917443024397374,0
0.00018901498933372607,0
0.00018885405352223855,0
0.0001886936035816135,0
0.00018853180413208853,0
0.00018837055812928575,0
0.00018820815011424952,0
0.00018804511867505814,0
0.00018788217976602452,0
0.0001877183459469627,0
0.00018755467693846897,0
0.00018738933671240315,0
0.0001872237662426177,0
0.00018705897539236276,0
0.0001868921316134322,0
0.00018672553717618133,0
0.00018655881405943688,0
0.0001863903826767341,0
0.0001862218491544774,0
0.0001860535618046198,0
0.0001858849111973387,0
0.0001857139836897734,0
0.0001855445260518908,0
0.00018537460604257537,0
0.00018520368775119787,0
0.0001850315789508354,0
0.00018486002729885435,0
0.00018468685111705388,0
0.00018451363436387802,0
0.0001843403322060378,0
0.00018416600332369658,0
0.00018399289061926137,0
0.0001838178729493445,0
0.0001836414542296473,0
0.00018346650094403275,0
0.00018329039183704424,0
0.00018311360982667987,0
0.0001829373984849382,0
0.0001827596525817621,0
0.00018258061454781333,0
0.00018240281556609387,0
0.00018222386684534685,0
0.00018204503906253948,0
0.0001818657644747796,0
0.00018168480162238568,0
0.00018150368132162841,0
0.00018132291979058523,0
0.00018114216158035548,0
0.00018096043994178537,0
0.0001807779448504152,0
0.00018059503950189685,0
0.0001804118429941257,0
0.00018023000669256892,0
0.0001800443963765266,0
0.000179860051275277,0
0.0001796747081618952,0
0.00017948944369240502,0
0.00017930410986046255,0
0.0001791180805905939,0
0.00017893152982179834,0
0.0001787457708688539,0
0.00017855790155478675,0
0.00017837089143325245,0
0.00017818354698639956,0
0.00017799417897052273,0
0.00017780639039934975,0
0.00017761626654845165,0
0.00017742749486423354,0
0.00017723684862280546,0
0.00017704809841494768,0
0.0001768565794765987,0
0.00017666535779733845,0
0.00017647483314355627,0
0.000176283680863074,0
0.00017609035343602695,0
0.00017589778432753318,0
0.0001757059739438588,0
0.00017551201939883853,0
0.00017531974311556535,0
0.0001751252837624587,0
0.00017493133241221412,0
0.000174736784462082,0
0.00017454188878582256,0
0.0001743458525857184,0
0.00017415116828498238,0
0.00017395447657128147,0
0.0001737588919511808,0
0.0001735625241893019,0
0.0001733661371172491,0
0.00017316923073026566,0
0.00017297173321041375,0
0.00017277369083581895,0
0.00018811156513994618,0
0.00022920528479354827,0
0.0003098077408093974,0
0.0004514284562504909,0
0.0006857544135055607,0
0.0010551009015261964,0
0.001610371559410845,1
0.002406248285631522,1
0.0034942135284439196,1
0.003920183691957709,1
0.0026784762029407427,1
0.001737691490022785,1
0.0010826664244526468,0
0.0006625121693750062,0
0.0004158611527718921,0
0.00028442714664605426,0
0.00022083645877362182,0
0.0001922990760181044,0
0.0001807958022229858,0
0.00018056693492751828,0
0.00018034052463767897,0
0.00018011262351889948,0
0.00017988622696669967,0
0.00017966044671837933,0
0.00017943631129986368,0
0.00017921265754285607,0
0.00017898890837053267,0
0.0001787663574842568,0
0.00017854500639915357,0
0.00017832438555991946,0
0.00017810472314272734,0
0.0001778849637945674,0
0.00017766657438650496,0
0.00017744941661746802,0
0.00017723183401077656,0
0.0001770151422104419,0
0.0001768000799685788,0
0.00017658479402454775,0
0.00017637004570736443,0
0.0001761572475907601,0
0.0001759431882150458,0
0.00017573065969246342,0
0.0001755192769637019,0
0.00017530798854622703,0
0.00017509775573202715,0
0.00017488819626199333,0
0.00017467927976403232,0
0.0001744712639140509,0
0.0001742637491750609,0
0.00017405551080531469,0
0.00017384978265288752,0
0.00017364329355632976,0
0.0001734382660707334,0
0.00017323368290724287,0
0.0001730288445229697,0
0.00017282626602552426,0
0.00017262329530561967,0
0.00017242011383111172,0
0.00017221788495498438,0
0.00017201777159281544,0
0.00017181620215571045,0
0.00017161566563198623,0
0.00017141682764866336,0
0.00017121819802631358,0
0.00017101807648383963,0
0.0001622803943890001,0
0.00014415603380147938,0
0.00012273010853883508,0
0.0001124675674691499,0
0.00013778171674502202,0
0.00023399059695905112,0
0.00044685258387131926,0
0.0008298770353063422,0
0.0014391607690706569,0
0.0034482698545030468,1
0.00235377285792897,1
0.001522098104894588,1
0.0009372887120745697,0
0.0005582810893084622,0
0.0003357925113916961,0
0.00022171312419493638,0
0.00017450750254373155,0
0.0001619720832741111,0
0.00016196600923701083,0
0.00016175571270030963,0
0.00016154530392994995,0
0.00016133543441826622,0
0.00016112477596771097,0
0.0001609156736139585,0
0.0001607046505397561,0
0.0001604947809145542,0
0.00016028432799408058,0
0.0001600743442503565,0
0.00015986360893291526,0
0.00015965354670824933,0
0.00015944316340223388,0
0.00015923246771304484,0
0.00015902210350516514,0
0.00015881159878904382,0
0.00015860090826563176,0
0.00015839043736012062,0
0.00015817924425335595,0
0.00015796939508778981,0
0.0001577583390243611,0
0.0001575477751762585,0
0.00015733751025739408,0
0.0001571267262361247,0
0.00015691578864593356,0
0.00015670417432348208,0
0.0001564936676288536,0
0.0001562832955628044,0
0.0001560722133048285,0
0.00015586216985978213,0
0.0001556501146428805,0
0.00015544044797443152,0
0.0001552300268979876,0
0.00015501964671077779,0
0.00015480895454732311,0
0.00015459862706912954,0
0.00015438718393613745,0
0.0001541764174527166,0
0.0001539665381962856,0
0.00015375628195168074,0
0.00015354465381827714,0
0.0001533349056286618,0
0.00015312420649833471,0
0.00015291504222682585,0
0.00015270404386787356,0
0.0001524943188668013,0
0.0001522840445987255,0
0.00015207380792010266,0
0.00015186311076439746,0
0.00015165358781009885,0
0.0001514439583055521,0
0.0001512343746279027,0
0.0001510235702321764,0
0.00015081470220321767,0
0.0001506052885118769,0
0.00015039584655470204,0
0.00015018651407577768,0
0.00014997693976566252,0
0.00014976836945596226,0
0.00014955860300171667,0
0.00014934949504742746,0
0.00014914115460316313,0
0.00014893118921143175,0
0.0001487236592901788,0
0.00014851477240390959,0
0.00014830652146653877,0
0.00014809849360461277,0
0.0001478902877855564,0
0.0001476817201308382,0
0.0001474735700820642,0
0.00014726592032128372,0
0.00014705869912901354,0
0.00014685056277323404,0
0.00014664319277280947,0
0.00014643607285755086,0
0.0001462287645089828,0
0.00014602174580350723,0
0.00014581481212560087,0
0.0001456079029837212,0
0.00014540208866061833,0
0.00014519500642163168,0
0.00014498855071096205,0
0.00014478280170202522,0
0.0001445761853473118,0
0.00014437059124893276,0
0.00014416601953391712,0
0.00014395951464304935,0
0.0001437543821440271,0
0.00014354905941143877,0
0.00014334481215604476,0
0.00014313967364701125,0
0.00014293553214025012,0
0.00014272989830268107,0
0.00014252541339013656,0
0.00014232151484434567,0
0.000142117458565562,0
0.0001419143032277708,0
0.00014171048112007214,0
0.00014150702218336755,0
0.0001413036677035663,0
0.0001411007336162633,0
0.00014089857315237008,0
0.0001406960353093284,0
0.00014049403013907896,0
0.00014029112177573833,0
0.00014008960874692798,0
0.00013988883145397778,0
0.00013968683649697223,0
0.0001394860730968092,0
0.00013928403726576295,0
0.00013908358222588783,0
0.00013888226540580083,0
0.0001386823851466308,0
0.0001384818263245116,0
0.0001382816558812259,0
0.00013808327900414032,0
0.00013788393772814025,0
0.00013768407059655544,0
0.0001374852972040668,0
0.00013728566399642646,0
0.00013708815364045607,0
0.00013688933896787583,0
0.00013669105542491876,0
0.00013649410900505872,0
0.0001362968882527562,0
0.00013609880895393248,0
0.0001359025214955997,0
0.00013570521146785545,0
0.00013550872562996313,0
0.00013531277718965005,0
0.00013511717477755755,0
0.0001349208509916403,0
0.00013472673594743198,0
0.0001345310108896848,0
0.00013433620347037055,0
0.0001341397601956931,0
0.00013394763780950135,0
0.0001337525109309616,0
0.00013355875761238235,0
0.00013336514003109027,0
0.00013317234017644046,0
0.0001329788290402934,0
0.0001327860973133394,0
0.0001325935048641236,0
0.0001324021548149149,0
0.0001322098566637431,0
0.00013201929975830827,0
0.00013182729230818978,0
0.00013163631704156607,0
0.0001314465608554046,0
0.0001312556018109384,0
0.0001310661333995765,0
0.00013087536026781734,0
0.00013068641898347644,0
0.00013049769366646076,0
0.00013030867655936182,0
0.00013011942442123225,0
0.00012993212239203913,0
0.0001297439404807978,0
0.00012955587036503487,0
0.00012936903569764943,0
0.00012918225956371726,0
0.00012899478404204527,0
0.00012880847454307847,0
0.00012862285666162757,0
0.00012843730546757196,0
0.00012825194085324407,0
0.0001280670975005298,0
0.00012788176991158324,0
0.00012769828138441507,0
0.00012751345192538925,0
0.00012732976060059905,0
0.00012714661901950194,0
0.00012696283392590492,0
0.00012677992168755615,0
0.0001265976615630317,0
0.00012641638603037028,0
0.0001262338225809449,0
0.00012605232991103112,0
0.00012587165341418794,0
0.0001256903664719953,0
0.0001255107567416853,0
0.00012533075715361934,0
0.00012515030991948329,0
0.00012497072152862715,0
0.0001247920977948814,0
0.00012461347107164858,0
0.00012443515075864173,0
0.0001242577687754676,0
0.00012407966012695915,0
0.00012390267544581308,0
0.0001237256837877962,0
0.00012354865195442623,0
0.00012337269525285947,0
0.00012319582225593762,0
0.0001230212880686605,0
0.00012284549108685045,0
0.00012267080444593257,0
0.00012249643008895698,0
0.00012232275901793025,0
0.00012214870716052508,0
0.00012197583783891956,0
0.00012180266487846234,0
0.00012162955263035733,0
0.00012145791557890294,0
0.00012128616050996342,0
0.00012111398686319727,0
0.00012094308355723886,0
0.00012077160890039359,0
0.00012060135655664762,0
0.00012043131943793681,0
0.00012026187600950947,0
0.00012009122410846418,0
0.00011992311512046366,0
0.00011975445689786114,0
0.0001195860064312881,0
0.00011941871818760414,0
0.00011925102048655051,0
0.00011908365485677907,0
0.00011891703214391589,0
0.00011875069864645243,0
0.00011858506487102656,0
0.00011841957736367726,0
0.00011825402423616946,0
0.00011808893519399384,0
0.00011792543745726423,0
0.0001177601686913781,0
0.00011759697287458584,0
0.00011743374345232099,0
0.00011727167498138498,0
0.00011710813047791525,0
0.0001169465252769146,0
0.00011678496035057036,0
0.00011662274769096582,0
0.00011646209014988312,0
0.00011630169702502008,0
0.00011614131690814972,0
0.00011598115180346616,0
0.00011582244166109331,0
0.00011566270862364387,0
0.00011550403394482557,0
0.0001153457753763136,0
0.00011518818642211908,0
0.00011503059583833264,0
0.00011487263457268755,0
0.00011471624280667699,0
0.00011456014418957552,0
0.0001144039515631326,0
0.00011424878256433534,0
0.0001140935947500358,0
0.00011393908579951069,0
0.00011378421609002693,0
0.00011362994932094593,0
0.0001134771460914195,0
0.00011332356335218285,0
0.00011317042844080122,0
0.00011301835955007417,0
0.00011286676345449828,0
0.00011271489769964414,0
0.00011256369227105705,0
0.00011241334377866856,0
0.00011226261329366549,0
0.00011211243926877526,0
0.00011196345841555203,0
0.00011181331440505606,0
0.0001116646878078514,0
0.00011151666603239356,0
0.00011136864968909765,0
0.0001112209660269753,0
0.00011107306515371043,0
0.00011092660939214885,0
0.00011078095680313345,0
0.00011063407431233432,0
0.00011048833454003596,0
0.00011034308775915015,0
0.00011019805375985393,0
0.000110055163458775,0
0.00010991067804161521,0
0.00010976657392682725,0
0.00010962343117125136,0
0.0001094808198586279,0
0.00010933840809171992,0
0.00010919578188927448,0
0.00010905443153579784,0
0.00010891332983972365,0
9.408025319274157e-05,0
6.834616606010534e-05,0
5.6969339489814986e-05,0
0.00011013664582010649,0
0.00030181729121033196,0
0.000724716323559975,0
0.001481828237248829,1
0.0026743136189837096,1
0.0043859799960917715,1
0.0036507011668815057,1
0.0021425291832643475,1
0.001162879197594044,0
0.0005894740981026792,0
0.00028950571984844513,0
0.00015151354240267438,0
9.683840162148689e-05,0
7.838319647096149e-05,0
7.295265107580886e-05,0
7.160954600700893e-05,0
7.158456440765374e-05,0
7.155983294798253e-05,0
7.153577092748697e-05,0
7.151149871851924e-05,0
7.148770085372776e-05,0
7.146456379551546e-05,0
7.144195817924865e-05,0
7.141887405767247e-05,0
7.139632870387139e-05,0
7.137418661224127e-05,0
7.135260215269198e-05,0
7.133124849318462e-05,0
7.130974633185983e-05,0
7.128883492670201e-05,0
7.126823194508854e-05,0
7.12479895899355e-05,0
7.122783111875501e-05,0
7.120821114518651e-05,0
7.118826173059442e-05,0
7.116963703393803e-05,0
7.115106514267089e-05,0
7.113280618220049e-05,0
7.111469397381607e-05,0
7.109626115799045e-05,0
7.107925255081769e-05,0
7.106212329250619e-05,0
7.104495769293932e-05,0
7.102873376663343e-05,0
7.101199149750206e-05,0
7.099623433830803e-05,0
7.097985657712833e-05,0
7.096443817643807e-05,0
7.095004891235605e-05,0
7.093553908248877e-05,0
7.092108667984666e-05,0
7.09065763667086e-05,0
7.089308069158202e-05,0
7.087944682203044e-05,0
7.086604405523314e-05,0
7.08532702715163e-05,0
7.084073082074667e-05,0
7.082827970761736e-05,0
7.08164593293572e-05,0
7.080492093528944e-05,0
7.079312502794001e-05,0
7.078218946273442e-05,0
7.077123903658017e-05,0
7.07610304095507e-05,0
7.07504651764534e-05,0
7.07411035371862e-05,0
7.073153868369215e-05,0
7.072271045410037e-05,0
7.071384321134333e-05,0
7.070474366852173e-05,0
7.069676793415996e-05,0
7.068871953626091e-05,0
7.068042940462198e-05,0
7.067309667586643e-05,0
7.06662761587587e-05,0
7.06590762495419e-05,0
7.065281402548284e-05,0
7.064610652836362e-05,0
7.064076331910842e-05,0
7.063518523872322e-05,0
7.06295931142015e-05,0
7.062485140130936e-05,0
7.061994563078706e-05,0
7.061588527215716e-05,0
7.061184427739746e-05,0
7.06080854414826e-05,0
7.060449626892713e-05,0
7.060184597708733e-05,0
7.059882206862619e-05,0
7.05961562812426e-05,0
7.059400772258613e-05,0
7.059214150899504e-05,0
7.059029237899314e-05,0
7.058901863541072e-05,0
7.058792219808208e-05,0
7.058695209207217e-05,0
7.058686185282357e-05,0
7.058668113190595e-05,0
7.058732386189621e-05,0
7.058761245715631e-05,0
7.058868759255665e-05,0
7.058947645190923e-05,0
7.059088521030928e-05,0
7.059243765423987e-05,0
7.059446202126999e-05,0
7.059723703344158e-05,0
7.059943238697183e-05,0
7.060263832742186e-05,0
7.060569784526274e-05,0
7.060913130404086e-05,0
7.061307444955882e-05,0
7.061757724228166e-05,0
7.062188395054529e-05,0
7.062682495388767e-05,0
7.063188501054165e-05,0
7.063707442344585e-05,0
7.064316904426259e-05,0
7.064813710446779e-05,0
7.065498392919859e-05,0
7.066141142199835e-05,0
7.066878515637929e-05,0
7.067578972276663e-05,0
7.068325987790593e-05,0
7.069134920973561e-05,0
7.069885353038503e-05,0
7.070708453846428e-05,0
7.071580201974583e-05,0
7.072491405648619e-05,0
7.073412374559843e-05,0
7.074425132398185e-05,0
7.075383904660145e-05,0
7.076398737665089e-05,0
7.077421829371451e-05,0
7.078479518428275e-05,0
7.079635999450483e-05,0
7.080738111166156e-05,0
7.081934516400521e-05,0
7.083133887531328e-05,0
7.084352215891078e-05,0
7.085584399033462e-05,0
7.08688210643159e-05,0
7.088223194733495e-05,0
7.08956605645526e-05,0
7.090958618041398e-05,0
7.092367861136511e-05,0
7.093813704423809e-05,0
7.09524306944826e-05,0
7.096756389604889e-05,0
7.098253075848327e-05,0
7.099856411597046e-05,0
7.101418972819853e-05,0
7.103008128094911e-05,0
7.104708141322624e-05,0
7.106349168232044e-05,0
7.108053736506319e-05,0
7.109757135210048e-05,0
7.111565872883764e-05,0
7.113334721595596e-05,0
7.115163145484528e-05,0
7.116998878993351e-05,0
7.118904089931982e-05,0
7.120834760463834e-05,0
7.122776752074997e-05,0
7.124711497834725e-05,0
7.126693563021438e-05,0
7.128710000408823e-05,0
7.130813977922975e-05,0
7.132931581057296e-05,0
7.135046346555452e-05,0
7.137222577165237e-05,0
7.139370248746848e-05,0
7.14155883990786e-05,0
7.143797634631085e-05,0
7.146067955185818e-05,0
7.148337082459764e-05,0
7.150701965828562e-05,0
7.15302693286915e-05,0
7.15539376836135e-05,0
7.157842761173473e-05,0
7.160260454776813e-05,0
7.439838595713123e-05,0
8.350487014092838e-05,0
0.00010901131097009766,0
0.00017409504686094216,0
0.0003197926755198258,0
0.0006063755846039731,0
0.001110191697295492,0
0.0019158909727748105,1
0.003105235673943503,1
0.0046741310563835235,1
0.0031709932694715787,1
0.00206573968645102,1
0.0013043407988708854,0
0.0008074108570224149,0
0.0004987258574180314,0
0.0003158434840975447,0
0.0002127652140924704,0
0.0001588468012608591,0
0.00013607206149402365,0
0.00013612499894619229,0
0.00013617649267512574,0
0.00013622742210724713,0
0.0001362791082099463,0
0.00013633140843102642,0
0.00013638254641688233,0
0.00013643322198731933,0
0.00013648529035718108,0
0.00013653705048942197,0
0.000136587706248364,0
0.00013663993335594465,0
0.0001366914525401076,0
0.0001367426671277093,0
0.0001367943020236312,0
0.00013684556431495598,0
0.00013689714894096747,0
0.00013694850188740535,0
0.0001370002501276092,0
0.00013705125765377477,0
0.00013710249616413092,0
0.0001371541068085954,0
0.0001372059325599602,0
0.0001372568529217072,0
0.00013730798235631864,0
0.00013735932193208633,0
0.00013740964126680036,0
0.00013746134166463305,0
0.00013751234754291495,0
0.0001375638423013531,0
0.00013761523527935237,0
0.00013766590845481772,0
0.0001377172601675893,0
0.00013776847382123518,0
0.0001378193007695185,0
0.00013786999607118063,0
0.00013733557224550645,0
0.00013998429545714386,0
0.00015652717211044715,0
0.00020776187189931188,0
0.0003278074575818186,0
0.0005659667949833345,0
0.0009863938604082066,0
0.0016648855498428625,1
0.002682520383817604,1
0.0029000826854421956,1
0.0018068117012162508,1
0.0010478744345046882,0
0.0005682786201387035,0
0.0002937076501681427,0
0.00015481001605066136,0
9.687912152306961e-05,0
8.12017876974092e-05,0
8.270693682969407e-05,0
8.677581413679999e-05,0
8.68272677283853e-05,0
8.687940280901971e-05,0
8.693175512744423e-05,0
8.698392194684324e-05,0
8.703688754663342e-05,0
8.7089807525462e-05,0
8.71429034959976e-05,0
8.719627218384588e-05,0
8.725048002026516e-05,0
8.730422335124194e-05,0
8.73585175099787e-05,0
8.741290518396654e-05,0
8.746727761113724e-05,0
8.752278228049575e-05,0
8.757818823867346e-05,0
8.76331628577568e-05,0
8.768880496789456e-05,0
8.774508840443095e-05,0
8.780129363977728e-05,0
8.785730490578599e-05,0
8.791425133050792e-05,0
8.797081438231798e-05,0
8.802802499725353e-05,0
8.808564521492432e-05,0
8.81432367718202e-05,0
8.82000206413194e-05,0
8.825857165709461e-05,0
8.831669638867887e-05,0
8.837533138865876e-05,0
8.84344577418804e-05,0
8.849355015845935e-05,0
8.855331945772003e-05,0
8.861230125776209e-05,0
8.867198371498335e-05,0
8.873225959299906e-05,0
8.879219761688969e-05,0
8.885304721356628e-05,0
8.891400341155202e-05,0
8.897468044700612e-05,0
8.903596734986817e-05,0
8.909673774179452e-05,0
8.9158771098083e-05,0
8.92206099518296e-05,0
8.92827762462928e-05,0
8.934497654125257e-05,0
8.94071744984468e-05,0
8.947018396717073e-05,0
8.953277451641377e-05,0
8.959638094900093e-05,0
8.966002555838664e-05,0
8.972393634173423e-05,0
8.97876715007682e-05,0
8.985165957937323e-05,0
8.991576264082329e-05,0
8.998063836425747e-05,0
9.004576267822768e-05,0
9.011084711521182e-05,0
9.017613979895933e-05,0
9.024140014966088e-05,0
9.03072452920494e-05,0
9.037343076768094e-05,0
9.043931855116454e-05,0
9.050572069265452e-05,0
9.057301213240699e-05,0
9.063955288843798e-05,0
9.070643332485458e-05,0
9.077367998764436e-05,0
9.08418502639619e-05,0
9.090939254852673e-05,0
9.097736515709169e-05,0
9.104502565976384e-05,0
9.111354679222987e-05,0
9.11825167329572e-05,0
9.125165110199138e-05,0
9.132034177283062e-05,0
9.13902379534428e-05,0
9.145922290521284e-05,0
9.152923384262769e-05,0
9.159958247262081e-05,0
9.16700328122542e-05,0
9.173988679443973e-05,0
9.181055025069365e-05,0
9.188112917553241e-05,0
9.195195921701512e-05,0
9.202379174088016e-05,0
9.209479522550105e-05,0
9.216679741485657e-05,0
9.223842656554087e-05,0
9.231084192466654e-05,0
9.238318380608563e-05,0
9.24555627651721e-05,0
9.252847492483572e-05,0
9.260147307308971e-05,0
9.267437130770202e-05,0
9.274772181759659e-05,0
9.282123046488131e-05,0
9.28950058010966e-05,0
9.296941321147686e-05,0
9.304321152537989e-05,0
9.311803405657219e-05,0
9.319261062123894e-05,0
9.326697820772115e-05,0
9.334284712399738e-05,0
9.341769563272634e-05,0
9.349310768061362e-05,0
9.356857461803517e-05,0
9.364405663798591e-05,0
9.372055512933625e-05,0
9.379681580571296e-05,0
9.387317515301613e-05,0
9.395025403409519e-05,0
9.402686646795206e-05,0
9.410366322614393e-05,0
9.418068416988975e-05,0
9.42580687891451e-05,0
9.433577155368624e-05,0
9.441324361206053e-05,0
9.449179547648316e-05,0
9.456995767305935e-05,0
9.464835491980782e-05,0
9.472699596744717e-05,0
9.480586238926559e-05,0
9.488440108921164e-05,0
9.496385514901329e-05,0
9.504367772538191e-05,0
9.51228757289463e-05,0
9.520240629885648e-05,0
9.528239901582596e-05,0
9.536246519696618e-05,0
9.544260868750362e-05,0
9.552372165306637e-05,0
9.560423487652601e-05,0
9.568487752160012e-05,0
9.576564583801024e-05,0
9.584681774687627e-05,0
9.592858863766614e-05,0
9.601037324239238e-05,0
9.60917961366692e-05,0
9.617383771732219e-05,0
9.625584843385329e-05,0
9.633831507513362e-05,0
9.642100172296376e-05,0
9.650333064027537e-05,0
9.658640903694461e-05,0
9.666916283366602e-05,0
9.675258774543839e-05,0
9.683585162578873e-05,0
9.691924950279424e-05,0
9.700281195351749e-05,0
9.708711274940518e-05,0
9.717029661554597e-05,0
9.7255364097001e-05,0
9.733996638814821e-05,0
9.742448107830165e-05,0
9.750884384727836e-05,0
9.759382464669705e-05,0
9.767906029098902e-05,0
9.776455451739056e-05,0
9.784940775657753e-05,0
9.793508689864154e-05,0
9.802078558586589e-05,0
9.810706878017231e-05,0
9.819288208825865e-05,0
9.82794095692407e-05,0
9.836585040028167e-05,0
9.845265160251614e-05,0
9.853904187141202e-05,0
9.862602351464886e-05,0
9.871296682901896e-05,0
9.880017018609733e-05,0
9.888756908265236e-05,0
9.897543778652656e-05,0
9.906310050417863e-05,0
9.915051230277178e-05,0
9.923849595881185e-05,0
9.93266421444746e-05,0
0.00014415855351410526,0
0.00041630675202690616,0
0.0014231997182127711,0
0.004205501249698462,1
0.01062351200924432,1
0.02377258062589939,1
0.04843524418389649,1
0.09131084276450903,1
0.16124315397911565,1
0.11680640914619118,1
0.054656512703645056,1
0.020882565037841087,1
0.0060410581125307445,1
0.0010588579212741968,0
8.422144826263475e-05,0
0.0001338142318494765,0
0.00013561036347453737,0
2.7509425847470256e-05,0
2.0479480504907064e-05,0
2.0537171292082027e-05,0
2.059517110985513e-05,0
2.0652930824297077e-05,0
2.071047074561872e-05,0
2.0768142281660478e-05,0
2.0825724003997482e-05,0
2.0883775977602554e-05,0
2.0941186093982507e-05,0
2.0998640913993347e-05,0
2.1056448370368502e-05,0
2.111408136232873e-05,0
2.1172038375587996e-05,0
2.1229780935743135e-05,0
2.1286981641936753e-05,0
2.1344499337456845e-05,0
2.1402113439749767e-05,0
2.145974711574989e-05,0
2.151714363961876e-05,0
2.1574703759855303e-05,0
2.16322545746966e-05,0
2.1689728325447863e-05,0
2.1747064814891552e-05,0
2.180455418086196e-05,0
2.186216108818544e-05,0
2.19195824319802e-05,0
2.1976766870062817e-05,0
2.203410116934566e-05,0
2.2091213329263653e-05,0
2.2148401600570106e-05,0
2.2205784880053974e-05,0
2.226298240345326e-05,0
2.2320412354980714e-05,0
2.2377217981650772e-05,0
2.243418312474055e-05,0
2.249106147854152e-05,0
2.2548260830161372e-05,0
2.260548807200449e-05,0
2.2662157730328697e-05,0
2.2719574071674038e-05,0
2.2776477115956593e-05,0
2.2832912476368333e-05,0
2.2890109605423973e-05,0
2.294648381731945e-05,0
2.3003179860724404e-05,0
2.3060144971078283e-05,0
2.3116542961239256e-05,0
2.317318221711449e-05,0
2.3229917986670234e-05,0
2.328626581005987e-05,0
2.33428885228822e-05,0
2.339963909517629e-05,0
2.3455499542248968e-05,0
2.3511959493654765e-05,0
2.3568534450818893e-05,0
2.362466375113404e-05,0
2.368094460073939e-05,0
2.3736927715893806e-05,0
2.379282965789858e-05,0
2.3848709125803185e-05,0
2.3904841987202583e-05,0
2.3960764508352208e-05,0
2.4016709780530952e-05,0
2.4072523145013745e-05,0
2.412836432888726e-05,0
2.418410580556277e-05,0
2.424008086634023e-05,0
2.4295424706908727e-05,0
2.435094957414471e-05,0
2.4406087946463625e-05,0
2.4461867881155016e-05,0
2.4516887131389244e-05,0
2.4572297415994835e-05,0
2.4627569592116955e-05,0
2.4682941568324002e-05,0
2.4737846830509365e-05,0
2.479260383183721e-05,0
2.4847841578959744e-05,0
2.4902813933976983e-05,0
2.4957546195410784e-05,0
2.5012294795111506e-05,0
2.5066998485220486e-05,0
2.512147042799828e-05,0
2.5176347092708447e-05,0
2.5230620385344253e-05,0
2.5285047614945647e-05,0
2.5339399395458017e-05,0
2.5393891263408618e-05,0
2.544765880165182e-05,0
2.5501860224314993e-05,0
2.555629243987593e-05,0
2.5610396106823425e-05,0
2.5664104525791333e-05,0
2.571803933344392e-05,0
2.577173263735964e-05,0
2.5825363930264838e-05,0
2.587922026778913e-05,0
2.593293314183338e-05,0
2.6028451308595085e-05,0
2.859301294852597e-05,0
3.917040691004476e-05,0
6.977477803405575e-05,0
0.00014760389023615818,0
0.00032867699564849564,0
0.0007126777715256615,0
0.0014534430180070566,0
0.0027596270097131784,1
0.0034810669979682906,1
0.0021713479393019822,1
0.001378698386085072,0
0.0009262100766717893,0
0.0006543087311735845,0
0.0004640324449645752,0
0.00031456520420599195,0
0.00020007864430448465,0
0.0001249349805971075,0
8.900964560712996e-05,0
8.910970856235185e-05,0
8.920998850587663e-05,0
8.930985495066416e-05,0
8.941004317080862e-05,0
8.950940681781164e-05,0
8.960991720559864e-05,0
8.971017876607882e-05,0
8.980994390337603e-05,0
8.990982627111214e-05,0
9.000993688907699e-05,0
9.010991785201842e-05,0
9.020987981109945e-05,0
9.030992991130268e-05,0
9.041017741407734e-05,0
9.051042964226684e-05,0
9.060983144943232e-05,0
9.071030776439104e-05,0
9.081028909392793e-05,0
9.091047586836553e-05,0
9.101053142980573e-05,0
9.111101408842319e-05,0
9.121051722355473e-05,0
9.131083408237776e-05,0
9.141040424465891e-05,0
9.151032828441966e-05,0
9.161034286476844e-05,0
9.170985324593056e-05,0
9.180955246753014e-05,0
9.191011051284985e-05,0
9.200988784482829e-05,0
9.210961936523005e-05,0
9.220933887491954e-05,0
9.230855716501033e-05,0
9.240832360865474e-05,0
9.250812181616072e-05,0
9.260750343709127e-05,0
9.270676615253374e-05,0
9.280665099270013e-05,0
9.290563388955392e-05,0
9.300482487938911e-05,0
9.310465824565622e-05,0
9.32034399947468e-05,0
9.330335894620244e-05,0
9.340137415103509e-05,0
9.350099210697795e-05,0
9.360076662573003e-05,0
9.369901350570943e-05,0
9.37977482880691e-05,0
9.452472155052764e-05,0
9.509218036667361e-05,0
9.477553895561205e-05,0
9.663121437222256e-05,0
0.00011457213824109343,0
0.00018305739798365862,0
0.0003672797571940111,0
0.0007710902515717906,0
0.00154021481233301,1
0.0026783860270849923,1
0.00154374496416443,1
0.0008355541825012445,0
0.00043000572222237323,0
0.00021029848075679842,0
9.561959235261114e-05,0
4.00144684039406e-05,0
2.005621905804704e-05,0
2.143122871097585e-05,0
2.986059573121313e-05,0
2.9923813267252863e-05,0
2.998691253821199e-05,0
3.004993819216309e-05,0
3.0112328978902428e-05,0
3.0175088566381664e-05,0
3.023770735044726e-05,0
3.0299789642450578e-05,0
3.0361984451961806e-05,0
3.0423871784534014e-05,0
3.04856991435071e-05,0
3.054772142287984e-05,0
3.060901073533287e-05,0
3.0670558628492635e-05,0
3.0731852420626646e-05,0
3.079293047825988e-05,0
3.085415958425688e-05,0
3.091483466641261e-05,0
3.097560676815822e-05,0
3.103638205688468e-05,0
3.109683065720385e-05,0
3.1157108008611495e-05,0
3.1217251617503806e-05,0
3.1276871647402534e-05,0
3.133707156846244e-05,0
3.1396674905731374e-05,0
3.1456084665791215e-05,0
3.15156760441256e-05,0
3.157457345641272e-05,0
3.163357752657295e-05,0
3.16927541270519e-05,0
3.175179661057435e-05,0
3.1810097216485366e-05,0
3.1868801643826855e-05,0
3.1926837936812993e-05,0
3.1985003053891944e-05,0
3.20432047029138e-05,0
3.210102141280815e-05,0
3.215880747277278e-05,0
3.221596407099301e-05,0
3.227325103328115e-05,0
3.2330841233381854e-05,0
3.238778750371872e-05,0
3.2444732670763926e-05,0
3.250124686651397e-05,0
3.2558019756527986e-05,0
3.261467953311751e-05,0
3.267076675930102e-05,0
3.272676766197091e-05,0
3.278268047101332e-05,0
3.283834259502489e-05,0
3.289397004049144e-05,0
3.2949688107646796e-05,0
3.300472461431475e-05,0
3.306002084356005e-05,0
3.311473144322386e-05,0
3.3169672059220775e-05,0
3.322454309941174e-05,0
3.32786300920243e-05,0
3.333305734583786e-05,0
3.338752051860587e-05,0
3.3441051464957866e-05,0
3.34948745315861e-05,0
3.354896880694272e-05,0
3.36021098519856e-05,0
3.3655664303574133e-05,0
3.3708443812580406e-05,0
3.376193746426435e-05,0
3.381458088362177e-05,0
3.38672275621345e-05,0
3.391984039217004e-05,0
3.397225870981105e-05,0
3.402411667405626e-05,0
3.407600796560036e-05,0
3.412806797186535e-05,0
3.417964695811058e-05,0
3.423110085201926e-05,0
3.428236386249034e-05,0
3.433364927704719e-05,0
3.4384185947907145e-05,0
3.4435235514204396e-05,0
3.4486359929521024e-05,0
3.453608221166911e-05,0
3.458661095664257e-05,0
3.463698633757551e-05,0
3.468697750835419e-05,0
3.473640212082115e-05,0
3.4786049871006544e-05,0
3.483549931258147e-05,0
3.4884449841334e-05,0
3.493392202295081e-05,0
3.498286195817098e-05,0
3.503178332267374e-05,0
3.508005264138071e-05,0
3.51287069310686e-05,0
3.5176957938213463e-05,0
3.522486057608428e-05,0
3.527262054470913e-05,0
3.532074270288867e-05,0
3.536816964956553e-05,0
3.541514447680272e-05,0
3.5462511926966164e-05,0
3.550962725132635e-05,0
3.5556271145323834e-05,0
3.5603103653529185e-05,0
3.564967864419935e-05,0
3.5695598649495274e-05,0
3.5742002500348606e-05,0
3.578768724855797e-05,0
3.583377777977537e-05,0
3.587933455847063e-05,0
3.592493225757536e-05,0
3.597038319596524e-05,0
3.601511832430563e-05,0
3.6060308109629034e-05,0
3.6105251440963645e-05,0
3.6150065690220324e-05,0
3.619415768588836e-05,0
3.623883055833552e-05,0
3.628243756102155e-05,0
3.6326165646103134e-05,0
3.636977762456351e-05,0
3.641319480738281e-05,0
3.64564007216917e-05,0
3.649965564719708e-05,0
3.654309586012518e-05,0
3.658552567271957e-05,0
3.662812714187904e-05,0
3.6670685711322575e-05,0
3.671298120319518e-05,0
3.67548407459457e-05,0
3.679710653818751e-05,0
3.683869751806224e-05,0
3.6880462619047744e-05,0
3.692180973324945e-05,0
3.6962923084992087e-05,0
3.700389835925951e-05,0
3.70449418058799e-05,0
3.708566166775779e-05,0
3.712596373446619e-05,0
3.71662371810734e-05,0
3.720635571527671e-05,0
3.724666405661572e-05,0
3.728605197846779e-05,0
3.732571406007038e-05,0
3.736546102716265e-05,0
3.7404789174225476e-05,0
3.744350008606697e-05,0
3.74829656710791e-05,0
3.7521453381979273e-05,0
3.7559554761383706e-05,0
3.759832027957598e-05,0
3.763691820009025e-05,0
3.76746330698361e-05,0
3.771251862743683e-05,0
3.775026480559931e-05,0
3.77875462191978e-05,0
3.782518999532691e-05,0
3.786229447093959e-05,0
3.789946698039198e-05,0
3.79363154815356e-05,0
3.7972186146161577e-05,0
3.8008880173881844e-05,0
3.8045245487808994e-05,0
3.808144153194906e-05,0
3.811732110128904e-05,0
3.8153334507531983e-05,0
3.818860202502796e-05,0
3.8224349566194715e-05,0
3.825950065234528e-05,0
3.829436123548677e-05,0
3.8329239543736353e-05,0
3.836394847618443e-05,0
3.83987016685588e-05,0
3.843271119604358e-05,0
3.846706544798284e-05,0
3.850083735077803e-05,0
3.853461300608833e-05,0
3.8568385968177795e-05,0
3.860182161853242e-05,0
3.863535604851991e-05,0
3.866812908156313e-05,0
3.8701330759161326e-05,0
3.873422154140367e-05,0
3.8766445945211945e-05,0
3.879952534961771e-05,0
3.883200118825498e-05,0
3.88639597815588e-05,0
3.8895543958996207e-05,0
3.892701245922248e-05,0
3.895939723132585e-05,0
3.8990199445658717e-05,0
3.902177454350137e-05,0
3.905267152850681e-05,0
3.908369626267047e-05,0
3.911409172628283e-05,0
3.9144803201202905e-05,0
3.9174760222408646e-05,0
3.920492863484509e-05,0
3.9235182718433645e-05,0
3.9265117774719486e-05,0
3.9294365733945516e-05,0
3.932426098972733e-05,0
3.935338641646353e-05,0
3.938283999465481e-05,0
3.9411813003412516e-05,0
3.9440685536603174e-05,0
3.946873319869517e-05,0
3.9497756076568945e-05,0
3.952578149271583e-05,0
3.9554345959295385e-05,0
3.9582253194188836e-05,0
3.961010535082959e-05,0
3.96375554387067e-05,0
3.966512365514541e-05,0
3.969258508777137e-05,0
3.971952785104614e-05,0
3.974667521687845e-05,0
3.9773555209849714e-05,0
3.979969672081247e-05,0
3.9826421407324374e-05,0
3.985259452864401e-05,0
3.98789805821503e-05,0
3.9904919698502694e-05,0
3.993046121313654e-05,0
3.995656570579139e-05,0
3.9982195288872046e-05,0
4.0006859741356635e-05,0
4.003233251383738e-05,0
4.005731821159725e-05,0
4.0082407553150773e-05,0
4.0106699821776814e-05,0
4.013149206076476e-05,0
4.015553478251927e-05,0
4.017972597435098e-05,0
4.0203807223877356e-05,0
4.0227235372427826e-05,0
4.025111606032708e-05,0
4.0274785365735594e-05,0
4.029757850486804e-05,0
4.0321187051421575e-05,0
4.034444210585224e-05,0
4.036753636515358e-05,0
4.039006833018056e-05,0
4.0412658503785455e-05,0
4.043514260353344e-05,0
4.045727698203235e-05,0
4.0479521002129876e-05,0
4.050128220113713e-05,0
4.05231180583108e-05,0
4.054518214679897e-05,0
4.0566430402825255e-05,0
4.0587233474698175e-05,0
4.060880944722805e-05,0
4.0629982836773365e-05,0
4.0650633624501865e-05,0
4.067110185741995e-05,0
4.0691842761493364e-05,0
4.071213766957495e-05,0
4.0731995017684654e-05,0
4.075237483025306e-05,0
4.0771946480416624e-05,0
4.079184676279153e-05,0
4.081155125979509e-05,0
4.083086613773982e-05,0
4.0850511812688866e-05,0
4.086940446169474e-05,0
4.0888223709339e-05,0
4.090725854491713e-05,0
4.09257257355058e-05,0
4.0944438881662986e-05,0
4.096272156205656e-05,0
4.098124445353529e-05,0
4.099889144878379e-05,0
4.101669863142015e-05,0
4.103436353311045e-05,0
4.105185700271172e-05,0
4.106944505897107e-05,0
4.1087063688482834e-05,0
4.1104094660995064e-05,0
4.112085798123146e-05,0
4.113749362029765e-05,0
4.1154631460664085e-05,0
4.1171594405049625e-05,0
4.118726612611104e-05,0
4.1203321453648766e-05,0
4.122007034931442e-05,0
4.123585772261075e-05,0
4.125129809494287e-05,0
4.1267127123705276e-05,0
4.128263552037319e-05,0
4.1298279307981274e-05,0
4.131346092586179e-05,0
4.1328441807695796e-05,0
4.134330790962496e-05,0
4.135815158817849e-05,0
4.137288068228737e-05,0
4.138752222759321e-05,0
4.1401655702242955e-05,0
4.141626634688797e-05,0
4.14298572486748e-05,0
4.2546216816879414e-05,0
3.870733028493839e-05,0
2.3448494883460895e-05,0
9.005907742646254e-06,0
6.569462721397818e-05,0
0.0003773621522287054,0
0.001297399808995575,0
0.003383853335148951,1
0.007391304061981188,1
0.007209152213714005,1
0.0032742392472315204,1
0.0013131525691482916,0
0.00047453329956850636,0
0.00016691766144312612,0
6.51660255052365e-05,0
2.7325606740686654e-05,0
1.2718254300264666e-05,0
1.8448703367624364e-05,0
3.6169825613030706e-05,0
3.614938951036142e-05,0
3.612869530383227e-05,0
3.610803505840095e-05,0
3.6087307681518374e-05,0
3.6066267358105086e-05,0
3.6045502087845954e-05,0
3.602495510886274e-05,0
3.600320983935571e-05,0
3.598190517349354e-05,0
3.59607275742033e-05,0
3.593928555370765e-05,0
3.5917743700593644e-05,0
3.5896364755869785e-05,0
3.587476272586167e-05,0
3.585270025636618e-05,0
3.5831231842753007e-05,0
3.5809640432765145e-05,0
3.5787792435674135e-05,0
3.5765751196235845e-05,0
3.574386312835938e-05,0
3.5721150495754346e-05,0
3.569875708561019e-05,0
3.5676078756431615e-05,0
3.565330048744135e-05,0
3.563103602880324e-05,0
3.5608489687919075e-05,0
2.9862535038863156e-05,0
3.5021781444176073e-05,0
9.933892799776716e-05,0
0.0004119710733905074,0
0.0016022018154088762,1
0.005225345916138065,1
0.014293365850869722,1
0.033548358897874817,1
0.06902877188124434,1
0.02920690471906104,1
0.00868512933277223,1
0.001386021413315082,0
0.00012840527355242553,0
0.000694350987795708,0
0.0011440864274284803,0
0.0009638267767798553,0
0.0004452169130176594,0
7.901838959646178e-05,0
8.551667602680618e-07,0
8.64646857629529e-07,0
8.744797838619903e-07,0
8.845906747928509e-07,0
8.951190426620315e-07,0
9.05968810469245e-07,0
9.171238443225808e-07,0
9.286113861589508e-07,0
9.404448378457919e-07,0
9.525947078140934e-07,0
9.651133190109454e-07,0
9.779475920979827e-07,0
9.911159082930974e-07,0
1.0045987164836008e-06,0
1.0184180982964821e-06,0
1.0326318970391514e-06,0
1.0470865917228997e-06,0
1.061903012526353e-06,0
1.081041676058684e-06,0
1.0570794314442178e-06,0
9.252532419315288e-07,0
7.10465623781644e-07,0
7.275215427582668e-07,0
1.8515865473520718e-06,0
5.794532518766425e-06,0
1.5305289677401908e-05,0
3.422209758439883e-05,0
0.00010877083314497599,0
7.380656390813336e-05,0
4.990308158053471e-05,0
3.422015502419323e-05,0
2.393634715635227e-05,0
1.7071837814319257e-05,0
1.2513264708357182e-05,0
9.698668008357234e-06,0
8.25824440334041e-06,0
7.778929894349436e-06,0
7.800498866145538e-06,0
7.822173072591415e-06,0
7.84420634577552e-06,0
7.8664997981889e-06,0
7.888957192420857e-06,0
7.911695286929984e-06,0
7.934869786767452e-06,0
7.957914701572007e-06,0
7.98159422667341e-06,0
8.005325788645055e-06,0
8.02920961588217e-06,0
8.053581138934494e-06,0
8.078089361243253e-06,0
8.102681623429579e-06,0
8.127727976716177e-06,0
8.152937138922278e-06,0
8.178375835456136e-06,0
8.204065492819152e-06,0
8.22991993916773e-06,0
8.256149879209242e-06,0
8.282576345173035e-06,0
8.309126574376383e-06,0
8.335852887750275e-06,0
8.362919512221672e-06,0
8.390333724540601e-06,0
8.417970339653606e-06,0
8.445722613292472e-06,0
8.473680343104736e-06,0
8.501989800230637e-06,0
8.5304886724412e-06,0
8.559024063089134e-06,0
8.587993123455476e-06,0
8.617186269599807e-06,0
8.64671315817956e-06,0
8.67621365103525e-06,0
8.706237412923415e-06,0
8.736174910155347e-06,0
8.766522331009661e-06,0
8.796942945087679e-06,0
8.827819558011385e-06,0
8.858745392700585e-06,0
8.88974689402833e-06,0
8.921280118400335e-06,0
8.952919494453461e-06,0
8.984618029631597e-06,0
9.016806116893724e-06,0
9.049034097822655e-06,0
9.081573524093082e-06,0
9.114220895121686e-06,0
9.147082813524891e-06,0
9.180211362983875e-06,0
9.213760524614122e-06,0
9.247231823440435e-06,0
9.280968016438728e-06,0
9.314949833403808e-06,0
9.349138413214617e-06,0
9.383474750775091e-06,0
9.418105732352214e-06,0
9.454756458088517e-06,0
9.493785767781012e-06,0
9.535538474552888e-06,0
9.578572832724055e-06,0
9.621699882501568e-06,0
9.663752404610867e-06,0
9.703934988923036e-06,0
9.742007493450553e-06,0
9.778869547015184e-06,0
9.301139278139795e-06,0
9.345532026460948e-06,0
9.409314387046841e-06,0
9.488987431080042e-06,0
9.579580105995146e-06,0
9.675601949600742e-06,0
9.772355695652325e-06,0
9.862694273717431e-06,0
9.935829458990625e-06,0
9.97970880295592e-06,0
9.982277154538511e-06,0
9.959486660285754e-06,0
9.906639661505147e-06,0
9.82191045069535e-06,0
9.705778349551479e-06,0
1.0676442505106043e-05,0
1.0527648765616176e-05,0
1.0425309728003093e-05,0
1.0371213159847813e-05,0
1.0360869822671209e-05,0
1.0386907806271053e-05,0
1.0439509788892884e-05,0
1.050781069439787e-05,0
1.0580397633070171e-05,0
1.0643925145502185e-05,0
1.0685636715910389e-05,0
1.0727580557548208e-05,0
1.0769922331566414e-05,0
1.0812219365598724e-05,0
1.0854742525027883e-05,0
1.089744467932199e-05,0
1.0940163841037575e-05,0
1.0983199322332278e-05,0
1.1026423756074609e-05,0
1.1069775608173637e-05,0
1.1113346333964425e-05,0
1.115708676763869e-05,0
1.1200866460397747e-05,0
1.1244826022401855e-05,0
1.1289157390344083e-05,0
1.1333460789287585e-05,0
1.1378039668568283e-05,0
1.1422640281941807e-05,0
1.146766265902507e-05,0
1.1512658130590262e-05,0
1.1557815111236684e-05,0
1.1602948301549797e-05,0
1.1648402728792917e-05,0
1.1693960772373748e-05,0
1.173984258339962e-05,0
1.1785679419610776e-05,0
1.1831844002956886e-05,0
1.1878127137964709e-05,0
1.1924459246116807e-05,0
1.19710324488476e-05,0
1.2017677461160882e-05,0
1.2064527894085497e-05,0
1.2111311807515596e-05,0
1.215867573749762e-05,0
1.2205848797915693e-05,0
1.2253151319892076e-05,0
1.2300888330223062e-05,0
1.2348417587202704e-05,0
1.2396387957222503e-05,0
1.244421257419118e-05,0
1.2492442091285607e-05,0
1.2540736535203175e-05,0
1.2589201992017782e-05,0
1.2637513829788979e-05,0
1.268640645410576e-05,0
1.2734978404783297e-05,0
1.2784143004606519e-05,0
1.2833211312674326e-05,0
1.2882287523202178e-05,0
1.2931504156400027e-05,0
1.2981038107507247e-05,0
1.3030610681571427e-05,0
1.3080289123846809e-05,0
1.3130060725027792e-05,0
1.3180008168667166e-05,0
1.3230068245277507e-05,0
1.3280145718729675e-05,0
1.3330587950283147e-05,0
1.3381074581572036e-05,0
1.3431540961752917e-05,0
1.3482280931602922e-05,0
1.3533086159273606e-05,0
1.3584101544504541e-05,0
1.3634998496157372e-05,0
1.3686141752878186e-05,0
1.3737411015821856e-05,0
1.3789090655073181e-05,0
1.3840172736007621e-05,0
1.389172670845803e-05,0
1.394356736686675e-05,0
1.3995457005180551e-05,0
1.4047311382079373e-05,0
1.409917839192899e-05,0
1.4151542506065274e-05,0
1.4203699121155735e-05,0
1.4255967037794592e-05,0
1.4308590334755174e-05,0
1.436113313313104e-05,0
1.4413766492270085e-05,0
1.4466654492261006e-05,0
1.451939737298315e-05,0
1.4572270462020073e-05,0
1.4625330518287257e-05,0
1.4678372051868154e-05,0
1.4731669541555678e-05,0
1.4785033612865814e-05,0
1.483837403310116e-05,0
1.4891903776413902e-05,0
1.4945445005901682e-05,0
1.499937814522076e-05,0
1.5053115445047715e-05,0
1.5106926186984538e-05,0
1.5160996109270056e-05,0
1.5214912722834961e-05,0
1.526926682090317e-05,0
1.532334245608298e-05,0
1.5377700383603455e-05,0
1.5432098282100158e-05,0
1.5486282255036262e-05,0
1.5540950370410746e-05,0
1.559570501142766e-05,0
1.5650484658597534e-05,0
1.5705063911107295e-05,0
1.5759874473294103e-05,0
1.5814790221171035e-05,0
1.5869737577786465e-05,0
1.592486879377486e-05,0
1.597993910886731e-05,0
1.603527734639594e-05,0
1.6090394112126838e-05,0
1.6145831546785045e-05,0
1.6201254166278654e-05,0
1.6256723456237007e-05,0
1.6312073736557027e-05,0
1.636790465650594e-05,0
1.642368682381474e-05,0
1.647928994723142e-05,0
1.6534947354472475e-05,0
1.659093360139903e-05,0
1.6646997594476762e-05,0
1.6702806390790016e-05,0
1.675888949169309e-05,0
1.6815119356345016e-05,0
1.6871193134565766e-05,0
1.6927478787743663e-05,0
1.6983721665326042e-05,0
1.7039989635911333e-05,0
1.7096286587516526e-05,0
1.7152599819225834e-05,0
1.7209131477370197e-05,0
1.726583332320205e-05,0
1.7322442999074227e-05,0
1.7378739149093777e-05,0
1.7435538665015657e-05,0
1.7492208005949875e-05,0
1.754908919864102e-05,0
1.7605672733881878e-05,0
1.7662690500992906e-05,0
1.7719500151943635e-05,0
1.7776465571876943e-05,0
1.783355801239673e-05,0
1.78905779531711e-05,0
1.7947793354717302e-05,0
1.8004678824789978e-05,0
1.806173774635638e-05,0
1.8118854226173207e-05,0
1.817610960476332e-05,0
1.8233164288591896e-05,0
1.5309439182377035e-05,0
2.206731727371771e-05,0
9.662204673810541e-05,0
0.0004941531909520659,0
0.0020339986934447035,1
0.006631386759840298,1
0.01771437146276471,1
0.040112985906613795,1
0.07926857644394723,1
0.03006240068998502,1
0.00904957857838982,1
0.0015183450925552817,1
2.014814628797183e-05,0
0.00019428287136301545,0
0.00034576548176356935,0
0.00021587069706541684,0
5.260381761743569e-05,0
2.6019431238023544e-05,0
7.669054352471472e-05,0
7.658456547291866e-05,0
7.647893630773685e-05,0
7.637401730696703e-05,0
7.627010315868903e-05,0
7.616625100221453e-05,0
7.60630405464854e-05,0
7.596056359603997e-05,0
7.585856826681916e-05,0
7.5757440500062e-05,0
7.565644408214765e-05,0
7.555644192105622e-05,0
7.545683882133118e-05,0
7.535782639889684e-05,0
7.52595295441868e-05,0
7.516162065749357e-05,0
7.506432071162861e-05,0
7.496761486961504e-05,0
7.487154526444682e-05,0
7.477579895318471e-05,0
7.468114622972e-05,0
7.458648306682724e-05,0
7.449307269453472e-05,0
7.439974511516964e-05,0
7.4307078994253e-05,0
7.421489567186578e-05,0
7.412340235155235e-05,0
7.403226413045081e-05,0
7.394218047208823e-05,0
7.385206661131328e-05,0
7.376287755760058e-05,0
7.36741737348021e-05,0
7.35860484532303e-05,0
7.349839274817405e-05,0
7.341126451598043e-05,0
7.332476777883636e-05,0
7.323863013003908e-05,0
7.315317648007157e-05,0
7.306824616467679e-05,0
7.298376323695405e-05,0
7.2900045184173e-05,0
7.281662531501445e-05,0
7.273398690281569e-05,0
7.26517185541441e-05,0
7.256987376979602e-05,0
7.248867795335674e-05,0
7.24078790278421e-05,0
7.232790714360031e-05,0
7.224806323002795e-05,0
7.216893814727099e-05,0
7.209029947762373e-05,0
7.201219503789161e-05,0
7.19344297293423e-05,0
7.185717593327831e-05,0
7.178073547025041e-05,0
7.170450830723669e-05,0
7.16289883881101e-05,0
7.155374384656083e-05,0
7.147911719878983e-05,0
7.140485989881475e-05,0
7.133123163532606e-05,0
7.125800879969996e-05,0
7.11851567598475e-05,0
7.111313308104051e-05,0
7.104133313869824e-05,0
7.096980209741751e-05,0
7.089905698785366e-05,0
7.082858059168975e-05,0
7.075872782975529e-05,0
7.068920137257313e-05,0
7.062001910763034e-05,0
7.05514554237981e-05,0
7.048330060247676e-05,0
7.041550207932028e-05,0
7.03484075521948e-05,0
7.02814191503909e-05,0
7.021497597959417e-05,0
7.014903231137411e-05,0
7.008348965602008e-05,0
7.001848877920525e-05,0
6.99535939602708e-05,0
6.98894321769477e-05,0
6.982546011120053e-05,0
6.976201120431613e-05,0
6.969901273196464e-05,0
6.963635829939148e-05,0
6.95740898355888e-05,0
6.951212817311159e-05,0
6.945076987325542e-05,0
6.938961589053369e-05,0
6.932897233514465e-05,0
6.92686164669185e-05,0
6.920869882915502e-05,0
6.91491231476273e-05,0
6.908995916174264e-05,0
6.9031087922919e-05,0
6.897264236256565e-05,0
6.891460032652373e-05,0
6.885684127063919e-05,0
6.879940517369271e-05,0
6.87424000047328e-05,0
6.86856914018354e-05,0
6.862942587713145e-05,0
6.857333973987687e-05,0
6.85179109989028e-05,0
6.846238206983235e-05,0
6.840739250986356e-05,0
6.835282511667496e-05,0
6.829842976890805e-05,0
6.824440266561552e-05,0
6.819068829607924e-05,0
6.813733634626731e-05,0
6.808429946328412e-05,0
6.80315139799565e-05,0
6.797897390084757e-05,0
6.79268879691423e-05,0
6.787501415324633e-05,0
6.782330970056953e-05,0
6.777216396251333e-05,0
6.772101043433819e-05,0
6.767031402883464e-05,0
6.762001300257216e-05,0
6.756965424995277e-05,0
6.751979769082962e-05,0
6.747004549930902e-05,0
6.742075315390387e-05,0
6.737158156353113e-05,0
6.732280960222131e-05,0
6.727409776921462e-05,0
6.722581468254173e-05,0
6.717771047883468e-05,0
6.712987760238658e-05,0
6.708208235607596e-05,0
6.703483268598024e-05,0
6.69875402994236e-05,0
6.694060875642813e-05,0
6.689392602401819e-05,0
6.684741452649794e-05,0
6.680119898880903e-05,0
6.675529545367607e-05,0
6.670925035025424e-05,0
6.666359567230352e-05,0
6.661820727328472e-05,0
6.657304070932064e-05,0
6.652795639947304e-05,0
6.648316216516664e-05,0
6.643858519865785e-05,0
6.639423491565154e-05,0
6.634972109423551e-05,0
6.630579504742004e-05,0
6.626174373704268e-05,0
6.621802972667214e-05,0
6.617435500402784e-05,0
6.61308601029948e-05,0
6.608752537536328e-05,0
6.60445047242248e-05,0
6.600146770603327e-05,0
6.59586235352971e-05,0
6.5916066687584e-05,0
6.587356657132364e-05,0
6.583121689889647e-05,0
6.578909697032004e-05,0
6.574695277450467e-05,0
6.570495521702975e-05,0
6.566320964877556e-05,0
6.562149363401286e-05,0
6.557990540579331e-05,0
6.553843494388265e-05,0
6.549705137818075e-05,0
6.54558227827716e-05,0
6.54147725340507e-05,0
6.537352372689178e-05,0
6.533270509907101e-05,0
6.52918466896828e-05,0
6.525129721968898e-05,0
6.521067642430343e-05,0
6.517015125019343e-05,0
6.512974340408058e-05,0
6.508940470833942e-05,0
6.504901701749135e-05,0
6.50088385425804e-05,0
6.496887153945533e-05,0
6.492861358841787e-05,0
6.48887950529353e-05,0
6.484907918734554e-05,0
6.480907077407883e-05,0
6.476931368117072e-05,0
6.472950715884972e-05,0
6.468988799372891e-05,0
6.465024032184788e-05,0
6.461064697600999e-05,0
6.45710836906079e-05,0
6.453151951484885e-05,0
6.449207281500083e-05,0
6.445265283777082e-05,0
6.441329829460826e-05,0
6.437401038629487e-05,0
6.433459233566489e-05,0
6.429545354289057e-05,0
6.425621174872858e-05,0
6.421681008654188e-05,0
6.417757328280024e-05,0
6.413822784304246e-05,0
6.409901018939274e-05,0
6.405985539817065e-05,0
6.402053509338498e-05,0
6.398138437446408e-05,0
6.394213547602686e-05,0
6.39029805492369e-05,0
6.386376861168204e-05,0
6.382448188854308e-05,0
6.378526887842528e-05,0
6.37459997542378e-05,0
6.370669074050039e-05,0
6.366765851044332e-05,0
6.362816989133778e-05,0
6.358883303070362e-05,0
6.354944751134604e-05,0
6.35100819046683e-05,0
6.347067590838837e-05,0
6.34313999756356e-05,0
6.339187582876992e-05,0
6.335233477930779e-05,0
6.331267703908138e-05,0
6.327311978687876e-05,0
6.323341044734325e-05,0
6.319360324200008e-05,0
6.315391307114443e-05,0
6.311414130087968e-05,0
6.307430514486857e-05,0
6.303433191164203e-05,0
6.299446185622044e-05,0
6.295431859514557e-05,0
6.291431055700511e-05,0
6.287410694008009e-05,0
6.283385993041933e-05,0
6.2793410329538e-05,0
6.275314020772458e-05,0
6.290847707905374e-05,0
6.382712638939294e-05,0
6.624304722626542e-05,0
7.100461180943933e-05,0
7.909239729561819e-05,0
9.167541263177032e-05,0
0.00011016001048635543,0
0.00013618495672458844,0
0.0001715405326034753,0
5.289088442067084e-05,0
5.678873154728856e-05,0
6.193426770549574e-05,0
6.644051996288566e-05,0
6.913338996776808e-05,0
6.966095073506418e-05,0
6.834513295469369e-05,0
6.592681461929314e-05,0
6.33325360067274e-05,0
6.152742707421193e-05,0
6.148765638632561e-05,0
6.144768686951982e-05,0
6.140742352799238e-05,0
6.136710716809778e-05,0
6.132676984078193e-05,0
6.128606870442653e-05,0
6.124512816156619e-05,0
6.120417048679267e-05,0
6.116294131677666e-05,0
6.112152574553797e-05,0
6.107991326905354e-05,0
6.103811002254e-05,0
6.099602843345081e-05,0
6.095384778764661e-05,0
6.091142397440189e-05,0
6.0868850489292545e-05,0
6.082620464519235e-05,0
6.078313619980975e-05,0
6.0740089741090553e-05,0
6.0696592442230646e-05,0
6.065311554797305e-05,0
6.0609330844759787e-05,0
6.0565435282895916e-05,0
6.052128080594771e-05,0
6.047708192286662e-05,0
6.0432520156124384e-05,0
6.038783323566421e-05,0
6.034278956545672e-05,0
6.02978024851731e-05,0
6.025249702121152e-05,0
6.020672115851074e-05,0
6.016110265421983e-05,0
6.0115142334145714e-05,0
6.0068871489502255e-05,0
6.0022537778037754e-05,0
5.997587805328338e-05,0
5.992923584888012e-05,0
5.988219617104957e-05,0
5.983513857959929e-05,0
5.9787661256706837e-05,0
5.9740111013061307e-05,0
5.969237113255769e-05,0
5.964428151855375e-05,0
5.959606440964949e-05,0
5.9547522568180443e-05,0
5.949880666684702e-05,0
5.9449925092178194e-05,0
5.940074142369319e-05,0
5.935142841907996e-05,0
5.9301914977063943e-05,0
5.925223725552497e-05,0
5.9202248753496385e-05,0
5.915204441440356e-05,0
5.910174113519105e-05,0
5.905105046251564e-05,0
5.9000235778807344e-05,0
5.894926964249291e-05,0
5.889807805790309e-05,0
5.8846514655041435e-05,0
5.8794781956167745e-05,0
5.874302029539613e-05,0
5.8690761579853504e-05,0
5.8638432583538567e-05,0
5.858590084568554e-05,0
5.853306078921117e-05,0
5.8480150377275e-05,0
5.842683786949822e-05,0
5.8373517742057355e-05,0
5.831986746916176e-05,0
5.826599255077047e-05,0
5.821172787946532e-05,0
5.815754997054084e-05,0
5.8102915711841166e-05,0
5.804829069126685e-05,0
5.799327449408851e-05,0
5.793800972588408e-05,0
5.7882555631284864e-05,0
5.782695879546115e-05,0
5.777107258201254e-05,0
5.771504405133447e-05,0
5.76586995977637e-05,0
5.7602225935645804e-05,0
5.7545453437861056e-05,0
5.748848507718973e-05,0
5.743131422684431e-05,0
5.7373735484046876e-05,0
5.731601854238227e-05,0
5.725829307124812e-05,0
5.7200161924265996e-05,0
5.714189199362284e-05,0
5.708329277273176e-05,0
5.702448195845655e-05,0
5.6965603749620225e-05,0
5.690627121179414e-05,0
5.6846912204299555e-05,0
5.67872004140686e-05,0
5.672729564670925e-05,0
5.666727633761446e-05,0
5.6606995087082625e-05,0
5.6546314479186524e-05,0
5.648571550497033e-05,0
5.6424800297382604e-05,0
5.636349331829038e-05,0
5.6302129726479305e-05,0
5.624041434075532e-05,0
5.617850313303748e-05,0
5.6116483134808374e-05,0
5.6054177978699956e-05,0
5.5991582736878886e-05,0
5.592875007993684e-05,0
5.5865790173097955e-05,0
5.5802612442452355e-05,0
5.573932223308414e-05,0
5.567556567757668e-05,0
5.561181919074654e-05,0
5.554770106793936e-05,0
5.548337793660508e-05,0
5.541899678709718e-05,0
5.535417103094743e-05,0
5.528929029086868e-05,0
5.522422586575896e-05,0
5.5158736934627534e-05,0
5.5093110609716084e-05,0
5.502719182949269e-05,0
5.496126547133284e-05,0
5.489500618727401e-05,0
5.4828657555603545e-05,0
5.476194522422266e-05,0
5.469508071697675e-05,0
5.4627804530807796e-05,0
5.456056804648381e-05,0
5.4492987085939406e-05,0
5.442540289955184e-05,0
5.435732709544479e-05,0
5.428926519973347e-05,0
5.422071159819428e-05,0
5.4152254074173477e-05,0
5.4083474212799146e-05,0
5.40142600643242e-05,0
5.394519094447579e-05,0
5.387573018939063e-05,0
5.380597222571897e-05,0
5.373607694615016e-05,0
5.366613896245218e-05,0
5.359573307084675e-05,0
5.352536056844894e-05,0
5.345454914074656e-05,0
5.3383602060857095e-05,0
5.331255075909725e-05,0
5.324108513848203e-05,0
5.316951457269345e-05,0
5.309784679255011e-05,0
5.3025902302376805e-05,0
5.2953715499267906e-05,0
5.288135769038803e-05,0
5.2808881819349474e-05,0
5.273618928096702e-05,0
5.266323879902026e-05,0
5.259021336539836e-05,0
5.251656983157413e-05,0
5.244321612572328e-05,0
5.2369384301193325e-05,0
5.229540758595763e-05,0
5.222123093096944e-05,0
5.21467053168746e-05,0
5.207215902288887e-05,0
5.199745607795421e-05,0
5.192239802587106e-05,0
5.184720853983267e-05,0
5.177190526600552e-05,0
5.16963332270283e-05,0
5.162063020580808e-05,0
5.154459486627711e-05,0
5.1468400078952656e-05,0
5.1392026055542115e-05,0
5.1315703779533904e-05,0
5.123899954698392e-05,0
5.1161995081734785e-05,0
5.10850352154233e-05,0
5.100753224355613e-05,0
5.0930120325456584e-05,0
5.0852306393338124e-05,0
5.077466234697079e-05,0
5.069642418134102e-05,0
5.061839893382806e-05,0
5.0539909442453825e-05,0
5.046146060105714e-05,0
5.038259968136649e-05,0
5.030361479691837e-05,0
5.022429739918589e-05,0
5.014510505145527e-05,0
5.006560861408698e-05,0
4.998595747446745e-05,0
4.9906129913598094e-05,0
4.982600089538931e-05,0
4.9745783614977776e-05,0
4.966521417139021e-05,0
4.958470595409348e-05,0
4.950393721818962e-05,0
4.942310074009683e-05,0
4.9341816958136144e-05,0
4.926057566160253e-05,0
4.917904409224144e-05,0
4.90973546594852e-05,0
4.9015493616183285e-05,0
4.89335018800436e-05,0
4.885143698517389e-05,0
4.8769008610288094e-05,0
4.868665525821985e-05,0
4.8603869801367686e-05,0
4.852103095235915e-05,0
4.843813022205266e-05,0
4.835481683593056e-05,0
4.827151990315634e-05,0
4.818803648127081e-05,0
4.810445326015049e-05,0
4.8020503094670264e-05,0
4.793667225612173e-05,0
4.785256844094064e-05,0
4.7768053847508376e-05,0
4.768355160016618e-05,0
4.759900367112263e-05,0
4.7514152548588995e-05,0
4.7429328272643046e-05,0
4.734413180466284e-05,0
4.725883703492705e-05,0
4.717352823571501e-05,0
4.708784300390306e-05,0
4.700221798835038e-05,0
4.6916493124897445e-05,0
4.683035070567075e-05,0
4.674401962498876e-05,0
4.665784482887694e-05,0
4.6571319045673864e-05,0
4.648483274126905e-05,0
4.63979595557443e-05,0
4.6311046984184715e-05,0
4.6224038220056606e-05,0
4.6136771541979455e-05,0
4.604925875846276e-05,0
4.596203243828537e-05,0
4.587437316448827e-05,0
4.578660641714254e-05,0
4.5698678321001224e-05,0
4.5610580229653114e-05,0
4.5522436212998085e-05,0
4.5433911122923504e-05,0
4.534545281650455e-05,0
4.525702963756071e-05,0
4.516823957970582e-05,0
4.507932084626362e-05,0
4.499050913182775e-05,0
4.4901204800229e-05,0
4.481206081686524e-05,0
4.4722531469559486e-05,0
4.4633333945575577e-05,0
4.454342014491573e-05,0
4.445372977745029e-05,0
4.436375295072088e-05,0
4.427374131875337e-05,0
4.4183583687233136e-05,0
4.40932961814418e-05,0
4.400295634139378e-05,0
4.391248517454565e-05,0
4.3821688683685796e-05,0
4.373102613038297e-05,0
4.364013960833358e-05,0
4.354928315347714e-05,0
4.345792616404563e-05,0
4.336686491117736e-05,0
4.327551770950495e-05,0
4.318403361442288e-05,0
4.3092600536403375e-05,0
4.3000859085540405e-05,0
4.290909464443205e-05,0
4.281718790397504e-05,0
4.2725343821256156e-05,0
4.263317625930643e-05,0
4.2540881787722405e-05,0
4.244862818388988e-05,0
4.235615398139642e-05,0
4.226364572278387e-05,0
4.217112674623976e-05,0
4.2078289423659334e-05,0
4.198547581215578e-05,0
4.1892605112809515e-05,0
4.1799430622776855e-05,0
4.1706269488852746e-05,0
4.1613104560194646e-05,0
4.1519907514996724e-05,0
4.1426338811803875e-05,0
4.133280690093222e-05,0
4.123925542854955e-05,0
4.114557879907404e-05,0
4.105196766400034e-05,0
4.095801754954405e-05,0
4.086392562763276e-05,0
4.076998284300846e-05,0
4.067587047016076e-05,0
4.0581481179705615e-05,0
4.0487317030184874e-05,0
4.0393021060976786e-05,0
4.029845189680225e-05,0
4.0203891346201385e-05,0
4.0109388652826364e-05,0
4.001464841178057e-05,0
3.9919941466797034e-05,0
3.982495635975797e-05,0
3.973010381564791e-05,0
3.963513585072203e-05,0
3.954002743626437e-05,0
3.94448473929017e-05,0
3.934967162925825e-05,0
3.925438272492219e-05,0
3.9159288771506316e-05,0
3.90635202347085e-05,0
3.896827111391105e-05,0
3.88726142417014e-05,0
3.877702768920521e-05,0
3.868135815782814e-05,0
3.8585515156862634e-05,0
3.848975226425059e-05,0
3.8393780573367624e-05,0
3.829792542529795e-05,0
3.820196476441356e-05,0
3.8105770166663356e-05,0
3.800980997762321e-05,0
3.7913739223310244e-05,0
3.781744066014905e-05,0
3.772124176110304e-05,0
3.7624842929135194e-05,0
3.752854367453042e-05,0
3.743223954877899e-05,0
3.7335840946155174e-05,0
3.723925314702924e-05,0
3.7142583032658446e-05,0
3.7045972890563476e-05,0
3.6949471763081814e-05,0
3.685286926154267e-05,0
3.675613508677057e-05,0
3.665941217521251e-05,0
3.6562523437413395e-05,0
3.646584799935726e-05,0
3.636880089908256e-05,0
3.6272020553170664e-05,0
3.6175019580088214e-05,0
3.607810074077903e-05,0
3.598094329785921e-05,0
3.588393684103913e-05,0
3.578695985615798e-05,0
3.568982054825885e-05,0
3.559271100320887e-05,0
3.5495752733044236e-05,0
3.539844016461246e-05,0
3.5301375576187676e-05,0
3.520412297127461e-05,0
3.510690167436002e-05,0
3.500963408873275e-05,0
3.491223621466728e-05,0
3.4814824575425195e-05,0
3.471757564681623e-05,0
3.462024118016748e-05,0
3.452306553412349e-05,0
3.4425440068576174e-05,0
3.432820050649031e-05,0
3.4230715293404005e-05,0
3.4133314134275545e-05,0
3.40358338521289e-05,0
3.393870612873247e-05,0
3.3841043592628595e-05,0
3.37436677470898e-05,0
3.36461890776584e-05,0
3.354874310920606e-05,0
3.345136957834836e-05,0
3.335393691583147e-05,0
3.3256478196426035e-05,0
3.3158972463710154e-05,0
3.306155973733449e-05,0
3.2964003914360425e-05,0
3.2866515797634435e-05,0
3.2769218107972917e-05,0
3.267171555653234e-05,0
3.257427823385539e-05,0
3.24768137540011e-05,0
3.237963432135185e-05,0
3.228219014317861e-05,0
3.218486863230161e-05,0
3.208753783968763e-05,0
3.1990183417286076e-05,0
3.189277418286461e-05,0
3.1795568320740935e-05,0
3.169803977081263e-05,0
3.160073407719986e-05,0
3.150360451438917e-05,0
3.140629728409118e-05,0
3.130919667043487e-05,0
3.1211959968734966e-05,0
3.111476939990362e-05,0
3.101766768523851e-05,0
3.092060988448945e-05,0
3.082352474328113e-05,0
3.072639866253761e-05,0
3.0629661149251545e-05,0
3.053237247360046e-05,0
3.043554788404929e-05,0
3.0338591234484852e-05,0
3.0241770781224396e-05,0
3.0144801199615358e-05,0
3.004796481244713e-05,0
2.995111385788846e-05,0
2.9854301862704604e-05,0
2.9757813355903567e-05,0
2.9661067913910203e-05,0
2.9564650957270875e-05,0
2.9468067859859397e-05,0
2.9371482067273758e-05,0
2.9274876275293383e-05,0
2.917856582551598e-05,0
2.9082295717446167e-05,0
2.8985925958907597e-05,0
2.8889578527093324e-05,0
2.87933606368144e-05,0
2.8697076075063502e-05,0
2.860114230324087e-05,0
2.850510099267364e-05,0
2.840895190752928e-05,0
2.831314463017977e-05,0
2.821735444461932e-05,0
2.812142237094133e-05,0
2.8025781409169297e-05,0
2.7930035791761518e-05,0
2.7834273893143468e-05,0
2.773877384446339e-05,0
2.7643284776307613e-05,0
2.7547895836509427e-05,0
2.745244044175858e-05,0
2.7357270686780315e-05,0
2.726197622984529e-05,0
2.716680762725068e-05,0
2.6594857224971725e-05,0
2.3195739080583715e-05,0
1.567149532363014e-05,0
1.068698623242087e-05,0
3.4852762375893404e-05,0
0.00014956254809114582,0
0.00046396089302487846,0
0.0011405655467824547,0
0.0023894754494151863,1
0.005314942454512673,1
0.0034143335032608114,1
0.002124761375650988,1
0.0012950724020581138,0
0.0007702024384585406,0
0.0004392244768115791,0
0.00023728335018438051,0
0.0001279600750804009,0
8.36917579758841e-05,0
7.521649173937061e-05,0
7.527920376547621e-05,0
7.53415413430522e-05,0
7.54037225921436e-05,0
7.546573150560458e-05,0
7.552748296603974e-05,0
7.558887525975647e-05,0
7.565017970089526e-05,0
7.571126478726822e-05,0
7.57719586101621e-05,0
7.58323334546617e-05,0
7.589272562320079e-05,0
7.595251275728494e-05,0
7.601225686568995e-05,0
7.607172658067907e-05,0
7.613080921257071e-05,0
7.618954251564761e-05,0
7.624830549873275e-05,0
7.630651473984288e-05,0
7.636476778734179e-05,0
7.64224868205607e-05,0
7.64803618308581e-05,0
7.653748861395378e-05,0
7.659474589530534e-05,0
7.665155330398634e-05,0
7.670793946884946e-05,0
7.676435782253914e-05,0
7.682047446882285e-05,0
7.687608309073118e-05,0
7.693154313227096e-05,0
7.698677113128904e-05,0
7.704169525745572e-05,0
7.70966105712702e-05,0
7.715091520218746e-05,0
7.85532073598807e-05,0
8.631232196652321e-05,0
0.00010926613929830522,0
0.00016433688404773712,0
0.000284367433665252,0
0.0005276553293931337,0
0.000986250822641245,0
0.0017902481363842044,1
0.0031061923882866973,1
0.002932643551282326,1
0.0017528242531456549,1
0.0010203293901112208,0
0.0005975086460556378,0
0.00035641511961697963,0
0.00021203231772150925,0
0.00012039067336740729,0
6.320920958567811e-05,0
3.208546908220046e-05,0
1.937809369404061e-05,0
1.9281444983447995e-05,0
1.918478279920253e-05,0
1.9088329902879423e-05,0
1.8991949678728515e-05,0
1.8895724372771084e-05,0
1.8799852384091604e-05,0
1.8703823556651193e-05,0
1.860818583976145e-05,0
1.8512688542104177e-05,0
1.8417056469080436e-05,0
1.832190497240623e-05,0
1.8226690389524244e-05,0
1.8131535106295415e-05,0
1.8036893246438118e-05,0
1.794225133629212e-05,0
1.7847554559595572e-05,0
1.775321058859995e-05,0
1.765900079870826e-05,0
1.7565001176252836e-05,0
1.747097779577856e-05,0
1.737735035663819e-05,0
1.7283583968669347e-05,0
1.7190250701331764e-05,0
1.709708952727285e-05,0
1.7003988537966616e-05,0
1.6910969582603023e-05,0
1.6818299057094078e-05,0
1.6725546078288e-05,0
1.6633261206888396e-05,0
1.654108148463047e-05,0
1.6449069272043893e-05,0
1.6357177091510953e-05,0
1.6265320338560895e-05,0
1.6173737515384612e-05,0
1.6082546405486662e-05,0
1.599135840325274e-05,0
1.5900520558877278e-05,0
1.5809509449223598e-05,0
1.5718877318150532e-05,0
1.5628437570478298e-05,0
1.5538096776159073e-05,0
1.5448002638898237e-05,0
1.5358257906399912e-05,0
1.5268347203693364e-05,0
1.5178932267284384e-05,0
1.5089536580378636e-05,0
1.500039591162389e-05,0
1.4911456498931668e-05,0
1.4822653898324439e-05,0
1.4734198193999762e-05,0
1.4645837380968803e-05,0
1.4557639288583386e-05,0
1.4469837467998258e-05,0
1.438199062521928e-05,0
1.4294333863922728e-05,0
1.4206991264797953e-05,0
1.4119785694767578e-05,0
1.4032859831248694e-05,0
1.3946081309539632e-05,0
1.385947585483594e-05,0
1.377309066367256e-05,0
1.368704178788689e-05,0
1.3601026968919474e-05,0
1.3515424247034037e-05,0
1.3429901970930063e-05,0
1.3344467893712413e-05,0
1.325946142868533e-05,0
1.3174484242124263e-05,0
1.3089841254559872e-05,0
1.3005431151964415e-05,0
1.2921218164311895e-05,0
1.2837256567606969e-05,0
1.2753469376623814e-05,0
1.2669959315545313e-05,0
1.2586580181107278e-05,0
1.250337094071358e-05,0
1.242055608404524e-05,0
1.2337851973859369e-05,0
1.225536111875591e-05,0
1.2173153560164284e-05,0
1.2091162264484784e-05,0
1.200950725323978e-05,0
1.1927970031346099e-05,0
1.184653117147533e-05,0
1.1765500438093925e-05,0
1.1684701836495142e-05,0
1.1603932436036915e-05,0
1.1523596796655393e-05,0
1.1443496385096371e-05,0
1.1363636933590412e-05,0
1.1283975678354412e-05,0
1.1204624301779257e-05,0
1.1125376813843887e-05,0
1.1046495586895302e-05,0
1.0967733190351978e-05,0
1.0889330802177856e-05,0
1.0811076972222584e-05,0
1.0733138963688676e-05,0
1.0655357277764401e-05,0
1.0577964715312359e-05,0
1.0500599297767414e-05,0
1.0423590343707715e-05,0
1.0346983435227883e-05,0
1.0270501001900908e-05,0
1.0194123513603883e-05,0
1.011824098913496e-05,0
1.0042500797801298e-05,0
9.967096777651295e-06,0
9.891791757147935e-06,0
9.81694187088911e-06,0
9.7422181549312e-06,0
9.667785094092302e-06,0
9.5936971386222e-06,0
9.519733402386447e-06,0
9.445978280595638e-06,0
9.372557514393578e-06,0
9.299416263481064e-06,0
9.226525503786842e-06,0
9.153854412130165e-06,0
9.081499070383112e-06,0
9.009425450631147e-06,0
8.937664682897321e-06,0
8.866114730831251e-06,0
8.794763972994383e-06,0
8.723869965897011e-06,0
8.653070781591407e-06,0
8.582571606933163e-06,0
8.512453211578944e-06,0
8.442467915181915e-06,0
8.372878078981637e-06,0
8.303438544902e-06,0
8.234418353992734e-06,0
8.165591392818521e-06,0
8.096934201554504e-06,0
8.028723106701863e-06,0
7.9606478752875e-06,0
7.892947537185146e-06,0
7.825638936205932e-06,0
7.75844484842581e-06,0
7.691552426578931e-06,0
7.625104350428098e-06,0
7.5586989074642525e-06,0
7.492736891654988e-06,0
7.427017440265375e-06,0
7.361488009521372e-06,0
7.296418397058702e-06,0
7.231472943783595e-06,0
7.16689248374501e-06,0
7.102663544455374e-06,0
7.038675106473972e-06,0
6.974930017423667e-06,0
6.911550044785295e-06,0
6.8484737116397815e-06,0
6.785587738595425e-06,0
6.723134860869536e-06,0
6.660920408444178e-06,0
6.5988986743012054e-06,0
6.537303452038531e-06,0
6.475874530827977e-06,0
6.4147805594190275e-06,0
6.354093750135087e-06,0
6.293629816413478e-06,0
6.233467610371072e-06,0
6.173606412037041e-06,0
6.1139995038365795e-06,0
6.0547488364349255e-06,0
5.9956952467039665e-06,0
5.937067958557776e-06,0
5.878660092778289e-06,0
5.820724099415994e-06,0
5.762888696177906e-06,0
5.705522655344132e-06,0
5.648353419733095e-06,0
5.591611281620379e-06,0
5.535113843902211e-06,0
5.478914645723025e-06,0
5.422974550962135e-06,0
5.367395002421179e-06,0
5.312117089817651e-06,0
5.2571256647417586e-06,0
5.20247584278091e-06,0
5.148123638233819e-06,0
5.09415826842916e-06,0
5.040377599836351e-06,0
4.986958359009523e-06,0
4.933970291982412e-06,0
4.881089110198122e-06,0
4.828779947471328e-06,0
4.776491839802e-06,0
4.7246823401772244e-06,0
4.673245803589719e-06,0
4.622013319086009e-06,0
4.571160559098768e-06,0
4.5206373020896326e-06,0
4.470301926161471e-06,0
4.420435810759869e-06,0
4.3708050013081e-06,0
4.321517048853454e-06,0
4.272597144120531e-06,0
4.224033939584329e-06,0
4.175668813446613e-06,0
4.127673768986191e-06,0
4.080012529327052e-06,0
4.032718738164282e-06,0
3.985734211066962e-06,0
3.939111763171861e-06,0
3.892746598394162e-06,0
3.846661555282749e-06,0
3.8009752342148536e-06,0
3.755645304849278e-06,0
3.7105497416758283e-06,0
3.6659642407558846e-06,0
3.621435458494526e-06,0
3.577399046624827e-06,0
3.533678067827836e-06,0
3.490282343549039e-06,0
3.447241227773512e-06,0
3.4045093993374745e-06,0
3.3621054003514573e-06,0
3.3200283744831495e-06,0
3.2782806783147405e-06,0
3.2368629778838447e-06,0
3.1958699056010395e-06,0
3.1550755561275495e-06,0
3.1146419072048425e-06,0
3.0746788329349573e-06,0
3.034870610348427e-06,0
2.9954727435844213e-06,0
2.9563954671837997e-06,0
2.917675676176687e-06,0
2.8792937551937342e-06,0
2.841242054696513e-06,0
2.8035515393739017e-06,0
2.7661684738846604e-06,0
2.7291536830761502e-06,0
2.6924616533731834e-06,0
2.655998343528504e-06,0
2.620068178703114e-06,0
2.584259274866155e-06,0
2.548965821273796e-06,0
2.513982896272561e-06,0
2.479307859725395e-06,0
2.445077311511275e-06,0
2.4109930560175553e-06,0
2.377413867259538e-06,0
2.3441108752502172e-06,0
2.3111521659548857e-06,0
2.2785062180901224e-06,0
2.246246212760754e-06,0
2.2142568946715724e-06,0
2.1826610057248618e-06,0
2.1514895520666084e-06,0
2.1205329268459954e-06,0
2.0900178855362213e-06,0
2.059827667670868e-06,0
2.029917038605131e-06,0
2.000412988880516e-06,0
1.9712169316921326e-06,0
1.942428434155992e-06,0
1.9138639434203483e-06,0
1.8857036579061082e-06,0
1.8579375288130047e-06,0
1.8304275668573552e-06,0
1.8033324804295876e-06,0
1.7765618461097523e-06,0
1.75014150011029e-06,0
1.7240610754988413e-06,0
1.6983594914895931e-06,0
1.6729454715801797e-06,0
1.7150506789994384e-06,0
2.0278282681972155e-06,0
2.9479822789350095e-06,0
5.162421522690002e-06,0
9.763716863521568e-06,0
1.8070573026185823e-05,0
3.128255345138791e-05,0
5.010989959152619e-05,0
7.447869789108311e-05,0
0.004025831929856426,1
9.117493900340791e-05,0
6.480255601178888e-05,0
4.049325382783737e-05,0
2.2771803906631736e-05,0
1.1897478849632768e-05,0
6.177382218394119e-06,0
3.4131986725788297e-06,0
1.8810931678236285e-06,0
9.077364280937258e-07,0
1.2094622066881725e-06,0
1.1913002684331725e-06,0
1.173441881227654e-06,0
1.5553790418095848e-06,0
3.6450775032037375e-06,0
1.24090948508198e-05,0
4.5522580687468713e-05,0
0.00015052416513427165,0
0.00042811730937903047,0
0.0010562427202839171,0
0.0023078812874316704,1
0.004555338108032394,1
0.003056788005256212,1
0.0012304736817829204,0
0.0003815271508976935,0
8.50207119867842e-05,0
2.2237258434843103e-05,0
1.9980753912151205e-05,0
1.5898114413538613e-05,0
7.963352813080414e-06,0
9.365414343044493e-06,0
1.932487745920763e-05,0
1.9382778543120843e-05,0
2.0887909089235675e-05,0
2.2012539025558213e-05,0
4.8755970307689024e-05,0
0.0002489990685601666,0
0.0010740289203639037,0
0.0035278111712568456,1
0.009419673016449163,1
0.021521909052930346,1
0.04350034349177487,1
0.037885642572754064,1
0.018026695576318266,1
0.0078696330460418,1
0.0031949644905242473,1
0.00123630320011725,0
0.00047461972782291193,0
0.00017665660893878858,0
5.111369119052497e-05,0
1.1845056339109377e-05,0
2.508722149884978e-05,0
2.504711845944248e-05,0
2.5007274888190213e-05,0
2.496687019114483e-05,0
2.492759702228452e-05,0
2.4887154293387627e-05,0
2.484759406442332e-05,0
2.4807074873740124e-05,0
2.4767340501607682e-05,0
2.4727762790540488e-05,0
2.468733578345085e-05,0
2.464706216285926e-05,0
2.4608049980276542e-05,0
2.456830557445028e-05,0
2.4528474553710675e-05,0
2.4488813837871538e-05,0
2.444912171079306e-05,0
2.4409099788396953e-05,0
2.4369625532193392e-05,0
2.433044431642753e-05,0
2.429087155227639e-05,0
2.425048699047718e-05,0
2.4211375892625463e-05,0
2.4171601313935974e-05,0
2.41326379681808e-05,0
2.4092883781232183e-05,0
2.4053496611630082e-05,0
2.401415488407366e-05,0
2.3974391838878775e-05,0
2.3935367097498376e-05,0
2.3896106712019503e-05,0
2.3856961315378226e-05,0
2.3817530751895754e-05,0
2.3778460860191262e-05,0
2.3739329624294664e-05,0
2.370067467103094e-05,0
2.3661359114075705e-05,0
2.3622020517869876e-05,0
2.358319457818549e-05,0
2.3544196597319415e-05,0
2.3505105982893085e-05,0
2.3466248062382693e-05,0
2.3427519909469868e-05,0
2.3388934779344632e-05,0
2.3349917402744e-05,0
2.3311617006345746e-05,0
2.3272534558853024e-05,0
2.3233777697451616e-05,0
2.319534784996305e-05,0
2.315716925164493e-05,0
2.311838282759534e-05,0
2.308019599009576e-05,0
2.304198858608915e-05,0
2.3003396071838775e-05,0
2.296458820109557e-05,0
2.2926368339673273e-05,0
2.28882492784229e-05,0
2.2849869512809967e-05,0
2.281180512072604e-05,0
2.277373872123262e-05,0
2.273586886975466e-05,0
2.2697994175857354e-05,0
2.266023157469706e-05,0
2.2621794364863638e-05,0
2.2584452595305796e-05,0
2.2546480292335858e-05,0
2.250878821098632e-05,0
2.247111368977843e-05,0
2.2433548438985927e-05,0
2.2396172614227657e-05,0
2.2358613058018513e-05,0
2.2321632650394222e-05,0
2.228377514538094e-05,0
2.224657037297483e-05,0
2.220965964312353e-05,0
2.2172440024655158e-05,0
2.2135030966359106e-05,0
2.2098214488076843e-05,0
2.206082813522758e-05,0
2.2023941618232136e-05,0
2.198662370824329e-05,0
2.1949980240246516e-05,0
2.1913495393237993e-05,0
2.1877022707083153e-05,0
2.1839975646421555e-05,0
2.1803223534365925e-05,0
2.176729565493296e-05,0
2.1730541162112945e-05,0
2.1693660599905406e-05,0
2.1657862774775356e-05,0
2.1621500700151735e-05,0
2.1584998499640763e-05,0
2.1548972335455808e-05,0
2.151302079381e-05,0
2.1476776783689545e-05,0
2.1441001443248024e-05,0
2.1404992596087518e-05,0
2.1369195865216236e-05,0
2.1334103702111578e-05,0
2.129809744047253e-05,0
2.1262499003974115e-05,0
2.1226514125488344e-05,0
2.119129711153911e-05,0
2.1155973403007748e-05,0
2.1120423870531445e-05,0
2.108546803417343e-05,0
2.105036073962774e-05,0
2.1015073193342776e-05,0
2.0980250202885607e-05,0
2.0945054162251426e-05,0
2.0910054276341395e-05,0
2.087573653456391e-05,0
2.084082584250188e-05,0
2.0806194140603672e-05,0
2.0771959974870075e-05,0
2.073722656708608e-05,0
2.0702907808947314e-05,0
2.066869517754818e-05,0
2.063438268596071e-05,0
2.0600434911686172e-05,0
2.05664855584085e-05,0
2.0532309688940998e-05,0
2.049815915196727e-05,0
2.046440622939824e-05,0
2.043098560991597e-05,0
2.0397016976091036e-05,0
2.036336846971749e-05,0
2.033001597185983e-05,0
2.0296369570264033e-05,0
2.026309896825806e-05,0
2.0229656160920817e-05,0
2.0196663207041725e-05,0
2.016377734919289e-05,0
2.0130725823947253e-05,0
2.0098050800562433e-05,0
2.0064465067840243e-05,0
2.003256277256746e-05,0
2.000007235396273e-05,0
1.996755035973936e-05,0
1.993469271149206e-05,0
1.990221552890541e-05,0
1.9870199078864838e-05,0
1.9838027696338e-05,0
1.9805733681664943e-05,0
1.9774152930780372e-05,0
1.9741753152759373e-05,0
1.9709847292524527e-05,0
1.967816787426024e-05,0
1.9646379753201122e-05,0
1.9614815084116584e-05,0
1.958419781512721e-05,0
1.955225454694244e-05,0
1.9521442374735342e-05,0
1.9489874249777904e-05,0
1.9458700314191694e-05,0
1.9428042383157545e-05,0
1.939706481032265e-05,0
1.9365816893584235e-05,0
1.9335381755294376e-05,0
1.9304703082792588e-05,0
1.9274776713804875e-05,0
1.9244212426667464e-05,0
1.9214146577207002e-05,0
1.9183645505614556e-05,0
1.9153164303159614e-05,0
1.9123741506640255e-05,0
1.9093356183624778e-05,0
1.90633810433474e-05,0
1.9033780140180642e-05,0
1.9004462585610035e-05,0
1.897501062017231e-05,0
1.8945946544908957e-05,0
1.8916304074425642e-05,0
1.888706738429041e-05,0
1.8858218287516343e-05,0
1.882933371337466e-05,0
1.88002497358444e-05,0
1.877151119311331e-05,0
1.874272669538071e-05,0
1.871448781157122e-05,0
1.8686002975245274e-05,0
1.8657560975901102e-05,0
1.862927940097754e-05,0
1.8601157907589355e-05,0
1.857290909437827e-05,0
1.854528427923597e-05,0
1.851714822124465e-05,0
1.8489565282618215e-05,0
1.8462282543790417e-05,0
1.843470379746373e-05,0
1.8407122276618144e-05,0
1.8379910418316017e-05,0
1.835281300024771e-05,0
1.832610750333781e-05,0
1.829906393381211e-05,0
1.8272179259982486e-05,0
1.824550228293265e-05,0
1.8219061232323993e-05,0
1.8192717574546794e-05,0
1.8166050277292578e-05,0
1.813947099438353e-05,0
1.8113440433740217e-05,0
1.8087011217877797e-05,0
1.8061160368778057e-05,0
1.8035347390518596e-05,0
1.80097926769377e-05,0
1.7984372638167515e-05,0
1.7958806688852666e-05,0
1.7933745754945982e-05,0
1.7908550774884957e-05,0
1.7883318034406507e-05,0
1.7857832947774575e-05,0
1.7833343751446172e-05,0
1.780849499982156e-05,0
1.7783594416664015e-05,0
1.7759121577509386e-05,0
1.7734849142467746e-05,0
1.7710240338317754e-05,0
1.768665345301719e-05,0
1.76623120977218e-05,0
1.7638284790134925e-05,0
1.773256583223913e-05,0
1.7837886321095946e-05,0
1.766272743332906e-05,0
1.680430425208937e-05,0
1.494477766428905e-05,0
1.2092206317132578e-05,0
8.854712348309233e-06,0
6.700678899889896e-06,0
8.156496723155908e-06,0
9.870321636787568e-05,0
6.644373074615685e-05,0
4.4506738057717255e-05,0
3.0613299713426616e-05,0
2.239456313831716e-05,0
1.799319145230242e-05,0
1.6120838768221062e-05,0
1.5876722822591927e-05,0
1.6512397867745305e-05,0
1.7245503786509466e-05,0
1.7207864606199427e-05,0
1.7169637895979387e-05,0
1.7132460212138886e-05,0
1.709475538511713e-05,0
1.7056886963361878e-05,0
1.701943679163211e-05,0
1.6981837867232794e-05,0
1.6943991600617362e-05,0
1.6906977898555647e-05,0
1.6869552625318303e-05,0
1.6831928829573627e-05,0
1.6794727277506856e-05,0
1.67578966035248e-05,0
1.672073547998653e-05,0
1.668359194359594e-05,0
1.664667947177052e-05,0
1.661026815290089e-05,0
1.6573107835751307e-05,0
1.6536320303164948e-05,0
1.6499655813320095e-05,0
1.6463099868769604e-05,0
1.6426023355125256e-05,0
1.6389529036752284e-05,0
1.6353050944224768e-05,0
1.631668878209964e-05,0
1.628013884937822e-05,0
1.624378094482165e-05,0
1.6207501277085222e-05,0
1.6170983555759535e-05,0
1.6134540551244087e-05,0
1.6098908457496638e-05,0
1.606282022824786e-05,0
1.602679599140017e-05,0
1.599066831607259e-05,0
1.59548428546647e-05,0
1.591885816699231e-05,0
1.588320749913961e-05,0
1.584703113872264e-05,0
1.5811686714707083e-05,0
1.577621923106171e-05,0
1.5740403747665257e-05,0
1.5705005537177802e-05,0
1.5669518267192588e-05,0
1.563433868587106e-05,0
1.5599105420069027e-05,0
1.55633919451779e-05,0
1.5528545357136784e-05,0
1.5493763957471996e-05,0
1.545839759081499e-05,0
1.5423586458497367e-05,0
1.538820017852419e-05,0
1.5353782905080812e-05,0
1.5318914370527348e-05,0
1.5284188219275738e-05,0
1.5249208941458439e-05,0
1.5214687564871805e-05,0
1.518004115614788e-05,0
1.5145604073859346e-05,0
1.5111035032299324e-05,0
1.5076687823709587e-05,0
1.504288602764018e-05,0
1.5008178540364114e-05,0
1.4974101496257861e-05,0
1.4940213600741747e-05,0
1.4905964999494567e-05,0
1.4872475696916232e-05,0
1.4838454463525375e-05,0
1.4804391901009518e-05,0
1.4770797924506837e-05,0
1.4736945155428475e-05,0
1.4703368079910904e-05,0
1.466971308452658e-05,0
1.4636047249060287e-05,0
1.4602728454764562e-05,0
1.4569249110052042e-05,0
1.453600540288395e-05,0
1.4503104405983118e-05,0
1.4469898782158367e-05,0
1.4436473054081979e-05,0
1.4403455797852568e-05,0
1.4370557216953425e-05,0
1.4337493434416118e-05,0
1.4304650466992122e-05,0
1.427159316816676e-05,0
1.4239297231936653e-05,0
1.4206484955670476e-05,0
1.417410639869654e-05,0
1.4141702614159407e-05,0
1.4109058442202436e-05,0
1.4076774088755772e-05,0
1.4044053255441694e-05,0
1.4012148940924278e-05,0
1.39796334393545e-05,0
1.3947694896773486e-05,0
1.3915697475301784e-05,0
1.3883828175351305e-05,0
1.3851713506326374e-05,0
1.381988080836833e-05,0
1.3788462570722898e-05,0
1.375682406855506e-05,0
1.3725197278714618e-05,0
1.3693505136814417e-05,0
1.3662193335474399e-05,0
1.363070340243923e-05,0
1.3599151393330221e-05,0
1.3567996922140089e-05,0
1.3536611667096393e-05,0
1.3505641561666469e-05,0
1.347492018764887e-05,0
1.3443700124014029e-05,0
1.3413009750317155e-05,0
1.3382312190652278e-05,0
1.3351399731390061e-05,0
1.332074366892045e-05,0
1.3289957507732974e-05,0
1.3259487041278054e-05,0
1.3229180299573313e-05,0
1.3198749252306106e-05,0
1.3168599429100344e-05,0
1.313843432507487e-05,0
1.3108461924073243e-05,0
1.3077984082402283e-05,0
1.3047698686332857e-05,0
1.3017991849695524e-05,0
1.2988192706560987e-05,0
1.2958265219929886e-05,0
1.2929066579385721e-05,0
1.2899367388598986e-05,0
1.2870104159506443e-05,0
1.2840522037766772e-05,0
1.2810910760809537e-05,0
1.2781472477753433e-05,0
1.2752153729173857e-05,0
1.2723277145235992e-05,0
1.2694261482271486e-05,0
1.266521981699725e-05,0
1.2636515360147919e-05,0
1.2607639304654996e-05,0
1.2578813171304429e-05,0
1.2550310236908773e-05,0
1.2521547201972052e-05,0
1.249299989389192e-05,0
1.2464347347474401e-05,0
1.2436052866996594e-05,0
1.2407793169760018e-05,0
1.2379569783620492e-05,0
1.235163582306765e-05,0
1.2323968893328597e-05,0
1.2295918253532128e-05,0
1.226795256403293e-05,0
1.2240675511396456e-05,0
1.221275657674083e-05,0
1.2185015453929546e-05,0
1.2157936041856442e-05,0
1.2130312020233904e-05,0
1.2103228415121934e-05,0
1.2075646104031727e-05,0
1.2048575787613828e-05,0
1.2021774035349576e-05,0
1.1994695390557394e-05,0
1.1967951912790294e-05,0
1.194119393045152e-05,0
1.1914494717759395e-05,0
1.1887685449027438e-05,0
1.1861346508769678e-05,0
1.1835333878418974e-05,0
1.1808854319718309e-05,0
1.178242478413441e-05,0
1.1756446174555163e-05,0
1.173060346050861e-05,0
1.1704367514934016e-05,0
1.167875259955488e-05,0
1.1653177725154526e-05,0
1.1627550394409582e-05,0
1.1601676455402453e-05,0
1.1576196699090373e-05,0
1.1551105143850285e-05,0
1.1525801043521314e-05,0
1.1500682222266635e-05,0
1.1475766993647679e-05,0
1.1450813578342037e-05,0
1.1426064128254638e-05,0
1.1400950816711329e-05,0
1.1376227795249029e-05,0
1.1352237435115312e-05,0
1.1327664588631316e-05,0
1.1303590624527769e-05,0
1.1279207638465327e-05,0
1.1255249952566179e-05,0
1.1231046728447874e-05,0
1.1207321666374605e-05,0
1.1183499895903932e-05,0
1.1159949870056464e-05,0
1.1136573065767777e-05,0
1.111313652154028e-05,0
1.1089764166349068e-05,0
1.10667389619718e-05,0
1.1043651897897735e-05,0
1.1020825883226619e-05,0
1.0997874001698336e-05,0
1.0974909361443892e-05,0
1.0952573527173186e-05,0
1.092986734777408e-05,0
1.0907688009401698e-05,0
1.088518460850502e-05,0
1.086308688167018e-05,0
1.0841073672089603e-05,0
1.0819466348278468e-05,0
1.079740158288769e-05,0
1.077594855649077e-05,0
1.0754580950644081e-05,0
1.073314750721771e-05,0
1.0711817661639019e-05,0
1.0690750805924068e-05,0
1.0669994054826601e-05,0
1.0648955792604854e-05,0
1.062811554807771e-05,0
1.0607857453010714e-05,0
1.0587214325303807e-05,0
1.0566793109793872e-05,0
1.0546963228424552e-05,0
1.0526702767207515e-05,0
1.0506952031818496e-05,0
1.0487437204546033e-05,0
1.0467445710774442e-05,0
1.0448010860513647e-05,0
1.04286873889903e-05,0
1.0409644902634865e-05,0
1.0390844166670466e-05,0
1.0372082821752992e-05,0
1.0353312900415328e-05,0
1.0334771040756519e-05,0
1.0316231838839509e-05,0
1.0298344868791026e-05,0
1.0280208625282697e-05,0
1.0262069979856704e-05,0
1.024436889393703e-05,0
1.0226557730864722e-05,0
1.020902501794191e-05,0
1.0191851859597616e-05,0
1.0174818195164598e-05,0
1.0158106959418529e-05,0
1.0141332402850616e-05,0
1.0124767248425607e-05,0
1.0108337050245682e-05,0
1.0091788535905477e-05,0
1.0076131027112176e-05,0
1.005985524376182e-05,0
1.0044366843772513e-05,0
1.0028820092997429e-05,0
1.0013520171555149e-05,0
9.998497881303242e-06,0
9.983050576648935e-06,0
9.968492890926788e-06,0
9.9539988133044e-06,0
9.93984176615774e-06,0
9.92535549300952e-06,0
9.911314601068241e-06,0
9.897768963581963e-06,0
9.884006204077454e-06,0
9.8703492018136e-06,0
9.857511569065462e-06,0
9.84424480350264e-06,0
9.831469824623211e-06,0
9.818990334610177e-06,0
9.80645287085028e-06,0
9.794091194787993e-06,0
9.782278139360946e-06,0
9.770468573518385e-06,0
9.75898204416502e-06,0
9.747509278380521e-06,0
9.73650928464321e-06,0
9.72555737286235e-06,0
9.71490117686023e-06,0
9.70446303977297e-06,0
9.694317070018963e-06,0
9.684449103205204e-06,0
9.67459893935477e-06,0
9.665361016946214e-06,0
9.655901562623063e-06,0
9.646907126880943e-06,0
9.638080958596135e-06,0
9.629723545465054e-06,0
9.621328717883373e-06,0
9.613613678971668e-06,0
9.606025064927155e-06,0
9.598049040805058e-06,0
9.591088599247388e-06,0
9.58416280586457e-06,0
9.577552784145503e-06,0
9.571153059802414e-06,0
9.56486060151945e-06,0
9.559019347247879e-06,0
9.5534404056262e-06,0
9.548179059696445e-06,0
9.5428509903782e-06,0
9.538391324671156e-06,0
9.534240534483369e-06,0
9.529706511199e-06,0
9.525969374231392e-06,0
9.522669567521166e-06,0
9.519220706503146e-06,0
9.516226420237723e-06,0
9.513472506433045e-06,0
9.511272470256155e-06,0
9.509160639379699e-06,0
9.507344675658509e-06,0
9.505942643957953e-06,0
9.504895511915325e-06,0
9.504101045917155e-06,0
9.503663467746204e-06,0
9.503861590498029e-06,0
9.503691925723855e-06,0
9.5042511586075e-06,0
9.50543317726972e-06,0
9.506680243409055e-06,0
9.508275343112222e-06,0
9.51038403669076e-06,0
9.512305140611737e-06,0
9.514997345770272e-06,0
9.518137643317406e-06,0
9.52150125561057e-06,0
9.52552791130048e-06,0
9.529574177436233e-06,0
9.534291534014371e-06,0
9.539228283743454e-06,0
9.544197291865276e-06,0
9.550128168882263e-06,0
9.556365474810952e-06,0
9.562515605338855e-06,0
9.569749318709763e-06,0
9.576618831855996e-06,0
9.584202032415686e-06,0
9.592631355547645e-06,0
9.601047077899887e-06,0
9.609789273067593e-06,0
9.619216926272916e-06,0
9.628983582806658e-06,0
9.639170624470231e-06,0
9.649950249750903e-06,0
9.660555004048777e-06,0
9.672148929069508e-06,0
9.684242533922944e-06,0
9.69662680600727e-06,0
9.709637695870152e-06,0
9.722931441772722e-06,0
9.73709172052945e-06,0
9.751284995240888e-06,0
9.765942359631355e-06,0
9.781382613405997e-06,0
9.796880939505592e-06,0
9.813081903233318e-06,0
9.830184050763216e-06,0
9.84750741957488e-06,0
9.86485814263748e-06,0
9.883362060574835e-06,0
9.901752769858875e-06,0
9.921305886444641e-06,0
9.941108112624281e-06,0
9.961816567364122e-06,0
9.982679663050804e-06,0
1.000395688505274e-05,0
1.0025788310008709e-05,0
1.0048443845569899e-05,0
1.0071422071918107e-05,0
1.009536097972936e-05,0
1.0119249841549275e-05,0
1.0144200546997454e-05,0
1.0169619425092851e-05,0
1.0195463942207915e-05,0
1.022190586244885e-05,0
1.0248873008125916e-05,0
1.0276694395990459e-05,0
1.0305142056718885e-05,0
1.0334113668607282e-05,0
1.0363465498225053e-05,0
1.0393748353632393e-05,0
1.0424724621247681e-05,0
1.0456313290135409e-05,0
1.0488434798859206e-05,0
1.0521013525404414e-05,0
1.0554290860624515e-05,0
1.0588361183849838e-05,0
1.0622952139842812e-05,0
1.0658516212561322e-05,0
1.0694268680247453e-05,0
1.073161097311653e-05,0
1.0768926142868323e-05,0
1.0807169345985218e-05,0
1.0846238361624732e-05,0
1.0885336674468178e-05,0
1.0926086426366028e-05,0
1.0966931911680882e-05,0
1.1008728817793746e-05,0
1.1051003002484944e-05,0
1.109448681250628e-05,0
1.1138253933704223e-05,0
1.1183054388254755e-05,0
1.1228404969532802e-05,0
1.1274756519419469e-05,0
1.1322036061918015e-05,0
1.1369780842648374e-05,0
1.1418341027491954e-05,0
1.1467950203067619e-05,0
1.1518543709174745e-05,0
1.1569276746733703e-05,0
1.1620970298906549e-05,0
1.1673867356907248e-05,0
1.1727368854871962e-05,0
1.1781989000719041e-05,0
1.1837400935698155e-05,0
1.18935453171678e-05,0
1.123190048205737e-05,0
1.0007292664249866e-05,0
1.0401245402279326e-05,0
2.0653169081434092e-05,0
6.678684838134205e-05,0
0.00021322099236885663,0
0.0005834108082340846,0
0.0013644961325086009,0
0.002786157348559892,1
0.003649107370191196,1
0.002085269050862769,1
0.0011784839587528505,0
0.0007011023672445645,0
0.0004430914229380585,0
0.0002815844781519022,0
0.00017090528829793279,0
9.986166226286838e-05,0
6.118337311584638e-05,0
4.5379665166804165e-05,0
4.585839399937296e-05,0
4.634104064517325e-05,0
4.6828731015384916e-05,0
4.7321720536379134e-05,0
4.7819399217917503e-05,0
4.832412846934561e-05,0
4.883242098070024e-05,0
4.934613427930005e-05,0
4.986619961373473e-05,0
5.039195348126366e-05,0
5.092163389600389e-05,0
5.14583506601204e-05,0
5.19991812886615e-05,0
5.2547036163995006e-05,0
5.309979155751594e-05,0
5.365847495195141e-05,0
5.422225062046132e-05,0
5.4792861245384085e-05,0
5.536825839289023e-05,0
5.595006729481143e-05,0
5.653749739510425e-05,0
5.7131469239668035e-05,0
5.7732158091300456e-05,0
5.833816771035893e-05,0
5.8949690188909504e-05,0
5.9567806166806035e-05,0
6.019237191333971e-05,0
6.082297763737816e-05,0
6.145966366246499e-05,0
6.210260965948927e-05,0
6.275208563160372e-05,0
6.340839706576705e-05,0
6.541447346853487e-05,0
6.944670043833605e-05,0
7.746015002027484e-05,0
9.780563767467403e-05,0
0.0001600395467926894,0
0.00033947346411976966,0
0.0007996770139878723,0
0.0018694496864721947,1
0.004113769995878442,1
0.010327292965887963,1
0.00604586313519239,1
0.0032912029829981117,1
0.00165053232947872,1
0.0007479429792109277,0
0.00029906910692970105,0
0.00010654753478282368,0
4.2082824404953606e-05,0
2.8547267368599143e-05,0
2.6813169788675285e-05,0
2.6417678183288144e-05,0
2.602400870765582e-05,0
2.5632321865335922e-05,0
2.5241749284126492e-05,0
2.4853745904771757e-05,0
2.4467813489363834e-05,0
2.4083838654071092e-05,0
2.3702096925607427e-05,0
2.3323194611214266e-05,0
2.2945843812856344e-05,0
2.257061204306518e-05,0
2.219881663169803e-05,0
2.1828947232542005e-05,0
2.1462153505525977e-05,0
2.109792281996097e-05,0
2.07363721648651e-05,0
2.0378097009187156e-05,0
2.0022528114422845e-05,0
1.9669941991376247e-05,0
1.932148965863218e-05,0
1.8975376570489245e-05,0
1.863328771595191e-05,0
1.8294211813062845e-05,0
1.7958674318810483e-05,0
1.7627086553925854e-05,0
1.7299534561204873e-05,0
1.6974763308682124e-05,0
1.6654473140716747e-05,0
1.633825388843751e-05,0
1.6026465131308075e-05,0
1.571856113230771e-05,0
1.5415385070097754e-05,0
1.5115793691450045e-05,0
1.482107604260234e-05,0
1.4531143731979376e-05,0
1.4246308069775762e-05,0
1.3966339598067386e-05,0
1.3690570627512833e-05,0
1.3420207293604039e-05,0
1.315524598432459e-05,0
1.289524688189619e-05,0
1.2640880438777026e-05,0
1.239149255912799e-05,0
1.2147987184264976e-05,0
1.1909736057805657e-05,0
1.167778324745719e-05,0
1.145141649864466e-05,0
1.1231299249597415e-05,0
1.1017160053804467e-05,0
1.0809122203377679e-05,0
1.0607427310321367e-05,0
1.0412827485444167e-05,0
1.0223869073188902e-05,0
1.0041970822651056e-05,0
9.8668240434793e-06,0
9.698856804357465e-06,0
9.537529845441158e-06,0
9.383773397003891e-06,0
9.236849389753192e-06,0
9.097454470894277e-06,0
8.965684518567005e-06,0
8.841518771273969e-06,0
8.724925567356805e-06,0
8.616540777182212e-06,0
8.515759207057785e-06,0
8.423281558427783e-06,0
8.339371463862128e-06,0
8.263383714455628e-06,0
8.195831732516185e-06,0
8.137254652991585e-06,0
8.087262929630603e-06,0
8.046079447203018e-06,0
8.014070008140735e-06,0
7.991327971130147e-06,0
7.97755042708806e-06,0
7.973153264841836e-06,0
7.978293902695286e-06,0
7.993454094322002e-06,0
8.018046484324884e-06,0
8.052733992072884e-06,0
8.097432042497524e-06,0
8.152403480049936e-06,0
8.21761456397734e-06,0
8.293521239653248e-06,0
8.379920899727216e-06,0
8.477059212032994e-06,0
8.585033834643488e-06,0
8.704218833094855e-06,0
8.834625161414522e-06,0
8.976191793628253e-06,0
9.129387100565657e-06,0
9.294038596415199e-06,0
9.470688905789405e-06,0
9.65875272398917e-06,0
9.859469550070575e-06,0
1.0071883187312183e-05,0
1.0296872475025472e-05,0
1.0534335976365594e-05,0
1.078456949997259e-05,0
1.1047273164546597e-05,0
1.1323359646834664e-05,0
1.1612144481984546e-05,0
1.1914445905426166e-05,0
1.2229977945046828e-05,0
1.2558980691917447e-05,0
1.2902196635750727e-05,0
1.3258805174817547e-05,0
1.3629583971443352e-05,0
1.4014637311861023e-05,0
1.4413738444903835e-05,0
1.4827523384684337e-05,0
1.525581192826054e-05,0
1.5699270863163848e-05,0
1.615754005782745e-05,0
1.6630810453384144e-05,0
1.711974888958464e-05,0
1.762343157713803e-05,0
1.8142905119115864e-05,0
1.867855270317703e-05,0
1.9230131504302203e-05,0
1.979743488436313e-05,0
2.0381633330208922e-05,0
2.0982320017937507e-05,0
2.1598830862948906e-05,0
2.2232543553016666e-05,0
2.2882912201632687e-05,0
2.3551450048102567e-05,0
2.423594478608982e-05,0
2.4938480106880844e-05,0
2.5658604194814576e-05,0
2.639686060304812e-05,0
2.7153053505341114e-05,0
2.792724177521246e-05,0
2.871946641581848e-05,0
2.952988813779445e-05,0
3.0360122422623902e-05,0
3.120864370774074e-05,0
3.207614380304315e-05,0
3.2962307395313265e-05,0
3.386955751677955e-05,0
3.479527661353441e-05,0
3.574020725688364e-05,0
3.670585881816597e-05,0
3.7691054793796286e-05,0
3.869793982255461e-05,0
3.9723290885336196e-05,0
4.077057077764105e-05,0
4.183834390828015e-05,0
4.2927069641735694e-05,0
4.4037209757374913e-05,0
4.516898963147101e-05,0
4.63212825808016e-05,0
4.74973437263056e-05,0
4.86939520060559e-05,0
4.9912791486533966e-05,0
5.115377253390734e-05,0
5.2419144305462945e-05,0
5.370507054578266e-05,0
5.50154361969197e-05,0
5.634771233476405e-05,0
5.7703759260257726e-05,0
5.908307767824088e-05,0
6.048660747103021e-05,0
6.19130088372018e-05,0
6.336525202283103e-05,0
6.483964155790955e-05,0
6.63400670867796e-05,0
6.786374764078232e-05,0
6.941370869070815e-05,0
7.098848266726489e-05,0
7.258764216712503e-05,0
7.421419653151855e-05,0
7.586437170931494e-05,0
7.754254356216279e-05,0
7.924517789960343e-05,0
8.097513373194352e-05,0
8.273046736618598e-05,0
8.451220015086171e-05,0
8.632127883341632e-05,0
8.815884473270163e-05,0
9.0021693365843e-05,0
9.191381537235396e-05,0
9.383302249217275e-05,0
9.577966026790869e-05,0
9.775487024926185e-05,0
9.975797841155936e-05,0
0.00010178903039734135,0
0.00010385155622764804,0
0.0001059405181068992,0
0.00010805996079362133,0
0.00011020803434948636,0
0.00011238610682614231,0
0.00011459328091151075,0
0.00011683188609176819,0
0.00011909951244325293,0
0.0001213982805901937,0
0.00012372724829942902,0
0.000126087378928044,0
0.00012847980606353187,0
0.00013090128080517813,0
0.00013335684040017033,0
0.00013584239388311295,0
0.00013836057332696766,0
0.00014091010379971929,0
0.00014349151097915993,0
0.0001461066635142118,0
0.00014875587293233897,0
0.0001514354237562644,0
0.00015415152333575485,0
0.00015689931772702799,0
0.00015968020085892494,0
0.00016249650693133508,0
0.00016534616867346042,0
0.00016822953654434613,0
0.00017114949329749906,0
0.00015568188401393897,0
0.0001365948838273768,0
0.0001574845749897452,0
0.00032061348096848816,0
0.0009657800377097866,0
0.0031056221511684638,1
0.009144320709154635,1
0.023559019822233466,1
0.052639049121130994,1
0.030205490990955933,1
0.008730491977784943,1
0.0012804025531349635,0
3.233486738368482e-06,0
0.0004906620661683784,0
0.0009615352346284467,0
0.0009198123875828892,0
0.0005269088153759444,0
0.00017601376337169724,0
6.564619539585869e-05,0
0.00013748337653017085,0
0.00031614941179565324,0
0.0007139434949789653,0
0.0015100202470120715,1
0.0029525107167726466,1
0.0038418957869543816,1
0.0022670740643549545,1
0.0013405293070893286,0
0.0008412280839647569,0
0.0005637998728135468,0
0.0003816199006318804,0
0.00024318757276703252,0
0.0001403113408055796,0
7.610707030819544e-05,0
4.7441105930027664e-05,0
4.729463904293683e-05,0
4.7148837033943496e-05,0
4.700284194421217e-05,0
4.6856962508235704e-05,0
4.671130439147679e-05,0
4.656618043875243e-05,0
4.6420728452036186e-05,0
4.627645371209763e-05,0
4.613157535314654e-05,0
4.598645066963386e-05,0
4.584322273255319e-05,0
4.569898866731344e-05,0
4.555542584029383e-05,0
4.541224454284005e-05,0
4.52689101803812e-05,0
4.512582735088341e-05,0
4.498372539079994e-05,0
4.484139059732646e-05,0
4.469862306803523e-05,0
4.45564892492457e-05,0
4.441428452384431e-05,0
4.427322972684332e-05,0
4.413155537149442e-05,0
4.39905506255301e-05,0
4.385011844711547e-05,0
4.3709169014475603e-05,0
4.3569234910328666e-05,0
4.342862063154326e-05,0
4.3288860330344254e-05,0
4.314922644639059e-05,0
4.3009978643447775e-05,0
4.341820248022382e-05,0
4.392026166200118e-05,0
4.5059211934162e-05,0
5.2263816115395184e-05,0
8.428274585042907e-05,0
0.00018453058229777217,0
0.0004328789304152315,0
0.000955497029741848,0
0.0019314680213437822,1
0.0032393053714413005,1
0.0018245524074529133,1
0.0009514417948751098,0
0.00045984620528855994,0
0.00020363769666547377,0
8.040679720021939e-05,0
2.874169055082712e-05,0
1.5264551686455953e-05,0
2.1236699497689953e-05,0
3.19471381303398e-05,0
3.1910575342023905e-05,0
3.187418594538624e-05,0
3.1837725660577546e-05,0
3.180132064215735e-05,0
3.176515706127842e-05,0
3.172803786515456e-05,0
3.169203377879659e-05,0
3.165461430207122e-05,0
3.1618983781919644e-05,0
3.1581633066597504e-05,0
3.1544391885789595e-05,0
3.150792899436226e-05,0
3.147124254512693e-05,0
3.1434234594223493e-05,0
3.139745635426909e-05,0
3.1359873593566846e-05,0
3.1322442817211145e-05,0
3.128547245026818e-05,0
3.124783017112928e-05,0
3.1210953916270486e-05,0
3.1173403956382736e-05,0
3.113663694364651e-05,0
3.1099184633935976e-05,0
3.106162976798189e-05,0
3.1024341439032836e-05,0
3.098616030526262e-05,0
3.094902650929924e-05,0
3.0911589062927515e-05,0
3.08734830304985e-05,0
3.0835919358474785e-05,0
3.079884568959932e-05,0
3.0760636114030974e-05,0
3.072253280867019e-05,0
3.0684810466162226e-05,0
3.064684697836971e-05,0
3.0609144442035594e-05,0
3.057133085018245e-05,0
3.0532539065240544e-05,0
3.0494929804497227e-05,0
3.0457084794714957e-05,0
3.041881017760753e-05,0
3.0380529534106024e-05,0
3.03423338238052e-05,0
3.0303928769640793e-05,0
3.0265695483332585e-05,0
3.02270842383962e-05,0
2.791222143470591e-05,0
3.068132009805767e-05,0
5.673388215774561e-05,0
0.00016025004939836766,0
0.0004987998790318642,0
0.001441469760147381,0
0.003689425165838346,1
0.008361575785338185,1
0.016978787378572644,1
0.006914118317041109,1
0.0019045243491193564,1
0.00023945452083845583,0
0.00012457755606570936,0
0.00038151558611133825,0
0.000507320929186038,0
0.00042481319370084964,0
0.0002472853834200617,0
0.0001038701605120957,0
4.1671108837833245e-05,0
4.1682161006516515e-05,0
4.169363688203668e-05,0
4.170434513486692e-05,0
4.171592037186101e-05,0
4.1726050608728024e-05,0
4.173697796436548e-05,0
4.174757273189767e-05,0
4.1758016904626085e-05,0
4.1768680744099576e-05,0
4.177852622869196e-05,0
4.17885994978886e-05,0
4.179839182662925e-05,0
4.1808159311984676e-05,0
4.18176843305075e-05,0
4.182730956451429e-05,0
4.1836337954619426e-05,0
4.18457334182772e-05,0
4.1854849483826505e-05,0
4.186370093738689e-05,0
4.187203604237466e-05,0
4.18815985013967e-05,0
4.188973199887634e-05,0
4.189815788651069e-05,0
4.1906542503026004e-05,0
4.1914697228459686e-05,0
4.192279426184614e-05,0
4.193113807666434e-05,0
4.193860211110301e-05,0
4.1946566895768366e-05,0
4.1954149519114834e-05,0
4.1961400491436455e-05,0
4.196878982408003e-05,0
4.197631215222693e-05,0
4.1983336769950435e-05,0
4.199052786751893e-05,0
4.1997195659199364e-05,0
4.200382671499864e-05,0
4.2010141443048876e-05,0
4.2017036446589136e-05,0
4.202318500174865e-05,0
4.2029083606329854e-05,0
4.203538312829062e-05,0
4.204155959769423e-05,0
4.204741408935392e-05,0
4.205286932952737e-05,0
4.205845850130527e-05,0
4.206460853900284e-05,0
4.2070073818169895e-05,0
4.207517808653922e-05,0
4.208005926691424e-05,0
4.2085561720171754e-05,0
4.2090025134994365e-05,0
4.20947403284385e-05,0
4.2099529837261065e-05,0
4.210421717870637e-05,0
4.210818598073449e-05,0
4.2113001355027454e-05,0
4.2117525929749075e-05,0
4.212160744090939e-05,0
4.212545232334722e-05,0
4.212942817370532e-05,0
4.2133056930802376e-05,0
4.2137143824149455e-05,0
4.2141054264224396e-05,0
4.214424385934497e-05,0
4.2147253265280657e-05,0
4.215071857495654e-05,0
4.215317190741971e-05,0
4.215686644009551e-05,0
4.215958886441373e-05,0
4.216267453399366e-05,0
4.2164779970951756e-05,0
4.216820212391456e-05,0
4.217053140364578e-05,0
4.217269021681347e-05,0
4.217484044469476e-05,0
4.2177485964558965e-05,0
4.217884478981579e-05,0
4.218095405497474e-05,0
4.2182894793713507e-05,0
4.218496831258946e-05,0
4.218628519651844e-05,0
4.218785747038196e-05,0
4.21890098055027e-05,0
4.2190221036371085e-05,0
4.219157429149196e-05,0
4.219244349118423e-05,0
4.2193598439950556e-05,0
4.219511164826396e-05,0
4.2195410237469644e-05,0
4.219636516354333e-05,0
4.2196857883129695e-05,0
4.2197425110151965e-05,0
4.219757862899664e-05,0
4.2198143858107025e-05,0
4.219786161721358e-05,0
4.219806611777049e-05,0
4.2197589423065887e-05,0
4.21979979328906e-05,0
4.2197544602501174e-05,0
4.219753382221729e-05,0
4.219752588142085e-05,0
4.219647444113218e-05,0
4.2195958261150163e-05,0
4.2195001134032516e-05,0
4.219402162710501e-05,0
4.219375335697751e-05,0
4.219258382987976e-05,0
4.219093271685441e-05,0
4.219029350395996e-05,0
4.21893220291903e-05,0
4.2187359028043285e-05,0
4.2186169231581235e-05,0
4.2184493288577e-05,0
4.218263136796345e-05,0
4.218081720432133e-05,0
4.217952216118018e-05,0
4.217704173117016e-05,0
4.217543459054442e-05,0
4.2173062750143004e-05,0
4.217105714830993e-05,0
4.225185982099754e-05,0
4.2157380249188815e-05,0
4.139023650545165e-05,0
3.935337417478011e-05,0
3.5560287913106616e-05,0
2.9880245049106524e-05,0
2.2789079805040172e-05,0
1.5582618594964997e-05,0
1.0493243988432637e-05,0
0.00013659158792268198,0
9.925612317235354e-05,0
7.271522540544481e-05,0
5.522886035269626e-05,0
4.4613913372503276e-05,0
3.896446113069203e-05,0
3.6789927897761485e-05,0
3.6889796937437346e-05,0
3.815721639883874e-05,0
3.94209931231334e-05,0
3.94218807937732e-05,0
3.9422866091320254e-05,0
3.942378773915053e-05,0
3.942470413204141e-05,0
3.94250895509628e-05,0
3.9425498808910724e-05,0
3.94255591588424e-05,0
3.9426566007170574e-05,0
3.94273099938182e-05,0
3.9427587118121854e-05,0
3.9427908741108364e-05,0
3.9428520901356746e-05,0
3.942909848061148e-05,0
3.9428660087544834e-05,0
3.9429115376081415e-05,0
3.942906265356667e-05,0
3.9429133105349217e-05,0
3.942929729954047e-05,0
3.942971385485643e-05,0
3.94293475547681e-05,0
3.942958041523063e-05,0
3.9429424741379896e-05,0
3.942867994206594e-05,0
3.942887885355175e-05,0
3.94282057831757e-05,0
3.942818932473515e-05,0
3.942787166284038e-05,0
3.942720478020562e-05,0
3.942695989445391e-05,0
3.9425876327699814e-05,0
3.9425618369732877e-05,0
3.942511213439707e-05,0
3.9424197562099195e-05,0
3.942331706778319e-05,0
3.942300111861452e-05,0
3.9422181706879696e-05,0
3.9421266571827926e-05,0
3.942011246770389e-05,0
3.941946111675226e-05,0
3.941881162302002e-05,0
3.9417584011289475e-05,0
3.9416787143354956e-05,0
3.941546714620398e-05,0
3.941413018084537e-05,0
3.941290233637723e-05,0
3.941200772650097e-05,0
3.941062719541822e-05,0
3.9408762336976165e-05,0
3.9407711582907484e-05,0
3.9405894879932945e-05,0
3.940500279725136e-05,0
3.940310909748616e-05,0
3.940147901530213e-05,0
3.939977055150793e-05,0
3.9398284567596766e-05,0
3.93967586047074e-05,0
3.939433506474654e-05,0
3.939285728304838e-05,0
3.939127034007859e-05,0
3.9388746752239475e-05,0
3.938717801497938e-05,0
3.938512221408661e-05,0
3.9383314057622036e-05,0
3.9381505041146966e-05,0
3.937866852743003e-05,0
3.937688667894663e-05,0
3.937452402407591e-05,0
3.937269387536616e-05,0
3.9370241425503406e-05,0
3.936798264345243e-05,0
3.936558652862743e-05,0
3.936335486790774e-05,0
3.9360573755323115e-05,0
3.935849076769613e-05,0
3.935600834969996e-05,0
3.935361584154379e-05,0
3.9350973489702655e-05,0
3.934788952965781e-05,0
3.93450222670547e-05,0
3.934225862586005e-05,0
3.93392776400665e-05,0
3.933620515250495e-05,0
3.933385912334158e-05,0
3.933046124082119e-05,0
3.93283391468165e-05,0
3.932484154616712e-05,0
3.932166698628129e-05,0
3.931848112619056e-05,0
3.931606915192901e-05,0
3.93126750854264e-05,0
3.9308846638422364e-05,0
3.9305311850102914e-05,0
3.930262598267808e-05,0
3.929934277852055e-05,0
3.92953632766366e-05,0
3.929191891526294e-05,0
3.928825388130167e-05,0
3.9284600209884024e-05,0
3.9281073875551413e-05,0
3.92775762837695e-05,0
3.927413351314918e-05,0
3.9270161899496334e-05,0
3.926681165244211e-05,0
3.92630479295363e-05,0
3.925891565047029e-05,0
3.9255042783280495e-05,0
3.925100882315613e-05,0
3.9246896285853814e-05,0
3.9243287034890875e-05,0
3.923957104508035e-05,0
3.923490169033711e-05,0
3.923092195484848e-05,0
3.9226273232160056e-05,0
3.922229683107121e-05,0
3.921790538853157e-05,0
3.921410955337632e-05,0
3.920935299445656e-05,0
3.920515892462872e-05,0
3.9200337887744704e-05,0
3.919599915055118e-05,0
3.919125311194468e-05,0
3.918669136730466e-05,0
3.918164511586729e-05,0
3.917732503816422e-05,0
3.917259998130966e-05,0
3.9167828256161904e-05,0
3.9163162337936955e-05,0
3.91583138803851e-05,0
3.915344331383103e-05,0
3.914841230995581e-05,0
3.914331960980692e-05,0
3.9138306454874915e-05,0
3.913334555462201e-05,0
3.912784570247226e-05,0
3.9123071181245846e-05,0
3.9117708214145564e-05,0
3.911232808752045e-05,0
3.910738666929405e-05,0
3.9101682981331454e-05,0
3.909615871449281e-05,0
3.9090830783229104e-05,0
3.908516116806085e-05,0
3.907977536623116e-05,0
3.907432457701405e-05,0
3.90685145709217e-05,0
3.9063249574464145e-05,0
3.905734596582601e-05,0
3.905137945335334e-05,0
3.9045656483738555e-05,0
3.903972058812105e-05,0
3.9033978207989746e-05,0
3.902843948128309e-05,0
3.902205784028255e-05,0
3.9016106449022395e-05,0
3.90098630499765e-05,0
3.9003866775869205e-05,0
3.8997758113899334e-05,0
3.899146524280175e-05,0
3.898520912284518e-05,0
3.897846858857879e-05,0
3.897224614013274e-05,0
3.896586143700247e-05,0
3.895928431416917e-05,0
3.895268245439595e-05,0
3.8945625218260025e-05,0
3.893970666510943e-05,0
3.893320335386952e-05,0
3.892603854433569e-05,0
3.891974802013133e-05,0
3.8912676768624515e-05,0
3.890587517613764e-05,0
3.889923201023641e-05,0
3.889207531653831e-05,0
3.888471301957227e-05,0
3.887816529507307e-05,0
3.8870792012850085e-05,0
3.886352814105843e-05,0
3.8856583618070174e-05,0
3.8849109761035046e-05,0
3.884230247101343e-05,0
3.8834704549237644e-05,0
3.882729972882929e-05,0
3.8820036915572796e-05,0
3.881234776939048e-05,0
3.880458541391258e-05,0
3.879717472338685e-05,0
3.8789366797592615e-05,0
3.878208447866139e-05,0
3.8773705830616525e-05,0
3.876565851007232e-05,0
3.875823602075138e-05,0
3.875011727301866e-05,0
3.8742508895755305e-05,0
3.8734220306801704e-05,0
3.8725770104096215e-05,0
3.871825085510033e-05,0
3.871004688693154e-05,0
3.8702122401626476e-05,0
3.8693798935303816e-05,0
3.8685501450340323e-05,0
3.8677154663238904e-05,0
3.866839003709859e-05,0
3.8660325238523714e-05,0
3.8651821220419846e-05,0
3.864250664684953e-05,0
3.863449034470424e-05,0
3.8625591881499565e-05,0
3.861699551998977e-05,0
3.860845031112147e-05,0
3.85994175580649e-05,0
3.8590370857439716e-05,0
3.858143357712252e-05,0
3.8572464376584626e-05,0
3.85629967275361e-05,0
3.855407441366042e-05,0
3.854525353860447e-05,0
3.853575894404558e-05,0
3.8526602497287816e-05,0
3.851726711282958e-05,0
3.850797074230388e-05,0
3.849875156202201e-05,0
3.848871701623533e-05,0
3.8478896756743854e-05,0
3.847001828967512e-05,0
3.8459969035629366e-05,0
3.8450396600986345e-05,0
3.8440452019735015e-05,0
3.8430254570546185e-05,0
3.8420818830996885e-05,0
3.841044500747553e-05,0
3.8400742865202923e-05,0
3.8390551557215804e-05,0
3.838033633449499e-05,0
3.83705888700336e-05,0
3.836027086654543e-05,0
3.834979053409688e-05,0
3.833986830967217e-05,0
3.832864982886491e-05,0
3.831826212354908e-05,0
3.83082620311438e-05,0
3.8297316932565366e-05,0
3.8287029843751644e-05,0
3.827613895833131e-05,0
3.826559693309072e-05,0
3.825427209657888e-05,0
3.8243934531433304e-05,0
3.82326437546596e-05,0
3.822170971751195e-05,0
3.8210871543786436e-05,0
3.819967137120455e-05,0
3.818877392167162e-05,0
3.817711077696722e-05,0
3.816597807781103e-05,0
3.8153924909968295e-05,0
3.81432862400231e-05,0
3.813147565008801e-05,0
3.81199156070644e-05,0
3.810826234418788e-05,0
3.809650546309826e-05,0
3.808467180895766e-05,0
3.80729912447461e-05,0
3.80610563031411e-05,0
3.8048961219160845e-05,0
3.8036520988336016e-05,0
3.802499932102669e-05,0
3.801277801317612e-05,0
3.800063114899885e-05,0
3.798832262203801e-05,0
3.7975915260179435e-05,0
3.796383653883776e-05,0
3.795109508783177e-05,0
3.793842483438685e-05,0
3.792618404389236e-05,0
3.7913461647301943e-05,0
3.7900323987184025e-05,0
3.788759563894811e-05,0
3.787488662694931e-05,0
3.786240645131416e-05,0
3.784943459301864e-05,0
3.783671210333103e-05,0
3.782324616800228e-05,0
3.781037400521402e-05,0
3.7797174407274495e-05,0
3.778358187960199e-05,0
3.777022154965774e-05,0
3.77569129828334e-05,0
3.774301699416144e-05,0
3.772958954704223e-05,0
3.771606254884938e-05,0
3.770241641069288e-05,0
3.768877536129608e-05,0
3.7674599029807805e-05,0
3.766078691117547e-05,0
3.7646717770146784e-05,0
3.763287748178348e-05,0
3.761895209340786e-05,0
3.7605014585950845e-05,0
3.7590145504607384e-05,0
3.757604503578363e-05,0
3.756155427218579e-05,0
3.7547109274938814e-05,0
3.753329173297506e-05,0
3.751801953863217e-05,0
3.750338067547094e-05,0
3.748834002253305e-05,0
3.747417157208681e-05,0
3.745900267326475e-05,0
3.744366993248634e-05,0
3.74288265909464e-05,0
3.741373069158177e-05,0
3.739894354681222e-05,0
3.738324099284418e-05,0
3.7368030036343616e-05,0
3.735285311956524e-05,0
3.733725738898011e-05,0
3.732166500771216e-05,0
3.7306251382271056e-05,0
3.729010291510783e-05,0
3.7274140547692234e-05,0
3.725894692806428e-05,0
3.724271657882644e-05,0
3.722720991167041e-05,0
3.721158180356431e-05,0
3.71952934338045e-05,0
3.7178860212113816e-05,0
3.716233500202699e-05,0
3.714644535920219e-05,0
3.7129900245953924e-05,0
3.711351016512205e-05,0
3.709712005876964e-05,0
3.708020141389756e-05,0
3.706336306435473e-05,0
3.70468891026659e-05,0
3.702979136843378e-05,0
3.701318766293021e-05,0
3.699586362703707e-05,0
3.6978739699845386e-05,0
3.696203103558525e-05,0
3.694484357714775e-05,0
3.6927270721403995e-05,0
3.690986484480991e-05,0
3.689222103684977e-05,0
3.6874789707324944e-05,0
3.68570715764965e-05,0
3.683951607190003e-05,0
3.682150948141928e-05,0
3.680382514954482e-05,0
3.678538128526559e-05,0
3.676770158739052e-05,0
3.674956228215424e-05,0
3.67310650085115e-05,0
3.6713083025953495e-05,0
3.669410928781513e-05,0
3.66764713035323e-05,0
3.66583714826188e-05,0
3.663982829918722e-05,0
3.662093873426025e-05,0
3.6602216500563895e-05,0
3.658398605708911e-05,0
3.6564484309196565e-05,0
3.654558033870183e-05,0
4.01358110742418e-05,0
3.4304387162719875e-05,0
1.378878409854637e-05,0
6.660668146915966e-05,0
0.0005596563225765812,0
0.0023988478711535525,1
0.007323076480669273,1
0.01812937189271455,1
0.03820540293277617,1
0.0609749404777381,1
0.0363089266575987,1
0.021081543986928533,1
0.011766695709486632,1
0.006192417677415212,1
0.0029773469512931246,1
0.0012645245645084334,0
0.00047883921718778685,0
0.00020848577485980634,0
0.00018667523603698715,0
0.00027434292539953284,0
0.0005204931912498527,0
0.0011475520076136899,0
0.002590663818440217,1
0.005609570685600615,1
0.003197495944180326,1
0.0018493262594534373,1
0.0012671804560183723,0
0.0010757995096366854,0
0.0009841798993899967,0
0.0008577071512722052,0
0.0007058549396194595,0
0.0006017802412355509,0
0.0005681274244195654,0
0.0005716429779124855,0
0.000575165700941581,0
0.0005787138045120234,0
0.0005822721663150302,0
0.0005858492998548623,0
0.0005894383207398405,0
0.0005930492476945607,0
0.0005966757868833162,0
0.0006003137997414202,0
0.0006039716905117812,0
0.0006076501942582479,0
0.0006113408091956149,0
0.000615048295208809,0
0.0006187711834560186,0
0.0006225101911574775,0
0.0006262703729649659,0
0.0006300433066434584,0
0.0006338351761860741,0
0.0006376422109906528,0
0.0006414660932462454,0
0.0006453084688224731,0
0.000649166508370359,0
0.0006530399920656942,0
0.0006569326213509934,0
0.0006608407663734849,0
0.0006647683763327411,0
0.0006687089645638576,0
0.0006726711247179558,0
0.0006766495692138602,0
0.0006806451580703782,0
0.0006846542380080704,0
0.0006886868637680795,0
0.0006927291885659753,0
0.0006967955367999,0
0.0007008754579441571,0
0.0007049766897427754,0
0.0007090892101520352,0
0.0007132250314822508,0
0.0007173780266970291,0
0.0007215438746455254,0
0.000725729499084957,0
0.000729931290456794,0
0.0007341551484104604,0
0.0007383944006827672,0
0.0007426500306355481,0
0.0007469285058601311,0
0.0007512193870673379,0
0.0007555318240316462,0
0.0007598584135197691,0
0.000764206236133406,0
0.000768568778479293,0
0.0007729514789873325,0
0.0007773535200466509,0
0.0007817703831594953,0
0.0007862059534827986,0
0.0007906645142587084,0
0.000795134863695143,0
0.0007996282420680618,0
0.0008041376926914115,0
0.0008086682926161447,0
0.0008132143214149186,0
0.0008177790200792832,0
0.000822363091647546,0
0.0008269645524039802,0
0.0008315873796411278,0
0.0008362234687250767,0
0.0008408834562816485,0
0.000845559248196632,0
0.0008502559969481818,0
0.0008549684488064283,0
0.000859701334186687,0
0.0008644533039735801,0
0.0008692214926083202,0
0.0008740113352318743,0
0.0008788204919351408,0
0.0008836473625175246,0
0.0008884929709927525,0
0.0008933587321288441,0
0.0008982412420022608,0
0.0009031432351486262,0
0.0009080678869984906,0
0.0009130109346848035,0
0.0009179690376037221,0
0.0009229513922565562,0
0.0009279465749896886,0
0.0009329706881588593,0
0.0009380099142246891,0
0.0009430661101269951,0
0.0009481409670411695,0
0.0009532374072239474,0
0.0009583538466445414,0
0.0009634880228604811,0
0.0009686428952722341,0
0.0009738150501380792,0
0.0009790127822454206,0
0.000984223524174301,0
0.000989463318305978,0
0.0009947100373292348,0
0.0009999898993856829,0
0.00100528054305686,0
0.001010595425160765,0
0.0010159237852471223,0
0.0010212776832734046,0
0.0010266525174056275,0
0.0010320507652643942,0
0.0010374626447145466,0
0.0010428968013173493,0
0.001048347771330557,0
0.0010538220340559998,0
0.0010593203502426408,0
0.001064833295666006,0
0.0010703683409748613,0
0.0010759221565027498,0
0.0010814964243001741,0
0.0010870960741430227,0
0.001092710768937501,0
0.0010983467025916084,0
0.0011040060651680641,0
0.0011096830072455767,0
0.0011153870132202621,0
0.0011211022996319186,0
0.0011268506311210833,0
0.001132608994864951,0
0.001138389750892484,0
0.0011441916861167278,0
0.001150017510334812,0
0.0011558656191432918,0
0.001161728090136158,0
0.001167617704521805,0
0.001173525107834183,0
0.0011794522793977798,0
0.0011854043097427375,0
0.001191376944047861,0
0.001197369097547974,0
0.0012033836890678756,0
0.0012094227371395375,0
0.0012154784197782869,0
0.0012215534771718608,0
0.0012276549286782685,0
0.0012337779444224857,0
0.0012399209463987303,0
0.0012460894957985723,0
0.0012522700026988643,0
0.0012584797972485797,0
0.0012647118280462897,0
0.0012709659218649633,0
0.0012772311340937263,0
0.0012835346916837108,0
0.001289844980299934,0
0.0012961875227815326,0
0.0013025514104292293,0
0.0013089324256347504,0
0.0013153368758879386,0
0.0013217659564803991,0
0.0013282193248937404,0
0.0013346893695276134,0
0.0013411822950871446,0
0.0013476944811590078,0
0.0013542402637991126,0
0.0013607999968746679,0
0.0013673841634360363,0
0.0013739876380901696,0
0.0013806203126776786,0
0.0013872714156252207,0
0.0013939414736941682,0
0.001400638143147018,0
0.001407358094104862,0
0.001414100850075475,0
0.0014208661898188315,0
0.0014276516476071242,0
0.0014344658251283315,0
0.0014412985611204146,0
0.0014481515883381856,0
0.0014550282356015668,0
0.0014619363266810377,0
0.001468862599000935,1
0.0014758102274517529,1
0.001482780610108929,1
0.0014897807150681338,1
0.0014967981680339873,1
0.0015038468401299071,1
0.0015109101155095627,1
0.00151799914594659,1
0.0015251163246027967,1
0.0015322511089195,1
0.0015394041853419675,1
0.0015465912020740148,1
0.0015537992991892298,1
0.0015610286876019022,1
0.0015682897075119818,1
0.001575567100425612,1
0.0015828706037791446,1
0.0015902004004489229,1
0.0015975530399012974,1
0.001604927397141142,1
0.001612330177610773,1
0.001619753734968347,1
0.0016272006387103135,1
0.001634674340020662,1
0.0016421703749916255,1
0.0016496942726944707,1
0.001657240793618408,1
0.0016648139243789532,1
0.0016724056525390326,1
0.0016800320713526169,1
0.0016876777454233206,1
0.0016953432181547273,1
0.001703039493553045,1
0.001710759169848663,1
0.0017185026461850634,1
0.0017262800738421836,1
0.001734072807767084,1
0.0017418895233608268,1
0.0017497384396474808,1
0.0017576073759608694,1
0.0017655026331026963,1
0.0017734228126432387,1
0.0017813678799755894,1
0.001789342134409421,1
0.001797337031107137,1
0.0018053659677231173,1
0.001813412578860146,1
0.001821490946360904,1
0.0018295887004839348,1
0.0018377209474135182,1
0.0018458686078861623,1
0.0018540469590928232,1
0.0018622519264654101,1
0.0018704850746118138,1
0.0018787373108103487,1
0.0018870252093369727,1
0.0018953346243925885,1
0.001903672533347382,1
0.0019120376647769343,1
0.0019204298800380747,1
0.0019288433104743003,1
0.0019372902426479709,1
0.0019457563460985735,1
0.0019542503161876284,1
0.0019627753246472313,1
0.001971331845779188,1
0.0019799058143641075,1
0.0019885086727619745,1
0.001997142189921115,1
0.0020058057490019007,1
0.0020144914419925057,1
0.0020232047853449247,1
0.0020319465192896557,1
0.0020407132895573516,1
0.0020495103219016933,1
0.002058337688517691,1
0.002067184936422368,1
0.002076067616673686,1
0.002084975617996148,1
0.00209391574955027,1
0.002102875656949426,1
0.0021118682783945806,1
0.002120884095011315,1
0.002129932867162334,1
0.0021390103055163997,1
0.002148118414751352,1
0.002157246160154495,1
0.0021664099218153235,1
0.0021756056251700973,1
0.0021848261792250414,1
0.0021940709426240108,1
0.00220335089204584,1
0.002212650146993104,1
0.0022219905053756303,1
0.002231358634472331,1
0.0022407489721985494,1
0.002250169587738976,1
0.002259624309017573,1
0.0022691055984387187,1
0.002278617374061828,1
0.002267670618088342,1
0.0022884062399472155,1
0.0024851518490589387,1
0.0031203156442926798,1
0.004686187842965262,1
0.008181651484124114,1
0.015533317091398767,1
0.030023642959679155,1
0.05633969209944343,1
0.023951961684171477,1
0.007189378630818641,1
0.0014362044607065564,0
0.0007717689227919941,0
0.0012282346662268772,0
0.0013814530847223855,0
0.0010424624939707903,0
0.0005112075449030499,0
0.00014183362179250717,0
2.949054230428896e-05,0
2.9451061523247878e-05,0
2.9412549731872053e-05,0
2.9373712829648025e-05,0
2.9334146147956195e-05,0
2.9294842369403633e-05,0
2.9255970244179535e-05,0
2.9216295216336738e-05,0
2.917693938029666e-05,0
2.9137662301422004e-05,0
2.9098881113709377e-05,0
2.9059175499334274e-05,0
2.9019474582981283e-05,0
2.898006621223232e-05,0
2.8940453201693344e-05,0
2.8900961998909783e-05,0
2.886134359133281e-05,0
2.8822193503221523e-05,0
2.8782807330353408e-05,0
2.874235627736986e-05,0
2.8703018822730304e-05,0
2.866315137719147e-05,0
2.862380411022537e-05,0
2.8583967471017488e-05,0
2.8544230458680124e-05,0
2.850460667399898e-05,0
2.8464705990294644e-05,0
2.8424770717290387e-05,0
2.8384784642357386e-05,0
2.834511063086334e-05,0
2.8305528952276895e-05,0
2.8265407048376936e-05,0
2.8225569437003943e-05,0
2.8185824490015742e-05,0
2.8146076625184037e-05,0
2.810556476031091e-05,0
2.8066071671326238e-05,0
2.8025895914205447e-05,0
2.7985532433806185e-05,0
2.7945608283137433e-05,0
2.790575139960245e-05,0
2.7865644858244743e-05,0
2.782558760499244e-05,0
2.7784929910231805e-05,0
2.774510961239671e-05,0
2.7705184200039438e-05,0
2.7664667333637593e-05,0
2.7624842806185676e-05,0
2.758460188539802e-05,0
2.7543661469016666e-05,0
2.7504120010541716e-05,0
2.7463648771657302e-05,0
2.7423393383902366e-05,0
2.7383726833266325e-05,0
2.7342884301025865e-05,0
2.7302605944792952e-05,0
2.7262828153791645e-05,0
2.7222236532504596e-05,0
2.71820417293496e-05,0
2.714173521392872e-05,0
2.7101666319265087e-05,0
2.7060939493163904e-05,0
2.7020534330009667e-05,0
2.6980180619608658e-05,0
2.6939814598627197e-05,0
2.6899368665226725e-05,0
2.68592090722576e-05,0
2.6818817906699647e-05,0
2.677836998831373e-05,0
2.6738471060983966e-05,0
2.669797700755698e-05,0
2.6657702872176866e-05,0
2.661714531510171e-05,0
2.6577245935157496e-05,0
2.6536367708810684e-05,0
2.6496203595805022e-05,0
2.6455950910102887e-05,0
2.6415332912273903e-05,0
2.6374864003665215e-05,0
2.633443892682279e-05,0
2.6294212364495888e-05,0
2.6253693745904586e-05,0
2.6213691740918287e-05,0
2.6173233197879947e-05,0
2.613310071060912e-05,0
2.609235316797365e-05,0
2.6051759564107817e-05,0
2.601192107315502e-05,0
2.5971470752248027e-05,0
2.5931598689250498e-05,0
2.5891153253035218e-05,0
2.5851041660415647e-05,0
2.965052536575794e-05,0
4.07945785757068e-05,0
6.257666370827536e-05,0
8.818180784386284e-05,0
0.0001227252884498175,0
0.00016417194336578125,0
0.0002128918637432957,0
0.0002696379330196842,0
0.00033587590421948094,0
