ReconstructionError,Anomaly
0.08865439516404779,0
0.32234865213563924,0
0.4189276503721524,0
0.026845409453181382,0
0.1279397408755939,0
0.4068967608809935,0
0.03930229064640353,0
0.16381096888428817,0
0.04032605383456387,0
0.09451255446088645,0
0.10779873880860659,0
0.20082674480042392,0
0.15487302953689577,0
0.13453417014129268,0
0.07541119248220332,0
0.08613118475847718,0
0.02337720700174283,0
0.06799336267722472,0
0.3058251539156536,0
0.062457303371514,0
0.059021910825433746,0
0.05890340176226127,0
0.08203422702853778,0
0.115485426938106,0
0.06623244265316809,0
0.045859891175104424,0
0.03469304424112582,0
0.07417452110231638,0
0.10374304509458954,0
0.04011842078289485,0
0.06854365355013366,0
0.11236317728309882,0
0.10942299617630903,0
0.34492408746619946,0
0.13069578180441518,0
0.2127208802961316,0
0.12082192813189882,0
0.08135772434294748,0
0.510402806959172,1
0.26289561380438353,0
0.13690833294979718,0
0.0828457522194742,0
0.06706009941595069,0
0.12927324653415756,0
0.20544140404446465,0
0.3758104978534031,0
0.29902879454463116,0
0.13026685784754158,0
0.07495354077955704,0
0.24802725309421284,0
0.07423464646274285,0
0.0902447395557913,0
0.052555757036864076,0
0.15314605013974308,0
0.03672813144040197,0
0.02200248824540991,0
0.01268902102144367,0
0.0763863097219622,0
0.05506415598790326,0
0.03952782120596189,0
0.16969560081081767,0
0.32868595586882576,0
0.12451765549551494,0
0.038470642547487034,0
0.052249558447903584,0
0.20849654221283773,0
0.16183359738026978,0
0.10159334885845683,0
0.14229474931076255,0
0.16573222324790568,0
0.40163379417800726,0
0.2774872400553722,0
0.05231310153730927,0
0.0505924187968356,0
0.03420673348000969,0
0.029383072724211638,0
0.18547074711220748,0
0.027522498830099364,0
0.0872852771430671,0
0.09843878122237465,0
0.05610151359169572,0
0.09219047464564,0
0.0544392599106738,0
0.04726166855250565,0
0.03769117405189495,0
0.2023484579377373,0
0.0692482582247917,0
0.18421661561958297,0
0.18877421836508052,0
0.20198644478765235,0
0.2180606627901959,0
0.3304074158125087,0
0.26189485314780386,0
0.3212781034064338,0
0.5063649609308365,1
0.13418133251213452,0
0.2261097028236886,0
0.37075799529913966,0
0.3002513198406689,0
0.332834970039724,0
0.3616377063355097,0
0.06592213274924,0
0.13757544787098644,0
0.02492227733767477,0
0.42524398062916563,0
0.0665223558597128,0
0.034533015929234925,0
0.20437624110281347,0
0.35930504732042773,0
0.12253886806692736,0
0.41884947791028215,0
0.19949447585195548,0
0.05142941817505729,0
0.05650512670898822,0
0.08699188554956304,0
0.011153160027944238,0
0.006832036945688478,0
0.01919557786990611,0
0.17988471609661685,0
0.06966843406713799,0
0.032915180036549314,0
0.2374700861231303,0
0.10935549086147142,0
0.10841688582784607,0
0.07991740721888227,0
0.0164754689154246,0
0.11497999414720063,0
0.05763803590949179,0
0.04304002838893914,0
0.12583967054866724,0
0.4325273559891358,0
0.06519998846618927,0
0.3431842198562575,0
0.1384744608324585,0
0.04602239648921325,0
0.10133331544138138,0
0.3638659008966721,0
0.061386129036538915,0
0.07583758903228818,0
0.05031544901804976,0
0.031541623670550176,0
0.11345962453919031,0
0.20218604177080757,0
0.2764270728010062,0
0.47460945297176393,1
0.19867458499612364,0
0.11456799531479733,0
0.6342231291480002,1
0.20781186957573167,0
0.3573562237076002,0
0.13434896435988544,0
0.10564937762226183,0
0.07974971629060369,0
0.0201086278957371,0
0.09853672860178439,0
0.025745248492095592,0
0.0927011468510597,0
0.06018735822689341,0
0.2356171596617213,0
0.2033088071950183,0
0.0665168135514053,0
0.14628177719004723,0
0.41132750584210725,0
0.08358400609879721,0
0.04300105310866388,0
0.03903801574915957,0
0.025870177576771205,0
0.04347616727142916,0
0.07386085462759533,0
0.2501218549892626,0
0.24560403934056455,0
0.29432292367932517,0
0.02779644997564108,0
0.09951208738576019,0
0.07776399173122393,0
0.0768947150378306,0
0.04334145067475314,0
0.08527726264523366,0
0.29347800713904376,0
0.16738377417342226,0
0.04418515627171143,0
0.10409090609847399,0
0.28147786401689445,0
0.03581137244410061,0
0.0586556518053773,0
0.0856546686755611,0
0.03594948286447939,0
0.09051793732174342,0
0.34447323410726405,0
0.09998362564431111,0
0.30289482471462353,0
0.12694775771197755,0
0.027900262611251437,0
0.14952019351993334,0
0.21268865365756434,0
0.05741924152222384,0
0.18398777566523297,0
0.0720996664882794,0
0.3846749008100502,0
0.03751334399858601,0
0.09981003019762523,0
0.4622106500866959,1
0.26227642400132867,0
0.13178236041281008,0
0.040904535571920815,0
0.08138892882206002,0
0.056025948475059976,0
0.18426203385072032,0
0.20697226120100384,0
0.06657906195659741,0
0.23549709420942647,0
0.17373373199686265,0
0.07745078241954059,0
0.15008276042457022,0
0.1760703150907471,0
0.8388646011215235,1
0.26145161838635556,0
0.3048762679816566,0
0.4939044651773961,1
0.11710788165367972,0
0.022714390375638497,0
0.07766496032580185,0
0.05095813804389639,0
0.07108273723019967,0
0.583754094113876,1
0.18782407138599444,0
0.1467783216405193,0
0.30287053926557217,0
0.12261580678113654,0
0.16096021492489657,0
0.25488969941274786,0
0.2342531265446667,0
0.21896572135622075,0
0.0679474339597627,0
0.3091774292451007,0
0.1701864671315165,0
0.09390587987404699,0
0.0968900090044793,0
0.15214899914661942,0
0.09829673297426839,0
0.07730617274412911,0
0.20555665023645187,0
0.15794987558022833,0
0.150368179548441,0
0.05436946439369751,0
0.1994452713648207,0
0.27808057733623304,0
0.07607721417735101,0
0.030980564617696826,0
0.07808582482997145,0
0.06770150321626796,0
0.02917491699414577,0
0.06406761571649058,0
0.09626292316104167,0
0.2517350587004606,0
0.09571175550806155,0
0.16466816736433912,0
0.4865023642705912,1
0.3787880087382614,0
0.12738429835384998,0
0.14378758395275784,0
0.11619185951186065,0
0.05781168821509038,0
0.21589018385171818,0
0.1844017325169694,0
0.10377870580446552,0
0.0300231864730942,0
0.026182331483917895,0
0.04208792980260041,0
0.16771156905780923,0
0.08659517259175588,0
0.36287734719735637,0
0.4513932679543459,1
0.26054039749490826,0
0.17477172940615823,0
0.2200934882023237,0
0.1197293689012451,0
0.036511162497725645,0
0.7693937234051134,1
0.08540306214838407,0
0.03965720117779106,0
0.052405479103488396,0
0.10126068671756563,0
0.016415287940316322,0
0.04350722075056453,0
0.02691960222970678,0
0.21595088702155177,0
0.15142020180722396,0
0.046979745257563335,0
0.030516245772567972,0
0.0657069769377205,0
0.01470855597622476,0
0.13202948857437163,0
0.07781176468226134,0
0.07953151923480303,0
0.19193094795790294,0
0.04291606185243612,0
0.06936857563589084,0
0.11570540264279688,0
0.2107514083754398,0
0.2617750903930311,0
0.1453937159660915,0
0.029617173898785057,0
0.20076902517985884,0
0.255409693572779,0
0.06686337031732495,0
0.023977529606201566,0
0.03553625288382385,0
0.020934483629886036,0
0.0370623620173062,0
0.08823999012746028,0
0.10193557373452247,0
0.06957558560460465,0
0.0529909678672055,0
0.3101743270288631,0
0.12263237856629902,0
0.10332800716219853,0
0.19471869687566493,0
0.11367297822860051,0
0.03303461299375636,0
0.13301864361225033,0
0.4389795584034633,0
0.04358789783379406,0
0.06886271147123366,0
0.08851029862898636,0
0.0918247946704937,0
0.03860692950123972,0
0.035662866220602184,0
0.02898090484376995,0
0.07920373340104452,0
0.09927848705282728,0
0.03636220105948222,0
0.16640355993485262,0
0.03628225698123861,0
0.1482277183896849,0
0.05487858207259956,0
0.7411016584008668,1
0.18497136072352555,0
0.0797513818454321,0
0.20403000723155162,0
0.12944095507994524,0
0.03682496486013524,0
0.1604715073590309,0
0.055838242419707286,0
0.15469185846115083,0
0.25019887173187133,0
0.11216141454316596,0
0.03362463394581585,0
0.051690463240748906,0
0.0075963544022631235,0
0.049179968562735286,0
0.09050758305883684,0
0.037727762315725326,0
0.08096165451802297,0
0.19437937109836925,0
0.06778423817642326,0
0.3521749264589045,0
0.0854376786360652,0
0.027348377070613102,0
0.015189370470456312,0
0.11900785123145535,0
0.08589123724489287,0
0.02141897785034969,0
0.041216007532447696,0
0.053322940913781945,0
0.05898124188056583,0
0.12579672885807278,0
0.202784478030435,0
0.08814706847161644,0
0.18779287736322814,0
0.17433845769105222,0
0.2394547041628994,0
0.06458521916036844,0
0.058591501195353474,0
0.07249454438399865,0
0.06932840306231289,0
0.13209649289300363,0
0.01771247270169288,0
0.1581042539843632,0
0.052027030791650324,0
0.04964893408428323,0
0.06651638946866686,0
0.05639467006623842,0
0.05524013943703218,0
0.02414072542194612,0
0.012674147370982112,0
0.06240927586144297,0
0.061865160948023884,0
0.1037620852426524,0
0.027836809558601468,0
0.032170842123576945,0
0.058616971740202604,0
0.12040531086168273,0
0.20752423812610227,0
0.10464383259428293,0
0.1358078439035292,0
0.025984215661462393,0
0.04799412463198513,0
0.0664522197712441,0
0.07831074112881979,0
0.04993920539189616,0
0.17079940526755408,0
0.22118578874686984,0
0.053690610681172174,0
0.055681593145521555,0
0.19397997909611325,0
0.03139773082676647,0
0.06486494810671833,0
0.04950210371855325,0
0.15070406765642444,0
0.071561083619049,0
0.0812715717206237,0
0.08911349939695987,0
0.07972534557463445,0
0.2756481737407926,0
0.24311147532664776,0
0.0408153993213278,0
0.044433510978892206,0
0.3276610126321747,0
0.43364070174816055,0
0.18909872084956142,0
0.29903550108617144,0
0.178596198245102,0
0.17277321736352882,0
0.16270295426039907,0
0.06125641715199843,0
0.4767252327064087,1
0.18012752917578118,0
0.04371613826672562,0
0.1483117944817219,0
0.049025672508572725,0
0.045124226339595716,0
0.17059708855396546,0
0.14210728121331206,0
0.06936670536894901,0
0.060479415153682464,0
0.18803949730340425,0
0.04600341176058336,0
0.04753455612551168,0
0.29210496677197745,0
0.5856369135864806,1
0.21595148839454673,0
0.3281056655230047,0
0.06301267189463555,0
0.046914298901526603,0
0.05493215366760626,0
0.034207927879109916,0
0.030118579250768333,0
0.06546440527708146,0
0.04643017838156979,0
0.1611865922630935,0
0.3081168857448166,0
0.07205372206290932,0
0.05251658079340241,0
0.08329493553811414,0
0.09310888494919294,0
0.16180527569928851,0
0.01991393055536658,0
0.1329634599008576,0
0.28989804556206505,0
0.22141377445777805,0
0.14194705831611557,0
0.1091793067820651,0
0.15040394195659978,0
0.3996454393356751,0
0.4242815764152381,0
0.3083031654276774,0
0.1264909431725159,0
0.06608130934973108,0
0.14406031996705526,0
0.20858685505939747,0
0.6978024643046143,1
0.1960216650397344,0
0.5400040220508776,1
0.2534765645452171,0
0.1620664555499526,0
0.2737980900057194,0
0.25307152371099395,0
0.024679591480423067,0
0.09693908967283668,0
0.05190955758100762,0
0.061522412889334986,0
0.11036887154601409,0
0.09022506403986406,0
0.494492248185653,1
0.10698513471109124,0
0.22159811019397618,0
0.2069141805174589,0
0.07569371689289493,0
0.0702785798815622,0
0.03490073796631539,0
0.10856318138020699,0
0.10464635917050749,0
0.20146923789532992,0
0.1922191257765322,0
0.14312073192949976,0
0.021917252895349015,0
0.02218020972974846,0
0.04523337830850417,0
0.08140230891449966,0
0.19882090499692467,0
0.0423425344201174,0
0.0489035707764099,0
0.09126452613483768,0
0.05160676377471643,0
0.08367304057669607,0
0.047528634343285026,0
0.07676736758243376,0
0.10315198783334258,0
0.0666584299928724,0
0.078334042661036,0
0.5247781437663777,1
0.06773219842206253,0
0.05112791279434577,0
0.07246228607086252,0
0.05257212361946899,0
0.06298546593003022,0
0.051603779021574384,0
0.037490913180808966,0
0.1784177566604229,0
0.2081193408040152,0
0.12939846389360554,0
0.08215548157096467,0
0.05635909645074799,0
0.03892770834176543,0
0.10962692600230989,0
0.3535604670427903,0
0.2538407977688942,0
0.09950447166402829,0
0.11883891684608376,0
0.14532925433849156,0
0.4853873094427534,1
0.3518387537515517,0
0.2691168272056356,0
0.13782525122892117,0
0.3573285174165276,0
0.2931092490528089,0
0.5910451453859551,1
0.7435918839964637,1
0.7132530501619471,1
0.1384909826028821,0
0.2624335630312326,0
0.0917721999680686,0
0.12470425677262034,0
0.23444604197599886,0
0.10162687125625426,0
0.06918691895133597,0
0.04018587865915562,0
0.11510967761435659,0
0.021252118443039196,0
0.0935463246249904,0
0.2069509813829355,0
0.22954552389776658,0
0.0628203828883037,0
0.11034897510192641,0
0.02218817758141473,0
0.012823236373149064,0
0.00899145604354041,0
0.12810023555637945,0
0.14546768541361166,0
0.03955522457828771,0
0.03987591598961993,0
0.033733202408419406,0
0.03276598453341903,0
0.06653494715990112,0
0.11638339422151901,0
0.28007036351559383,0
0.15161020713696474,0
0.07880910303102563,0
0.11006164429108599,0
0.06360360592119825,0
0.03981281460760906,0
0.09947723820797622,0
0.04085964753259324,0
0.10491729321037095,0
0.2692286380062494,0
0.17922877428395975,0
0.1128640406806377,0
0.052334066624108916,0
0.020105363178597745,0
0.020134332356229457,0
0.04973974306440003,0
0.02038060370971655,0
0.11244478543321833,0
0.09240221124702307,0
0.2360462526237316,0
0.16671957303852458,0
0.06880504428484129,0
0.05166694768506633,0
0.10133183065975511,0
1.5665837526775956,1
0.21795846602727614,0
0.21089697022536605,0
0.11779517249237724,0
0.07337682437512871,0
0.07176453699404982,0
0.1431175552813616,0
0.1679090957827628,0
0.34325534441766603,0
0.38690288175549337,0
0.10195707810988071,0
0.07206049568320423,0
0.04010426364335522,0
0.3107174875417425,0
0.08141629073509735,0
0.051769155505416005,0
0.43980574210689377,0
0.4072846589917514,0
0.3329953684851029,0
0.21370573586141955,0
0.13088836075291138,0
0.016123777819310448,0
0.07138273957918737,0
0.01893893930927104,0
0.0702867401115815,0
0.12760128525900935,0
0.154231294782868,0
0.014686436100356758,0
0.1450982766088415,0
0.1226031323786517,0
0.10064140430617179,0
0.20937154679194647,0
0.09604512697673012,0
0.1267984532569106,0
0.029287769800160637,0
0.048300267612114416,0
0.08877840818834402,0
0.2423947353510056,0
0.09207388444925811,0
0.06644366906651764,0
0.5054641997921875,1
0.1812473881806018,0
0.3479306784896737,0
0.07671264846766865,0
0.12328988490969463,0
0.1165079485423886,0
0.16026650057651523,0
0.20970214146356073,0
0.05003184160570894,0
0.15649531036522743,0
0.16237749127446785,0
0.08473053140157985,0
0.12338298473420073,0
0.06622710443205404,0
0.22438623453528958,0
0.2380847821170706,0
0.16583453083094632,0
0.10246331744463107,0
0.2312136683552067,0
0.032637654834454105,0
0.061774709456288136,0
0.02028809377837769,0
0.12863692195443127,0
0.04143343901289393,0
0.14486383727595778,0
0.12657117582696645,0
0.22123397933696085,0
0.18878161100932403,0
0.13667537431787477,0
0.11234788928412348,0
0.09707714784689848,0
0.06073259746912962,0
0.1638690328661595,0
0.11305499833754232,0
0.5098390830412768,1
0.10973863509260644,0
0.141637157503928,0
0.12738465947353597,0
0.22455992276602277,0
0.03966288430961463,0
0.2266842714655913,0
0.16366245950503083,0
0.06041106692790415,0
0.1112630528922593,0
0.06805135430308894,0
0.23052064549567644,0
0.016258847760267866,0
0.06511409423905067,0
0.08704569494449314,0
0.3117906259856953,0
0.046168455407185324,0
0.2793657860298746,0
0.07591667867539112,0
0.13319699157825707,0
0.07036798848846824,0
0.019485613090016764,0
0.02867297852345434,0
0.08024162301198964,0
0.08958736640225592,0
0.07289303048002742,0
0.07387723043033638,0
0.6527558618423377,1
0.6084725602997261,1
0.3771401116298467,0
0.12744411808333325,0
0.05217512931118228,0
0.21022760962296944,0
0.18112497723478777,0
0.09653224724277785,0
0.11887600912263133,0
0.05483317020506736,0
0.017197016949295443,0
0.12945236676046415,0
0.1406309637640986,0
0.0672637582375705,0
0.15589555729130097,0
0.03013972317040255,0
0.10666684553513357,0
0.02592495144166013,0
0.16257759320009033,0
0.14037274272595962,0
0.04729344715281701,0
0.029690228011224933,0
0.04860424190632922,0
0.01827235515412654,0
0.0466793723883828,0
0.15612932328019394,0
0.03745718509391849,0
0.12944102090036375,0
0.13573905362352093,0
0.11052940514508451,0
0.16056335329244467,0
0.02781778784598259,0
0.21560977201769677,0
0.11648255484816471,0
0.04370325493764723,0
0.0430958018699744,0
0.10131066482331086,0
0.1621574984347412,0
0.1010507160534231,0
0.041759165388847753,0
0.10631254742858359,0
0.0856758633146586,0
0.17326288415558297,0
0.09114872798832323,0
0.14111501283191594,0
0.10746484309734382,0
0.22553367569645238,0
0.10062296447707668,0
0.395623865078314,0
0.06507609536528389,0
0.10788070424319923,0
0.09063992677046145,0
0.029123744723125258,0
0.07691662336995339,0
0.1505364765758113,0
0.17009320716780663,0
0.2100794254665896,0
0.11242550052831993,0
0.05976500953377844,0
0.07505212556267453,0
0.050219596711785816,0
0.1774239804244215,0
0.10822386609184506,0
0.08319811827625424,0
0.6875925565108427,1
0.2518317393036672,0
0.4113281777129293,0
0.1464584671329607,0
0.108394855826783,0
0.030896329528723666,0
0.16635965363023292,0
0.13715304584649404,0
0.23375624575319234,0
0.13576906161405872,0
0.26166175097118255,0
0.44986324618079954,1
0.2594750523627667,0
0.05820849120422066,0
0.10822016342492809,0
0.29373816032048633,0
0.12597917913469214,0
0.09900683496337497,0
0.7004474400162491,1
0.06823245698599796,0
0.06437663756521735,0
0.09768655755451576,0
0.19197943223213149,0
0.09852959630181252,0
0.05700239812780749,0
0.027928549509363663,0
0.05272216841308832,0
0.13646826972055148,0
0.08440663613056826,0
0.13990003957806657,0
0.12268539261849919,0
0.09886308286773463,0
0.04132742858516243,0
0.09879991415332534,0
0.35763792590017013,0
0.25149511131448593,0
0.1971021595867401,0
0.3441196725732737,0
0.19298429190274252,0
0.23256920194890826,0
0.1563261334733453,0
0.08873677473931996,0
0.02570511129023599,0
0.10182465949596366,0
0.11762382000247712,0
0.039483108917763424,0
0.1880947083290621,0
0.1046831921853815,0
0.06525636665612683,0
0.06789129412652367,0
0.314466108185642,0
0.28780232750606777,0
0.20077697024213725,0
0.10826474613784884,0
0.06085155766591883,0
0.027328170079035145,0
0.0696195000720019,0
0.034032192439634824,0
0.06868842202497799,0
0.4263751019100511,0
0.3105642099987926,0
0.39607495879493343,0
0.9611222960416541,1
0.1346652042393065,0
0.13438869472172008,0
0.03246330849015552,0
0.19756850081701507,0
0.05350024504798797,0
0.09894374060843925,0
0.7735436327917847,1
0.4314865506427796,0
0.11435142639924147,0
0.22778070238897635,0
0.0977429495255109,0
0.17149538159765648,0
1.4822209027662403,1
0.5418551613181947,1
0.1840114987652986,0
0.4276131332882136,0
0.3908765222319907,0
0.09298731100930482,0
0.08660263070146697,0
0.05145102652036416,0
0.11564880185426776,0
0.0802224680711601,0
0.6759769780543704,1
0.1889714214639908,0
0.14328230591818084,0
0.23828245008348684,0
0.14609920992213715,0
0.25234526415815506,0
0.17913229452100804,0
0.12030724377607038,0
0.2293825031100312,0
0.07675185179440655,0
0.11398119404894476,0
0.11129890501608782,0
0.3045323213111803,0
0.013030643446897465,0
0.15090962726553583,0
0.03660540079088962,0
0.3308588205601837,0
0.1378150788995081,0
0.15444451156523842,0
0.08441564583011217,0
0.07951364482406247,0
0.11841463812031737,0
0.043340541210782714,0
0.06754013924912644,0
0.08525872868927814,0
0.16786419845453843,0
0.15008301641386268,0
0.3630047821521187,0
0.40721817620067813,0
0.20389999276319123,0
0.3607632815736002,0
0.13767030549652057,0
0.2962253176640247,0
0.2872581563727932,0
0.253593508567822,0
0.10130591645250628,0
0.14529013433967716,0
0.19271585581171707,0
0.437609312601951,0
0.11715572455293995,0
0.2759814360659018,0
0.29136599227662957,0
0.2833514190874293,0
0.9456123783237442,1
0.7936830745098103,1
0.4306256510403544,0
0.2139052934542301,0
0.04516444292381349,0
0.06402882608417051,0
0.04456447939463644,0
0.22144412105540534,0
0.13422950002222261,0
0.040632581120387465,0
0.08225495326941824,0
0.269496860386681,0
0.06055261225473867,0
0.06806448124522091,0
0.09076470067139399,0
0.2755091996255816,0
0.6240082066659984,1
0.11559392817735606,0
0.23690080864670776,0
0.07206214786174144,0
0.17049813020872637,0
0.0918960586288833,0
0.2063578766292503,0
0.12061423009746705,0
0.16797942247729597,0
0.5858476608452847,1
0.2974008153953724,0
0.2015438716494638,0
0.4719807608662952,1
0.12096422552556141,0
0.10844939300425385,0
0.10146037202670008,0
0.09364665962852531,0
0.08033656631882759,0
0.3141337155815054,0
0.23857915623983053,0
0.16755207195957328,0
0.07056418974560616,0
0.034725617814308656,0
0.2577644554270033,0
0.16043602451539693,0
0.0490630853744829,0
0.12995231737589064,0
0.24225803770343493,0
0.20802909724437776,0
0.12008098338872848,0
0.061804332162246414,0
0.1008799699360865,0
0.12652259534352336,0
0.2603945289849484,0
0.6459682002729064,1
0.5014769404501557,1
0.7571130121793901,1
0.2544385139556142,0
0.18966202817479844,0
0.29482877870293694,0
0.09337949740958089,0
0.2511670736554232,0
0.18463914428669298,0
0.09562386082411818,0
0.048416287780079975,0
0.05498183173524107,0
0.058978786572985525,0
0.16727200126306327,0
0.1794839272859101,0
0.08972463877823504,0
0.25175626561884984,0
0.46514776652380135,1
0.4834643780551504,1
0.32343492817600233,0
0.19605479188478178,0
0.10455167174272757,0
0.09265108955112561,0
0.0807563568924943,0
0.6570573198822911,1
0.2641812492148827,0
0.43036998509760405,0
0.24569490012390827,0
0.06387237438779453,0
0.4221773705736551,0
0.4950776135843103,1
0.2707291786717228,0
0.4470685309724178,1
0.3809671415029768,0
0.38306469301429785,0
0.30211068488517046,0
0.20729782326003926,0
0.17488076508393335,0
0.06842722543709495,0
0.14665326240140958,0
0.06719045648745742,0
0.12907401804167953,0
0.13419364694020144,0
0.3970311387762562,0
0.37598976165497505,0
0.5349431532558568,1
0.36633712987707023,0
0.7787444152764096,1
0.4621199995884528,1
0.365764705582686,0
0.18198029708904778,0
0.22820779582807985,0
0.57532123599978,1
0.473715272942871,1
0.5887685461300783,1
1.5822174416320796,1
0.661213282562197,1
0.6513871257334446,1
0.7972338252898264,1
0.3181214039936776,0
0.2507444032659247,0
0.35019319500135476,0
0.33881518812779077,0
0.24747866369921462,0
0.4099091330887607,0
0.24912155960218574,0
0.23517308401351275,0
0.5556758653873977,1
0.2622759490542656,0
0.1288200658863421,0
0.13387170797677783,0
0.15162449870784472,0
0.1344061517428112,0
0.15467757818450037,0
0.15970615297064755,0
0.13058843727430572,0
0.27890396370786025,0
0.24499176482631096,0
0.5537703084804205,1
0.7572698646620485,1
0.4893061501162171,1
0.3039116498187865,0
0.23193019713705185,0
0.22130508942868196,0
0.34846521272177094,0
0.29957806975783197,0
0.2965380074063618,0
0.3254316918810938,0
0.23209477484669563,0
0.05612861729526307,0
0.07766549105790031,0
0.09654928608436922,0
0.18389636536836326,0
0.1179316333276166,0
0.15340432614109334,0
0.23466679052370873,0
0.30616147257366194,0
0.7239913165532573,1
0.07066444682782179,0
0.04896904200738638,0
0.13022636849376515,0
0.1448022812991429,0
0.14498618208192726,0
0.0998186900184541,0
0.32057032130074187,0
0.06591620456170767,0
0.13709774000438804,0
0.044482928253262305,0
0.12719537938726588,0
0.049940165221485505,0
0.08229910016273,0
0.10431726623727658,0
0.09375673850070747,0
0.17712223065821459,0
0.08499349103797656,0
0.046405374003616315,0
0.10175697494919597,0
0.12781717650492233,0
0.11850708621731745,0
0.33493026879838184,0
0.3079613593469724,0
0.23484933831392005,0
0.2825187342700727,0
0.08314036111819871,0
0.09375098945934242,0
0.1587084456895436,0
0.2005265384308805,0
0.24642512023512902,0
0.11666497651154058,0
0.37097612327492496,0
0.3812320801087698,0
0.5945727599572413,1
0.16211099233914453,0
0.2663740663219285,0
0.30733644715026637,0
0.3365288315170022,0
0.4276028451221622,0
0.4711299729839862,1
0.10806691703221076,0
0.0934110404006459,0
0.5184582842950518,1
1.013050179684579,1
0.1936057825379684,0
0.22790794848262264,0
0.0561852080887816,0
0.1133421402109095,0
0.16385891993666094,0
0.12417131538191327,0
0.1759667694317909,0
0.030000183611194633,0
0.09953083006638899,0
0.22296145802875697,0
0.2671964406259563,0
0.12972930043436728,0
0.17637645537053367,0
0.13423107096234527,0
0.19691102503044336,0
0.22702533289119714,0
0.16129061112160975,0
0.15775590814401733,0
0.06382744551644101,0
0.34029983358963445,0
0.29134637530817564,0
0.03853318361921872,0
0.04689368830831574,0
0.059990130526635516,0
0.09870664466605976,0
0.25802644325529744,0
0.25426127117305514,0
0.41572129054289836,0
0.11343949998677669,0
0.1257148139725365,0
0.2517162087382248,0
0.268364648562711,0
0.2379072554257218,0
0.03678600540175937,0
0.03727653300922492,0
0.15556895273077237,0
0.09658466543343153,0
0.12451305037616374,0
0.15262542353375796,0
0.32082431000960876,0
0.2117977488477507,0
0.3377796701623693,0
0.14616607335907292,0
0.3230893376281099,0
0.45212027780011593,1
0.8385539920885164,1
0.6283609882273035,1
0.23963783116517537,0
0.1101089505894861,0
0.2335558916231925,0
0.1526013984652261,0
0.29049083048950847,0
0.20479295572678377,0
0.11249969621131001,0
0.1222326198927251,0
0.09116319128170569,0
0.1985141579584756,0
0.10158911164098419,0
0.15241329362231015,0
0.06043898216882566,0
0.07554761311217922,0
0.015959976908778817,0
0.051291399676704326,0
0.019944991897353555,0
0.05015519576620358,0
0.023236123070105818,0
0.0323361219195659,0
0.02516551591860113,0
0.05829769014852872,0
0.014002715602300372,0
0.03904363073714304,0
0.18400191466235472,0
0.1597487924155319,0
0.18600542817529483,0
0.12752119954989727,0
0.15424383250271703,0
0.20515827825614183,0
0.2722205818270517,0
0.1327978698378173,0
0.14153735625998987,0
0.029986941130931897,0
0.0452926670785054,0
0.06162551318816469,0
0.2950897152293273,0
0.050510194228033815,0
0.02464904889484983,0
0.06624584633017759,0
0.22611839843146903,0
0.07236882032846662,0
0.04597574955750281,0
0.1624876538023551,0
0.24887085614160262,0
0.22636108148002185,0
0.0924335598575,0
0.06888882327215985,0
0.08540412087926116,0
0.19806061699190058,0
0.17274602413202172,0
0.06754372380957856,0
0.09673201730850209,0
0.07796216446342454,0
0.10383919036325633,0
0.1284111167476327,0
0.38540264399655993,0
0.0475522833067429,0
0.16059882999900668,0
0.35065669447322595,0
0.20302973573861632,0
0.18422405599222913,0
0.2913291509060933,0
0.08777603373459981,0
0.4072458246094051,0
0.24779867092097912,0
0.5850624703887434,1
0.05892485818776252,0
0.07862151924912891,0
0.0831982850425185,0
0.08585932390698088,0
0.697977572408679,1
0.23043275046766548,0
0.2863847206865306,0
0.19440169915986322,0
0.3317517377468769,0
0.13144659611110038,0
0.13328771616257895,0
0.0495952853556,0
0.15097078263216893,0
0.15065281795760468,0
0.07067453460713888,0
0.05548168156012599,0
0.5055510776373712,1
0.1669741784112362,0
0.37218054964474845,0
0.08717832824752872,0
0.042210534834707665,0
0.022887854642801853,0
0.026062786157472387,0
0.02582846391505076,0
0.05757550641727569,0
0.20623707276984904,0
0.014954043157704905,0
0.09597025629819285,0
0.21694540471920043,0
0.26109747887749435,0
0.16087903123695566,0
0.10591869729982664,0
0.04165461414461739,0
0.06260156354146726,0
0.07279594094338585,0
0.1549682358732902,0
0.16465838070735297,0
0.07538902190799104,0
0.29576267077035295,0
0.09627652554178531,0
0.014897969123326712,0
0.12243982545062963,0
0.03889963498692266,0
0.3164198569625257,0
0.03704584746630247,0
0.009886073014984315,0
0.04049482218210349,0
0.0187709208962304,0
0.03459563021911527,0
0.031967191950821164,0
0.05397894115654885,0
0.05669872483953923,0
0.0919339674258304,0
0.02517836364416159,0
0.020607929219160836,0
0.06622286168067622,0
0.07501079622970058,0
0.07489664236541295,0
0.02559373360875673,0
0.07572747465438162,0
0.04734886039119987,0
0.09495719805168827,0
0.009525104217957532,0
0.02739461796301746,0
0.04576558549109002,0
0.0992786440379128,0
0.1064288045163196,0
0.2666353626417655,0
0.3313291992526293,0
0.19772918384120722,0
0.06775031690428537,0
0.4421373525601059,0
0.11633394754197274,0
0.10575288218143246,0
0.09968671388196396,0
0.13434839470174234,0
0.10449285400640237,0
0.34703131814409205,0
0.13925352333794075,0
0.2002982808208419,0
0.1441889125495312,0
0.059364495378608564,0
0.1662200438223244,0
0.18094774712919684,0
0.10181523445308921,0
0.17467599950433177,0
0.09316959492939314,0
0.04053232786289011,0
0.055771311171163705,0
0.1162506391556268,0
0.09945504827907824,0
0.10318721257976135,0
0.031984317854604274,0
0.01948951642724114,0
0.020195149469977913,0
0.02964809486992669,0
0.10377580380519458,0
0.2471872779628595,0
0.0774518569469692,0
0.05019107786205302,0
0.13743616667951988,0
0.07763945235361372,0
0.10814493334614704,0
0.113902392694847,0
0.056976463965577935,0
0.07513503639416458,0
0.1974329176694192,0
0.10178250111001054,0
0.13446168273546213,0
0.11697295878769826,0
0.2916448385317522,0
0.07502052399982997,0
0.12460996266076999,0
0.05178494493452119,0
0.021099134900873263,0
0.06350248575928673,0
0.20327073613020816,0
0.18356136446961918,0
0.0714764781210581,0
0.14585506568192103,0
0.05360343519162866,0
0.11679250165981965,0
0.08714341989695104,0
0.08249771533382169,0
0.019047775922325937,0
0.05800031585875875,0
0.036905602431162,0
0.06798972256800978,0
0.07867080721475585,0
0.10153578089916224,0
0.05987041617989873,0
0.07038801547052101,0
0.059348358584576315,0
0.08717038691408933,0
0.0669375311906181,0
0.22742853043282257,0
0.1989083881405194,0
0.0844966507046379,0
0.06748314922266013,0
0.04968557336693106,0
0.03844411599990582,0
0.07013869459963824,0
0.0864285708403878,0
0.45262592222182596,1
0.033941367394999526,0
0.05418327905808694,0
0.3661879925791999,0
0.21047643806685523,0
0.21487401209246218,0
0.942846911274304,1
0.11482077481932064,0
0.14743944361653488,0
0.6311601066430185,1
0.17598359036715064,0
0.3474945696671225,0
0.2590824874218898,0
0.1294579952699162,0
0.1575847906271272,0
0.049311122224373206,0
0.0620053899856923,0
0.12425994364413936,0
0.15365985674503058,0
0.0747240307718099,0
0.2791514310815418,0
0.08319592987706538,0
0.1385516925315556,0
0.07042515005561996,0
0.08279711084859057,0
0.1356369628082264,0
0.11048287381251386,0
0.11445490407217361,0
0.05314814760254653,0
0.07211675192699069,0
0.05535053348710992,0
0.0690553886782967,0
0.0728901008151575,0
0.13166674716205173,0
0.03133983688471777,0
0.05371645966630651,0
0.05595036784857956,0
0.22627504168851742,0
0.0891486651699492,0
0.15788778384154253,0
0.4691079626171358,1
0.10165441393329387,0
0.1184291058832684,0
0.38456367540892705,0
0.5208261326391965,1
1.1862194465932399,1
0.2931558477509849,0
0.16403075286503954,0
0.06693720633800997,0
0.06310196782000893,0
0.05237337796526472,0
0.24346822674756685,0
0.02513546224264277,0
0.1529356869270864,0
0.20132617561197294,0
0.10222147167957772,0
0.1199230465538875,0
0.07475322985792295,0
0.08580039108700781,0
0.04309151913687142,0
0.1403139855196729,0
0.043125606861514496,0
0.18558513994672277,0
0.10387874677134774,0
0.257584993371711,0
0.11523263242370055,0
0.07197766136927321,0
0.14379317853250653,0
0.08505014960586246,0
0.5403088273344394,1
0.3554459208866926,0
0.44853043151962985,1
0.20007817711657117,0
0.1374468894071074,0
0.318870945779714,0
0.4885104742105485,1
0.16893262614319127,0
0.28942033404951917,0
0.15041181586012076,0
0.3755161769112551,0
0.08350747947533863,0
0.3359374857297592,0
0.11352061577129932,0
0.06273217545190247,0
0.13610045248601207,0
0.25851440620164307,0
0.13661245185433873,0
0.17477665326663253,0
0.16031186557587906,0
0.17683670215228764,0
0.11326016199219804,0
0.089529657062573,0
0.04171298340459679,0
0.08014677132247695,0
0.1351388145343848,0
0.07718395714312283,0
0.04331013281747869,0
0.02801084863806036,0
0.1456455939068156,0
0.22575946277213485,0
0.1485007451145061,0
0.03815152090265839,0
0.06631529321973043,0
0.08757774677166517,0
0.03235240033918775,0
0.03511116216139742,0
0.23701624982736472,0
0.043369664315171266,0
0.29177134687820183,0
0.23742298436527237,0
0.0399558759685909,0
0.4784308799688349,1
0.04519674729876248,0
0.18749380536512367,0
0.07899097642636169,0
0.1371417111254306,0
0.021588876776004393,0
0.04745277814120826,0
0.08415543208921807,0
0.07118425978251436,0
0.020497828314123053,0
0.033653450730046004,0
0.03167632863191754,0
0.005394627031711636,0
0.05623069307575695,0
0.1625130418485114,0
0.09647251528491767,0
0.053344772985132294,0
0.05523068666878517,0
0.10946092207194519,0
0.13883101212603688,0
0.10305839719558677,0
0.13882152673327788,0
0.1134164241908428,0
0.13949493938149482,0
0.07466282858219664,0
0.03027195810526937,0
0.04665199030149013,0
0.01244189609099051,0
0.13612413908845813,0
0.43071271799244537,0
0.09239806133694113,0
0.08559203551745026,0
0.05059640970439029,0
0.03993648308120103,0
0.030994675449595843,0
0.20771675865872558,0
0.032028013863055475,0
0.035250634484131745,0
0.05306896166652605,0
0.4600215314334234,1
0.15810187481260607,0
0.1300042461606404,0
0.10669154470042816,0
0.4308519008454233,0
0.06090726264366823,0
0.11521914089211581,0
0.08403998620798236,0
0.44700520387025,1
0.33642777054061374,0
0.12428395448031873,0
0.1299814077943734,0
0.13144617782769788,0
0.13984136520130225,0
0.16170547202538865,0
0.0837029204392743,0
0.05797497605914443,0
0.23590077986154193,0
0.035478729652293144,0
0.16052927181686458,0
0.05902916252421865,0
0.1331090023864578,0
0.16349448791498572,0
1.4355263865341583,1
0.3507028022898552,0
0.12934320429690635,0
0.1386438498786407,0
0.3437188908687128,0
0.8169434033082774,1
0.5082267131703165,1
0.2240122401374162,0
0.30950200051728644,0
0.13732830417024908,0
0.16812515767429342,0
0.04415553452526073,0
0.0442901522026963,0
0.14564058296975943,0
0.023695062901008757,0
0.1308436718486918,0
0.32267482006665354,0
0.12790588381991122,0
0.11334073834737417,0
0.05594067535591057,0
0.11516256060091183,0
0.15831107531347144,0
0.9235405206867479,1
0.2205948937950805,0
0.4170790440942199,0
0.09006419075863424,0
0.10782263884556584,0
0.05767125535009217,0
0.1624237080708471,0
0.8623049669225463,1
0.13121017322830142,0
0.02348020504669031,0
0.04850457538928204,0
0.061278717618546134,0
0.09438041385318542,0
0.18354837827426237,0
0.020191050002060236,0
0.05569420151159951,0
0.11087920020115072,0
0.1894582880678006,0
0.20077724426612584,0
0.04337359528836283,0
0.01451990210336177,0
0.06864715920382465,0
0.07563567440817522,0
0.038000344256149635,0
0.14522783348396898,0
0.041588396739639204,0
0.09457717124483651,0
0.07026908520855484,0
0.14035920227426266,0
0.03697954530965782,0
0.1219998181820334,0
0.04494638995503566,0
0.1994590922819577,0
0.04970092138904712,0
0.04683676133094226,0
0.09692792231724448,0
0.10844061504709598,0
0.40760852200171566,0
0.1515726926957739,0
0.06677807901821305,0
0.10221996218427713,0
0.0699624038862695,0
0.12060610575282903,0
0.10224803201854378,0
0.22854980994018528,0
0.3207056973392122,0
0.14815036906189605,0
0.06198203627530983,0
0.09547787872341526,0
0.03747930589288315,0
0.05193645777460313,0
0.08444122740152768,0
0.13637316894656623,0
0.307794652797429,0
0.2708527359171413,0
0.4337496458231408,0
0.4549317016059569,1
0.2933025177787339,0
0.35581445795307887,0
0.2859183874168432,0
0.1645337542699461,0
0.10180438695134998,0
0.14364804756829547,0
0.17030298459910534,0
0.10736797793800366,0
0.2382267968582697,0
0.37621684282969786,0
0.361758943103334,0
0.1988409820170787,0
0.09241964793739148,0
0.06526429029634391,0
0.04202667941960039,0
0.1497067226469919,0
0.1324864731495163,0
0.08821397715603538,0
0.06870530941343629,0
0.03137247598845187,0
0.07492115393846446,0
0.0973198168788653,0
0.37244551834639156,0
0.5359772203494872,1
0.13871881689910326,0
0.2023003327185501,0
0.0758730157432873,0
0.06715753207750211,0
0.16565740532328413,0
0.7193216767241157,1
0.12032391292013168,0
0.1482648618515339,0
0.08365821555235375,0
0.14776423884317788,0
0.07140265187216022,0
0.1792992894045886,0
0.16585698054471515,0
0.09206663365741735,0
0.0657617530523532,0
0.11807456404488918,0
0.1520403250754468,0
0.665276146679751,1
0.43474299099400315,0
0.12515192894558316,0
0.14075269873043078,0
0.1200284715236333,0
0.1432512137277169,0
0.24319635531046702,0
0.10966371335065826,0
0.5291787274094802,1
0.24744111819527648,0
0.2186444801638083,0
0.08424821526019412,0
0.18002946885880297,0
0.27670009838982496,0
0.33850646215180263,0
0.24714768477290833,0
0.33862984833790893,0
0.18257667814298256,0
0.28440996867423896,0
0.23770584593065477,0
0.25386413878764014,0
0.48903415398023875,1
0.19625677743151393,0
0.23527028741787526,0
0.34934189021783546,0
0.24521782398401626,0
0.13013159400206772,0
0.07275474706221693,0
0.08183466121692488,0
0.11517179187063897,0
0.05642733511250832,0
0.12153409615048162,0
0.13291066684155223,0
0.18182728133111117,0
0.11811241117199953,0
0.06465817726360651,0
0.05439332601447967,0
0.116082690314925,0
0.07319622400482399,0
0.42245883379880333,0
0.2852874464919874,0
0.10901661500153653,0
0.10819911183101351,0
0.1481572897470428,0
0.16439703855122337,0
0.25762533863787657,0
0.12610665857199352,0
0.1656887234478015,0
0.11663905272853405,0
0.036888561600858225,0
0.04618179012566801,0
0.06980256266260665,0
0.04738450919079006,0
0.07245439214590761,0
0.3143070117667309,0
0.29793088410053226,0
0.11974882788930223,0
0.08382249471734875,0
0.1098846349635622,0
0.16103709277418704,0
0.27272004312028625,0
0.08438104723684042,0
0.028294991680577603,0
0.06200924783064429,0
0.17235176042248002,0
0.02918344273574051,0
0.04156244061248139,0
0.07730805529612296,0
0.04622511282469587,0
0.05813729372176104,0
0.07587445355303929,0
0.07078783327671877,0
0.38762865387285733,0
0.126215493325688,0
0.2924447685578383,0
0.3906070582817533,0
0.12258253874120133,0
0.10311837218170641,0
0.08511183222545576,0
0.024499154569144876,0
0.028554976280666576,0
0.01770801001629165,0
0.15023457759466535,0
0.05838109625445211,0
0.11612797896553545,0
0.10872208364073958,0
0.06351318699397246,0
0.02750798014379815,0
0.024292468583843974,0
0.08013793870577594,0
0.0823228089080443,0
0.10209637985034772,0
0.16811916546318748,0
0.094859614485895,0
0.1377290175676851,0
0.09176851786527206,0
0.2380735482907065,0
0.04754547091723141,0
0.13096168705086783,0
0.15120795681009017,0
0.13188631642288845,0
0.1232318895258319,0
0.31274629524980424,0
0.3195008122436639,0
0.0778977667839008,0
0.10641928107390965,0
0.11985104673812662,0
0.2587977758911611,0
0.08366770695759812,0
0.08943606782292245,0
0.08910942345012791,0
0.15958456110610558,0
0.5215714445071905,1
0.18188131745120764,0
0.026690874345475162,0
0.0744462418469745,0
0.043531350145727586,0
0.02813400279844249,0
0.05555064620109776,0
0.1151501196306147,0
0.07144766244076786,0
0.12962882143776225,0
0.09564122204010457,0
0.1949540268431121,0
0.07703855797705388,0
0.12679043191608316,0
0.14202163859871145,0
0.25179984792258236,0
0.13243240219309124,0
0.06657417687821184,0
0.05910712032946871,0
0.16363303117167766,0
0.07694095197180655,0
0.19892367091001148,0
0.09479521737597478,0
0.6926409725684529,1
0.15438002078402366,0
0.15470051502099133,0
0.118401748861819,0
0.19937375838269167,0
0.21689961692617638,0
0.13529920622744432,0
0.23188622374976778,0
0.2081878490681889,0
0.06980756902762196,0
0.06403812952091004,0
0.07661251948314347,0
0.03312972867034541,0
0.08636797650867004,0
0.13766000505413867,0
0.0704949125429448,0
0.051861017721306656,0
0.19770887097607073,0
0.15675148702296374,0
0.22549205446174997,0
0.28759128855501165,0
0.1496994437560408,0
0.07377609791234284,0
0.3335438585431678,0
0.08028981367824202,0
0.13339660433951592,0
0.1125994087583309,0
0.04142946366603089,0
0.13584370805019216,0
0.39789724341997396,0
0.14812332240954287,0
0.09255164737140807,0
0.22774426475222273,0
0.11274115887895143,0
0.022404188837236126,0
0.1005388038435492,0
0.1217274105443675,0
0.09109413677443058,0
0.10770644979113425,0
0.1494271037391628,0
0.10136334027996281,0
0.06273422452226814,0
0.06513557433823594,0
0.09724867952922828,0
0.0530497202980471,0
0.060464163592988764,0
0.05177325109446783,0
0.11090027416733714,0
0.02296186640831634,0
0.09110559316698466,0
0.09046605046016862,0
0.06656067618815008,0
0.07228683323539249,0
0.08484469020290271,0
0.1485388139912616,0
0.2053006213683801,0
0.18652433998709692,0
0.19096366469316328,0
0.46444056738020667,1
0.4514392808377828,1
0.08652269570787685,0
0.10503867210756157,0
0.672611573820517,1
0.1530675263271,0
0.08622211907600791,0
0.23645037082365342,0
0.08315398005866995,0
0.22422814102891342,0
0.1114360918077872,0
0.08178781467062946,0
0.11334303268663679,0
0.04896983623066709,0
0.12372241229736941,0
0.2248601776580659,0
0.2199661438241446,0
0.15115677615822717,0
0.1879967019363789,0
0.15321128620671423,0
0.14193926547196903,0
0.13386597277760529,0
0.2534510138335043,0
0.16825738308265067,0
0.05017634946743177,0
0.07520411773892552,0
0.2782117693016749,0
0.03163842182963184,0
0.04834577038442607,0
0.03608232722217711,0
0.0678898660509942,0
0.06436063138975584,0
0.07935391691207892,0
0.13894069492730887,0
0.11102394235079054,0
0.07928117978027799,0
0.10195169463669886,0
0.2277016357685536,0
0.4660680741538234,1
0.1599503236900014,0
0.08848177832934925,0
0.28044586491014645,0
0.032174276219960066,0
0.06703858770412842,0
0.15708136836610234,0
0.0987534289818463,0
0.09962708453749018,0
0.21606189970356063,0
0.11854971739450312,0
0.04607344765257295,0
0.4123739590483992,0
0.0733365273675403,0
0.1377575413204408,0
0.07770668045948996,0
0.08346818041755305,0
0.1336710801801097,0
0.057859685182626325,0
0.04680769456695771,0
0.23639201908274537,0
0.08858022642724649,0
0.08311157872858646,0
0.056172170919299796,0
0.10430728668540147,0
0.09482392316238228,0
0.07088896493192341,0
0.13362418824412775,0
0.12036515226983703,0
0.1003171850886784,0
0.1962549917906431,0
0.1348303443846348,0
0.14259173580822668,0
0.025174472410764197,0
0.044561230003104815,0
0.12021722814908312,0
0.05926952772036768,0
0.13561316048362584,0
0.03815326628933002,0
0.02695097185309231,0
0.03317255324596501,0
0.08976223724996564,0
0.1449567571444373,0
0.04726883570161946,0
0.09749804553598113,0
0.12465519628747261,0
0.07158315415881843,0
0.18940483457559507,0
0.2673297843802595,0
0.3007392954224787,0
0.4228031777171874,0
0.13714961872289602,0
0.3621496890876543,0
0.226820264524405,0
0.1336172494535886,0
0.04192400570091518,0
0.13793408532869444,0
0.049450001518528096,0
0.05802879334210693,0
0.06215737614882639,0
0.0893508534142867,0
0.10248044895451998,0
0.11132520904954003,0
0.5316911550670164,1
0.2707553705682326,0
0.23102172799380236,0
0.14200300685088685,0
0.03981293529211443,0
0.05983304328094066,0
0.17296469413099083,0
0.5085303356140183,1
0.07342086710855752,0
0.07436687565557441,0
0.07058123564710589,0
0.1772222169298362,0
0.10296598903021172,0
0.19371367526391056,0
0.24218600149772473,0
0.20828176919917504,0
0.2262399748730661,0
0.34627810522132985,0
0.1371913551100931,0
0.165763700295332,0
0.1718951558235275,0
0.09775465626342932,0
0.11071693162900677,0
0.06389410788485615,0
0.23727748726040995,0
0.41786140951681006,0
0.11237931077335114,0
0.3023053157897732,0
0.06342836048339696,0
0.045533506535313184,0
0.038640632151612384,0
0.08790910845599201,0
0.016546871203002255,0
0.24656807276548046,0
0.26903534676165614,0
0.032923418909315584,0
0.030794942968644753,0
0.1150763546777639,0
0.14572673387306695,0
0.04252244575746605,0
0.0516442128559214,0
0.11887308257116488,0
0.46806371276667386,1
0.08490088521387887,0
0.24514439744883332,0
0.1082638465626976,0
0.037796322755440585,0
0.14290030653308233,0
0.05049679745598136,0
0.13337534638103735,0
0.04554084615249439,0
0.04512354865210035,0
0.22208700952071456,0
0.17385586356754726,0
0.08615247822674506,0
0.0879066505228518,0
0.12551512438927767,0
0.040024506809625944,0
0.03875867568271921,0
0.10802967390178195,0
0.0868025912059235,0
0.09232125996147733,0
0.22798681607996243,0
0.09841293527957443,0
0.11759880308645712,0
0.08332160870720304,0
0.03378686379294604,0
0.04225030708193519,0
0.051293530720143976,0
0.16300780425344016,0
0.18258731937648187,0
0.07515573179309673,0
0.12918798316809152,0
0.16797058624995095,0
0.07438888730405858,0
0.19308624707114044,0
0.11414493153304828,0
0.13061364256619623,0
0.14678802778425598,0
0.2038307969902796,0
0.0719351109654148,0
0.19427693206163404,0
0.09736203560502012,0
0.11310631245779623,0
0.5704579063332237,1
0.2646250512598712,0
0.20130819278871304,0
0.1758540758102716,0
0.05181076547173606,0
0.19655489681266794,0
0.08103730141236112,0
0.12923101471547616,0
0.04243031167249843,0
0.0440565293592363,0
0.08717053962416627,0
0.06942509325269751,0
0.11790872283614864,0
0.046398182784938916,0
0.12223806849338321,0
0.14541268528169732,0
0.20133477756008106,0
0.21667930068778418,0
0.08800543493729204,0
0.05113064269165432,0
0.03228065793429089,0
0.06887892634120432,0
0.15725771967726015,0
0.23174798667910038,0
0.1684634019083506,0
0.2256927484608126,0
0.13887304749229962,0
0.5381081947473076,1
0.22181906648036734,0
0.16156105599680096,0
0.6663767726158187,1
0.262385122791574,0
0.13250955671853915,0
0.1548095609618213,0
0.18299643079534425,0
0.41799232965681027,0
0.23298235550623214,0
0.0720360538892345,0
0.08960191311979465,0
0.12362083144311128,0
0.09455201807117627,0
0.16432599661967934,0
0.19115453224484177,0
0.1346268043449063,0
0.14898741419397585,0
0.10874441341555065,0
0.07988854613172594,0
0.24913334815020552,0
0.2907203737868253,0
0.49487170700175054,1
0.0571895202046163,0
0.25123436530581095,0
0.43131717112821455,0
0.09626637014398431,0
0.2466909715204051,0
0.24792281116974238,0
0.4033745992543656,0
0.5926736604285463,1
0.6973784589244616,1
0.4295520536444585,0
0.21769178101329215,0
0.5156694825303577,1
0.30234992777026143,0
0.18142524016191477,0
0.1699811330281008,0
0.9438258459708314,1
1.3288904607542127,1
0.09502939003188728,0
0.204941295621766,0
0.6451601692514515,1
0.26798055619595096,0
0.10128104978375532,0
0.11484065423510346,0
0.1436529778175382,0
0.03870597974246241,0
0.10017839891390423,0
0.2973710011464777,0
0.37852091564228474,0
0.13673627450502163,0
0.11347615443187603,0
0.037717243889025275,0
0.04995003591124558,0
0.19762645583571967,0
0.06544517314899052,0
0.011026610084904319,0
0.08163928419181121,0
0.12064333841895752,0
0.14023804929070594,0
0.11414105455971829,0
0.03426475378388916,0
0.08732579036914968,0
0.0925087233326,0
0.11755222588581768,0
0.14548906752062793,0
0.10981270389607872,0
0.15430718029962198,0
0.14871751457639476,0
0.09362499049923864,0
0.19707868520538466,0
0.13598385908041793,0
0.0438643219665715,0
0.06210911520876564,0
0.043023077606444665,0
0.07023709434413856,0
0.12188416983234764,0
0.03522593930585814,0
0.03060437212789099,0
0.05532043349358332,0
0.1644152924791352,0
0.13622385014056346,0
0.09690203524210395,0
0.14549350493218255,0
0.04955091525021425,0
0.09259737160444753,0
0.019196885825871465,0
0.04498287539505282,0
0.1497284042369141,0
0.04940206116211109,0
0.22255885182111249,0
0.11320390369426811,0
0.07869415007976123,0
0.02417057023917738,0
0.011050772461662398,0
0.06262916412730685,0
0.0974013318926912,0
0.016259302496873382,0
0.09607456869723187,0
0.028153658584563767,0
0.09236807894007777,0
0.09033266743376914,0
0.13200462082282788,0
0.0996129566048741,0
0.05607673393639015,0
0.0854552163430241,0
0.018698662915308147,0
0.04439886781703638,0
0.10140726976325935,0
0.08181257334173081,0
0.10220196306456561,0
0.06323136975783222,0
0.13721367292735728,0
0.09552162329369136,0
0.10226339685248374,0
0.15402390764605203,0
0.09363299842686489,0
0.05019136502307986,0
0.06799754364995432,0
0.05394883596992,0
0.09338403670323706,0
0.10083270935743478,0
0.18192218183589112,0
0.10758967812121646,0
0.15434814706628178,0
0.037919870242826656,0
0.11341427335649223,0
0.09122381819875507,0
0.058692852354389834,0
0.2070293352125255,0
0.21052000343007346,0
0.14574582942782602,0
0.06455886297559306,0
0.15301276338172987,0
0.06798786784917848,0
0.1300294885894378,0
0.07455762414305088,0
0.03865517998309406,0
0.006433225323877443,0
0.03155598783556425,0
0.035537222294843566,0
0.06931567694778287,0
0.05240114810053268,0
0.041585843510947434,0
0.028787940735574016,0
0.05470102410317457,0
0.015420212554290174,0
0.09932105092384073,0
0.07185018107124529,0
0.10629192177042014,0
0.09758759647876805,0
0.0890512244782356,0
0.0983760417502928,0
0.08445672679797016,0
0.08133806227195282,0
0.05075709789590711,0
0.040892170627088165,0
0.07985979195669798,0
0.03584080794524402,0
0.12614256368580287,0
0.11152968364771362,0
0.09774074765272732,0
0.07973342586577589,0
0.11771480228192117,0
0.04675339398543452,0
0.04462248734866025,0
0.11225092217337779,0
0.03714905600925559,0
0.012662653975924998,0
0.06695585906027746,0
0.11714177979410106,0
0.16448740363425243,0
0.10144186747845414,0
0.015036463246080076,0
0.02106163510322102,0
0.019062546183558852,0
0.06470005569403582,0
0.14932191359181576,0
0.08292036201230463,0
0.08495486434164373,0
0.04583117865222618,0
0.04778151051239853,0
0.05846225032174139,0
0.04663836045196056,0
0.21439175403712524,0
0.0998678755663334,0
0.07467314457687947,0
0.1434421388464097,0
0.03299895017373817,0
0.07924647422972378,0
0.12365296533012977,0
0.04434862603289908,0
0.07872897234094758,0
0.017644222238311698,0
0.10976582766517458,0
0.0904210483982752,0
0.19951614349774313,0
0.1312187538655415,0
0.10634635248797553,0
0.18066082716385107,0
0.10790025354030772,0
0.2464835958469789,0
0.17879099542209467,0
0.11391534104395906,0
0.05626756679225587,0
0.1394862990733031,0
0.12908527039887527,0
0.03814420538871537,0
0.06998175885754385,0
0.04438841314336657,0
0.12223937589413839,0
0.08481396323750322,0
0.10951166745904731,0
0.041912518768427685,0
0.08618001726414189,0
0.1589276334433489,0
0.04348989340338835,0
0.045079048740857636,0
0.08355501065560358,0
0.046550610766393954,0
0.09074184683901305,0
0.07478815134495605,0
0.074099591849571,0
0.1549099694958743,0
0.0696218758201169,0
0.086184330850391,0
0.1295684358997421,0
0.27565393556483464,0
0.10337009005948303,0
0.1474258258603782,0
0.15237768929457068,0
0.06765550921190237,0
0.12264620908564458,0
0.10732696714535933,0
0.201804579261643,0
0.11225347554439759,0
0.1606014035924716,0
0.24707494386443074,0
0.5267389838168078,1
0.31249436220965,0
0.25901977769917806,0
0.14719637119380122,0
0.16624366560851053,0
0.18394115115435225,0
0.23603992876740765,0
0.6454872003001987,1
0.3757681830592127,0
0.3403335104897973,0
0.1319129144145033,0
0.08701497228372713,0
0.09471282485823292,0
0.27339037612037764,0
0.06598156677017816,0
0.03318682090179445,0
0.01539366134348653,0
0.09363676891027745,0
0.1075906445029732,0
0.10695776783397798,0
0.09027996995800819,0
0.24041075044141072,0
0.1283248824698782,0
0.025084101793614866,0
0.10140808051807029,0
0.07417641270732996,0
0.09638573222821534,0
0.09066270239884101,0
0.1053430365223886,0
0.1804072360892638,0
0.04509737070363464,0
0.10265281800366782,0
0.0720687499566711,0
0.09192269376413403,0
0.14491623441628296,0
0.036482691865368524,0
0.05232135940738548,0
0.061668764213296846,0
0.14091434231758534,0
0.08174427199832164,0
0.17374010141643684,0
0.1439463809968413,0
0.13669874776493918,0
0.10997452884790442,0
0.056580708831310826,0
0.10637975195686429,0
0.07927287606680573,0
0.06235599231737347,0
0.32223773229702235,0
0.10196787574318812,0
0.18955632040006123,0
0.09001918634713175,0
0.12972770438681,0
0.4923379242125583,1
0.10089435123914489,0
0.11873526742681768,0
0.37900515853099886,0
0.16190053978461336,0
0.21756866674590516,0
0.26909537342908935,0
0.07328523732704535,0
0.21712042107043034,0
0.08252802045669663,0
0.05020026102679565,0
0.09965101946218588,0
0.1790132806419194,0
0.17642305892506777,0
0.15619080022136286,0
0.068539463978072,0
0.1305444124709602,0
0.15565494179316372,0
0.050449005177007164,0
0.05742189193717415,0
0.07324944530762371,0
0.19602594353219469,0
0.06860456601440926,0
0.03924722069835083,0
0.10830897234378062,0
0.056905543165157405,0
0.14387423275948968,0
0.07206792218646359,0
0.1374842859188867,0
0.0674360988467621,0
0.0749503679807144,0
0.1205548264030745,0
0.13389872189068414,0
0.030826950132848988,0
0.037169062703527385,0
0.24039906585917903,0
0.13072986068340614,0
0.13957062202633003,0
0.12647390720306187,0
0.16821507930302,0
0.16939462431906135,0
0.43731968072720206,0
0.19767907985030334,0
0.07781907177000129,0
0.16611180427198036,0
0.09755681959028502,0
0.07862673111923643,0
0.05735148104571981,0
0.06869007435419948,0
0.21491033392634654,0
0.07477967502356236,0
0.12385480882904977,0
0.0704504065871759,0
0.11336853219523937,0
0.13850160738489986,0
0.06651731537903813,0
0.1029352440323106,0
0.13766738848895269,0
0.09628526948476707,0
0.07719766050163938,0
0.03549215827249103,0
0.16749426127761471,0
0.11657954429675615,0
0.14462978164456627,0
0.052688198067493405,0
0.06334612575152261,0
0.07476321043327601,0
0.1380029666372706,0
0.1073419159901642,0
0.13668666212845254,0
0.1164778772861086,0
0.07807100050171721,0
0.09434915974228396,0
0.15131600228382186,0
0.11448353320956803,0
0.1518791978602164,0
0.20337196249928102,0
0.20300558062263413,0
0.11819790827016882,0
0.08257609379413525,0
0.11584841488772732,0
0.10194325847086823,0
0.12341237170296854,0
0.2590389597365371,0
0.16862190504837257,0
0.08561682000243986,0
0.18475141542013593,0
0.12454479233673374,0
0.14782744670084863,0
0.13538083371222617,0
0.15281151052638783,0
0.05278938281367237,0
0.0487079075213441,0
0.07650568282708387,0
0.1484786103063872,0
0.052617110603987445,0
0.03734711011694023,0
0.031867839040125676,0
0.12955046020185407,0
0.07320142759933981,0
0.14195094382475718,0
0.10493117017278987,0
0.29622108460903324,0
0.11145834387111835,0
0.25154010720327546,0
0.10826920222987882,0
0.08215003668459335,0
0.1308818195917792,0
0.18720750795282387,0
0.11572356700878544,0
0.16635651821100889,0
0.16493731784523194,0
0.24687911641668495,0
0.20908044813827556,0
0.22664887180268753,0
0.517604569121822,1
0.16926827205851205,0
0.12243091994068524,0
0.11909317130577511,0
0.20323177685808239,0
0.11354111056328468,0
0.10999705065741743,0
0.11546822272226431,0
0.09974773787694202,0
0.12366258593043504,0
0.11389390588430895,0
0.157518402798033,0
0.13538635086478557,0
0.06543672459135735,0
0.09125300839774479,0
0.27491082321057686,0
0.06098174128185678,0
0.13205914528509838,0
0.11013673994247271,0
0.1887893257924967,0
0.10707429624709898,0
0.143589757977154,0
0.1358333042723472,0
0.3152098037931301,0
0.5446994058068262,1
0.096163290914435,0
0.11882926355777486,0
0.11249538946312822,0
0.21873073549805025,0
0.07288720051659796,0
0.17586950535084275,0
0.08402880561692751,0
0.07569510921637797,0
0.1393059817184256,0
0.08229192761257263,0
0.09448177333676995,0
0.11916575869755944,0
0.47060905363489414,1
0.0646678543948191,0
0.1576625062039777,0
0.05846256294249159,0
0.059321509011329605,0
0.0590218623812258,0
0.0633018660369438,0
0.13597272555446832,0
0.07650788652206382,0
0.36266343679575364,0
0.08507832972008683,0
0.07918589850278358,0
0.044859088833810117,0
0.2127245861650558,0
0.2125149930052389,0
0.08045547110188744,0
0.054755878606444236,0
0.10945634480719782,0
0.09549524936139413,0
0.30278122070670754,0
0.10463924912509916,0
0.14929790581383295,0
0.07178596694181841,0
0.06674107499207263,0
0.10799828190640101,0
0.06864054464680418,0
0.026308234862865976,0
0.05152816350787058,0
0.09886990397358528,0
0.11751782480923793,0
0.03563711947624336,0
0.08249463322006695,0
0.07073729329018467,0
0.23595444514878883,0
0.23343040935962966,0
0.2738890624560268,0
0.10357329547225302,0
0.16670596970709142,0
0.25252687690853154,0
0.10783424398590015,0
0.10004457499636756,0
0.07394454720623594,0
0.09853119604025734,0
0.14914805111700633,0
0.015456361897369927,0
0.08199087555071258,0
0.1416493892140401,0
0.09629551116226585,0
0.16902589910709648,0
0.1478422784910274,0
0.13174767003776752,0
0.09259170901330543,0
0.09802303689865365,0
0.1461555817975728,0
0.22124404872953757,0
0.1420112003401339,0
0.08463998886651884,0
0.11932608274462837,0
0.26546827627796704,0
0.05346805693710015,0
0.08661486350406926,0
0.0653229008292533,0
0.07789975627992012,0
0.14939053157419535,0
0.1968795423518886,0
0.03780297498736851,0
0.041380297807086526,0
0.07047440056850228,0
0.04592255375597175,0
0.08170116022672598,0
0.12850097753227968,0
0.07203183663293532,0
0.1909330266025082,0
0.026360885989476678,0
0.13660438880563558,0
0.08494461056558428,0
0.12358862403478356,0
0.09963127378370346,0
0.11702467260443111,0
0.2171315778289487,0
0.03624175103598461,0
0.09124856031687464,0
0.08156731569351165,0
0.07989441275038489,0
0.06405795455472808,0
0.14791256595801788,0
0.076763442704839,0
0.029689196731567134,0
0.08099014598359838,0
0.13735069910277276,0
0.2006816916619898,0
0.07991932501260847,0
0.09730560265282064,0
0.04675683725282167,0
0.12172626566334617,0
0.06998410844173085,0
0.21573580750701732,0
0.047664098682986634,0
0.04063315799625263,0
0.12983683449639416,0
0.1043493675458545,0
0.0728267745481776,0
0.0712211190859105,0
0.19307569795599921,0
0.11249142401679622,0
0.24911794016035696,0
0.17135996576256246,0
1.163735982326242,1
0.530164614448856,1
0.11058722341258867,0
0.13262852363836625,0
0.09548486230583207,0
0.15523931525145906,0
0.04270459345716786,0
0.03731192971372169,0
0.05518205906142193,0
0.21211723646296538,0
0.051545974319265025,0
0.10146282653250221,0
0.3010197563529614,0
0.2013658506452837,0
0.16225614130558072,0
0.024366860914623378,0
0.09569355934051262,0
0.03844274826890503,0
0.1353104012463455,0
0.1736292173123168,0
0.11235158023316534,0
0.13879680209212406,0
0.07334468243334943,0
0.08202338691853008,0
0.1523075944819946,0
0.09489910299085375,0
0.13698269070422497,0
0.18521846563123576,0
0.17815932724060493,0
0.1586214201068507,0
0.10003116781580353,0
0.07692604029229085,0
0.05449963243584786,0
0.055690919018535144,0
0.05106648217440621,0
0.07953680978713079,0
0.036583054787741924,0
0.0408013985210263,0
0.06862825573554783,0
0.16616226068194,0
0.0699053634655588,0
0.05862015652394204,0
0.18139858170590362,0
0.18291277928374447,0
0.056687089083692334,0
0.07449215213511254,0
0.13102666407621036,0
0.04706548000746618,0
0.09100967940720751,0
0.2069803071749148,0
0.15067815661539388,0
0.09586527174575764,0
0.11279982960562275,0
0.09536286752904345,0
0.2993729368807179,0
0.15856613264690766,0
0.10462720243990016,0
0.37203840437427543,0
0.07993986851377481,0
0.07244021052727886,0
0.09259196913915467,0
0.07016509057645996,0
0.10205098945441213,0
0.11419604239823163,0
0.0932195683249185,0
0.05665402761493718,0
0.13260290672998593,0
0.2699207100582316,0
0.16976009204902592,0
0.05717416806921692,0
0.09040912302977101,0
0.04932861896813319,0
0.10298023137419718,0
0.1396477751596675,0
0.1523999801199879,0
0.13239758251135705,0
0.08529468354315745,0
0.1367466432634004,0
0.08983501106894581,0
0.1543374555336622,0
0.1343507482359356,0
0.08572442438654067,0
0.09011063356330164,0
0.07435507494582445,0
0.10305078428171122,0
0.16961768764713653,0
0.15526190490701916,0
0.06261734477732218,0
0.1320933079471548,0
0.08438716049546553,0
0.16619559858556712,0
0.11025952204151852,0
0.28248192014458057,0
0.27547828011377035,0
0.6736406442391707,1
0.12779100995751555,0
0.10633882911373597,0
0.18563906309839714,0
0.1461152665663327,0
0.24394878797497213,0
0.5020750914983035,1
0.20793297195317603,0
0.053957454659057096,0
0.09794994102918268,0
0.0519889458015258,0
0.30636670498224533,0
0.28577475982918243,0
0.1642901025391122,0
0.33934978989677944,0
0.1306578042490656,0
0.11955942605674635,0
0.08021127391227688,0
0.03239561819590312,0
0.07242026912418191,0
0.03347608043541216,0
0.06937291093210458,0
0.0699707062198614,0
0.11179040187471763,0
0.18983554821580223,0
0.13444985938427226,0
0.16370209359655813,0
0.1328788511912671,0
0.10989135552828694,0
0.04863537014597322,0
0.0531520606452269,0
0.03532044509311643,0
0.10745865917663126,0
0.10971340629216669,0
0.07772386745911798,0
0.10503460307716364,0
0.14180393997994833,0
0.07365580333772646,0
0.2370266327302182,0
0.5532369641346347,1
0.36404864300994555,0
0.47881868638745895,1
0.8668701105466498,1
0.6422673553323572,1
0.24944243011129147,0
0.3253121485881498,0
0.3802003885656823,0
0.18309399971455836,0
0.13238383781062676,0
0.14062501915878223,0
0.29087356580436524,0
0.07817087202290213,0
0.14829782148288959,0
0.29062618151939945,0
0.10016792651220038,0
0.07365774227571857,0
0.18608664297086228,0
0.10383536568160084,0
0.07241778719351614,0
0.14321972896524462,0
0.07610935511955418,0
0.07711333209512367,0
0.06912340020031227,0
0.08172201626128336,0
0.04729024421856584,0
0.09570142075916968,0
0.07068805971503458,0
0.06342825573082068,0
0.12523357663028722,0
0.12912937524753298,0
0.10260133175915896,0
0.21907252417136386,0
0.2541275370746726,0
0.15487545620245297,0
0.04804279583011817,0
0.04449045632486516,0
0.22095588319495177,0
0.09810054570796978,0
0.14311431275122738,0
0.1915026146800574,0
0.3448087653685859,0
0.5387608325270405,1
0.6971280889628982,1
0.5287185685046949,1
0.37357841611712395,0
0.6967402065188825,1
0.30342565127203075,0
0.5432632223670553,1
0.69502727131596,1
0.5561671571167904,1
0.24185909838173844,0
0.1846482724517514,0
0.11010035321044771,0
0.04073344742895651,0
0.09377438776484001,0
0.06888626192536235,0
0.03941931673878039,0
0.052725895862194,0
0.13909517836839747,0
0.04317024590576292,0
0.027678671960758527,0
0.03354470980537589,0
0.11240346037501577,0
0.47177070722548875,1
0.17929063137784657,0
0.15498336874638216,0
0.6126061904920294,1
0.6820181219823492,1
0.09045663013419364,0
0.06904387181925963,0
0.09482864172018649,0
0.08176393320744342,0
0.08546702100443301,0
0.05130298855280042,0
0.13290573829929014,0
0.2858557625629377,0
0.21764157149418914,0
0.346603347722075,0
0.16138072725345085,0
0.10332005482444967,0
0.19629652365320727,0
0.18409924123111868,0
0.22223423769327183,0
0.2631225949286856,0
0.09216802558540013,0
0.045901210945102085,0
0.08990022989524118,0
0.028329983263390663,0
0.05867768205781878,0
0.08699058875460314,0
0.027944379207283265,0
0.05683544890715134,0
0.08948044890939852,0
0.14589831559585814,0
0.07305165305547492,0
0.03510005581561184,0
0.16458341866184323,0
0.05395832620420546,0
0.013184697831595548,0
0.0718835064828458,0
0.06313569895054236,0
0.4248555103173271,0
0.258877080574683,0
0.10250306743247177,0
0.21548988184588133,0
0.08419950328492966,0
0.11620494825959157,0
0.01755908088116467,0
0.055231897433715954,0
0.01720594606033437,0
0.026769449677371264,0
0.12119140502590028,0
0.315095593164957,0
0.23697473313503234,0
0.058643723089050054,0
0.1045725167838142,0
0.052092802765429894,0
0.087375284355414,0
0.16040856459357192,0
0.3450412581085832,0
0.1970325663133067,0
0.34809806986587605,0
0.20434364223308857,0
0.12792206546513998,0
0.14693548722640815,0
0.0719183763192852,0
0.11498123772583418,0
0.267230276519744,0
0.1958876730187031,0
0.3447552119405621,0
0.32201243927475803,0
0.049824875051909134,0
0.07569061356794052,0
0.10537532365431544,0
0.48170298075085527,1
0.11542928995021427,0
0.08531193189647389,0
0.030123166714839368,0
0.02829815147925382,0
0.199882398494953,0
0.49441945837506207,1
0.22146217775631677,0
0.1015820015609399,0
0.12048316400147159,0
0.14601084220164842,0
0.08848031260338224,0
0.1022021449054447,0
0.1896014099608642,0
0.3089333371529975,0
0.21994292146586844,0
0.24731577910077007,0
0.19368127945271138,0
0.3669483966664429,0
0.30810541507948325,0
0.12416197925760261,0
0.5051779751960178,1
0.12167394868437585,0
0.09145296568394001,0
0.26831251767440306,0
0.028587638164863875,0
0.3697995764217415,0
0.6084125877984792,1
0.7035222388288953,1
0.2621841589006173,0
0.11794909476703955,0
0.22514852608800232,0
0.43957919833078846,0
0.10546844037012737,0
0.05068997235145491,0
0.32572240705791733,0
0.27911448422832785,0
0.052026173821958004,0
0.022498309525180435,0
0.1446639836687376,0
0.6184577438377034,1
0.19905127907764456,0
0.4106927179398833,0
0.15939539655996987,0
0.059957738901712375,0
0.12811177963886072,0
0.27419644568053175,0
0.03597955336238529,0
0.03856113326880945,0
0.09817304251888347,0
0.04296388908646434,0
0.051655907938002864,0
0.17443217538648176,0
0.021732960330418105,0
0.07175915034971833,0
0.4079494128928092,0
0.38483228123881275,0
0.1624126942317017,0
0.04052256761364204,0
0.08821097159549268,0
0.18504611321795747,0
0.2588607652237886,0
0.1336739848007766,0
0.07615984558644931,0
0.07020091186296376,0
0.31121872305059894,0
0.23653276538443394,0
0.09688337915028752,0
0.040235016604483025,0
0.17391456978947975,0
0.025378875855947305,0
0.07640684307386557,0
0.056613322658144345,0
0.03609303528402392,0
0.09070944039770198,0
0.2197279666054462,0
0.0611538080741837,0
0.08675282574057273,0
0.03575816106591166,0
0.012981924794029934,0
0.01960839936241678,0
0.14892213096786747,0
0.20506405037627878,0
0.2386690259321834,0
0.019627384269005246,0
0.03896574644471362,0
0.1273746461856125,0
0.07714620067570425,0
0.05212049196500538,0
0.10880971464518426,0
0.5569268720490681,1
0.15201384089091372,0
0.28774076415000327,0
0.07020100113901656,0
0.19330340137298238,0
0.1392561728122969,0
0.14198454338894673,0
0.049903585764876385,0
0.03108980994771848,0
0.24118707362556188,0
0.02751216609983383,0
0.015536400076205933,0
0.06756411029918906,0
0.038084329905197105,0
0.23853407684535197,0
0.08644270565285052,0
0.19202614641965318,0
0.1320863326552124,0
0.16289430681849826,0
0.11038726587457112,0
0.14961534239842578,0
0.15119357273687087,0
0.04279805166017961,0
0.2187058359876494,0
0.08945335524243657,0
0.023058672638277867,0
0.01537609919621238,0
0.03231027455072708,0
0.1721064077384672,0
0.1056166833869724,0
0.1270708468685663,0
0.1942344510990345,0
0.2038331897227867,0
0.28860688120041267,0
0.05267038769690228,0
0.042567822397635104,0
0.03922505394133983,0
0.14848035598809692,0
0.17593821487727887,0
0.13539314882923353,0
0.1083943024673366,0
0.07288085980105613,0
0.18903446166775437,0
0.3136643235175762,0
0.08493653187558307,0
0.019112844886742027,0
0.1713771589017737,0
0.14288165617330872,0
0.08485862703456555,0
0.09901123538514446,0
0.039785806455052725,0
0.36535870508623636,0
0.4100501354190421,0
0.052583555528389184,0
0.1882401840004081,0
0.23419388706639907,0
0.34624824650066793,0
0.3910047193646325,0
0.3329714131277932,0
0.048330531486527016,0
0.02326676363486911,0
0.16804636430123215,0
0.12463035545988997,0
0.16835224544278019,0
0.08649513063938605,0
0.046038908452255965,0
0.05644417641952677,0
0.16713884238551058,0
0.1694546368853265,0
0.12077996992612709,0
0.19685964490330668,0
0.10501588976453832,0
0.1139621113896273,0
0.051662813413854,0
0.7206112641340339,1
0.5475584507670909,1
0.7290931297426801,1
0.1361436177991081,0
0.11795443118528448,0
0.09619808883912966,0
0.20616546341212688,0
0.280620797009056,0
0.12060316770914599,0
0.21714238681007195,0
0.12781629675396305,0
0.05914675205323983,0
0.45393431283013314,1
0.1434538910967978,0
0.07695400075001922,0
0.37882843363842583,0
0.19868849371502353,0
0.17522853028148944,0
0.12327764004281762,0
0.2892049714269669,0
0.28884260522378474,0
0.07668385376631442,0
0.08637911412180627,0
0.4448920373631608,0
0.05783363031591311,0
0.17953937785977497,0
0.06394392127482482,0
0.15508216707937542,0
0.294367694611429,0
0.03197941004392342,0
0.0632014222491454,0
0.037487281503746875,0
0.09499711007825357,0
0.060832572131966106,0
0.0696421771752055,0
0.07515796789979173,0
0.21551959992543687,0
0.11521691413408162,0
0.24900351007439786,0
0.05798280070090138,0
0.4295987859863376,0
0.33024407217152435,0
0.14260274684613083,0
0.29613782576698794,0
0.15122562935404457,0
0.0685145396578432,0
0.16013113672219978,0
0.04454920924113872,0
0.020675926326588354,0
0.06294299663543869,0
0.10115014477348075,0
0.017308531330795626,0
0.010653157599466964,0
0.06223536447693964,0
0.30783465991602627,0
0.21429227974255835,0
0.10887679858470185,0
0.03077150116838519,0
0.013929736740912357,0
0.04945245539158602,0
0.09673497039628874,0
0.3870039561480676,0
0.03752433756596015,0
0.028020267942785095,0
0.22222144676101246,0
0.17622716624395005,0
0.1663354087605562,0
0.125570748532948,0
0.015113774494363926,0
0.06028976978688911,0
0.056607337181579696,0
0.09936525811814781,0
0.09159428599433478,0
0.053448511823843574,0
0.15002926821166224,0
0.10881189250741462,0
0.09671809052841505,0
0.09531063382250533,0
0.04669883865873103,0
0.03276166216591436,0
0.062280733616473884,0
0.022914154152663138,0
0.24425636204855408,0
0.09987019530113526,0
0.08910829630453665,0
0.32424330103760235,0
0.20160235904540968,0
0.2467680369983086,0
0.4156358362216725,0
0.10044409038755285,0
0.04594817548056122,0
0.36157992875179,0
0.06886091161767287,0
0.230948709388816,0
0.2627342738474077,0
0.16943977359332402,0
0.07696818435509495,0
0.06520114606777526,0
0.13865879586873764,0
0.10794545137935478,0
0.4054472686595714,0
0.3614257229065698,0
0.24640581834006806,0
0.06305225590481182,0
0.12601756025985208,0
0.08031986731709681,0
0.07072813595881919,0
0.09676137116958829,0
0.3763657008773541,0
0.2169389284774228,0
0.1895370670368209,0
0.05364341751551103,0
0.0513800118952242,0
0.03619006961190934,0
0.14098404971256415,0
0.15675475403535175,0
0.06562896544688229,0
0.11100488711212711,0
0.016392712418684594,0
0.03596632875098035,0
0.17883759995644813,0
0.12888437401404573,0
0.06697797958014344,0
0.03883618378203201,0
0.2839229678693748,0
0.2337005221437141,0
0.3458489673581983,0
0.34440516207224714,0
0.3501423819486989,0
0.1231853168157052,0
0.06787496420973997,0
0.07917964561508671,0
0.06651354287801103,0
0.02876281571353665,0
0.04193830079019813,0
0.2742802544033705,0
0.03327501675916661,0
0.0182526737519186,0
0.21563623032132623,0
0.05156729389800505,0
0.07549675279156398,0
0.2702611837592336,0
0.07182750108287908,0
0.10884741798377814,0
0.10174743289397346,0
0.04315032474660484,0
0.017869853125762607,0
0.031873975060426364,0
0.17870530422426156,0
0.15101627080176547,0
0.06147029844521039,0
0.32428028907784,0
0.21453682690896916,0
0.0859479746150794,0
0.04343992396046641,0
0.018460948956717686,0
0.03547697367717315,0
0.051729785418407094,0
0.060665388831211635,0
0.023738012714622655,0
0.03758778731843863,0
0.07445185293675508,0
0.021206151856485733,0
0.02726392785567221,0
0.04260835367955851,0
0.01812288554397579,0
0.04345337024833753,0
0.07391928765783944,0
0.060698297488645116,0
0.04514158097571108,0
0.020983362811293118,0
0.011354381626807354,0
0.013755744043260323,0
0.18446915984120377,0
0.11899984759452428,0
0.11735067812431053,0
0.08791564672079018,0
0.11917084763126518,0
0.21770796005848914,0
0.3550348679008141,0
0.12251272193717132,0
0.342662669152209,0
0.1778602888611532,0
0.29802294033919435,0
0.1391192525061601,0
0.23394844518405644,0
0.30162386686508014,0
0.269237015639909,0
0.18627723462653686,0
0.23040004663681032,0
0.05177776209383534,0
0.059964058635053205,0
0.15177543601712803,0
0.07260118278587867,0
0.09373629289944353,0
0.05457624045840978,0
0.21145924227879434,0
0.3326773058403747,0
0.01573920506989169,0
0.016498187075465916,0
0.2796897378045383,0
0.0926007893520461,0
0.08703885325294178,0
0.15090502937671899,0
0.2186989642020927,0
0.2637797732096108,0
0.22371396394920712,0
0.3962124392006385,0
0.45789815656007515,1
0.06606137305622431,0
0.2129976572803855,0
0.0682712765473636,0
0.28445487594191576,0
0.05001547902822805,0
0.15466046321006605,0
0.29529910157633643,0
0.2168679682756501,0
0.15406275761034408,0
0.08279571517863266,0
0.05342790784822995,0
0.06368056842234564,0
0.07794410868817078,0
0.1067776340192635,0
0.06891858195739667,0
0.20450654899406065,0
0.07836505922485697,0
0.17820240541285226,0
0.4612902555414092,1
0.11596541686719426,0
0.015171533847299272,0
0.035943485051343836,0
0.054042616876313,0
0.08762064975484009,0
0.07153762727750287,0
0.09430250077983815,0
0.04846682797742829,0
0.31354114156688884,0
0.027903123636643743,0
0.04003224353420888,0
0.17763527596050743,0
0.2649398642801607,0
0.12042253986467917,0
0.04658867553602944,0
0.04065328932211118,0
0.024326428427684895,0
0.067576530335197,0
0.06134530929291994,0
0.07871385869420133,0
0.03395286162754838,0
0.061170901000665086,0
0.16384740698504455,0
0.033622977875773466,0
0.03137550445095169,0
0.10847638174587404,0
0.058083474406578975,0
0.07803207922359572,0
0.021634843227667747,0
0.07523277033495093,0
0.1479976407035471,0
0.05102907373605761,0
0.06185954974700101,0
0.1307853118644096,0
0.2413465945544791,0
0.11312369586357884,0
0.11886699869290411,0
0.23283648429731182,0
0.189601806767488,0
0.3419103591205479,0
0.192521116910735,0
0.26094671994996554,0
0.3531443884676135,0
0.12160569143413243,0
0.27477525529404273,0
0.12764935127728624,0
0.47012900660956414,1
0.17151368719603938,0
0.45289071680773163,1
0.15244689553711105,0
0.15175841058320563,0
0.05961396680778696,0
0.004994158610761352,0
0.04443266428381842,0
0.13510749275894754,0
0.04160320576227473,0
0.036867338533734334,0
0.014656236213364609,0
0.014055753204526854,0
0.016965901839763965,0
0.04167083987873343,0
0.24746765294771966,0
0.07063099671656155,0
0.08409505978785457,0
0.25342334214841666,0
0.19931154591526667,0
0.13089009605033375,0
0.06477464816285944,0
0.20281460624578623,0
0.08820069430911678,0
0.034406367811802105,0
0.117407554074783,0
0.02914562978779795,0
0.07728081103466095,0
0.30046064048144017,0
0.1270159455269234,0
0.08082938609316752,0
0.03645726088573874,0
0.049249777105141425,0
0.11199860005813157,0
0.3141838418774773,0
0.1536065862995338,0
0.09693327193303261,0
0.04316470924075208,0
0.06295886783001496,0
0.030205056342072913,0
0.029697743722516715,0
0.0824976807636512,0
0.053993023395125364,0
0.3919080800224425,0
0.19945025437105432,0
0.1489666031774785,0
0.22252728195813123,0
0.26796529802965513,0
0.036204469820192625,0
0.00982633957339827,0
0.03187949984980236,0
0.07527281331550463,0
0.017475073611950335,0
0.15684773250722847,0
0.06042013400723204,0
0.017137184468443444,0
0.07060303359378758,0
0.12312453350604496,0
0.08532144537525985,0
0.3115287611650546,0
0.057864247091356576,0
0.051157826517509095,0
0.05385783907152312,0
0.0809015339444542,0
0.08353797273132439,0
0.0200735446371315,0
0.023437937741850427,0
0.09026785693531682,0
0.5157297071261161,1
0.22937502295498638,0
0.1512297460906536,0
0.15800026167415596,0
0.23560892427796334,0
0.09189035698127326,0
0.07382967644533646,0
0.09157794023000096,0
0.039083600777824065,0
0.07106917230415982,0
0.24226905025421974,0
0.06542829523015668,0
0.13178659156179331,0
0.13651176812119872,0
0.14584016142967485,0
0.05254283799725312,0
0.07978712677096114,0
0.17383572600745223,0
0.057733369086599685,0
0.025970484172969054,0
0.04549392547958816,0
0.026778369283304185,0
0.1653895923808503,0
0.3065691225079677,0
0.24227565323456496,0
0.3325915147100905,0
0.17172601992343586,0
0.07584147691802433,0
0.019823092297055197,0
0.04884469210392313,0
0.02825261072981939,0
0.2682640621002435,0
0.40357426866258556,0
0.055506335654796436,0
0.025769764835847437,0
0.022458182499673445,0
0.03663158361866888,0
0.025837449429558006,0
0.0560519301185365,0
0.04279072641561373,0
0.43769731637187764,0
0.11990648140292069,0
0.1649659443402913,0
0.214393042866367,0
0.3929787541642593,0
0.18016482847652532,0
0.06529920402032957,0
0.0631505089900015,0
0.026019638916981967,0
0.06147137428209838,0
0.020226020921680913,0
0.03429973721206359,0
0.018504190520927333,0
0.41045772146080944,0
0.08600520375148259,0
0.3345353588073618,0
0.03391494836527061,0
0.15814831094637644,0
0.13926446638740803,0
0.08141602868119308,0
0.06440007658806203,0
0.16588357846996787,0
0.25594124765639525,0
0.11282283080810952,0
0.08158226576546988,0
0.05037746178341808,0
0.041334230139843726,0
0.03443326728173908,0
0.017682037372610388,0
0.040285151499275855,0
0.13322635686207665,0
0.048087539655564775,0
0.045189327080233314,0
0.08297508070391404,0
0.22519738085111649,0
0.32267069250488023,0
0.4514177014565506,1
0.5406644308873597,1
0.30351740192023174,0
0.08125729738711893,0
0.03559177920508754,0
0.04844812990656501,0
0.04231067208027948,0
0.147431744069115,0
0.08110995139211377,0
0.21291481496569287,0
0.21361446797175213,0
0.2072944958981803,0
0.31607850497112255,0
0.09687878244646395,0
0.15725229457225032,0
0.10695295016506336,0
0.02266916495347208,0
0.020739625364540302,0
0.04349204774171193,0
0.0392588947318959,0
0.07611147285218418,0
0.0168262985962271,0
0.03125843478739193,0
0.052987552820759405,0
0.04553594883822008,0
0.41286888773199837,0
0.08835911806642456,0
0.03899419908998141,0
0.09940199407555408,0
0.07197567992551951,0
0.2491874143254655,0
0.07306452660591202,0
0.2366257381839682,0
0.26288741641867786,0
0.25490881247651437,0
0.30301180592793836,0
0.11790917166038435,0
0.21352168261321638,0
0.05545422239018205,0
0.04457271486781198,0
0.050492713902448756,0
0.1689138201942414,0
0.23325768216077863,0
0.2804604415619248,0
0.0919924244991206,0
0.06135048057066831,0
0.17957397704358222,0
0.3633202331863339,0
0.16713552468108492,0
0.0515836523588737,0
0.04035001428839335,0
0.2124252251597689,0
0.4608236922288396,1
0.06306530711825381,0
0.15243463450912437,0
0.021678751253069388,0
0.04555658123815686,0
0.06739450329587085,0
0.06449168520902555,0
0.07457352649699114,0
0.08555149926113843,0
0.22980847168996477,0
0.07184436828723009,0
0.012513562262873118,0
0.20467853277736867,0
0.10975474271629052,0
0.1853576750888556,0
0.1262313445696149,0
0.05900814433857645,0
0.2704549705972401,0
0.2220155496400106,0
0.17756437801583716,0
0.06926999354577562,0
0.08421396473945122,0
0.04399493642557169,0
0.049398572393024455,0
0.10321245988099596,0
0.10627231634732219,0
0.10687668003310932,0
0.04351322243386636,0
0.019320839317045955,0
0.09209418187794323,0
0.22885013983853958,0
0.2550729223043004,0
0.15396266705356307,0
0.04229042520103398,0
0.029109042722272226,0
0.1439902257867869,0
0.3059042372373933,0
0.28655239942587996,0
0.17596578998123474,0
0.01316661960694601,0
0.06779433215690038,0
0.058889402020596116,0
0.09775864077262204,0
0.03676674458220685,0
0.051476785530421364,0
0.04084140719161369,0
0.27850032722287205,0
0.2864290740025304,0
0.09172639588424546,0
0.025973401677980436,0
0.0319134140306613,0
0.2846274397634121,0
0.41584460094628395,0
0.21654265449343135,0
0.07397074620799739,0
0.11777977110281086,0
0.2354357063934627,0
0.34705003591014855,0
0.4956913146707047,1
0.08793784099907505,0
0.06719392208218058,0
0.27097268734718416,0
0.06712811271863932,0
0.05519892517458632,0
0.06021986248482078,0
0.22702345274051808,0
0.08630633660790973,0
0.21314085907641184,0
0.5096202934719997,1
0.1300259161588356,0
0.01785681801625034,0
0.08212411212505945,0
0.08446552003088453,0
0.22931414695180014,0
0.10780514153824484,0
0.056439037821166105,0
0.07036309271360879,0
0.16865463002052328,0
0.12223906851273908,0
0.126812832153945,0
0.11372924986251255,0
0.11560229663968782,0
0.37165479038052235,0
0.06126370028794464,0
0.04903041945814043,0
0.03614552110230023,0
0.023574701334291646,0
0.15579415784729672,0
0.14270772780664,0
0.015173628421882976,0
0.06281899000370895,0
0.03941216808867603,0
0.03277943641310772,0
0.015696479140502425,0
0.08031569767642247,0
0.2668887225842963,0
0.08591275721298425,0
0.017191541932464256,0
0.5545846219741581,1
0.04567167007871591,0
0.06584529529794009,0
0.1057680635546845,0
0.0736711095174158,0
0.046504913397335354,0
0.03537139960010556,0
0.009452864286374306,0
0.05616408641176333,0
0.017910495395172435,0
0.5518989606987422,1
0.0984234462174778,0
0.05054807825686632,0
0.008226539102204862,0
0.015894963429695683,0
0.11911333092895664,0
0.3550293218204706,0
0.13802575360023203,0
0.02144582310043344,0
0.03489254105672448,0
0.06057621563515909,0
0.04931326848075931,0
0.2020319931447991,0
0.0129739851027037,0
0.007514460399325447,0
0.15643169879595129,0
0.13557144917693537,0
0.11736393320953313,0
0.5299593780608765,1
0.0888564650451917,0
0.03326576302641351,0
0.06282230737125129,0
0.02120798292340542,0
0.07812928898353068,0
0.12052019042815246,0
0.05803798380025834,0
0.09722709340590668,0
0.061730338632404416,0
0.3141061797144339,0
0.24483632738989364,0
0.1014938184622707,0
0.17128142589699094,0
0.13815203817804325,0
0.060669726446494925,0
0.0361429375991066,0
0.04315965662002852,0
0.07508257796867958,0
0.21058463093884694,0
0.08263564365684982,0
0.05531558717238606,0
0.06186973141048953,0
0.13815134784729774,0
0.30515588487947587,0
0.05372110538423011,0
0.01310324090012646,0
0.01992528227615136,0
0.055922479007724714,0
0.11660336411171478,0
0.1988963990933789,0
0.07148005105259884,0
0.13769095589400768,0
0.07585484977558886,0
0.09088744892749732,0
0.08336997715739033,0
0.021993902755152058,0
0.06058924130661369,0
0.07118849444117778,0
0.028082453637021672,0
0.038159003986672255,0
0.1241449060068498,0
0.01454824719097724,0
0.03748875540439758,0
0.21720401972284373,0
0.13214948894844575,0
0.315133473929424,0
0.08966109807632351,0
0.20682792723983393,0
0.1729962552469068,0
0.3598893046414735,0
0.10096880053721327,0
0.019287898642833444,0
0.04918898586161572,0
0.2110364770960764,0
0.06366642177628244,0
0.07569756404149522,0
0.06731510898897183,0
0.13671392825585651,0
0.04297357920707812,0
0.02888101432325451,0
0.03361351367332493,0
0.04744855332849193,0
0.021187415882462517,0
0.03819632634264867,0
0.02544289636692532,0
0.021584035920821844,0
0.053290751266059276,0
0.01713956762768604,0
0.009157340573391123,0
0.01116924541595606,0
0.18297769919665585,0
0.3160160109866928,0
0.09922631262771794,0
0.06132450320367299,0
0.33783837572577713,0
0.13266807488946372,0
0.12707813816019575,0
0.38788329893870427,0
0.16365600417870052,0
0.28896407069111174,0
0.13152658357614283,0
0.07954340409142184,0
0.05899813583417266,0
0.05238279755459138,0
0.03520441912552471,0
0.0353131612869364,0
0.01327061108627911,0
0.03371365553885638,0
0.03461110947354406,0
0.06060299314702781,0
0.23403896723579992,0
0.0994848965783305,0
0.2549334780609108,0
0.6713218621981942,1
0.12466871094366443,0
0.06207160893142462,0
0.14668495151080582,0
0.2868947883075862,0
0.21497454790362408,0
0.5867829337132501,1
0.06196340881744807,0
0.016698732682744428,0
0.08197894005498582,0
0.09471611450507744,0
0.030121235511257557,0
0.10299179351696672,0
0.07564132129292875,0
0.1910942565077497,0
0.3580202130298693,0
0.05939011036730874,0
0.07660886001033095,0
0.21148652290186812,0
0.32329537454560947,0
0.0763426222319754,0
0.20671058884581378,0
0.03754518625537842,0
0.07076153060644952,0
0.03609065239014099,0
0.03450327379519392,0
0.04224050891915197,0
0.13875607778742055,0
0.3357148448945818,0
0.0729978948422066,0
0.2548343974058127,0
0.13185372853242786,0
0.022438126218962746,0
0.027718765905424277,0
0.04679162203228095,0
0.5807955143043309,1
0.3042233608943929,0
0.09190312209622055,0
0.48126641319049834,1
0.09864935015397207,0
0.0443131868333281,0
0.023434478064352737,0
0.05565630705434015,0
0.10547976269839723,0
0.33593037263897224,0
0.15835197813600205,0
0.0216271380144122,0
0.008781041187123832,0
0.06122343885844412,0
0.021771730815745093,0
0.06033188872588443,0
0.24005299599033753,0
0.2230252854278226,0
0.21029140255844464,0
0.18893206108860336,0
0.2288349031025849,0
0.13662546461541963,0
0.2970379339956988,0
0.4521179933588434,1
0.3204356433080555,0
0.2162918845941584,0
0.24968604034796102,0
0.5033775820748325,1
0.16046812668097188,0
0.07952991835992979,0
0.3220152509438063,0
0.13396141938639908,0
0.19152026704792827,0
0.04657127702304837,0
0.038180929277536364,0
0.07213374177117719,0
0.10337129913754044,0
0.06265828666089072,0
0.054683635917862475,0
0.016493204979212743,0
0.10047786433302183,0
0.08306216530564009,0
0.02011138826827522,0
0.1501793689859898,0
0.0552991910348839,0
0.03499211759369187,0
0.07316994278052642,0
0.2607051849399658,0
0.18587868179045797,0
0.225503155021113,0
0.35514167101573374,0
0.13790840675838095,0
0.06962601133616114,0
0.039447354376077444,0
0.059905983830641225,0
0.12848894483331932,0
0.06807249957664709,0
0.028928974077215387,0
0.027715636048752802,0
0.19663973089063252,0
0.13708288055893675,0
0.17380983967430083,0
0.1320436825926391,0
0.057073359600921976,0
0.22146993474068555,0
0.05689323067631549,0
0.02920005336442212,0
0.21201838209835094,0
0.15932293756186094,0
0.33754567305301275,0
0.028840180616106364,0
0.18523616770837684,0
0.09996680614793076,0
0.017244701611422296,0
0.052803181096288586,0
0.0066721338263036655,0
0.3383007751952575,0
0.19701424356435987,0
0.12883999970619314,0
0.12117453279136588,0
0.06150472283469829,0
0.2167987312863091,0
0.09389577120414906,0
0.1478169709118827,0
0.0934177645876214,0
0.26944517776826626,0
0.20230249436758602,0
0.2588610324073007,0
0.23316571332240493,0
0.08086646978915943,0
0.08523410910695592,0
0.12449598656558629,0
0.05371984230208879,0
0.16191127774030167,0
0.12407042868797227,0
0.1420575422861833,0
0.06160205048177788,0
0.16555028241545466,0
0.147228960616788,0
0.04064431729700828,0
0.08335496862302347,0
0.07293652918874366,0
0.035307474008925005,0
0.08567159086547277,0
0.02964618106877738,0
0.04544995666089015,0
0.16114602999239838,0
0.05417622643673305,0
0.11013297695584129,0
0.026537383432109946,0
0.013537196017781312,0
0.04594643553980363,0
0.08176283399351796,0
0.0156967985786677,0
0.16505517981157858,0
0.04569358296040948,0
0.21679142141522598,0
0.028331433669765486,0
0.03860042133988174,0
0.08324825289188441,0
0.04069726869804904,0
0.12447710370292396,0
0.028218294753410596,0
0.06792426138079856,0
0.07376812841427975,0
0.4310554597661694,0
0.1406790814841536,0
0.07249927926603825,0
0.04453857496845679,0
0.0952036854971548,0
0.09825846122779129,0
0.19443776783523015,0
0.1510638466703607,0
0.46864171755613,1
0.2592109549527451,0
0.15256100437838122,0
0.11855155136686256,0
0.057751284510494286,0
0.19409709716900103,0
0.04467754607405767,0
0.032487247811981125,0
0.041163820050105854,0
0.279248031374539,0
0.09261172190177973,0
0.3324574689537259,0
0.19569804054810874,0
0.21144537043654368,0
0.021244874583467774,0
0.0358488063002069,0
0.04139018903901785,0
0.025309929651466632,0
0.037383258130887574,0
0.06961845561420889,0
0.061424429529201206,0
0.10219259355983025,0
0.21450950825487575,0
0.20745892565938176,0
0.16312789856569931,0
0.10178803968064691,0
0.03247459792606025,0
0.19061002734473576,0
0.09055963583545262,0
0.051292580259851416,0
0.10012551472190273,0
0.035072499106426167,0
0.054579466968096894,0
0.17647439001217977,0
0.14387749321923518,0
0.04886042462291781,0
0.12674317133483784,0
0.02799566716173637,0
0.1540518762484231,0
0.31698400948998506,0
0.21874382038421086,0
0.09432771664529101,0
0.2784303960343352,0
0.3781442661036098,0
0.3650545571485011,0
0.13664096521193067,0
0.08827758724528197,0
0.049223291994570074,0
0.1178445969508633,0
0.04983638346475929,0
0.08706664198837462,0
0.04915026825450732,0
0.04095579023026947,0
0.3746994789392519,0
0.09186581335043896,0
0.05329831496733564,0
0.048269305879725596,0
0.0474045130213795,0
0.12341728485262081,0
0.029157733033057628,0
0.10733850677703019,0
0.10482285596886495,0
0.11710074191986816,0
0.30698023015315473,0
0.07726987948098588,0
0.0364410376161771,0
0.07386155534075273,0
0.1916881623761644,0
0.3936177624568603,0
0.16033260054705187,0
0.39218342881739837,0
0.0899539218636495,0
0.017864321752263507,0
0.05092842545069407,0
0.01979947878710239,0
0.026129758526021393,0
0.07210916492292378,0
0.07332832762151803,0
0.02446623729318974,0
0.11231208540696065,0
0.11937884649915313,0
0.082494208532641,0
0.19321062054853505,0
0.06494270892303382,0
0.028125844979029303,0
0.06989867932316024,0
0.09344256174731612,0
0.5685385528972496,1
0.29317118308447526,0
0.12094714460247388,0
0.10712936309876459,0
0.08798387665656954,0
0.09470719349771266,0
0.09770922707104321,0
0.0284024013104882,0
0.06138096143255245,0
0.1665546329504325,0
0.018541283435398587,0
0.0840139926918377,0
0.49253778318578045,1
0.2897711186423384,0
0.1696411474387059,0
0.0805717283989653,0
0.08085894417371088,0
0.02147651370399863,0
0.13622126369930523,0
0.041492650836896794,0
0.022878963580773643,0
0.08593229602034223,0
0.19679532725935794,0
0.1711444945601253,0
0.06130185114791432,0
0.022648704351782043,0
0.21529874858948972,0
0.34707461167136533,0
0.05669141852397615,0
0.05414205693144848,0
0.04213661689060482,0
0.11387754060115414,0
0.1261950858996087,0
0.09401712473808145,0
0.12900044596755506,0
0.07591976550018345,0
0.2174269679919583,0
0.01702327709944729,0
0.01564094397960979,0
0.1982804525547976,0
0.05723043908893933,0
0.014720724393396936,0
0.01792132029009467,0
0.015820309213612143,0
0.0748263910796893,0
0.014037985002187581,0
0.06523200733297879,0
0.1205612005398145,0
0.07021846242941769,0
0.12738277894601138,0
0.18917449409083573,0
0.09452705849335329,0
0.07781504520327151,0
0.16976849532665714,0
0.09835866002243637,0
0.11512281472869686,0
0.4167555634851273,0
0.40121019635706134,0
0.22976026950906275,0
0.13072799936732185,0
0.05726828984734509,0
0.3814681726743469,0
0.1959727116172402,0
0.10162708498717278,0
0.07020007847911568,0
0.0225953889867179,0
0.18849156686804713,0
0.03981451309613505,0
0.04224979199738521,0
0.01493625239242156,0
0.15549212382275768,0
0.060768688781383653,0
0.19296193777766651,0
0.018153600731300443,0
0.029284369665311363,0
0.10375938557135628,0
0.02482810756200309,0
0.01590100406871457,0
0.01761673999345944,0
0.06643277748163151,0
0.06863198754735035,0
0.1794222405623685,0
0.06932396056552119,0
0.006034626589010286,0
0.017339983936896463,0
0.042567125631843276,0
0.039594466024093264,0
0.24651528113823218,0
0.12446396640274014,0
0.08320423933112124,0
0.06310968695764849,0
0.036909640643771155,0
0.014559969552551733,0
0.03216951385461167,0
0.011721799063122047,0
0.03569477663487002,0
0.021230258400461496,0
0.052905282558161335,0
0.09490796289351339,0
0.058269851321922174,0
0.03186174283622812,0
0.05204812036924012,0
0.02043006714894286,0
0.15545506470202347,0
0.07610953915799863,0
0.2006164338450081,0
0.18282479409797014,0
0.16257314338732912,0
0.19121872531940898,0
0.16795058211608965,0
0.6636118391741775,1
0.07272291595510909,0
0.09645428499521921,0
0.04487490335385628,0
0.25722261408532066,0
0.029653933425489904,0
0.009934431082341127,0
0.041959185263971785,0
0.21906426110404129,0
0.07058338788695549,0
0.22434175189036568,0
0.08111281370795201,0
0.19942901923583814,0
0.22116542313514082,0
0.21789448523743557,0
0.16473796227062437,0
0.1839137962551173,0
0.16494396909997042,0
0.14461239593912278,0
0.1444892164680594,0
0.24948545553724308,0
0.178723484391711,0
0.08362698653859574,0
0.029477398717584407,0
0.042164425399204036,0
0.0970337774997934,0
0.017086481696868137,0
0.01254284641156067,0
0.016903529504211666,0
0.17635419489135779,0
0.06404858571322607,0
0.026448018015899695,0
0.17331843751067252,0
0.31915544676119467,0
0.11524372100000184,0
0.020442427181840493,0
0.07703199303376723,0
0.2649034967142706,0
0.18567578104740495,0
0.15432296545318197,0
0.07006051773464204,0
0.47111424496786236,1
0.13140734461264097,0
0.06518363874564562,0
0.19349631306655515,0
0.3776658432331987,0
0.08443344132734702,0
0.06953116417245284,0
0.1696647149786258,0
0.18308053480904743,0
0.06548034168436785,0
0.15372048017234716,0
0.07943449996205969,0
0.05372480178200927,0
0.013784337517214314,0
0.047290512842146644,0
0.05758252868459133,0
0.10266253587878162,0
0.06796074730821768,0
0.22755488651237468,0
0.22806248315474767,0
0.27334644976477424,0
0.08450680422888678,0
0.07513307736032596,0
0.12189219337603761,0
0.06272634942539822,0
0.13507304954631535,0
0.060818679683577834,0
0.03806332383501043,0
0.020676053518914064,0
0.040494993289757364,0
0.07927734855070309,0
0.045765727360996385,0
0.15477344522658995,0
0.17716181806483472,0
0.16555340211219652,0
0.17001826423805644,0
0.06123544453892235,0
0.051428618027531826,0
0.08418453417314073,0
0.040507808856857105,0
0.09962064241798162,0
0.017879285273342628,0
0.02112507326021862,0
0.041826087732110724,0
0.22356914847952808,0
0.04071259239020817,0
0.03430173672464671,0
0.1152313148906254,0
0.1344022788250644,0
0.15017792440615485,0
0.1622806672711182,0
0.19191822230345482,0
0.5401012680571059,1
0.06841059027579934,0
0.0531749961390638,0
0.024655312958834254,0
0.03861411648124176,0
0.08185717991194096,0
0.2246559333724468,0
0.1860641356838353,0
0.13432320672441797,0
0.0699230599321449,0
0.07957669568356972,0
0.17789755939517352,0
0.07555221953395984,0
0.08160752955125244,0
0.09040966637414359,0
0.07980919891696092,0
0.07792045233705047,0
0.06895306110805018,0
0.25839947742864094,0
0.24663911791381735,0
0.08195028575969103,0
0.06913080840850791,0
0.24502405574272784,0
0.028188721341978838,0
0.053096548796645854,0
0.030477831999406076,0
0.1336096312394077,0
0.05726470700713711,0
0.18507605917568895,0
0.39054478500642936,0
0.08039617128260794,0
0.0688880029829647,0
0.05899853172589331,0
0.11137587844962556,0
0.18025955465830126,0
0.21760849939073046,0
0.12338529141259644,0
0.0618161182202435,0
0.10324130275206163,0
0.07054608039600482,0
0.15285211789163658,0
0.05956762019119003,0
0.06193677330442912,0
0.25795714847191076,0
0.14492328346350186,0
0.1338441817181958,0
0.013273944695127078,0
0.0968463059079532,0
0.06473379374787262,0
0.0642945223753607,0
0.19842749732355952,0
0.09069837085443645,0
0.024827945968280647,0
0.1564094624684725,0
0.12354651896218159,0
0.15490927923392725,0
0.08798698240169614,0
0.022295323233921596,0
0.02121999637745575,0
0.3366709269333324,0
0.07347991056505862,0
0.03541752495560877,0
0.0082966220510103,0
0.3583381731800801,0
0.2738467804005521,0
0.27800295130527647,0
0.056106787177861876,0
0.032392086432500355,0
0.2204372878739213,0
0.09907633754984074,0
0.03219442961127323,0
0.10263881114195687,0
0.08044857337766052,0
0.03834110661010229,0
0.09110652357402274,0
0.09339483797916802,0
0.24196863683876788,0
0.09169543007002791,0
0.1629771188512335,0
0.12067637650093402,0
0.05767830611751492,0
0.016434093405239072,0
0.03484539605826711,0
0.009606002960495625,0
0.039607521999827325,0
0.1619852301740304,0
0.28335583974759476,0
0.13579009107283121,0
0.0928930113759101,0
0.2679943218370317,0
0.3622872929915246,0
0.13387248074259517,0
0.10767445315499742,0
0.06816826415513072,0
0.04469374869346468,0
0.043766193736615375,0
0.012873389456957682,0
0.062413243759526435,0
0.2882065319416512,0
0.06334918468377584,0
0.04531669973040888,0
0.5791039829533512,1
0.19320415719031223,0
0.09920974255305914,0
0.23144936368089689,0
0.11897789073416778,0
0.42357387964034127,0
0.09484760809747442,0
0.04335704517235819,0
0.1806697353840301,0
0.03568506474360533,0
0.2555216189157792,0
0.07604004479277032,0
0.044007495186922624,0
0.02021118537504861,0
0.0403434924627143,0
0.03327434644322206,0
0.05548322665067172,0
0.03838869844156975,0
0.028358535445776756,0
0.08320414351390189,0
0.033670036501262775,0
0.031309975316689484,0
0.2378250274217853,0
0.03024447830312422,0
0.11436974633736838,0
0.40595724798721383,0
0.4501615634363922,1
0.16835081317700792,0
0.07005306616189218,0
0.1590314562300891,0
0.05184432671116885,0
0.014287350316439795,0
0.014214232842802122,0
0.015591348505272063,0
0.008595186579151306,0
0.028836153829618093,0
0.05485457931208802,0
0.03490336708841821,0
0.02941574677864354,0
0.016764253607880964,0
0.029416685824762333,0
0.04986578316389333,0
0.02747670685910302,0
0.06260096882977538,0
0.3922327405283061,0
0.4166718683398657,0
0.2402588011750809,0
0.048762547674962596,0
0.023146652246579347,0
0.10622246604613407,0
0.08995257655618573,0
0.34371624452980587,0
0.0505837278194096,0
0.16601656542638665,0
0.1780489556669245,0
0.10763118448550794,0
0.20684377374750845,0
0.07560157486459396,0
0.08358487745322167,0
0.02681936659393038,0
0.23752144903409483,0
0.15479123012848114,0
0.10397016723452372,0
0.051008415298320876,0
0.33307019205372534,0
0.05885082671301754,0
0.15685596904537374,0
0.03223306863463324,0
0.3030515825155461,0
0.13102620753424052,0
0.08075596258885409,0
0.02549337349399602,0
0.13171592055413844,0
0.40675119534351795,0
0.34291680926076784,0
0.0598657053179719,0
0.1270266002873849,0
0.0635464137279155,0
0.09560666825405068,0
0.07796673263643615,0
0.1002835448009586,0
0.12160511238838233,0
0.0657366798497078,0
0.05884782348550058,0
0.05067601858511187,0
0.04575519516674631,0
0.10762276748198286,0
0.09860760045019343,0
0.05254283138836604,0
0.061197927299487184,0
0.017862992835941578,0
0.13699946953139808,0
0.4060432829630635,0
0.028097488094509373,0
0.03107444948698542,0
0.2089336721595183,0
0.23312877343423016,0
0.11918271478893114,0
0.3412020173772643,0
0.14435104297891552,0
0.07418838924113451,0
0.07889755387493051,0
0.17269905614886233,0
0.05394097675707855,0
0.017657532172549815,0
0.04176454029216307,0
0.08810748155381834,0
0.14208726525239904,0
0.16845387724737254,0
0.308785969467167,0
0.1797990333984136,0
0.043007617420388694,0
0.11154012120644977,0
0.18788705878381373,0
0.0864402444824142,0
0.1927082147655603,0
0.16518459177280548,0
0.1601327570670014,0
0.10612355029052639,0
0.06688638492605413,0
0.024030607157316707,0
0.013263908974323354,0
0.019239975897051828,0
0.029143984082104488,0
0.015970589087611748,0
0.0164639078846003,0
0.015393340819956152,0
0.032415757402749684,0
0.19295195020763278,0
0.25621853896479607,0
0.12334492910302067,0
0.11022869737142929,0
0.14950426269107436,0
0.03133515347941714,0
0.041499279919314895,0
0.04950953362854186,0
0.7893288664430282,1
0.04049227170537369,0
0.07116571556488317,0
0.04696433587838949,0
0.08276224766204185,0
0.03446072311788022,0
0.1442101942619395,0
0.46174783172054945,1
0.16530436468642282,0
0.11261082485878236,0
0.2974723103665048,0
0.19701726627168478,0
0.024094023530053615,0
0.028852791367755617,0
0.10458212674003059,0
0.13189737836598017,0
0.27773663775799456,0
0.09591063060095303,0
0.10700377504311405,0
0.08166482073388533,0
0.24855315171113315,0
0.022466883379943688,0
0.01903407691969124,0
0.4122594331643083,0
0.25923264621629855,0
0.23477584280554323,0
0.09893407842969244,0
0.10272330980647906,0
0.26608120660606815,0
0.13902230038591798,0
0.07634142346265528,0
0.03325649865837591,0
0.21146822389616074,0
0.2804374588462298,0
0.47117662171483654,1
0.04850456795367189,0
0.17807307101599967,0
0.1220580032409122,0
0.0221092853314185,0
0.04126865357965466,0
0.03048861358360477,0
0.014763570272380237,0
0.07215916696897798,0
0.06796397637607661,0
0.03561524851583846,0
0.03455972342082484,0
0.0429157667374858,0
0.010843437068570922,0
0.012424206452725284,0
0.07050029554085423,0
0.16151788337843728,0
0.19164233824926918,0
0.10892226542507616,0
0.01923964087641634,0
0.034879626109954785,0
0.027027079137257503,0
0.21666622922210693,0
0.1766030860467635,0
0.2950193547437833,0
0.2803417356504608,0
0.21800324484428069,0
0.100731840242423,0
0.04786784278550374,0
0.06999931443565957,0
0.2295531278121105,0
0.09251085879865825,0
0.012197720484982254,0
0.03993872922124221,0
0.03770450709070752,0
0.11452002722132003,0
0.42888236050325623,0
0.1290332340098186,0
0.07552132692864039,0
0.04102693499471443,0
0.04689311124884725,0
0.03579852734748658,0
0.05790808105920134,0
0.3306314129283466,0
0.026813463973904654,0
0.027376982213574,0
0.17291099478006727,0
0.18673776831269756,0
0.10725273645292029,0
0.1949594942044609,0
0.09560211203714714,0
0.231252564593903,0
0.12491131204177244,0
0.062439187380007574,0
0.019756557130101233,0
0.01001388884161301,0
0.20326368187142102,0
0.241272807740148,0
0.3647546323754802,0
0.24611223534843402,0
0.10264483081242441,0
0.08155086265992248,0
0.06355387836172775,0
0.0258887685625992,0
0.1975510094707068,0
0.052044008585774175,0
0.7757254220479395,1
0.08157190681483122,0
0.10401159383462945,0
0.06788971295020989,0
0.03947436953316828,0
0.3028277461083109,0
0.191021885920673,0
0.14210016389659164,0
0.2813005200010025,0
0.03695102605313975,0
0.050122904818163866,0
0.017281643282193452,0
0.05593482423767604,0
0.03210000441408421,0
0.02592134713497361,0
0.028609572545034708,0
0.012233610691199681,0
0.008146685387100878,0
0.007517525815500698,0
0.03609892975211975,0
0.037302672437831245,0
0.17231089002006936,0
0.20356687459843417,0
0.07806934203937328,0
0.12545072955641212,0
0.1371514813782589,0
0.16475842528802442,0
0.07903200185845,0
0.009647939180830596,0
0.052155517372351815,0
0.06252769876220644,0
0.17565757478294422,0
0.08679190060513516,0
0.0342576008367067,0
0.20566971637655887,0
0.0781391949525681,0
0.7933349952418569,1
0.16082994683785548,0
0.15481622832027392,0
0.3494448800540409,0
0.35313292415889747,0
0.12136130064110147,0
0.11478357069989861,0
0.12164877203456043,0
0.08891536050641324,0
0.24827174892161757,0
0.1234776368511227,0
0.2057417534685646,0
0.17235968519673117,0
0.20431532541416786,0
0.31433827494456135,0
0.12804949627751053,0
0.08522433299320506,0
0.09809819535041515,0
0.03051808262613276,0
0.02950549311373778,0
0.017258247946422455,0
0.020980744300393248,0
0.09736972659612812,0
0.1013583609402761,0
0.048398305418171035,0
0.04633254222414809,0
0.277964454248971,0
0.07369306887705945,0
0.0625851235468281,0
0.15735268391219687,0
0.10469717105568008,0
0.042295000122703895,0
0.025841965004598542,0
0.1067333331115967,0
0.1642706524964528,0
0.15295002756428688,0
0.16858241235073618,0
0.11865819977448913,0
0.046859457508003424,0
0.15114206183798143,0
0.11661789239070668,0
0.05475360189109098,0
0.22150055876251526,0
0.1677603577543588,0
0.10795042745820857,0
0.013843219157432142,0
0.02854952373908707,0
0.03331549742005188,0
0.1564315470030403,0
0.20907053805376166,0
0.13638578759493952,0
0.12310664987018244,0
0.22455571331663382,0
0.09152944319863758,0
0.0443296987527818,0
0.1982469981352453,0
0.04125649161848955,0
0.10007295666055144,0
0.013850827004613903,0
0.01740142896147278,0
0.0377288976288231,0
0.0280514185252432,0
0.14562873804401194,0
0.4035517569047207,0
0.10082187074282041,0
0.039212023595825644,0
0.08493714889709619,0
0.02355691596172392,0
0.00691834604984757,0
0.04441373057858917,0
0.14025023981638216,0
0.08235423244763299,0
0.01636068231652877,0
0.22842991384859443,0
0.0997180209535934,0
0.12512388227965235,0
0.060012982640599705,0
0.047441652090394186,0
0.03536764113925516,0
0.03147915356041361,0
0.012572266925514785,0
0.16083629014358145,0
0.022827269174746888,0
0.015449771081580127,0
0.01409274166956575,0
0.055010403026704444,0
0.11913876439812456,0
0.0684791417543586,0
0.2333973324178464,0
0.2426209898430172,0
0.09411708275213428,0
0.02739737188737509,0
0.07606914205368681,0
0.0728033793756065,0
0.14022122031496947,0
0.05445056116222967,0
0.18507489363698681,0
0.4165049759956344,0
0.07217022884342605,0
0.018672999622645636,0
0.05013552561504642,0
0.019530963073451233,0
0.013396368825547346,0
0.06300955595392282,0
0.04642889708530673,0
0.15417105137678463,0
0.051031554058657246,0
0.051972021882363315,0
0.4129891925573848,0
0.10606450088024068,0
0.07375474007848075,0
0.09346658814830501,0
0.07613440485567007,0
0.022513655979916555,0
0.028528652460681855,0
0.18963498315433985,0
0.0716902867014976,0
0.1146327974628276,0
0.054795670019256594,0
0.19828842600780863,0
0.12581903032617073,0
0.09942223154962382,0
0.2888867424042812,0
0.29170658947541306,0
0.09594178353686615,0
0.08262516671501278,0
0.20408608716895893,0
0.042832296019422685,0
0.04961985343524012,0
0.00917829625795748,0
0.024529833980593833,0
0.019254010715355697,0
0.1172729325598112,0
0.33175599302448305,0
0.04601413154364062,0
0.06250657913715868,0
0.06643525175010169,0
0.1448347590463242,0
0.23429067141065643,0
0.22246005195041899,0
0.10820355930264279,0
0.024424040245874024,0
0.009279366840708188,0
0.0399430045595178,0
0.23271996250335858,0
0.1373836221848266,0
0.16749584361215025,0
0.14580633645824442,0
0.23228630965650962,0
0.11003652668065196,0
0.14709215072284845,0
0.24101162858324351,0
0.31840662630969235,0
0.25224292162867856,0
0.037367659842699845,0
0.03345864926044473,0
0.036508872851812355,0
0.04728818768377453,0
0.1887926131730562,0
0.37341364013676526,0
0.1598110724257854,0
0.40964202563118157,0
0.4218482853811482,0
0.14620962448147898,0
0.13389316963254375,0
0.9372759977453693,1
0.180251863577971,0
0.19951046608469933,0
0.10986119681152741,0
0.07278163928220162,0
0.5690436449743981,1
0.10325850719379413,0
0.14278282068723816,0
0.08125418649967206,0
0.061771487044593,0
0.18791852008055226,0
0.15795283458712941,0
0.04868135429926212,0
0.2375125694005417,0
0.15686144570052982,0
0.327087126402113,0
0.08021726802426041,0
0.14302538023531222,0
0.06077089245345083,0
0.24257408064630087,0
0.14112920743317586,0
0.10622486393585885,0
0.19450893886647252,0
0.2715972916079682,0
0.2796604752451103,0
0.15436762326086534,0
0.033125653880828373,0
0.06316553537389571,0
0.033098541049496236,0
0.060527090231127,0
0.042574452338012096,0
0.10250884555230158,0
0.026180832653787775,0
0.15313767573942233,0
0.1616257339836088,0
0.07066257507565245,0
0.12629926588558338,0
0.06673145703027644,0
0.007732206303562152,0
0.15324987065852216,0
0.03743175833763544,0
0.0486335897143889,0
0.3960413424481725,0
0.14220137590379847,0
0.2577351653807386,0
0.08044484625064596,0
0.06175405841685726,0
0.018893874036357308,0
0.03248746296262111,0
0.6019098053357482,1
0.07561842825400192,0
0.059257481000532554,0
0.025682948570092137,0
0.26029516508579825,0
0.3948586106551218,0
0.15065240151849996,0
0.037174847255514634,0
0.053531651806609466,0
0.027642623168079323,0
0.058186405307491744,0
0.05433459423601481,0
0.19494629890078288,0
0.07184042135277156,0
0.17871156582016667,0
0.05550287575736127,0
0.023143088631581148,0
0.01146799421733454,0
0.1131191024234035,0
0.09007015506496445,0
0.08617291602505152,0
0.04643927418202219,0
0.015765261914172265,0
0.006312354725167049,0
0.054072767503075526,0
0.15333743046976137,0
0.1575594551364034,0
0.043156725661182525,0
0.017143877444666313,0
0.03724579081667691,0
0.1760410177030808,0
0.20554765978714512,0
0.27653654759981233,0
0.16083583922152253,0
0.06320711236124778,0
0.12416532671050731,0
0.1098582609559192,0
0.1843738426724584,0
0.09249653329665294,0
0.12022055718014803,0
0.31029498590697996,0
0.08665398392457974,0
0.04562190537141918,0
0.015157429594768686,0
0.012181829898764736,0
0.045950163345261044,0
0.06869159599110408,0
0.2518188377386406,0
0.19416954665688177,0
0.21873970793794664,0
0.2999741729135043,0
0.08446652600084283,0
0.02696990641418444,0
0.20907015155567923,0
0.44682021450981263,1
0.40088531781820586,0
0.10419334977994406,0
0.11993119278513237,0
0.17061419024567978,0
0.15558082967330156,0
0.07695490827937863,0
0.03918939208282006,0
0.026550288897600638,0
0.0700462017958816,0
0.13005422982383025,0
0.2757364976200353,0
0.06371224364923951,0
0.21697228001134655,0
0.23483872249618354,0
0.3585336871908748,0
0.021555144647321934,0
0.023754483296319948,0
0.05587735250753742,0
0.1393113425145889,0
0.19426112609540275,0
0.42084131685916765,0
0.08806236818245194,0
0.03567150165563835,0
0.14286604257911817,0
0.3114487402243574,0
0.0993912289196509,0
0.082379028859267,0
0.08146020936417417,0
0.028389127437641614,0
0.05850531165621498,0
0.44605947134745294,1
0.36698769032188483,0
0.11226772751256892,0
0.04050453590241221,0
0.14023537244599388,0
0.0571302831670881,0
0.023847090823445716,0
0.024798546126099344,0
0.05109732556374935,0
0.02742832654531994,0
0.43666108747112087,0
0.1184859597545775,0
0.11032970804861235,0
0.18234991596695777,0
0.09086948077999016,0
0.07672188866431408,0
0.011808965149723199,0
0.12054185206443506,0
0.37828332753960686,0
0.34918594365733807,0
0.20419197826693697,0
0.14875365321355624,0
0.07011071641928472,0
0.13853806515406009,0
0.13484433146473587,0
0.32313651311509184,0
0.22839715763692403,0
0.14486781517000924,0
0.11298746931019693,0
0.1498885525299839,0
0.2876412706234183,0
0.1696296526025102,0
0.1194279849591105,0
0.10818533943818338,0
0.3765858371343677,0
0.17993433947761803,0
0.057645745160032194,0
0.020573275613422867,0
0.21756894754878242,0
0.07342687991474613,0
0.0389289577061822,0
0.027475675214571775,0
0.020589488721048953,0
0.053493843648265635,0
0.04136535131657663,0
0.1285105396179726,0
0.25007725473067205,0
0.09197866917890456,0
0.04502462006632887,0
0.1492161584787955,0
0.10834675533971895,0
0.06731591630319156,0
0.06312941488576897,0
0.06876479738512854,0
0.1734595293491751,0
0.042531913572141825,0
0.045251044205814495,0
0.046682834695493766,0
0.06760588491418974,0
0.017064684825105016,0
0.2619542914754505,0
0.05036738108131748,0
0.011247954544728897,0
0.04326153103456369,0
0.007801559949448276,0
0.02754273983132474,0
0.03971991002321433,0
0.05492213879762872,0
0.033366304622525676,0
0.010469887264344762,0
0.05906248040025093,0
0.03477310722347302,0
0.0361985259883419,0
0.052347127066079996,0
0.06182577660177922,0
0.07949971922931194,0
0.08149337030928282,0
0.05450039488497101,0
0.06482273145777964,0
0.02746055638893261,0
0.06079624721623053,0
0.04960031380439302,0
0.1213471834048845,0
0.06984968802952621,0
0.0858618656976953,0
0.021759330853402724,0
0.3011796147391797,0
0.2537001370273253,0
0.057698544442910206,0
0.039534657423262023,0
0.05541144753746799,0
0.006405011260397759,0
0.416793560797303,0
0.12139938435690945,0
0.056603484500356,0
0.07671703165000672,0
0.027400402593979835,0
0.02290371673462148,0
0.015153525143742028,0
0.04355431945131082,0
0.10646510831272403,0
0.1353154170547459,0
0.12743873774928088,0
0.0741324219689257,0
0.04350850560763664,0
0.024071495252853712,0
0.022656324430927445,0
0.11237424861559318,0
0.10784578029308212,0
0.07563589371062206,0
0.10029096294633198,0
0.06595529524467958,0
0.04844729699782093,0
0.062158803875486175,0
0.21890382755029705,0
0.0803303556899539,0
0.06886697454594731,0
0.03845788715215152,0
0.012025996042059239,0
0.03937033014212608,0
0.050604729381113864,0
0.05087450356743985,0
0.1209745233327284,0
0.08385239672259578,0
0.19931824654416927,0
0.026159677750724485,0
0.037896743782377916,0
0.039990643375246826,0
0.16152387707316854,0
0.20887934228452568,0
0.07729722274758849,0
0.11742116395116102,0
0.15732375225722375,0
0.06490234328625753,0
0.050919632587590566,0
0.0359854205736074,0
0.0158373290656811,0
0.03933351201975639,0
0.086760804136961,0
0.012624687160154562,0
0.059830742412989316,0
0.04145446594118526,0
0.39782574119415115,0
0.15918506241310712,0
0.02937472530802876,0
0.048739080234455306,0
0.14370962787062755,0
0.05635434664511382,0
0.029132341894598623,0
0.11682472528712147,0
0.019089799332919433,0
0.01627159408378586,0
0.042978658180627204,0
0.045229702743706066,0
0.03611967663238138,0
0.020985326927804474,0
0.03860641675672794,0
0.012932111455131363,0
0.019326655198938784,0
0.26754951868304633,0
0.06527904229797231,0
0.061418397384304484,0
0.08100531446608282,0
0.08899750628415365,0
0.195697183004686,0
0.20459240034195225,0
0.05243948944016875,0
0.03143123404962279,0
0.029279798420871098,0
0.05557854997312641,0
0.04261791427602891,0
0.1791945960808012,0
0.046265900099672616,0
0.17980935834847342,0
0.0132327791690939,0
0.032074435405951604,0
0.018451510174725103,0
0.08191142049473323,0
0.034022564272823755,0
0.050293295831544155,0
0.024780548834431506,0
0.06368847571174181,0
0.02328537299679746,0
0.07029329988545076,0
0.04065786967645264,0
0.012994569894541749,0
0.04206633645645864,0
0.05219706016127528,0
0.030417119018890035,0
0.027263948293248203,0
0.10825681788896448,0
0.03989535997278804,0
0.11763822190442945,0
0.09580506628221569,0
0.047259369570794636,0
0.0683791076620804,0
0.030060196856361292,0
0.0327067468780908,0
0.01375064536288202,0
0.04924661977185771,0
0.116812112808683,0
0.07108451008245416,0
0.09575555100697238,0
0.06577148318516789,0
0.07332320110263255,0
0.05665995469914234,0
0.07136304477952389,0
0.24541771078669694,0
0.1759538945129351,0
0.24531376754362177,0
0.3457322507400722,0
0.4255191399072528,0
0.1275009468327085,0
0.020453549659273713,0
0.1409663766248007,0
0.5004659087001241,1
0.26920350503220597,0
0.020512229025263347,0
0.02719604380224378,0
0.1658417916154044,0
0.06914506106640926,0
0.38658911012844777,0
0.48999868786984635,1
0.43716031881140477,0
0.29920697339500707,0
0.21851203467803676,0
0.22829145635732984,0
0.1821034577907463,0
0.27670326183590493,0
0.09434802746898366,0
0.31643908271089166,0
0.25072428367619215,0
0.08970861995270521,0
0.2503839923308119,0
0.16213744580220837,0
0.0501300518633266,0
0.14365293581809632,0
0.10842458725044998,0
0.2953090908151535,0
0.2346588018465757,0
0.16683241871470006,0
0.1183388157861258,0
0.12148908440668568,0
0.017235623236049734,0
0.341298899041293,0
0.1271705885933118,0
0.008262046851417508,0
0.054683892673338966,0
0.02445929278415935,0
0.2576265503215063,0
0.15423350563418708,0
0.278847192050181,0
0.24793731779551167,0
0.15356426433995257,0
0.14425595136182057,0
0.059509985609256986,0
0.01584536490517084,0
0.010300501405718483,0
0.24294103117267332,0
0.11661841536917304,0
0.0933646383621591,0
0.05481223745715646,0
0.14527327234296175,0
0.1692708647412166,0
0.15401753418844108,0
0.05780203614486641,0
0.06274422121104119,0
0.10870797185893591,0
0.2814518094119528,0
0.028270498963434757,0
0.022614336742586484,0
0.21697366790313177,0
0.18927895972209427,0
0.05133743241555474,0
0.07172138920883295,0
0.03950716212405654,0
0.026769650481271074,0
0.07397616152803523,0
0.11421287209245062,0
0.0700141165182567,0
0.1532681856278682,0
0.13936087387217053,0
0.08508885083834959,0
0.02309971882257297,0
0.017273591176929393,0
0.1932881689143212,0
0.13084604553293364,0
0.28194491921425885,0
0.2004641335567035,0
0.1648178518996468,0
0.24033903070882764,0
0.4542221599060075,1
0.07774312731893238,0
0.04366923348553128,0
0.10218380249771333,0
0.0904449904248283,0
0.04167578530610119,0
0.36407026973656376,0
0.5498900019896673,1
0.273198854088483,0
0.0793317405994074,0
0.10545076239532128,0
0.05232969264066092,0
0.014112456503905378,0
0.0969543624480651,0
0.04409660698151685,0
0.0650332170072327,0
0.011268659667840542,0
0.2573260559556641,0
0.02168042074186881,0
0.04200871704525027,0
0.018904023826893553,0
0.09365892004590744,0
0.22673013313597895,0
0.10148108763357504,0
0.08468450886655489,0
0.014944127009411527,0
0.06909540461772365,0
0.07511516305966062,0
0.33605193191951677,0
0.22978960475528387,0
0.04330814613619908,0
0.034421397871606696,0
0.023263783634429696,0
0.12986710717120667,0
0.009194491744111707,0
0.25628010632908466,0
0.36951632115020705,0
0.11653519918424328,0
0.13088403107213833,0
0.1274446836902298,0
0.0106714008797983,0
0.09635857204426009,0
0.14387881386088955,0
0.14320785319977333,0
0.050568754926501515,0
0.13773186376992436,0
0.17709438437191627,0
0.04831313147261049,0
0.04486075573881079,0
0.3630721529992362,0
0.336589957023621,0
0.19593367837029296,0
0.07683016130961912,0
0.40239691298701563,0
0.15904555927108815,0
0.10900949294569555,0
0.12656735653313825,0
0.07226404365890794,0
0.06163957830427722,0
0.008857165492174158,0
0.06548005278702196,0
0.035707528657115274,0
0.12280133979407269,0
0.045394010130192494,0
0.06409772199292077,0
0.09244699297140056,0
0.37882473789008736,0
0.37353535903869217,0
0.06298667013149148,0
0.03726803713037676,0
0.22271134503872203,0
0.062390084387658265,0
0.05344642143034341,0
0.2802528319824498,0
0.41521240026072986,0
0.13229408429433573,0
0.024894838755486107,0
0.056293211255450275,0
0.029604290105952027,0
0.34377897464533863,0
0.06652477430927264,0
0.0451223705929178,0
0.020561842897824745,0
0.21794544326395685,0
0.10993402060099057,0
0.06868462685634778,0
0.3723139353969242,0
0.14638103078963965,0
0.107539488972074,0
0.18528393329028855,0
0.07239814804304487,0
0.00930742414029018,0
0.13322377752332015,0
0.35690065758210404,0
0.016930015738397385,0
0.12208417436978171,0
0.051500910536772554,0
0.44007964650152204,0
0.3129126864174614,0
0.13818507229656324,0
0.3386026744633936,0
0.04882166650595288,0
0.029869222453427303,0
0.27964352775497453,0
0.024121866866320098,0
0.007280791119116519,0
0.14815863849964364,0
0.2465700070360964,0
0.46076677277096195,1
0.07032367444738266,0
0.05592971890698809,0
0.12540171752465998,0
0.04017478312783263,0
0.14162605469617834,0
0.032762633199234725,0
0.05415356178060524,0
0.04128633646391378,0
0.21723150121259974,0
0.05286506000836726,0
0.026771739460842083,0
0.08361750925101878,0
0.043657024259298946,0
0.04310881027648136,0
0.0722798742274647,0
0.062019639682620774,0
0.008608065274910306,0
0.04258559261712449,0
0.06108333421678311,0
0.25842674080211664,0
0.19634310788673634,0
0.0543239890042735,0
0.14865601191465047,0
0.28548436695358953,0
0.19834520831041255,0
0.10205239586710395,0
0.10981667051529286,0
0.09332051911349036,0
0.05902672953794663,0
0.4064041516448764,0
0.07320595643311237,0
0.07105113228892271,0
0.3970930781793938,0
0.22499872080060676,0
0.18474337968591392,0
0.15123405122674496,0
0.24600534283603417,0
0.06532953271301072,0
0.3518924205210619,0
0.10860996439139349,0
0.06474917565026223,0
0.024522205671586646,0
0.04851835817116789,0
0.06365460604103321,0
0.2881766812770724,0
0.22967836493807772,0
0.06408902422996839,0
0.08043434319782948,0
0.0741819021812385,0
0.043873368342924136,0
0.26749389438586674,0
0.13639174810320875,0
0.18593568263603563,0
0.07374084135009674,0
0.07073361541979084,0
0.06429820069738577,0
0.035230505596415045,0
0.08242253936959115,0
0.021760045466957402,0
0.044392188792795655,0
0.07826054314859526,0
0.06398323429410534,0
0.3959745783972625,0
0.5599361577378746,1
0.1348865210849833,0
0.09461414283456533,0
0.02378332220646255,0
0.23445327458881746,0
0.1454114535130274,0
0.43514345100010965,0
0.09377396819660581,0
0.14537693956094488,0
0.3503818183996387,0
0.49819858106272574,1
0.47949769490269795,1
0.06704288304440219,0
0.02980568916970683,0
0.5563365371938342,1
0.19131907949461147,0
0.1350710663311401,0
0.10311656588313355,0
0.18194161939904632,0
0.07689787054305394,0
0.09892447430505459,0
0.41241824423901846,0
0.3705124272170848,0
0.0789415525189066,0
0.08004963493578303,0
0.2778855150829725,0
0.2998423066960097,0
0.1653770533483527,0
0.11884219788042688,0
0.2932098553667632,0
0.3006301144499975,0
0.0885408694385188,0
0.10015164201154834,0
0.06971367617197569,0
0.02948241970668175,0
0.023394910347941073,0
0.10118395468711405,0
0.30308609992011076,0
0.09505993225361357,0
0.1784463668550988,0
0.3783134418851274,0
0.40131207637814886,0
0.08506753269421137,0
0.13914851523783256,0
0.10933990612516684,0
0.5979724985976006,1
0.49567762708002144,1
0.2503113961720712,0
0.09759976223957191,0
0.285616874902829,0
0.22078143652201013,0
0.11630893241900564,0
0.1947761026180287,0
0.30106314365924797,0
0.4817353940919636,1
0.0637667296476859,0
0.1297207636791192,0
0.02933258494559611,0
0.018011050274560302,0
0.008694772105620936,0
0.03393690235803428,0
0.21134976295038302,0
0.11435932262417918,0
0.024735726005978825,0
0.058179716062429845,0
0.03599271446674553,0
0.04137412427843475,0
0.08902350251598772,0
0.10047407797858877,0
0.8274074615019823,1
0.16912085158212123,0
0.026052563602988577,0
0.02695231708949218,0
0.2492879635207482,0
0.41025237875894693,0
0.4785491751077047,1
0.11041426974492158,0
0.35618708934573245,0
0.15873583489057722,0
0.13278231121243855,0
0.10502091562561541,0
0.09390681922665377,0
0.05770208539733186,0
0.014870029479126017,0
0.037993651610099946,0
0.03787837516117697,0
0.3966917583006702,0
0.08149118514949909,0
0.2774381020788724,0
0.07624926687379589,0
0.10363301142987377,0
0.011537112317814603,0
0.03722128948628548,0
0.040656543885123624,0
0.023368190011700807,0
0.023670910044582365,0
0.027148205345805754,0
0.050136048885593774,0
0.037845736866307246,0
0.011614690074766893,0
0.029703440805181846,0
0.201172818495297,0
0.19118899507535186,0
0.1926845822705845,0
0.10204430416104748,0
0.18664317382516715,0
0.017600975663079943,0
0.07384610612340879,0
0.027466632276739126,0
0.06980632563790265,0
0.23462815460731595,0
0.12921627361795218,0
0.029475930833308867,0
0.046745344564559276,0
0.15005490024504312,0
0.14350677597232264,0
0.21094680524422404,0
0.07443603749342126,0
0.04555796104956042,0
0.03042244515304598,0
0.20119652827604886,0
0.0890086453912185,0
0.027534743550833057,0
0.3510007856645786,0
0.4648276377314512,1
0.21643204392988746,0
0.3313434331266946,0
0.08409089159321036,0
0.24117846618778405,0
0.17850471233189338,0
0.4230265304875284,0
0.0708613768805046,0
0.08428568375700565,0
0.07925745244616118,0
0.1806075286985602,0
0.208043230047626,0
0.22521824192828543,0
0.10178018724224552,0
0.5187229729873415,1
0.10652184432061727,0
0.0380060776474234,0
0.10443316742769207,0
0.052542380148331506,0
0.08349415553595864,0
0.12867845121030536,0
0.14551189831208877,0
0.07014541025852948,0
0.04352291440443881,0
0.01770151467592419,0
0.0364905298740863,0
0.11899729706052004,0
0.30827229792536376,0
0.029442886039139207,0
0.03826808805775126,0
0.006131267919317808,0
0.05034035215706825,0
0.020031705542897824,0
0.1426871295817582,0
0.041168636123610214,0
0.010610543189211402,0
0.01618332315069198,0
0.15749732203402422,0
0.326180871131994,0
0.4293592780123856,0
0.29507401120071497,0
0.18635030266838873,0
0.12335207231002816,0
0.07631193067713458,0
0.04877182680969284,0
0.07231528007441802,0
0.06545627122182103,0
0.19538429970817864,0
0.03005877834595926,0
0.02474623961022265,0
0.07091535390629553,0
0.0469845582485561,0
0.03906505271011511,0
0.0289959721942268,0
0.035936947809413144,0
0.2520350246257942,0
0.04021507888261354,0
0.08156342542224965,0
0.23623070342777755,0
0.21898789062305482,0
0.0672124953080418,0
0.05780660929004918,0
0.15148190287543503,0
0.4185376662718989,0
0.4964736759893672,1
0.08459339500332964,0
0.1461851876649541,0
0.12369637897387228,0
0.015114417662295048,0
0.05369664489273887,0
0.03584834208998975,0
0.07045668136713006,0
0.08014162900740694,0
0.22539032819164737,0
0.05917072661408624,0
0.06924799464654648,0
0.028162369256816568,0
0.03575874304470997,0
0.01872351234532079,0
0.036255807586788195,0
0.01658621180081146,0
0.19838488406971283,0
0.19237006641896806,0
0.04744416331169464,0
0.04530973778100295,0
0.22497226971687967,0
0.061716472240350435,0
0.09213584386687859,0
0.03092049523074068,0
0.2602483858188048,0
0.3767071001233858,0
0.1313386210939252,0
0.03809719582985382,0
0.05099235677492426,0
0.30040618187156426,0
0.226038226638875,0
0.24217531319340047,0
0.16621019010275656,0
0.10314420381593979,0
0.15134129520752831,0
0.14238487250180862,0
0.020378975701017137,0
0.1656046759713225,0
0.05758336399247536,0
0.018403740824250822,0
0.06955406379934015,0
0.03083032043877569,0
0.09474850297650941,0
0.2224166314425615,0
0.181299090746766,0
0.08900231529149533,0
0.3247656963356006,0
0.42529746090803733,0
0.2021642138522065,0
0.03023732824605534,0
0.13485174491884802,0
0.2946241335132479,0
0.08647355374103988,0
0.042079098643513335,0
0.0898313425010632,0
0.14450270529223908,0
0.10445550753327124,0
0.02867627295557127,0
0.02760760913289516,0
0.011103833719489331,0
0.18161778763217387,0
0.07923816846284779,0
0.10059813832185968,0
0.10257542039154312,0
0.2341101085767212,0
0.11335045922252016,0
0.09731592862567603,0
0.02356509601558444,0
0.06453746229517994,0
0.07179329515498262,0
0.03590626502375105,0
0.030914962922590848,0
0.04697307417110643,0
0.07773376976655184,0
0.046560903161013974,0
0.04020718715574772,0
0.05142589469725513,0
0.018767019726941385,0
0.04869692724072678,0
0.10196803507997912,0
0.0445487565492655,0
0.1840060141039773,0
0.10494674248171038,0
0.19709844698646226,0
0.07963123260069299,0
0.34279926722266646,0
0.3657561228915732,0
0.15475253632966188,0
0.09521838226603568,0
0.04240312791051519,0
0.0141281738158686,0
0.053861432916412454,0
0.047741182603965225,0
0.04192031572162116,0
0.04780453253027153,0
0.03980905208622982,0
0.0493262717397719,0
0.3244527934364347,0
0.4625482097386198,1
0.13495460602292825,0
0.1465202653360479,0
0.038604888518398744,0
0.025609557184724883,0
0.19175079087901034,0
0.04507842641758163,0
0.016278004051200164,0
0.033570972611564526,0
0.08169312405839228,0
0.01657630209196714,0
0.1746482911908391,0
0.3166828359309141,0
0.2904272934593245,0
0.32854896046230286,0
0.17979112968718108,0
0.19399653652310406,0
0.04909681930161018,0
0.2512328945490421,0
0.04636371228390625,0
0.15428278159831654,0
0.006729970849890906,0
0.09104453635245206,0
0.05790481798296055,0
0.26533461140903686,0
0.12232494477108086,0
0.10132298040385776,0
0.03144991140427851,0
0.07461394443245377,0
0.09071502537422206,0
0.02471329962034456,0
0.0885190165853131,0
0.13186395589852032,0
0.5054164903365747,1
0.3841074846833586,0
0.05225094422502939,0
0.027218220800373956,0
0.11725618644185828,0
0.06446451125633677,0
0.3271105735545137,0
0.11002667113906676,0
0.08641162338891438,0
0.09036641631038571,0
0.07578340916818758,0
0.43270428546478407,0
0.049158350928410144,0
0.026307213659038542,0
0.055605189225437175,0
0.02320590162084522,0
0.14562302217741818,0
0.052110648057767696,0
0.03549661676092645,0
0.05582391433405252,0
0.037274570921212856,0
0.037924623887734175,0
0.013685477939137299,0
0.04242713347815592,0
0.016812085790927075,0
0.04106188238223707,0
0.03162226244187219,0
0.004981973953014137,0
0.0143341265273402,0
0.07361071916637234,0
0.04927700780264034,0
0.19187884544287392,0
0.14599854280213817,0
0.13541065549117678,0
0.05013655283211144,0
0.037912034496771614,0
0.020996502409674957,0
0.06333904701088677,0
0.11367227774992819,0
0.2036377133023232,0
0.1325423622300718,0
0.018535182756825065,0
0.006749918520659859,0
0.08375133911655717,0
0.024203523396696923,0
0.33631766428953724,0
0.05061589247034218,0
0.008319391921834148,0
0.06564685944139893,0
0.05940149864226625,0
0.17991945643137486,0
0.0719513785569299,0
0.02525262784172762,0
0.008064918638214345,0
0.08908065945737557,0
0.46064479804089886,1
0.05259687602148979,0
0.08382390777762191,0
0.07059961819487136,0
0.12009204970424349,0
0.025795508396265727,0
0.04161187000691627,0
0.040648002269075154,0
0.47740220645265957,1
0.6299933654123228,1
0.11014924884645429,0
0.06816973512987555,0
0.025446159491628376,0
0.017673747291569706,0
0.0940701091546988,0
0.18581418258337828,0
0.17447325271743083,0
0.45917369921330253,1
0.11453769354739723,0
0.021719822896250844,0
0.09861855767020075,0
0.12356203258549181,0
0.025523657766837148,0
0.19764533856712801,0
0.05642039019891425,0
0.011513302733910288,0
0.09918656013288815,0
0.15139602727355383,0
0.21367643115735716,0
0.4144031959583521,0
0.07762008287305398,0
0.015003195299727209,0
0.03528068664620194,0
0.05996459794720735,0
0.13740639965394616,0
0.02045840280723058,0
0.07236982656912165,0
0.16444125898920797,0
0.2392620075202276,0
0.38276448008263714,0
0.3009632371288694,0
0.07577333683755157,0
0.04117275407254411,0
0.10324095454954842,0
0.6492729313955985,1
0.12758001628730564,0
0.026632548108739725,0
0.02710576999951157,0
0.14067599746757337,0
0.3793626038677226,0
0.410874892841696,0
0.38741084341143867,0
0.20041715888776454,0
0.36916632513809966,0
0.013527796265549742,0
0.03676565809140251,0
0.0983871044010593,0
0.035997589588809296,0
0.054018978548650225,0
0.02569426210974528,0
0.05225327629462159,0
0.06440384011163822,0
0.16904351787099398,0
0.09378179926202422,0
0.05310388406737065,0
0.029347065309396382,0
0.09368059167370581,0
0.27627810650167794,0
0.24822058304012742,0
0.09754737256991325,0
0.12959414908102668,0
0.21293670324157796,0
0.19022219975617075,0
0.0796675324669632,0
0.050740343018839985,0
0.044494329606400845,0
0.06817170464514384,0
0.1399108942600353,0
0.051321587624777495,0
0.04248000121569159,0
0.061129074259217334,0
0.055520775702483045,0
0.08464468009450131,0
0.062395693579729725,0
0.10808145208520602,0
0.34425725502685167,0
0.022453456946289217,0
0.016131247320847697,0
0.03868310035917754,0
0.056866913764617846,0
0.07984703644915693,0
0.017932603766933963,0
0.016781251877461066,0
0.023709629084277675,0
0.05855580250178652,0
0.024390700379802517,0
0.00890500652374596,0
0.023153916949087475,0
0.15450792442373112,0
0.04860349937072407,0
0.13294779020483147,0
0.03506927799344651,0
0.31421933838812355,0
0.15934063528288764,0
0.09702890723031811,0
0.07950084664455707,0
0.11472060852826721,0
0.542591623298814,1
0.3094094818320041,0
0.3358251830126981,0
0.33129849379993265,0
0.7181892609131381,1
0.19956905873517355,0
0.03681028959083169,0
0.08215325242966591,0
0.10171038627128155,0
0.2600224818773725,0
0.09002552566640022,0
0.08271912806297278,0
0.04074983473629943,0
0.12418464785682298,0
0.05446369504034578,0
0.04225680653817666,0
0.0650292234688422,0
0.047192957428254835,0
0.07426100034773765,0
0.09789330977583334,0
0.11918626523150871,0
0.06916639378951475,0
0.05087159870297486,0
0.44482860665541346,0
0.2783286280117102,0
0.20582308716412054,0
0.26665214063568377,0
0.1316414908846812,0
0.09231287655654587,0
0.2420847258873284,0
0.2352218126962144,0
0.050203105388134224,0
0.057081394393257,0
0.461312636918446,1
0.31326026403061996,0
0.1591404652448485,0
0.35008334731696245,0
0.37207835344060286,0
0.3752382855098928,0
0.14021207073762393,0
0.08849455562061308,0
0.12124659133135512,0
0.10742760384762821,0
0.1263325307051366,0
0.05060804012864132,0
0.10692961996313799,0
0.19568093909216563,0
0.0708107602151244,0
0.03443537535474654,0
0.3026283174813261,0
0.30025058670499843,0
0.14591260715486007,0
0.07902848417827044,0
0.10454106626152224,0
0.011083455361349215,0
0.014568945159970278,0
0.10438554469156848,0
0.11664008428447259,0
0.03115993458765171,0
0.05976594321709347,0
0.032531820562384926,0
0.027907115400169335,0
0.02238801698307052,0
0.030688114416004417,0
0.014021182070783348,0
0.06416892281426623,0
0.26351676042643385,0
0.22206836200630892,0
0.49407400484906255,1
0.3349966304799926,0
0.18237358092630881,0
0.03167906264870063,0
0.04470977527120927,0
0.020355671010137338,0
0.06094627306732271,0
0.18382873981651518,0
0.1393188829958805,0
0.06094911036217046,0
0.12215209403134192,0
0.3506496429258094,0
0.7021306622213039,1
0.7194307357956212,1
0.24630202143176796,0
0.6844361481842427,1
0.22358479343679635,0
0.3618836885339275,0
0.24906463377737492,0
0.30960536555563845,0
0.32067672962700555,0
0.4407863077711439,0
0.3663446253538911,0
0.712149746439581,1
0.2883597879604752,0
0.34641667775477153,0
0.5414591231211272,1
0.3587808072270409,0
0.1899947596811942,0
0.25462112153359745,0
0.2175656454977138,0
0.1321262431528463,0
0.08009974332362417,0
0.5466866116507806,1
0.13450923669884005,0
0.14499230766872775,0
0.14025327491148032,0
0.24129409390155435,0
0.058118444482210346,0
0.08646478853392665,0
0.10904941565869049,0
0.07152929185493775,0
0.06597034134410308,0
0.13344377118026837,0
0.12136394516695545,0
0.13909059271208185,0
0.20368405431252692,0
0.23194577432796565,0
0.08562433761040823,0
0.046784529351553174,0
0.11845800005749114,0
0.15871449658551245,0
0.7462251891462929,1
0.42743674651868235,0
0.3547468095181348,0
0.148949963809011,0
0.25711374126097764,0
0.17764345099841974,0
0.14146511547404375,0
0.35698662452078783,0
0.20328403534668407,0
0.3232860876108428,0
0.4062847961277031,0
0.7374996766316049,1
0.717161449363488,1
0.3298525959750547,0
0.32370363821539977,0
0.3765196039527713,0
0.30127790718098,0
0.2604540278448935,0
0.29587816806937006,0
0.15301061673710212,0
0.18452866452808578,0
0.24977820385517846,0
0.10659100488522985,0
0.07967984093605582,0
0.042743007615828235,0
0.0965359657601736,0
0.18168260497388908,0
0.5931027516309977,1
0.3775903577706377,0
0.1406145710827585,0
0.13401258196749896,0
0.272514293086601,0
0.6008864560616168,1
0.48629737240030496,1
1.0423199073548222,1
0.1938898197043814,0
0.08768456805525693,0
0.1423996637014258,0
0.5408664634153953,1
0.22190289559451415,0
0.23754860102494751,0
0.8174767847277572,1
0.24542832338244266,0
0.066393241368373,0
0.43313452008275116,0
0.291785039879227,0
0.2457300919831744,0
0.16614725000797623,0
0.0892156945264279,0
0.03625706371934759,0
0.6916964843483908,1
0.2590748762240676,0
0.15904695652727247,0
0.22444531616873148,0
0.09326476543774957,0
0.311197678453208,0
0.4039476242409789,0
0.6065652431279152,1
0.18316182126347172,0
0.21269743842428435,0
0.2181307250644033,0
0.2075508435029714,0
0.06456925102590828,0
0.07420601995626772,0
0.21809302987904994,0
0.27347699937214226,0
0.27865693497071986,0
0.4060199754336034,0
0.25537557198129507,0
0.3125012356524205,0
0.2737902950564401,0
0.5026072841688266,1
0.17346571264321922,0
0.1846827144145698,0
0.27638662876486214,0
0.2503661434041061,0
0.19448007008220428,0
0.14180439570048578,0
0.34456594970483057,0
0.16095841321474944,0
0.22685950453460482,0
0.46493106765797904,1
0.4802621829310647,1
0.2968440744803005,0
0.33691276971914613,0
0.3516986971915335,0
0.3211806617755352,0
0.2508111278091511,0
0.2600843613684099,0
0.3163601012335167,0
0.02354304119122789,0
0.029491079838182725,0
0.019930711549724856,0
0.039253165216855825,0
0.08655560774784288,0
0.3082963443527895,0
0.22653388800865967,0
0.13776712908293903,0
0.09217894570306615,0
0.20766395052101638,0
0.24366475417547726,0
0.08828655768085676,0
0.0551235318172357,0
0.07371212465813899,0
0.0537969961370868,0
0.10881512247653455,0
0.08090847241220983,0
0.09408383388211955,0
0.06841596057221082,0
0.05334182405383942,0
0.07217483963209718,0
0.21237714415203485,0
0.17127103576566147,0
0.0371461811506617,0
0.06272063643103622,0
0.11375387016787891,0
0.12991848067616235,0
0.23587068079692497,0
0.06055791005393211,0
0.25115396706973675,0
0.15109179949312848,0
0.09416341115548015,0
0.2656522798441357,0
0.5461715661770524,1
0.22131362729558107,0
0.4823495577819834,1
0.27363839952666263,0
0.15495417319946697,0
0.28926889412350776,0
0.04945152139517363,0
0.02034512386654048,0
0.023318532146153943,0
0.024655501152877148,0
0.06006728289763991,0
0.17202641627994056,0
0.1806850579655572,0
0.10597940333257935,0
0.11440484681233523,0
0.24234446588330397,0
0.4209090325653826,0
0.061557325899892726,0
0.05726437090001421,0
0.1509352814057053,0
0.21516791805689228,0
0.08295623049643724,0
0.07955999865846748,0
0.061829440126169276,0
0.09982504348281215,0
0.09973134915295316,0
0.180340503213903,0
0.0945940789226453,0
0.18362913279461035,0
0.10526871179126131,0
0.08134808938759555,0
0.12832252799663244,0
0.18069625207445458,0
0.09696835783968577,0
0.04317992907392995,0
0.059624931199988816,0
0.026454249108988408,0
0.03806114268813534,0
0.056810762684696044,0
0.09865414403213196,0
0.1988158740959077,0
0.11037666699770658,0
0.27980943566159133,0
0.05862937859397357,0
0.08985948687141918,0
0.08860888809974135,0
0.04398662174382008,0
0.1335830745417453,0
0.20632965625185581,0
0.23444697579314425,0
0.4462570097759989,1
0.7556494688640117,1
0.43686555481007555,0
0.1778109869671662,0
0.28033945383931413,0
0.4416093060239179,0
0.4961768547218349,1
0.14063339240751513,0
0.07418312380157875,0
0.08044363567911347,0
0.10785156460685512,0
0.147115529737076,0
0.12096750047917379,0
0.09202344734553976,0
0.05060843351850665,0
0.061790696240123226,0
0.2117691885687492,0
0.09939103194900101,0
0.034195476284300745,0
0.11434502388930791,0
0.06916511834242355,0
0.11875637987819106,0
0.13063541249748048,0
0.08992631260915163,0
0.19890472499516934,0
0.21687512826692232,0
0.09821992547033452,0
0.05554418409497937,0
0.08553639759526716,0
0.10016870921241254,0
0.19045320168096608,0
0.19753733590372685,0
0.18942020684831412,0
0.28602988472290536,0
0.06516937683563713,0
0.23453485342551483,0
0.2713238843098537,0
0.14516873370038572,0
0.1533879864232703,0
0.07868011347350196,0
0.3830644396987486,0
0.05358490921129109,0
0.07302159339688921,0
0.12106106543880106,0
0.09782354101186806,0
0.11058303609582447,0
0.10156116949594307,0
0.08069092734319082,0
0.18663059381401273,0
0.1356069262298686,0
0.11417102473989836,0
0.14756982668361146,0
0.17832824523742968,0
0.24308186104178914,0
0.21143029080524536,0
0.05410935632746906,0
0.09710200178579015,0
0.09377167096860799,0
0.13427553624956837,0
0.04533577435363178,0
0.0749275208067708,0
0.16885136746165866,0
0.20129965446518375,0
0.10566650826042785,0
0.0784770597098503,0
0.12060579060691615,0
0.14633763802518002,0
0.191005335567636,0
0.35619486402796613,0
0.7218040021307003,1
0.5273226310760916,1
0.2285602011243437,0
0.21644240208557036,0
0.1686847082811554,0
0.5029628944132101,1
0.10125654219815503,0
0.144645882960491,0
0.049875220749149435,0
0.11691279751299269,0
0.07005729177657047,0
0.12458711811051955,0
0.24695269879439216,0
0.11905560132570378,0
0.47109939191217315,1
0.10887622674887315,0
0.042046075582542565,0
0.11736469466382958,0
0.038949448805447956,0
0.15121159087869632,0
0.0697957073859393,0
0.31769883336888843,0
0.10856245926479717,0
0.09949752636611617,0
0.09935537489718418,0
0.07595310886683079,0
0.1319484425332128,0
0.19172522994192798,0
0.5311621259846613,1
0.15165757209261083,0
0.08420149641823582,0
0.17831331257473462,0
0.13774897476009945,0
0.1725073292048461,0
0.1525082435135542,0
0.15110761048805416,0
0.24766006788458253,0
0.12886232406695447,0
0.05618809850059065,0
0.07282275264364987,0
0.17699124910884578,0
0.10978598119982204,0
0.5224929116127986,1
0.12308477892312847,0
0.13103510601369925,0
0.17769900485071422,0
0.06242917871150152,0
0.04585182247175168,0
0.13314942034010777,0
0.17769142311988606,0
0.17141843123220743,0
0.13014201512739323,0
0.0965068372154505,0
0.1669149571342778,0
0.021804513003806928,0
0.1703044618171692,0
0.07733133912843367,0
0.04474358785955416,0
0.05401195023021477,0
0.10656464953022791,0
0.0545694617499252,0
0.10321009722039545,0
0.044475544253155044,0
0.036771594526277186,0
0.04774161064785891,0
0.14662129881450406,0
0.09000567811454835,0
0.1139651425574908,0
0.14130566913489848,0
0.032108472272111485,0
0.2682723543530458,0
0.055498852099849456,0
0.08245828006403219,0
0.05080083665070586,0
0.110923383920829,0
0.10938516428274082,0
0.08270623296930121,0
0.1327040602590485,0
0.18144530273860623,0
0.12519804969825135,0
0.18166046269424052,0
0.07924162494782173,0
0.22383804734387638,0
0.3945679930594279,0
0.17419339096558,0
0.1326768375805091,0
0.08670485955979405,0
0.06082161301835243,0
0.07330928895010964,0
0.08619758269874196,0
0.06603984903064447,0
0.050171343330678894,0
0.11252064069765148,0
0.08046366245379356,0
0.03923090626786985,0
0.047735727418098464,0
0.26851048430567787,0
0.029197759520365532,0
0.0244131971350901,0
0.07249371459353386,0
0.08965102964798674,0
0.09924720477965758,0
0.11310874863990418,0
0.03360218516967396,0
0.07263508271046319,0
0.06865447659521022,0
0.1479022976537521,0
0.09024553711459854,0
0.13742733804746726,0
0.17804332609814952,0
0.11003725294423314,0
0.15776593656035473,0
0.17402936641093883,0
0.09391429285219678,0
0.058643099546027345,0
0.03796933555318082,0
0.10739536670270995,0
0.09756219174192364,0
0.09992992920532617,0
0.1925439985167578,0
0.05163803020685696,0
0.12619357915808077,0
0.13212617219807984,0
0.10467658939264163,0
0.15087391488076224,0
0.02904687287112503,0
0.10461124085247048,0
0.048692323951621846,0
0.0625702351494341,0
0.179349701634255,0
0.1058926131265882,0
0.06374439395584171,0
0.09816531326914937,0
0.06014337746031747,0
0.0917136702512848,0
0.13700242560249537,0
0.05198045347906468,0
0.015647662001574133,0
0.023086134081312902,0
0.0172197793492523,0
0.034275370869402466,0
0.05539930034830489,0
0.12094701960240999,0
0.09607651881239623,0
0.11102364627450645,0
0.10861572625200505,0
0.09898025973645129,0
0.05563193079876132,0
0.04912460580399828,0
0.03900157539416576,0
0.04715887076293992,0
0.0226802706645169,0
0.053744329624141995,0
0.04870201172224757,0
0.05338603922349902,0
0.0633014666566207,0
0.1176196207314015,0
0.15193763405344685,0
0.12118705724573767,0
0.24140256983021133,0
0.23680186680043736,0
0.07363539500023458,0
0.07943589866794802,0
0.2652829627139417,0
0.2938144412181207,0
0.1763579899822806,0
0.01447735001445851,0
0.03241744359459314,0
0.03684599487788521,0
0.06450556925839632,0
0.03806574191182248,0
0.30889675100810404,0
0.10022819588031491,0
0.15692732469122786,0
0.029430706089301557,0
0.026081694841758006,0
0.028202348631977906,0
0.09461455931560922,0
0.2177525849180572,0
0.09459171191441747,0
0.08538253455102415,0
0.10778070050376568,0
0.18286937468362335,0
0.15965187755951013,0
0.14668375851064078,0
0.08445295459442405,0
0.06584380035276001,0
0.028745175999024767,0
0.05824436607503605,0
0.1767018008440166,0
0.13889661375050666,0
0.1930826725441547,0
0.1677180371065289,0
0.07365733743469297,0
0.1161506682194612,0
0.1626922890149952,0
0.16597066161700036,0
0.16762296567376722,0
0.11406795221278002,0
0.1756379550782429,0
0.15900504261531115,0
0.10570324697689207,0
0.14455670502262566,0
0.09649476778872593,0
0.1427985731410149,0
0.14843904887194218,0
0.25863616051327787,0
0.1499406640744701,0
0.07734933312509969,0
0.20123885883431558,0
0.23350701993731085,0
0.35464862769174565,0
0.3352121925200974,0
0.061014259703940775,0
0.07468192978750889,0
0.20266626602561796,0
0.03810799444913631,0
0.08481544841344393,0
0.023826648866257908,0
0.044377501538145944,0
0.03326657205432702,0
0.02886568811493034,0
0.0389217472540954,0
0.07549595679794208,0
0.15663708799407897,0
0.12457150878161911,0
0.06863763906841737,0
0.1392242905825623,0
0.10609125431808762,0
0.051297963174433386,0
0.11961435533302027,0
0.05146435824796041,0
0.09896022784938281,0
0.2760695188167743,0
0.09862597079592694,0
0.05842218162104184,0
0.06551629310446246,0
0.1973337541896159,0
0.1054568205479662,0
0.1923216099862061,0
0.047285646334536593,0
0.026257710744817038,0
0.029021143483555934,0
0.17194058426432227,0
0.16318150587979788,0
0.16878432812933591,0
0.046768986322397336,0
0.07130946220768748,0
0.021484564375238224,0
0.057203713429476076,0
0.08919059319017861,0
0.038133956280136716,0
0.06954927072028877,0
0.17168195509889525,0
0.19357584627526714,0
0.29091363925728764,0
0.24038463680961505,0
0.1671967494862284,0
0.10411483871255263,0
0.10392932064951528,0
0.12521043687013342,0
0.1713450508024167,0
0.058529197287732364,0
0.06754964733912659,0
0.0375571708710177,0
0.17713069961851657,0
0.019917314109147224,0
0.12482220965019236,0
0.018400515841349663,0
0.01839330346682611,0
0.06993637141837147,0
0.026216431397902574,0
0.1839594901670943,0
0.11932457470185527,0
0.08808221389580745,0
0.0663322280698965,0
0.12924193489466076,0
0.11750051401320509,0
0.05974015602386521,0
0.08098472568276913,0
0.09253543982122718,0
0.15357738843791938,0
0.09693656323401846,0
0.07467971649212507,0
0.0256495895261434,0
0.01692277107857278,0
0.00451674311293769,0
0.03055688571002245,0
0.14990862057741314,0
0.09571112974910494,0
0.07600121208383895,0
0.1255405112296797,0
0.0840528353279762,0
0.06445266049049053,0
0.12737578846923253,0
0.12640286795656316,0
0.24567061995450926,0
0.062125457559032024,0
0.09233049816531416,0
0.06404214261974005,0
0.17398536885334118,0
0.07241943909164421,0
0.05222126060956004,0
0.0655495038900062,0
0.1711555145857882,0
0.07932027895257601,0
0.019272136129287108,0
0.05102573221560737,0
0.04850125904680865,0
0.051505224357052834,0
0.13083150002532554,0
0.05308304543385096,0
0.0784161948762712,0
0.18603505185183042,0
0.25006929608317147,0
0.06919140931829247,0
0.09393147646085476,0
0.08549469665467585,0
0.08941443108307329,0
0.18265964151824238,0
0.0782406969975758,0
0.23593287099146132,0
0.11585427526432505,0
0.03340632843791737,0
0.08736431317495114,0
0.08056875185179393,0
0.046091673558921936,0
0.08474470240108187,0
0.08724149771977813,0
0.07472395000643761,0
0.060626634421275055,0
0.06758567403345707,0
0.09104629103943611,0
0.15991293580732022,0
0.09275443121310047,0
0.05805258401380838,0
0.30287333653977655,0
0.09850616682588559,0
0.07163788221027896,0
0.024386039218583896,0
0.1508604018634309,0
0.1542459019841738,0
0.05156542922230199,0
0.07880787837518516,0
0.08870309317444398,0
0.09927020685225744,0
0.21169984014220547,0
0.27691967576386417,0
0.28744015634483716,0
0.1490696758416523,0
0.05765511814221223,0
0.07601318517903757,0
0.15671238559541326,0
0.07560406018711933,0
0.13357316258927313,0
0.05049451389352146,0
0.04177135515142308,0
0.07882448547009543,0
0.2831342347481885,0
0.13137057725778611,0
0.07640046407564254,0
0.06523700032307198,0
0.08917560730725865,0
0.29299870243267256,0
0.036303187025398385,0
0.01524033868366294,0
0.07495514365601834,0
0.17335578170990068,0
0.27604890080055544,0
0.15533140195109943,0
0.16100720576985955,0
0.20799362630702803,0
0.08095404931223042,0
0.1580371379274053,0
0.08080594662190822,0
0.052745117669949354,0
0.03797048935692307,0
0.056247387077311445,0
0.047776003599790666,0
0.11760722819526959,0
0.08936065913341949,0
0.15963401158813637,0
0.1900298494518387,0
0.02190480127889836,0
0.04816536003767443,0
0.06493991632353553,0
0.055595469872771565,0
0.0364483018554738,0
0.029816974271148593,0
0.06830429289729037,0
0.07986202677005078,0
0.030399954858813836,0
0.037470375510295195,0
0.15297374636220623,0
0.19635777226570783,0
0.13887683970166456,0
0.08452105122933783,0
0.06671140225471613,0
0.14931331448253965,0
0.03652143310287223,0
0.10093019143897335,0
0.13174910455254685,0
0.25514121905822096,0
0.20512034831076706,0
0.27181946999967793,0
0.1737310910873007,0
0.1710622898031455,0
0.15243708192456812,0
0.2021077719821677,0
0.05030140872335121,0
0.04439561896154611,0
0.028283406338227856,0
0.09418362932068444,0
0.045922436640955806,0
0.035310136293039696,0
0.08970570705030124,0
0.09960558327106869,0
0.0811662760030347,0
0.05755134297413869,0
0.20236703831905853,0
0.1514054853127727,0
0.18681642667073373,0
0.10526545769365385,0
0.006405315224457526,0
0.1709032608271696,0
0.22353562699029847,0
0.12010445681925479,0
0.10036060843708722,0
0.0789814774700967,0
0.16792864688227946,0
0.25978601546995883,0
0.09250381887330071,0
0.09225291640500337,0
0.17444035038744438,0
0.29329310215019994,0
0.07020831286714684,0
0.06979750836323577,0
0.025379257050585816,0
0.1537999103285649,0
0.10367373946009008,0
0.060181112096910176,0
0.08402998883864035,0
0.07260201958165788,0
0.11433176062809772,0
0.11127756163542975,0
0.10645336481182724,0
0.07892299715613708,0
0.13579578063693615,0
0.09076828011536583,0
0.08294922525224695,0
0.08915589800489053,0
0.06739218860353018,0
0.07564578196791295,0
0.13967769584489104,0
0.18798323648298013,0
0.3505167438954081,0
0.2221669312957606,0
0.16701097122385059,0
0.12642879084840103,0
0.6832438157404386,1
0.42734217991840107,0
0.05893759589201529,0
0.12368463194140022,0
0.0908045163729407,0
0.14510126718681635,0
0.39373487262521,0
0.1378898444043747,0
0.5147590957464512,1
0.2681205159052901,0
0.17864345663914144,0
0.11718450610310448,0
0.06632902736320326,0
0.16709131049376194,0
0.24905431851101517,0
0.28960798550420846,0
0.21422145445850518,0
0.12253040372173248,0
0.10949917634769828,0
0.1499277282506469,0
0.17415450843105,0
0.1308842241452509,0
0.18987679548081882,0
0.10877248482285497,0
0.05972437468166949,0
0.09224928873449383,0
0.12208205835953671,0
0.07555811355435602,0
0.1590200459636142,0
0.09730848628028227,0
0.08572048999381066,0
0.14039661469107295,0
0.5577407963993666,1
0.08432780055732499,0
0.10046452708460746,0
0.3145926580039806,0
0.3217901032253917,0
0.14993864216030317,0
0.0766462803114454,0
0.06272966483478962,0
0.20748968561428752,0
0.15100554700488106,0
0.05574006605845501,0
0.06805270779716031,0
0.13014379134877146,0
0.0797559073621011,0
0.06975893370367212,0
0.05485180819577572,0
0.026813732131537638,0
0.03470726275657616,0
0.15429376631041877,0
0.4587728537279147,1
0.054313703011725147,0
0.09283462032944562,0
0.05681538718102844,0
0.08738396263250259,0
0.1378556762171274,0
0.22625483358991888,0
0.17356062123572233,0
0.06584343913480363,0
0.08623915033950541,0
0.07550348137860574,0
0.08476553454773347,0
0.14276217715471354,0
0.1888508220029677,0
0.07473172323178999,0
0.13360237063241726,0
0.19270405422661516,0
0.11289022501536532,0
0.06662860582203839,0
0.2646536363074884,0
0.12733771032335334,0
0.0979651336291613,0
0.20499663936651713,0
0.18340714510572645,0
0.3042226156705779,0
0.345657330330046,0
0.23808853330567165,0
0.052332174599072245,0
0.23894614921449028,0
0.10902132120493782,0
0.1732937461882379,0
0.20459628782831224,0
0.20035347539918458,0
0.07316070589839055,0
0.07067241035595898,0
0.06594189039047632,0
0.14040356426070788,0
0.12536606474307246,0
0.5307834646324234,1
0.09846396443768118,0
0.05020160085980548,0
0.03819190687502679,0
0.09251566087776983,0
0.11948786365647542,0
0.07607092873455443,0
0.14450366500559167,0
0.24451599466585672,0
0.06525719522434623,0
0.10004760934422086,0
0.1318320195598227,0
0.2108281497261581,0
0.11482771921908762,0
0.16677444150292603,0
0.19831511066427193,0
0.08586093084605372,0
0.10922971921994762,0
0.10254461535005763,0
0.21920649266890943,0
0.15522535028490067,0
0.09224975636731983,0
0.0404840825464956,0
0.1118855302774524,0
0.3783210584875657,0
0.1517381850670088,0
0.26005906380693916,0
0.27204666841811526,0
0.29944420641171215,0
0.04756762164180512,0
0.07630665970022178,0
0.07075805307661476,0
0.484835588878565,1
0.2044909267648974,0
0.15228406064051586,0
0.3581746319293881,0
0.404531398484038,0
0.07556217601539914,0
0.14377980730892148,0
0.1205247173547181,0
0.13528714627811844,0
0.2851689461393709,0
0.14100968818010648,0
0.11272173685480893,0
0.02764807879790748,0
0.13863551380653935,0
0.11837106081849093,0
0.1684231955316538,0
0.6357840282781281,1
0.09934527497818248,0
0.16089495408062296,0
0.08724408383081773,0
0.0381084723358894,0
0.03702227046057181,0
0.05160125383456105,0
0.1396976805857974,0
0.24027315318417705,0
0.1746557903191651,0
0.16878182260307012,0
0.0748308978475499,0
0.05133634825683177,0
0.3140535910955734,0
0.2751504495474059,0
0.24386858122141533,0
0.2925316872281262,0
0.32593489914867046,0
0.22710697279507877,0
0.2464276441417598,0
0.2298745207969555,0
0.5386193277993406,1
0.3651352201405425,0
0.17921053360076566,0
0.07104025476604271,0
0.06964115764619466,0
0.049123356595266086,0
0.0914903476754912,0
0.08441338132729995,0
0.10749457936244135,0
0.5293969455240218,1
0.4304632722235158,0
0.06640263631891145,0
0.07364900483709774,0
0.07195936179985156,0
0.040472065430179935,0
0.12031031516717298,0
0.052559340153563575,0
0.08896537310526806,0
0.07273984696780965,0
0.045296159865188486,0
0.051183190984884844,0
0.16404780177183861,0
0.07488806550100899,0
0.06581900595511612,0
0.204368204905135,0
0.1136202019800202,0
0.43720995508721855,0
0.08795017253982187,0
0.08084675631490823,0
0.127215624663792,0
0.30657300492306006,0
0.1204721792152143,0
0.09823199848097311,0
0.3717000508994539,0
0.09447632512131579,0
0.1527495560220995,0
0.653683229380986,1
0.12141109815288788,0
0.31281079090009517,0
0.11099256117065447,0
0.23869122005353055,0
0.10581619396648265,0
0.11359774953880365,0
0.1474584356276553,0
0.16704592260432036,0
0.0865860130346245,0
0.1224876522592083,0
0.11041564439377385,0
0.05025409467618236,0
0.10917637423280888,0
0.18398952605750699,0
0.1705392105182203,0
0.21007665590768562,0
0.2025136844039175,0
0.4001125188260989,0
0.12933116367026162,0
0.2900338375369574,0
0.310100313298495,0
0.10335239310932547,0
0.043255777283760025,0
0.025415941812685337,0
0.02770700673984534,0
0.0591367531181161,0
0.17365259173826272,0
0.033593079915293,0
0.1593768206763338,0
0.08230778896640507,0
0.1790266757491741,0
0.08509193884581703,0
0.0474260891490997,0
0.05709533940388449,0
0.05764986055316477,0
0.11104004666616489,0
0.21229355538621877,0
0.04596662297014656,0
0.09505566599259928,0
0.07024845052083843,0
0.021485896540442605,0
0.04583742817562924,0
0.06930771122672048,0
0.041223412491801684,0
0.42227041608523164,0
0.18023746095809992,0
0.11950729760870618,0
0.07665403493509866,0
0.23264693045113913,0
0.067572383862835,0
0.08738799499376719,0
0.11763905934730902,0
0.0670666464104758,0
0.030869001150852626,0
0.0915754587473291,0
0.11256585517610258,0
0.21079506800757458,0
0.10069252960340072,0
0.11328345410940768,0
0.27653439742928815,0
0.16080326206727952,0
0.08131530112062056,0
0.2655342605617343,0
0.034676508668376016,0
0.1949139563852256,0
0.07930565116285196,0
0.08131607015451768,0
0.07873639999977915,0
0.13041155575717292,0
0.0912495522084568,0
0.11697801628976116,0
0.04264547360804434,0
0.04225206164789476,0
0.041626440512025166,0
0.08946911373501693,0
0.01527591534987178,0
0.18000541260656747,0
0.13131020327212925,0
0.2568771443152564,0
1.0824245594620427,1
0.27197766502251763,0
0.12734247533441986,0
0.23427658176782082,0
0.14663566811051115,0
0.1276087585088673,0
0.41805843489436273,0
0.21804412347900598,0
0.05244427901885821,0
0.06593848144085424,0
0.07337394345156696,0
0.06278867231716845,0
0.029380029378250846,0
0.07076665146749768,0
0.03543863637197393,0
0.0569479645918345,0
0.47525880617852695,1
0.13198023281614302,0
0.12861133899003033,0
0.07980688572158554,0
0.2282768722636761,0
0.10027377642903286,0
0.1478148023159773,0
0.07766100446318079,0
0.04707093245576145,0
0.05809500893000912,0
0.3093130352801064,0
0.1955265563321277,0
0.15720031371280285,0
0.07288810245453367,0
0.21351118692749882,0
0.08417483009460046,0
0.13562229219775582,0
0.04637031442047957,0
0.1386722334956941,0
0.09161895555101537,0
0.11440782094208823,0
0.04172456630509311,0
0.07092449561686347,0
0.12186181345132238,0
0.11301241325119897,0
0.43733253615089,0
0.3070625261088667,0
0.7168011503665579,1
0.07304599052121968,0
0.0782675760764564,0
0.00900297285037472,0
0.052811087149681725,0
0.10014655240976097,0
0.149149963619608,0
0.06278482650791585,0
0.041360353516018196,0
0.04083579229763747,0
0.013896779923088227,0
0.045033887458877125,0
0.05067617401976729,0
0.09235263705024213,0
0.07924682632912883,0
0.10056012982569872,0
0.15264385038134756,0
0.12852352774911083,0
0.058498888617637565,0
0.09212261947082355,0
0.07136607440387874,0
0.036639618815898674,0
0.21101033196338176,0
0.06481773022899759,0
0.12798318809838832,0
0.1062177226487715,0
0.1235482990757584,0
0.09125705750622294,0
0.30642192686364544,0
0.24604304448162345,0
0.12503950174775905,0
0.10430914145865652,0
0.09420248924236894,0
0.12340211323666699,0
0.13521391215476042,0
0.2508736821043102,0
0.09706352637123512,0
0.20296065308197303,0
0.18990566974482945,0
0.19791053015043342,0
0.11103607183057417,0
0.359030555936979,0
0.14368074544882575,0
0.06335305211958762,0
0.14067929732205678,0
0.03991122688277109,0
0.08428403730655705,0
0.28333693283594236,0
0.14051048357781362,0
0.14271651876531302,0
0.11969400345580891,0
0.09167635931649691,0
0.10766467957628371,0
0.4114127950663136,0
0.05239811240156673,0
0.0374133652606817,0
0.042824195081505825,0
0.14540265684384146,0
0.0707978579982385,0
0.16583382548564946,0
0.09199918233456433,0
0.11364249560982073,0
0.15070848435221695,0
0.10892624975213351,0
0.07267495189667046,0
0.05221829437735634,0
0.028841439233798012,0
0.05346656109408506,0
0.057446101651996435,0
0.10500022811767633,0
0.16865057601535996,0
0.1399436499919057,0
0.35565111519401993,0
0.1702725442984604,0
0.14391749602692536,0
0.15112282019996687,0
0.032632912849790544,0
0.028744145989830824,0
0.07673937060734738,0
0.20162336034965547,0
0.08921250747157289,0
0.19832987207997427,0
0.06903837016378264,0
0.09509721770705144,0
0.14665924248777334,0
0.16897255966710747,0
0.09642201992036978,0
0.09125615979340543,0
0.036413985054918656,0
0.06353251324127375,0
0.09182585329595529,0
0.09982540913576729,0
0.014864078881977194,0
0.02318867299239961,0
0.045478297319654554,0
0.04259248667897165,0
0.05940797315787027,0
0.06939234994281171,0
0.2305238029231512,0
0.07531505485245267,0
0.3498748986316577,0
0.12970747220449677,0
0.16943763357320127,0
0.10900068806355982,0
0.02702170970182981,0
0.04953804059897794,0
0.026457050184156287,0
0.052726639978259916,0
0.1339324173982889,0
0.20751052464812356,0
0.7948458183335972,1
0.1513282795111649,0
0.20826712115513868,0
0.2346223045238143,0
0.21768723224890116,0
0.09248360615028159,0
0.13504511985590878,0
0.20948462181189112,0
0.22991268900552544,0
0.09025276905682554,0
0.3124254277376551,0
0.2280666127349302,0
0.04009425064169358,0
0.5687752080433623,1
0.07189208212868563,0
0.6362590769993154,1
0.4134779521467069,0
0.28587139554231117,0
0.2809905017025972,0
0.2162460973366556,0
1.1345744972704979,1
1.2118932284097823,1
0.35856796956174486,0
0.0273224855458199,0
0.07271561080958197,0
0.1637546649105232,0
0.0964684206473429,0
0.09182148742457473,0
0.06155848480758119,0
0.11778257741805379,0
0.17275415013527579,0
0.18591690443935038,0
0.11959130877159437,0
0.37355458280261894,0
0.07618809843923705,0
0.045929317791582575,0
0.0926249075019902,0
0.13888427850514548,0
0.3620992877496813,0
0.06839536643749332,0
0.233807411350881,0
0.10602736177674535,0
0.1340409044446454,0
0.10994514709916717,0
0.08947344800159764,0
0.29374104617177127,0
0.22812255351775684,0
0.044934514848042124,0
0.01736007399212399,0
0.015989160663326115,0
0.01991834513956997,0
0.025616230744880692,0
0.022559986156468488,0
0.029615600097341713,0
0.2446429402058232,0
0.10594711787764206,0
0.06400083514659395,0
0.08594523538987743,0
0.061988421492741266,0
0.06953237978485166,0
0.10894548700409178,0
0.16972815589644993,0
0.13185621748821008,0
0.04234014576915366,0
0.14030961533046157,0
0.06138520078478463,0
0.035802674886698777,0
0.07175274293583242,0
0.2209526328377097,0
0.08441491078601099,0
0.15788394127318175,0
0.2625606149341686,0
0.11947510465051635,0
0.07155282235781003,0
0.2238912810088727,0
0.10321902208070502,0
0.0847676050186363,0
0.7094730931009104,1
0.12836836984505715,0
0.0589769218153771,0
0.042118736524289775,0
0.05955603415581368,0
0.03717175594383899,0
0.12353564231226145,0
0.1146023057575412,0
0.1477919090406975,0
0.047743929082665906,0
0.033541785640254354,0
0.025626072224004367,0
0.035308215977010074,0
0.06390440893333531,0
0.04641612637671331,0
0.057230524480970144,0
0.02243839152775486,0
0.1134795360779801,0
0.045088838288903685,0
0.05199806396617527,0
0.10500439376775751,0
0.1811942037010151,0
0.15978022128891284,0
0.16787311102478258,0
0.19443873882696802,0
0.10191572570769422,0
0.2050569817919225,0
0.1568031572514678,0
0.04130963131950846,0
0.03796804447362583,0
0.11117213082427219,0
0.04871753211564916,0
0.18689317895563234,0
0.11540511435192503,0
0.08806783886573119,0
0.16944356000691385,0
0.09641833089507351,0
0.05586703110901122,0
0.04165551019291842,0
0.06071150159005529,0
0.13770296296789944,0
0.15182782868060393,0
0.07985012362042838,0
0.4325926655004633,0
0.10331039544339404,0
0.13733105329947853,0
0.16830702298764694,0
0.45902601462730347,1
0.10584813822252617,0
0.06823706977903483,0
0.066825398088767,0
0.0376954015479457,0
0.045898962547967645,0
0.15317777771386692,0
0.20114063397101484,0
0.05846471906528099,0
0.07669182951817337,0
0.09806720922488112,0
0.02051010127335414,0
0.05255706872122705,0
0.09520589032381672,0
0.32423521598760463,0
0.1588230891163115,0
0.24117058083386755,0
0.04029274687384067,0
0.2448875297852781,0
0.029742086444062635,0
0.03238845954736967,0
0.03910131113414295,0
0.05833531992650502,0
0.07606694028397828,0
0.1058789376511435,0
0.09315834316352518,0
0.17062117192685416,0
0.19276650590734398,0
0.034904482579775985,0
0.057949611854114576,0
0.0601292692993609,0
0.16801783404363618,0
0.10877829504544868,0
0.11473620488968074,0
0.13821939751559933,0
0.5819336886346494,1
0.1961980429091896,0
0.33801064421937294,0
0.1261235136823527,0
0.07427859771186371,0
0.13277993751528644,0
0.5598035844050139,1
0.08223557457104112,0
0.08541844779365014,0
0.08008636256181276,0
0.1325640289393987,0
0.36563408225095306,0
0.2596762210978313,0
0.28923714641502496,0
0.2271589647985908,0
0.4273976805521544,0
0.14813810885335793,0
0.08585857211871059,0
0.36922304498847597,0
0.0519551557349232,0
0.18413083838354746,0
0.09233751226638372,0
0.1111372766791687,0
0.13770126324902554,0
0.09905905318083692,0
0.14013074123769328,0
0.17339463109382783,0
0.526966783217463,1
0.18610978947924547,0
0.10836735764022896,0
0.21970885467112938,0
0.11505060137553928,0
0.19330291715550973,0
0.2786610193234466,0
0.17636373349660456,0
0.15163417897546758,0
0.24901046694048462,0
0.2301483926813795,0
0.06988106040591097,0
0.2690473438752317,0
0.34182035690506846,0
0.2999498632724372,0
0.29621550086804344,0
0.09638462665567102,0
0.07277403434405917,0
0.6308537338048119,1
0.1489776483216504,0
0.41110001252505957,0
0.1427109885955474,0
0.11742892095406028,0
0.04065891072419951,0
0.014035068166847927,0
0.06783610783880425,0
0.12459496558940145,0
0.06906342714599273,0
0.0411286906111117,0
0.12022843139387196,0
0.047220542015137375,0
0.05240447256209591,0
0.07739979166403903,0
0.19818574319276294,0
0.03452143509351145,0
0.025302329319889717,0
0.018465776270714097,0
0.023011791374096733,0
0.030881218498574968,0
0.026450589231424636,0
0.21347838114316545,0
0.03603267715286419,0
0.17481278718728363,0
0.039369304073941194,0
0.0610907877340118,0
0.0614829458148735,0
0.12940261462920125,0
0.2206931633103995,0
0.29188146686056793,0
0.03895090599902325,0
0.03162056411069071,0
0.04726881938380956,0
0.05575709149895479,0
0.09329754654006134,0
0.10801432634284844,0
0.2585137556418667,0
0.07322251373770802,0
0.07777827069529471,0
0.10746165395950917,0
0.12184618293482859,0
0.0770567611235977,0
0.2741396429805638,0
0.136255053537925,0
0.12427871417418472,0
0.1418012602110728,0
0.10172539874222102,0
0.08132788347771493,0
0.1568373524263285,0
0.22190004390003734,0
0.27046782155428245,0
0.14928536695475061,0
0.09377053181676867,0
0.11731090760851322,0
0.05594538253795917,0
0.05647888863597085,0
0.040987268550911594,0
0.01329889640978928,0
0.01650109980906633,0
0.03904455765564333,0
0.17994452779691278,0
0.09615413884992075,0
0.11006822048561582,0
0.10975066779411799,0
0.12914154826774207,0
0.09655815637560797,0
0.18925456134826113,0
0.08091833657500527,0
0.11074230491024466,0
0.06043104327198587,0
0.10963951999143987,0
0.08156086161711544,0
0.19052292135215787,0
0.051291224183199174,0
0.20839373426834576,0
0.23212170976894,0
0.06953367099242178,0
0.09114635286359102,0
0.07726750675831179,0
0.6892286692837121,1
0.05875279973390484,0
0.0658802132959659,0
0.12083436781589851,0
0.15651886435437554,0
0.19256269881959512,0
0.13620270439097032,0
0.08853304084229113,0
0.2315482083031866,0
0.13861795644853458,0
0.05835180706723463,0
0.07082085586122501,0
0.03345416501224212,0
0.027723055009437933,0
0.1008876887536247,0
0.1425531170859256,0
0.05558370628013197,0
0.05339065134244037,0
0.054326206445882756,0
0.05919505200025281,0
0.06350437059903001,0
0.06748783577169465,0
0.14825996246111411,0
0.17106053426461074,0
0.12562313595483351,0
0.09716302645887878,0
0.1040433702797381,0
0.09509341351826134,0
0.11470965461897416,0
0.15999080319760087,0
0.06549909404237467,0
0.060716489904096296,0
0.1170221951088878,0
0.053047195169100884,0
0.07114033397734199,0
0.04370611901969459,0
0.07751920852927974,0
0.09746987300646476,0
0.12664050737157234,0
0.05550958688423986,0
0.11508671855378202,0
0.3022867654287486,0
0.031877356886079754,0
0.1364756779235505,0
0.061710703449851544,0
0.12954499471806696,0
0.06250022866904859,0
0.14829660727831023,0
0.19505104653120275,0
0.03594875465893822,0
0.2014321721056473,0
0.4714888301356034,1
0.32946226181469085,0
0.3375809913683067,0
0.26061643092406445,0
0.2952399476162745,0
0.06460430202131584,0
0.2254426982978987,0
0.19241764212453497,0
0.059315901262086586,0
0.42639786120624074,0
0.08753438794597766,0
0.26303098977850975,0
0.48041511581997653,1
0.27455757980326695,0
0.1605799456353256,0
0.16787519419523628,0
0.17380687790702506,0
0.22685979265377293,0
0.18702761677867016,0
0.2913544999503451,0
0.26768787855954673,0
0.18769378504842532,0
0.3496784079190326,0
0.5591528877294827,1
0.37876975193050194,0
0.3149337118801343,0
0.19877376461343285,0
0.20566726312085132,0
0.24880242933644692,0
0.26800936437668904,0
0.14702187827513344,0
0.1254233151033301,0
0.11462812659359853,0
0.1136869855214278,0
0.39960312887582294,0
0.09866152597479912,0
0.21707861673356305,0
0.2504770042900978,0
0.2820481487237084,0
0.22831068862175444,0
0.1716909310761684,0
0.14927684635582966,0
0.7120160316532311,1
0.33894720250465576,0
0.282876903671595,0
0.2633909731208031,0
0.7691386585563168,1
0.17522285439433577,0
0.0967948716003033,0
0.33934844776752027,0
0.14849116635975337,0
0.12266570697067126,0
0.22092299108009786,0
0.5465305109353829,1
0.15844595890087382,0
0.10627446727751541,0
0.30233213989890323,0
0.2683450216755887,0
0.22642233808633286,0
0.2993483904564618,0
0.7836407867538284,1
0.178233407510343,0
0.2486108084027213,0
0.23752147778207952,0
0.3073357990100123,0
0.1888836530330725,0
0.3616403483686614,0
0.22611455859539914,0
0.17616148942834006,0
0.13836641677293166,0
0.18674234563189618,0
0.5263498690664816,1
0.5233425336630559,1
0.21879900878570074,0
0.4943955063668529,1
0.5072387847922213,1
0.9679301487231954,1
0.5334909026622973,1
0.2744609380178452,0
0.303508259631411,0
0.3147078111595886,0
0.22519759323522207,0
0.5822395294990813,1
0.38287251590044385,0
0.1366761407678003,0
0.21797364096630148,0
0.33546428992138144,0
0.4019517525791952,0
0.34815813578203925,0
0.392337923963559,0
0.5854653530982571,1
0.5822631156406781,1
0.2237711815430465,0
0.2441437883139491,0
0.21282106690003136,0
0.17687264601692776,0
0.26037858073415354,0
0.388564202068632,0
0.564883715092132,1
0.914907234026818,1
0.7539865981857409,1
0.46035339540583614,1
0.1632859515882287,0
0.0726669053391766,0
0.02448926074672042,0
0.024734942232018546,0
0.03868411537828795,0
0.05741237971709811,0
0.026260363314878656,0
0.08464353904380989,0
0.09415795843510724,0
0.2758953945798309,0
0.1259764088860644,0
0.22312755406470414,0
0.1155439572698896,0
0.22252141052932048,0
0.19103937242883207,0
1.2033209289413322,1
0.22764962877963563,0
0.19171071068315493,0
0.13902165457005777,0
0.10828321969392378,0
0.22433291003493566,0
0.11938264483220438,0
0.13031686242996865,0
0.12688028694168643,0
0.11356453758603971,0
0.048926770620933556,0
0.20034526476753542,0
0.1427487678409146,0
0.05355906629355551,0
0.19412285029572,0
0.32177668532852916,0
0.3581997969356004,0
0.6261180867937758,1
0.2967204388769897,0
0.06510942952346668,0
0.09881281149973832,0
0.04238754536956171,0
0.035752404184523995,0
0.2075559017272338,0
0.21803739976885128,0
0.7312302136906126,1
0.6848575859110373,1
0.2420877049118429,0
0.072368135046895,0
0.14637685291635164,0
0.08824566704198446,0
0.08847124565219086,0
0.12366606127875425,0
0.13666827728484682,0
0.3478869791354825,0
0.20398012343167246,0
0.03584060034248735,0
0.05175406929325311,0
0.2649812743445423,0
0.17132442533301076,0
0.03304832375968647,0
0.021095286204923784,0
0.05864210008563572,0
0.07541237676844333,0
0.11343209204181749,0
0.08776963021416408,0
0.043674669831885525,0
0.0477218913027351,0
0.23378785738790794,0
0.4901821480116906,1
0.332355595891736,0
0.13958323575247691,0
0.10744774903566916,0
0.2567003851195702,0
0.4685290166608723,1
0.12361071231089465,0
0.27319825282866245,0
0.8279131843284688,1
0.46443991909418875,1
0.806330506754706,1
0.17026285813103711,0
0.9978033358744544,1
0.30810136367760854,0
0.0855601594530934,0
0.18801906461574447,0
0.21140816729834636,0
0.5134161739810641,1
0.2815375212706233,0
0.4228891272308485,0
0.4179566441738345,0
0.29651208529130246,0
0.2071889776507437,0
0.09112639978821294,0
0.3355584023144936,0
0.3252486056674954,0
0.12781963804576246,0
0.1449702408040206,0
0.025503385790176605,0
0.10245055114174759,0
0.0548839626609257,0
0.16309368056140525,0
0.13637644194957865,0
0.16402590718526686,0
0.1891625327636651,0
0.17438132280353522,0
0.15546790487529097,0
0.19012864536937882,0
0.10840899747050052,0
0.11915697467779576,0
0.14666603616957938,0
0.21902749991797452,0
0.21729354498245196,0
0.14049641012156983,0
0.13141078447264856,0
0.12390395161914657,0
0.07971795457032585,0
0.16756551180143295,0
0.1249990270767659,0
0.06445993542305933,0
0.14758812946272787,0
0.1331213192173647,0
0.08872482241796967,0
0.14025993963340636,0
0.05648997315165142,0
0.07194361770099489,0
0.03470953049180177,0
0.060343084838485925,0
0.030105056998705765,0
0.032437703897772174,0
0.14668754640512438,0
0.09125359226831894,0
0.10915642030916022,0
0.013436812499195787,0
0.07042004815517876,0
0.09898033416769723,0
0.15969187977827648,0
0.1312667084319528,0
0.13730177467738652,0
0.0851038960449796,0
0.05851848631553078,0
0.11655497147206839,0
0.04328430642801337,0
0.06805254987864892,0
0.20649966190274713,0
0.1138487512357142,0
0.13316869663793504,0
0.04769049163988156,0
0.13959257862456326,0
0.10340614791342422,0
0.1154579041041,0
0.5092719066207826,1
0.14762676647136191,0
0.13458678369860777,0
0.2086948265721812,0
0.09379089674873908,0
0.11696273251699638,0
0.1328666784662809,0
0.09852652630768403,0
0.04900963001576838,0
0.19983299107437952,0
0.15590919986413845,0
0.0797058453274561,0
0.07815606559241021,0
0.059558367972379914,0
0.047328185670951074,0
0.08527046399476114,0
0.05910650283954385,0
0.10146039753196234,0
0.06274237489062476,0
0.11715771050423486,0
0.12066010567511812,0
0.037616939220159025,0
0.06497419145466557,0
0.3426207748028857,0
0.07102127341034496,0
0.10860383234361252,0
0.10908011736934273,0
0.12446133920255005,0
0.12507764389646905,0
0.2210485351418635,0
0.12432667231567245,0
0.12373662804461504,0
0.04162132507082074,0
0.10006705523051908,0
0.01664173365203797,0
0.05198716929361792,0
0.0205599639860836,0
0.08189850178411127,0
0.04857406265033219,0
0.06446440123904593,0
0.1241112995583956,0
0.11890267949079665,0
0.16558706593343409,0
0.08714544671527497,0
0.11754613109488939,0
0.07743785151721759,0
0.11315113773805252,0
0.06317621113093162,0
0.22316458921094987,0
0.20180698988328533,0
0.028986781522819433,0
0.05287940613660858,0
0.1363286789120539,0
0.08026545997436808,0
0.07339276140657475,0
0.05532031941652381,0
0.09332224651972303,0
0.0698100693928754,0
0.15945325342351968,0
0.07773477380923217,0
0.07372523977910987,0
0.12489368013440254,0
0.03627080548848264,0
0.0774718829632908,0
0.04687442694657598,0
0.08070856184670111,0
0.28372777927992304,0
0.021014588659170816,0
0.07249960510560621,0
0.19308984609146987,0
0.1049694518050817,0
0.10206305476052589,0
0.16396744121629517,0
0.09513968649299999,0
0.10134429604708547,0
0.35772829919201654,0
0.126938785889653,0
0.09881051639523049,0
0.07429510973377487,0
0.14876883428639537,0
0.09580840852308968,0
0.06078945675353017,0
0.10943908347696096,0
0.04382048267526709,0
0.025962389178385066,0
0.07178437562070612,0
0.1458537683544736,0
0.034929686706811784,0
0.06628895194458859,0
0.05638952083674958,0
0.044080397974459194,0
0.06110697707098738,0
0.08066325291779082,0
0.09123267085242114,0
0.09684696711219652,0
0.09461610350722964,0
0.18065809124784943,0
0.21861296485993806,0
0.15507550342358795,0
0.12159369526897672,0
0.028315299354286172,0
0.024732463818746324,0
0.08344714409999401,0
0.16026631719993573,0
0.12241112291206183,0
0.07148661720558679,0
0.07767390341439716,0
0.09650363059757758,0
0.05871586179254156,0
0.05578262705313572,0
0.049390222947439416,0
0.09046395891907615,0
0.0356633553367174,0
0.07575075209493039,0
0.1218802807817022,0
0.17458638847659338,0
0.10426584956133987,0
0.0990793229241566,0
0.059199353444054935,0
0.026426711661557876,0
0.029183363186574808,0
0.052407812576504995,0
0.028909789423520824,0
0.1335140908681445,0
0.12686283525769476,0
0.16734158420155595,0
0.09606956809977615,0
0.15720655938692912,0
0.07692125546947536,0
0.044114262907052754,0
0.12528873332845988,0
0.058333763012460786,0
0.0640540354458449,0
0.041731561716075075,0
0.08506194015698654,0
0.04359124469637842,0
0.10155146922634577,0
0.11267689785797248,0
0.14044266342001024,0
0.09641056491737529,0
0.052566855699149734,0
0.038895113628547175,0
0.10190606408628128,0
0.10159822375608271,0
0.10960002966306222,0
0.44046975120424986,0
0.4431898593061771,0
0.3567072708271658,0
0.1304214811677661,0
0.14538300024195902,0
0.11622811086853915,0
0.1512058970565196,0
0.19855975859178313,0
0.11688479669449132,0
0.03974530801915423,0
0.010920472895141838,0
0.14610876016728583,0
0.06041173228676803,0
0.08771316631961762,0
0.17273988963701778,0
0.2518827291528223,0
0.3260202059097136,0
0.6522945176550702,1
0.6038287181886126,1
0.3335537442908568,0
0.20541913864549718,0
0.2127131490085511,0
0.5617450305572367,1
0.4588827764595669,1
0.37077800217804746,0
0.10367582938606344,0
0.13628642935710125,0
0.89414791728838,1
0.7521912376289184,1
0.6124891209935435,1
0.14752396539767423,0
0.05422789236933313,0
0.1048687481828787,0
0.08393272293293634,0
0.5132535483072967,1
0.060807172051855915,0
0.5038766969008156,1
0.05545745611182293,0
0.09110287077884274,0
0.4709789739545196,1
0.41209632611521535,0
0.3597659714931328,0
0.4212401215697479,0
0.4354008398871033,0
0.1115600050532091,0
0.22364851875331795,0
0.1508740862848951,0
0.22946619047455824,0
0.4684919570339818,1
0.44949309156099054,1
0.2356366554792509,0
0.22531231094790705,0
0.13857874196736314,0
0.17396406668428638,0
0.17903237841065972,0
0.17151066013850436,0
0.25904118857307773,0
0.7530601784508353,1
0.3098179017377537,0
0.3481364355277989,0
0.18510013096860264,0
0.8720547418061151,1
0.36377798279993695,0
0.24274797804712747,0
0.36638421149824324,0
0.16924581525944252,0
0.15724407625764686,0
0.08703046594923394,0
0.04542930819933663,0
0.14218961322088727,0
0.10322273653510147,0
0.2205060266671677,0
0.13906793597992598,0
0.28263233916308683,0
0.07238159286624159,0
0.13955582085160181,0
0.08202919637269726,0
0.22372353936557882,0
0.21850727348542912,0
0.03363802859642671,0
0.05711710478820921,0
0.1134133259947572,0
0.12070323557821203,0
0.0404151639042237,0
0.07573878755587217,0
0.07751125102420238,0
0.22135304867888514,0
0.1019287968317669,0
0.09888678237452672,0
0.07483374614836057,0
0.039286376774481456,0
0.033155876617024016,0
0.0929039538339426,0
0.03491334242613804,0
0.10638744784868917,0
0.04992288223301004,0
0.127166981667998,0
0.17618264846948467,0
0.08296659869370933,0
0.05418635264970052,0
0.12227260489004396,0
0.11273545058933677,0
0.1162168659722037,0
0.13650249310315893,0
0.13981982077288188,0
0.06150101690750838,0
0.048445251869239224,0
0.1141818200274858,0
0.0979153959854694,0
0.05582899897440134,0
0.08683584642949795,0
0.056766040654794965,0
0.10248874388346571,0
0.16346035479838272,0
0.7227246388995078,1
0.2550206822982388,0
0.14971046524068005,0
0.1100532901561558,0
0.11501840975402804,0
0.10087845968551289,0
0.15141087112086551,0
0.3284576016098287,0
0.22778822564514745,0
0.49443836598188834,1
0.5940389245141612,1
0.43828631633574494,0
0.18904837392849755,0
0.3652736086109082,0
0.5195840458979871,1
0.15100002461035142,0
0.1775470296466965,0
0.12306664941523814,0
0.18481182724042625,0
0.16060822138397293,0
0.2564640018295613,0
0.41197194297480866,0
0.1620676970494418,0
0.14585421132348528,0
0.42353968471352543,0
0.15621457688503623,0
0.22558313057117074,0
0.6316980508375513,1
0.4258030362166609,0
0.2259308477067739,0
0.2662441458989139,0
0.16001532227463888,0
0.29066243646517226,0
0.16920834887417163,0
0.20252462175112398,0
0.17577348838252002,0
0.18846701973145605,0
0.29711648458915657,0
0.12754866522659,0
0.2844345793748105,0
0.44653245072206554,1
0.18438145009089627,0
0.28637253092973386,0
0.24897538576694095,0
0.1988990998542886,0
0.3178668572703377,0
0.4107227147145394,0
0.17442324890089936,0
0.16656424176017579,0
0.1669596491118207,0
0.3478628280321433,0
0.4200614727665636,0
0.18741814180662278,0
0.12769598096272258,0
0.1712839661245668,0
0.14602513453553118,0
0.11014997255513775,0
0.12074310672392992,0
0.19792318679292867,0
0.19742576954096874,0
0.2567584344613003,0
0.28117994308644845,0
0.17805244479170612,0
0.26285338502101463,0
0.20177583718542005,0
0.15532206738892554,0
0.5549371328145453,1
0.12409094620672666,0
0.24392803127707732,0
0.1555891357145017,0
0.7465387461294716,1
0.47118199110599973,1
0.6956473185494182,1
0.5838825952678346,1
0.38070299779129985,0
0.527160737353791,1
0.37205341913237094,0
0.28338478274299167,0
0.4354690997431795,0
0.11099795899504421,0
0.0722733341235009,0
0.14947003551389387,0
0.36513109074475986,0
0.20945274579942025,0
0.20904464303495765,0
0.5205864434968194,1
0.11616374393838048,0
0.14926807208033105,0
0.09054096074422473,0
0.05872003398768763,0
0.32503134690098257,0
0.24139624567003443,0
0.05615803831740908,0
0.029932247173900892,0
0.22050269330018465,0
0.13131504667796273,0
0.1727982491638348,0
0.16323446561957738,0
0.34481555268036046,0
0.24375651277391908,0
0.13758486171143164,0
0.16411314496147655,0
0.20887772228876533,0
0.06767649623447985,0
0.11639717522429034,0
0.032481169998728215,0
0.09046542690566196,0
0.07920498025447843,0
0.19136755361430666,0
0.15477421658811483,0
0.1462362725825902,0
0.07843334084101916,0
0.03504870607640439,0
0.1419808113004504,0
0.2771673211316046,0
0.228042771159853,0
0.10955994229313328,0
0.16338450196874954,0
0.0685751181577927,0
0.0768143574535478,0
0.18516051973105482,0
0.16715948314248102,0
0.09303806097644139,0
0.14071800174574767,0
0.1379015720830058,0
0.09088966603784665,0
0.0641359621402247,0
0.023772871212440583,0
0.2423759749164228,0
0.07144384502187681,0
0.2418714614723001,0
0.23932546508261557,0
0.19981767486381627,0
0.06625557410558038,0
0.03753452484945572,0
0.05507187678935089,0
0.05944713097573666,0
0.086114437787782,0
0.46570149195861416,1
0.10255024407503299,0
0.034415807781547354,0
1.3805416894382545,1
0.19593993137683785,0
0.6006338240396291,1
0.17009706573939115,0
0.06264189962863895,0
0.03692770426079914,0
0.3870643633351826,0
0.30358547533605384,0
0.48535365318234436,1
0.17121062240686097,0
0.24598586465880543,0
0.619089453577415,1
0.19621843155598295,0
0.45261389303128075,1
0.23233585457174208,0
0.5039401922607715,1
0.1479039604995651,0
0.2051879752384617,0
0.019412963626002273,0
0.007047053271405142,0
0.17589570077260083,0
0.13624507002635852,0
0.35403290448698316,0
0.12144205650610866,0
0.22165666880384507,0
0.08571692789786699,0
0.04149240231193958,0
0.11193000189353734,0
0.4082235136413885,0
0.3480511838033404,0
0.060438106014378185,0
0.0627931405829654,0
0.017419994372156036,0
0.19112091311819618,0
0.05885336333334308,0
0.16238817612109113,0
0.1240736563448238,0
0.034883698834541635,0
0.00874633222731252,0
0.0912545125323657,0
0.18966623887951423,0
0.785995977064312,1
0.16824108813661579,0
0.11237170288351941,0
0.10954270413959248,0
0.3121746640229278,0
0.1544630784754428,0
0.0703292484582791,0
0.04489942196765349,0
0.14200054439225882,0
0.14922152415823647,0
0.16982874908683607,0
0.42854064944481357,0
0.21397894079985674,0
0.7097990067537927,1
0.469375684922491,1
0.0977114340548241,0
0.12207993208285134,0
0.2560932295973604,0
0.14114752985396983,0
0.1604128607436173,0
0.20693536066749338,0
0.4914364681024296,1
0.09197529954460673,0
0.13849390986322943,0
0.13602751337656482,0
0.105859007119189,0
0.08676988367345798,0
0.04042050537065508,0
0.03173572502526259,0
0.1636899457206262,0
0.04111249697573968,0
0.01572803405564548,0
0.12465281623630396,0
0.06928646000414121,0
0.5127466717181693,1
0.16494170211657502,0
0.08382120831245454,0
0.07469058116009283,0
0.01074619645524451,0
0.05901124751269114,0
0.11464795497615062,0
0.0840441076699173,0
0.14890897658108243,0
0.27299422547573926,0
0.0801048140040162,0
0.05611342614915174,0
0.08729971910129422,0
0.041173972739794826,0
0.6727515898987827,1
0.3371053274339745,0
0.18910064944245303,0
0.2466538411723409,0
0.06861835521361012,0
0.05134569815126858,0
0.4801935977411684,1
0.10154425074111036,0
0.24682233289052083,0
0.08814901407827805,0
0.050056277565338876,0
0.14359601874584937,0
0.1606972471253516,0
0.1008559851422317,0
0.6455314996566125,1
0.10645193833525493,0
0.0570073264030166,0
0.010934496764976813,0
0.04541643709196234,0
0.04200676498371236,0
0.013154780549950356,0
0.12193252538917743,0
0.05914140941055992,0
0.15626215385161768,0
0.15158418850044225,0
0.08884529907455231,0
0.17416448577596294,0
0.36709835716171224,0
0.13297907834833284,0
0.15834542206809454,0
0.06101587817959855,0
0.01759004556310134,0
0.18906805178003186,0
0.1809907367916985,0
0.4267687292173228,0
0.16658610190602277,0
0.0666984232773124,0
0.0702297181089521,0
0.08504026528482873,0
0.08906867234370826,0
0.13352405080456303,0
0.21425091083853787,0
0.042095898148975075,0
0.08421403606441702,0
0.07108029413959928,0
0.10191097969758513,0
0.09799386772554272,0
0.21764093547881372,0
0.20491389923629627,0
0.06384617507177025,0
0.06483606470798692,0
0.24040951076830291,0
0.11560487548955105,0
0.3407280425224736,0
0.08051490474591727,0
0.13419002981932,0
0.1196539610285654,0
0.11524490658516716,0
0.043590226316496956,0
0.12857842667126015,0
0.04635894752629133,0
0.11223598129004882,0
0.01683077599548665,0
0.025604697754284665,0
0.16827114527509027,0
0.08399555229027077,0
0.04994137058984885,0
0.2394836714535504,0
0.03343011016143745,0
0.06893425951998938,0
0.14409364713351636,0
0.09029513150651526,0
0.12111110392805761,0
0.16690154046491473,0
0.15368566171477718,0
0.09614907506887464,0
0.03901047604566876,0
0.09374951201821796,0
0.34314712607321257,0
0.1681585085521305,0
0.10725682516553493,0
0.03935383731725759,0
0.060559993862963,0
0.07691880425121675,0
0.23435920434759358,0
0.06691020939488922,0
0.033968175549495494,0
0.14763869094004078,0
0.11853896060508856,0
0.17017608331919415,0
0.0637250530501477,0
0.21161359586716133,0
0.47497533592865626,1
0.20160924027680338,0
0.44324689632650416,0
0.09603845339769433,0
0.08388783580891152,0
0.15123621255733802,0
0.03611372205456098,0
0.06687345306025863,0
0.10821306258956037,0
0.12469528557483468,0
0.15098708974835834,0
0.032536876096438426,0
0.12602601601527963,0
0.05730323886603084,0
0.07457947583023543,0
0.026215067720744927,0
0.13207009171655695,0
0.13266939646891313,0
0.5665603832840491,1
0.23091575145763385,0
0.10365796687776721,0
0.4248447561283462,0
0.06493746895822684,0
0.18873531746725652,0
0.22160381103719343,0
0.26028121163760337,0
0.08065875576090703,0
0.26096673123992986,0
0.1898735185625009,0
0.05597883693969671,0
0.08720759298649593,0
0.13049609142729854,0
0.26468523551939144,0
0.1684608125577773,0
0.03836380578768901,0
0.14356009551574003,0
0.2039958034551455,0
0.039585596009804117,0
0.01899713504086576,0
0.15690591647897617,0
0.1625246768634841,0
0.13132402947238467,0
0.11072545598501067,0
0.183585374772652,0
0.1697899533105467,0
0.09496415738846299,0
0.05062433671037361,0
0.033747382019333146,0
0.13158235126971485,0
1.1129421336977325,1
0.2207593893638865,0
0.0999713865587997,0
0.6768237785290275,1
0.25037895436537677,0
0.09375987212372555,0
0.10102847397319638,0
0.42068322999458874,0
0.7541950883855199,1
0.5425614452757271,1
0.4434932120217393,0
1.1204691465197743,1
0.17193559871097538,0
0.2922189929269245,0
0.08592397556245439,0
0.19130192787904268,0
0.1735476273235229,0
0.16599123962265183,0
0.1415745449036054,0
0.1275006317902289,0
0.157615437068687,0
0.11327029071475424,0
0.04618702002809774,0
0.4112157078246489,0
0.1487664778641908,0
0.18604940661411942,0
0.0660195804582808,0
0.26744754186869124,0
0.2752564025107032,0
0.1718407202434658,0
0.17488750316263016,0
0.12722218951376482,0
0.17748285603842684,0
0.0644912086742602,0
0.07162110113762218,0
0.0468199103420338,0
0.06117755547301278,0
0.6253781594327833,1
0.028154108081443682,0
0.10651536214198859,0
0.11345254182301028,0
0.2205024586354397,0
0.22628368406584334,0
0.05924612461125993,0
0.050591700224896875,0
0.07364937481114887,0
0.10273812846677985,0
0.06430889889634854,0
0.0381453296207752,0
0.1553491193252812,0
0.13502227752428772,0
0.2819608411618118,0
0.5590225973186368,1
0.17069683391245533,0
0.04793812376955777,0
0.14049749558528044,0
0.25899910419182126,0
0.12455766849552662,0
0.14100380197364457,0
0.20322894836666416,0
0.529463546918221,1
0.26688920794887444,0
0.2999564272795356,0
0.22184229944052478,0
0.41507076272789695,0
0.13594962258109852,0
0.09449740947751394,0
0.16203381532677877,0
0.0764905950367483,0
0.14044959426215958,0
0.3487477753452486,0
0.07083614479200688,0
0.062091332790564446,0
0.17801263511192555,0
0.14492967371967744,0
0.12500964367978454,0
0.3296534330774316,0
0.14707695070738233,0
0.10582884529858759,0
0.2683518816159858,0
0.07363252244491966,0
0.2574339728301513,0
0.1178193525667625,0
0.15389493001153784,0
0.18673153544509408,0
0.1910005184378751,0
0.14546172431176677,0
0.13373403028228395,0
0.32801216418790685,0
0.0503196023880105,0
0.14984647336102955,0
0.03753473237461888,0
0.12246985646265092,0
0.10239962238535223,0
0.3537395144102646,0
0.17600106071320656,0
0.06819319577573096,0
0.042350154016804246,0
0.07889647145307514,0
0.0775057270656582,0
0.1632580596467161,0
0.5875146381681378,1
0.7603693282448377,1
0.47609448290548223,1
0.1950048156168012,0
0.08996567931433642,0
0.24020448713581516,0
0.1518723973215189,0
0.13235777670283458,0
0.220836298662942,0
0.14258896909041965,0
0.4627825311453867,1
0.3754811873561136,0
0.08743007909964819,0
0.15824703652305913,0
0.20206521922045168,0
0.15673767176305603,0
0.10500187558213994,0
0.14979422143816723,0
0.09177012631271955,0
0.20524333739943762,0
0.3122746072616844,0
0.14711792593322973,0
0.1393379014998925,0
0.32304778756734415,0
0.32293203609107335,0
0.08102218276463084,0
0.166527448194757,0
0.6227077415570151,1
0.2826093146459743,0
0.33578456519787175,0
0.3138130691332838,0
0.15476118226344202,0
0.27160244472077566,0
0.10649803027376405,0
0.1333438709667351,0
0.11525945769769481,0
0.22021543632543975,0
0.18985351889849467,0
0.12627293288377697,0
0.2946633900065968,0
0.16567568831128573,0
0.038815722659144174,0
0.034147959977025605,0
0.28448121316913605,0
0.11581724911767351,0
0.21888035704234113,0
0.2897177693951885,0
0.03114196810025264,0
0.06925984665010529,0
0.04656261949624505,0
0.18071810888923057,0
0.07595126409057582,0
0.03593921219797294,0
0.028707363526651472,0
0.06143861932420475,0
0.04926684511817434,0
0.17807720217053877,0
0.1749318216232979,0
0.759482719303098,1
0.25436810172881985,0
0.19249387955233305,0
0.10246313514575185,0
0.25298767478057016,0
0.12540095916048566,0
0.13821279259135621,0
0.08513717272211029,0
0.062312513942811475,0
0.06454013780649277,0
0.023785464387390026,0
0.027728388214921726,0
0.04563961595246298,0
0.3609063054888869,0
0.07730951243135427,0
0.12190594235102623,0
0.12235583030257838,0
0.2040754887366574,0
0.1356751702031516,0
0.29484695181112447,0
0.3255391198541043,0
0.1316134673957454,0
0.07873523025881511,0
0.049624174224813786,0
0.21805512422231849,0
0.10325968645448318,0
0.05753462659255873,0
0.0825308601939134,0
0.2205903059691912,0
0.13366331816113666,0
0.05076747530104566,0
0.05789419811537469,0
0.13813790642262386,0
0.23163215344563218,0
0.20363980417993777,0
0.24576518219220783,0
0.2692925064343215,0
0.4436598862413467,0
1.6968605559887135,1
0.46294076233421283,1
0.04845402044502798,0
0.11128202467242662,0
0.4392756871891172,0
0.07052306894175189,0
0.08764819298857954,0
0.060492034075334294,0
0.14667846458650632,0
0.030993624296697237,0
0.20309196204538651,0
0.05596617358977007,0
0.14040558266311187,0
0.14768612457490696,0
0.3344290777107576,0
0.06748271334238153,0
0.045487854400120264,0
0.38733102105903505,0
0.12159123909517838,0
0.1109542493604327,0
0.22312005548439043,0
0.6351874777680441,1
0.1073301400879026,0
0.047515663525882657,0
0.02151627155097228,0
0.057889043468156584,0
0.1327645759017972,0
0.06578502431998891,0
0.04472001987747734,0
0.058247463937800295,0
0.06428839006135431,0
0.04449569019836819,0
0.06663419780420064,0
0.14548188622027095,0
0.0724906971855704,0
0.1266338625215749,0
0.23882893964976873,0
0.22654496202151694,0
0.417899472669575,0
0.1092810437775115,0
0.07580646262835293,0
0.0828302924607949,0
0.12463718618952795,0
0.432821936819441,0
0.3046123700770452,0
0.08085872111813086,0
0.060770772435681665,0
0.06480305545982058,0
0.21579605683412648,0
0.33290259065566047,0
0.05465918528286058,0
0.12494637803738831,0
0.06767921130049133,0
0.08809306116735921,0
0.11439419453667575,0
0.12764822998956646,0
0.10030288213532688,0
0.10133718843508624,0
0.07064901188663812,0
0.043892452016838876,0
0.13384607877700225,0
0.09898165945555389,0
0.05924466433989947,0
0.10737433776916598,0
0.05695571775285802,0
0.024397126205981796,0
0.05492031012022665,0
0.15104703340694994,0
0.0443150621273951,0
0.05948650890314789,0
0.014745476184547841,0
0.0489047789447924,0
0.23947530563380542,0
0.035746357629759966,0
0.042079136509151537,0
0.038614574874660336,0
0.2350971459351694,0
0.09323337401128357,0
0.3583102732241978,0
0.05510393548274522,0
0.17286633353277814,0
0.06644717998859838,0
0.31587374556782133,0
0.056324104291209515,0
0.11593267224726564,0
0.09158983334290674,0
0.1406086878759844,0
0.09550938084790489,0
0.1987775093052966,0
1.7683336130722211,1
0.4611999415225976,1
0.14871099808423338,0
0.10370802729102131,0
0.04285240313009581,0
0.10320066590833465,0
0.15896893763533665,0
0.1573685147715933,0
0.14003684034178088,0
0.16088976665637392,0
0.0323606860688355,0
0.036865276999964544,0
0.021365780735207403,0
0.02286312387775071,0
0.04538437930330951,0
0.013900136578421974,0
0.059090927285961756,0
0.09890988924827925,0
0.2677879910677962,0
0.18806537158633896,0
0.1889558822418743,0
0.17905761465169723,0
0.1020273312499009,0
0.04877926061169029,0
0.051705694250438715,0
0.0676313170723937,0
0.1285873567773844,0
0.1089641467694471,0
0.18263883783952542,0
0.06064830630522271,0
0.06812965353223817,0
0.08227701570187551,0
0.11780485501114828,0
0.08264829957065059,0
0.038609123728145,0
0.06240496559116174,0
0.051086794873392176,0
0.03486101172038019,0
0.1414313556710559,0
0.18964236424637296,0
0.021520600028093955,0
0.11890163918262697,0
0.09389788356610944,0
0.12627179833924618,0
0.1566007838474867,0
0.10401922706918008,0
0.1962479759213228,0
0.09481375092251956,0
0.09926349749344064,0
0.07145311212350572,0
0.07141151973353697,0
0.045222536362997105,0
0.33356395043211573,0
0.1460855673405695,0
0.10403263137374398,0
0.07394430657150348,0
0.20598055068301632,0
0.05283791185317455,0
0.024540984811928238,0
0.016824556008344833,0
0.06386566042408483,0
0.08628328996592764,0
0.10686745896985798,0
0.1969479322242225,0
0.03025218717958348,0
0.1812503155573698,0
0.11348078549906673,0
0.07989842784049438,0
0.10545444270011443,0
0.06511464900151018,0
0.11716725756067063,0
0.19422866519451118,0
0.08695897446285472,0
0.11265760565011422,0
0.25949110804808917,0
0.14446879632841897,0
0.0741744915574546,0
0.12525043920229625,0
0.05615666147273343,0
0.08392528905495783,0
0.08525417933832653,0
0.08759858708174334,0
0.036196771198963494,0
0.1705507823981401,0
0.05635089892157714,0
0.06951689480562248,0
0.20800230217145413,0
0.016431894466550148,0
0.02034011051186641,0
0.04708912941354386,0
0.15819008584066815,0
0.07232247216786786,0
0.052790939698085335,0
0.03985433726738559,0
0.12272545491944845,0
0.0352935951245026,0
0.023479182417722625,0
0.01924484775099564,0
0.04149631101596179,0
0.07086292234316752,0
0.05889381404913339,0
0.09864105993942227,0
0.040676830852945725,0
0.038697961254772435,0
0.07837034766009753,0
0.07789509867713086,0
0.13902240601321478,0
0.08316183748776776,0
0.07668762088151793,0
0.01958783302176475,0
0.07479509951325695,0
0.09043729855139399,0
0.222984596617259,0
0.2403850802940904,0
0.12990059957338576,0
0.11477544886970519,0
0.04896252468991623,0
0.025880008928449768,0
0.1755130217814053,0
0.050635292405726125,0
0.0582846161585773,0
0.21474209314654624,0
0.16586022155083383,0
0.03581163662006747,0
0.05332538551024828,0
0.14930547787658394,0
0.07833701189902285,0
0.13796066878803556,0
0.11699718076793099,0
0.05734714076604056,0
0.1525497527290121,0
0.02157832754744988,0
0.019731826673235177,0
0.029801186407434534,0
0.030583225361368836,0
0.06504053813961216,0
0.09176482714644728,0
0.07273737729534875,0
0.04748086243798874,0
0.12182919486180628,0
0.07591965299856676,0
0.144114397369202,0
0.07954260192644624,0
0.10950669848931767,0
1.1490293465000565,1
0.28404187478305837,0
0.14372316541317048,0
0.06383470685684679,0
0.15222465120462966,0
0.1892472183449336,0
0.1254579686645598,0
0.07789949877238,0
0.04633975739082489,0
0.15131189495183847,0
0.10737940420915632,0
0.06771692341562525,0
0.19960095617339485,0
0.2143719442568207,0
0.16541161578578484,0
0.07800730192378531,0
0.16118882758722658,0
0.10256623860409501,0
0.07544413161413886,0
0.4176770995666718,0
0.2640881593932923,0
0.05250465298142594,0
0.0249459258517243,0
0.14453272695822922,0
0.12468188036990341,0
0.2232842951168079,0
0.08714798656080683,0
0.053169672253316626,0
0.055954266918894505,0
0.029445380443899764,0
0.07072157643412132,0
0.12916588669433784,0
0.10858375889149958,0
0.1259248528349473,0
0.07506440301546932,0
0.04453421601415986,0
0.03230617202081302,0
0.054716526973403755,0
0.07827784292868528,0
0.06892452993390395,0
0.05264811937612595,0
0.060190139111981816,0
0.08665301450705322,0
0.2049986019327732,0
0.06324053648536469,0
0.06519919839296415,0
0.04055480169835721,0
0.29938759706325135,0
0.05434266378763275,0
0.014888676829834484,0
0.22778534473731,0
0.0508559751616243,0
0.07587717326037773,0
0.09830528836133069,0
0.07918891837303679,0
0.09514833984790746,0
0.09865745648065352,0
0.07470947583240281,0
0.14091979149131964,0
0.42216354345064655,0
0.3809052244129731,0
0.08795474946475226,0
0.05854323731111418,0
0.19365912559554016,0
0.08328981453332458,0
0.21336144128647766,0
0.0788314947650927,0
0.11054318474129143,0
0.0637511543979528,0
0.06841807105753622,0
0.04556579668973583,0
0.042286712363802784,0
0.025247152494056846,0
0.044775393930452996,0
0.05022073661399024,0
0.1090831317600335,0
0.07325568551710321,0
0.036980216598270825,0
0.040448631385270696,0
0.03031400269161302,0
0.02487436849848112,0
0.028747847029511796,0
0.2422158037951173,0
0.2435513004632763,0
0.08150863474900179,0
0.12161433100647596,0
0.09733543973989975,0
0.058601198175378136,0
0.0507933417550656,0
0.048351058829650566,0
0.11360762112261448,0
0.13109947391044532,0
0.3001235330298578,0
0.27638612489207154,0
0.0804073818173596,0
0.15809847768874194,0
0.1123754322063415,0
0.22085714147956645,0
0.12682061506723918,0
0.10531891397618044,0
0.23236868065926577,0
0.08193925321633065,0
0.19288335980859694,0
0.05045023317634439,0
0.11755635959409341,0
0.12914477416236736,0
0.22093727854906745,0
0.17664922945896544,0
0.147717085673531,0
0.32491854107565615,0
0.2904506955956242,0
0.1658786238741943,0
0.17874361779477388,0
0.17112302599751322,0
0.273341474226973,0
0.1801224639265803,0
0.4870150725105447,1
0.1759505725350637,0
0.37996861669336657,0
0.5246628765114809,1
0.29628944833513293,0
0.21864115436475026,0
0.3902522726372827,0
0.3507049784493546,0
0.18953163717156346,0
0.09985947360267894,0
0.14046949830454386,0
0.34811672780516845,0
0.22780117535434236,0
0.09480855464698547,0
0.10846755373634033,0
0.09001244136840808,0
0.06325920455430091,0
0.09020536646769256,0
0.2226810269049957,0
0.1221527775828341,0
0.07713928553704787,0
0.44253710736798363,0
0.2928312061679215,0
0.7337958693456287,1
0.3607900799791307,0
0.20274017658111368,0
0.2667894617902278,0
0.15566706823691417,0
0.07356649944754877,0
0.15485021635523216,0
0.09976152998849823,0
0.07184058896694115,0
0.10269485141704655,0
0.1730160067368237,0
0.24840221837866963,0
0.22705026483840307,0
0.5451418129658224,1
0.06452299498380346,0
0.08164344842089973,0
0.1780093500664717,0
0.14979522154285305,0
0.19053979181875963,0
0.11824090788753465,0
0.20722870663722187,0
0.1428611710881603,0
0.0707761829272149,0
0.05188467427010901,0
0.15027028789207952,0
0.10309789792258746,0
0.12156875623607835,0
0.1871558461585607,0
0.18165162045915217,0
0.1876044986051553,0
0.10317875733258149,0
0.16259544035160312,0
0.13501071283466695,0
0.07460415495144036,0
0.11021688387575243,0
0.07651234310372228,0
0.12933451046649747,0
0.28668371066184056,0
0.1864499141573449,0
0.2647433959776227,0
0.0665990621709382,0
0.036835616966026136,0
0.10655204180070448,0
0.16783257015830427,0
0.19111210005731072,0
0.08147830173017503,0
0.2433452517666269,0
0.2553941778695629,0
0.0965398627605773,0
0.23187092202048454,0
0.1765035550715362,0
0.15624701005350447,0
0.06806589162366285,0
0.14447215131020066,0
0.08837237097778688,0
0.2250964174751065,0
0.22794595652310348,0
0.6351818863848835,1
0.5821582545999786,1
0.1433481619156694,0
0.19627136175490467,0
0.24331887648045605,0
0.13697270570482653,0
0.05642745979769427,0
0.055667522360214564,0
0.16216789792407696,0
0.08420372193424708,0
0.0726166715511179,0
0.14701052473476478,0
0.11056679430607382,0
0.11700331070858913,0
0.10270479828652526,0
0.15971544276440833,0
0.16107382910498869,0
0.05465118504543629,0
0.40573023489799614,0
0.1151048660397221,0
0.07513283020991773,0
0.1982626372534539,0
0.12566064191819015,0
0.90642541340372,1
0.5484432426077477,1
0.723643752425928,1
0.3203577440529113,0
0.16987528468481242,0
0.13039169950349647,0
0.17989826383451513,0
0.14573606708946865,0
0.36865818759700636,0
0.3097437862617314,0
0.22644756004968308,0
0.2279600178267371,0
0.14998298445627142,0
0.2546698380671918,0
0.19418923089606543,0
0.35225321884736244,0
0.21625865854552656,0
0.05207452020162941,0
0.3316069587360881,0
0.14456569752394957,0
0.11382548031272738,0
0.05367104140187865,0
0.043456370809554105,0
0.2881910295063513,0
0.05906475417932062,0
0.19377694838091572,0
0.322203530665534,0
0.31195046981587776,0
0.26407488329788137,0
0.2575575081198468,0
0.08872494176058467,0
0.1250197439570155,0
0.19149858968863753,0
0.07701378453756424,0
0.2896422553442547,0
0.8044979689925877,1
0.18904389787547407,0
0.2102274680928239,0
0.22360398254695718,0
0.27950387289082135,0
0.332036560957789,0
0.2610216249837412,0
0.15138270635255852,0
0.21706693715364742,0
0.1152884319830311,0
0.09316149513677388,0
0.14762963031509455,0
0.1220888015757088,0
0.08543433426316624,0
0.1634379192687762,0
0.09893225003570254,0
0.03989736366811243,0
0.07437088914931328,0
0.0937070840904782,0
0.08354741800601095,0
0.27244384696468477,0
0.18144163586563522,0
0.08563968222658193,0
0.07749856008323351,0
0.046756980263432245,0
0.22476127403200294,0
0.08670262207958189,0
0.18185405010658623,0
0.07535963907411024,0
0.047916313575868154,0
0.1724084377941845,0
0.04814517521392665,0
0.043249215769185896,0
0.026657159579778985,0
0.10927637806839272,0
0.16081115708547966,0
0.15599794347319335,0
0.12903466500538485,0
0.0968748047030336,0
0.12460273589295125,0
0.13174799644450624,0
0.05937803999068987,0
0.18253866652128786,0
0.11570972800916425,0
0.09109509526194594,0
0.3031654733729032,0
0.11985259225031035,0
0.18085542132236124,0
0.11166735007545177,0
0.048332465636648274,0
0.19031783199318797,0
0.1734412749312183,0
0.1814799437521476,0
0.20530946112957968,0
0.40523410898056866,0
0.06760604986730663,0
0.16689467255453708,0
0.3941864266816452,0
0.07665905579079442,0
0.21885572945955473,0
0.25118694174882455,0
0.40353430217955283,0
0.08296896029980282,0
0.03698620222165059,0
0.08598772337151875,0
0.12043655003433976,0
0.13913590992686722,0
0.07776032448379383,0
0.03193628969715102,0
0.05074638368349095,0
0.22663053639847602,0
0.039128674423667846,0
0.037054112087247466,0
0.19455772904844468,0
0.10628176268306898,0
0.10489745686078696,0
0.1589992459290937,0
0.12879091437292697,0
0.10095534183832136,0
0.17166969759647407,0
0.17312083346513846,0
0.03634431643033631,0
0.10391108101816354,0
0.06601413252993954,0
0.057429042632652375,0
0.035806825199381574,0
0.06685205535700477,0
0.11090354314212983,0
0.056786677459122824,0
0.04914033439696065,0
0.04154700746749563,0
0.05621563560988795,0
0.04182083472923401,0
0.09380575936261853,0
0.1344461076515623,0
0.24843584462103557,0
0.13123897477529767,0
0.08440876542253921,0
0.07234564155448756,0
0.07278981135745434,0
0.15305119987146998,0
0.05806234070514028,0
0.02722078824428719,0
0.08492511444786952,0
0.08048377324989583,0
0.4139317818232397,0
0.03848187024002493,0
0.014760684990803035,0
0.04592121675658385,0
0.25161014025386697,0
0.183111186209664,0
0.055158999676987834,0
0.04630454217908322,0
0.10578412717028336,0
0.05789159262302591,0
0.21196509148608655,0
0.049711074338456875,0
0.19169982295981672,0
0.031251074333711534,0
0.08834877130382728,0
0.06999388465158425,0
0.04499266314536886,0
0.19717223746829934,0
0.13543967161300546,0
0.25739326532593965,0
0.17399402863344762,0
0.04563816244941196,0
0.1795593679075185,0
0.2463997513165497,0
0.21925754516651147,0
0.11296898603546193,0
0.13859111965090465,0
0.12024045066054093,0
0.12262631768639914,0
0.053921617967593996,0
0.02712615397128323,0
0.09831466936262354,0
0.07724330997766632,0
0.09850117459172834,0
0.08609342470556859,0
0.05658752136041008,0
0.15736972634421914,0
0.14785975158226652,0
0.1318963124142151,0
0.17913314465460978,0
0.15923966661097452,0
0.12499018359199264,0
0.038768859420426315,0
0.34592165536728336,0
0.29967440925139893,0
0.2778413114057861,0
0.24493263565341575,0
0.1145299431942798,0
0.030433637020558138,0
0.2459260967167816,0
0.0639171608940579,0
0.12892319120341098,0
0.18737882577594925,0
0.09037513154702147,0
0.18878751441613312,0
0.17934341877091275,0
0.2131302029298619,0
0.07960522425484381,0
0.10806933735237513,0
0.10078928420014509,0
0.17971862577432327,0
0.07213872048136795,0
0.3006030271661534,0
0.16152761233158805,0
0.11150957721455884,0
0.07040849062163594,0
0.4091099175499449,0
0.2598713061545998,0
0.17749880116467195,0
0.36635677013859463,0
0.05851974396534807,0
0.09290020658027112,0
0.13151264928535003,0
0.045436398671790404,0
0.13348757698561664,0
0.2406403647113849,0
0.12789255168315114,0
0.16547531383142955,0
0.8396405044615656,1
0.6243425890096612,1
17.14026974437447,1
0.6684451078866936,1
0.8725003646949668,1
0.1271672083984874,0
0.2616338517202154,0
0.09135653928234862,0
0.11800934390536695,0
0.40587186336967823,0
0.05354280391550927,0
0.29021447088721325,0
0.13436052308722957,0
0.29585227842535106,0
0.09426916323054403,0
0.45780680204325547,1
0.10269377428626887,0
0.187877865290866,0
0.20441189453929284,0
0.0825092847572478,0
0.14179509492613399,0
0.16613843458888025,0
0.08671636840199293,0
0.14896473826715914,0
0.4051938157010843,0
0.06685630083051744,0
0.09625184618346301,0
0.1285025912652941,0
0.1089241127501966,0
0.09903571152367857,0
0.09109332993062144,0
0.10247011474168975,0
0.05641905032112185,0
0.14990907036419088,0
0.044313503632923065,0
0.08100229928987931,0
0.11153467389235235,0
0.05623603458492707,0
0.060306101224239704,0
0.08162411308850846,0
0.06569921999863554,0
0.06645314107547126,0
0.08343122537615728,0
0.037377161659395135,0
0.04924720727682675,0
0.082010005907148,0
0.10524636280433132,0
0.044529758131675465,0
0.029030467318317175,0
0.07110928367550774,0
0.21032629855594184,0
0.2066076921519636,0
0.16715279937842728,0
0.0291808492181618,0
0.009548630111809087,0
0.05003109612865927,0
0.17807573697268925,0
0.16274827904083686,0
0.13320150237774128,0
0.14771733764370268,0
0.1562439614689822,0
0.08484719172230346,0
0.03847705407500903,0
0.015396383233617405,0
0.07631420060630305,0
0.08964049122999146,0
0.09524511698718162,0
0.2189366143152501,0
0.28399028973946716,0
0.3147048263832913,0
0.018790023445311974,0
0.03421981157227857,0
0.027479729522305776,0
0.05958696963507394,0
0.22511594945294047,0
0.14422040327497576,0
0.1343831559602186,0
0.08362292634096548,0
0.01942861086757143,0
0.21440528495423475,0
0.13444836682964095,0
0.24099741302598124,0
0.2366391063125328,0
0.1973161304379572,0
0.3713962733845816,0
0.15202221190597406,0
0.1686617608449899,0
0.24586682449299938,0
0.17293824533049348,0
0.13748761261101988,0
0.10897132346461902,0
0.12681952626210896,0
0.2353652789542431,0
0.08014673313804381,0
0.19191113336322638,0
0.02382662586112588,0
0.08473284040189943,0
0.036171070558689705,0
0.054602412552689855,0
0.14751779903796844,0
0.07647382893920772,0
0.04066862122879725,0
0.07422000098073801,0
0.09137874221437331,0
0.24018277755046866,0
0.11101946878438211,0
0.22091330580459856,0
0.17660562867426619,0
0.13197102522556645,0
0.08173657990841184,0
0.12372384496342985,0
0.07832309619480594,0
0.11245110151958894,0
0.02496175732612272,0
0.07706136265529456,0
0.05538489602686748,0
0.04179129038215825,0
0.12376383679289858,0
0.05290336865348277,0
0.16052952813003263,0
0.09776144712842566,0
0.1656046567325333,0
0.02898559260242826,0
0.16167138293633096,0
0.2043330277680645,0
0.1792004628150118,0
0.16865895773209783,0
0.1993108737250235,0
0.09751349729584786,0
0.06979587188155521,0
0.05508013101947414,0
0.05204237608602357,0
0.03439234921739217,0
0.15604137258069753,0
0.13326482747687327,0
0.3218351672650439,0
0.21929772375378714,0
0.233752478750877,0
0.13346662925026212,0
0.11499662107513058,0
0.1146999483773202,0
0.023294029392146906,0
0.09842444510699148,0
0.19178244385856252,0
0.10435142007608424,0
0.20166351159516197,0
0.13449076652103878,0
0.059839803039592,0
0.11728924242029018,0
0.10853481820469155,0
0.182961917364239,0
0.19599367586355135,0
0.15870703065024883,0
0.06630760502884007,0
0.07969239991089604,0
0.25352830875658283,0
0.19408597908121156,0
0.05834849536056008,0
0.06508538943800969,0
0.1296697700148741,0
0.129764005587944,0
0.02912450473839016,0
0.0281510106744319,0
0.055467402535795206,0
0.1388812111398217,0
0.16971248571818426,0
0.07912608191547955,0
0.0976006714743126,0
0.07764435632162603,0
0.08263077930285062,0
0.0524428125000386,0
0.05329841595897413,0
0.138515381471951,0
0.0959703947537404,0
0.05225318885554407,0
0.08896345867179968,0
0.18823003995062684,0
0.2772073538222571,0
0.16213174033420003,0
0.12780571991950118,0
0.11286448572708344,0
0.2175653304683402,0
0.33251281349361245,0
0.2070618147971202,0
0.19639506275792515,0
0.13221241078746884,0
0.07281085519383913,0
0.2151006967961721,0
0.2268055149796954,0
0.16907404557429784,0
0.36008309591543386,0
0.10621331059036206,0
0.16343387850368163,0
0.23422929865956335,0
0.1852905153826096,0
0.1884485456210348,0
0.4401355462779963,0
0.545048409848896,1
0.2971263222614893,0
0.06607175932940278,0
0.10332104935117213,0
0.05226417172674059,0
0.05858873081076202,0
0.13035585596653088,0
0.052409775786134156,0
0.1806409489155497,0
0.044888096792931605,0
0.09393720583098496,0
0.02732365853423742,0
0.14269833043305472,0
0.056786926646137714,0
0.08326291413266526,0
0.102179096482992,0
0.11658203523610466,0
0.08070161661488195,0
0.09349027397677037,0
0.10377900870689905,0
0.23898606632707775,0
0.0648068476383007,0
0.15169147739458214,0
0.06388853526982326,0
0.09058803160915012,0
0.13111569503373827,0
0.028532755271691305,0
0.09586938476016159,0
0.0930675894041061,0
0.022180669308872778,0
0.07063531341054241,0
0.14012779138316317,0
0.12660944809597097,0
0.15461661035344232,0
0.27128206512059727,0
0.1283523611558933,0
0.030726920534175296,0
0.11083440700041575,0
0.1575359648244935,0
0.17685989812980818,0
0.2538002682355727,0
0.28151230828112167,0
0.129587261473178,0
0.16112555413454963,0
0.11977255062699925,0
0.07692323148927481,0
0.06845383391187917,0
0.04181103413965094,0
0.1083567286909375,0
0.1151092232045709,0
0.11264257567796827,0
0.042097259108686544,0
0.08298907444040929,0
0.45300228821306127,1
0.1679734037329034,0
0.6896681632370983,1
0.23719148419953104,0
0.052164814322880546,0
0.02632105740917431,0
0.14889779946942638,0
0.04081126687861084,0
0.24088317647818905,0
0.1499891534757216,0
0.07251522786167683,0
0.16212108641665618,0
0.16735784132931453,0
0.43239442498723774,0
0.30764694430906636,0
0.12729710852681925,0
0.1309136869090531,0
0.17430134997777735,0
0.3609780761567183,0
0.14531352647635326,0
0.3430154387137224,0
0.18778440220432058,0
0.08044014548445304,0
0.09558789117955539,0
0.08194689771587699,0
0.10001368472912192,0
0.16295098388426768,0
0.04996629493249949,0
0.1393363045897858,0
0.1190471691460894,0
0.32931494057646576,0
0.4260471737322773,0
0.09947528395943747,0
0.04910571953944239,0
0.12097865573898978,0
0.10784080399948623,0
0.15048558617637944,0
0.09480094592869426,0
0.07022819441770653,0
0.14842462596053896,0
0.08113777473675807,0
0.32559498219513855,0
0.11769455952744964,0
0.05994289118817106,0
0.23343023076809907,0
0.09724284024737197,0
0.13398120878445322,0
0.06390222098202039,0
0.08847206084639715,0
0.06785463381690757,0
0.05287754049787341,0
0.034422785736369206,0
0.09941513897145532,0
0.10208971028533224,0
0.23186140140484587,0
0.14074836084053452,0
0.07691893033849449,0
0.17665617421643082,0
0.1454583310898817,0
0.10722415337507157,0
0.09399367367552738,0
0.10502145368219883,0
0.1794465482588617,0
0.10192520101589271,0
0.029190147619942833,0
0.06289157319615403,0
0.16021166626062447,0
0.08313360966226306,0
0.12876359736489665,0
0.08884663870093737,0
0.11732366477308528,0
0.08262963612964459,0
0.13970791617611206,0
0.05655881181720711,0
0.25634672361976896,0
0.0940403070073777,0
0.14519801355219938,0
0.03159378074386883,0
0.10570578733060479,0
0.030467232297355897,0
0.02738425390664485,0
0.08598736456752917,0
0.025040823779495396,0
0.12233107757728715,0
0.10693951541753904,0
0.10850993587666267,0
0.11038905407848705,0
0.04542601118739041,0
0.11030729827113503,0
0.15188554648895458,0
0.09753726681174543,0
0.12383592933715253,0
0.10367598283624706,0
0.05042239832678501,0
0.05163106998172235,0
0.1296212253033287,0
0.07442897463906033,0
0.13511503865914054,0
0.07419780392739546,0
0.018686074512076274,0
0.34280416319378015,0
0.2387433199798084,0
0.46220015761546845,1
0.21590904813836462,0
0.1224514083056006,0
0.0789378490019547,0
0.08277885701500651,0
0.05360847438427459,0
0.06726960223685984,0
0.3226372083093187,0
0.18979092124253452,0
0.17729687416457235,0
0.12003292214199376,0
0.04382369691407432,0
0.12301414114718966,0
0.014116198889328486,0
0.053889342843874935,0
0.1164126286080549,0
0.20381227809776145,0
0.08590627049350659,0
0.27219779305211633,0
0.08060641784826338,0
0.016891163435569755,0
0.11532006035554844,0
0.04245923079149087,0
0.07851471821597977,0
0.09338616986247501,0
0.04578689533536286,0
0.055946559516290614,0
0.06464823601047949,0
0.08921540400563926,0
0.13450979510869798,0
0.2160510590660848,0
0.07603263646179577,0
0.06543489628161797,0
0.49450138359624085,1
0.047831005483366384,0
0.16289376905668987,0
0.05628505249993968,0
0.13486291756206656,0
0.06507828083424674,0
0.06314558001490714,0
0.018666815701988377,0
0.05440094801379616,0
0.19041572263590376,0
0.05681885317287669,0
0.11423140804517626,0
0.2601310289578653,0
0.26070456998199515,0
0.17665004651980323,0
0.2599107231245158,0
0.08691251887031273,0
0.15354886098439932,0
0.19787308817448487,0
0.11760118346397169,0
0.3702347436629504,0
0.17445780776641093,0
0.04998305703017191,0
0.3622621338923755,0
0.07909661225491832,0
0.24605438555431622,0
0.011107975042275677,0
0.05591813476365148,0
0.04137362224259224,0
0.13040919097212045,0
0.11216885880983064,0
0.3494532036277379,0
0.22967276615426854,0
0.5267995263548565,1
0.32680067626200054,0
0.19686362141520375,0
0.10014688950051828,0
0.09693856195792327,0
0.048032463497220915,0
0.03486437417799415,0
0.13741130231657728,0
0.08818607218532125,0
0.04688008188280032,0
0.012199487942387914,0
0.024426925154485975,0
0.04484371978161386,0
0.08667658428056126,0
0.07499700369564682,0
0.2483973119774662,0
0.08447125451922763,0
0.1456942251463427,0
0.13388190267203812,0
0.17075275782585753,0
0.05841806679369703,0
0.1400550829225648,0
0.11757444641689402,0
0.44183442495440206,0
0.07905202833185548,0
0.1305310901706615,0
0.1047947012516148,0
0.1451391590782406,0
0.11854235224404289,0
0.07413910905416854,0
0.1075106540730992,0
0.044273618317378215,0
0.10430467241455275,0
0.141008292467392,0
0.06884527733126287,0
0.1595263134781269,0
0.22647273203156942,0
0.09532574579723405,0
0.0658803803764322,0
0.037382575145857404,0
0.03700721687762402,0
0.11744005341779037,0
0.06376305242260176,0
0.08942030087119024,0
0.05859935087722724,0
0.10293038067720547,0
0.0952009537357819,0
0.14475728370570853,0
0.12230422943111728,0
0.23372707032210463,0
0.3221898807878096,0
0.6173370951798535,1
0.2615194113381744,0
0.11863182978098918,0
0.2591251413129578,0
0.1991456629252281,0
0.26637780544405115,0
0.2810061911910984,0
0.1088832262577362,0
0.1959727383490558,0
0.1898168909395898,0
0.11369314133806893,0
0.1324779596123632,0
0.10382848407513684,0
0.13680127114524224,0
0.1072502954626642,0
0.1457309458135698,0
0.10521505618749297,0
0.054043081576847445,0
0.17303267352433538,0
0.08804855834031904,0
0.3177690422831647,0
0.17047116132477935,0
0.2236123994046294,0
0.15631630881776828,0
0.13974387800037885,0
0.06579640157783453,0
0.03883391579849408,0
0.056755558473483875,0
0.07670514326611727,0
0.08878007850156495,0
0.08760401089526423,0
0.056768384085957406,0
0.30090447402385495,0
0.21548886854830596,0
0.14732373765322146,0
0.19838178442757345,0
0.2060290009866717,0
0.10369283417327875,0
0.09336510118468243,0
0.023284808378383447,0
0.03458184717414498,0
0.16064784367266452,0
0.07445493553422904,0
0.03770117044164509,0
0.055495257158568255,0
0.05130525136990853,0
0.03150492611112719,0
0.09667558499065688,0
0.029311054088037445,0
0.02481199840204666,0
0.16364237339474014,0
0.11724748294621835,0
0.14133527526429418,0
0.16165741444997153,0
0.15112682137920702,0
0.02915148040273379,0
0.019989146008169215,0
0.026919037590719213,0
0.041812899004274554,0
0.09158026149980515,0
0.03761440878127024,0
0.06507694595594452,0
0.09613299785846952,0
0.1855972211754232,0
0.17272022919267033,0
0.126202643736232,0
0.0850964876263586,0
0.24617388180186842,0
0.14041352789846587,0
0.18843286429890518,0
0.1612489090131463,0
0.09255117135233235,0
0.2642791165204726,0
0.17869101793006587,0
0.21180744681909702,0
0.10917940779063094,0
0.14685837386076558,0
0.06252629648546992,0
0.057519597577998356,0
0.06091191122808208,0
0.17378847432269298,0
0.14001334483388703,0
0.3067762517539894,0
0.19076017253223151,0
0.22860692638337804,0
0.16586145746796416,0
0.2305160410643869,0
0.16997569050906935,0
0.05440425208117079,0
0.12978615854368816,0
0.10252874372327031,0
0.10309806841786859,0
0.31795386194549996,0
0.17521786364605296,0
0.41149400808225445,0
0.12373557839854592,0
0.20795662140716226,0
0.1261864181720098,0
0.011501136146246699,0
0.049560742564840034,0
0.1386258120865196,0
0.0962596928890302,0
0.04366007359661565,0
0.1080303273913318,0
0.06724159192946973,0
0.04015435664084091,0
0.04746522042072191,0
0.06564097415297634,0
0.09229296745822066,0
0.1113503980234061,0
0.068048722690179,0
0.04753510236920726,0
0.3588033072867554,0
0.14724356083861212,0
0.24687606120909497,0
0.18877564768564373,0
0.0870458050110345,0
0.06904399210808917,0
0.27694684215988785,0
0.06354968640339403,0
0.22496409894550798,0
0.5707623845346083,1
0.13260858894743405,0
0.026225732942743562,0
0.18222963406732337,0
0.17560705948525498,0
0.19013540558035633,0
0.20711023090583006,0
0.1654249475490456,0
0.10766664846046278,0
0.06252344885379996,0
0.07324889297804812,0
0.07100490806175319,0
0.028394344338052036,0
0.048303724297509384,0
0.0879920300083554,0
0.021343055656593255,0
0.07389203984844679,0
0.26992722106824935,0
0.17111218423171867,0
0.2732966504260758,0
0.24738371653669447,0
0.16110850952433695,0
0.048640994400043956,0
0.1496399357388788,0
0.06607449638187032,0
0.03713592316549279,0
0.013462426077881787,0
0.06576635736557805,0
0.18860497449516928,0
0.13310571207876823,0
0.03999148246706765,0
0.047542158501577614,0
0.2954687366081096,0
0.26506208110097335,0
0.40922544257114546,0
0.1435299646545083,0
0.4185326223973906,0
0.13857051993585934,0
0.23921869195632584,0
0.1578570941511311,0
0.13902766881773748,0
0.20021846512036628,0
0.14996213366743338,0
0.12668789785421503,0
0.05273248014599421,0
0.06854231539889562,0
0.1279545766843712,0
0.07809806240179996,0
0.14268710297336185,0
0.049723760227592936,0
0.0709291869138164,0
0.10726962470108718,0
0.08407987795482083,0
0.04213402525181841,0
0.44258455938413743,0
0.4350541583129729,0
0.08501840508595557,0
0.05217067364956217,0
0.140141816536464,0
0.08420587809857318,0
0.01844434428702318,0
0.12372006961068864,0
0.08035324034135455,0
0.3178369749285845,0
0.16221574128674465,0
0.05061514038495652,0
0.08552201939722597,0
0.06957080016068867,0
0.10035772984933224,0
0.052700385365612536,0
0.09182271904106788,0
0.13255209809111326,0
0.07006708271205486,0
0.19703399862417292,0
0.21904049219831234,0
0.05134410457769498,0
0.06751437086803441,0
0.02483958576251129,0
0.11619447106156013,0
0.07788205639695131,0
0.2759738300605734,0
1.3445997790123285,1
0.35055678923556655,0
0.16040050537615688,0
0.06997856508867017,0
0.11586315693073447,0
0.2992326767962844,0
0.14619455968533612,0
0.24118578494265025,0
0.12584681824268337,0
0.11839994846808828,0
0.2120376451878442,0
0.0798651998679568,0
0.09231447467879647,0
0.06526058826867909,0
0.05541746986805651,0
0.48690801745009465,1
0.1523704927579893,0
0.14356643685952983,0
0.01653347482330224,0
0.06433520800389608,0
0.020074384040404226,0
0.0286262564046748,0
0.04520991539211706,0
0.1296260966851399,0
0.020398490311904452,0
0.02300282145994488,0
0.15514983031149432,0
0.05822369881202457,0
0.09785492149978124,0
0.14249176569160102,0
0.06818781351218044,0
0.26695815568687986,0
0.3631716100438013,0
0.08770808230044008,0
0.05143086668068112,0
0.07606944582875558,0
0.05464316632667687,0
0.1593573470456041,0
0.07115009772348566,0
0.29032127862725704,0
0.16969378877541394,0
0.0657977139998205,0
0.10592788540214601,0
0.031313524979901884,0
0.023400815159179536,0
0.08088500646021952,0
0.14789401854732148,0
0.10729524108961716,0
0.1634728863311512,0
0.05678698976560692,0
0.22926997219310508,0
0.2712765706555143,0
0.31575837057063333,0
0.14778343695976306,0
0.04545411624913677,0
0.12519916876206952,0
0.16138618322000825,0
0.12330988480704534,0
0.17959457192837516,0
0.13729881656734763,0
0.16300175861364952,0
0.116183456741003,0
0.06476392855813733,0
0.14561814430913794,0
0.15006595756618094,0
0.1291715668952114,0
0.0951179134231253,0
0.10802479139720013,0
0.23762256568464374,0
0.1974483317158669,0
0.3728732819733989,0
0.19256736008066927,0
0.10568371170528151,0
0.05965101690966361,0
0.07005440374792764,0
0.12048926497351364,0
0.08543688875072701,0
0.0881114261774106,0
0.03138138616229256,0
0.11720589163060541,0
0.14039245146120993,0
0.08701559781925484,0
0.029592377144576985,0
0.08918950583661428,0
0.15792200487837035,0
0.04371045096356208,0
0.20993407715853965,0
0.43609280869158773,0
0.15425098964191017,0
0.2057102920538981,0
0.18201636187643702,0
0.029483062047256647,0
0.1551814766274974,0
0.03157386937767821,0
0.032225364311449345,0
0.13106833424772898,0
0.14798996736738113,0
0.13413425986588348,0
0.2042726728536312,0
0.1944893397401733,0
0.10550292960166434,0
0.05213390366198473,0
0.13288363806340495,0
0.16971994314479946,0
0.21584210307253796,0
0.1886556427829877,0
0.017049497449198238,0
0.041003803925132455,0
0.14190457772079784,0
0.26674865973693834,0
0.1417542953304781,0
0.3396664389476356,0
0.28130333340580704,0
0.057680687325945765,0
0.03331156684727813,0
0.062054025372140977,0
0.12601450588453564,0
0.09681560257189242,0
0.10625875217822497,0
0.11223946806373823,0
0.11798425038681208,0
0.00982922106948863,0
0.060770186138855715,0
0.1170449996987096,0
0.13882090978695458,0
0.07283831208441528,0
0.30159586763184004,0
0.21475692515575479,0
0.2151671109354275,0
0.13557778280719715,0
0.06655655673907855,0
0.20452746413324707,0
0.1800629405909956,0
0.4794170401870034,1
0.030958614009696586,0
0.07193777841213515,0
0.11007615709924243,0
0.4453887877478442,1
0.1608141905615928,0
0.1348536718328525,0
0.11592162929666652,0
0.051826409282944935,0
0.19158312706930183,0
0.12045369262760969,0
0.48180600233907356,1
0.20068357988089636,0
0.3079472227862669,0
0.13182899444692242,0
0.04716843430457644,0
0.017738924159925864,0
0.02831684280486352,0
0.20177622676135815,0
0.08445164214258255,0
0.0684962434979223,0
0.014245558675065476,0
0.028896479819228906,0
0.1845734782648313,0
0.16150630866441507,0
0.4040097100654924,0
0.2520758856040598,0
0.24363757994705063,0
0.17587470062842278,0
0.19421870056006343,0
0.3458220483822447,0
0.2511755794329852,0
0.32208596059592715,0
0.083137268009918,0
0.22309701201952942,0
0.24057398954249104,0
0.11794988335409431,0
0.3109333615842487,0
0.15604363835018858,0
0.13481574011379166,0
0.19481101286172625,0
0.19766469383903934,0
0.16070661284766807,0
0.17459816713757126,0
0.19318481441746363,0
0.07197867187427529,0
0.08427593320984014,0
0.07810064464885302,0
0.07631169835928044,0
0.19489314230052115,0
0.05203570053648962,0
0.1138584322093184,0
0.08952890033292285,0
0.22723223533515852,0
0.12036055713114883,0
0.12151214616101998,0
0.2461805957058691,0
0.2619545224683816,0
0.31424860186371695,0
0.18319065272448762,0
0.05944435734183292,0
0.06692814765987083,0
0.0655083526777805,0
0.045047136376313864,0
0.11980376061208084,0
0.11225150174885899,0
0.07699660677526517,0
0.0966044146444569,0
0.0319778478536778,0
0.10897952975497295,0
0.12733602028337185,0
0.3112656546500301,0
0.38965713824689086,0
0.09293010949021367,0
0.08426675469392082,0
0.38084473611983966,0
0.2321128588407193,0
0.0818068751783854,0
0.03824142396129595,0
0.03873020268678778,0
0.08949640228432462,0
0.02836070048541278,0
0.24411517603570682,0
0.08676390388360802,0
0.17050437850205705,0
0.2496998965775423,0
0.0862003215973426,0
0.10938799973104125,0
0.09910966971245266,0
0.15826401929851167,0
0.4185149176225027,0
0.1814187324703577,0
0.0972400965037079,0
0.0988937085455718,0
0.058117703634531524,0
0.1008533048381174,0
0.13153887123836908,0
0.14118650537811833,0
0.100933245081763,0
0.09126531473532719,0
0.02535194681908982,0
0.07976018760289356,0
0.07811406291807149,0
0.07121350725912579,0
0.06359593374075141,0
0.05053172117381597,0
0.09677818589178652,0
0.13053270035473283,0
0.13854595889756735,0
0.07067109557174459,0
0.4844168479471523,1
0.05718160533082595,0
0.14007895654781058,0
0.07828909581651718,0
0.04134641306786719,0
0.1435484120873874,0
0.05222543922934787,0
0.05254343907645204,0
0.06946257384335469,0
0.08620616622906356,0
0.17537858615880358,0
0.2646065461453075,0
0.09091019307087093,0
0.048338922707820496,0
0.07849104843972346,0
0.16891245445193356,0
0.1479004727108618,0
0.20587075816833594,0
0.11662129452339075,0
0.21428746728686174,0
0.09354310755741352,0
0.035865694604226374,0
0.07750420863031507,0
0.23454438047818188,0
0.2123793154786059,0
0.07679568822390515,0
0.01910835984707419,0
0.062328884021029034,0
0.1432524617331049,0
0.07862026432921923,0
0.3028605408057174,0
0.19763027091563953,0
0.16719926739239002,0
0.05416106201678699,0
0.3028386355884866,0
0.10740123340326582,0
0.08830159851376397,0
0.11309978929154713,0
0.02533340090119286,0
0.5278504399274028,1
0.0842718117771024,0
0.294127593717195,0
0.19178602473612721,0
0.10732840861254297,0
0.03158790311605626,0
0.06795625781005425,0
0.10318083035289309,0
0.08679126096719282,0
0.028183979026784437,0
0.19792079679154767,0
0.3050062891088571,0
0.22305933896073327,0
0.25345126199107865,0
0.06406357210246322,0
0.057807738859031746,0
0.12839438060124042,0
0.042392700165579646,0
0.09203665148832657,0
0.051653437896432855,0
0.028612432511974605,0
0.023772320110597694,0
0.05395358283524901,0
0.11397992637825453,0
0.14617766348236158,0
0.1534427472779873,0
0.12477763754757677,0
0.1877104482005539,0
0.1770620725466891,0
0.2808984026841727,0
0.13909721165830105,0
0.2355721637479967,0
0.33267673593186536,0
0.21694362255663346,0
0.14924823532732928,0
0.11793283104413953,0
0.8881551902308966,1
0.3209850639568017,0
0.26835333994390087,0
0.1432957162822658,0
0.15909426321790188,0
0.14110761238483288,0
0.13533257230875811,0
0.1459924908856287,0
0.21237649138746398,0
0.09866225133726379,0
0.11621052166002535,0
0.08429862193254388,0
0.2686409563746767,0
0.05832729530341134,0
0.13192338388831143,0
0.21082595911435073,0
0.17472732391849896,0
0.29382336606896364,0
0.09870179323204196,0
0.18876170092128947,0
0.30114346710228285,0
0.3211054748589524,0
0.4310391153486784,0
0.44396794870711387,0
0.10390553161589418,0
0.19288041062675765,0
0.17871808850186807,0
0.16708200704193263,0
0.16941090547107587,0
0.13426706610777484,0
0.2606809197200165,0
0.1370184884229519,0
0.11118617270122352,0
0.1337966330580294,0
0.051010198509014414,0
0.056793375160358525,0
0.12066261343266056,0
0.07568902007896906,0
0.030025033948731798,0
0.053070547330706444,0
0.07513933788783603,0
0.1748806234546434,0
0.1808705967592261,0
0.12208508611979309,0
0.2164950846308054,0
0.22832505724184,0
0.1636170538082353,0
0.14483459141671354,0
0.12478818296035285,0
0.07036571885348554,0
0.16661353717058483,0
0.14089920770959072,0
0.09576138941757192,0
0.05159139000521807,0
0.1548439607754632,0
0.20976723713640555,0
0.1770123472109394,0
0.23529042531749755,0
0.2621904642001106,0
0.16970752030774422,0
0.37901370740918344,0
0.10313407253823573,0
0.1322730120755742,0
0.06621935384470361,0
0.06188434726997654,0
0.10790820027975152,0
0.0729680590778265,0
0.17394350466640632,0
0.0824240530553843,0
0.045206170721259,0
0.07617216002418689,0
0.08871857662730522,0
0.13722767464779104,0
0.22170926445116643,0
0.07587813845198932,0
0.09424879116596394,0
0.18501761968680208,0
0.24051204579878818,0
0.11307097742098221,0
0.07553871389904337,0
0.0806694265774503,0
0.3351004012355737,0
0.2283610315183755,0
0.22095230558147883,0
0.20222950898477504,0
0.11268277471202426,0
0.09022340236385872,0
0.18715661321326696,0
0.0622430373786389,0
0.2319721832332083,0
0.17732265946156645,0
0.10304511484072763,0
0.10722287328062928,0
0.2298446234042686,0
0.1523972282376459,0
0.5808849685227563,1
0.0072236674988190855,0
0.02798011426290473,0
0.1324455653246996,0
0.031114635474080735,0
0.0486563283482535,0
0.1010687460422224,0
0.18162949789164118,0
0.03313780294861998,0
0.04728011870163906,0
0.08121997228586336,0
0.05186753001576715,0
0.32394429681247927,0
0.2821520032175377,0
0.12225285882940287,0
0.11082473734719463,0
0.09703204012472993,0
0.07442736020797143,0
0.16905749500183073,0
0.16983820973507027,0
0.12703738262099418,0
0.08746634487323082,0
0.053701149173925496,0
0.1723882087048328,0
0.08046887724085056,0
0.049889817978292346,0
0.06304862318489571,0
0.045498032441514756,0
0.11248871757418309,0
0.20380268019036005,0
0.15844194948878382,0
0.1821024068377493,0
0.08989448581016478,0
0.10733953527941908,0
0.052120264730215665,0
0.034348199464120675,0
0.2534695185265413,0
0.2101876806567691,0
0.12022441318086691,0
0.09393131692102148,0
0.29898618177113756,0
0.2964448629421861,0
0.19310828148626158,0
0.05798724873882299,0
0.06631847344784976,0
0.2358694243769893,0
0.07679708600229448,0
0.20907627298565726,0
0.36676374315515636,0
0.25395869725937226,0
0.16946270397091384,0
0.053514171403980196,0
0.17622239094694298,0
0.23768055279300804,0
0.2851429454101151,0
0.13870032165989513,0
0.15114976145659983,0
0.19087721037619063,0
0.23430248825202288,0
0.045811527225599356,0
0.07230568274813155,0
0.21858761592616846,0
0.13955714119308357,0
0.20051639079353478,0
0.13023891315788477,0
0.08862803075474088,0
0.20694903443242632,0
0.18149043535736395,0
0.14145059198356763,0
0.04978466013130135,0
0.19057251811636905,0
0.15703226266469492,0
0.06730673517416491,0
0.13755426244953242,0
0.10406185808128407,0
0.07952595088709513,0
0.12957655921020453,0
0.04586000626136048,0
0.7057791023265895,1
0.5468106100111819,1
0.16413733833877267,0
0.1095723150553641,0
0.2739901253555207,0
0.21978271687663634,0
0.11361893446039345,0
0.08636920728288873,0
0.04228983669483822,0
0.05980269239496861,0
0.07515384395783628,0
0.1797220523635114,0
0.3532978802980599,0
0.32499376700856486,0
0.03665341685472224,0
0.18221217535954773,0
0.09863871690330045,0
0.12019057725162982,0
0.07519109768818218,0
0.1599227685054565,0
0.05440041860588151,0
0.15315899575035002,0
0.07888053929556088,0
0.0805745113904732,0
0.11050710250807212,0
0.1301291371359584,0
0.06000695667831938,0
0.041286837813312216,0
0.587009558844551,1
0.026672643839225216,0
0.04897679176770291,0
0.1236438480120897,0
0.17905377868532923,0
0.1297831433657461,0
0.11623909015743066,0
0.1773876653115568,0
0.11185118117410538,0
0.21057357873553126,0
0.05539975373216106,0
0.018225464487811194,0
0.02313135160037687,0
0.1424647051136386,0
0.137518960353974,0
0.17269325627878757,0
0.11591703170780981,0
0.09263858309191177,0
0.047000570244532004,0
0.08239187339042196,0
0.18023329048834538,0
0.02151580144344688,0
0.07549626028867779,0
0.24321464669739698,0
0.42660609677524836,0
0.4388344555831293,0
0.09644507574721395,0
0.01929086048110868,0
0.18855102195613682,0
0.03432864405860943,0
0.15407859862573162,0
0.07630759780621375,0
0.04659948288811079,0
0.01568122654373069,0
0.009342574115377993,0
0.07340843920043873,0
0.06954918421441218,0
0.033842043837671504,0
0.27004249012348774,0
0.04495181272109463,0
0.03331706653377416,0
0.12640398749114387,0
0.09776851766327262,0
0.10631758934389464,0
0.454883981041441,1
0.13919502677168874,0
0.2939894896531712,0
0.15343526245709874,0
0.12486388383783299,0
0.13637593305625711,0
0.03869061716131257,0
0.06512888138534505,0
0.13837820138681967,0
0.07739103465587703,0
0.15000719810021462,0
0.09458547141033029,0
0.33303766167094,0
0.1933027749636292,0
0.3487523938615544,0
0.2696451642119319,0
0.20356651100579742,0
0.04669093996159271,0
0.11400963213297553,0
0.16061066246346328,0
0.13135989030277376,0
0.184511605059166,0
0.042544322083468415,0
0.109501798762135,0
0.2106975015652418,0
0.20735388291269538,0
0.08767758956256239,0
0.0554528985529251,0
0.026860566494190125,0
0.19422979327136422,0
0.1821248566504147,0
0.06492495832289925,0
0.20528173746699624,0
0.17918764216648153,0
0.200218605305117,0
0.1639348764457868,0
0.09035590489696857,0
0.15202912984934075,0
0.26361220351380943,0
0.5188738904671847,1
0.5307357380280053,1
0.16178831792135842,0
0.06278174870675156,0
0.039209852491446644,0
0.16799482937465754,0
0.03483498611824894,0
0.03637657100272911,0
0.03037948538325159,0
0.0901467056152108,0
0.041472600802202324,0
0.04522203774720796,0
0.14171575211785706,0
0.2248262082143815,0
0.058710663211586064,0
0.03458396958354481,0
0.053691924368447365,0
0.05873499966147709,0
0.07110977354378684,0
0.059035184625943274,0
0.0686116351291292,0
0.027974620339399327,0
0.054826137836306084,0
0.04914030058023669,0
0.04398368755217174,0
0.142807477247832,0
0.10056327826601054,0
0.09431613446753345,0
0.09880406345937906,0
0.2400061854325565,0
0.1599848863875941,0
0.1793901090486231,0
0.2923146158489779,0
0.4037319057117747,0
0.21707676402067488,0
0.14704713029823532,0
0.08002230235994726,0
0.09454806670875945,0
0.1673381805258275,0
0.1587383132053992,0
0.24275648917393866,0
0.19722467439375443,0
0.20840858050571962,0
0.8315888369960395,1
0.4178575072190872,0
0.3857973233038742,0
0.4407737051853507,0
0.2831395969260753,0
0.24329636517818365,0
0.12226573920515833,0
0.10987623687264708,0
0.14057252550930663,0
0.11760414594482028,0
0.15984672153368334,0
0.08557320859281904,0
0.24630027683519498,0
0.25087984964911514,0
0.07897369115309875,0
0.15335529162416042,0
0.11503809881482377,0
0.09046858846296471,0
0.11169429242233493,0
0.13598810446714588,0
0.17141279667849224,0
0.08981566392398903,0
0.0547042497998174,0
0.15746564217713085,0
0.12140731553648736,0
0.05775926105084102,0
0.07344604925398207,0
0.10085610546608066,0
0.11988245959850109,0
0.11628358510880067,0
0.09170982229576016,0
0.11632482161536856,0
0.08224929985220233,0
0.1320590916018824,0
0.08549078915693467,0
0.1909664967633188,0
0.12342674969386809,0
0.03153006269223545,0
0.16468364914123107,0
0.09168047083970092,0
0.03770982413029061,0
0.14580015629940693,0
0.11996746977838173,0
0.08599019464877426,0
0.022857087374103562,0
0.05672785909084215,0
0.14666308239520368,0
0.046707820295746265,0
0.018332146046577714,0
0.012765272428434225,0
0.058699317903087064,0
0.05934119212610947,0
0.04060566685539741,0
0.08756981705985246,0
0.033759367580674854,0
0.0792727676575218,0
0.02863516884909147,0
0.07419428190476617,0
0.10959521805332165,0
0.06863522261482492,0
0.12639651449975223,0
0.08216606824348846,0
0.10395253115090378,0
0.09148078599631165,0
0.25144151612525906,0
0.036114281220883636,0
0.05971393155232399,0
0.046342011652596896,0
0.04773192573020212,0
0.26764826857337415,0
0.05883155597548968,0
0.07240190302313095,0
0.04571111941805935,0
0.049771691435370656,0
0.06071666825612399,0
0.05863081897209531,0
0.06623166575795483,0
0.085160217848536,0
0.14535387516515946,0
0.09041832618651699,0
0.12296123537752478,0
0.07428832159054877,0
0.13538225005632204,0
0.06364664985053964,0
0.1811886732492839,0
0.05385573056224147,0
0.1815133110105421,0
0.0850205443117384,0
0.14595798471179014,0
0.2115416013716717,0
0.033795519920319296,0
0.12994543944802933,0
0.20863019128399035,0
0.18897004950755442,0
0.0892222721462576,0
0.03558779504231365,0
0.07825577763032868,0
0.03679651557216223,0
0.03588634372455952,0
0.05891549089029389,0
0.1949636960668026,0
0.05129875121726004,0
0.09852588178372931,0
0.05331193170864468,0
0.04761054176342126,0
0.13785241048964247,0
0.04718250483424425,0
0.04675978090621166,0
0.062158997784638306,0
0.11560929179579425,0
0.051893865744951174,0
0.055736569255208604,0
0.10292127433765962,0
0.08077932099696908,0
0.11934880919634275,0
0.2244770096160814,0
0.4604426554640979,1
0.7102130542305066,1
0.759313318047932,1
0.08802383053139685,0
0.09533907373753724,0
0.04386953531291331,0
0.02733280082696284,0
0.07911673789965727,0
0.07710403162329807,0
0.06549717852812124,0
0.06281293506434522,0
0.18483949866682303,0
0.28655525046383823,0
0.3379275039649068,0
0.18485159377966245,0
0.2660929266611456,0
0.125275249972223,0
0.5133049306373507,1
0.2777956361290434,0
0.10506200697875276,0
0.11472248873818917,0
0.05821808971146219,0
0.09509034303810421,0
0.13313991605792186,0
0.285883257664946,0
0.2527394577649413,0
0.3048013899882737,0
0.21900266202981114,0
0.24313944797083364,0
0.18710194882875011,0
0.23647381155763583,0
0.15672259551085418,0
0.052706730265343574,0
0.07768251142446451,0
0.072715972566471,0
0.35799197898470053,0
0.23311319031764954,0
0.6071192773155432,1
0.50272900747273,1
0.16255209991082362,0
0.29691395699806783,0
0.41828784649003553,0
0.4986974657653589,1
0.6004636485318249,1
0.735859753202885,1
0.3187315473172132,0
0.20773242669917583,0
0.962184791857734,1
0.16621066514078173,0
0.20867032855752068,0
0.22969380972657008,0
0.18378205272483608,0
0.11431639015460761,0
0.1259240460187348,0
0.12587343438402884,0
0.1477522305742304,0
0.19842297855193342,0
0.11068921773112687,0
0.1599580916221001,0
0.18293632781088215,0
0.5027893176764974,1
0.9304054257526737,1
0.13248379475626665,0
0.16454025209325973,0
0.4837074790107972,1
0.3428417428501614,0
0.09962715066810587,0
0.13770234525228353,0
0.2251802276176189,0
0.12370924919220713,0
0.24006732976015016,0
0.25659875774015267,0
0.13427748986447144,0
0.10758583449624343,0
0.13552290933216044,0
0.06535069192833437,0
0.04666469383766989,0
0.2190287922731414,0
0.3717838726211913,0
0.43675247465487377,0
0.9612110688277771,1
0.3303890478379906,0
0.3997372624356333,0
0.6378681764193544,1
0.5084767042523768,1
0.33337400827938424,0
0.6385050261865332,1
0.3693608238529967,0
0.1882705158928017,0
0.22113483467870823,0
0.08047901490865118,0
0.07114043906592947,0
0.09783175459483476,0
0.17269576191854075,0
0.5516506224600055,1
0.1787315354359295,0
0.07947457577085511,0
0.05057367281973935,0
0.07385674847282145,0
0.08115535021487802,0
0.21389630322632402,0
0.0932330369726713,0
0.22710417523983936,0
0.35120982914061943,0
0.2481281925394408,0
0.13942190944213215,0
0.23903302712060304,0
0.19820188545999215,0
0.25065843243098457,0
0.7909976826318438,1
1.2492195824695485,1
0.3907114397323404,0
0.18387489687381126,0
0.055794445031700425,0
0.36065119626718284,0
0.22152393809741927,0
0.12613405683135323,0
0.16182456896428363,0
0.1310652372100709,0
0.05568207252677957,0
0.2398496284143921,0
0.22618118163886844,0
0.26804136110822835,0
0.18098174967554714,0
0.12130575837724182,0
0.24141921270087222,0
1.8775308237779633,1
1.0674280797406575,1
2.2939033043244805,1
1.7214506879384774,1
0.45826285853079163,1
0.6805677186877296,1
1.2261265988648375,1
1.3581786046826865,1
1.7993807631167338,1
1.3793591800653753,1
0.2387193819027007,0
0.042683461044678864,0
0.14271549747242276,0
0.07032530670724306,0
0.08746150302367785,0
0.9201691563720157,1
0.07144892148419116,0
0.06638389794339047,0
0.22091022047001213,0
0.19370313298724232,0
0.2677244767283212,0
0.5197067403033444,1
0.28236360011608247,0
1.5082394530754921,1
1.9037618753339218,1
0.3061642193223809,0
0.4497381349489585,1
0.6295925548427573,1
0.5156689633988789,1
0.4087251626390923,0
0.5632124571420949,1
0.1976412217545075,0
0.470752771620921,1
0.1947235176799004,0
0.31886305934764514,0
0.053436714869206474,0
0.1114173596966521,0
0.07272117895216199,0
0.11824428449272155,0
0.2062377067260954,0
0.27485830254195015,0
0.0874350946851735,0
0.030026230224695798,0
0.15602215684025333,0
0.1142184574688874,0
0.23179179177354262,0
0.6599732855889638,1
0.08583849699771724,0
0.39477085828425446,0
0.15985365993392897,0
0.1327768478463656,0
0.36294462589744636,0
0.34600617845695864,0
0.12106642337971688,0
0.1197931695706501,0
0.12288999741804241,0
0.1477136080504583,0
0.04333057244658997,0
0.15300373278294882,0
0.17021419630972628,0
0.13866147869557738,0
0.20112629836446488,0
0.19717875478416624,0
0.10310811112032221,0
0.2929115588063923,0
0.4140388168090767,0
0.3065621203815711,0
0.17761168200555144,0
0.09914124773616782,0
0.30800965407387293,0
0.2282098172608166,0
0.31008221715218603,0
0.7206101246704881,1
0.744230319774535,1
0.369325011821424,0
0.3578569628702547,0
0.29962408312771327,0
0.27777459181660225,0
0.37725410616575206,0
0.4042775468225284,0
0.24857306488071326,0
0.3060139056651646,0
0.1315036824446302,0
0.07665168563853827,0
0.03486819893170221,0
0.08649853672299408,0
0.1675021275643081,0
0.24087518285143167,0
0.2692243744738279,0
0.07898555273357831,0
0.05426573117490787,0
0.07239530504493469,0
0.04557672849959834,0
0.02471476179953293,0
0.26783722053557485,0
0.09213106905356466,0
0.06693983650473127,0
0.058683447017165435,0
0.07958694459360069,0
0.042452915062187915,0
0.040650379825298295,0
0.01880679599427881,0
0.10933778483073105,0
0.13041819919830563,0
0.20005242739560555,0
0.05502712018409635,0
0.0922128804164875,0
0.04387229244158083,0
0.04704287230262649,0
0.03711976997723028,0
0.10078354537562113,0
0.1808396867297439,0
0.05262317375871309,0
0.11867522672299553,0
0.12278966926989426,0
0.10554783883380311,0
0.02310288231535728,0
0.059599216271088995,0
0.03715015243070829,0
0.026637390859559636,0
0.04469427117173094,0
0.12559387047726622,0
0.07612693402047661,0
0.09514773350030924,0
0.07452024051280254,0
0.2157523797085155,0
0.1257063242697111,0
0.14387649801568542,0
0.21602026490583542,0
0.08561847917773505,0
0.10856424026352965,0
0.0711953287028367,0
0.06489729702048103,0
0.06225805099079431,0
0.07592134808483544,0
0.09583886738326178,0
0.08604034476251024,0
0.0591118060201069,0
0.03400332485110042,0
0.11042526121367736,0
0.2444278195090436,0
0.0872637051287337,0
0.04838175022218289,0
0.08920660521445452,0
0.09931632341096988,0
0.2842844061388496,0
0.3203197793888709,0
0.34276722436832807,0
0.7426891185768587,1
0.6430924725583547,1
0.40175827424580773,0
0.2471468012292707,0
0.1426292959207358,0
0.10293887106000348,0
0.45526990487838936,1
0.14199993777772552,0
0.07429078029186824,0
0.1678853606989402,0
0.1412953011164455,0
0.14073989235540357,0
0.08665142436952285,0
0.2060864515335519,0
0.39022326756096753,0
0.07489340932935405,0
0.08240911038079864,0
0.17052388199215915,0
0.07299577034281605,0
0.045391787772955224,0
0.02253615352014793,0
0.23424143549791557,0
0.09706012405195952,0
0.11401600718453958,0
0.19189101409006648,0
0.3259593352089793,0
0.33769128301859974,0
0.36943170010816134,0
0.1729878668770599,0
0.08866535774579003,0
0.18989337682108878,0
0.15872298009165525,0
0.2033869555045874,0
0.11496422722339675,0
0.3260815057932666,0
0.31721009121481386,0
0.15406992599052846,0
0.08643388641261975,0
0.07106604744311106,0
0.37547408875596583,0
0.24026133614749484,0
0.3054652286931829,0
0.6324299956961774,1
0.41458968586360573,0
0.2709984794536583,0
0.6332747060027568,1
0.24762964744836363,0
0.1087997076146983,0
0.0808962815747246,0
0.13207751153919806,0
0.2054210890738063,0
0.16720662472760495,0
0.71228177356175,1
0.6702738140372595,1
0.36239483165308856,0
0.23644090605499377,0
0.4199520933415854,0
0.16340424657156466,0
0.09172484543641966,0
0.23761670134429416,0
0.10962737871619163,0
0.17351949369459926,0
0.15412973887230427,0
0.17492079455707304,0
0.11946928239755884,0
0.16566404226114856,0
0.17810958809957797,0
0.07990971337633557,0
0.16267594539776173,0
0.16276840409541124,0
0.04857373391233702,0
0.21519930636117307,0
0.07490328772179543,0
0.0801981326393364,0
0.09499987185701525,0
0.08933358137437186,0
0.06798472838249887,0
0.11305665984462483,0
0.09143696188079438,0
0.061667261985473336,0
0.12563585585152323,0
0.10603856464591933,0
0.07081879670482806,0
0.16806099988454998,0
0.0930447536435043,0
0.04631480096701587,0
0.017488122517390417,0
0.16615911494958063,0
0.07085327847433637,0
0.040503333645255414,0
0.05578877203347306,0
0.12173618329434151,0
0.11580101483642391,0
0.04477700867793845,0
0.1559949216747911,0
0.04699688975243523,0
0.3075640910915671,0
0.49278871500604116,1
0.10750834367101246,0
0.06792295469346114,0
0.07449172391435573,0
0.06573319144217289,0
0.18836495836842365,0
0.1292115877811276,0
0.04793100158438795,0
0.09591893047950946,0
0.15782302531174347,0
0.1429447534074987,0
0.12568120407469832,0
0.08591018785975119,0
0.1570972415275949,0
0.1833188896888244,0
0.08128354555017765,0
0.12202456570044697,0
0.029794400595757355,0
0.23547741836463074,0
0.35763506927459277,0
0.39682491933370184,0
0.38644763972522267,0
0.24537084077518945,0
0.24528408707651725,0
0.11567851601288269,0
0.08714386236241164,0
0.045167991872885456,0
0.11317145996462459,0
0.18201274661294276,0
0.07817187864684451,0
0.14567178613370935,0
0.09092606558092925,0
0.07863769265154165,0
0.10622375402253134,0
0.12344446678999062,0
0.04869051331663262,0
0.1644933117108356,0
0.09641605726667336,0
0.07728669941415979,0
0.24242084723533885,0
0.38950767860944524,0
0.1683788146637351,0
0.36400401861647197,0
0.13100627371930287,0
0.08072395683124009,0
0.11804549788547282,0
0.12338875291984334,0
0.12100267337731287,0
0.14183232941191662,0
0.08832570703016711,0
0.1593293099120695,0
0.12550619720707384,0
0.25654638443544675,0
0.2983170526582516,0
0.12296042240506774,0
0.13853105818984393,0
0.05903506742136337,0
0.062288570804339756,0
0.09551279336160638,0
0.11294451570514095,0
0.3349232880230336,0
0.038587291381998186,0
0.09990786942483582,0
0.19469483666560986,0
0.23921449452350121,0
0.4138949548695177,0
0.16739679235221044,0
0.1404625750133937,0
0.20777956578129178,0
0.324233776395611,0
0.1792947914737358,0
0.0755630968123539,0
0.14280300043245445,0
0.09103473144939095,0
0.15738461403328105,0
0.19422985727828473,0
0.06600697362863646,0
0.058986274050379484,0
0.1176545851163515,0
0.06033624808658185,0
0.04362499298900237,0
0.1879109702988232,0
0.2572411957317786,0
0.18067798109376929,0
0.5523352393901378,1
0.2875102734015371,0
0.1345576096456655,0
0.19778050158750898,0
0.24574320521322396,0
0.2603328232122584,0
0.30101183703659024,0
0.2229180092235823,0
0.20716966533987433,0
0.06327954785378243,0
0.27701170660965,0
0.20681884381243884,0
0.09294237225985823,0
0.17994882338932625,0
0.15488750113755698,0
0.18366813620891068,0
0.03811424948936209,0
0.0962737768057549,0
0.10007840040938151,0
0.0721179626376689,0
0.02996091967518537,0
0.13558820649640585,0
0.16509210595204987,0
0.05278541554697955,0
0.34950055859108947,0
0.09291877841893685,0
0.1240971019791683,0
0.07623545623746958,0
0.21874490218637807,0
0.07324781734464239,0
0.19411136792864517,0
0.14829196584691248,0
0.25655053861920146,0
0.17516808566506628,0
0.03130375020351693,0
0.1511492977626659,0
0.2110802172175577,0
0.10715915654273388,0
0.09179573169314272,0
0.23369258579663985,0
0.1616591428176401,0
0.14336858905091182,0
0.11992530200864006,0
0.18632792752625252,0
0.1070030973356586,0
0.13188021450033433,0
0.059808030779210174,0
0.06047507028032606,0
0.08297703165646846,0
0.07788790483226278,0
0.19353061679461708,0
0.3812717557031072,0
0.31994574124010794,0
0.11167218085661822,0
0.14372868624143428,0
0.1943593920108203,0
0.18655523328737855,0
0.1754685356553517,0
0.04985212694946872,0
0.08843719588291114,0
0.1186055158651387,0
0.09655369939889966,0
0.03418858840647066,0
0.22426503282565538,0
0.082542942192036,0
0.04787103748207985,0
0.051070854033666666,0
0.16971474716696963,0
0.2322123775718444,0
0.08959077658803295,0
0.5077032906294675,1
0.14698778599287296,0
0.10580016575541146,0
0.3926763182900981,0
0.08751017156540972,0
0.0374066044154312,0
0.05569221883890022,0
0.08741359177302303,0
0.4411269076839987,0
0.0704075751542864,0
0.052312759180806086,0
0.04900960267680567,0
0.09265024358606579,0
0.33892922141980514,0
0.11236762168892613,0
0.08153437722391868,0
0.11819332159429073,0
0.06734253095264493,0
0.21152582258473032,0
0.6198453506304278,1
0.24289784096624586,0
0.17337423822369083,0
0.18595280073815726,0
0.13061930988098372,0
0.32956815236087517,0
0.6054900805482465,1
0.17848724256006135,0
0.16873543335347957,0
0.3860280881992421,0
0.144967835768726,0
0.05582582233700179,0
0.10470902876913038,0
0.35500719064084996,0
0.24713760710172544,0
0.19708940270364783,0
0.17252117723949942,0
0.1401999198915052,0
0.08564538423278924,0
0.06309806421029687,0
0.10975702345214243,0
0.261096725265085,0
0.05587752822028417,0
0.28354466561477193,0
0.42041587158485894,0
0.46564369102000946,1
0.07764424279529997,0
0.12179249290010609,0
0.14197196622873418,0
0.08801619620556128,0
0.07224059281264136,0
0.06070145592671589,0
0.07652925385577115,0
0.03753336129042918,0
0.11787482595355524,0
0.11580507624294935,0
0.04642517590029828,0
0.051823646846000375,0
0.05450960093968837,0
0.09257540538728122,0
0.04897136974378918,0
0.03551544774769861,0
0.029747901272366786,0
0.04568476676265447,0
0.07116037118802045,0
0.16094565193061916,0
0.7339554028650476,1
0.15387569009855898,0
0.16981033605815019,0
0.2103568703520641,0
0.11622242441692993,0
0.10888772584185921,0
0.11474838017553878,0
0.1430990464420708,0
0.17893446772179208,0
0.11003928091743677,0
0.10966519876414077,0
0.15205856550716268,0
0.03207072994974661,0
0.13217465682465207,0
0.27969724864764267,0
0.07169189559875619,0
0.047300668873147815,0
0.07504120951899798,0
0.16320642011786396,0
0.279956562181463,0
0.07991816359583184,0
0.08216500344335219,0
0.027679519463712454,0
0.06491970019419958,0
0.13503015304041505,0
0.1719148847943315,0
0.21527079833637525,0
0.0663002187845654,0
0.14435418143778792,0
0.044170665201056454,0
0.39683239812576543,0
0.08297701436960975,0
0.09647384187092634,0
0.07606151591134529,0
0.08079450862033262,0
0.08140602864939138,0
0.04044324374346421,0
0.1418089698721172,0
0.07623760684774121,0
0.15717599179832173,0
0.06156554115499882,0
0.12516578856748992,0
0.03848763316527589,0
0.03562009736328246,0
0.05421925222848662,0
0.09457534330637697,0
0.019803678843253132,0
0.09885897826668946,0
0.06130350107977419,0
0.07097925300740365,0
0.1684495537821412,0
0.24895541820027042,0
0.20214826705170566,0
0.4551812770482781,1
0.056254598026140384,0
0.034580004055737794,0
0.025668011380130796,0
0.0226749589466259,0
0.015612925743545539,0
0.07899759140318396,0
0.16769395821671124,0
0.20066188487296863,0
0.25501070284303473,0
0.2158525584256889,0
0.11860724676611396,0
0.05616668304339892,0
0.10216749086261578,0
0.12044867053196834,0
0.19315430915523724,0
0.023275966419693102,0
0.03851083428782926,0
0.027183335872482214,0
0.04122016294022332,0
0.1461837086997956,0
0.09900131374189299,0
0.10115237038788955,0
0.14125261211227982,0
0.05900893918612879,0
0.0815405344043385,0
0.11751884001714727,0
0.11411600507803357,0
0.09741679000765796,0
0.159386332552363,0
0.09007892615957301,0
0.13522654065663717,0
0.15734719856795096,0
0.14627847530088847,0
0.12417153379090551,0
0.20556887719934328,0
0.051958839612090156,0
0.03774213931156241,0
0.049001616107021854,0
0.019990344429213252,0
0.04043778156357247,0
0.11479336011757706,0
0.03895150661313298,0
0.1732581918722267,0
0.0637497595258209,0
0.12171033113231555,0
0.12541873488879263,0
0.1212141746000032,0
0.2450951210487417,0
0.11626181023533193,0
0.12581624164918523,0
0.04517279832904194,0
0.8698814768781638,1
0.4860035285288562,1
0.08531285713211433,0
0.08347053988054491,0
0.13996638404216377,0
0.13478506140063476,0
0.15871634256552686,0
0.05601259767829709,0
0.25714696553058675,0
0.4230088024831025,0
0.23652112024302518,0
0.9279075689721009,1
0.1624202845133145,0
0.2912106375538979,0
0.5037807725521694,1
0.15431922620702815,0
0.34068638487513464,0
0.35393944550413253,0
0.9127060035383509,1
0.20107409994064837,0
0.27627046758847496,0
0.174186941923529,0
0.11569815584691352,0
0.05910348519838738,0
0.15432651458729854,0
0.4349550683332865,0
0.43284058957789673,0
0.11094610800358659,0
0.08661649081775456,0
0.10713864105230127,0
0.09645438672699179,0
0.11167716117126411,0
0.08739573478097264,0
0.058261563758951265,0
0.1463527200060894,0
0.13908721855513434,0
0.026778310970658848,0
0.041943312026572886,0
0.02886158359877246,0
0.053319898541275716,0
0.054645350654907394,0
0.047196363990455896,0
0.13689194867139953,0
0.05950350402347832,0
0.16548267872612626,0
0.08426232206911131,0
0.011966371602314564,0
0.34804625890387914,0
0.11728781741923217,0
0.12668571706271123,0
0.07919666641437799,0
0.06218016424189276,0
0.08711561667587715,0
0.11496233987189175,0
0.19338850163163812,0
0.06056261215485948,0
0.01984369548103627,0
0.03884949361328598,0
0.3472114931566201,0
0.27283094465172525,0
0.3713065526193852,0
0.15224431774125982,0
0.21226031617080532,0
0.35034862281976875,0
0.04844298191993901,0
0.113251653500534,0
0.10388999269577577,0
0.05640978053866263,0
0.05243034555141332,0
0.4003650358785556,0
0.13719788764502328,0
0.09727821182946345,0
0.13034843982110683,0
0.269651205829068,0
0.14401909276318967,0
0.12951315005314218,0
0.15392686789380855,0
0.13091691101173925,0
0.09446439317209468,0
0.11371369706944719,0
0.06752825278783398,0
0.20939960124456922,0
0.1511049722807358,0
0.04367865481574942,0
0.06881249764092372,0
0.38289144254655805,0
0.2721536482455859,0
0.17910441532129248,0
0.27098596473326114,0
0.04022851078317302,0
0.027847396317107035,0
0.0362807358432771,0
0.04033070192978016,0
0.061086630666656316,0
0.0721964453559769,0
0.12326672666707619,0
0.2788386624506026,0
0.1770128815246471,0
0.0501281874205939,0
0.046102695556310205,0
0.06554967773061372,0
0.19570579147871425,0
0.06155023153087072,0
0.12977248236902206,0
0.03327660412027754,0
0.04911280648518545,0
0.18351920941745586,0
0.14844460460991618,0
0.16803520545219142,0
0.05911451044136818,0
0.34445004372582333,0
0.17819765965943427,0
0.0992484413280447,0
0.051699933429279005,0
0.09520229511067273,0
0.06661672880810884,0
0.09170654097264794,0
0.09011570644634517,0
0.06559481451635155,0
0.09684973188264287,0
0.0802274276782553,0
0.14846548216616337,0
0.06080031804126935,0
0.07643922409399001,0
0.0602289439419122,0
0.08184027102371932,0
0.030008571261804288,0
0.06831219238536128,0
0.12837289393158302,0
0.21159367698180617,0
0.23983955689669523,0
1.5911731151664446,1
0.2586589824285202,0
0.09233435104361358,0
0.26288394119877245,0
0.1456202076077008,0
0.2446307417720697,0
0.0876333523965845,0
0.10534823661080568,0
0.09094589807333617,0
0.06598247305872663,0
0.06768073768350534,0
0.06155646143098456,0
0.09110343564824741,0
0.10014684302977654,0
0.1071668065522024,0
0.12281301061564978,0
0.1351092955173365,0
0.05982189145486181,0
0.14701592809957867,0
0.09869662323378828,0
0.09830325722648199,0
0.13318450765853312,0
0.1886261678106651,0
0.14599989085093423,0
0.04946332792592143,0
0.1420754449594336,0
0.19033497348786382,0
0.013185793836974605,0
0.1222806860061645,0
0.05788263745428825,0
0.07878319993287561,0
0.16140981462217682,0
0.09452281008967008,0
0.10010905974067216,0
0.13858945725543,0
0.33058779764979257,0
0.354382208464785,0
0.07570342922810201,0
0.030363208649834873,0
0.08139699714033315,0
0.11329661992446181,0
0.039079788046915205,0
0.06652282260570079,0
0.05391979387189473,0
0.04203217402904498,0
0.10491729438853477,0
0.20701645452662426,0
0.32560711740780734,0
0.10112244488168334,0
0.316557141690767,0
0.05931851175275117,0
0.05539476652964416,0
0.11405354746216459,0
0.07476550168631854,0
0.3812584153550484,0
0.051171114799718774,0
0.089229437295592,0
0.1531015679363598,0
0.0988104938005184,0
0.09185945128573396,0
0.206159996841,0
0.05899023480074514,0
0.1508250794429093,0
0.15101650781824247,0
0.06383050325338062,0
0.0773458642177271,0
0.10344884583462419,0
0.253264695504752,0
0.09269328620040954,0
0.2169590248755581,0
0.2711526285854154,0
0.23178160984076196,0
0.31277514449766025,0
0.2736201538790534,0
0.3182835681876999,0
0.34357437878491487,0
0.1684452604652424,0
0.11390658440619368,0
0.17711294541546171,0
0.1959076544686099,0
0.07338091691968615,0
0.18165283393056925,0
0.20473389934400948,0
0.7996618387920369,1
0.3566362974484847,0
0.07333275007266678,0
0.17024194098355075,0
0.18207241592939796,0
0.2627928591842441,0
0.2854699818028332,0
0.15569977464690157,0
0.27137924459965446,0
0.054206658645892886,0
0.15910939575790345,0
0.2435034559834624,0
0.7214962226663085,1
0.900244394328288,1
0.32043960162673646,0
0.1523547172878378,0
0.06607742047626614,0
0.09731791849799383,0
0.08405952144606513,0
0.3090117491271284,0
0.04945215263037233,0
0.09448428746121346,0
0.12964125725077694,0
0.11605977443221413,0
0.1973948824032951,0
0.08296905855731859,0
0.39148521634676264,0
0.09925411627141914,0
0.09496832212492419,0
0.10925873690836997,0
0.07181046636972986,0
0.0810630957188801,0
0.06948591627282157,0
0.12002100747323204,0
0.11065353560759286,0
0.40176592498417946,0
0.0553805623174645,0
0.09756316035109604,0
0.15351963866621324,0
0.11086437249489357,0
0.20994291935549567,0
0.015384431275543627,0
0.03824888747193108,0
0.19623643544638641,0
0.031419744396694024,0
0.04509882387450401,0
0.06227302656541747,0
0.08090264041723967,0
0.13952099283620908,0
0.42070573950977713,0
0.05557267143772775,0
0.14812698616989942,0
0.08857720979464538,0
0.21246030462273435,0
0.09533172899677819,0
0.08132550677208547,0
0.10311328963473773,0
0.18558919850163325,0
0.07920035118534426,0
0.039104231967825503,0
0.0432996142843775,0
0.5158764996281723,1
0.06636628599120382,0
0.08076586145104307,0
0.051399840228308714,0
0.06874253889244158,0
0.07428786455143448,0
0.11116841643223857,0
0.046585895416376165,0
0.07974215387033445,0
0.031612431851717,0
0.03561296212822656,0
0.10500975998908846,0
0.21292307717216813,0
0.24515554500759087,0
0.08673461472002236,0
0.19988429800360927,0
0.07634570177514953,0
0.1452348864541276,0
0.3244303857384197,0
0.08653555701649222,0
0.28398336116265316,0
0.2733843282605157,0
0.1075135701074284,0
0.06352797836506606,0
0.08331816295401491,0
0.05033006501054759,0
0.03337120276456933,0
0.3071206662458458,0
0.07163408484238899,0
0.09809655347707197,0
0.03229583767897773,0
0.08705447134544517,0
0.05570896483534869,0
0.016764829746055476,0
0.020609806166966668,0
0.12708625082804564,0
0.06844974970956029,0
0.02640218670883501,0
0.03512146173360444,0
0.09591599007642569,0
0.30286271669844383,0
0.030035719909489788,0
0.058454633926687975,0
0.08168749286322456,0
0.033958128657339756,0
0.017862884816886714,0
0.08529301277083857,0
0.009319771028869361,0
0.03466222509098458,0
0.017177598611244797,0
0.04878455426579401,0
0.07423262353795404,0
0.10230775589152827,0
0.13930633269460377,0
0.05169886237596341,0
0.016696113235521597,0
0.04795277299747665,0
0.04987156926010803,0
0.009838070918800818,0
0.029664596595653354,0
0.08132399877095178,0
0.00944020211859962,0
0.018684921561835377,0
0.01191956649314991,0
0.0096429310724157,0
0.009707190416599058,0
0.032942417061406944,0
0.021544588286056578,0
0.022918821888634113,0
0.022689974698108902,0
0.05165615324493363,0
0.018271066637892398,0
0.023217482829264814,0
0.21473155672658437,0
0.10370329381686257,0
0.117204309407401,0
0.12336553725266777,0
0.06459410095668347,0
0.1038907358877867,0
0.8067059992801485,1
0.1313711202874588,0
0.1509092631800156,0
0.2306441001987982,0
0.10970081070056618,0
0.09766088024714621,0
0.09425397681492462,0
0.13221755120032852,0
0.09864001543200022,0
0.17479819560581947,0
0.1366365202599472,0
0.1595766828811495,0
0.1392555049444665,0
0.059715347406276716,0
0.07777929977513778,0
0.06338091905868964,0
0.07131013442067584,0
0.027853665802025515,0
0.06264760112529402,0
0.14299073075955662,0
0.029492287247249935,0
0.03373254973525621,0
0.025950346973979018,0
0.05257559318343922,0
0.06331170966789028,0
0.07313114934450174,0
0.17792506945272502,0
0.07076559952753315,0
0.19534086095359676,0
0.30167921116889784,0
0.5465832732414133,1
0.35456183990524665,0
0.31540476159774183,0
0.08584819407023313,0
0.07038441951904935,0
0.201233782815803,0
0.05562031975255765,0
0.10397117701697374,0
0.08216070294901177,0
0.20450443394287057,0
0.1453189793446042,0
0.09262725803885634,0
0.14800611592437057,0
0.027354880584801577,0
0.0742540702621888,0
0.07194474977885527,0
0.16846717581410536,0
0.10696434221587357,0
0.1524444528878466,0
0.13724932348131386,0
0.21537055262322427,0
0.08510783768411992,0
0.047090862516630555,0
0.08713691138025033,0
0.09941225572205763,0
0.12486641519255838,0
0.11238880939773574,0
0.2922424640684034,0
0.09801645560964496,0
0.07897764264734088,0
0.02146628522449572,0
0.012803653386796704,0
0.021914369397332652,0
0.02731158131263817,0
0.03375706821093325,0
0.041023081532400224,0
0.22142752263318227,0
0.12347320270330463,0
0.07369603403460728,0
0.08956768975472557,0
0.11818730322301506,0
0.05922068799807901,0
0.02071549090748888,0
0.05852308975954094,0
0.09330855757588268,0
0.056394935519881145,0
0.11081909434744981,0
0.025191405760860285,0
0.06132858455928392,0
0.20556427045272957,0
0.1468677173335503,0
0.06651640252423723,0
0.1465259263258059,0
0.016066912277416932,0
0.07449180994354888,0
0.15747417942806446,0
0.027168338500830023,0
0.03067382016472796,0
0.03408741893750992,0
0.18574620107171685,0
0.11688670417918687,0
0.30068327092875446,0
0.0603205398835458,0
0.07052337902257919,0
0.08598862062109175,0
0.12920888325549762,0
0.2558074930841703,0
0.06942724822928274,0
0.04644868047337904,0
0.3737153246408806,0
0.11151319461577926,0
0.013513555811196688,0
0.15226607732399305,0
0.0950598289232626,0
0.09895291728156992,0
0.07231096377054352,0
0.15886478617679503,0
0.06482212245286958,0
0.034137120641468226,0
0.15727466549670716,0
0.07879015729870129,0
0.08449110178200227,0
0.05548571649646623,0
0.06210041164349946,0
0.1339499515038703,0
0.03087040478518265,0
0.04988308200718837,0
0.09470910963537055,0
0.08950969335460655,0
0.13093965656724588,0
0.2938525471642033,0
0.06297917522894805,0
0.3153254092882523,0
0.4857145233651445,1
0.19471314600486836,0
0.1677616824505336,0
0.1197437150368224,0
0.033052524428547454,0
0.051825275472494624,0
0.23299814248899328,0
0.39490745339037026,0
0.2581085284692476,0
0.22567807771593354,0
0.19406215392119652,0
0.5863870835483129,1
0.18855920707489465,0
0.09126496954542523,0
0.15590647542267544,0
0.2469755670732778,0
0.5635720198913023,1
0.5653276375095894,1
0.4176993375600038,0
0.1976341484035107,0
0.25987817796618207,0
0.3882415776046121,0
0.09351906814522842,0
0.23247414642769948,0
0.2342532357208077,0
0.10520773648060594,0
0.1553679570526055,0
0.24525283201967063,0
0.10190884669312843,0
0.028758015995085692,0
0.20314786652972697,0
0.4247958861961513,0
0.1989922140094375,0
0.07701120672732549,0
0.11282123836616728,0
0.05937263121709173,0
0.1136936078463905,0
0.22025889526579842,0
0.16317821205753893,0
0.3006342510594454,0
0.3906684905754633,0
0.24594559629948312,0
0.14014060432593273,0
0.03506946000178095,0
0.04141243068297548,0
0.042430256734699,0
0.13669456559756787,0
0.10994986920060369,0
0.12083596531008664,0
0.10690450940401787,0
0.19472222444509757,0
0.5345434632871242,1
0.3392687094152771,0
0.049628755001844896,0
0.03303188947982684,0
0.1227612190371458,0
0.10774711448117529,0
0.11449697684395038,0
0.2464121925939379,0
0.16232986340233752,0
0.1206750853934573,0
0.17514280925973505,0
0.06489943984263799,0
0.12295957465075177,0
0.11531625804230387,0
0.0565456160865344,0
0.0518629808152043,0
0.08553423557649407,0
0.09229363665836417,0
0.08580616703843671,0
0.10631880835548603,0
0.04878459062046041,0
0.023796509700326,0
0.06069596465978587,0
0.07137854613412335,0
0.23359190736375002,0
0.04758865911902182,0
0.16242618017186244,0
0.10459244993671891,0
0.0805040679973473,0
0.0931762660605128,0
0.05861488188853033,0
0.0788694403350154,0
0.049990974064163717,0
0.034661676825022504,0
0.1361374007037771,0
0.05791133304115723,0
0.16736863452350761,0
0.04056887754279875,0
0.09258824555911661,0
0.2296510360381248,0
0.0981659818139458,0
0.059510158217435355,0
0.02277584940064372,0
0.13310351740837695,0
0.0460723707148976,0
0.027036310135824197,0
0.05790213195346921,0
0.07109641615402032,0
0.0704061907586679,0
0.025778506090650518,0
0.04272767205147012,0
0.12128329452630476,0
0.2567946072314619,0
0.07827257604245623,0
0.05858051240019639,0
0.18276882848478224,0
0.18310474410413502,0
0.1343498335363386,0
0.12706111318520466,0
0.0957689678372028,0
0.06861038146667009,0
0.19418095836649465,0
0.06879521505415757,0
0.08806821657004364,0
0.11402122246224149,0
0.2199266343679569,0
0.12916333132581853,0
0.09821362280373098,0
0.0988549793156341,0
0.04455210998479863,0
0.06261554813221777,0
0.030472948591500314,0
0.005448948699811428,0
0.06346259602544628,0
0.11558109330798327,0
0.06363265045624576,0
0.044639448866955374,0
0.12445256219124397,0
0.04511745087654887,0
0.1813086878804224,0
0.07689185973585576,0
0.106870799625998,0
0.04770610313287539,0
0.044695216132087136,0
0.06279588913031715,0
0.018081000605309688,0
0.1102850866655749,0
0.04352862985732208,0
0.03509252486209189,0
0.0421693125934598,0
0.059741167077802845,0
0.07683900011462158,0
0.06993928204597902,0
0.044157561231866226,0
0.047964323914252406,0
0.13854827104567996,0
0.06240692698819862,0
0.21189157213853674,0
0.09884959404734181,0
0.23679384949981894,0
0.0682836559190104,0
0.09783318397726389,0
0.18285624407450243,0
0.13644947762379347,0
0.12335485396396033,0
0.3814570080871888,0
0.06789755176310305,0
0.14615509634987447,0
0.23870012482402211,0
0.15759924792778707,0
0.24618840884970053,0
0.10498072790577312,0
0.21954582847144344,0
0.05638762077648378,0
0.034147548519238964,0
0.08051389509363144,0
0.02223379877227177,0
0.024122990244055717,0
0.1020949643883343,0
0.07414927699139788,0
0.06542386363519133,0
0.06530604783988177,0
0.12153417585804255,0
0.06055609770895946,0
0.01640041789070785,0
0.12907571925249853,0
0.08407869124374391,0
0.030607393145542887,0
0.21757799619173315,0
0.07762767084254069,0
0.10937957647532374,0
0.09693040221135703,0
0.09938791153029632,0
0.07391413690018941,0
0.29330282692678455,0
0.06668290495470607,0
0.08006351241890375,0
0.10207019719407841,0
0.17828447130184577,0
0.08651717813251923,0
0.15618797086693725,0
0.32533144881329934,0
0.13207178931172733,0
0.09213547455978356,0
0.008872786191195857,0
0.04046425208112932,0
0.09975735265717188,0
0.19056964302640828,0
0.12892778734800656,0
0.21668143871574144,0
0.06482753813163732,0
0.041473540712249096,0
0.14607870687638197,0
0.2070366923418049,0
0.06262191056946752,0
0.21859538100549705,0
0.24413909021075617,0
0.3643257716726461,0
0.2777086785655255,0
0.19145492916265291,0
0.3179694223394476,0
0.18480096961683917,0
0.21836636214373595,0
0.08863148875400345,0
0.08983250833764768,0
0.1705676714085659,0
0.10155605105124178,0
0.10864987711899883,0
0.07154186769996647,0
0.08483928625259272,0
0.07829393760652574,0
0.06324663152601713,0
0.03473907086498159,0
0.0684830849044469,0
0.044265395950763446,0
0.06267731496008155,0
0.061771802551933895,0
0.1663866095936925,0
0.29283030539384236,0
0.3559236910353275,0
0.2827819924024992,0
0.12115123130383405,0
0.26423453877815856,0
0.08444650216510369,0
0.08569546895616328,0
0.11052319329909698,0
0.3110029955992201,0
0.45071311447500967,1
0.17275800417326373,0
0.1853165404645191,0
0.218587181826634,0
0.11026694438610066,0
0.08519786389255257,0
0.15866196710613092,0
0.16071332087109325,0
0.17751851724413173,0
0.04834662485521923,0
0.08547852270829871,0
0.13236877919687134,0
0.12249541698353088,0
0.2095054646775268,0
0.21371909442187137,0
0.09748181376274866,0
0.10744074537955402,0
0.15219304983160037,0
0.18990471492194666,0
0.31751430158492655,0
0.23068707537989383,0
0.08841749145333554,0
0.18003871056448748,0
0.9664863200277185,1
0.0716426216381915,0
0.07053257364957101,0
0.3364485643839622,0
0.32005061751570096,0
0.16970882174651766,0
0.14263276419198076,0
0.35684388815100093,0
0.2954358953867863,0
0.3388374060927432,0
0.3982811733783845,0
0.20278896121886103,0
0.21448636846449395,0
0.16798792849287922,0
0.36778581988676523,0
0.340778009614849,0
0.3805322672032399,0
0.784376507994818,1
0.40056506368507383,0
0.32561177533933816,0
0.1807371673502084,0
0.6324548488148427,1
0.8833220709276101,1
0.5108153978327106,1
0.45206878662049854,1
0.3907282526783983,0
0.5075513778435623,1
0.107065186475671,0
0.3300222876457599,0
0.3979168380507026,0
0.4458305827902478,1
0.2750165914044688,0
0.6757772755781875,1
0.2630718405257926,0
0.1760035572481657,0
0.1817663362584389,0
0.08784858579071014,0
0.07713389925859034,0
0.06447366212828971,0
0.07009347629497736,0
0.42728452713836745,0
0.957377350382156,1
0.12839392452017057,0
0.13054668646061998,0
0.4803064860981845,1
0.1283992239067525,0
0.27221927984237293,0
0.6174382205845311,1
0.12459827587183074,0
0.09608516562027938,0
0.09755762205549968,0
0.11310936914904392,0
0.1973253586215623,0
0.19417352818981398,0
0.17776750050122173,0
0.095738009260624,0
0.03880949760999185,0
0.0163259353284463,0
0.08743521978390896,0
0.13179685838896607,0
0.33919721992507146,0
0.12276106111447632,0
0.12920145279995443,0
0.16229486449779273,0
0.09302450422104853,0
0.04056643607629385,0
0.11276852958262445,0
0.11246772331794629,0
0.10395432631121092,0
0.12582252338991176,0
0.2780036161253078,0
0.046121532914529015,0
0.09939742260049117,0
0.1197721478007696,0
0.1366065578917084,0
0.07947482360868444,0
0.19833374144836138,0
0.0886684011404305,0
0.1324198592869129,0
0.38293203588801666,0
0.29473193114604773,0
0.060595047649123726,0
0.15324052012965567,0
0.16278297834671487,0
0.11718963864052047,0
0.15867538649381263,0
0.0959949540735408,0
0.04115620879138294,0
0.10177166171481351,0
0.23578227828144813,0
0.11442172421894721,0
0.05320879786612939,0
0.09957747120952544,0
0.06964073126228953,0
0.038020096394157404,0
0.11419860756796853,0
0.054461221952978436,0
0.0936492484316234,0
0.06867941292870179,0
0.09577857320687579,0
0.08509310232329319,0
0.08805536175871227,0
0.15265730215961526,0
0.09861822075441448,0
0.0868798148475146,0
0.11904493943991833,0
0.580641005357528,1
0.29071294635143896,0
0.5449185239024309,1
0.6366637387984919,1
0.4450326237876136,0
0.35478299731002994,0
0.25462467703829733,0
0.3067338705277924,0
0.359895451041831,0
0.16698901498658952,0
0.23089461822472598,0
0.39287957207778057,0
0.30510564307149474,0
0.12087832513611804,0
0.11299817726234383,0
0.29435408595076107,0
0.1666818307908338,0
0.19760264295429195,0
0.1440992503720426,0
0.20101041954965587,0
0.2814023367918786,0
0.4267168766304113,0
0.21157282688754522,0
0.18627244659189265,0
0.49964799904425283,1
0.360516002445131,0
0.15233069876655814,0
0.2128148003259137,0
0.43613250317175395,0
0.16859443441568997,0
0.18658909352426703,0
0.11929802035601905,0
0.2268819868635367,0
0.21438054292342956,0
0.29574006680043025,0
0.19176912564669715,0
0.5585803022367443,1
0.0713792640002232,0
1.1038972224875772,1
0.29060682231451257,0
0.1672477814805727,0
0.1607940766566611,0
0.05307046012531196,0
0.06084851519631855,0
0.13780723900429828,0
0.18732442451328624,0
0.0860902565598963,0
0.08498882159993836,0
0.13047240923897754,0
0.07109208561604553,0
0.37623973478596684,0
0.11437849110345844,0
0.41221433895560067,0
0.5235907251433297,1
0.21505281482709698,0
0.1770745049523257,0
0.13215531332714045,0
0.11241730350544898,0
0.10849643474136936,0
0.1336995797824206,0
0.07970870328451658,0
0.11962797097020365,0
0.23802894802952942,0
0.09905161551887744,0
0.08971380481587474,0
0.15927009879063425,0
0.2955730766768212,0
0.12414372211541282,0
0.2605812472355964,0
0.1122717835485419,0
0.1766191781980148,0
0.03727561606070074,0
0.03764827770239616,0
0.17968698478462353,0
0.15419075211930436,0
0.26899539215645885,0
0.23199053180895363,0
0.1095165429154204,0
0.10457925348581712,0
0.20750098053632002,0
0.0954893278050893,0
0.45348660276945946,1
0.47299565359352513,1
0.11904341598235217,0
0.25082097840476975,0
0.2661177073782592,0
0.41911333116336874,0
0.2637325808304667,0
0.19242821917451386,0
0.18436787461748455,0
0.13892871050236325,0
0.10886112953875916,0
0.19812499157428134,0
0.34418916056762955,0
0.11373369418538819,0
0.09938015402742223,0
0.10219343856027677,0
0.060278647962491834,0
0.07038293493447374,0
0.07655446606380531,0
0.2693560553132224,0
0.27055909717102605,0
0.3598170525643024,0
0.09545500774726356,0
0.17154157277916707,0
0.23766574288288733,0
0.14902520362997876,0
0.08970889436962068,0
0.15754224879369122,0
0.17828543303740896,0
0.08261268549754712,0
0.11481113759858023,0
0.19617190481073501,0
0.16412403914702103,0
0.10398429568177707,0
0.11552906033181788,0
0.1484406363461168,0
0.11487061229748256,0
0.2785138723476313,0
0.1967197838081116,0
0.18305036418976137,0
0.34603214265596854,0
1.3568105603206457,1
1.079338011440027,1
0.25604357357750934,0
0.28185941434529893,0
0.20672543430751592,0
0.21963893179843472,0
0.1688637484422222,0
0.42858018093546946,0
0.3000965713714806,0
0.4412508957440987,0
0.23618352381486518,0
0.14678651581207963,0
0.15295265531685914,0
0.29308074771628084,0
0.363658282392852,0
0.17209640396219836,0
0.18572060043987776,0
0.1785402999866513,0
0.21354729155659274,0
0.2102147132223377,0
0.14622337956236278,0
0.15650320867303494,0
0.1708841089692682,0
1.7636064500473467,1
0.12268127315928572,0
0.09669520706238346,0
0.13025890980168392,0
0.20312715657288458,0
0.3708821592618526,0
0.3723541540746742,0
0.26170698323217745,0
0.23383136015894776,0
0.30896104822420223,0
0.1584770300921887,0
0.45032803804563953,1
0.11643549695641173,0
0.28252085342990463,0
0.22060385091815277,0
0.422384425409338,0
0.15588893852014263,0
0.23537269926826004,0
0.17464479745737319,0
0.24052215978067443,0
0.24718600960950546,0
0.24949269847919958,0
0.18420549438268202,0
0.07969622183032246,0
0.2707625529790922,0
0.2492019296894439,0
0.09946374605501994,0
0.12740198107566864,0
0.16779490089527832,0
0.14632155504366426,0
0.1513446065364134,0
0.10876279635883832,0
0.09900795949451495,0
0.08191887832572578,0
0.12972166304975832,0
0.2530564196180721,0
0.14530064364394843,0
0.12847889487862052,0
0.10390167805715778,0
0.07282205317835293,0
0.1045203783026603,0
0.04401612107135424,0
0.07164412050501946,0
0.1929311923943336,0
0.0817366272825927,0
0.10717488787757605,0
0.39563894576946335,0
0.2244017281208632,0
0.2472574202611581,0
0.1291226501279321,0
0.1406377417190236,0
0.290699477265124,0
0.299506766274424,0
0.21867113779605946,0
0.24320374117172375,0
0.32972202290247965,0
0.2859902680287617,0
0.3656501999986563,0
0.42187954726039906,0
0.10500376635636778,0
0.2054190071833458,0
0.1556165630583207,0
0.14411563559461193,0
0.12217261042705599,0
0.21349292886064308,0
0.18492001248193196,0
0.15176460496369087,0
0.12100766782188628,0
0.1641110315827491,0
0.06864855651871865,0
0.15918666044594437,0
0.16877912464330774,0
0.14299972640086403,0
0.08804088159609057,0
0.16460277163372028,0
0.16498503690281044,0
0.5302212506460137,1
0.25121324793173494,0
0.23035993843326352,0
0.18778038118682747,0
0.06813105230535363,0
0.2305724586604033,0
0.41611088128305646,0
0.3329356222377957,0
0.3039019865399373,0
0.20423852647259322,0
0.21135827026427664,0
0.5735715073390877,1
0.4610259037103422,1
0.13481947649952333,0
0.1270930649444103,0
0.1148490943888832,0
0.06500505632018116,0
0.1413511232264236,0
0.1386558840861657,0
0.10797727496209114,0
0.18437456757464124,0
0.377146400380016,0
0.12917876628028038,0
0.2821810501841818,0
0.19433463699181316,0
0.12030155493553736,0
0.1515678241137214,0
0.10320750392065656,0
0.08683241765544127,0
0.2452049893275087,0
0.45407909949511577,1
0.2032780952960104,0
0.29172221124672126,0
0.140471160459204,0
0.2670765522641707,0
0.09372036191551888,0
0.06828979275792293,0
0.12635908878546787,0
0.1491655845312842,0
0.09938990198068245,0
0.05214321051503883,0
0.06070024947133856,0
0.07936298708055324,0
0.2053636027091222,0
0.13325211747257087,0
0.054232996860574464,0
0.046496772066953455,0
0.2021492413080282,0
0.3579622917308061,0
0.08799350773215715,0
0.18896637258752877,0
0.09056095798088103,0
0.26305958682136726,0
0.4435223937688591,0
0.15224422155955983,0
0.13781302599274514,0
0.2160812490331933,0
0.12833071798878465,0
0.2570298047819095,0
0.11246086022927128,0
0.09387500100134531,0
0.18968685100909485,0
0.07223506198929096,0
0.1170037685202223,0
0.04714703711410237,0
0.07676685180634202,0
0.12870974010680764,0
0.12051458651720465,0
0.1452302326044833,0
0.07916969882299084,0
0.05159481084337887,0
0.10159963678693631,0
0.0720108045503607,0
0.23561853271674277,0
0.19289238036873904,0
0.12543558550494036,0
0.07446595016342879,0
0.08097230373030541,0
0.12575096736364902,0
0.295231156610895,0
0.1371042099535393,0
0.3690101189048699,0
0.10798181657248837,0
0.09494548901337399,0
0.07588386299842194,0
0.09864360652673689,0
0.08793145519089947,0
0.13388407613915695,0
0.16922964658613235,0
0.20244000869292586,0
0.2503192695177791,0
0.1273492292784083,0
0.1669334619996943,0
0.2586805552848508,0
0.21737828670513412,0
0.07371929421461645,0
0.11690552145716918,0
0.16661876997336472,0
0.2873663020623445,0
0.24711792100590163,0
0.46726917384508476,1
0.55056817680089,1
0.5069502983251511,1
0.5564637895191009,1
0.6372064634387299,1
0.3145366398388059,0
0.2865031356641633,0
0.4128192505162013,0
0.20176689700728695,0
0.6726424907273387,1
0.6817392580747355,1
0.10643216803772135,0
0.09243084310557816,0
0.22261828001143064,0
0.07573634393473096,0
0.1333831823167361,0
0.3500614272696192,0
0.14601142098407485,0
0.1396034827660202,0
0.08726928170900618,0
0.11010495518317559,0
0.3311119923974876,0
0.1289597738429294,0
0.1147766708998144,0
0.1957802999884993,0
0.026482893221180415,0
0.24557388879442515,0
0.2833871843140292,0
0.2632567541118051,0
0.1585402475956911,0
0.11107265920152062,0
0.39359286394731885,0
0.10765358776134498,0
0.12900100385551697,0
1.2799541824786267,1
0.7131333310408792,1
0.2014426005815801,0
0.21179081345924425,0
0.05990794145626979,0
0.13052609619392339,0
0.5904657186504271,1
0.07636059252233277,0
0.16096692324519132,0
0.24132458181660046,0
0.057307285820648715,0
0.21067668506709966,0
0.16198428288657335,0
0.05209191047967639,0
0.11925768815277245,0
0.10776062453821429,0
0.1333167139786774,0
0.17410164145528473,0
0.06286722877287867,0
0.12014145393414039,0
0.11898288227616248,0
0.08933800161475677,0
0.14673758548724986,0
0.07415317260269819,0
0.10387905169993943,0
0.06872239156960529,0
0.21197592727862793,0
0.33987839487479227,0
0.14439997444645386,0
0.0555490774251581,0
0.08342788062692932,0
0.25535527932617846,0
0.3220549325973164,0
0.4183989769871783,0
0.09249882280114326,0
0.09603357045211029,0
0.1526051529013307,0
0.11927216469666167,0
0.14292907347227832,0
0.07773855936998521,0
0.05475120797484381,0
0.03002403300987636,0
0.07386022160806763,0
0.27235980812543825,0
0.3484455351386926,0
0.25447295447428575,0
0.3157011715323242,0
0.4872552232231623,1
0.06952696660411713,0
0.14102027929111277,0
0.24153095764354754,0
0.1167545642108475,0
0.11053125828107044,0
0.27667947636901796,0
0.21252511408108588,0
0.26342128620734595,0
0.16965208041838695,0
0.08710462175665726,0
0.1014990754644919,0
0.16146269029843277,0
0.05927534025289312,0
0.27162597834318025,0
0.16869688694411747,0
0.23164798335546985,0
0.24996853089948864,0
0.20772333094168022,0
0.07404216238742863,0
0.10793367606654347,0
0.05934160529429279,0
0.1742868859142306,0
0.12125517196368453,0
0.11584980929251244,0
0.21586537437930542,0
0.15607114172993997,0
0.16193076612739746,0
0.0854195946272541,0
0.06551561606452984,0
0.05804099309619706,0
0.09746369222121161,0
0.054110465193672595,0
0.05887188400181418,0
0.23105721353042802,0
0.21059054063214114,0
0.11502407669717095,0
0.14177313386654683,0
0.12467541282669006,0
0.08504709986509988,0
0.39879432514920765,0
0.3097196283720257,0
0.20301386388791912,0
0.2342378494077165,0
0.07172889154229366,0
0.13963473362516546,0
0.05354283147446721,0
0.14261671214003283,0
0.1697841346375453,0
0.2133954996734242,0
0.12049470616642341,0
0.1864671071738505,0
0.10257127241214173,0
0.22048036852205477,0
0.13208141385786443,0
0.12409499883062593,0
0.06724661424108096,0
0.06741511578544596,0
0.053493686946999255,0
0.031739522268080515,0
0.027519967634641044,0
0.03489922774086497,0
0.032944403148411,0
0.09458725360697495,0
0.16565528004830124,0
0.17948357556735303,0
0.22467539640059853,0
0.2899880420665178,0
0.18567152445806143,0
0.2803033900795733,0
0.2463145986847,0
0.16764838957404435,0
0.3326934256932161,0
0.35187080597111536,0
0.3643913285000889,0
0.08030955759660323,0
0.24065125719368238,0
0.4262822679428816,0
0.1466372747378004,0
0.11098135822372444,0
0.6413402330940077,1
0.3620718827889966,0
1.3826529847676214,1
0.2294485069853343,0
0.33276207850120215,0
1.1471662110092629,1
0.2399153984407302,0
0.25295369088950864,0
0.1759134023381377,0
0.1954914564093603,0
0.9127502053349733,1
0.294716274060815,0
0.3047839814488186,0
0.06160092847686598,0
0.09954262451196168,0
0.570702555710833,1
0.1647492771774277,0
0.20727035107429825,0
0.11007964124850605,0
0.07831534263122737,0
0.1491331340227762,0
0.06817857146422786,0
0.08366238089213719,0
0.1337930625014917,0
0.14858263782140357,0
0.2646829855051786,0
0.2651525927365829,0
0.40153215507616224,0
0.08618470675123796,0
0.04507659780031758,0
0.05638160008425344,0
0.09105269370433804,0
0.11334384672911242,0
0.05237402114878935,0
0.07399344561814644,0
0.14821206204523743,0
0.1095007027365563,0
0.1758024172007579,0
0.0784481818575534,0
0.10335947230254836,0
0.12459505374095849,0
0.190791760656065,0
0.19051119477121087,0
0.4830857682149441,1
0.20879583504490007,0
0.148144076639892,0
0.4368808119580873,0
0.3853251920826391,0
0.2657205995803118,0
0.452077569518543,1
0.4664931929613385,1
0.14228081929490183,0
0.34775494542593377,0
0.1989479350052726,0
0.36933421128409105,0
0.21334406984648016,0
0.30261683672954365,0
0.2298645524244849,0
0.05526064192275245,0
0.21302054013074442,0
0.26162160382605354,0
0.06282689900040433,0
0.23815352791668604,0
0.10509115692577366,0
0.05985709103069393,0
0.05877233221322665,0
0.06567035374684507,0
0.07484233679416846,0
0.22264951266462413,0
0.27174981854099906,0
0.48470739204979885,1
0.3744878934717552,0
0.33145009434109923,0
0.2604765867439069,0
0.31328483650035993,0
0.07364434310005472,0
0.17955774058033755,0
0.22685973001089446,0
0.1751317990232984,0
0.9824659098105826,1
0.15834505706396143,0
0.18155326080176187,0
0.23508195801233006,0
0.08586429592181634,0
0.20118968337870535,0
0.08614261792035618,0
0.07150442715748295,0
0.13984037439671818,0
0.1089807957309251,0
0.056065768042404755,0
0.19958986628628622,0
0.09283612318726962,0
0.21286397624992556,0
0.15689855769809066,0
0.13010248132628072,0
0.11536463433587604,0
0.14616216933864737,0
0.08458932191208189,0
0.22555382688594988,0
0.10423145566802387,0
0.06594478252739006,0
0.0708274604206596,0
0.09736405711310224,0
0.13623456013346452,0
0.12911323808998057,0
0.16637620396178318,0
0.11176489254947274,0
0.16647080032406303,0
0.09796789909774595,0
0.17648869800662706,0
0.14191054528907948,0
0.15198951379921294,0
0.16212721041687847,0
0.1802822294584899,0
0.12317153852902292,0
0.1949903908771985,0
0.17514947058034736,0
0.170611836075376,0
0.2121940383825433,0
0.19390240545651308,0
0.14143600324178618,0
0.0908306201340975,0
0.09418389149256463,0
0.09857172077155003,0
0.33710236667387244,0
0.6569717568550252,1
0.5388462638545071,1
0.22135100795338766,0
0.14022760448877578,0
0.16915043997186566,0
0.1257318766843947,0
0.125656086156058,0
0.2248662086720851,0
0.3146831897250364,0
0.21052071105892678,0
0.3451284799895029,0
0.42939706235170055,0
0.1397213568484399,0
0.18344500831057065,0
0.11288615646082477,0
0.14997063068565206,0
0.1030561631077159,0
0.19488657359855535,0
0.16745107819798893,0
0.15756179766966547,0
0.2030939004916798,0
0.25824707023949445,0
0.15888078816518503,0
0.11953411346046125,0
0.15854847219602786,0
0.14780936661975572,0
0.6929712379041857,1
0.24094525526989222,0
0.24729047074507945,0
0.6481698470717376,1
0.6315054857856366,1
0.29053178752164305,0
0.2270078273830359,0
0.40351067515968003,0
0.7123657887360584,1
0.2738641683286722,0
0.22540077088179444,0
0.2412120043017633,0
0.2023376132805019,0
1.1525294652460552,1
0.3927424738483999,0
0.47677833794098773,1
0.24751542505203075,0
0.11540807846779107,0
0.1676504128378699,0
0.20155092016543186,0
0.3103367846450987,0
0.08049291763959093,0
0.2916119491785072,0
0.15357304571579564,0
0.30574576044768237,0
0.23911323701493375,0
0.21563756762921577,0
0.4038841846748483,0
0.7591159586198083,1
0.7207849979605503,1
0.16399660491324888,0
0.28321985281718337,0
0.21411174602797797,0
0.14855493491455424,0
0.3720201108189565,0
0.1570004025819559,0
0.15058979016882548,0
0.24216915886810586,0
0.22726991892065848,0
0.15643107188602523,0
0.19803348084241987,0
0.24496227068337714,0
0.14214349723880926,0
0.527961307674445,1
0.4964060697395916,1
0.5549957202165132,1
0.14110640235334185,0
0.37131219828225104,0
0.14594569930322596,0
0.1055306913414439,0
0.1676461548566578,0
0.204065182469241,0
0.11724997389702661,0
0.49412895287867087,1
0.13058569340123996,0
0.2039610705597701,0
0.26830450117131005,0
0.16476317780117125,0
0.513523714166867,1
0.19287320902093621,0
0.2478120734977111,0
0.25064986897635577,0
0.1389030935405638,0
0.22095905216577094,0
0.21253319471033807,0
0.4086786493481339,0
0.11564446287233748,0
0.24962561974739766,0
0.19189382273188121,0
0.11756278547411948,0
0.12653386895658938,0
0.2330325973424507,0
0.11909773598997646,0
0.12021734218579709,0
0.09898003370816165,0
0.10005779247284013,0
0.24500037164730096,0
0.2079734544839363,0
0.41540741375996254,0
0.20289501298803725,0
0.11675656896754322,0
0.13715644178862726,0
0.16909405331267208,0
0.13192540952791293,0
0.14055063009498478,0
0.14876221885850296,0
0.1914778736686974,0
0.19860171803605808,0
0.21764380341059592,0
0.12578784551046895,0
0.16623521945690534,0
0.12111225115862337,0
0.1737378894467545,0
0.0885506175253672,0
0.21137184886919852,0
0.2011391418798413,0
0.20931176073762053,0
0.12349651390648073,0
0.2232399418185099,0
0.20915516276078724,0
0.09807202731683867,0
0.10888839890880904,0
0.29794755184894295,0
0.28644054706066263,0
0.15365930971678177,0
0.2710038046609516,0
0.2596984275710633,0
0.2619796537781767,0
0.5226906811377805,1
0.339513198270175,0
0.8114545205228674,1
0.20605819719832383,0
0.18562930935739874,0
0.20738766388824428,0
0.2148852679960709,0
0.25519132292502555,0
0.17199855240657538,0
0.17028198009307596,0
0.18186875739259267,0
0.13122859485935276,0
0.17938861619033358,0
0.15781680688643768,0
0.1590463402922157,0
0.646821023012531,1
0.16228569417352323,0
0.1703114799971484,0
0.181531667465846,0
0.20907219297272128,0
0.2177095487369907,0
0.18087116627041447,0
0.10686227687798192,0
0.17909272975756163,0
0.13196702091638993,0
0.14524289289464998,0
0.19749946314044825,0
0.10554804049463855,0
0.21071924681348284,0
0.3046851068165007,0
0.911755581973826,1
0.2186035160592051,0
0.26034792906861076,0
1.0660938577811585,1
1.1571595229884941,1
1.567000780861964,1
0.4029146880887774,0
0.284405405898467,0
0.23836816954500145,0
0.31017590964924413,0
0.4512278037501768,1
0.1926742138914074,0
0.11458044314126581,0
0.2106541131915126,0
0.1560946020720123,0
0.1850001735844131,0
0.11033806610899437,0
0.18307247254735468,0
0.1623964182694264,0
0.1837187200359184,0
0.14176504112620503,0
0.17709694303475873,0
0.21183167490085447,0
0.16587969079489226,0
0.16876078497463803,0
0.2258874099932696,0
0.4001328108182847,0
0.6308865401618827,1
0.5670673205168779,1
0.34222791844194017,0
0.30532110150813435,0
0.3393226600884658,0
0.2151001252413913,0
0.30930808743353955,0
0.20035522336710826,0
0.2343215731161625,0
0.11737694015365091,0
0.166629588894736,0
0.2003845473362564,0
0.3231060168326122,0
0.3508287657539066,0
0.4492486716862421,1
0.2799737872547194,0
0.3701194940246873,0
0.3073811313776348,0
0.16821889501595497,0
0.4532205153313935,1
0.5737026170916109,1
0.22389531123245338,0
0.2999171997065126,0
0.16501971754479827,0
0.22319740651422723,0
0.3358697214313989,0
0.2512276024817192,0
0.4098698793811176,0
0.2278070032102966,0
0.43076012446417916,0
2.1356374593859013,1
0.7136628133726343,1
0.4456784026875174,1
0.3770633029767168,0
0.41851198705022974,0
0.41338113713188396,0
0.5788924557217412,1
0.6089832025483308,1
1.382706757402655,1
1.372572089573507,1
0.9143586268495254,1
0.45548599807723456,1
0.18706907742832393,0
0.2533272206819745,0
0.201498598162972,0
0.20786362884538484,0
0.4806967063151783,1
0.553036484326938,1
1.0179403321303482,1
0.720134651886101,1
0.29868599281855845,0
0.3285635051564563,0
0.5799496394631607,1
0.21707887530378775,0
0.43304326282498734,0
0.17625241822258408,0
0.3609462426572553,0
0.2881155677187831,0
0.2769224875255786,0
0.2781663057601668,0
0.373815647626405,0
0.8046232163577834,1
0.5889615232794188,1
0.777937303618254,1
1.8130359934851648,1
0.5090845382708328,1
0.5606354223737398,1
1.3109632709051315,1
0.32879021648833423,0
0.3862393346084839,0
0.7072446408915644,1
0.6969024500292762,1
2.4067902303623785,1
0.43190342416173644,0
0.37960824762078926,0
0.5587522738247392,1
0.4944845999796196,1
0.41496778056693734,0
0.22682338580365552,0
0.2550700925300455,0
0.3625415632210375,0
0.26335530046598593,0
0.5985987074316637,1
0.7394525794675535,1
0.3543295527746737,0
0.3593651060100227,0
0.4980086042076154,1
0.5359374129706883,1
0.40432964580357983,0
0.38093041400897476,0
2.509044513938286,1
0.8344768569963436,1
1.1265379036600234,1
2.13728959513144,1
0.6193613848304849,1
0.3031415134480249,0
0.34728143790771565,0
0.30598494475544097,0
0.6893947839442508,1
0.3633073164689876,0
0.6179033525507419,1
1.701365291068819,1
0.5499547299288867,1
0.7529292748033691,1
0.5984642311076509,1
0.6223546112938575,1
0.5831234776974268,1
0.45047256941426034,1
0.5599531851827261,1
0.4669780818027847,1
0.6095359170327417,1
0.6388257785214588,1
1.3023369362823292,1
0.8413951766153409,1
1.3246819231534384,1
0.44201046161558444,0
0.7555697235020898,1
0.48964405171950126,1
0.37339578638663556,0
0.47761350142214115,1
0.268361684665438,0
0.3784730021927117,0
0.4175869666925493,0
0.38273484657961415,0
0.3813097576257186,0
0.233788219887382,0
0.33684863780523094,0
0.43814466160066445,0
0.18322272871182743,0
0.20750918756844045,0
0.34950730005343356,0
0.34948438771040263,0
0.2844202411609383,0
0.6468894820156479,1
0.3413031136394229,0
0.34781523560259164,0
0.5792309752065262,1
0.24297378424932672,0
0.29282434351444764,0
0.49010953484042796,1
0.38922598555926763,0
0.34984323049901184,0
0.30791318772454807,0
0.3483712691931835,0
0.27266034092736313,0
0.3870573563238573,0
3.2195533058122163,1
1.1498381725213995,1
2.6277127801137206,1
0.9015770084186876,1
0.48105415538030816,1
0.3797702905424589,0
1.0576138411665517,1
2.938689543027373,1
1.2820701024302372,1
1.2522189593900448,1
3.451991723392396,1
0.4555013786364268,1
0.4982005228542678,1
0.2972168411073662,0
0.3332596922345841,0
1.9031642718185344,1
0.723965377314827,1
2.423409031665775,1
0.29986870943545757,0
0.33438149813332657,0
0.263600700594962,0
0.3093764802690897,0
0.3690955159374357,0
0.35819887161817215,0
0.29012600368820407,0
0.368351366473529,0
0.29288640692628437,0
0.273594002322377,0
0.6180330727956308,1
0.3098564264577607,0
0.2373382199007546,0
0.27293891628188643,0
0.2236670504476794,0
0.2015900806486066,0
0.2314680859703858,0
0.16512708460297743,0
0.22022900379866192,0
0.2256797579468567,0
0.23253392591423266,0
0.3954172364958283,0
0.3941781067938132,0
0.6706794179589529,1
0.42659190105536526,0
0.2779996619567037,0
0.3111672256930149,0
0.2533652780536705,0
0.2789308763516526,0
0.36903102420397615,0
1.9136405275747632,1
0.4702909721841661,1
0.7675387030718269,1
0.8284943366674165,1
0.9797660800576667,1
0.6234982623139776,1
0.6071686333367452,1
0.43821616320134454,0
0.37693705912578673,0
0.9539802414000399,1
0.3962062016781274,0
0.535308564642548,1
0.7166516019773238,1
0.3571481919191051,0
0.3700963156965511,0
0.45239772384947047,1
0.2700942199762338,0
0.33291334824904184,0
0.38423491205223087,0
0.4354483204540453,0
0.2941353409947765,0
0.29379724149840636,0
0.20691415110024672,0
0.15743885123438145,0
0.19739251617994277,0
0.3620445944938039,0
0.17934470535084301,0
0.18037837887961405,0
0.23559576558983128,0
0.2186451473660212,0
0.21594166876835083,0
0.3895413785555076,0
0.22469105799157088,0
0.1361161656827204,0
0.4158515707450929,0
0.14168162771240397,0
0.16854503529854212,0
0.1684081591264692,0
0.16817211944138075,0
0.26847623685522315,0
0.28470813265739975,0
0.3028574557505758,0
0.4928212273453082,1
0.347495811020756,0
0.13306755215493465,0
0.41624872668854185,0
0.2621022766358035,0
0.24190636547823677,0
0.36494173006196096,0
0.2200121524229787,0
0.2395225114011221,0
0.17101976383219622,0
0.21684753609020221,0
0.24060317862534356,0
0.31641135600838244,0
0.3287996256086422,0
0.22771438962350052,0
0.1553889356146649,0
0.39360334791061913,0
0.18287751456449797,0
0.2123590524608051,0
0.25157707082098874,0
0.4312622985102038,0
0.30685399927587903,0
0.3010127426191127,0
0.33709483896003706,0
0.309731963878702,0
0.3288924800116584,0
0.4076452328051977,0
0.3518285718229599,0
0.3739417919105857,0
0.32638279733537523,0
0.19862115660934654,0
0.24010883821875698,0
0.22519138830279356,0
0.2567104653854658,0
0.3007134644826647,0
0.4497304825861412,1
0.3007764008052624,0
0.34291634299735485,0
0.29446446509764157,0
0.5122583893818512,1
0.9940355972473198,1
0.3617648329282838,0
0.3886905831456683,0
0.2893509819923844,0
0.23706501881232092,0
0.5559097739296018,1
0.5430399164257903,1
0.28347749515067694,0
0.24777011438856594,0
0.638885306991267,1
0.26630953320242334,0
0.2712862645653356,0
0.30229295748459545,0
0.362107927859496,0
0.46512134150962425,1
0.4488645356223377,1
0.1368181452091473,0
0.1267415065178839,0
0.11633534069286497,0
0.13282485942314262,0
0.12887473811879435,0
0.16162050027270025,0
0.2350895341288658,0
0.22615342402176014,0
0.24807560620786395,0
0.18254135351667217,0
0.37242469292396624,0
0.5855932260267092,1
0.4438863411794832,0
0.1606346516329529,0
0.17776791760513977,0
0.31771156518829674,0
0.1552505788219704,0
0.2841304004287744,0
0.1349073648661399,0
0.41956947546180307,0
0.16564538128955306,0
0.1226258414627943,0
0.09915233044900999,0
0.3195592160212547,0
0.2422997282152333,0
0.23099601344982315,0
0.6559969644861414,1
0.8617449049340086,1
0.3859209819067317,0
0.2566509643681656,0
0.4128991587542643,0
0.17914681049889472,0
0.6068509170155153,1
0.15654542571028648,0
0.18423022776911166,0
0.28680270640889916,0
0.20955851107798654,0
0.23010952997445203,0
0.2834931891619087,0
0.42425536046318263,0
0.6382188823525625,1
1.3184045298167817,1
0.6107504083615731,1
0.5521501297757393,1
0.2170633141269661,0
0.1502430302818549,0
0.11090427615502613,0
0.3211037591118528,0
0.2396516268919982,0
0.23239575559621217,0
0.21732867423582994,0
0.1680593656299222,0
0.2624478227116871,0
0.08708835814110504,0
0.28583123021799384,0
0.2375622862866407,0
0.3380033866262407,0
0.260516832900444,0
