DecisionScore,Anomaly
-1.6407944705473483,1
-1.630154919667035,1
-1.6195209672538624,1
-1.608892613306267,1
-1.5982698578216628,1
-1.5866428946065696,1
-1.5760311553279394,1
-1.5654250144236528,1
-1.5548244718873434,1
-1.5442295277124174,1
-1.5336401818905472,1
-1.5230564344134052,1
-1.5124782852716976,1
-1.5019057344546525,1
-1.4913387819511286,1
-1.4807774277497856,1
-1.4702216718371517,1
-1.459671514199897,1
-1.4491269548234982,1
-1.4384434817153533,1
-1.4279100928525281,1
-1.4173823021915553,1
-1.4068601097147564,1
-1.3963435154027763,1
-1.3858325192367147,1
-1.3753271211961078,1
-1.6064098836856715,1
-1.5959550085373735,1
-1.5855057463897424,1
-1.5750620972233378,1
-1.564624061018634,1
-1.5541916377553946,1
-1.54063058665011,1
-1.5302089201873343,1
-1.519792866436518,1
-1.5093824253736159,1
-1.4989775969744983,1
-1.488578381213955,1
-1.4780004887262237,1
-1.4676124705239033,1
-1.4570457472972294,1
-1.4466689265046284,1
-1.4362977181912413,1
-1.425932122326799,1
-1.4155721388804636,1
-1.405217767819238,1
-1.3948690091110336,1
-1.3845258627215458,1
-1.3740038165848034,1
-1.3636718669964125,1
-1.3533455296112038,1
-1.3430248043924848,1
-1.3327096913015168,1
-1.3224001903004705,1
-1.312096301349385,1
-1.301798024408214,1
-1.2915053594351207,1
-1.2812183063882685,1
-1.2709368652250816,1
-1.260661035902018,1
-1.2503908183740293,1
-1.2401262125956976,1
-1.2298672185214343,1
-1.2196138361037754,1
-1.2093660652953133,1
-1.1991239060472196,1
-1.1888873583092163,1
-1.178656422032077,1
-1.1684310971639604,1
-1.1582113836527128,1
-1.1479972814461235,1
-1.1377887904902195,1
-1.1275859107309714,1
-1.1173886421122177,1
-1.107196984578394,1
-1.0970109380719748,1
-1.0868305025360598,1
-1.0766556779111625,1
-1.0663011429929554,1
-1.056137511987714,1
-1.0459794917032639,1
-1.0358270820774749,1
-1.025680283047791,1
-1.0155390945502916,1
-1.0054035165201185,1
-0.9952735488932092,1
-0.9851491916020052,1
-0.9750304445804545,1
-0.9649173077606292,1
-0.9548097810738909,1
-0.9447078644506632,1
-0.9346115578204319,1
-0.9245208611130522,1
-0.9144357742557077,1
-0.9043562971762356,1
-0.8942824298003131,1
-0.8842141720544134,1
-0.8741515238624231,1
-0.8640944851489962,1
-0.8540430558365983,1
-0.8439972358479224,1
-0.8339570251044108,1
-0.8239224235262554,1
-0.8138934310339039,1
-0.80387004754607,1
-0.7938522729803026,1
-0.7838401072544343,1
-0.7738335502847065,1
-0.7638326019870476,1
-0.7538372622761642,1
-0.7438475310657964,1
-0.7338634082694853,1
-0.7238848937989246,1
-0.7139119875657798,1
-0.7039446894812045,1
-0.6939829994547324,1
-0.6840269173951867,1
-0.674076443211078,1
-0.664131576809325,1
-0.6541923180965341,1
-0.6442586669788852,1
-0.6343306233608814,1
-0.6244081871463152,1
-0.6144913582386664,1
-0.6043935432730336,1
-0.594487900209316,1
-0.5845878641468971,1
-0.5746934349859032,1
-0.5648046126253234,1
-0.5547346883562057,1
-0.5448570507655859,1
-0.5349850196578245,1
-0.525118594928017,1
-0.5152577764716568,1
-0.5054025641825604,1
-0.49555295795428833,1
-0.4857089576787246,1
-0.47587056324755395,1
-0.4660377745518076,1
-0.4562105914816925,1
-0.4463890139254545,1
-0.43657304177182255,1
-0.4267626749086446,1
-0.41695791322194964,1
-0.407158756597795,1
-0.39736520492067484,1
-0.38720294977244407,1
-0.377420550255664,1
-0.36764375531660676,1
-0.35787256483632746,1
-0.3481069786958244,1
-0.3383469967751864,1
-0.3285926189533086,1
-0.3188438451082618,1
-0.3091006751185148,1
-0.29936310885963735,1
-0.28963114620830765,1
-0.2799047870389302,1
-0.27018403122573886,1
-0.2604688786429392,1
-0.25075932916212196,1
-0.2410553826551336,1
-0.231357038993508,1
-0.22166429804653376,1
-0.2119771596837552,1
-0.20229562377338084,1
-0.1926196901834487,1
-0.18294935877997887,1
-0.17328462942964507,1
-0.16362550199690418,1
-0.15397197634641202,1
-0.14432405234131807,1
-0.13468172984411808,1
-0.12504500871733626,1
-0.11541388882139358,1
-0.10578837001602892,1
-0.09616845216118008,1
-0.08655413511507959,1
-0.07694541873527783,1
-0.0673423028784157,1
-0.05774478740099198,1
-0.04815287215808439,1
-0.03856655700388956,1
-0.02898584179169461,1
-0.019410726374474052,1
-0.009841210603838135,1
-0.00027729433111289836,0
0.009281022593967236,0
0.018833740321639425,0
0.02838085900359033,0
0.03792237879142135,0
0.04745829983929184,0
0.05698862230039481,0
0.06651334632977068,0
0.07603247208311359,0
0.08554599971651555,0
0.09505392938729074,0
0.10455626125357753,0
0.11405299547445225,0
0.123544132209787,0
0.13302967161925494,0
0.14250961386463246,0
0.15198395910826434,0
0.16145270751357543,0
0.1709158592439337,0
0.18037341446384403,0
0.18982537333900495,0
0.19927173603585402,0
0.20871250272099928,0
0.21814767356346465,0
0.22757724873110874,0
0.23700122839414917,0
0.24641961272254775,0
0.2558324018875737,0
0.2656177436793996,0
0.27501940179439543,0
0.28441546528543427,0
0.29380593432696855,0
0.30337995965302866,0
0.3127592697419743,0
0.3221329859207742,0
0.33150110836669455,0
0.3408636372589342,0
0.3502205727770331,0
0.35957191510135544,0
0.3689176644128054,0
0.37825782089382187,0
0.38759238472695756,0
0.39692135609575985,0
0.4062447351850267,0
0.4155625221798118,0
0.4248747172663059,0
0.43418132063141,0
0.4434823324631907,0
0.45277775294985645,0
0.46206758228089484,0
0.4713518206468166,0
0.4806304682385587,0
0.48990352524870673,0
0.4991709918687661,0
0.5084328682927151,0
0.5176891547154128,0
0.5269398513314343,0
0.5361849583370315,0
0.5454244759292806,0
0.5546584043057976,0
0.5638867436648525,0
0.5731094942058235,0
0.5823266561289415,0
0.5915382296349208,0
0.6007442149259816,0
0.6099446122043446,0
0.6191394216738502,0
0.6283286435382536,0
0.6375122780031575,0
0.6466903252737097,0
0.6558627855572183,0
0.6650296590613607,0
0.6741909459948658,0
0.6833466465654396,0
0.6924967609841417,0
0.7016412894624011,0
0.7107802322103964,0
0.7199135894419157,0
0.7290413613693261,0
0.738163548207325,0
0.747280150170667,0
0.7563911674755275,0
0.7654966003375989,0
0.7745964489754442,0
0.783690713606461,0
0.7927793944500081,0
0.8033875416128353,0
0.8124652953286784,0
0.8215374660024395,0
0.8306040538564616,0
0.8396650591147363,0
0.8487204820000329,0
0.857770322738105,0
0.8668145815540242,0
0.8758532586749084,0
0.8848863543273637,0
0.8941046774474444,0
0.9031266409235457,0
0.9121430236288575,0
0.9211538257942493,0
0.9301590476508181,0
0.9391586894307125,0
0.9481527513676156,0
0.9571412336949265,0
0.9661241366475792,0
0.9751014604611896,0
0.9848373722247743,0
0.9938036591770754,0
1.0027643677432252,0
1.0117194981627335,0
1.0221970408318555,0
1.031141257389237,0
1.0400798966050502,0
1.049012958721363,0
1.0579404439816358,0
1.0668623526293572,0
1.0757786849090394,0
1.0846894410659331,0
1.0955045727811523,0
1.1044044803427653,0
1.1132988126282726,0
1.122187569886961,0
1.1310707523679184,0
1.1399483603214549,0
1.1488203939989035,0
1.1576868536520806,0
1.16654773953465,0
1.1754030518994512,0
1.1842527910007732,0
1.1930969570945251,0
1.201935550436076,0
1.2107685712831255,0
1.219596019893089,0
1.2284178965241495,0
1.2372342014367064,0
1.246044934889909,0
1.2548500971452654,0
1.2636496884643975,0
1.2724437091103766,0
1.2812321593461036,0
1.2900150394360423,0
1.2987923496454243,0
1.3075640902402768,0
1.3163302614872805,0
1.3250908636539123,0
1.333845897008814,0
1.3425953618208837,0
1.3513392583601842,0
1.3600775868973756,0
1.3688103477047662,0
1.377537541054238,0
1.3862591672188387,0
1.3949752264733775,0
1.403685719092664,0
1.4123906453523034,0
1.4210900055287254,0
1.4297837998994396,0
1.438472028742467,0
1.4471546923374206,0
1.455831790963174,0
1.4645033249011021,0
1.4731692944325232,0
1.4818296998396079,0
1.4904845414056922,0
1.4991338194146238,0
1.5077775341506197,0
1.5164156859000286,0
1.5250482749483183,0
1.5336753015835711,0
1.5422967660935853,0
1.5509126687668129,0
1.5595230098931552,0
1.5681277897628263,0
1.5767270086676035,0
1.5853206668988662,0
1.5939087647499264,0
1.6024913025145224,0
1.6110682804872738,0
1.619639698963283,0
1.6282055582387898,0
1.6367658586109428,0
1.6453206003771186,0
1.6538697838365692,0
1.6624134092880922,0
1.6709514770321618,0
1.6794839873698493,0
1.6880109406029078,0
1.6965323370344834,0
1.7050481769676082,0
1.7135584607067074,0
1.722063188556774,0
1.7305623608242513,0
1.7390559778154113,0
1.747544039837635,0
1.7560265472004062,0
1.764503500211731,0
1.772974899182401,0
1.781440744422497,0
1.7899010362443164,0
1.7983557749603847,0
1.806804960883511,0
1.8152485943279544,0
1.8236866756087977,0
1.8321192050415505,0
1.8405461829426883,0
1.8489676096297387,0
1.8573834854209679,0
1.8657938106351821,0
1.8741985855921541,0
1.8825978106121966,0
1.8909914860173274,0
1.8993796121293656,0
1.9077621892715513,0
1.9163329875813133,0
1.9247044990591462,0
1.9330704625519672,0
1.9414308783860292,0
1.9497857468882387,0
1.9581350683868664,0
1.9664788432106661,0
1.9748170716891025,0
1.9831497541518388,0
1.9914768909305849,0
1.9997984823576758,0
2.008114528765759,0
2.016425030487966,0
2.024729987858848,0
2.0330294012143497,0
2.0413232708898192,0
2.0496115972220537,0
2.0582829053084026,0
2.066560208942974,0
2.0748319702714753,0
2.0830981896342564,0
2.0913588673724632,0
2.0996140038274973,0
2.1078635993420676,0
2.1161076542597073,0
2.1243461689244043,0
2.132579143680516,0
2.140806578875015,0
2.149028474853509,0
2.157244831963908,0
2.1654556505548896,0
2.1736609309742505,0
2.18186067357243,0
2.1900548787000673,0
2.1982435467089374,0
2.2064266779510433,0
2.2146042727794963,0
2.2227763315480615,0
2.2309428546114702,0
2.2394936479928162,0
2.2476491641667167,0
2.255799145725689,0
2.263943593028415,0
2.2720825064340318,0
2.280215886301505,0
2.2883437329909384,0
2.296466046864168,0
2.3045828282832304,0
2.312694077610473,0
2.3207997952096378,0
2.329290376698168,0
2.337385095627326,0
2.3454742839458618,0
2.35355794202124,0
2.3616360702206407,0
2.3697086689128923,0
2.3777757384665676,0
2.3858372792523994,0
2.393893291640836,0
2.4019437760041455,0
2.409988732714112,0
2.4180281621447364,0
2.426062064669537,0
2.4340904406637947,0
2.442113290502874,0
2.4501306145639603,0
2.4581424132238396,0
2.4661486868610893,0
2.474149435854059,0
2.48214466058306,0
2.490134361428119,0
2.4981185387709957,0
2.5060971929941047,0
2.514070324480059,0
2.5222338574635046,0
2.530195976737673,0
2.5381525744397493,0
2.546103650956269,0
2.5540492066733123,0
2.561989241979404,0
2.569923757263325,0
2.5778527529139694,0
2.5857762293217093,0
2.593694186878139,0
2.6016066259744264,0
2.609513547003786,0
2.6174149503594037,0
2.6255071511583594,0
2.6333975526040376,0
2.6412824375722437,0
2.6491618064600857,0
2.6570356596646434,0
2.664903997583963,0
2.67276682061771,0
2.68062412916575,0
2.6884759236286584,0
2.696322204407977,0
2.7041629719057028,0
2.7121948692213493,0
2.7200246437423914,0
2.7278489062054234,0
2.7356676570159664,0
2.743480896579456,0
2.7512886253039994,0
2.7590908435972494,0
2.766887551867711,0
2.774678750524714,0
2.782464439979691,0
2.7902446206427953,0
2.7980192929262273,0
2.8057884572429828,0
2.8135521140065123,0
2.8213102636312613,0
2.829062906532073,0
2.8368100431251833,0
2.8445516738273113,0
2.8522877990562563,0
2.860018419230073,0
2.8677435347683513,0
2.8754631460904534,0
2.8831772536181575,0
2.890885857771849,0
2.898588958974642,0
2.9062865576495653,0
2.913978654220813,0
2.921665249113005,0
2.9293463427518702,0
2.937021935563422,0
2.944692027975151,0
2.952356620415486,0
2.960015713312174,0
2.9676693070952638,0
2.975317402195742,0
2.982959999044084,0
2.990597098072783,0
2.9982286997141046,0
3.0058548044021904,0
3.0134754125711822,0
3.0210905246563584,0
3.0287001410936227,0
3.0363042623195327,0
3.0439028887725783,0
3.0514960208904256,0
3.0590836591121615,0
3.066665803878152,0
3.0742424556291894,0
3.0818136148063786,0
3.0893792818529846,0
3.096939457211164,0
3.104494141325773,0
3.1120433346412426,0
3.119587037602969,0
3.127125250657741,0
3.1346579742523772,0
3.142185208835457,0
3.149706954854935,0
3.15722321276084,0
3.1647339830034014,0
3.172239266034069,0
3.1797390623045487,0
3.1872333722673716,0
3.194722196376887,0
3.202205535086904,0
3.209683388852625,0
3.2171557581296497,0
3.224622643375369,0
3.2320840450471735,0
3.239539963603164,0
3.2469903995024936,0
3.25443535320548,0
3.2618748251726686,0
3.2693088158651733,0
3.276737325745785,0
3.2841603552774927,0
3.2915779049241394,0
3.2989899751506755,0
3.3063965664224213,0
3.3137976792056065,0
3.3211933139672283,0
3.3285834711755626,0
3.3359681512992267,0
3.343347354807406,0
3.3507210821705655,0
3.3580893338599367,0
3.3654521103469506,0
3.372809412104658,0
3.3801612396065366,0
3.387507593326376,0
3.394848473739671,0
3.402183881322003,0
3.410312215282289,0
3.417636812291903,0
3.4249559379488232,0
3.4322695927321263,0
3.4395777771214853,0
3.4468804915973124,0
3.454177736641128,0
3.4614695127354196,0
3.4687558203628157,0
3.4760366600070824,0
3.48331203215281,0
3.4905819372857536,0
3.497846375891811,0
3.505105348458102,0
3.512358855471973,0
3.51960689742225,0
3.5268494747983823,0
3.534086588089991,0
3.541318237788289,0
3.548544424385426,0
3.5557651483728137,0
3.56318064528935,0
3.570390479193577,0
3.577594851982383,0
3.5847937641514704,0
3.591987216197225,0
3.599175208617197,0
3.6063577419093917,0
3.613534816572013,0
3.6207064331050276,0
3.6278725920091404,0
3.6350332937849146,0
3.642188538934903,0
3.649338327961999,0
3.6564826613687558,0
3.663621539660795,0
3.6707549633425742,0
3.678083680305946,0
3.685206230123981,0
3.6923233268635443,0
3.6994349710330425,0
3.706541163141594,0
3.7136419036988855,0
3.720737193215598,0
3.7278270322030096,0
3.73491142117399,0
3.7421913854724664,0
3.7492649098911954,0
3.7563329858462566,0
3.763395613852964,0
3.770452794427456,0
3.7775045280867516,0
3.784550815348638,0
3.7915916567314696,0
3.7986270527546537,0
3.805657003938478,0
3.812681510803543,0
3.8197005738716143,0
3.8267141936654525,0
3.8337223707080454,0
3.84072510552366,0
3.8477223986369324,0
3.8547142505734087,0
3.8617006618599987,0
3.868681633022959,0
3.875657164591246,0
3.882627257093219,0
3.889591911058403,0
3.8965511270170907,0
3.9035049055005686,0
3.910453247040806,0
3.91739615217017,0
3.9243336214224485,0
3.9312656553317424,0
3.9383942065007886,0
3.945315405597171,0
3.952231170969867,0
3.959141503156161,0
3.9660464026941895,0
3.972945870123283,0
3.9798399059827148,0
3.9867285108127817,0
3.9936116851558836,0
4.000489429553056,0
4.0073617445479215,0
4.014228630683647,0
4.021090088504565,0
4.02794611855677,0
4.034796721385447,0
4.0416418975379145,0
4.048481647561118,0
4.055315972003882,0
4.062144871415683,0
4.068968346345628,0
4.0757863973449275,0
4.083611982512025,0
4.090419359861954,0
4.10106558569754,0
4.107862775219587,0
4.115462873265898,0
4.122249359763799,0
4.129030426537213,0
4.136008191305734,0
4.142778454882347,0
4.149543300419737,0
4.156302728476959,0
4.163056739614575,0
4.169805334393317,0
4.176548513374769,0
4.183286277121823,0
4.190018626197315,0
4.196745561165358,0
4.203467082591118,0
4.210183191040301,0
4.216893887078356,0
4.223599171273264,0
4.230299044193117,0
4.236993506406691,0
4.2436825584826465,0
4.250366200992374,0
4.2572471483728975,0
4.263920008255667,0
4.270587460299055,0
4.277249505076156,0
4.283906143161886,0
4.290557375130618,0
4.29720320155846,0
4.303843623021237,0
4.310478640097102,0
4.317108253363557,0
4.323732463399864,0
4.330351270785144,0
4.336964676100052,0
4.3435726799261545,0
4.35017528284493,0
4.356772485439194,0
4.363364288292587,0
4.369950691989146,0
4.376531697113904,0
4.383107304253286,0
4.3896775139932345,0
4.396242326921367,0
4.402801743625787,0
4.409355764695505,0
4.415904390719959,0
4.422447622290349,0
4.428985459997364,0
4.435517904432686,0
4.442044956189619,0
4.448566615861836,0
4.455082884043378,0
4.461593761329766,0
4.468099248316435,0
4.474599345600325,0
4.481094053778804,0
4.487583373450121,0
4.494067305213235,0
4.500545849668157,0
4.507019007414755,0
4.513690831062718,0
4.905709051317217,0
4.912386022923158,0
4.918915048888181,0
4.925438719685474,0
4.931957035927411,0
4.9386127317713715,0
4.945120375055865,0
4.9517654401296625,0
4.9582624129667465,0
4.964754034343912,0
4.971240304877853,0
4.977721225184354,0
4.984196795881957,0
4.990667017588692,0
4.997274878406955,0
5.003734438429547,0
5.010331680004668,0
5.016780580879754,0
5.023224135894708,0
5.029805450077248,0
5.036238349748686,0
5.04266590544475,0
5.049088117790973,0
5.055648202219089,0
5.0620597643059,0
5.068465984936751,0
5.074866864740045,0
5.0812624043451535,0
5.087652604382242,0
5.094324227109269,0
5.100703819187942,0
5.107221482167262,0
5.113590434255059,0
5.119954049976627,0
5.126312329966424,0
5.132665274859704,0
5.1390128852920895,0
5.14564231230554,0
5.151979325231423,0
5.158311005637103,0
5.164637354160902,0
5.170958371443561,0
5.1772740581245955,0
5.1835844148461945,0
5.18988944225012,0
5.196189140979669,0
5.202483511677883,0
5.208772554989537,0
5.215344077147023,0
5.221622537427464,0
5.227895672286451,0
5.234163482371372,0
5.240425968331181,0
5.24682716667823,0
5.253079041305284,0
5.259325593770001,0
5.26556682472372,0
5.27180273481784,0
5.278321663252797,0
5.284547003666859,0
5.290911222990729,0
5.29712596138495,0
5.303335382233541,0
5.3095394861922784,0
5.315738273919209,0
5.321931746072039,0
5.3281199033097835,0
5.334447162102947,0
5.340624726652834,0
5.346941436707681,0
5.35325287715699,0
5.359414575341873,0
5.366870541574826,0
5.373166229924976,0
5.37931234982517,0
5.3861745686811275,0
5.392310248048005,0
5.398440620047495,0
5.404854266004293,0
5.411118379928098,0
5.417232939803682,0
5.423342195030273,0
5.429446146279503,0
5.435544794222665,0
5.441638139532415,0
5.447726182882462,0
5.453808924946173,0
5.459886366399388,0
5.465958507916866,0
5.472025350175215,0
5.478231539456999,0
5.4844324740450645,0
5.490483493569087,0
5.496529216574885,0
5.502569643742902,0
5.50860477575398,0
5.514779416470219,0
5.520803995770564,0
5.526823281974885,0
5.5328372757670365,0
5.538990895585499,0
5.54499434222177,0
5.550992498516422,0
5.5569853651562084,0
5.563117975375121,0
5.569245340908282,0
5.575222414078013,0
5.581194200376501,0
5.587160700494252,0
5.593121915123163,0
5.599077844954536,0
5.605028490682258,0
5.61097385299928,0
5.616913932601307,0
5.622848730182227,0
5.628778246439083,0
5.634702482067837,0
5.640621437766299,0
5.6465351142325915,0
5.652443512165746,0
5.658492181686768,0
5.6643900605456,0
5.670573822173083,0
5.676606794623979,0
5.683071115902862,0
5.689093651939373,0
5.694965443419221,0
5.70097751329962,0
5.706838795896147,0
5.712694807131442,0
5.7185455477122105,0
5.724391018346864,0
5.730231219744297,0
5.736066152613631,0
5.741895817665352,0
5.7477202156103715,0
5.753685194978345,0
5.759499096958962,0
5.765307733984315,0
5.771402935895907,0
5.777201117463164,0
5.783139981497612,0
5.78892767439757,0
5.794710105962622,0
5.8004872769097915,0
5.806259187958403,0
5.812171938368863,0
5.817933368029429,0
5.82368953996496,0
5.829440454897224,0
5.835478517536728,0
5.841218993245292,0
5.846954214147701,0
5.852684180967998,0
5.858701478005571,0
5.864713556815531,0
5.8708666300371135,0
5.876722062984982,0
5.8825722906275075,0
5.888271075984562,0
5.894110886660712,0
5.900091749427133,0
5.9057748997672945,0
5.911452803480358,0
5.9171254612998325,0
5.922792873959111,0
5.92845504219153,0
5.934111966732786,0
5.939763648317694,0
5.945410087683484,0
5.951344369741065,0
5.956980400052544,0
5.962611190386667,0
5.968383351716227,0
5.97400370094249,0
5.979765468159627,0
5.985375379297949,0
5.99098005419134,0
5.996579493582942,0
6.002173698216922,0
6.007762668836932,0
6.01334640618947,0
6.018924911019525,0
6.024498184073906,0
6.030066226101155,0
6.03562903784848,0
6.041186620065446,0
6.046738973501164,0
6.052286098906478,0
6.057827997032803,0
6.06336466863209,0
6.068896114456749,0
6.07442233526001,0
6.079943331796727,0
6.0854591048213535,0
6.090969655089367,0
6.096474983357297,0
6.101975090382155,0
6.107617451567734,0
6.113107155363821,0
6.118591640207001,0
6.124070906857725,0
6.129544956076018,0
6.135013788623553,0
6.140477405262828,0
6.145935806756512,0
6.151388993868892,0
6.156984747590002,0
6.162427545344229,0
6.167865131026531,0
6.173297505404321,0
6.17872466924419,0
6.184146623314291,0
6.189563368383858,0
6.194974905222892,0
6.200381234600826,0
6.205782357289394,0
6.2111782740598755,0
6.216568985685285,0
6.222102691655408,0
6.227631240807511,0
6.233006416232399,0
6.2386728719232565,0
6.244037718735001,0
6.249397365109672,0
6.254751811824832,0
6.260101059658865,0
6.265445109390527,0
6.270932385422782,0
6.276266078700445,0
6.281743046901198,0
6.287066386907583,0
6.292384532747263,0
6.29784604044093,0
6.3031538377797744,0
6.308456443318818,0
6.313902497777377,0
6.319194759599071,0
6.324481831994547,0
6.329763715752591,0
6.335040411661083,0
6.34031192050935,0
6.34557824308834,0
6.350988255297267,0
6.356393130274483,0
6.361643974068414,0
6.366889634788777,0
6.372130113229474,0
6.377365410185291,0
6.382744571932193,0
6.387969546013693,0
6.393189341012004,0
6.39840395772498,0
6.403613396950647,0
6.408817659487283,0
6.414016746135104,0
6.419210657694379,0
6.424399394966059,0
6.429582958751297,0
6.4349107452814565,0
6.440084002356343,0
6.445252088369443,0
6.450564485359081,0
6.455722269559374,0
6.461024414370996,0
6.466321439409256,0
6.471463796014092,0
6.476600986439337,0
6.481733011493532,0
6.486859871986297,0
6.491981568728249,0
6.497098102530458,0
6.502209474204989,0
6.507315684564418,0
6.51241673442172,0
6.517512624591603,0
6.522603355888293,0
6.527688929127493,0
6.532769345125502,0
6.537844604698989,0
6.543064790835103,0
6.548129778169169,0
6.553489845129178,0
6.558544601741602,0
6.563594206068473,0
6.568638658931434,0
6.573978389162704,0
6.579162828587215,0
6.584191946759631,0
6.589215916803909,0
6.594234739544191,0
6.5992484158070965,0
6.604256946418104,0
6.6092603322044,0
6.614258573994107,0
6.619251672615434,0
6.624239628897357,0
6.62922244367013,0
6.634200117764408,0
6.63917265201124,0
6.644140047242985,0
6.6491023042920006,0
6.654059423991953,0
6.659011407177587,0
6.6642598969687015,0
6.669352504563932,0
6.674289198765649,0
6.679220759840149,0
6.68414718862536,0
6.689068485959382,0
6.694135635528028,0
6.699046711067098,0
6.704103689916195,0
6.709004547080781,0
6.713900277026767,0
6.718790880597055,0
6.723827517605969,0
6.72870790963097,0
6.733734386351671,0
6.738604570269388,0
6.743469632065171,0
6.748329572586158,0
6.753184392679998,0
6.758034093195391,0
6.762878674981721,0
6.767718138888455,0
6.772552485766369,0
6.777533246037791,0
6.782508940839762,0
6.787328019441446,0
6.792141984453394,0
6.796950836729792,0
6.80175457712528,0
6.807008244554879,0
6.811801880522154,0
6.816590407222009,0
6.821980620733086,0
6.826759087330743,0
6.831532447293995,0
6.836300701482941,0
6.841063850758701,0
6.845821895982169,0
6.850726701285566,0
6.855474580043619,0
6.860217357352099,0
6.86495503407528,0
6.869687611078177,0
6.874415089226375,0
6.879137469385682,0
6.883854752423758,0
6.888566939207635,0
6.893274030606619,0
6.898280452929214,0
6.903129644749299,0
6.907821572847382,0
6.912508409084211,0
6.917646971016836,0
6.922323743917104,0
6.926995427618152,0
6.931662022994402,0
6.936323530920646,0
6.941284750472988,0
6.9459361647838875,0
6.950582494302779,0
6.955223739906245,0
6.959859902473767,0
6.964490982883632,0
6.969116982016033,0
6.973737900750933,0
6.978353739969123,0
6.983117212407819,0
6.987722934700884,0
6.99232358013947,0
6.99691914960809,0
6.481849478057569,0
6.486326548152704,0
6.490798507606144,0
6.495265357298081,0
6.499727098108906,0
6.504183730920261,0
6.508635256614667,0
6.5137678065783575,0
6.51843793584905,0
6.522874305859801,0
6.527305572339998,0
6.531731736175715,0
6.536152798253397,0
6.540568759460314,0
6.5449796206840745,0
6.549385382813682,0
6.553786046737798,0
6.558181613346903,0
6.562572083531535,0
6.566957458183282,0
6.571337738193847,0
6.575712924456155,0
6.580083017863984,0
6.584448019311196,0
6.588807929692564,0
6.593162749903996,0
6.609859997081685,0
6.614206816750567,0
6.618776527129711,0
6.623113214457248,0
6.628128825358573,0
6.632455464719783,0
6.636777020941423,0
6.641093494924206,0
6.645861077987746,0
6.6510796814809225,0
6.655837176783734,0
6.660361663321538,0
6.664653103730842,0
6.668939467439458,0
6.673448858039734,0
6.677953227062176,0
6.684276605950686,0
6.690137975085776,0
6.695082915241301,0
6.699567413295057,0
6.704046894707744,0
6.709204444106405,0
6.714129210347011,0
6.7185937121098505,0
6.72328082370268,0
6.727507678255051,0
6.732867572489539,0
6.737539631479763,0
6.742434188219988,0
6.746641197166042,0
6.751070707520398,0
6.756632672044276,0
6.760824786733963,0
6.765694231872004,0
6.7705586154065145,0
6.775190587894599,0
6.779362802948498,0
6.784212176943299,0
6.788374407238052,0
6.792531585407318,0
6.797138627372902,0
6.801513242500278,0
6.805655392337201,0
6.809792493789445,0
6.8139245477838415,0
6.8180515552490135,0
6.822173517112333,0
6.826290434304013,0
6.830402307753644,0
6.83450913839215,0
6.838610927150597,0
6.842707674960366,0
6.846799382755108,0
6.850886051467796,0
6.854967682032196,0
6.859044275383155,0
6.86311583245643,0
6.867182354187577,0
6.871243841514058,0
6.875300295372739,0
6.879351716701791,0
6.883398106440609,0
6.887439465528274,0
6.891475794905574,0
6.895507095512585,0
6.899533368291145,0
6.903554614183776,0
6.9075708341335655,0
6.911582029083604,0
6.915588199978686,0
6.919589347763264,0
6.9240427650935885,0
6.928033951937323,0
6.9322488053219615,0
6.936229993870313,0
6.941578198491186,0
6.945549598951459,0
6.949515983052919,0
6.9534773517465,0
6.957433705983107,0
6.961385046714668,0
6.965331374893509,0
6.969272691472867,0
6.97320899740717,0
6.977140293650194,0
6.981066581158075,0
6.985216891107115,0
6.989133205427379,0
6.993044513895114,0
6.996950817468132,0
7.000852117104955,0
7.0047484137648155,0
7.008639708407998,0
7.012526001995326,0
7.016407295488108,0
7.020283589847907,0
7.024154886037849,0
7.028021185021089,0
7.031882487762147,0
7.035738795225086,0
7.039590108376103,0
7.043436428181167,0
7.0475074223627985,0
7.051343800001348,0
7.055175187209073,0
7.05923134893996,0
7.063052799857729,0
7.066869263266597,0
7.070680740137021,0
7.074487231440514,0
7.078288738149723,0
7.082085261236955,0
7.085876801675994,0
7.089663360441364,0
7.093444938507361,0
7.097221536850043,0
7.1009931564449005,0
7.104759798269981,0
7.10852146330177,0
7.112278152519281,0
7.1160298669013,0
7.119776607426672,0
7.123518375076372,0
7.128407335284635,0
7.132139369629243,0
7.135866434108863,0
7.139588529706089,0
7.149060288757255,0
7.153233205173592,0
7.161762648840579,0
7.165466893714438,0
7.169166175264195,0
7.172860494476851,0
7.17654985234023,0
7.180234249842954,0
7.18391368797387,0
7.187588167722652,0
7.191257690080221,0
7.194922256037017,0
7.198581866585215,0
7.202236522716845,0
7.205886225426013,0
7.209530975705235,0
7.213170774549781,0
7.216805622954212,0
7.220435521914567,0
7.224060472427311,0
7.227680475489279,0
7.23129553209904,0
7.234905643253882,0
7.238510809953539,0
7.242111033197517,0
7.245706313986233,0
7.249296653320641,0
7.252882052203262,0
7.256462511635959,0
7.260038032621566,0
7.263608616163793,0
7.267174263267805,0
7.270734974937966,0
7.274290752180065,0
7.2778415960006555,0
7.281387507406748,0
7.2849284874058355,0
7.288464537006803,0
7.291995657217967,0
7.295521849049749,0
7.2990431135120275,0
7.302559451615792,0
7.306070864373055,0
7.309577352795856,0
7.3130789178971725,0
7.316575560690865,0
7.320067282191019,0
7.323554083413029,0
7.3270359653719765,0
7.342501706190802,0
7.351255788620222,0
7.354726114915394,0
7.358191527017851,0
7.361652025946881,0
7.3651076127223405,0
7.368558288364881,0
7.372004053894926,0
7.3754449103348065,0
7.379569474613135,0
7.383000644100747,0
7.386426907606904,0
7.389848266156292,0
7.393264720773573,0
7.396676272484996,0
7.400082922316528,0
7.403484671295132,0
7.406881520447882,0
7.410273470803929,0
7.4136605233919965,0
7.417042679241291,0
7.4204199393821,0
7.4237923048460175,0
7.427159776663473,0
7.430522355867481,0
7.433880043490461,0
7.437232840566082,0
7.440580748128355,0
7.44392376721234,0
7.447261898853242,0
7.450595144087259,0
7.453923503951074,0
7.4577078901824905,0
7.461257025308782,0
7.464801336592188,0
7.468340825113103,0
7.4716449890469505,0
7.474944273911774,0
7.4782386807492,0
7.481528210601198,0
7.484812864510218,0
7.488092643519764,0
7.491367548673367,0
7.494637581015667,0
7.497902741591929,0
7.501163031447959,0
7.5044184516303005,0
7.507669003186123,0
7.510914687163421,0
7.514155504609704,0
7.517391456574899,0
7.520622544108392,0
7.5238487682610184,0
7.5270701300833025,0
7.530286630626904,0
7.533498270944278,0
7.536705052088365,0
7.539906975112615,0
7.543104041071302,0
7.546296251018958,0
7.549483606012075,0
7.552666107105551,0
7.555843755357046,0
7.559016551823731,0
7.562184497564118,0
7.565347593636034,0
7.5685058410995225,0
7.571659241014629,0
7.5748077944417105,0
7.577951502442033,0
7.58109036607766,0
7.584224386410909,0
7.587353564505463,0
7.59047790142526,0
7.593597398234181,0
7.596944249131354,0
7.600054112524816,0
7.603159139018146,0
7.60649162598483,0
7.6095870255308,0
7.613142275542231,0
7.616228096145903,0
7.619541473128322,0
7.622617675472696,0
7.62568904845395,0
7.628755593144064,0
7.631817310615162,0
7.634874201939965,0
7.6379262681919045,0
7.6409735104451215,0
7.64401592977444,0
7.647053527255025,0
7.650086303962553,0
7.653114260974263,0
7.656137399366685,0
7.659155720218308,0
7.662169224607851,0
7.665177913613263,0
7.668181788315394,0
7.671180849794325,0
7.674175099131219,0
7.677164537408061,0
7.680149165706041,0
7.683128985108823,0
7.686103996700211,0
7.6890742015643525,0
7.692039600785677,0
7.69500019544995,0
7.697955986642739,0
7.700906975451517,0
7.703853162963355,0
7.706794550266039,0
7.709731138448319,0
8.280167749678071,0
8.283680737668817,0
8.286885141509714,0
8.290084854562792,0
8.293127880083603,0
8.296318198527757,0
8.299351770891349,0
8.302380596163431,0
8.30540467544347,0
8.309640764424813,0
8.313415498260639,0
8.316425923818201,0
8.319735505818329,0
8.322888490219412,0
8.326036796570577,0
8.329028441216593,0
8.332167378280417,0
8.33530164073477,0
8.338279167083215,0
8.342012217221878,0
8.345132512888455,0
8.348248138611211,0
8.351511113561997,0
8.354617419619387,0
8.357567007683315,0
8.360511869007553,0
8.36390834367944,0
8.367148064921793,0
8.370078976214415,0
8.373005165295183,0
8.376078813628084,0
8.37899560637743,0
8.38205992227006,0
8.385728339028844,0
8.388631247357125,0
8.391529440275235,0
8.394575172892559,0
8.397463983189795,0
8.400804945315798,0
8.403684467285899,0
8.407168400209287,0
8.41034316637402,0
8.413208831999043,0
8.416069791329363,0
8.41892604548596,0
8.421929975054667,0
8.425081632510569,0
8.427923912904134,0
8.430913923529431,0
8.433746848825251,0
8.436880034045942,0
8.440465787188487,0
8.44328493636911,0
8.446556606760822,0
8.449366502679851,0
8.45217170603405,0
8.454972217953213,0
8.457768039567327,0
8.460864294854645,0
8.46395593139843,0
8.466890424015816,0
8.469667721865676,0
8.472898102183535,0
8.475666167817678,0
8.478429551203106,0
8.48149356379517,0
8.484247676705166,0
8.486997110805675,0
8.48974186723376,0
8.492481947127175,0
8.495828544604308,0
8.498712230347621,0
8.501896805334894,0
8.504618553832074,0
8.507335631618844,0
8.51020088401799,0
8.512908669276129,0
8.51561178726584,0
8.518310239129704,0
8.521309994691535,0
8.523999208798045,0
8.526836793855637,0
8.529669780653819,0
8.532498170386646,0
8.535168877509278,0
8.537834926604717,0
8.54080264690387,0
8.54345947467462,0
8.546111647894918,0
8.548912426928922,0
8.551555340189168,0
8.554193602367462,0
8.556980583077035,0
8.559916337079585,0
8.563154128359258,0
8.565927428763416,0
8.56854281910526,0
8.571920158522659,0
8.574679771875395,0
8.577281508583837,0
8.580031949469088,0
8.583237735631315,0
8.585979080861904,0
8.588715853101064,0
8.591448053555524,0
8.594175683433605,0
8.596745374668643,0
8.599310433683684,0
8.601870861640862,0
8.604426659701005,0
8.607745316474109,0
8.610445548282229,0
8.613141217983014,0
8.61567883050941,0
8.618211819068819,0
8.62074018482619,0
8.62341756350554,0
8.62593673328243,0
8.628604982728604,0
8.631729663024544,0
8.634388861256582,0
8.637350765224824,0
8.640000898968623,0
8.642492832769904,0
8.645133851918274,0
8.64777032476735,0
8.650402252537162,0
8.652875883781746,0
8.655344907651568,0
8.657809325320272,0
8.660269137962047,0
8.66272434675156,0
8.665174952864277,0
8.667620957476032,0
8.670216438884836,0
8.673423490115027,0
8.675855975873134,0
8.678437914149782,0
8.681169361912794,0
8.68389628980853,0
8.686310628343506,0
8.688874470813658,0
8.691433787760047,0
8.693988580413418,0
8.696384698138644,0
8.698776228745231,0
8.701163173417058,0
8.70354553333783,0
8.705923309693048,0
8.708450888578142,0
8.710819548015223,0
8.71318362746024,0
8.715543128100137,0
8.718207110800677,0
8.72086659249831,0
8.723212550803822,0
8.725553935123315,0
8.727890746646551,0
8.730222986564314,0
8.73270536895211,0
8.73533795186438,0
8.73765662461986,0
8.74028024231356,0
8.742589876418805,0
8.744894946155085,0
8.747195452716682,0
8.749491397299181,0
8.752092650367075,0
8.754379568475827,0
8.756816914978572,0
8.759094764549474,0
8.761523111040844,0
8.763791896932275,0
8.766056129291883,0
8.768315809319262,0
8.770570938215457,0
8.772821517181569,0
8.775067547419383,0
8.777464384562961,0
8.779701368076473,0
8.78208922732415,0
8.784628021399215,0
8.787162350046543,0
8.78938139632308,0
8.791595902395699,0
8.793805869469878,0
8.79601129875283,0
8.798212191452109,0
8.800719839417695,0
8.802911757150099,0
8.8058773539625,0
8.808371628076202,0
8.810705879777146,0
8.813657859538637,0
8.81582774055326,0
8.818926113231925,0
8.821087226558376,0
8.823554788619589,0
8.82710537553288,0
8.829253442073849,0
8.831862913510264,0
8.834002083090667,0
8.83613673483265,0
8.838266869952122,0
8.840392489666755,0
8.842513595193736,0
8.844785725603714,0
8.847053411573455,0
8.849316654371535,0
8.85157545526647,0
8.853829815528059,0
8.856079736426949,0
8.858169562781427,0
8.860254884808086,0
8.862647179537987,0
8.864879335839646,0
8.866951295415362,0
8.869330350656583,0
8.87139340821642,0
8.873763643583828,0
8.87581780416079,0
8.877867470321007,0
8.879912643292073,0
8.881953324302316,0
8.885237012326826,0
8.888203836728053,0
8.890387460266567,0
8.892410904405494,0
8.894429862974278,0
8.897067595781692,0
8.899077778755839,0
8.90123932086533,0
8.90355228376174,0
8.905549169042928,0
8.907697477677232,0
8.909841377719886,0
8.91198087045592,0
8.914271891344612,0
8.916402593561429,0
8.918684839158345,0
8.920650788979827,0
8.92261226952536,0
8.924569282033957,0
8.926521827743784,0
8.928469907895362,0
8.931038188480358,0
8.933913984995655,0
8.935849158339266,0
8.937779871251479,0
8.940174408709652,0
8.942096349363766,0
8.944013833364465,0
8.946239201698717,0
8.948304049242324,0
8.950208315823744,0
8.952108130779749,0
8.954316054915381,0
8.956832045692323,0
8.958718803800139,0
8.960913631244239,0
8.962791594438897,0
8.964977711955868,0
8.966846885364959,0
8.969024298218642,0
8.971197353536098,0
8.97305340043178,0
8.975061398272544,0
8.976908619681296,0
8.979689735674214,0
8.981528379707271,0
8.983831671777466,0
8.98597427633348,0
8.987956215911964,0
8.989777429398174,0
8.99159421547455,0
8.993563039703645,0
8.995371023455192,0
8.99717458358549,0
8.998973721353195,0
9.000768438017303,0
9.00255873483735,0
9.004344613073556,0
9.00612607398591,0
9.007903118836396,0
9.104935890378783,0
9.106735625073412,0
9.108530958153352,0
9.110321890883966,0
9.11238665428084,0
9.114168888262697,0
9.116085896964478,0
9.117859388283705,0
9.120046126840975,0
9.122089365326843,0
9.123849924354147,0
9.126023758889943,0
9.12777568661403,0
9.129662491376195,0
9.131405694613676,0
9.133144512914697,0
9.134878947550249,0
9.13660899979186,0
9.138334670911718,0
9.140055962182942,0
9.14177287487891,0
9.143485410273314,0
9.145193569640725,0
9.146897354255856,0
9.148596765394245,0
9.15029180433163,0
9.151982472345168,0
9.153668770711278,0
9.155350700708368,0
9.15702826361371,0
9.158701460706595,0
9.160370293266283,0
9.162034762572091,0
9.163694869904504,0
9.165350616544373,0
9.167002003773263,0
9.168649032872395,0
9.170291705125038,0
9.172070494320167,0
9.173704506380346,0
9.17533416546101,0
9.177100066494262,0
9.17872107317234,0
9.180337730742792,0
9.181950040492211,0
9.183558003706395,0
9.18516162167299,0
9.186760895679498,0
9.188355827014192,0
9.18994641696625,0
9.191532666824088,0
9.193114577878362,0
9.194692151419389,0
9.196406552069561,0
9.197975504361835,0
9.199681358328462,0
9.201241694607546,0
9.202797699866437,0
9.204349375398266,0
9.205896722497727,0
9.20743974245903,0
9.208978436577667,0
9.210512806148557,0
9.212042852468329,0
9.213568576833524,0
9.215089980541336,0
9.216607064889729,0
9.218119831176182,0
9.219628280700135,0
9.221132414760518,0
9.222632234657453,0
9.224127741690978,0
9.225618937161641,0
9.227105822371271,0
9.228588398621469,0
9.23006666721514,0
9.23154062945423,0
9.233010286643207,0
9.234475640085464,0
9.235936691085527,0
9.23739344094838,0
9.23884589097915,0
9.240294042484493,0
9.241737896770985,0
9.243177455145116,0
9.24461271891522,0
9.246043689388443,0
9.247470367873774,0
9.248892755680714,0
9.250310854118368,0
9.251724664496805,0
9.253134188127632,0
9.254539426321571,0
9.255940380389603,0
9.25733705164464,0
9.258729441399112,0
9.260117550966271,0
9.261501381660281,0
9.262880934794822,0
9.264256211685051,0
9.265627213646269,0
9.266993941994343,0
9.26835639804537,0
9.269714583115928,0
9.271068498523505,0
9.27241814558613,0
9.273763525622343,0
9.275104639950285,0
9.276441489890118,0
9.277774076761688,0
9.279102401884586,0
9.280426466580337,0
9.28174627217038,0
9.283061819976012,0
9.28437311132032,0
9.285824381161603,0
9.287127214504125,0
9.288425795371552,0
9.28972012508899,0
9.291010204981745,0
9.292296036375092,0
9.293577620594988,0
9.294854958967619,0
9.296128052820222,0
9.297396903480148,0
9.298661512275544,0
9.299921880534896,0
9.301178009587318,0
9.302429900761979,0
9.303677555388589,0
9.304920974798222,0
9.306160160321923,0
9.307395113291221,0
9.308625835037532,0
9.309852326894003,0
9.311074590193044,0
9.312292626268572,0
9.313506436454304,0
9.314716022085065,0
9.315921384495766,0
9.317122525021745,0
9.31831944499936,0
9.319512145764776,0
9.32070062865526,0
9.32188489500777,0
9.323064946161082,0
9.32424078345332,0
9.325412408223286,0
9.326579821810867,0
9.327743025555748,0
9.32890202079841,0
9.330056808879789,0
9.331207391141533,0
9.332353768925714,0
9.333495943574661,0
9.3346339164315,0
9.335767688839098,0
9.336897262141974,0
9.338022637684645,0
9.339143816811287,0
9.340260800868208,0
9.341373591200892,0
9.342482189155646,0
9.343586596079575,0
9.344686813319754,0
9.345782842224878,0
9.34687468414242,0
9.347962340421844,0
9.349045812412214,0
9.35012510146339,0
9.351200208925547,0
9.352271136149739,0
9.353337884487274,0
9.354400455290317,0
9.35545884991032,0
9.356513069700839,0
9.357563116014603,0
9.358608990205568,0
9.359650693628225,0
9.360688227636786,0
9.361721593586594,0
9.362750792833822,0
9.363775826734525,0
9.36479669664459,0
9.36581340392209,0
9.366825949923992,0
9.36783433600931,0
9.368838563535803,0
9.369838633863111,0
9.370834548350274,0
9.371826308357726,0
9.372813915245672,0
9.373797370376138,0
9.374776675109132,0
9.375751830807616,0
9.37672283883407,0
9.377689700550974,0
9.378652417321803,0
9.37961099051114,0
9.380565421482657,0
9.381515711601622,0
9.382461862232901,0
9.383403874742925,0
9.384341750497697,0
9.385275490863847,0
9.386205097209512,0
9.387130570900666,0
9.388051913307493,0
9.388969125797672,0
9.389882209740534,0
9.390940288293734,0
9.39184517181286,0
9.392745930911758,0
9.393642566961717,0
9.394535081334539,0
9.395423475401913,0
9.396307750536664,0
9.397187908111619,0
9.398063949500255,0
9.399085443714199,0
9.39995330956694,0
9.40081706337358,0
9.401676706509392,0
9.402532240350212,0
9.403383666272049,0
9.404230985652106,0
9.405074199867613,0
9.405913310296341,0
9.40674831831592,0
9.407729293043502,0
9.408556153266687,0
9.409378915235266,0
9.410197580330134,0
9.411012149930514,0
9.411822625418097,0
9.412629008174406,0
9.413431299581191,0
9.414229501020827,0
9.4150236138764,0
9.41581363953108,0
9.416599579368608,0
9.417381434773176,0
9.418159207129662,0
9.418932897823481,0
9.419702508239993,0
9.420468039765382,0
9.42122949378637,0
9.421986871689484,0
9.422740174863236,0
9.423489404694635,0
9.424234562572707,0
9.424975649886164,0
9.425712668024318,0
9.426445618377443,0
9.427174502334907,0
9.428050741755897,0
9.428771550423534,0
9.429791267766774,0
9.430504060141232,0
9.4312127931303,0
9.431917468127011,0
9.432618086524656,0
9.433466360441003,0
9.434158923270473,0
9.434847433701009,0
9.435531893128484,0
9.43621230294849,0
9.43688866455696,0
9.437560979351048,0
9.438229248727794,0
9.43889347408475,0
9.439553656820522,0
9.440209798332916,0
9.440861900021474,0
9.441509963285483,0
9.442153989525082,0
9.442793980140408,0
9.443429936532397,0
9.444061860101897,0
9.444689752251321,0
9.445313614382513,0
9.44593344789834,0
9.446549254201614,0
9.447313843606196,0
9.447921653501623,0
9.448525440412993,0
9.449125205746356,0
9.449873947353325,0
9.450771744901232,0
9.451359615608283,0
9.451943470411777,0
9.452523310719272,0
9.453099137938551,0
9.45367095347757,0
9.45423875874448,0
9.454802555148348,0
9.45536234409883,0
9.455918127005674,0
9.45646990527925,0
9.45701768033041,0
9.457561453569951,0
9.458101226409724,0
9.458637000261774,0
9.459168776538604,0
9.45969655665354,0
9.46022034201934,0
9.460740134050468,0
9.46125593416113,0
9.461767743765847,0
9.462275564279906,0
9.462779397119021,0
9.463279243699304,0
9.463775105436923,0
9.464266983749155,0
9.464754880053277,0
9.46523879576705,0
9.465718732309853,0
9.466194691098679,0
9.466666673553902,0
9.467134681094365,0
9.467598715140724,0
9.468058777113328,0
9.468514868433175,0
9.468966990521068,0
9.469415144799513,0
9.469859332690532,0
9.47029955561689,0
9.470735815001007,0
9.471168112267776,0
9.471596448839676,0
9.472020826142227,0
9.472441245600038,0
9.472857708638145,0
9.473270216682664,0
9.473678771159825,0
9.474083373495375,0
9.474484025117334,0
9.474880727452728,0
9.475273481929491,0
9.475662289976185,0
9.476047153021199,0
9.476428072494201,0
9.47680504982415,0
9.477178086441967,0
9.477547183777546,0
9.47791234326192,0
9.478273566326862,0
9.478630854403633,0
9.478984208924885,0
9.479333631323016,0
9.479679123030962,0
9.480020685482828,0
9.480358320112003,0
9.48069202835299,0
9.4811783720873,0
9.481504286875463,0
9.481826279598238,0
9.482144351691716,0
9.482615257458093,0
9.482925547690428,0
9.483231921621353,0
9.483534380688354,0
9.483832926330138,0
9.484127559985268,0
9.484418283092623,0
9.484705097091677,0
9.484988003422615,0
9.485267003525848,0
9.485542098841478,0
9.485813290811052,0
9.486080580876347,0
9.361518467565702,0
9.361736932430006,0
9.361951487166266,0
9.362162133217026,0
9.362547169812956,0
9.363997751619848,0
9.365265821988686,0
9.365461618801646,0
9.365653514382956,0
9.36584151017783,0
9.36620384792181,0
9.366918823655368,0
9.367451801203856,0
9.367624543401973,0
9.369040874104655,0
9.370452728952273,0
9.370792588620475,0
9.371662611141176,0
9.372350840034926,0
9.372501465565335,0
9.373182174456929,0
9.373859083975901,0
9.374532195733934,0
9.375734978646733,0
9.376222649504172,0
9.376706555241896,0
9.37683108036407,0
9.37784084457138,0
9.378313464335179,0
9.379137776262809,0
9.38137847346377,0
9.38237196048459,0
9.383006879903178,0
9.383283398879144,0
9.383378759319442,0
9.383470259020044,0
9.383912853602169,0
9.383996747430103,0
9.384254331700362,0
9.384330569968313,0
9.3844029548342,0
9.385182065858942,0
9.38560220535095,0
9.386551252500254,0
9.38678639998929,0
9.386840208800521,0
9.388133017866522,0
9.389775980638404,0
9.390173727271844,0
9.390213172015592,0
9.390780766414366,0
9.390990033422327,0
9.391018191213817,0
9.392283830603901,0
9.392659237741185,0
9.392853678306807,0
9.392867069092148,0
9.393585908601352,0
9.393591869200861,0
9.393771366881055,0
9.394301822933755,0
9.394296537675672,0
9.39428743207344,0
9.394629430545905,0
9.395322538804066,0
9.396011836964561,0
9.39616539271006,0
9.396137825048925,0
9.396106446039568,0
9.396781121142794,0
9.397983937908066,0
9.39794175211631,0
9.39789576104397,0
9.397845966162436,0
9.397969853065376,0
9.39809002399852,0
9.398916368954104,0
9.399029227071907,0
9.39984804848433,0
9.399953600180254,0
9.4004102295917,0
9.400331016009943,0
9.402375755705634,0
9.40246682875906,0
9.402554199933405,0
9.40281508905943,0
9.403603801436589,0
9.403503055082126,0
9.40339852768011,0
9.40329022070847,0
9.40317813564559,0
9.403062273970846,0
9.40294263716271,0
9.402819226700899,0
9.402692044065219,0
9.40256109073647,0
9.402426368194824,0
9.402287877922333,0
9.40214562139937,0
9.403421582273694,0
9.403272251561333,0
9.403119159181273,0
9.403140100081032,0
9.403157368172714,0
9.402993113293007,0
9.40300301123196,0
9.40283130327441,0
9.402833837137052,0
9.40265468210896,0
9.402649857973785,0
9.402641371735399,0
9.402451085835338,0
9.402435250740808,0
9.40223753282109,0
9.402570836530657,0
9.118736215735765,0
9.118664235217437,0
9.119024319904213,0
9.119598537114712,0
9.119297844250042,0
9.119211282647882,0
9.118903134314337,0
9.118591232331681,0
9.118275578190406,0
9.1179561733816,0
9.117633019395868,0
9.117306117725462,0
9.117193724838927,0
9.11685938871878,0
9.116521309406522,0
9.116179488396483,0
9.115833927181143,0
9.11548462725446,0
9.115131590111105,0
9.114774817245177,0
9.114414310152739,0
9.114050070328005,0
9.113682099267407,0
9.11331039846712,0
9.112934969423293,0
9.112555813633122,0
9.112829907071244,0
9.112443472288163,0
9.112053315300102,0
9.111878544002252,0
9.111481003817289,0
9.11107974593969,0
9.110674771869128,0
9.110485388898496,0
9.110073043724327,0
9.109656986873887,0
9.109237219848183,0
9.109252727479372,0
9.109045165460913,0
9.108833983964615,0
9.10839961877835,0
9.108181173653804,0
9.107739461684673,0
9.107733440446339,0
9.107284444720221,0
9.106831752457282,0
9.106375365162364,0
9.10591528434054,0
9.105451511497222,0
9.104984048138448,0
9.104512895769943,0
9.104258165733938,0
9.103779696943036,0
9.103517740120907,0
9.103031961002216,0
9.102542500442866,0
9.102049359951138,0
9.101552541036085,0
9.101052045207211,0
9.10054787397334,0
9.100260597826662,0
9.099969736180412,0
9.100557528327641,0
9.10003907136732,0
9.09951694666782,0
9.099211818101708,0
9.098682419765112,0
9.09814935824187,0
9.098054221035682,0
9.097513952387601,0
9.096970025123909,0
9.097305970564975,0
9.096754960233483,0
9.096421224292044,0
9.095862964897236,0
9.095743058472124,0
9.09517761361252,0
9.095050644506614,0
9.094699098384808,0
9.094122886944547,0
9.706074057544413,0
9.705821921236549,0
9.705566296910234,0
9.70543001084377,0
9.705044590498972,0
9.704655595333207,0
9.704386002745679,0
9.704358862525226,0
9.704082375137148,0
9.704048360394296,0
9.70437953383015,0
9.704092844492862,0
9.703679764551168,0
9.703386100508311,0
9.702965957123638,0
9.702665324612127,0
9.702361226271336,0
9.702299849499099,0
9.702358056006005,0
9.701920670302258,0
9.70147973306095,0
9.701404703110768,0
9.70095684722321,0
9.70050544442745,0
9.700050496249645,0
9.699592004216441,0
9.699376736084758,0
9.69891128100636,0
9.698812588584019,0
9.698340236797065,0
9.697864348881183,0
9.697632016386933,0
9.697149181070415,0
9.696910034053815,0
9.697038123256107,0
9.696668669588433,0
9.696542864255946,0
9.696290141308907,0
9.69615753427533,0
9.695650974822144,0
9.695140894863272,0
9.69475095845624,0
9.694357597566693,0
9.693837085972405,0
9.693313060037298,0
9.693033190712725,0
9.692749940946157,0
9.692587115609513,0
9.69204947071097,0
9.691508319265921,0
9.690963662809736,0
9.690415502876562,0
9.690235991676218,0
9.689929094058698,0
9.689866811740103,0
9.68930519838122,0
9.688740089388318,0
9.68829561786822,0
9.687971884179063,0
9.687768905737727,0
9.687810653677417,0
9.68735282674757,0
9.686767504661532,0
9.687171229961308,0
9.686579426063076,0
9.686232239930149,0
9.686129705612672,0
9.685651845794268,0
9.685418624340656,0
9.684810037100192,0
9.684197976315431,0
9.683582443527996,0
9.683211837614806,0
9.68271370534373,0
9.682087948601122,0
9.681458726079,0
9.680950412567512,0
9.680811784283549,0
9.680296835590156,0
9.680027219170995,0
9.679878547226565,0
9.679229356292637,0
9.678949766690238,0
9.678293851148823,0
9.677634484017716,0
9.676971666842064,0
9.67667894179013,0
9.676133932084298,0
9.675585571757551,0
9.67490927595631,0
9.674229537936128,0
9.673546359245194,0
9.672984511652373,0
9.672668846085202,0
9.672100382065167,0
9.671653366783232,0
9.67095343739706,0
9.670499815495646,0
9.670417317560862,0
9.670331313961555,0
9.669618405980458,0
9.668902073168368,0
9.668307175434109,0
9.667584059098033,0
9.667107402304367,0
9.66650253012429,0
9.666144240880271,0
9.665532794911883,0
9.665292883406693,0
9.665049609870152,0
9.66430350926484,0
9.663678969481111,0
9.66292611405845,0
9.662544966305546,0
9.661785485745725,0
9.661272786699527,0
9.660506625714959,0
9.659737065155923,0
9.65896410657956,0
9.658187751541874,0
9.657658692899219,0
9.657001039250702,0
9.656214689697038,0
9.65542494996535,0
9.654631821614942,0
9.654086450196132,0
9.319570500435248,0
9.318635654479806,0
9.31769738845665,0
9.316755703925793,0
9.315810602447613,0
9.314862085583115,0
9.313910154893108,0
9.31295481193925,0
9.311996058282801,0
9.311033895487014,0
9.310068325112724,0
9.309099348723436,0
9.30812696788172,0
9.307151184150683,0
9.306171999094431,0
9.30518941427647,0
9.304203431260675,0
9.303214051612088,0
9.30222127689484,0
9.301225108674004,0
9.300225548515641,0
9.299222597984652,0
9.298216258647386,0
9.297206532070078,0
9.296193419818678,0
9.295176923460673,0
9.29415704456298,0
9.293133784692884,0
9.29210714541864,0
9.291077128307592,0
9.29004373492836,0
9.289006966849541,0
9.28796682564004,0
9.286923312869362,0
9.28587643010681,0
9.284826178921634,0
9.283959680667465,0
9.282902758568355,0
9.281842472774827,0
9.28077882485863,0
9.279711816390602,0
9.278641448942096,0
9.27756772408523,0
9.276490643392549,0
9.275410208435858,0
9.274326420788213,0
9.273239282022274,0
9.27214879371175,0
9.271054957430124,0
9.269957774750992,0
9.268857247248803,0
9.267753376498177,0
9.266646164073137,0
9.265535611549751,0
9.264609917301556,0
9.263492750831944,0
9.262372249007456,0
9.261248413403678,0
9.260121245597844,0
9.258990747166223,0
9.257856919685963,0
9.2567197647343,0
9.255579283888892,0
9.254435478727942,0
9.25328835082928,0
9.252137901771306,0
9.250984133132732,0
9.249827046493067,0
9.248666643431278,0
9.247502925526788,0
9.24633589435993,0
9.245354769033582,0
9.24418117789645,0
9.243193591908323,0
9.242013447192505,0
9.24082999715219,0
9.239643243367624,0
9.23845318742164,0
9.237259830895795,0
9.236063175372749,0
9.234863222434882,0
9.233849755077102,0
9.232643274044847,0
9.231433500364943,0
9.230220435620282,0
9.229004081395459,0
9.22778443927507,0
9.226561510842657,0
9.225335297684182,0
9.224105801384695,0
9.222873023529274,0
9.221636965703595,0
9.220397629493732,0
9.219155016485956,0
9.217909128266712,0
9.216659966422895,0
9.215407532541036,0
9.214151828209197,0
9.212892855014218,0
9.211630614544731,0
9.210365108388771,0
9.209096338134174,0
9.207824305369684,0
9.20654901168524,0
9.205270458668707,0
9.203988647910165,0
9.202703580999525,0
9.20141525952647,0
9.200123685081735,0
9.198828859255457,0
9.197530783638626,0
9.196229459822291,0
9.194924889397726,0
9.19361707395666,0
9.192306015090708,0
9.190991714392169,0
9.189674173453511,0
9.188353393867516,0
9.187029377226935,0
9.185702125124806,0
9.18437163915462,0
9.183037920910607,0
9.181700971986658,0
9.180360793976348,0
9.179017388474733,0
9.177670757076356,0
9.176320901376215,0
9.175160445797957,0
9.174574676642806,0
9.173215471534604,0
9.171853048592567,0
9.170487409412289,0
9.169118555590586,0
9.167746488724788,0
9.166371210411,0
9.164992722247177,0
9.163611025831273,0
9.162226122760643,0
9.161031191469363,0
9.159639942840585,0
9.158245492369389,0
9.156847841654297,0
9.15544699229497,0
9.154042945890211,0
9.152829231402023,0
9.151418858765368,0
9.150005293900193,0
9.148588538406528,0
9.147168593885397,0
9.145745461938048,0
9.144319144164882,0
9.142889642168115,0
9.141456957548513,0
9.140021091908551,0
9.138582046850274,0
9.137139823976042,0
9.135694424888896,0
9.134245851190855,0
9.132794104486038,0
9.131339186377431,0
9.130075609351195,0
9.12861441657688,0
9.127150057227084,0
9.125682532906353,0
9.124211845219662,0
9.122737995771615,0
9.121260986167385,0
9.11978081801206,0
9.11829749291158,0
9.116811012471516,0
9.11532137829866,0
9.113828591998242,0
9.112332655177482,0
9.110833569443201,0
9.10933133640259,0
9.107825957662527,0
9.106317434830487,0
9.105196866806011,0
9.103682187854133,0
9.102164369668856,0
9.100643413858194,0
9.099119322030788,0
9.09759209579596,0
9.096061736762948,0
9.094528246541188,0
9.09299162674057,0
9.091451878970418,0
9.089909004841218,0
9.088363005963629,0
9.086813883947912,0
9.085261640404894,0
9.083706276945861,0
9.082147795182465,0
9.080586196725989,0
9.079021483188114,0
9.077453656181063,0
9.075882717317455,0
9.074308668209227,0
9.072731510469282,0
9.071151245710865,0
9.069567875546966,0
9.067981401591283,0
9.06639182545689,0
9.064799148758453,0
9.063203373109616,0
9.061604500124815,0
9.060002531419116,0
9.058397468606273,0
9.056789313302602,0
9.055178067122768,0
9.05356373168226,0
9.051946308596541,0
9.050325799482238,0
9.048702205955095,0
9.047075529631911,0
9.0454457721288,0
9.043812935063158,0
9.042177020051781,0
9.040538028712007,0
9.038895962661769,0
9.037250823518207,0
9.035602612899766,0
9.034348079392373,0
9.032693859445544,0
9.031036572912427,0
9.029376221412434,0
9.027712806564523,0
9.026046329988333,0
8.745463259276448,0
8.744878198950289,0
8.743354338863497,0
8.741593479053165,0
8.739829544320997,0
8.738296686334223,0
8.737229147175952,0
8.735456251830811,0
8.735553375697435,0
8.734477002351213,0
8.73339770010395,0
8.73278335963687,0
8.731464255910595,0
8.729674312659228,0
8.729519017352914,0
8.728191203156968,0
8.726392663862384,0
8.724591071292025,0
8.723254498284462,0
8.721680990151071,0
8.720104534021914,0
8.718291000033247,0
8.716474420956558,0
8.715825821859596,0
8.714471823066958,0
8.712646565986688,0
8.71128676297343,0
8.709455558506164,0
8.70785565210599,0
8.706018442889132,0
8.704412635717517,0
8.703038342396667,0
8.701192234455647,0
8.699577643722392,0
8.698429208530598,0
8.696808844079698,0
8.695420131205225,0
8.693793963062518,0
8.691930230823743,0
8.690532875275153,0
8.688663238861778,0
8.686790588648194,0
8.685384596079217,0
8.684210544337503,0
8.68256402434696,0
8.681149448655447,0
8.67973201539661,0
8.678311726306589,0
8.676653703715402,0
8.67475783820231,0
8.674268613073991,0
8.67260204638373,0
8.670697639793843,0
8.670199891523112,0
8.668994536353892,0
8.667551492796633,0
8.665635829527787,0
8.66371717905335,0
8.66250055844688,0
8.66128109546392,0
8.66029370782232,0
8.658598723655587,0
8.657135825693814,0
8.65684455665783,0
8.654906333735397,0
8.653434987282367,0
8.652900231657895,0
8.650953609583894,0
8.64923893327034,0
8.64752139194809,0
8.645800987303602,0
8.644312720625038,0
8.642586631877037,0
8.64085768488357,0
8.638890769226379,0
8.636920896347107,0
8.63894346801132,0
8.637438446625595,0
8.635930623606725,0
8.634185164399554,0
8.632201957832166,0
8.630920620824298,0
8.628931716643137,0
8.627644829623648,0
8.625650234581258,0
8.62365269914173,0
8.622357525376515,0
8.620589419792907,0
8.61858333318608,0
8.616574312799742,0
8.614562360271833,0
8.613018137323706,0
8.611235809924267,0
8.609215266207173,0
8.608133462502309,0
8.606578129563843,0
8.605490737946297,0
8.60557659450555,0
8.603542678771078,0
8.601741111350208,0
8.599701428467853,0
8.59765883185554,0
8.597260788212452,0
8.595212826287337,0
8.593161955669757,0
8.150666348825752,0
8.148781361495395,0
8.147175368701454,0
8.145002898294848,0
8.142827500343401,0
8.14064917649003,0
8.138467928377707,0
8.136283757649693,0
8.134096665949414,0
8.131906654920698,0
8.129713726206518,0
8.127800255318448,0
8.12560156028647,0
8.123964875412241,0
8.12176048485398,0
8.119553184878669,0
8.117342977131187,0
8.1151298632563,0
8.112913844899452,0
8.110694923705864,0
8.108473101321323,0
8.10624837939136,0
8.105718345197744,0
8.103488214885232,0
8.101255190058396,0
8.099019272363932,0
8.096780463448795,0
8.094538764959196,0
8.092577400620598,0
8.090329992314423,0
8.088079699391216,0
8.085826523498099,0
8.083853918917441,0
8.081878536470498,0
8.07961685049429,0
8.077352288170488,0
8.075084851147949,0
8.072814541075331,0
8.070825145001152,0
8.068549158322611,0
8.066554190974955,0
8.06427253434947,0
8.06198801294991,0
8.059700628426071,0
8.057410382426866,0
8.05596974549698,0
8.053958142257216,0
8.05165958043662,0
8.049358163803674,0
8.047053894008627,0
8.044746772702553,0
8.042721264771814,0
8.040408510151934,0
8.038092908989285,0
8.035774462935876,0
8.033453173642357,0
8.031698535856265,0
8.02937169470789,0
8.027042015306336,0
8.024709499303952,0
8.022374148353208,0
8.020035964106427,0
8.017694948216388,0
8.015351102335671,0
8.013004428118222,0
8.010654927216137,0
8.008302601283049,0
8.006803630674511,0
8.004445854661384,0
8.002085258625016,0
7.999721844218897,0
7.997355613097369,0
7.994986566914889,0
7.992614707325345,0
7.990240035983788,0
7.988148413808318,0
7.98576818905957,0
7.983671120021398,0
7.981285348549051,0
7.978896773630879,0
7.9765053969223345,0
7.974111220078868,0
7.971714244756981,0
7.969314472611757,0
7.96691190530052,0
7.964506544478525,0
7.962098391802414,0
7.95968744892923,0
7.9578469966509715,0
7.955717273352917,0
7.953298165886395,0
7.951163042894393,0
7.949025241758477,0
7.946597919497577,0
7.944167818717432,0
7.941734941075197,0
7.939299288229307,0
7.936860861838113,0
7.934419663559197,0
7.931975695051705,0
7.929816260912105,0
7.927366822448647,0
7.924914618747607,0
7.922459651468216,0
7.927755959944562,0
7.925297241715896,0
7.922835765305678,0
7.92037153237203,0
7.917904544575634,0
7.91543480357646,0
7.913823835703852,0
7.911635976928068,0
7.909158249173771,0
7.906677774919245,0
7.904194555824546,0
7.901708593550836,0
7.899507378035082,0
7.897303527238137,0
7.8950970428711,0
7.8926003219957295,0
7.890100866293949,0
7.887598677426126,0
7.885093757054506,0
7.882873974991583,0
7.880363662511911,0
7.87842654245091,0
7.87591091052164,0
7.873392555445406,0
7.870871478884794,0
7.868635865314275,0
7.866397638586079,0
7.864733240982474,0
7.862201625326406,0
7.859955608441709,0
7.857706985266589,0
7.85516736750759,0
7.852913497791462,0
7.850368531678072,0
7.847820860836606,0
7.845270486929991,0
7.8427174116228,0
7.840450396465911,0
7.837891989554009,0
7.8361974011301925,0
7.833633801808247,0
7.831067509470444,0
7.828787508819971,0
7.826215901728375,0
7.823930695251704,0
7.8213537801307496,0
7.818774180350175,0
7.816770391806784,0
7.814474833412817,0
7.811887388788051,0
7.80958664497291,0
7.806993912526394,0
7.804398505476854,0
7.802668997657463,0
7.80006844578574,0
7.797465224356699,0
7.7948593350370174,0
7.792250779493344,0
7.790798607590176,0
7.788184990768116,0
7.785568712785363,0
7.782949775308509,0
7.780908074702012,0
7.779443688430746,0
7.776817182223368,0
7.774188023284921,0
7.771556213283759,0
7.768921753887156,0
7.766284646763495,0
7.763935159104591,0
7.761292828252124,0
7.758647854693038,0
7.756000240095716,0
7.753349986128256,0
7.750697094460321,0
6.9832838172197285,0
6.980469894429888,0
6.977653303488665,0
6.974834046066206,0
6.972366717059401,0
6.969542196302001,0
6.9674243788238925,0
6.964594666119439,0
6.9617622953279295,0
6.958927268121073,0
6.956089586169213,0
6.953249251143461,0
6.950406264714985,0
6.947560628554385,0
6.9447123443333965,0
6.941861413723274,0
6.939007838395497,0
6.936151620021548,0
6.933292760273218,0
6.930431260822246,0
6.927567123340452,0
6.9247003495,0
6.921830940973621,0
6.918958899432539,0
6.916084226550311,0
6.91320692399853,0
6.910326993449814,0
6.9074444365772365,0
6.904559255053698,0
6.901671450551731,0
6.898781024744721,0
6.895887979305542,0
6.892992315907691,0
6.890094036224411,0
6.887193141929316,0
6.884289634695506,0
6.881383516197275,0
6.878474788107724,0
6.875563452101517,0
6.873006293132505,0
6.8700898114388735,0
6.867170726864742,0
6.864249041085117,0
6.861324755773296,0
6.858397872604598,0
6.856182661641981,0
6.853250718208244,0
6.850316181970101,0
6.847379054603408,0
6.844439337782376,0
6.841497033182179,0
6.838552142478591,0
6.835604667346615,0
6.832654609461514,0
6.829701970499201,0
6.826746752134852,0
6.823788956044524,0
6.820828583904017,0
6.817865637389133,0
6.814900118176126,0
6.811932027940969,0
6.808961368359377,0
6.805988141108685,0
6.803012347864382,0
6.800033990303206,0
6.797053070101811,0
6.794069588937219,0
6.791083548485858,0
6.788094950424551,0
6.785103796430576,0
6.782110088180559,0
6.779113827352546,0
6.776115015622565,0
6.77311365466889,0
6.770109746168288,0
6.767103291798776,0
6.764094293237434,0
6.761082752162849,0
6.758068670252186,0
6.755052049183178,0
6.752032890634041,0
6.749011196282851,0
6.745986967807909,0
6.742960206887233,0
6.7399309151991815,0
6.736899094422199,0
6.733864746234815,0
6.7308278723152455,0
6.727788474342702,0
6.724746553995715,0
6.721702112953068,0
6.718655152893859,0
6.7156056754968745,0
6.712553682440927,0
6.709499175405938,0
6.706442156070807,0
6.7033826261144895,0
6.7003205872175045,0
6.697256041058125,0
6.694549625634579,0
6.69148013598226,0
6.688408144121411,0
6.685333651732151,0
6.68225666049392,0
6.679177172087151,0
6.676095188191567,0
6.673010710486977,0
6.669923740654724,0
6.666834280374104,0
6.663742331326233,0
6.6606478951907775,0
6.65755097364854,0
6.654451568380296,0
6.651349681066819,0
6.648245313388799,0
6.645138467027067,0
6.642029143662228,0
6.638917344975738,0
6.6358030726481445,0
6.632686328361046,0
6.629567113795559,0
6.626445430632884,0
6.623321280554336,0
6.620194665241172,0
6.617065586374821,0
6.613934045637478,0
6.61080004471043,0
6.607663585275333,0
6.6045246690141255,0
6.601383297608294,0
6.598239472740033,0
6.595093196091057,0
6.5919444693437015,0
6.588793294180476,0
6.585639672282639,0
6.58248360533301,0
6.5793250950141555,0
6.576164143008043,0
6.573000750996755,0
6.5698349206638795,0
6.566666653691129,0
6.563495951761212,0
6.560322816557317,0
6.557147249761755,0
6.553969253057971,0
6.55078882812802,0
6.547605976655603,0
6.544420700323343,0
6.5412330008144295,0
6.53840680677564,0
6.535214332675764,0
6.532019440463671,0
6.529186232375423,0
6.525986575745321,0
6.522784506067097,0
6.51958002502451,0
6.516373134300977,0
6.513163835580087,0
6.5099521305459405,0
6.506738020881556,0
6.5035215082714615,0
6.500302594398931,0
6.497081280948379,0
6.493857569603875,0
6.490631462048867,0
6.487402959967454,0
6.484172065044362,0
6.480938778963122,0
6.477703103408942,0
6.474465040065098,0
6.471224590616629,0
6.467981756747918,0
6.4647365401427805,0
6.461488942486369,0
6.45823896546338,0
6.454986610757999,0
6.451731880054979,0
6.448474775039017,0
6.4452152973948955,0
6.441953448807624,0
6.438689230961842,0
6.435422645542587,0
6.432153694235041,0
6.428882378723728,0
6.425608700693886,0
6.422332661831234,0
6.419054263820357,0
6.415773508346405,0
6.41249039709453,0
6.409204931750338,0
6.4059171139995215,0
6.4026269455266345,0
6.3993344280178235,0
6.396039563157757,0
6.392742352632894,0
6.389442798128442,0
6.386140901330208,0
6.382836663922916,0
6.379530087593821,0
6.376221174027222,0
6.372909924909521,0
6.369596341926638,0
6.366280426764291,0
6.36296218110806,0
6.359641606644232,0
6.356318705059124,0
6.35299347803803,0
6.349665927267324,0
6.346336054433408,0
6.343003861221973,0
6.3396693493197915,0
6.3363325204123555,0
6.332993376186266,0
6.329651918327755,0
6.326308148523282,0
6.322962068458509,0
6.319613679820833,0
6.316262984296202,0
6.312909983570904,0
6.309554679331711,0
6.306197073265423,0
6.302837167058044,0
6.29947496239609,0
6.2961104609666165,0
6.292743664456282,0
6.289374574551658,0
6.286003192939205,0
6.282629521306063,0
6.279253561338919,0
6.27587531472426,0
6.273233405174551,0
6.269850726085082,0
6.266835172463317,0
6.263447999854549,0
6.260058549076746,0
6.25666682181614,0
6.253272819759445,0
6.249876544594656,0
6.246477998008288,0
6.243077181687141,0
6.239674097318613,0
6.236268746589786,0
6.2328611311880024,0
6.229451252800146,0
6.226039113114268,0
6.22262471381643,0
6.219208056594539,0
6.215789143135623,0
6.2123679751275915,0
6.208944554256561,0
6.205518882210896,0
6.202090960678021,0
6.199031532806885,0
6.195599185559246,0
6.192164593899946,0
6.188727759518002,0
6.1852886840993335,0
6.181847369332218,0
6.178403816904478,0
6.174958028503369,0
6.171510005815918,0
6.168059750530745,0
6.164607264334364,0
6.161152548914799,0
6.157695605959731,0
6.154236437156811,0
6.1507750441934945,0
6.147311428757746,0
6.14681931443198,0
6.144095109222491,0
6.142855204401286,0
6.140126964405738,0
6.139996989410207,0
6.137636151485964,0
6.136015940487255,0
6.136620519575331,0
6.134995558657721,0
6.1318843830763115,0
6.12839999825465,0
6.124913411958687,0
6.122167107606288,0
6.118676260740671,0
6.115183217492927,0
6.111687979550794,0
6.108190548602124,0
6.10469092633457,0
6.101189114436636,0
6.098056796682414,0
6.0949224037390195,0
6.091414170624773,0
6.088275590165324,0
6.085506791111669,0
6.082735982080806,0
6.079591281589046,0
6.076072564202775,0
6.072551672491642,0
6.0690286081430145,0
6.0658755316191275,0
6.062720397213894,0
6.059190962933428,0
6.056031675465363,0
6.052497980115874,0
6.048962122298889,0
6.045796596848277,0
6.042256488162337,0
6.038714222087293,0
6.035542474066801,0
6.031995967322985,0
6.028447308267943,0
6.024896498590266,0
6.0217164635677705,0
6.018161426810707,0
6.014604244508519,0
6.011044918349427,0
6.007483450021539,0
6.003919841211598,0
6.001473950342074,0
5.997906273207946,0
5.99433646069906,0
5.990764514503127,0
5.987563945898728,0
5.984361359065616,0
5.981156755738795,0
5.977576499515834,0
5.973994118088314,0
5.971157140217656,0
5.967570652097294,0
5.964355906448787,0
5.9607652491474425,0
5.957172475122775,0
5.953951630352435,0
5.950354697346597,0
5.94675565269489,0
5.944277097251273,0
5.941048259066974,0
5.9374431674501125,0
5.9338359709960855,0
5.930975441758619,0
5.927364179707411,0
5.924125302522299,0
5.9205099122051195,0
5.916892425531785,0
5.913272844190146,0
5.909651169867459,0
5.906402210299149,0
5.9031512739517495,0
5.900273228661092,0
5.896643477852962,0
5.89301164255852,0
5.889377724466215,0
5.8861168436312425,0
5.882478834704813,0
5.878838748056495,0
5.875196585373828,0
5.87155234834384,0
5.867906038654212,0
5.8642576579925105,0
5.860607208045707,0
5.856954690501112,0
5.853300107046294,0
5.849643459368593,0
5.84598474915461,0
5.842323978092196,0
5.838661147868152,0
5.834996260169731,0
5.831329316684247,0
5.827660319098726,0
5.823989269100622,0
5.820316168376792,0
5.816641018614007,0
5.812963821499153,0
5.809661137441026,0
5.805979920685786,0
5.802296661654452,0
5.798988104441037,0
5.795300835963076,0
5.793495547448856,0
5.79131157621552,0
5.787995591137701,0
5.784300885069172,0
5.780604148688752,0
5.776905383683641,0
5.7732045917401535,0
5.769501774545802,0
5.765796933785651,0
5.7620900711476395,0
5.758381188318026,0
5.754670286983128,0
5.752089593384056,0
5.748374870876859,0
5.7450356309933,0
5.7416944936290975,0
5.737973876582743,0
5.734251251220542,0
5.730904343820271,0
5.7279332880955565,0
5.724960405232707,0
5.72123011537488,0
5.719009165230261,0
5.715652998543078,0
5.711917066449757,0
5.708179139673064,0
5.704817244355837,0
5.701075403745335,0
5.697331573523542,0
5.693585755376148,0
5.689837950989073,0
5.687979652005026,0
5.684228232946623,0
5.680474832776696,0
5.676719453181022,0
5.6737190721324,0
5.669959879964836,0
5.666198713457078,0
5.662435574294477,0
5.65867046416227,0
5.65566096215457,0
5.651892056508899,0
5.6481211849787485,0
5.64434834924873,0
5.6405735510043655,0
5.6367967919301805,0
5.633776394518577,0
5.6299958603868845,0
5.626592633007249,0
5.622808259872045,0
5.619401312185175,0
5.615613106844592,0
5.611822952526268,0
5.608030850915384,0
5.604236803696551,0
5.60044081255424,0
5.596642879173203,0
5.592843005238024,0
5.589801003275312,0
5.5859973951818915,0
5.582571859503076,0
5.578764453128116,0
5.575715335496255,0
5.571904208643957,0
5.568091153099829,0
5.5642761705474015,0
5.5604592626706335,0
5.556640431153795,0
5.552819677680901,0
5.548997003935796,0
5.545172411602152,0
5.541345902364355,0
5.537517477905197,0
5.534448819372415,0
5.530616711858642,0
5.52678269420349,0
5.522946768090236,0
5.519490020274162,0
5.516031483542434,0
5.512189984638752,0
5.508346584039515,0
5.504501283427402,0
5.500654084485944,0
5.496804988898589,0
5.494479966384489,0
5.491390336936149,0
5.487535989580209,0
5.48367975239475,0
5.479821627062847,0
5.475961615267636,0
5.472099718691197,0
5.468235939016381,0
5.465134141408868,0
5.461266743484117,0
5.457397467536907,0
5.453526315249377,0
5.450035466543568,0
5.446542861622788,0
5.4426662334540765,0
5.438787735702704,0
5.435289781902412,0
5.431407621597742,0
5.427906125521474,0
5.424402883548737,0
5.420897897406661,0
5.417391168823144,0
5.4134999892859526,0
5.4107552206509695,0
5.406860545701136,0
5.4029640180988,0
5.399065639525219,0
5.395165411661679,0
5.3916463978747515,0
5.387742548222121,0
5.383836854336607,0
5.379929317899467,0
5.376019940591931,0
5.37249211842402,0
5.368579136236434,0
5.3646643182345315,0
5.36113124969836,0
5.357212836972394,0
5.353292593487197,0
5.349754293928896,0
5.346214284559551,0
5.342288702723209,0
5.3395130271662765,0
5.33942213082409,0
5.336259470120069,0
5.332711441049469,0
5.331080342831484,0
5.331364897780134,0
5.328195940346461,0
5.326175686549448,0
5.322236632059713,0
5.318295769244713,0
5.314736707678122,0
5.3115595868139,0
5.307997199113004,0
5.305967743852364,0
5.30738737761331,0
5.303437360946532,0
5.299485548033914,0
5.296298935034315,0
5.294644467193194,0
5.294904309721744,0
5.2936287565398175,0
5.292734078812515,0
5.289539918666691,0
5.287110029602161,0
5.283146802149133,0
5.279181794123474,0
5.276747302504305,0
5.272779028139553,0
5.269192131509499,0
5.265220380330362,0
5.261246857037179,0
5.2576549077926416,0
5.253677917822472,0
5.2496991607842745,0
5.245718638354958,0
5.242503542914676,0
5.238519639888779,0
5.234917677760279,0
5.230930328355186,0
5.227708836327963,0
5.223718119945175,0
5.220493450143152,0
5.216499373607263,0
5.212887553021403,0
5.208890050455466,0
5.2048908010538355,0
5.200889806492654,0
5.196887068447836,0
5.193266932198583,0
5.189260784983787,0
5.185637362305215,0
5.182396805705622,0
5.178385666634057,0
5.174372794188685,0
5.171896735959962,0
5.169034546438354,0
5.166170830349358,0
5.162536402743598,0
5.158515690545926,0
5.154493255179972,0
5.150469098319235,0
5.146443221638776,0
5.142415626813232,0
5.139156377715409,0
5.135895601169551,0
5.13224823956412,0
5.12859928647174,0
5.1249487436114975,0
5.121296612703475,0
5.117257622336325,0
5.113602273553738,0
5.109559948687007,0
5.105515922539809,0
5.1014701967854705,0
5.097422773097065,0
5.093373653147552,0
5.090094330343845,0
5.086041969282064,0
5.081987917005364,0
5.077932175187556,0
5.073874745499921,0
5.070201702384878,0
5.066140975243002,0
5.062078565262169,0
5.05840074059077,0
5.05433504326021,0
5.050267668120284,0
5.046198616843299,0
5.042127891100023,0
5.03844209960323,0
5.035527987795177,0
5.03145254228113,0
5.028148848322786,0
5.0248436775113134,0
5.020763527624098,0
5.01668171508166,0
5.012598241554002,0
5.008513108712577,0
5.004426318226848,0
5.000725004290388,0
4.996634977062257,0
4.992543297214866,0
4.988837293465451,0
4.9847423869671275,0
4.9806458328726535,0
4.97693515455893,0
4.972835383903032,0
4.969509230256676,0
4.965406323426379,0
4.962077227155362,0
4.958358950342273,0
4.954251351988773,0
4.9501421194768795,0
4.9460312544754,0
4.941918758652804,0
4.937804633677558,0
4.933688881217449,0
4.930736173061604,0
4.9266173920341885,0
4.922496988568724,0
4.91876335694505,0
4.914639787449573,0
4.910514600531997,0
4.906387797860333,0
4.902648043080205,0
4.898518087802671,0
4.895941500031768,0
4.891808620674283,0
4.887674133967835,0
4.884704666837763,0
4.880567192370222,0
4.876428115595417,0
4.872287438178631,0
4.86853428070296,0
4.864390481039237,0
4.8602450857463,0
4.85687670038763,0
4.8527282669957685,0
4.848578242999224,0
4.84442663006277,0
4.840273429851777,0
4.836118644031274,0
4.832351981805573,0
4.828194103928212,0
4.824034645449558,0
4.819873608033845,0
4.815710993345419,0
4.811936855500562,0
4.807771165498906,0
4.803603903230879,0
4.79982531950796,0
4.795654991981081,0
4.791483097192639,0
4.7873096368058725,0
4.783134612483963,0
4.778958025890375,0
4.774779878687326,0
4.770600172538508,0
4.766418909105852,0
4.762626982199805,0
4.758442683597593,0
4.754256832714077,0
4.750069431209624,0
4.746662782345794,0
4.742472433524284,0
4.7394542429889555,0
4.735261028114792,0
4.731066270998781,0
4.726869973302541,0
4.723063617314153,0
4.71886431799814,0
4.714663483098292,0
4.710461114275546,0
4.706648966097731,0
4.702443609025806,0
4.69823672302573,0
4.69402830975784,0
4.689818370882165,0
4.685606908057963,0
4.68178609772616,0
4.677571666685623,0
4.673355716689116,0
4.669138249396212,0
4.664919266465489,0
4.66069876955649,0
4.65647676032745,0
4.6522532404369485,0
4.648028211543306,0
4.6441944968801465,0
4.639966529783948,0
4.636130003899666,0
4.632292099357187,0
4.6280597749351955,0
4.625005226891886,0
4.620770130809774,0
4.617319892243614,0
4.614261515849478,0
4.610022312518055,0
4.6057816185695515,0
4.601932795033434,0
4.597689199817779,0
4.5934441189688755,0
4.5899846449310076,0
4.58573674786328,0
4.5814873701578165,0
4.577236513470922,0
4.572984179457478,0
4.568730369773704,0
4.565656878615755,0
4.561400347934182,0
4.557142346588904,0
4.552882876234236,0
4.54901611797618,0
4.5447537897508425,0
4.540489997493182,0
4.536224742857343,0
4.531958027497211,0
4.527689853065823,0
4.523814826001569,0
4.519543813659084,0
4.515271347220306,0
4.51139223299117,0
4.5071169386303325,0
4.503235124460019,0
4.499351987523227,0
4.495072501461266,0
4.490791571260331,0
4.486904377388441,0
4.483411069777418,0
4.479126043317308,0
4.47483957936754,0
4.470551679578875,0
4.466262345602928,0
4.461971579090829,0
4.458866190827649,0
4.455364017970737,0
4.4522562140690525,0
4.447960338188864,0
4.443663038136407,0
4.4401558875436535,0
4.435855895260175,0
4.433533715338342,0
4.429627108435255,0
4.425323317286939,0
4.421810024762067,0
4.418691459760566,0
4.414383809454364,0
4.410074750000462,0
4.405764283047915,0
4.401848628308272,0
4.397535427038605,0
4.3932208232282335,0
4.388904818524821,0
4.3845874145762025,0
4.380665183970308,0
4.376345062279825,0
4.372023546299403,0
4.367700637675711,0
4.36337633805536,0
4.359050649085361,0
4.3547235724117,0
4.35039510968042,0
4.346462414391766,0
4.342131260403136,0
4.338196003084164,0
4.334259492270235,0
4.329924351825213,0
4.326382716922097,0
4.3220449778235945,0
4.317705865899455,0
4.313365382794046,0
4.309023530152274,0
4.304680309617964,0
4.30033572283466,0
4.296387705655633,0
4.292040467399005,0
4.287691867838589,0
4.283341908617047,0
4.278990591378175,0
4.274637917764039,0
4.270283889417925,0
4.265928507981897,0
4.261571775098673,0
4.257213692409721,0
4.252854261557417,0
4.248493484183257,0
4.245726495813784,0
4.241762130341328,0
4.238195369427046,0
4.2338297564201355,0
4.229462805193975,0
4.22509451738938,0
4.220724894646651,0
4.216753113769272,0
4.21238090243628,0
4.2080073610987085,0
4.203632491396434,0
4.199256294969075,0
4.1948787734554,0
4.190499928494717,0
4.186119761725308,0
4.181738274786596,0
4.1773554693166375,0
4.172971346953489,0
4.168585909336116,0
4.164199158100928,0
4.1602112380039955,0
4.155821940994514,0
4.151431335294376,0
4.148640654965305,0
4.145048357298236,0
4.140654294986177,0
4.136258930613025,0
4.131862265815926,0
4.1322694920412175,0
4.127871151379651,0
4.123471515367072,0
4.119070585638241,0
4.1146683638286845,0
4.11066549943078,0
4.10626077511543,0
4.102255539144721,0
4.097848318918096,0
4.093439814811376,0
4.089431008484695,0
4.085020018342021,0
4.080607749234815,0
4.076194202795591,0
4.071779380658882,0
4.067363284456974,0
4.063347331133372,0
4.058928768605625,0
4.054508936924435,0
4.050489457941268,0
4.046067169797823,0
4.041643617410159,0
4.0372188024105355,0
4.032792726430216,0
4.028365391099612,0
4.023936798050556,0
4.019506948913829,0
4.015075845318961,0
4.011045776309828,0
4.0066122457640745,0
4.002579881403193,0
3.9981439304822857,0
3.993706733281101,0
3.9892682914284308,0
3.985231304951924,0
3.980790455841884,0
3.976348366980716,0
3.971905039996443,0
3.9674604765178856,0
3.9630146781721862,0
3.9585676465882216,0
3.954119383392424,0
3.9496698902127605,0
3.945219168676118,0
3.9411706651939653,0
3.9367175691211287,0
3.932666823162208,0
3.9286149842039038,0
3.924158377300529,0
3.9197005518393837,0
3.9156453407877905,0
3.911589043386357,0
3.9071277268002405,0
3.902665198184849,0
3.898201459164909,0
3.893736511364807,0
3.889674600649954,0
3.8856116135369803,0
3.881143204106394,0
3.876673592419081,0
3.8726072826967197,0
3.8681353488908314,0
3.8636622177112088,0
3.859187890780305,0
3.855926653307961,0
3.8518549596841183,0
3.8485918052516865,0
3.844113254828386,0
3.839633516859948,0
3.8351525929678303,0
3.8306704847730373,0
3.8261871938964873,0
3.8217027219589284,0
3.81721707058054,0
3.813540981505156,0
3.809458540680936,0
3.804969593927922,0
3.8004794742544163,0
3.795988183280542,0
3.791901417024377,0
3.787813612529618,0
3.7837247714602427,0
3.7796348954786367,0
3.777167338927569,0
3.7726697548738457,0
3.768171010970775,0
3.7640771162157023,0
3.7599821948923307,0
3.7554801369868187,0
3.750976925727457,0
3.7468788302941505,0
3.742779714905879,0
3.7382732092396225,0
3.7337655567115746,0
3.729256758937453,0
3.725153423537506,0
3.7206424181513285,0
3.716537008711896,0
3.712023802228316,0
3.7075094586006685,0
3.703400924256073,0
3.6992913864566788,0
3.694773797317083,0
3.690255077515644,0
3.68573522866501,0
3.6816215363666913,0
3.6770995124324486,0
3.672983778913192,0
3.668459586400587,0
3.6659717420161257,0
3.66470493839887,0
3.660993113791818,0
3.6564656211478734,0
3.6519370141938055,0
3.648629869118537,0
3.6440992733414532,0
3.6395675681266937,0
3.6350347550844333,0
3.6313163836309457,0
3.6271893302103706,0
3.623469145510711,0
3.618932309294081,0
3.614394373364661,0
3.6098553393302097,0
3.605315208799084,0
3.6011821904793635,0
3.596639950259487,0
3.5933215562878615,0
3.5895940235882904,0
3.5850489058350092,0
3.5805027013117012,0
3.575955411624193,0
3.5714070383793057,0
3.566857583182724,0
3.5623070476403598,0
3.5581642716178123,0
3.5544294154671547,0
3.5498758844350675,0
3.545321279518589,0
3.540765602322523,0
3.536208854450706,0
3.5316510375076575,0
3.5270921530965325,0
3.5225322028215658,0
3.5179711882861397,0
3.5134091110922725,0
3.508845972843801,0
3.5046914806983125,0
3.5001263039369803,0
3.4955600709407406,0
3.4909927833116683,0
3.48642444265127,0
3.481855050560597,0
3.4772846086407014,0
3.472713118492379,0
3.4681405817164546,0
3.4635669999121035,0
3.458992374680406,0
3.45441670762051,0
3.449840000332017,0
3.445262254413848,0
3.440683471465263,0
3.4365145162341264,0
3.43193374301444,0
3.427351937572695,0
3.422769101507072,0
3.418596389952228,0
3.414422783398635,0
3.4106595181375496,0
3.406484179925968,0
3.4018966101607475,0
3.397308019421132,0
3.392718409302603,0
3.388127781401522,0
3.383536137312859,0
3.3789434786318964,0
3.3743498069535747,0
3.3701670194180906,0
3.3655714057336468,0
3.3626227431844598,0
3.3584374365682947,0
3.3538391993053835,0
3.3492399586902195,0
3.344639716316834,0
3.340038473776474,0
3.3354362326629996,0
3.3316578789267624,0
3.327053804109539,0
3.322448735521675,0
3.3178426747542744,0
3.3136483445352667,0
3.3090403835724658,0
3.3044314352170545,0
3.2998215010586023,0
3.295210582688327,0
3.290598681695343,0
3.285985799669618,0
3.28137193820001,0
3.2796498776484384,0
3.275034618572505,0
3.2704183849130857,0
3.2658011782589824,0
3.2611830001973487,0
3.2565638523162193,0
3.2519437362030033,0
3.2477363618696984,0
3.243114393654082,0
3.238491461980203,0
3.2346953861225813,0
3.2300706915771116,0
3.2254450383584015,0
3.2208184280514445,0
3.2161908622418025,0
3.211562342513872,0
3.2069328704528175,0
3.2023024476426087,0
3.1976710756673015,0
3.1930387561108944,0
3.1884054905564483,0
3.183771280587706,0
3.6749662791453375,0
3.670430396743029,0
3.665893591474344,0
3.6613558649186757,0
3.657966858054664,0
3.6534275381247596,0
3.6488873016838568,0
3.6458796205369595,0
3.6413378819418654,0
3.63679523162304,0
3.633018741149698,0
3.629625091995507,0
3.6250801239365558,0
3.620534250527953,0
3.615987473345882,0
3.612591198525962,0
3.6107291452383663,0
3.6080988921571304,0
3.603933427332805,0
3.600918277231159,0
3.596751466057867,0
3.592200122964158,0
3.5884155812040035,0
3.5838626214519422,0
3.5793087739817224,0
3.57629009767291,0
3.572118838620554,0
3.5675627466034427,0
3.5630057732245177,0
3.558447920054874,0
3.5550421122526643,0
3.5504827498981797,0
3.5459225125068485,0
3.541361401648601,0
3.5367994188930254,0
3.5322365658097965,0
3.5276728439681904,0
4.793551806069047,0
4.789592526956028,0
4.787928316719615,0
4.783681262038613,0
4.780007419395247,0
4.776620019275498,0
4.772370980050795,0
4.768121137716889,0
4.764157734047785,0
4.760193678160107,0
4.7565163075815065,0
4.753125728488357,0
4.749159908310872,0
4.74490597576704,0
4.740651251106925,0
4.7369709910557845,0
4.733002536424806,0
4.728745705850287,0
4.725351482149392,0
4.721093342615006,0
4.716834420362318,0
4.712862723717421,0
4.708602327798076,0
4.7049174377861505,0
4.702096351746235,0
4.698122383591937,0
4.695012259123274,0
4.6919016441214865,0
4.6882143215123335,0
4.684238291584052,0
4.6811262997939025,0
4.6785900984507975,0
4.6757651889375325,0
4.672363637109896,0
4.668097237384643,0
4.66383007871471,0
4.660138789567952,0
4.656446990027376,0
4.6521779133838095,0
4.648196568633807,0
4.644214621566533,0
4.640232073773319,0
4.63596025794962,0
4.632265182371327,0
4.628569607778928,0
4.625739783763919,0
4.62175456378904,0
4.617768752710958,0
4.613493444192528,0
4.611239821043711,0
4.606963653063389,0
4.602975739882311,0
4.599276267920914,0
4.594998165814843,0
4.591008508101652,0
4.587018272050244,0
4.58273816225838,0
4.579036071275453,0
4.574754689300164,0
4.5704725858514905,0
4.566479358373186,0
4.562775193723468,0
4.558491198415567,0
4.555075753698986,0
4.551949601409092,0
4.547664079657352,0
4.545406341761293,0
4.5416995271753535,0
4.537702474005329,0
4.533414998122964,0
4.529126817953937,0
4.526577800601274,0
4.523158590080897,0
4.51944904126745,0
4.515159027047531,0
3.839985764225787,0
3.835511189744352,0
3.8310358923456818,0
3.826559873569124,0
3.8220831349532887,0
3.817605678037012,0
3.8131275043585333,0
3.808648615455837,0
3.804169012866822,0
3.7996886981289038,0
3.795207672778133,0
3.790725938351784,0
3.786243496386902,0
3.781760348418544,0
3.777276495982079,0
3.7727919406134163,0
3.7683066838478396,0
3.7638207272192403,0
3.759334072262675,0
3.754846720511722,0
3.750358673499875,0
3.7458699327608826,0
3.7413804998274145,0
3.7368903762320826,0
3.732399563507613,0
3.727908063185879,0
3.7234158767981285,0
3.718923005875638,0
3.71442945195011,0
3.709935216551486,0
3.705440301210132,0
3.7009447074559887,0
3.6964484368192245,0
3.6919514908287567,0
3.6874538710132185,0
3.682955578901584,0
3.678456616021805,0
3.673956983902002,0
3.669456684069843,0
3.664955718052397,0
3.6604540873767064,0
3.655951793569045,0
3.651448838155545,0
3.6469452226628505,0
3.642440948615757,0
3.6379360175392605,0
3.633779177485792,0
3.6292730229004064,0
3.6247662158727962,0
3.620258757926564,0
3.615750650586506,0
3.6112418953742065,0
3.606732493813439,0
3.602222447426243,0
3.597711757734345,0
3.593200426260296,0
3.588688454524629,0
3.584175844049014,0
3.5796625963538986,0
3.575148712959617,0
3.570634195386333,0
3.5661190451529876,0
3.5616032637796877,0
3.557086852785062,0
3.5529200841222064,0
3.5484025046604017,0
3.5438843001452085,0
3.5397159755240466,0
3.535897713984724,0
3.5313779022446283,0
3.5268574715599925,0
3.52268719490192,0
3.5192180363228545,0
3.5150469445559054,0
3.510524484998996,0
3.5060014141420197,0
3.5018288082157767,0
3.497304605696087,0
3.492779796431762,0
3.488254381936514,0
3.4844311273991764,0
3.480256109634354,0
3.4760806384466605,0
3.4715531640652557,0
3.4673767298892244,0
3.4628481482948814,0
3.458318972120111,0
3.4537892028742476,0
3.4492588420683887,0
3.446487858520868,0
3.443012684013695,0
3.438481250343642,0
3.434301330447198,0
3.4297688140811715,0
3.4252357153286823,0
3.4207020356966495,0
3.417929620544953,0
3.414099948329323,0
3.40956514200343,0
3.4053822614521607,0
3.4015514913791094,0
3.3991304226589705,0
3.3952991411399296,0
3.39076243064423,0
3.3862251530624974,0
3.3820400487668962,0
3.3775017283504383,0
3.373668593472189,0
3.3701880134383373,0
3.365648444198598,0
3.361108316969762,0
3.3565676332543433,0
3.3520263945532065,0
3.347484602366734,0
3.3436489663535554,0
3.339106245611191,0
3.334562975911325,0
3.33001915875289,0
3.325828459152831,0
3.3212836385862374,0
3.317092086983507,0
3.312546269056128,0
3.3079999111886025,0
3.3041610841095235,0
3.299613825016138,0
3.2950660305000667,0
3.2905177020567464,0
3.2866775046967973,0
3.2821282871615267,0
3.2782874497828516,0
3.273737349247341,0
3.26918672231281,0
3.265699527253304,0
3.261148113632231,0
3.257660427596903,0
3.2531082334333803,0
3.2489103934890693,0
3.2447121851018608,0
3.2401586134201636,0
3.2363146691407962,0
3.231760244870827,0
3.2279156978279104,0
3.2237156702498453,0
3.219515283434987,0
3.2149591722051127,0
3.2104025556408544,0
3.206200976729974,0
3.2016434413763193,0
3.197085405165865,0
3.195372378002645,0
3.1908140442154433,0
3.1862552141389813,0
3.181695889258691,0
3.177136071061284,0
3.172575761031453,0
3.1680149606544887,0
3.163453671415027,0
3.159248168213992,0
3.1575359597494526,0
3.1543987204724715,0
3.150905163102834,0
3.1466990680542324,0
3.1421363665864135,0
3.137929550890192,0
3.133365982065044,0
3.1291584517595936,0
3.124950597470246,0
3.121099033180002,0
3.116533923035263,0
3.1119683435838112,0
3.1081159709455903,0
3.104263380729833,0
3.101124293319117,0
3.0969144626998286,0
3.092347349248712,0
3.0877797754792766,0
3.083211742868457,0
3.079000487532653,0
3.0744316295438523,0
3.0698623171553265,0
3.066364893351107,0
3.0635821044216414,0
3.059012141160963,0
3.05515676794883,0
3.052373673871159,0
3.0513771254133815,0
3.0478788809197397,0
3.043308450791386,0
3.0387375798941605,0
3.034881341790424,0
3.03066735569638,0
3.026095435582249,0
3.021523080622927,0
3.0169502922886977,0
3.013092871809988,0
3.009235271255534,0
3.005377492187449,0
3.001519536168331,0
2.997303369396775,0
2.993086929028266,0
2.9885120303326858,0
2.9839367101391474,0
2.9797193326374725,0
2.9755016875477907,0
2.970925288206672,0
2.966707049718849,0
2.963205749982137,0
2.9589871124053957,0
2.9547682147961325,0
2.950190282126897,0
2.9456119412483304,0
2.9424688535109453,0
2.9378900541631197,0
2.9333108510461727,0
2.9287312456218046,0
2.924151239350749,0
2.9195708336940527,0
2.9157087679763265,0
2.91112774487425,0
2.9065463267931477,0
2.902324111297361,0
2.8977419961479143,0
2.8931594904089764,0
2.8889364317052753,0
2.8843532377138104,0
2.8797696575182385,0
2.875545768929385,0
2.87168176264683,0
2.867097298404076,0
2.862872719465713,0
2.858647913407424,0
2.8540624898103886,0
2.849476690263316,0
2.845251085481152,0
2.8417464479210253,0
2.8382417415024292,0
2.834015730606353,0
2.829428782992238,0
2.82484146824973,0
2.8202537878294436,0
2.8174704202393457,0
2.813243404515873,0
2.808655168624483,0
2.8040665729347722,0
2.8005611085358453,0
2.7959720641608783,0
2.7913826643734865,0
2.7867929106221823,0
2.7822028043548244,0
2.777612347018362,0
2.776275432686049,0
2.7716850780087157,0
2.7670943767182052,0
2.7625033302597046,0
2.7579119400792536,0
2.7533202076207317,0
2.7487281343288146,0
2.7441357216477797,0
2.739542971020853,0
2.7349498838913178,0
2.7303564617018594,0
2.7257627058946525,0
2.721168617911559,0
2.716574199194156,0
2.711979451183538,0
2.707384375320089,0
2.7027889730444485,0
2.698193245796233,0
2.693597195014405,0
2.6890008221384107,0
2.6858567661655854,0
2.682349588722161,0
2.680294732777128,0
2.6756983352412647,0
2.671101622979535,0
2.666504597428201,0
2.6619072600226446,0
2.6594900262901433,0
2.654892605378336,0
2.6502948769947636,0
2.645696842573443,0
2.641098503549216,0
2.6364998613547925,0
2.631900917423394,0
2.6276656119690642,0
2.6234301610224406,0
2.619922623210357,0
2.61532293384343,0
2.610722949962053,0
2.606486931779017,0
2.601886452639576,0
2.597285683287936,0
2.594142479887637,0
2.5895414924886495,0
2.5860338804275784,0
2.5825262923781622,0
2.577924989041634,0
2.573323404189182,0
2.5687215392470932,0
2.5655787411448046,0
2.561341541246094,0
2.556739292782055,0
2.5521367699940924,0
2.5475339743063046,0
2.5429309071427326,0
2.5383275699265937,0
2.534089339148352,0
2.5316778108451956,0
2.52707430015667,0
2.5232014325521277,0
2.5189630796016047,0
2.5150901636921787,0
2.510851662089152,0
2.5066130561742455,0
2.5020086099012815,0
2.4992327906516323,0
2.4949940739248007,0
2.4907552587747546,0
2.48615042752553,0
2.4815453463733093,0
2.4776721892312707,0
2.4737990431320043,0
2.469925909583935,0
2.465320382703851,0
2.460714613077272,0
2.456474998463733,0
2.4518688375831346,0
2.4476289891710223,0
2.443755648543771,0
2.439149046538205,0
2.4349089552259215,0
2.431769062312185,0
2.427162212296082,0
2.4225551323637546,0
2.417947823925317,0
2.413707356850608,0
2.410201009274516,0
2.4059605316050465,0
2.401352774050906,0
2.3967447951010854,0
2.3921365961633114,0
2.3878956612385593,0
2.386594130359896,0
2.383088334162295,0
2.3788478660760575,0
2.374607340373899,0
2.3703667585022856,0
2.365758503664864,0
2.3615177488461256,0
2.3594830506748394,0
2.3552425835025588,0
2.351737494034495,0
2.348232515775578,0
2.3443599210530692,0
2.3397517727007653,0
2.335143425841835,0
2.330534881876872,0
2.326294233146058,0
2.322053545679097,0
2.317444599746068,0
2.312835462330412,0
2.3085945369948035,0
2.303985111324181,0
2.299375498378481,0
2.294765699554546,0
2.290155716249302,0
2.2855455498588526,0
2.2813041218740295,0
2.276693684090901,0
2.2720830674213914,0
2.2674722732598127,0
2.2635997920571356,0
2.2589888283784205,0
2.2543776914130547,0
2.2501358610499835,0
2.245524472371727,0
2.2420217422366875,0
2.2388887339831456,0
2.2350167293000425,0
2.2311448214484813,0
2.226533599466137,0
2.2226618094625508,0
2.218050446424229,0
2.21343892417957,0
2.208827244116975,0
2.2053256983718654,0
2.20071397935223,0
2.196842537345759,0
2.1929712053157573,0
2.1883593931195833,0
2.1844882049229852,0
2.1802467167549366,0
2.180079125929012,0
2.1758383810287683,0
2.1712272909128387,0
2.166616058502285,0
2.1634866938327377,0
2.160727941498749,0
2.156858073220093,0
2.152247286849729,0
2.1476363652284647,0
2.1430253097364584,0
2.138414121753982,0
2.133802802659403,0
2.1295623440867644,0
2.1249508580229985,0
2.1203392449945397,0
2.1160987447340176,0
2.1118582772857906,0
2.107246473965347,0
2.102634549212013,0
2.098765584077654,0
2.095639823764145,0
2.0913996735127967,0
2.0867879154377817,0
2.0821760428886478,0
2.079422962850998,0
2.074811321883942,0
2.0720587571527744,0
2.0678192063228664,0
2.0632077865456324,0
2.0585962606608916,0
2.053984630039281,0
2.04974508895765,0
2.0466222287906817,0
2.042755222541814,0
2.038143826527971,0
2.0335323327071535,0
2.028920742446843,0
2.024681621634187,0
2.0208151702352097,0
2.0162035732869867,0
2.0119646485648275,0
2.007352962610213,0
2.00274118845968,0
1.9985023399335375,0
1.9938904850252754,0
1.9892785460242237,0
1.9846665242933454,0
1.9800544211945237,0
1.9754422380895846,0
1.9708299763400703,0
1.9662176373066131,0
1.9616052223492773,0
1.96072971206965,0
1.95611806593908,0
1.9522538076746514,0
1.9476422028391198,0
1.9434044043494794,0
1.9391666964307888,0
1.9349290804806003,0
1.9303174830877765,0
1.9257058221751038,0
1.921094099098383,0
1.9168566653339667,0
1.91224491378901,0
1.9080076126483618,0
1.9037704131858106,0
1.900282524490251,0
1.8956710079508525,0
1.8914341885162003,0
1.887572267492999,0
1.883710563236093,0
1.879474203130826,0
1.8756128952433926,0
1.8725016972526305,0
1.8678909440975247,0
1.865155348264409,0
1.8612950578969958,0
1.8581850642372046,0
1.8547003508823536,0
1.8512159252862546,0
1.8469816207554288,0
1.8431226039495243,0
1.8392638212272914,0
1.8354052740203883,0
1.8334230284570765,0
1.8288147314494552,0
1.82608276244531,0
1.8226006593809245,0
1.8194940860718134,0
1.8148867919519205,0
1.810279475502682,0
1.8060476181292415,0
1.801440353271687,0
1.7983354762692443,0
1.7937285451812102,0
1.7891215985231668,0
1.7845146376330376,0
1.7799076638491726,0
1.7756766784672777,0
1.7710697752256408,0
1.766462863112963,0
1.7622321952295863,0
1.7583779744223023,0
1.7541476817529542,0
1.7495411170382056,0
1.7449345501742926,0
1.7418342831838345,0
1.7372280857171347,0
1.7326218901480104,0
1.7283924873448484,0
1.7237863920295524,0
1.7206879487678748,0
1.7160822365517845,0
1.711476532947671,0
1.706870839284818,0
1.7033967373232883,0
1.6987913451580425,0
1.6941859669553878,0
1.6899580248521318,0
1.6853527711375023,0
1.6822577076812024,0
1.677652861637256,0
1.6738033418911016,0
1.6703317714295167,0
1.6657274545744372,0
1.6618787723670607,0
1.6572746915672667,0
1.6541822976648177,0
1.6495786437289155,0
1.6449750198420077,0
1.640371427325249,0
1.6365242881673794,0
1.631920947870242,0
1.6273176429285456,0
1.624606377824847,0
1.6200036115448313,0
1.6157793954465944,0
1.612690965174636,0
1.6114950169673818,0
1.6068937161017516,0
1.6041848598357262,0
1.5999626118120887,0
1.5953620067575969,0
1.5918973495231228,0
1.5888116740931935,0
1.5842118701140748,0
1.5796121189810322,0
1.575391276039113,0
1.57192841782296,0
1.5684659482833183,0
1.5642460299538072,0
1.5596473069983006,0
1.5550486448523486,0
1.550450044825709,0
1.545851508226832,0
1.5412530363652763,0
1.5374135862984701,0
1.5331949673633858,0
1.5285969769285543,0
1.5239990564949721,0
1.5194012073697536,0
1.517462068795794,0
1.5136245896173364,0
1.5101672489658995,0
1.5055708165675128,0
1.5017343414624236,0
1.4975182480187357,0
1.494062448003973,0
1.489846976209094,0
1.4860118735122967,0
1.4817969606565953,0
1.477202034411448,0
1.473367878479678,0
1.4691537118363271,0
1.4645593311196592,0
1.4607261341284357,0
1.4561321237136156,0
1.4519189024578054,0
1.4488480785248896,0
1.4465389844328627,0
1.4419463844893414,0
1.4373538836074715,0
1.4327614830822597,0
1.428169184207519,0
1.4254821048510564,0
1.4220335300462068,0
1.4185853961482735,0
1.4139945455647478,0
1.4101661214096737,0
1.4074815000406034,0
1.4040351074023079,0
1.3994456333716414,0
1.3960000830843455,0
1.3914111182297404,0
1.3868222695062684,0
1.3822335382022288,0
1.3776449256052388,0
1.3734381211313291,0
1.3703767200119614,0
1.3657889397097733,0
1.3612012833165466,0
1.3573776022049913,0
1.3535543222346291,0
1.3504953690425907,0
1.3466729827320307,0
1.3420869028527704,0
1.3378831104433004,0
1.3348261366886334,0
1.3321517646712948,0
1.3275671576869854,0
1.3241294538934483,0
1.3195454037042111,0
1.3157262540956651,0
1.3134369172247489,0
1.3088540407780442,0
1.3042713078137922,0
1.3004538311066938,0
1.297019338057055,0
1.293585330687705,0
1.289769210720607,0
1.285188154170669,0
1.2809900365603255,0
1.2764093778017127,0
1.2733605253798146,0
1.2687805516822266,0
1.2642007343837633,0
1.2600042074593318,0
1.255808002602322,0
1.2512288503143907,0
1.2474165643248512,0
1.242837924553271,0
1.2432430367394147,0
1.239432469020045,0
1.235239053684893,0
1.2306625846054828,0
1.2264697641751638,0
1.2218937292107057,0
1.2188522869190024,0
1.2146606107749278,0
1.2100855664375558,0
1.2062782735468147,0
1.2020876150668016,0
1.1978972984105951,0
1.194091283036613,0
1.189901723232481,0
1.1853284123920957,0
1.181139476033593,0
1.1769508879963837,0
1.1723783197640216,0
1.1678059386984785,0
1.1632337460588928,0
1.1598155070429925,0
1.1552439782728356,0
1.1506726417343316,0
1.146486319939072,0
1.1419154660862318,0
1.1373448082449897,0
1.1331594273130179,0
1.1285892597458655,0
1.1247897542329497,0
1.1206054646674488,0
1.1164215414726755,0
1.1126233881766154,0
1.1080547993545053,0
1.1050285321618105,0
1.10046073512882,0
1.0978211747691091,0
1.0932542693370237,0
1.0894589898783806,0
1.0848926973912398,0
1.0807124778222033,0
1.0761467087081655,0
1.0715811558333144,0
1.0670158204432028,0
1.0624507037840374,0
1.0578858071012291,0
1.0537075339653938,0
1.049529647774193,0
1.0449656079618137,0
1.0431077249389773,0
1.0397043945097266,0
1.0351419811504456,0
1.0313531141450198,0
1.0267913492714058,0
1.0230034126628311,0
1.019989575013824,0
1.0162027536729283,0
1.012029576204526,0
1.0078567998956487,0
1.0032973903574032,0
0.9987382196747205,0
0.9945665145695841,0
0.9900079202340919,0
0.9858369588711753,0
0.9820538417122009,0
0.9778837691532658,0
0.9768138135968627,0
0.9749692769898672,0
0.9711887644588444,0
0.9670213959720968,0
0.9651788095159475,0
0.960625294225224,0
0.9560720329338892,0
0.9530692458886278,0
0.9504545648119631,0
0.9462904869003808,0
0.9417392052213245,0
0.937188183795655,0
0.9326374238508492,0
0.928862728885548,0
0.9262522311984185,0
0.9224787634092877,0
0.918317893348501,0
0.914545476688204,0
0.9103855446684861,0
0.9070022952439274,0
0.9024551954132107,0
0.8979083682561395,0
0.8933618149943925,0
0.889592446275401,0
0.8850466351000534,0
0.8805011015021194,0
0.8759558467008617,0
0.8729659170865602,0
0.868810399359802,0
0.8650441698833617,0
0.8608896205650467,0
0.8575134091290693,0
0.8529709022328404,0
0.8484286827717256,0
0.8438867519606958,0
0.8401236618975645,0
0.8355825029615005,0
0.8325992030137286,0
0.828059011886694,0
0.8239086359466796,0
0.8193691311087719,0
0.8152196100380138,0
0.810680796377568,0
0.8061422823601845,0
0.8019940175101965,0
0.7986261842801525,0
0.7940889587995912,0
0.789942173341359,0
0.7854056537201757,0
0.7824304991040378,0
0.777894977132803,0
0.7733597645584496,0
0.7692153518348448,0
0.7650714173824156,0
0.7605373315986128,0
0.7563942865908757,0
0.7518609261865095,0
0.7485004870757734,0
0.7443589625670484,0
0.7406088839457539,0
0.7368594091578302,0
0.9756506295991301,0
0.9229294906855046,0
0.9184478843933732,0
0.9139666087420153,0
0.9094856649255689,0
0.9050050541382291,0
0.9005247775730538,0
0.8960448364234423,0
0.8915652318814011,0
0.8870859651385103,0
0.8826070373864638,0
0.8781284498156481,0
0.8736502036160232,0
0.8691722999772082,0
0.8646947400884244,0
0.8602175251376423,0
0.8557406563126335,0
0.8512641348008003,0
0.8467879617888343,0
0.8423121384631429,0
0.8378366660083145,0
0.8333615456106713,0
0.8288867784530112,0
0.8244123657201499,0
0.8199383085952547,0
0.8154646082609247,0
0.8109912658990481,0
0.8065182826915134,0
0.8020456598194698,0
0.7975733984626743,0
0.7931014998011676,0
0.7886299650143371,0
0.7841587952809448,0
0.7796879917787862,0
0.7752175556859413,0
0.7707474881787846,0
0.7662777904343443,0
0.7618084636278013,0
0.7573395089346207,0
0.7528709275295284,0
0.7484027205868813,0
0.7439348892797284,0
0.7394674347815737,0
0.7350003582641307,0
0.7305336608997948,0
0.7260673438593983,0
0.7216014083136884,0
0.7171358554330141,0
0.7126706863868719,0
0.7082059023436216,0
0.7037415044723332,0
0.6992774939402295,0
0.6948138719145902,0
0.6903506395624959,0
0.685887798049805,0
0.6814253485413815,0
0.67696329220297,0
0.6725016301982976,0
0.6680403636912047,0
0.6635794938449067,0
0.6591190218220504,0
0.654658948784828,0
0.6501992758938968,0
0.6457400043113637,0
0.6412811351963796,0
0.6368226697087493,0
0.6323646090081354,0
0.6279069542526656,0
0.6234497066002405,0
0.6189928672085614,0
0.6145364372341646,0
0.6100804178329327,0
0.6056248101606627,0
0.6011696153727542,0
0.5967148346235263,0
0.592260469066332,0
0.587806519855036,0
0.5833529881421384,0
0.5788998750795997,0
0.5744471818193801,0
0.5699949095120758,0
0.5655430593080268,0
0.5610916323571757,0
0.5566406298085838,0
0.5521900528111985,0
0.5477399025124043,0
0.5432901800601826,0
0.538840886601264,0
0.5343920232817538,0
0.529943591247303,0
0.5254955916433062,0
0.5210480256141068,0
0.5166008943037355,0
0.5121541988552565,0
0.5077079404116205,0
0.5032621201149254,0
0.49881673910704194,0
0.49437179852847635,0
0.48992729951964975,0
0.4854832432205285,0
0.481039630770681,0
0.47659646330808414,0
0.47215374197142523,0
0.46771146789765794,0
0.46326964222390643,0
0.4588282660860443,0
0.4543873406203147,0
0.44994686696168174,0
0.4455068462443421,0
0.4410672796020947,0
0.43662816816893724,0
0.43218951307719067,0
0.42775131545849376,0
0.42331357644545164,0
0.41887629716831043,0
0.4144394787572594,0
0.41000312234254466,0
0.40556722905299125,0
0.4011318000173958,0
0.3966968363640433,0
0.3922623392196556,0
0.3878283097112103,0
0.38339474896503134,0
0.37896165810721527,0
0.3745290382620112,0
0.37478239678566183,0
0.3703518960900851,0
0.36592186990176856,0
0.36149231934373915,0
0.35706324553765967,0
0.35263464960502233,0
0.3482065326668078,0
0.3437788958429451,0
0.33935174025327797,0
0.3349250670161723,0
0.3304988772507329,0
0.326073172074274,0
0.321647952604593,0
0.31722321995766833,0
0.3127989752499616,0
0.3083752195963996,0
0.30395195411210807,0
0.29952917991101913,0
0.29510689810723534,0
0.2906851098132961,0
0.2862638161423092,0
0.2818430182047109,0
0.27742271711304056,0
0.2730029139767396,0
0.26858360990721053,0
0.26416480601304215,0
0.2597465034029085,0
0.25532870318551204,0
0.2509114064679636,0
0.2464946143572888,0
0.24207832795994477,0
0.2207257579384816,0
0.2163062676765719,0
0.2118872860091301,0
0.22717314980982906,0
0.22276009575679723,0
0.21834755411381934,0
0.2139355259823219,0
0.20952401246444197,0
0.2051130146610376,0
0.2007025336720858,0
0.19629257059764882,0
0.19188312653670891,0
0.18747420258759462,0
0.18306579984837867,0
0.17865791941662224,0
0.1742505623884938,0
0.16984372986036078,0
0.16543742292751062,0
0.1610316426850602,0
0.14634697940735464,0
0.14193969951844565,0
0.13753294934099358,0
0.13312672996741526,0
0.12872104248918959,0
0.12431588799825022,0
0.11991126758488235,0
0.11550718233920065,0
0.11110363335129136,0
0.10670062170942174,0
0.08283187841098538,0
0.07842512470026008,0
0.07401891111152281,0
0.0696132387310513,0
0.06520810864509485,0
0.06080352193919225,0
0.05639947969839909,0
0.051995983007145696,0
0.07027671852554818,0
0.06587992799572362,0
0.061483686829177486,0
0.05708799610766846,0
0.05269285691247205,0
0.04829827032338585,0
0.04390423742043481,0
0.03951075928262071,0
0.035117836988376894,0
0.030725471615653532,0
0.02633366424140604,0
0.021942415943101423,0
0.01755172779644454,0
0.013161600876003376,0
0.008772036257795435,0
0.0043830350151949915,0
-5.4017779120840714e-06,0
-0.004393273048805213,1
2.749661976184342,0
2.7477080353388033,0
2.745754888591051,0
2.7438025368674914,0
2.741850981094302,0
2.7399002221977184,0
2.7379502611010196,0
2.7360010987295027,0
2.7340527360064186,0
2.7321051738544213,0
2.730158413196108,0
2.7282124549528532,0
2.7262673000453503,0
2.7243229493946046,0
2.72237940391949,0
2.7204366645399034,0
2.7184947321734683,0
2.7165536077380636,0
2.7146132921510002,0
2.712673786328736,0
2.7087972076409983,0
2.706860136605542,0
2.7049238789943217,0
2.702988435720556,0
2.701053807696951,0
2.6991199958349057,0
2.6971870010468706,0
2.695254824242653,0
2.693323466332515,0
2.6913929282258664,0
2.689463210831576,0
2.6875343150576327,0
2.6836789920003525,0
2.681752566529724,0
2.679826966305683,0
2.677902192232665,0
2.6759782452153615,0
2.6721328359610936,0
2.6702113755294477,0
2.6682907457640397,0
2.6663709475653548,0
2.6625338494698667,0
2.6606165513718167,0
2.6567844615679235,0
2.654869671656229,0
2.651042606297409,0
2.6489910573897077,0
2.6469405711692957,0
2.6427037869913192,0
2.6406565932072112,0
2.692812887522649,0
2.690599117562101,0
2.688386583195012,0
2.6840937628378754,0
2.681756403315404,0
2.6775990865986046,0
2.67552203114829,0
2.673317951189034,0
2.6712431349032784,0
2.6691693903100315,0
2.662060696618994,0
2.659864238659452,0
2.6576690297471828,0
2.6554750708389747,0
2.653282362890593,0
2.6512183104607914,0
2.6491553381196127,0
2.644651241116776,0
2.6423376209581306,0
2.6400253811162884,0
2.635532004978046,0
2.6333507469272774,0
2.631297535004137,0
2.629118724710594,0
2.626941176807378,0
2.6247648922404494,0
2.6227163360518944,0
2.620668871956724,0
2.618622500860596,0
2.6164510562249745,0
2.6142808796065538,0
2.6122379907756965,0
2.610196198583111,0
2.608155503931215,0
2.6059901857312013,0
2.6038261402112823,0
2.6016633683101986,0
2.5995018709662077,0
2.597467073553986,0
2.595433379128849,0
2.591244175489436,0
2.5889637641133163,0
2.5866847572241625,0
2.584657086592216,0
2.582380791782384,0
2.580355537102008,0
2.578206687697275,0
2.57024593495845,0
2.5660857806704485,0
2.56406953195696,0
2.562054400598754,0
2.5600403874821893,0
2.5579037558370032,0
2.55576841813064,0
2.553757963580267,0
2.5517486308327193,0
2.547610043854519,0
2.545480965440049,0
2.5433531864465238,0
2.5411036170556542,0
2.5389785144393215,0
2.5368547140081716,0
2.534732216680112,0
2.532611023368702,0
2.5306138516823182,0
2.528617811574975,0
2.5164213174210204,0
2.5123247941706097,0
2.506128444175488,0
2.502165796502453,0
2.4979652047688035,0
2.494012113054822,0
2.492037287721672,0
2.48797028406608,0
2.48402887765576,0
2.477884733901533,0
2.4739552554856346,0
2.466349653046933,0
2.464510681585608,0
2.457164164288912,0
2.449832675974534,0
2.442516268908804,0
2.440689529696101,0
2.43886373712985,0
2.4370388920223434,0
2.4352149951845945,0
2.4333920474266506,0
2.4315700495577914,0
2.429749002387325,0
2.4279289067234515,0
2.4261097633734323,0
2.4242915731443304,0
2.4224743368424413,0
2.4206580552730372,0
2.4188427292413053,0
2.4170283595511535,0
2.4152149470063193,0
2.4115909965621825,0
2.409780460267001,0
2.407970884324442,0
2.4061622695340077,0
2.404354616695713,0
2.4025479266084346,0
2.4007422000696863,0
2.398937437876839,0
2.3971336408272634,0
2.3953308097166257,0
2.39352894534008,0
2.3917280484934906,0
2.389928119969227,0
2.3881291605617037,0
2.386331171063091,0
2.3827381049607084,0
2.3809430299382655,0
2.375563646465622,0
2.3737724684679335,0
2.371982266695909,0
2.3701930419364032,0
2.3684047949753335,0
2.366617526597281,0
2.3648312375872536,0
2.36304592872915,0
2.361261600805932,0
2.3594782545997646,0
2.3576958908930408,0
2.375697951728199,0
2.373895086493377,0
2.3719857384345744,0
2.3700775993859224,0
2.368170670157042,0
2.3662649515566443,0
2.364467509262141,0
2.36256411403059,0
2.360768771575408,0
2.358867702897271,0
2.3569678488615295,0
2.3531717879340306,0
2.351381896113395,0
2.349486808298309,0
2.345806277193333,0
2.3440206101794274,0
2.342130200901522,0
2.340346650969991,0
2.338564098279221,0
2.3366771559570623,0
2.3348967250044836,0
2.333012131395833,0
2.3312338252848406,0
2.3293515835293874,0
2.3275754053579476,0
2.323921471450177,0
2.3220439427991266,0
2.32016764465385,0
2.3182925778054937,0
2.3165229270306327,0
2.309143279332858,0
2.3054087886002037,0
2.3035433992029084,0
2.299919565679204,0
2.298057793026288,0
2.2963002646522455,0
2.292582724540665,0
2.2908284956287446,0
2.281664283764968,0
2.279916674334885,0
2.2743749667574775,0
2.2725302313740485,0
2.26342643434387,0
2.2616900850468085,0
2.2580190212751745,0
2.256286014596128,0
2.2507923279920306,0
2.249063830412865,0
2.235563464484443,0
2.2337487971199153,0
2.231935393927813,0
2.2301232556673654,0
2.228414874093488,0
2.2266051668470084,0
2.264214722988868,0
2.2623666641695763,0
2.2606120338743096,0
2.2587664040457582,0
2.2570139782115177,0
2.255170780363869,0
2.253328850032773,0
2.251579799056742,0
2.2497403051893343,0
2.247993466045017,0
2.2462476712655643,0
2.244411787239443,0
2.242577175219651,0
2.2407438359574314,0
2.238911770203373,0
2.2371717094896724,0
2.235342092085034,0
2.2335137504240947,0
2.231686685254715,0
2.2299511999475214,0
2.2282167662746986,0
2.2264833849541503,0
2.2246611302884105,0
2.2193812728194473,0
2.215926613606797,0
2.2141116470643567,0
2.2123870867099527,0
2.210574589041954,0
2.2088522724889685,0
2.207042246607841,0
2.20532217672789,0
2.2035146255387588,0
2.201796805198569,0
2.199991731603035,0
2.1981879484483784,0
2.196385456466629,0
2.194672269343414,0
2.1929601481406564,0
2.191249093561879,0
2.1894514700898355,0
2.187655141414808,0
2.1859475421256036,0
2.184241012281774,0
2.182448369955722,0
2.1807441067305717,0
2.179040915056163,0
2.1772519654995506,0
2.1754643157824773,0
2.173764594268448,0
2.1703683749936715,0
2.1685856280239477,0
2.166890333783158,0
2.165110093074702,0
2.163331157213662,0
2.1616393478997225,0
2.1598629225624393,0
2.1563994861426465,0
2.1547122493782638,0
2.1529408535658376,0
2.15117076758375,0
2.1494019921446466,0
2.1476345279612588,0
2.1459532112378668,0
2.1441882702873443,0
2.142509250976019,0
2.140746836059833,0
2.1389857359300777,0
2.137225951294994,0
2.1354674828610882,0
2.133794407950063,0
2.1320384725584347,0
2.1303677047316683,0
2.1286143051644615,0
2.1269458471651603,0
2.1251949861974424,0
2.1235288407631003,0
2.121780521165391,0
2.120033524061597,0
2.118287850151404,0
2.1166264639832946,0
2.1148833369842635,0
2.11314153526439,0
2.1080889273790717,0
2.1064345116265315,0
2.104781196976205,0
2.1030469549845634,0
2.0996642878108673,0
2.09801563630748,0
2.0962865155263444,0
2.094558727591135,0
2.087660918075869,0
2.0859398046882234,0
0.039734469948399465,0
0.03917834517619667,0
0.03807052017984347,0
0.03782867977892579,0
0.03727834600431379,0
0.03672948908669582,0
0.028089769049756796,0
0.027170727433599495,0
0.019879656107775645,0
0.01971402881943618,0
0.016948871004814237,0
0.01680728864869252,0
0.01652793515890494,0
0.01471504158482162,0
0.014595116638702166,0
0.014476469798069047,0
0.014359101518493844,0
0.014243012254610221,0
0.01166870261585018,0
0.01157110602719058,0
0.01147479521398509,0
0.010789569151484102,0
0.007763872728531851,0
0.007690566499547913,0
0.007618553959900964,0
0.00487097139546222,0
0.00481546138360045,0
0.004469864630578968,0
0.0019309576509840554,0
0.0004847958902303162,0
0.0004595872572110693,0
-0.0001417140471176026,0
-0.0009012744519338867,1
-0.000894430076499475,1
-0.0008862677774459371,1
-0.0008767871688064588,1
-0.0008659878647847563,1
-0.0008538694809203662,1
-0.0008404316336054762,1
-0.0008256739396585999,1
-0.0006054216834172621,1
-0.0005761206039949229,1
-0.0005454951384251672,1
-0.0005135449139004322,1
-0.0004802695567889259,1
-0.0004456686953631106,1
-0.00040974195886178677,1
-5.5439277190316716e-05,0
-0.00026668439429045065,0
-0.00019694999662078772,0
-0.0006844245634169965,1
-0.001063865420746879,1
-0.0009827608015484657,1
-0.0011786081470575027,1
-0.001483636166881297,1
-0.0013871150771365137,1
-0.0015661640530026943,1
-0.0016705948383446412,1
-0.0015459959901420461,1
-0.0014643346370348809,1
-0.0015363740184852759,1
-0.001406197840594814,1
-0.0015485536751782547,1
-0.0016893105102440131,1
-0.00182846800845482,1
-0.0016924830733273666,1
-0.0017696083200462454,1
-0.0016194186140410238,1
-0.000801500593269111,1
0.0013995977591889641,0
0.0015784267816343345,0
0.0017586163913563269,0
0.0019401668814680306,0
0.0032491493768418422,0
0.0034415973522357035,0
0.003830584027525674,0
0.004027123297078106,0
0.0058574055023541405,0
0.006067600742085233,0
0.006492092881615008,0
0.00869665782499851,0
0.00892464699222728,0
0.009154006808586246,0
0.009384737539903654,0
0.01018957667434961,0
0.010408296177416787,0
0.010659337390507062,0
0.010911753449335038,0
0.011673673327493361,0
0.011939155952148894,0
0.01361016799702952,0
0.013629821106093232,0
0.014559930957574352,0
0.014657004405478347,0
0.014951444523489954,0
0.015247266830726858,0
0.015928087200791197,0
0.016231096808269285,0
0.017306469598565855,0
0.23268013491224337,0
0.23347278967375473,0
0.2376240022071272,0
0.23768217096719013,0
0.23774198373257605,0
0.23780344069638204,0
0.23786654205110835,0
0.2379312879872657,0
0.2382268368982352,0
0.23829475913382225,0
0.23866433428466394,0
0.23873707907250719,0
0.23881146956409793,0
0.23888750594528574,0
0.23896518840214753,0
0.23904451711837282,0
0.23912549227728164,0
0.23920811406210873,0
0.23952024713020137,0
0.23969349847246235,0
0.23978259507023836,0
0.23987333919058074,0
0.23996573101175045,0
0.24028693134033574,0
0.2403825055715174,0
0.24047972802799222,0
0.2405785988845821,0
0.24067911831502897,0
0.24100785664876412,0
0.24111156019915825,0
-0.0381054498665776,1
-0.03749476701884191,1
-0.03688267149155422,1
-0.03626916319188922,1
-0.035654242025628946,1
-0.03193503972181588,1
-0.026896944431683778,1
-0.026260819619750464,1
-0.025623280555549854,1
-0.024984327159387476,1
-0.02176834244346537,1
-0.02112090141380918,1
-0.020472045512292425,1
-0.019821774664706027,1
-0.019170088798261986,1
-0.01654919370190555,1
-0.01589043166762849,1
-0.01523025419021451,1
-0.014568661202304156,1
-0.011908132811726091,1
-0.01123946127793829,1
-0.00787486383589453,1
-0.007197695965174944,1
-0.00450918882020801,1
-0.0033749097434849773,1
-0.002685859817262326,1
-0.0001541226098424886,0
0.000985848523811228,0
0.0071124061656462345,0
0.008308649172050764,0
0.008790765610513063,0
0.009511090665142774,0
0.009996432872242167,0
0.01291982959685356,0
0.013650629806960524,0
0.015616286584190675,0
0.020612046514941085,0
0.021360552159535473,0
0.025940254158768994,0
0.026700519531232203,0
0.027229250579210884,0
0.029290663686822427,0
0.03244725895089573,0
0.03564324758423254,0
0.03697888947607453,0
0.03966878205488911,0
0.04046035166669526,0
0.04125333986485202,0
0.047648314260868574,0
0.051691276247737505,0
0.05250412419167105,0
0.05331839062554877,0
0.05413407553683669,0
0.05905797222982301,0
0.05988358606703059,0
0.0607106182544328,0
0.06320022471561515,0
0.06486705372824986,0
0.06905894470637008,0
0.06990157729029534,0
0.07328628799990611,0
0.07413601062219755,0
0.07498715116039989,0
0.07669368585345637,0
0.07754907994177529,0
0.08012376875376503,0
0.0809848337528365,0
0.08271121661886127,0
0.08357653440776858,0
0.08444326971397231,0
0.08595812934618152,0
0.08660650695395589,0
0.08725655528482434,0
0.08813079126812795,0
0.08943901026438539,0
0.09097594415757726,0
0.09185767976435955,0
0.09340378318472631,0
0.09406840431657315,0
0.09629344627256842,0
0.09785839303629018,0
0.09920888567535258,0
0.10010717144078285,0
0.1007864771664515,0
0.10168773375261253,0
0.10259040669066621,0
0.10327449083627016,0
0.10418013425143613,0
0.10486744223993583,0
0.10555641983339115,0
0.1062470669757829,0
0.10854819902024815,0
0.10946444415890255,0
0.11016320708267813,0
0.1127065909144278,0
0.11597350307559395,0
0.11690303929174206,0
0.11783399062051103,0
0.11876635698700966,0
0.11948266850197342,0
0.12041800271214242,0
0.1209202968522618,0
0.12519347693034888,0
0.12592278735425566,0
0.126653765656215,0
0.1276026584020542,0
0.12855296525216886,0
0.13119667499287857,0
0.13193719645752822,0
0.1328948485921444,0
0.13363858899026582,0
0.1360947912148447,0
0.13705992450289273,0
0.13781176855889044,0
0.1393204567646933,0
0.14029165619038508,0
0.14083581117981225,0
0.1433352332294362,0
0.14431404776149748,0
0.1452942745941357,0
0.14606243492789872,0
0.14704562411145616,0
0.15035400024007117,0
0.15134466258169255,0
0.15233673641455425,0
0.15311775784925885,0
0.15510923814480293,0
0.15610709494666253,0
0.12033787120941497,0
0.12137057529110962,0
0.12240468990208342,0
0.1234402149266316,0
0.12447715024998729,0
0.1265552513237651,0
0.12759641683959444,0
0.12863899218297092,0
0.12968297723435285,0
0.131775175979584,0
0.13282338943045602,0
0.13387301210300961,0
0.13492404387440615,0
0.13597648462092593,0
0.14125981857338843,0
0.14232071051824846,0
0.14338301054709746,0
0.1444467185301903,0
0.14551183433638926,0
0.14657835783390283,0
0.14764628889031428,0
0.14871562737226895,0
0.1497863731457869,0
0.1508585260762345,0
0.1519320860275002,0
0.15300705286406924,0
0.15840298549446175,0
0.1605712018838119,0
0.1638340693602629,0
0.16492450271533698,0
0.16710958484802063,0
0.16820423333248868,0
0.16930028656571494,0
0.1712875891271608,0
0.17238799395568094,0
0.17328103955327379,0
0.1743843907773055,0
0.17528063664926208,0
0.17617854040145176,0
0.17909024288354658,0
0.1802025678937298,0
0.1818084675923899,0
0.18383634511531,0
0.18474893107162416,0
0.18657907187503042,0
0.18770358363576634,0
0.188622678077337,0
0.18975013122994255,0
0.1949963678315214,0
0.1959265849636722,0
0.19706425865535948,0
0.20007488329909506,0
0.20101313962999257,0
0.20215822717193532,0
0.206547944102482,0
0.20980456887579635,0
0.21191509620075522,0
0.21499055840200754,0
0.220215424715974,0
0.22138677845575216,0
0.22235679995281998,0
0.22353108387127918,0
0.22527676468251912,0
0.2264556499058017,0
0.22763593021721817,0
0.2288176054254052,0
0.22979882605662283,0
0.2309834287818262,0
0.23295388143515083,0
0.23632416126520184,0
0.2373165716494725,0
0.23851148369868724,0
0.23950707281662176,0
0.24050430902684639,0
0.24170367590735964,0
0.24290443512231263,0
0.24511006090617116,0
0.24833008062577733,0
0.24953960451105672,0
0.2505510752548332,0
0.25176351905147953,0
0.252778163668097,0
0.2539935265428994,0
0.25501134420107974,0
0.2560308060980674,0
0.25705191202541755,0
0.25827324885571556,0
0.25949597490347287,0
0.3358650450336711,0
0.33704149842003517,0
0.3382193398399522,0
0.3393985690783836,0
0.3405791859194949,0
0.341761190146201,0
0.3429445815411043,0
0.3453155249613076,0
0.3476920144248652,0
0.3488823383707995,0
0.35007404816408894,0
0.3524616243996661,0
0.3536574903937435,0
0.3584548016205815,0
0.3596575901044048,0
0.3608617624027204,0
0.36206731828556826,0
0.3632742575226757,0
0.3962008883536612,0
0.3974466029917778,0
0.40082749411118357,0
0.4029678122312248,0
0.40889140941848723,0
0.41123498625606203,0
0.42855548147005607,0
0.4391145324382819,0
0.4402361130361214,0
0.4439659798920843,0
0.45848790581362664,0
0.4609587814093743,0
0.4632599522409464,0
0.4720642532676891,0
0.47456809727756877,0
0.47807378268944944,0
0.49038308936576414,0
0.49157062348876934,0
0.4929324881130128,0
0.4954878317801956,0
0.49685389462240437,0
0.4982213102086632,0
0.4995900782234344,0
0.6942019206711905,0
0.6954103047548585,0
0.7136980962467874,0
0.7161593903408914,0
0.7322889505168177,0
0.7335390894214129,0
0.734790570022767,0
0.7360433919848788,0
0.7435884734715614,0
0.744850675510861,0
0.7535853545180089,0
0.7609688026754782,0
0.7621128216059105,0
0.7632584264795526,0
0.7644056169435203,0
0.7705747744807638,0
0.7718674446495299,0
0.7741846674086048,0
0.775481603822783,0
0.7766440560452281,0
0.790342304729279,0
0.7928395051941948,0
0.7941573119568943,0
0.8056786152104962,0
0.8146306227240814,0
0.8159717158730473,0
0.8171824138246677,0
0.8185262796634447,0
0.8235216955593501,0
0.8337150578792034,0
0.8500177568881213,0
0.851395668794737,0
0.8527748879740784,0
0.8624659917648216,0
0.8652466208215799,0
0.866638890344035,0
0.8680324626462834,0
0.8694273373160684,0
0.870823513939456,0
0.8848567961195215,0
0.8862672667282538,0
0.8876790342707466,0
0.904721250838378,0
0.906149839743307,0
0.9133121397272816,0
0.9147484677714033,0
0.9161860841464318,0
0.928819985542134,0
0.9302708722517252,0
0.9345108857181685,0
0.9429083283044406,0
0.9443725777737768,0
0.9457187680065999,0
0.9471857120137201,0
0.9485348477328444,0
0.9555404614210374,0
0.9625818689510766,0
0.9654319634514081,0
0.9668003720849185,0
0.9696590123568853,0
0.9710318750737201,0
0.9767718332064703,0
0.9782685694890461,0
0.9868127594168641,0
0.9883189087865958,0
0.9970378599275591,0
0.9985532619847959,0
1.0234952013819338,0
1.0342963155889606,0
1.0451586506250123,0
1.0467154003955557,0
1.048273395564138,0
1.0592141904068058,0
1.0607821305334255,0
1.0639217327686197,0
1.0654933938544389,0
1.0670662942359854,0
1.0686404334003043,0
1.07021581083319,0
1.0717924260203802,0
1.0765296929487818,0
1.0781112539911533,0
1.0796940502039831,0
1.0828633460629646,0
1.084449844669109,0
1.0860375763654133,0
1.0876265406291452,0
1.0892167369385959,0
1.0939947129039638,0
1.095589832155241,0
1.1067900611665493,0
1.1083950009982857,0
1.110001166016474,0
1.1209661540783316,0
1.1239922411081693,0
1.125611312520931,0
1.1271279192139616,0
1.1447262666808626,0
1.1478963374526927,0
1.1574387601141325,0
1.1590844156501987,0
1.1622784968176916,0
1.1668283648392617,0
1.2008278369290508,0
1.218988881794047,0
1.2459478903210197,0
1.2961023211679787,0
1.2978492655821299,0
1.2995973691212725,0
1.3013466311703041,0
1.303097051114122,0
1.3048486283362308,0
1.3066013622199364,0
1.308355252147578,0
1.310110297500927,0
1.3241921812337694,0
1.3259575974818745,0
1.3294040590860448,0
1.3311730574848752,0
1.3328556360752088,0
1.3397741159537304,0
1.3415503980288292,0
1.3432410086876416,0
1.3450197135815074,0
1.3484076717307119,0
1.3501900742674877,0
1.3518874179125646,0
1.3536722368891105,0
1.3766409247760123,0
1.3784421778559874,0
1.3836010826675817,0
1.3854072610943717,0
1.396102028861037,0
1.3979163584901073,0
1.3996490720455768,0
1.4014657830992405,0
1.403201127271842,0
1.4050202171142416,0
1.412062218894306,0
1.4138055531964255,0
1.4192065688179127,0
1.4209551403864964,0
1.4227862206658983,0
1.424537406850817,0
1.4263708499757684,0
1.4335550195217763,0
1.4353140334173986,0
1.4371545490011215,0
1.4443684703968245,0
1.455226427316063,0
1.4681450385206745,0
1.4718684916911968,0
1.4737318617414132,0
1.4755963265253058,0
1.3299647921377868,0
1.3320667947876927,0
1.334169879168229,0
1.3362740445798238,0
1.3383792903209155,0
1.3404856156903406,0
1.3425930199854577,0
1.344701502503824,0
1.3468110625408087,0
1.3489216993928324,0
1.3510334123547807,0
1.441997567740401,0
1.444157017547866,0
1.4462117640073018,0
1.4483734374047685,0
1.4504306583116318,0
1.4546542447074273,0
1.4568203563859186,0
1.4588825172373276,0
1.4610508435956149,0
1.4631154699328306,0
1.5634774518792653,0
1.5656009133710995,0
1.5678243077891238,0
1.5827314994752157,0
1.5980878085054258,0
1.6002306379006654,0
1.6090070941727959,0
1.6112521112572153,0
1.613498112314602,0
1.6157450965553437,0
1.6315014489920543,0
1.6337562702288722,0
1.6360120675209657,0
1.6382688400732377,0
1.6450450013268494,0
1.6495673038516827,0
1.6518299112250645,0
1.654093488272963,0
1.6654258905816164,0
1.6676952688395374,0
1.6699656111534011,0
1.6813317553620664,0
1.6836078650814557,0
1.6995674230933275,0
1.7018511773505054,0
1.7041358835172389,0
1.7201554116043951,0
1.7270351205752092,0
1.7293302438105798,0
1.7315373215625414,0
1.7517183833994636,0
1.7540247791439185,0
1.7562444696476405,0
1.7606873997772823,0
1.7629979315945832,0
1.771989036926044,0
1.7743046176608743,0
1.7765345833840627,0
1.7787657248221365,0
1.796828074088296,0
1.803726159645123,0
1.8060558469940418,0
1.8083016216716317,0
1.8106332717367195,0
1.8128812584196794,0
1.8152148677978062,0
1.8174650630634233,0
1.8198006283469397,0
1.8220530287653673,0
1.8243905465403998,0
1.8266451486781534,0
1.8381019723905183,0
1.842708703401172,0
1.8450550331237707,0
1.8473195576702608,0
1.8565536083545737,0
1.868078445871248,0
1.870435435858866,0
1.8727119797319745,0
1.8750708843113841,0
1.881991275024177,0
1.8843539983544133,0
1.8912868272063577,0
1.8935731369269035,0
1.9005985802896532,0
1.9168144902687914,0
1.9191127410257423,0
1.9214121136533322,0
1.930855640535583,0
1.9377728648478012,0
1.9401586144749956,0
1.9472436706035978,0
1.9496330044444505,0
1.9687785549763817,0
2.058484165866986,0
2.0607010453643966,0
2.0629187818076673,0
2.0651373743125987,0
2.067356821993485,0
2.078466857011904,0
2.0806914171236883,0
2.082916826197021,0
2.085143083341876,0
2.087370187666636,0
2.089598138280593,0
2.096287058929107,0
2.098518385769836,0
2.100750554431869,0
2.1029835640200076,0
2.1052174136381723,0
2.1074521023899706,0
2.1096876293784987,0
2.111923993705261,0
2.1141611944723877,0
2.1186381017294025,0
2.1208778064193154,0
2.123118343949244,0
2.1253597134173674,0
2.1298449445593803,0
2.1320888044269566,0
2.134333492620101,0
2.136579008234179,0
2.138825350363618,0
2.141072518102874,0
2.143320510545294,0
2.154491282182505,0
2.1589579546085247,0
2.161212916011408,0
2.1656851418666463,0
2.1679026521192384,0
2.1701611433521464,0
2.172420447414936,0
2.1746409130835787,0
2.1768624373338525,0
2.181347969350753,0
2.1835725508217365,0
2.185837251098718,0
2.1880638284217753,0
2.1902914587307407,0
2.1925588446092092,0
2.194827034099802,0
2.1970575919493456,0
2.19932752048382,0
2.201598249857483,0
2.2038317268610967,0
2.2061041897097766,0
2.212813690626149,0
2.2150897437972503,0
2.217329259581362,0
2.2196070350326806,0
2.226371460209293,0
2.2377129882254394,0
2.239962305299372,0
2.242248635987295,0
2.2444999019929526,0
2.2467879324599664,0
2.249005521368332,0
2.253550647570819,0
2.255842200728239,0
2.2580994035453443,0
2.2603926451523932,0
2.2649119400877282,0
2.2672077744805677,0
2.2694698608807187,0
2.2717329662283987,0
2.27403138486207,0
2.2808634505315695,0
2.2877374997356412,0
2.29000827131037,0
2.2923133602219252,0
2.294586038772877,0
2.296892785723287,0
2.2991673674083586,0
2.301442955549561,0
2.303719549178993,0
2.306029735044632,0
2.3083082240988517,0
2.310620056510487,0
2.312900437131276,0
2.3220954467290937,0
2.3244121957371533,0
2.326698227867439,0
2.329016608044668,0
2.331304516263856,0
2.3336245237530022,0
2.3359143041792834,0
2.340466068215335,0
2.3427589310859105,0
2.3497040589145968,0
2.3520308053638814,0
2.3543582891734047,0
2.356686509379273,0
2.359015465016057,0
2.3613451551181583,0
2.363675578719608,0
2.3660067348530447,0
2.368338622551022,0
2.3776734696198787,0
2.3800090006079984,0
2.3823452573433315,0
2.384682238854168,0
2.387019944168202,0
2.389358372312529,0
2.3916975223139048,0
2.3987192937142083,0
2.4010613213957015,0
2.403404066057675,0
2.4057475267228483,0
2.4127821949590214,0
2.415128509854867,0
2.4174755358595235,0
2.4198232719930672,0
2.4221717172736135,0
2.4362772260204224,0
2.4386306078056634,0
2.4409846908667134,0
2.4433394742166286,0
2.4456949568688344,0
2.4574828250644885,0
2.4598424827638894,0
2.466925606143576,0
2.4692880273890125,0
2.471651137038009,0
2.4763794175696887,0
2.478721660141133,0
2.481087647274535,0
2.4834316375405194,0
2.4857765562450425,0
2.488144858242322,0
2.490491518573947,0
2.4928391042986107,0
2.4951876143984464,0
2.497559033368219,0
2.499931128729486,0
2.5022821814978613,0
2.50461252716741,0
2.5069655316924866,0
2.5093194544776907,0
2.5116955854395258,0
2.514051229533152,0
2.5187861952236403,0
2.521144469709185,0
2.523524343424498,0
2.525904882428506,0
2.5282656660003795,0
2.530627358632472,0
2.533010154806476,0
2.5377578016894233,0
2.5448753876652006,0
2.5472430787162352,0
2.5496116706060548,0
2.5519619065397876,0
2.5543324090597253,0
2.5567228409840936,0
2.559095025900291,0
2.5614868925177063,0
2.5686295902846155,0
2.5710060191749164,0
2.5734015213864723,0
2.5757796182383004,0
2.5781765407861315,0
2.5805563014654354,0
2.5829546402383983,0
2.58771836525122,0
2.590101553129358,0
2.5949047735920487,0
2.597290381020713,0
2.6092643531002295,0
2.611671236099454,0
2.621273596926244,0
2.6236838736975585,0
2.633301005848807,0
2.6356996578466294,0
2.6381140529344407,0
2.640529064074883,0
2.642930076215521,0
2.645346449716726,0
2.650152541985534,0
2.652556872655623,0
2.6549760916823857,0
2.657382019390866,0
2.662210108755403,0
2.671861895366618,0
2.6742735471277683,0
2.6766990071636485,0
2.6863944004044242,0
2.6888229799126293,0
2.6912521535201677,0
2.6936819201793014,0
2.7107068040990896,0
2.7131412773799752,0
2.715576334256241,0
2.71801197367472,0
2.7204481945807686,0
2.725322376636541,0
2.7277603356758107,0
2.73019887198069,0
2.7399587687109204,0
2.742400175479645,0
2.7448421531641998,0
2.7472847007041707,0
2.752171501107398,0
2.7546157518466714,0
2.7570605681950155,0
2.7643984002590116,0
2.7668454684059043,0
2.769293096840471,0
2.7717412844969544,0
2.77419003030883,0
2.7790891921297884,0
2.7815396060034914,0
2.7839905737610025,0
2.788894166650323,0
2.791346789642006,0
2.7937999622374434,0
2.7962536833645117,0
2.798707951952366,0
2.806074031746789,0
2.8085304794434762,0
2.8109874692313213,0
2.8134394673839154,0
2.815897670980945,0
2.8183511249989976,0
2.820805360991784,0
2.823265443587644,0
2.8257211288898247,0
2.8281824144400503,0
2.830639544679684,0
2.8355605996388533,0
2.8380199447346968,0
2.8429409534023478,0
2.8478689341427526,0
2.8503320228880966,0
2.852795879313618,0
2.8577293123431957,0
2.8626653363336914,0
2.8774888662097453,0
2.879960537992872,0
2.8824329641840905,0
2.8849061436716,0
2.8873820549129334,0
2.889858473404445,0
2.892333683749797,0
2.8972878418597077,0
2.899765184263316,0
2.9022432721799873,0
2.904723241567723,0
2.9072027060221046,0
2.9096829126431203,0
2.9121646425496124,0
2.9146468687036418,0
2.9245804533876765,0
2.927065379487857,0
2.9295509575936194,0
2.9370115546660145,0
2.939499345223311,0
2.941988320701796,0
2.9469675271387246,0
2.949458567714686,0
2.9519491650444536,0
2.9544402409158295,0
2.9594269297908795,0
2.964412943272947,0
2.9793924911691647,0
2.9818895519587727,0
2.9843898369163924,0
2.991888726289602,0
2.994388366435544,0
2.9968884661620336,0
3.001897303315218,0
3.0043990396674474,0
3.006901231114682,0
3.009403876538215,0
3.011906974819766,0
3.019428005147688,0
3.0219331681321933,0
3.0244387783542663,0
3.026944834691193,0
3.0319582812179533,0
3.034465669160028,0
3.0369734987224035,0
3.0394817687796944,0
3.041990478206259,0
3.0470092106636457,0
3.049519231439973,0
3.0520296870784023,0
3.0545405764505063,0
3.057051898427261,0
3.0595636518793867,0
3.0620758356773763,0
3.0645884486908415,0
3.069614957839889,0
3.074643170272992,0
3.0796730769284864,0
3.0821886627558968,0
3.0872210937359625,0
3.0897379366182633,0
3.0998094642453395,0
3.102328379489421,0
3.1048477057917125,0
3.1073674420131,0
3.109887587013361,0
3.112408139652416,0
3.1149290987891334,0
3.1174504632826086,0
3.1199722319906584,0
3.1250169774799303,0
3.127539951975109,0
3.13006332611198,0
3.1325870987459155,0
3.1351112687321745,0
3.137635834925021,0
3.1401607961787477,0
3.1426861513458846,0
3.1452118992802127,0
3.1527914882049686,0
3.155330407671812,0
3.1578582340129913,0
3.160386446219235,0
3.162927029089218,0
3.165456141346368,0
3.168022256288168,0
3.173095606277599,0
3.178183625844838,0
3.1807158055818263,0
3.183261251143705,0
3.190888059733709,0
3.1934225001302536,0
3.1959707949606866,0
3.20105550937231,0
3.2061282248513407,0
3.2086792292797384,0
3.2112166275997254,0
3.2137687297015702,0
3.2163214340088757,0
3.21887473933711,0
3.2214286445013727,0
3.223983148314744,0
3.2265233560091815,0
3.2290789433253053,0
3.231619990348321,0
3.239276278253101,0
3.2418346087571877,0
3.2469371967732457,0
3.252057750851236,0
3.254602713950902,0
3.257164341244845,0
3.2597101177803154,0
3.262289340712158,0
3.264852710497081,0
3.2725122975234058,0
3.282725095972296,0
3.285274868854515,0
3.2878427410910547,0
3.290393299047622,0
3.295513533725426,0
3.298065194721545,0
3.3031879975862353,0
3.305740750964759,0
3.3083313186340604,0
3.3134579146471026,0
3.316012326772352,0
3.3185670521279462,0
3.323677437800967,0
3.3288285312753203,0
3.331404901369609,0
3.333961874990564,0
3.336539228532274,0
3.339096942028391,0
3.341675274208427,0
3.3442337227999417,0
3.3468335647641254,0
3.3494341452714878,0
3.3519940155055963,0
3.3545750479154037,0
3.3571566167339597,0
3.36744538067353,0
3.372570560092953,0
3.375133580879009,0
3.382824353222219,0
3.3853885100160994,0
3.393082661699765,0
3.3956479353734608,0
3.400779310205621,0
3.403345408967624,0
3.405911780362146,0
3.408478423189422,0
3.411045336249572,0
3.41361251834212,0
3.4187476848209712,0
3.4213156668040767,0
3.423883913013043,0
3.4290211932977286,0
3.4315902249660155,0
3.4392988716218724,0
3.4418689337065302,0
3.4444392503810946,0
3.4470098204382964,0
3.45215171587202,0
3.4547230388330092,0
3.45986642919857,0
3.4624384941845676,0
3.475302468727392,0
3.477875985077219,0
3.4804497390782103,0
3.4830237295167876,0
3.4907471073161673,0
3.4933220313602362,0
3.4958971857677454,0
3.498472569321251,0
3.5010481808040765,0
3.5036240189992327,0
3.506200082688622,0
3.5087763706540898,0
3.5113528816767428,0
3.521719687728705,0
3.5294835790828074,0
3.5320622223469798,0
3.534670955350265,0
3.5398596758500958,0
3.542439421005753,0
3.547660486069759,0
3.5554646194586326,0
3.5580461109135513,0
3.5606278020956665,0
3.563240877718158,0
3.5658230951310372,0
3.5684683386030542,0
3.5710512077394583,0
3.573665914483996,0
3.5788966225758543,0
3.5814806497706684,0
3.591916048154758,0
3.5971196187580006,0
3.5997054616495916,0
3.6023244142083115,0
3.604910746047125,0
3.6126708012763515,0
3.620533818467976,0
3.6231217572313312,0
3.625743882318801,0
3.6283322875916326,0
3.630955115989991,0
3.6335439827732046,0
3.6413463173034586,0
3.6439359618960054,0
3.6595839964946606,0
3.6621751168590038,0
3.664802230504506,0
3.6700215589567335,0
3.6726135322028597,0
3.6778707940806896,0
3.680463458822345,0
3.6882422956279015,0
3.6935032339018505,0
3.6960969875033527,0
3.7039167126806944,0
3.706548899465986,0
3.709143569162279,0
3.711776380847084,0
3.7143714341397356,0
3.7170048656317647,0
3.719638659499566,0
3.722234343663814,0
3.7326572695436653,0
3.7690169604616415,0
3.813101172705359,0
3.815850233996315,0
3.8185993765067394,0
3.8213485989633114,0
3.829596733266243,0
3.832346262761831,0
3.835095865828549,0
3.846094988276775,0
3.848844940047485,0
3.8515949577251547,0
3.8570951856849547,0
3.862595661920153,0
3.8680963761869407,0
3.870846819378869,0
3.8735973182342036,0
3.8763478714704434,0
3.879098477804348,0
3.884599844632504,0
3.8873506025582003,0
3.895603158966992,0
3.898354101028332,0
3.9011050859090517,0
3.9066285091669215,0
3.912152588771818,0
3.9149040291564177,0
3.923180625958423,0
3.9259323292184547,0
3.9286840623811656,0
3.9314582644986444,0
3.939782467232277,0
3.9425348516082295,0
3.9508618744092416,0
3.956367602830369,0
3.959144087247097,0
3.9646740014290174,0
3.967427189128557,0
3.9729577996124306,0
3.975735459167339,0
3.9784889409982043,0
3.9840206027867,0
3.99233156176993,0
3.9951105869860157,0
4.003372607479548,0
4.006177863588135,0
4.008957840248172,0
4.011738046867947,0
4.017273088428794,0
4.020027681613101,0
4.022808576631178,0
4.025563269645289,0
4.028344500920753,0
4.031099288501366,0
4.036662630970454,0
4.044954784651168,0
4.047737205567046,0
4.050547307127204,0
4.053302680095044,0
4.06162452748103,0
4.064380031495432,0
4.0726747709755955,0
4.075458809490669,0
4.078214382659468,0
4.083783226506057,0
4.08653892914549,0
4.097620305414125,0
4.10040564220472,0
4.103161438172208,0
4.10594703668221,0
4.1087028531427165,0
4.111488708024382,0
4.1142747434828095,0
4.119816929361434,0
4.122572838638291,0
4.125359365412834,0
4.130902040956357,0
4.136444945303083,0
4.139232110433369,0
4.144743952553654,0
4.1474997634933,0
4.1530111585092016,0
4.155766739934961,0
4.164033003969081,0
4.166788260810449,0
4.169543433188153,0
4.172298519773932,0
4.177808430255993,0
4.180563251494249,0
4.183317981625095,0
4.1860726193182245,0
4.188827163242792,0
4.191581612068603,0
4.197090219098612,0
4.199844374639042,0
4.210859979209232,0
4.213613619286946,0
4.216367152270124,0
4.219120576824395,0
4.221873891614365,0
4.224627095304442,0
4.227380186558577,0
4.230133164040524,0
4.232886026413212,0
4.238391400481987,0
4.2411439095020285,0
4.243896298061742,0
4.246648564822351,0
4.249400708444313,0
4.252152727588566,0
4.25490462091409,0
4.257656387081653,0
4.263159532577163,0
4.265910909222754,0
4.271413263598248,0
4.276915077136977,0
4.2906671742774165,0
4.296244224337244,0
4.304610470420442,0
4.310227515800136,0
4.312977488704803,0
4.3157666599809374,0
4.3185164495631625,0
4.321305671923426,0
4.324055272745596,0
4.326804712670651,0
4.329593947336207,0
4.340670807044717,0
4.346249617410791,0
4.3489983658810445,0
4.3517878252591515,0
4.354536354997464,0
4.357325829802733,0
4.365694606630967,0
4.368442758872675,0
4.3740638830250305,0
4.3796436596976775,0
4.382433621600825,0
4.385223630700551,0
4.388013685610304,0
4.390803784943046,0
4.393551402920991,0
4.396341479034703,0
4.399131595416037,0
4.401921750677474,0
4.412996111232701,0
4.415742774557344,0
4.418532810411193,0
4.424069174162042,0
4.429605191455636,0
4.432395143676786,0
4.435185118125446,0
4.437930738768074,0
4.44067614252387,0
4.446300512415462,0
4.449045642912466,0
4.4518355059896635,0
4.457370097793159,0
4.460114587527869,0
4.465693972903608,0
4.482293611231228,0
4.487918809720725,0
4.4906617444795245,0
4.493451109974018,0
4.496193685633784,0
4.498982925219877,0
4.5017721535459145,0
4.504514244346467,0
4.510045056236294,0
4.518316433638802,0
4.526634337219662,0
4.537691117599621,0
4.540430620915487,0
4.54316985631047,0
4.545908822404272,0
4.548647517816448,0
4.551385941166018,0
4.55412409107177,0
4.55959956502528,0
4.5623368863086,0
4.567810690574589,0
4.570547170790832,0
4.585302931222799,0
4.58806316284651,0
4.5908231051865585,0
4.599101182639316,0
4.6018599539787886,0
4.604618429100242,0
4.6073766066161,0
4.610134485137706,0
4.615649339644847,0
4.618406312852244,0
4.621162981509229,0
4.623919344226181,0
4.626675399612367,0
4.629431146277426,0
4.6321865828307125,0
4.634941707880046,0
4.6376965200339555,0
4.640451017900602,0
4.6432052000870385,0
4.6514658386387,0
4.654218744174642,0
4.659723585910228,0
4.667978404249226,0
4.670729352976281,0
4.6734799706839,0
4.676230255974787,0
4.678980207452696,0
4.68447910337764,0
4.687228045029883,0
4.695627183469497,0
4.706720766676085,0
4.7094675927864955,0
4.712266204074325,0
4.715012455225917,0
4.717758352906458,0
4.72055639410533,0
4.723354313798097,0
4.72615211055367,0
4.728949782939395,0
4.731694403007538,0
4.734491715346024,0
4.737235737822374,0
4.742829499490682,0
4.7455726787895,0
4.748315489099582,0
4.751057929014905,0
4.753799997129079,0
4.7565957053408,0
4.762132472893967,0
4.764927649600764,0
4.770462999876571,0
4.775997312892827,0
4.778736609063031,0
4.781530577252994,0
4.784324392440624,0
4.7898561795945795,0
4.795442502290257,0
4.798179704536238,0
4.801028184202437,0
4.803820781260669,0
4.817611807363761,0
4.831452256631366,0
4.8341852208719445,0
4.8369751083750145,0
4.8397073698166935,0
4.8452283385548185,0
4.848017276912856,0
4.853536570777862,0
4.856266689548448,0
4.859054655745524,0
4.86184242859494,0
4.8645715203373925,0
4.870087153070841,0
4.87838780518851,0
4.881114677002188,0
4.886685966284546,0
4.889411772354464,0
4.894921836262654,0
4.897706324796303,0
4.900430605039929,0
4.922513426819393,0
4.925295288249117,0
4.928015780406298,0
4.9307970777601895,0
4.936297497121814,0
4.939016382965519,0
4.941734800175425,0
4.9444527473225435,0
4.947170222977348,0
4.952603754092195,0
4.966179230652415,0
4.968892882876361,0
4.971606050730145,0
4.977030927596047,0
4.982453849786623,0
4.985164574295197,0
4.9745383034702115,0
4.977195967572101,0
4.979853133012142,0
4.982509798355238,0
4.985165962166462,0
4.9957855733773044,0
4.9984392079902875,0
5.003744945330254,0
5.006397045182695,0
5.009048630572636,0
5.011699700061854,0
5.0170002855843165,0
5.019649798739266,0
5.022298790237841,0
5.02494725864031,0
5.027595202506063,0
5.0302426203951995,0
5.0434717697576446,0
5.0461160015218525,0
5.054121861323125,0
5.056764066118291,0
5.067558377825037,0
5.070275296496135,0
5.072991897249437,0
5.078346763371172,0
5.083699898453261,0
5.086336944279594,0
5.089051290792298,0
5.09432283912966,0
5.097035986095477,0
5.0998271003722095,0
5.102539685749036,0
5.1078065965869826,0
5.110517960348744,0
5.115939666269412,0
5.12128081780881,0
5.126699557638432,0
5.129408404911601,0
5.137373150844951,0
5.140080377492097,0
5.142707163097782,0
5.145413570586442,0
5.148119618795505,0
5.150744885876151,0
5.156074311599639,0
5.158697921385539,0
5.1747529827422625,0
5.179992176687193,0
5.182692684738896,0
5.185392812761023,0
5.188010525809233,0
5.190709784439093,0
5.1933263948513115,0
5.196024778168862,0
5.201337782149494,0
5.203952169651217,0
5.206648784575833,0
5.209345006096385,0
5.212040832721129,0
5.214653099097433,0
5.217348026688057,0
5.220125928299751,0
5.222736682286268,0
5.225430407308522,0
5.228040020349766,0
5.230732831474484,0
5.2333412976767875,0
5.2360331889672125,0
5.241415740652286,0
5.24940188183416,0
5.252006475406034,0
5.254695257431109,0
5.2652756366752556,0
5.267876692260359,0
5.270562616606412,0
5.273162481044494,0
5.275847440925816,0
5.27853196861102,0
5.2811300977647875,0
5.283813652039328,0
5.291602417105821,0
5.29419733281577,0
5.299385146454142,0
5.304570259920553,0
5.30716180041432,0
5.314932339295694,0
5.31752115315291,0
5.3201092816733535,0
5.325283476816168,0
5.327869540494731,0
5.199637107328698,0
5.2020552881752735,0
5.211721183673518,0
5.226199381668323,0
5.228609987191959,0
5.231019895230219,0
5.235837612963593,0
5.2406525230966565,0
5.243058921632866,0
5.245464613852278,0
5.252677437882852,0
5.2550802901065765,0
5.262284558784984,0
5.264684547432751,0
5.267083816500303,0
5.269482364513294,0
5.281464237109276,0
5.283858427803125,0
5.293669332763841,0
5.300960483462234,0
5.305858373407631,0
5.310753755650609,0
5.325424736392165,0
5.327928820842914,0
5.330309968030207,0
5.332812882716581,0
5.337694370949492,0
5.350071686347718,0
5.357441589458119,0
5.362434294030578,0
5.3722888173385,0
5.394081138572602,0
5.401542111936038,0
5.403902275424798,0
5.406261634507985,0
5.408746105396062,0
5.418425472512979,0
5.420906809367665,0
5.42822049641012,0
5.43057246373445,0
5.4330506286545415,0
5.438005162307604,0
5.440354204176117,0
5.442829865296687,0
5.445304922101968,0
5.4476517234481605,0
5.457286856893177,0
5.4597579506755665,0
5.462100108005529,0
5.46691046591684,0
5.469250219812665,0
5.471717918526451,0
5.478988178485082,0
5.481324059424168,0
5.486122723492571,0
5.490788749335138,0
5.500240661039868,0
5.502569060609915,0
5.504896594290443,0
5.507223260583004,0
5.514198040148983,0
5.521164959267736,0
5.523485511877226,0
5.53044188741643,0
5.535075054196909,0
5.542018148980276,0
5.544330733132483,0
5.546642424393923,0
5.54895322126265,0
5.551263122235838,0
5.553572125811684,0
5.555880230487048,0
5.565103630123389,0
5.567407217748666,0
5.569709897452725,0
5.572011667731431,0
5.574312527080167,0
5.57661247399497,0
5.578911506970314,0
5.622690664783931,0
5.624971345340413,0
5.631944753203754,0
5.639185034199102,0
5.641459548798707,0
5.643733107165076,0
5.653231852490052,0
5.658045575366572,0
5.6604513200865085,0
5.662717901080185,0
5.669650599097849,0
5.678974459088835,0
5.681372926169615,0
5.683631207634733,0
5.68602805173677,0
5.692934280531404,0
5.695187870890351,0
5.704613663368775,0
5.709251282275176,0
5.711498386096451,0
5.713885363033313,0
5.716271557913046,0
5.718515893363758,0
5.720900419058381,0
5.7231428609835575,0
5.7255257113268385,0
5.72776625360774,0
5.732527798363577,0
5.7371442252313045,0
5.744133227730771,0
5.746366230916237,0
5.74874071223843,0
5.7533445540546495,0
5.757944740874223,0
5.762541260388815,0
5.769500877237078,0
5.774088284985027,0
5.776596286333245,0
5.778815889814354,0
5.785756894282173,0
5.787972545086461,0
5.804033115795619,0
5.808592725405248,0
5.810798387039625,0
5.813148532031079,0
5.815497828244929,0
5.8177005233305294,0
5.819902146276235,0
5.822102695557646,0
5.824302169649712,0
5.830894125539288,0
5.837476349813812,0
5.83966825487056,0
5.8418590725334525,0
5.844048801275278,0
5.846237439570132,0
5.861527246851097,0
5.863707106593921,0
5.8658858621435,0
5.8767630234999615,0
5.883275972166928,0
5.887612350731104,0
5.8941085071630255,0
5.896271643476325,0
5.902754283499377,0
5.904912902099369,0
5.907070387443639,0
5.909226738001195,0
5.91138195224076,0
5.913536028630858,0
5.915688965639902,0
5.919991415387813,0
5.92428928922817,0
5.930727493346609,0
5.932871260150762,0
5.935013873782708,0
5.937307681099924,0
5.939600551028462,0
5.941892481999332,0
5.946320775404587,0
5.94845691594108,0
5.952878807551798,0
5.955011571102091,0
5.957296488697267,0
5.959427033031602,0
5.961709946947764,0
5.963838265874415,0
5.970370166698956,0
5.972647994567666,0
5.979321302325843,0
5.981440657687472,0
5.985985291181976,0
5.988101319300682,0
5.990371106631841,0
5.994752605863198,0
5.999285143524361,0
6.0013944751953545,0
6.003658191127329,0
6.008182668183792,0
6.010287544188287,0
6.012703194998892,0
6.014805893402894,0
6.016907381518109,0
6.019163975803934,0
6.021419574676003,0
6.0236741765584725,0
6.025771165402261,0
6.02818038305179,0
6.030431984510557,0
6.032525671827528,0
6.039113907130229,0
6.041360278885776,0
6.043448194367556,0
6.045692443526292,0
6.054659281409869,0
6.058978426892111,0
6.063293062556426,0
6.067603175917725,0
6.0741393004520035,0
6.07843816208765,0
6.080506257301465,0
6.084957616996519,0
6.087181733666824,0
6.089404806112327,0
6.091467076878985,0
6.093687957679293,0
6.097966499389543,0
6.1000239400572696,0
6.102240418740422,0
6.104295435019566,0
6.10650970322871,0
6.110774340348144,0
6.11282448916387,0
6.115034317590556,0
6.121334878878741,0
6.123378849063727,0
6.127462924510581,0
6.129503026682272,0
6.131541836425953,0
6.133579352196421,0
6.135615572448273,0
6.1376504956358815,0
6.13968412021373,0
6.141716444636614,0
6.143747467358224,0
6.14577718683239,0
6.149832709854792,0
6.15590618137972,0
6.157928048899464,0
6.159948602347356,0
6.161967840175976,0
6.166002362789527,0
6.168017644479619,0
6.178074194871044,0
6.186095512650752,0
6.1880975066217445,0
6.190098163306573,0
6.192097481156509,0
6.198087386212478,0
6.202073933683181,0
6.204065186001685,0
6.206055088643183,0
6.208043640058719,0
6.2100308386986,0
6.212016683013331,0
6.214001171453447,0
6.215984302468939,0
6.217966074510457,0
6.22192553547103,0
6.22587954193466,0
6.238381094031013,0
6.24248238116553,0
6.244446933947756,0
6.25705042110684,0
6.259005864079398,0
6.261129134225939,0
6.263251226153358,0
6.267322357871819,0
6.269271179540624,0
6.273504330147432,0
6.279675008429535,0
6.281786132834895,0
6.283725712757274,0
6.287771225038654,0
6.289706686447005,0
6.304072525506484,0
6.3059972091676,0
6.310014047426904,0
6.311934560908298,0
6.315943376412292,0
6.318031889655202,0
6.334176905035918,0
6.33798354070737,0
6.340058032388839,0
6.342131283960953,0
6.3440297479792775,0
6.348169842363404,0
6.3578011394998555,0
6.359688252586835,0
6.3716803825294335,0
6.375433420715467,0
6.377483110207095,0
6.3793560396515545,0
6.381403090247886,0
6.383273164118691,0
6.385317569485153,0
6.3929537282648425,0
6.394815081013263,0
6.396674935863302,0
6.3985332912569675,0
6.400390145636692,0
6.407802521864738,0
6.409651847809215,0
6.411499663393585,0
6.413345967059314,0
6.4225547520700275,0
6.424391951500837,0
6.707635832519685,0
6.709672181606749,0
6.717802046904552,0
6.721857639013535,0
6.7238830944557435,0
6.725906987402851,0
6.7279293162898455,0
6.72995007955106,0
6.731969275621367,0
6.733986902935641,0
6.736002959928129,0
6.738017445033734,0
6.74003035668656,0
6.744051453372492,0
6.74605963527398,0
6.748066237460421,0
6.750071258365921,0
6.752074696424671,0
6.754076550070721,0
6.758075497861142,0
6.760072588873385,0
6.762068089208782,0
6.7640619973014395,0
6.766054311585236,0
6.768045030493681,0
6.770034152460454,0
6.772021675919348,0
6.774007599304184,0
6.775991921047989,0
6.7779746395850395,0
6.779955753348219,0
6.781935260771434,0
6.783913160287597,0
6.786186355685032,0
6.7922550370379895,0
6.796342792091025,0
6.798309863616652,0
6.800424522901466,0
6.802537775902493,0
6.804500216775722,0
6.806461032424153,0
6.808420221280642,0
6.810527539245356,0
6.812483587531659,0
6.814587977418057,0
6.816540878811281,0
6.818642334245965,0
6.82089263582148,0
6.822840981495233,0
6.824938170100324,0
6.826883353032855,0
6.831070400710075,0
6.833010886465331,0
6.835100735963664,0
6.83703804315337,0
6.841059048578188,0
6.842991517299822,0
6.855159984140499,0
6.85708130362039,0
6.859153259244209,0
6.86107136220366,0
6.863140313197334,0
6.86505519330953,0
6.867121133294717,0
6.869032784232445,0
6.871095706831596,0
6.873004122267702,0
6.875064021102503,0
6.876969194709403,0
6.879026063401938,0
6.882828229220991,0
6.884880491986621,0
6.886777474720219,0
6.888826691407701,0
6.890874431399283,0
6.892766574406693,0
6.894811258739452,0
6.896854461567614,0
6.898896181285238,0
6.901090924688447,0
6.908927559307614,0
6.91096024926108,0
6.912991444866634,0
6.9148659151104255,0
6.9246799404134265,0
6.9267003388060004,0
6.928719230028776,0
6.930736612474533,0
6.932596320555575,0
6.934454302517793,0
6.9363105567912555,0
6.9401745075537065,0
6.942025686206364,0
6.94403197644445,0
6.9458798024027715,0
6.947882950750397,0
6.94972741768251,0
6.9517274177569846,0
6.95356851933056,0
6.955407877467934,0
6.957245490599206,0
6.959081357155327,0
6.962747844264385,0
6.964578461678741,0
6.966407326240528,0
6.9682344363803,0
6.970059790528154,0
6.971883387115298,0
6.973705224572143,0
6.975525301329242,0
6.979160166465903,0
6.980974951706912,0
6.982787969970275,0
6.984599219686487,0
6.986408699286073,0
6.988216407199815,0
6.990022341857781,0
6.991826501690525,0
6.9936288851288,0
6.99542949060293,0
6.997228316543357,0
6.999025361380433,0
7.000820623545167,0
7.002614101467515,0
7.0044057935779165,0
7.006195698307238,0
7.00977013934309,0
7.0115546725109255,0
7.013337412019098,0
7.015118356298046,0
7.016897503778807,0
7.0186748528909675,0
7.020450402065393,0
7.0222241497326365,0
7.023996094323024,0
7.025766234266541,0
7.027534567994337,0
7.029301093936482,0
7.031065810523529,0
7.032828716185946,0
7.0345898093539745,0
7.036349088458394,0
7.039862198197625,0
7.041616025693145,0
7.043368032847212,0
7.048613116562223,0
7.050521482468923,0
7.054169516703581,0
7.055908969476121,0
7.061444929149985,0
7.063341661743948,0
7.065072281924671,0
7.066965662577871,0
7.068692715442495,0
7.07058273777011,0
7.07247112666397,0
7.074192874601806,0
7.076077895579971,0
7.077796060355354,0
7.079677707032431,0
7.08155771225816,0
7.085147169638162,0
7.086856406674002,0
7.08872963773382,0
7.0906012193236165,0
7.092305103826561,0
7.09417328555125,0
7.097738330674076,0
7.103156044122244,0
7.10501408397019,0
7.1085582010778126,0
7.110244063553182,0
7.112095246159583,0
7.113944758447815,0
7.115625206498322,0
7.117303769550574,0
7.119148069377303,0
7.120822973219674,0
7.122663822080796,0
7.124335060381554,0
7.126172451892103,0
7.127840018318949,0
7.129505688721878,0
7.131337834317236,0
7.132999823362212,0
7.134828495660031,0
7.136655476817538,0
7.138311989632911,0
7.140135487904814,0
7.141788303520514,0
7.143608312523952,0
7.145257424608616,0
7.1470739379603,0
7.148719340182936,0
7.1507018559727555,0
7.1525132574180645,0
7.163175584860653,0
7.164804617401103,0
7.166602125155407,0
7.168227412920714,0
7.170021383447931,0
7.171642920108326,0
7.173262521299222,0
7.175051126252839,0
7.1766669668587895,0
7.180235339198418,0
7.181845584567725,0
7.185574897415989,0
7.18895419310698,0
7.192326124098145,0
7.194095346149879,0
7.195690677680517,0
7.19745631140492,0
7.1990478411457275,0
7.200809880162382,0
7.20257016710147,0
7.204156039714093,0
7.2057399468927485,0
7.210999161221679,0
7.212575535302676,0
7.214149936068679,0
7.21572236195172,0
7.217292811384397,0
7.21886128279931,0
7.220427774629343,0
7.2235548132652525,0
7.2266739147538885,0
7.228230485150391,0
7.229785066558463,0
7.231337657411217,0
7.232888256141962,0
7.234436861183752,0
7.237528083932034,0
7.240611313121377,0
7.2421499262140685,0
6.991744591573138,0
6.994497038602901,0
6.995870276355561,0
6.999978027817974,0
7.0013432858341105,0
7.0027065450116766,0
7.004067803788615,0
7.0094928036565705,0
7.010844037005967,0
7.0135404728321475,0
7.014885672186665,0
7.016228857086958,0
7.017570025971764,0
7.018909177279568,0
7.024245575521888,0
7.025574615529962,0
7.028226613157102,0
7.030870490526695,0
7.032189380213481,0
7.033711835894934,0
7.035026766841128,0
7.0378564315543315,0
7.0404722387499135,0
7.0417770769196295,0
7.043079869390425,0
7.0445870742244665,0
7.047595950208034,0
7.0503906073361975,0
7.051681541398523,0
7.053177472979826,0
7.05446440423421,0
7.055956534487677,0
7.057239456636211,0
7.060006685954988,0
7.061491194494323,0
7.062766079540893,0
7.064246767695664,0
7.065517624746718,0
7.068261308925685,0
7.069526056204211,0
7.070997119431212,0
7.072257822990821,0
7.073725043618936,0
7.074981697164901,0
7.077697666083026,0
7.0804057171028205,0
7.081861371838642,0
7.083315139491901,0
7.084557624324901,0
7.087245927283988,0
7.090345852597977,0
7.091788171994523,0
7.094457055446384,0
7.099770828023765,0
7.101199549736094,0
7.103840501098233,0
7.105263397706267,0
7.106473414318998,0
7.10789238890311,0
7.109309446094727,0
7.11171507581264,0
7.114535375069124,0
7.115942637456584,0
7.118751379758464,0
7.1201528564771195,0
7.121340365683608,0
7.123921231247834,0
7.125102437329787,0
7.126493963827613,0
7.127883550622414,0
7.134163237452441,0
7.139235190248257,0
7.1481391241788685,0
7.150634065403807,0
7.152906159158221,0
7.154038943317346,0
7.1562979784307,0
7.157424226277499,0
7.15854829224628,0
7.159670174783059,0
7.1630227062715335,0
7.166355530959834,0
7.167462085986557,0
7.170768569720309,0
7.171866332007539,0
7.172961892229438,0
7.174055248833241,0
7.175146400266868,0
7.1773220814154115,0
7.178406608026648,0
7.17948892326018,0
7.1816469133881355,0
7.182722585179334,0
7.18379603938709,0
7.185936288846932,0
7.18806764935951,0
7.189129992383386,0
7.190190108517925,0
7.191247996212695,0
7.194408273153016,0
7.196503953824163,0
7.197548438322855,0
7.198590683530199,0
7.199630687897269,0
7.200668449873319,0
7.201703967909594,0
7.203768265964271,0
7.204797042884479,0
7.205823569667416,0
7.206847844764582,0
7.208090091118294,0
7.209109968432671,0
7.210348014923625,0
7.211363488199794,0
7.212597328516608,0
7.213608391500458,0
7.214838019332348,0
7.216065583920624,0
7.217070074807026,0
7.21829341743279,0
7.220733897087797,0
7.2261335038524805,0
7.227118083786394,0
7.228322394814029,0
7.2305025750332845,0
7.231478240562524,0
7.232674031960215,0
7.233645230916409,0
7.2348367530447035,0
7.235803479182806,0
7.236990725738991,0
7.237952972814668,0
7.238912923099576,0
7.242225645997507,0
7.24317661321416,0
7.244348800464593,0
7.24529526678424,0
7.246239425450199,0
7.2474051093121545,0
7.248568682453936,0
7.24950612826018,0
7.250665384903414,0
7.2515983110945115,0
7.252753244943989,0
7.253681645282597,0
7.254832250044132,0
7.2557561182939025,0
7.256902387674103,0
7.257821717599086,0
7.258963645306181,0
7.259878430671989,0
7.261016010414465,0
7.262151458889861,0
7.26305947047527,0
7.264190561537589,0
7.265094012966358,0
7.266220740327071,0
7.267345328518701,0
7.268241982738829,0
7.2691362951629515,0
7.270254276257134,0
7.271370111868492,0
7.27248380041334,0
7.273821603011811,0
7.274931082658526,0
7.276264833802202,0
7.277370098163317,0
7.2786997914201095,0
7.279574160259017,0
7.280446171716051,0
7.281542716605713,0
7.2824101179059255,0
7.28350224865531,0
7.284365033575995,0
7.289326574006594,0
7.290175472460845,0
7.291249883862548,0
7.292322118164776,0
7.293164106929282,0
7.294231892552091,0
7.295069230714432,0
7.296132561384326,0
7.296965242729385,0
7.298024112172044,0
7.298852130484562,0
7.299677760470928,0
7.3005010005933855,0
7.301321849314149,0
7.3045812994303105,0
7.305390168081374,0
7.30619663610716,0
7.307802364136961,0
7.308601621067396,0
7.309398471226984,0
7.310192913079106,0
7.310984945087711,0
7.311774565717201,0
7.312561773431838,0
7.313346566695941,0
7.314908903731521,0
7.315686444432089,0
7.316461564541726,0
7.317234262525517,0
7.318004536848548,0
7.318772385976075,0
7.319537808374065,0
7.321061366845271,0
7.322575199989757,0
7.324079295537842,0
7.32482768787969,0
7.3255736412228885,0
7.327058224780757,0
7.327796851929975,0
7.32926676930623,0
7.329998056468554,0
7.330726893904597,0
7.331453280082201,0
7.332177213469663,0
7.332898692535139,0
7.333617715747749,0
7.33433428157619,0
7.3350483884889,0
7.335760034955143,0
7.336469219444211,0
7.337175940425567,0
7.338581985743133,0
7.339281307019036,0
7.340212682878899,0
7.340907171472594,0
7.341833908536813,0
7.342523558267686,0
7.343445650298264,0
7.344130454986669,0
7.344812780822053,0
7.345727849213205,0
7.349797530076955,0
7.350462892824368,0
7.3513616661531955,0
7.352022152979401,0
7.352916243870055,0
7.354224956051553,0
7.355348350691514,0
7.355996674622844,0
7.356642496658395,0
7.36623740713992,0
7.366848687929121,0
7.367695523648109,0
7.36830186072865,0
7.369143945584511,0
7.370582660577185,0
7.371179091770131,0
7.372250304432072,0
7.373908588907284,0
7.376718655015765,0
7.377534719582826,0
7.378109040928479,0
7.379729233554258,0
7.380860456691778,0
7.381662128725367,0
7.382221461839606,0
7.383018323953394,0
7.385701228602244,0
7.386245518189725,0
7.3870279133394945,0
7.38756717613694,0
7.3883447365677455,0
7.389410623992347,0
7.390707492194338,0
7.392513449203051,0
7.393271520939635,0
7.3937854507544785,0
7.394538656833703,0
7.395047523082042,0
7.395795857314766,0
7.397043110065482,0
7.397784168813615,0
7.398280402772343,0
7.400239001035374,0
7.400725058812782,0
7.401689369031942,0
7.402167618444565,0
7.402643262040158,0
7.403116298304212,0
7.403586725723017,0
7.404054542782916,0
7.40451974797017,0
7.405442316674481,0
7.405899677165422,0
7.406354419731741,0
7.40680654286092,0
7.407256045040469,0
7.407702924758411,0
7.408147180502823,0
7.409027814024455,0
7.409464188778458,0
7.409897933513207,0
7.410329046717493,0
7.4107575268809,0
7.411183372492445,0
7.411606582042026,0
7.412027154019427,0
7.412445086915,0
7.412860379218785,0
7.413273029420822,0
7.4140903974835055,0
7.414897179031215,0
7.415296596090087,0
7.415693361994812,0
7.416087475236623,0
7.4164789343082305,0
7.416867737701693,0
7.417637371423979,0
7.418018198738622,0
7.418396364346165,0
7.418771866740002,0
7.419144704413725,0
7.419514875861154,0
7.419882379576336,0
7.420247214053035,0
7.420609377785581,0
7.420968869268734,0
7.421325686997449,0
7.421679829466541,0
7.422031295170996,0
7.422380082606594,0
7.422726190268747,0
7.424245942405207,0
7.424830366481245,0
7.425163370356415,0
7.425742716857059,0
7.426893915274576,0
7.427216472211654,0
7.427536334245332,0
7.428417576845135,0
7.429228823858722,0
7.4297879721659115,0
7.430094760057045,0
7.4306488000739535,0
7.43095028420467,0
7.431499209804343,0
7.431795384108199,0
7.432339189166385,0
7.432630047578925,0
7.433168725971541,0
7.433704882032799,0
7.434238514219288,0
7.43451882823544,0
7.43504732148719,0
7.435322301397832,0
7.435845649595365,0
7.436366466228208,0
7.436884749753659,0
7.437149148761961,0
7.437662274974002,0
7.437921321677521,0
7.438429284463496,0
7.438682972810199,0
7.439434089998059,0
7.439931707599612,0
7.440174661082494,0
7.440667096929303,0
7.440904673908761,0
7.44139192189445,0
7.441876616817552,0
7.44210617034571,0
7.442332976184304,0
7.442809830137094,0
7.443284124896536,0
7.443502889125767,0
7.443971974652982,0
7.444185335172904,0
7.444649205369444,0
7.444857156143115,0
7.445062347212911,0
7.445518339904822,0
7.445718112191344,0
7.4461688743297145,0
7.446363221800397,0
7.446808747292579,0
7.4469976639163065,0
7.447946162473812,0
7.450025396400065,0
7.450447582557388,0
7.450612352941079,0
7.4511885751688,0
7.451600214808963,0
7.452160408247977,0
7.453504162449661,0
7.453641656935702,0
7.454032216423684,0
7.4546759695663525,0
7.45505590958561,0
7.455923526964796,0
7.4566146704047185,0
7.456716292931048,0
7.456815097336829,0
7.4569110821388165,0
7.457004245853568,0
7.457094586998551,0
7.457182104090521,0
7.457427696228876,0
7.457503902288892,0
7.457647818541744,0
7.457715525772159,0
7.457780397097679,0
7.457842431038131,0
7.457901626112658,0
7.458011493745886,0
7.458062163345289,0
7.458109988161027,0
7.458236379117835,0
7.45830638872971,0
7.45833711379413,0
7.458364983727392,0
7.4584314479711225,0
7.458447882611182,0
7.458461454737119,0
7.458472162872653,0
7.458480005542242,0
7.458486326003566,0
7.458482692058027,0
7.458466804172502,0
7.458454547283907,0
7.458439413133505,0
7.458421400248113,0
7.458400507154238,0
7.458376732379179,0
7.458320531895708,0
7.458288103242779,0
7.458252787020257,0
7.458214581756124,0
7.458173485979188,0
7.458082617003498,0
7.458295363612677,0
7.458450039144054,0
7.45839177663305,0
7.4585935128633025,0
7.458529550788796,0
7.4587257728241525,0
7.458656105245211,0
7.458846807084797,0
7.458771428062192,0
7.458956603706838,0
7.458875507303645,0
7.458791498249951,0
7.458968331038903,0
7.458878595719227,0
7.4590498873401145,0
7.459218448429084,0
7.45912016428457,0
7.459283175204632,0
7.459179149952718,0
7.459072200254184,0
7.459378725049049,0
7.4592631998063155,0
7.459144744225341,0
7.459288240174885,0
7.4591640227702385,0
7.459171956486216,0
7.459304292285083,0
7.459168533478106,0
7.459295280235153,0
7.459153741854067,0
7.459274893595449,0
7.459127569727627,0
7.4592431204800675,0
7.459090005215359,0
7.459199949008365,0
7.459041036438805,0
7.459145367304529,0
7.459246931594464,0
7.459079363496301,0
7.459175305895741,0
7.45926847721779,0
7.459092240262493,0
7.45917978073615,0
7.458997722832521,0
7.459079626498209,0
7.458891741749653,0
7.458968002649954,0
7.458774285160928,0
7.459112178259261,0
7.459099485496495,0
7.458888439969627,0
7.45894223828887,0
7.458993243058586,0
7.458773462139959,0
7.458818791344669,0
7.458593145221499,0
7.458632792918536,0
7.458401275710372,0
7.45843523595795,0
7.458251568517028,0
7.458274219900574,0
7.458042102830092,0
7.45778714504641,0
7.4577983799219965,0
7.457537521651346,0
7.457543039376702,0
7.457276274751393,0
7.457276069400393,0
7.457003392555777,0
7.456997458201386,0
7.456718863274602,0
7.456707193994788,0
7.456692696861751,0
7.456675370380623,0
7.45663222340022,0
7.456336043680267,0
7.455970678936637,0
7.455662610216223,0
7.45535151447794,0
7.4544000507009684,0
7.453750579934393,0
7.453421291743695,0
7.4530889664233655,0
7.452753602530066,0
7.452415198620514,0
7.452073753251966,0
7.451729264982532,0
7.451381732369043,0
7.45103115397049,0
7.450677528344983,0
7.450320854051057,0
7.449232524752688,0
7.448863641379546,0
7.448491702136664,0
7.448116705584056,0
7.553279912238963,0
7.5525887461139405,0
7.55188529539285,0
7.551528959712101,0
7.551169548567202,0
7.5508070605200714,0
7.550441494133423,0
7.550072847969602,0
7.549326310563941,0
7.548948416449207,0
7.548567436811709,0
7.547796215225645,0
7.547405970406828,0
7.547012634324119,0
7.546616205543302,0
7.545814064150193,0
7.5454083486707475,0
7.544999534758119,0
7.544587620979797,0
7.5441726059026735,0
7.542908938557446,0
7.542481503965689,0
7.542050960916413,0
7.542155124983964,0
7.541718564523222,0
7.541547975715446,0
7.540928758466805,0
7.540479941964065,0
7.540297461609981,0
7.540112046340113,0
7.539923694680596,0
7.5394627007788415,0
7.539268388712571,0
7.538801246527157,0
7.538600968217111,0
7.538127671973683,0
7.537921421585281,0
7.537441965511817,0
7.537229737212698,0
7.537014559322216,0
7.536525903499779,0
7.536034110460292,0
7.535539178779629,0
7.534810827005998,0
7.534577588618902,0
7.5343413904030285,0
7.533831048688143,0
7.533317559740425,0
7.533072307313404,0
7.532552621095647,0
7.531518173949763,0
7.530986075934521,0
7.530184446295777,0
7.529915096015458,0
7.528544415131563,0
7.527691161944944,0
7.526561736789034,0
7.526265206744625,0
7.5259656862226905,0
7.525390067160714,0
7.525084478632891,0
7.524502604851932,0
7.524149738100249,0
7.523558623139678,0
7.523237963154514,0
7.52231383082065,0
7.521710171976167,0
7.52165131763519,0
7.521041479265534,0
7.520702619523206,0
7.519741529469059,0
7.518768035985886,0
7.51714710987622,0
7.516142465988395,0
7.515125378538585,0
7.514749798203695,0
7.514095836063802,0
7.513714115452302,0
7.513053827105637,0
7.512665960458747,0
7.5122750597633114,0
7.511881123566155,0
7.5108081726255875,0
7.510128972139455,0
7.50958964644289,0
7.508901071208186,0
7.508485681562576,0
7.507790748751745,0
7.505963355226811,0
7.505532469455147,0
7.503944354776166,0
7.503223934885057,0
7.502500272521786,0
7.501043214776985,0
7.4995731703444335,0
7.498090128031123,0
7.497343729173394,0
7.4965940766507515,0
7.495841169065841,0
7.495085005021707,0
7.494325583121167,0
7.493562901968033,0
7.492796960166345,0
7.492027756319942,0
7.491255289033489,0
7.489700558561253,0
7.488918292586192,0
7.488132757592723,0
7.484957899568911,0
7.483350820229049,0
7.482542363104955,0
7.481730625823104,0
7.480915606992198,0
7.480097305222131,0
7.4792757191227395,0
7.478450847303833,0
7.477622688376158,0
7.476791240950547,0
7.475956503638173,0
7.4742771538005,0
7.473432538498969,0
7.472584627759261,0
7.471733420193971,0
7.470878914417057,0
7.469160002682258,0
7.468295593953144,0
7.467427881468865,0
7.4665568638447155,0
7.46568253969599,0
7.464804907639007,0
7.4639239662894,0
7.463039714263772,0
7.461261272653587,0
7.460367080303257,0
7.459469571747263,0
7.458568745603287,0
7.457664600490375,0
7.456757135027345,0
7.455846347834182,0
7.454932237529846,0
7.454014802735088,0
7.453094042070006,0
7.452169954155778,0
7.45124253761341,0
7.450311791064593,0
7.44937771313144,0
7.4484403024359835,0
7.447499557600992,0
7.44655547724949,0
7.445608060005043,0
7.444657304491187,0
7.443703209332256,0
7.442745773152353,0
7.441784994576977,0
7.4408208722307165,0
7.439853404739381,0
7.4388825907291505,0
7.433978274825932,0
7.432987352866633,0
7.431993074780365,0
7.430995439195982,0
7.430280144587442,0
7.429561669344906,0
7.428554150901277,0
7.427829229508404,0
7.426815082565213,0
7.425349148572138,0
7.422553383858087,0
7.4213418566527025,0
7.420301337837941,0
7.419544262594371,0
7.418783988377328,0
7.417733532466826,0
7.416966775624161,0
7.415136410093794,0
7.4140726195333,0
7.412222414506857,0
7.41143617626588,0
7.410359028969822,0
7.409566285765635,0
7.408482451827155,0
7.4076831980823385,0
7.40688072711464,0
7.4049779122457835,0
7.403877386826082,0
7.403061872457187,0
7.401954641098172,0
7.400844005495827,0
7.400018653876742,0
7.398901304100008,0
7.3969453446503906,0
7.3958178641372,0
7.394976116093773,0
7.3938419076847595,0
7.392993607382351,0
7.391852665587834,0
7.390997807474633,0
7.389850126807943,0
7.388988705335066,0
7.388124040097949,0
7.384342833894834,0
7.383171671190013,0
7.379033827183946,0
7.376944858109624,0
7.376040759476581,0
7.3748425096617325,0
7.373931806105247,0
5.214931373983347,0
5.21353765369517,0
5.210961764393232,0
5.209555596397507,0
5.208146243767089,0
5.224180117757385,0
5.218618956392504,0
5.217172770698255,0
5.215488548517129,0
5.20781734794906,0
5.20633672642839,0
5.203095051271674,0
5.19872933293226,0
5.197630128768111,0
4.868321751778268,0
4.866737687525699,0
4.865150393750497,0
4.863559869087368,0
4.861966112172439,0
4.860791054464869,0
4.859612877615007,0
4.858009550302,0
4.856402985249531,0
4.854793181094408,0
4.85318013647526,0
4.851563850029862,0
4.849944320396304,0
4.848321546215061,0
4.847118026472998,0
4.843856377382963,0
4.842220678509477,0
4.840581728272298,0
4.839362342463687,0
4.837716952477365,0
4.836068307035305,0
4.834416404780512,0
4.833184310913566,0
5.3430583566927226,0
5.337455616363258,0
5.335365556054569,0
5.331975303422183,0
5.329772485780552,0
5.327556961807147,0
5.324527887979713,0
5.323208673088402,0
5.318831005299501,0
5.311591195670616,0
5.309686913571994,0
5.308329009736326,0
5.304636987985845,0
5.302864925073834,0
5.298331343969295,0
5.294169703155177,0
5.314034516713008,0
5.31264016254832,0
5.310841822027129,0
5.307635853336421,0
5.303403508750165,0
5.298339390425525,0
5.293646489604782,0
5.292610758528184,0
5.291170402700885,0
5.28932527192606,0
5.2874767402870475,0
5.284171166254737,0
5.282714238743296,0
5.276586115713002,0
5.274305589021793,0
5.2698559107370215,0
5.2657788271323795,0
5.264279139284554,0
5.2623737430175765,0
5.259357731145997,0
5.254003528907049,0
5.251674995131452,0
5.245549392388568,0
5.240920321652567,0
5.336055569815727,0
5.334511337439892,0
5.332564944748725,0
5.329060767350313,0
5.3275030974610615,0
5.32514394597527,0
5.321612514620654,0
5.3196420701425495,0
5.317668165057313,0
5.314109437449417,0
5.311735754700294,0
5.309744865719779,0
5.308150157084469,0
5.304550932690944,0
5.299311285567171,0
5.292418572208732,0
5.289151977903117,0
5.286713067155148,0
5.283826446887417,0
5.282177933290825,0
5.280125559112236,0
5.276811557218849,0
5.275149489619309,0
5.272215946415287,0
5.266788431611985,0
5.265106066655363,0
5.263420314131878,0
5.26133012811195,0
5.127414949524649,0
5.125699860381218,0
5.119719695809238,0
5.114930676835712,0
5.111041959920129,0
5.108888623063564,0
5.101463617800732,0
5.097526563708755,0
5.091799057261994,0
5.087827414528164,0
5.077633326656496,0
5.073613012997384,0
5.064523530425447,0
5.05780158658672,0
5.0292887211159325,0
5.02740155373661,0
4.541593846759724,0
4.533782297312939,0
4.531389605684581,0
4.52591559580236,0
4.521530119622611,0
4.519116382184222,0
4.498082599911811,0
4.4960555836086655,0
4.493161064621972,0
4.4890894803809545,0
4.485868379286046,0
4.482956023365688,0
4.480472264435889,0
4.4886460840276925,0
4.486562507323555,0
4.484043737865591,0
4.4773295460400675,0
4.473123725094496,0
4.471015559828032,0
4.468471841024979,0
4.463805734003785,0
4.457428354951361,0
4.450586917943127,0
4.44844351107767,0
4.425066567021986,0
4.442724505017537,0
4.440098604125069,0
4.437469057869947,0
4.435268134476331,0
4.406333510881069,0
4.395911001380256,0
4.384533769952384,0
4.373934211436648,0
4.3916956990784115,0
4.384748559099165,0
4.3796664466140385,0
4.377336350711175,0
4.37057774233287,0
4.3654455974104,0
4.362657532017153,0
4.356870262511734,0
4.3545009415725815,0
4.352128018972081,0
4.344120875345112,0
4.339342407345242,0
4.336947760279116,0
4.329742151855726,0
3.770198250141931,0
3.766789643403712,0
3.76428914699855,0
3.7613290252438674,0
3.758821261093857,0
3.7362831449257783,0
3.7328547532504786,0
3.729354578102459,0
3.7129569295859994,0
3.6962838425806694,0
3.693644223804654,0
3.6905444898887083,0
3.6772729215211086,0
3.6736941511458383,0
3.670568288476261,0
3.6607690382827798,0
3.6571676607620986,0
3.6701633279625696,0
3.6669999300146685,0
3.6642890274870297,0
3.6606617772499703,0
3.636520364547664,0
4.009260265152307,0
4.003808815114354,0
3.998784342300297,0
4.711093807336397,0
4.705697586667128,0
4.702993847109866,0
4.700286353144236,0
4.697575103576781,0
4.694448373034049,0
4.690905970356283,0
4.613179076869557,0
4.610354154457212,0
4.597776281886013,0
4.594105239912778,0
4.582690763759075,0
4.579413883200317,0
4.573676134348233,0
4.592300575579657,0
4.583247878516261,0
4.57994716465268,0
4.573747290539501,0
4.570848235760536,0
4.561301159144165,0
4.555054883539327,0
4.552132779135661,0
4.54879312246382,0
4.5454495339857885,0
4.529500766111539,0
4.52696193343499,0
4.524005199418497,0
4.5180802295671185,0
4.515111991416973,0
4.512139916240699,0
4.078632472274563,0
4.075168970757289,0
4.06952707582127,0
4.066051953516649,0
4.059954778063883,0
4.053409744748336,0
4.04991511110191,0
4.046416535649513,0
4.042481302877064,0
4.035897147420513,0
4.026208221128087,0
4.020018261049671,0
4.016917507836013,0
4.007158906765483,0
3.9915393279348166,0
3.98569802009996,0
3.982121276572059,0
3.97940781834302,0
3.976256922031837,0
3.969076028639165,0
3.965913448958986,0
3.9627470007575596,0
3.959142777612584,0
3.9523564366152755,0
3.948740351452386,0
3.9455544170681662,0
3.965350395882325,0
3.9621589469772687,0
3.955331049747514,0
3.9521279204831217,0
3.9484874440374824,0
3.9452765081983614,0
3.941628120983893,0
3.937975746866641,0
3.93475307173037,0
3.9310927802677895,0
3.92742849864149,0
3.9237602257720994,0
3.9205218686968806,0
3.9107834428500894,0
3.9075295122831903,0
3.897310136636804,0
3.8936063107270797,0
3.8903328041070324,0
3.8866210323528207,0
3.8833396791588086,0
3.876765259710112,0
3.8701752153965288,0
3.866874331124194,0
3.8635695372872476,0
3.86026083277045,0
3.856948216459216,0
3.8531968875273037,0
3.8503112439991014,0
3.8465520023115687,0
3.843658611002155,0
3.8356852301962476,0
3.8298712357455997,0
3.8240418178742175,0
3.8181969674463403,0
3.834077103881242,0
3.8277693524679535,0
3.823523406094864,0
3.819273290460785,0
3.812064700392284,0
3.8048401832176353,0
3.7975997302922906,0
3.7941909946825376,0
3.7877967076899495,0
3.7843761866915884,0
3.780516629069325,0
3.7727853742911464,0
3.7689136750331613,0
3.7654732544474996,0
3.7546928361983305,0
3.74734079237075,0
3.743440961286211,0
3.739972743852661,0
3.7365005688520796,0
3.732152911534371,0
3.728236906094054,0
3.719080292197958,0
3.7129563902265375,0
3.7094525980312483,0
3.705072723586568,0
3.699353526573873,0
3.6953977445238877,0
3.6914378908970775,0
3.687910236908465,0
3.680843006214758,0
3.6764306184169016,0
3.672450508431581,0
3.6644780539423323,0
3.674226960391195,0
3.663942807575239,0
3.6603615153481712,0
3.656776233476762,0
3.652750917405143,0
3.6491576119483966,0
3.641959021411111,0
3.638353734187149,0
3.630258538904826,0
3.6262047954694197,0
3.622146953473276,0
3.6185215113620757,0
3.601207615209688,0
3.597121520445114,0
3.5893738359806378,0
3.585712343265527,0
3.5686558049660846,0
3.5649703529695387,0
3.561280883625159,0
3.55062556688938,0
3.543647797077341,0
3.5399342827974465,0
3.532057786804188,0
4.031922968997833,0
4.027811243037746,0
4.016284946936537,0
4.012156726795013,0
4.004304871076073,0
3.9968537461328424,0
3.9898036015465266,0
3.9856466276042966,0
3.9819028022878626,0
3.9660518933107767,0
3.9581017672585688,0
3.9505528889686445,0
3.946772345954571,0
3.942569940353735,0
3.930773599547649,0
3.9261365958366525,0
3.9223314425700266,0
3.9074882791927052,0
3.8994148742040693,0
3.895999517617298,0
3.891743365220833,0
3.8879014836820716,0
3.8840555160739143,0
3.8759327325170716,0
3.8720744579693473,0
3.868212093256574,0
3.8643456373534093,0
3.8600563159415913,0
3.8787732344827077,0
3.8744788014747655,0
3.8705981827823166,0
3.866295411996674,0
3.861570309158992,0
3.8572590773625564,0
3.8525253752672484,0
3.836895283661846,0
3.8325590029797354,0
3.828637071484394,0
3.8247110329208454,0
3.820362244174646,0
3.8124895377451935,0
3.8085470183640098,0
3.804181558112589,0
3.7993929777480844,0
3.7910598839825127,0
3.786258474936261,0
3.7818718710814494,0
3.773086003198472,0
3.768686737240614,0
3.7598755364714123,0
3.7470466655276766,0
3.7390327423894973,0
3.731002306907442,0
3.726980894529987,0
3.7225354814249556,0
3.718085835025448,0
3.714471913014279,0
3.7095938854056953,0
3.6970346911451486,0
3.692980033938454,0
3.680370866123127,0
3.6718037416433162,0
3.654198525331367,0
3.646001772886734,0
3.6377884208338287,0
3.629137515737483,0
3.6241742383360247,0
3.722702579994973,0
3.7181662611486956,0
3.7094979276491244,0
3.7053660125399404,0
3.6975068919489615,0
3.6883794142536317,0
3.683809273880428,0
3.679652283031686,0
3.6754911235414056,0
3.659222391810971,0
3.6550404165273562,0
3.650854266719648,0
3.6420516590719103,0
3.6378529377890345,0
3.633232156560382,0
3.6286070950142175,0
3.6243957515553404,0
3.6193441272521056,0
3.614706219179311,0
3.610482202986674,0
3.606254002610825,0
3.6020216170821584,0
3.5977850454317775,0
3.589299339891056,0
3.5807968782460478,0
3.576539361467127,0
3.572277652763887,0
3.56759315631993,0
3.554770159119812,0
3.55048743454077,0
3.54578169157017,0
3.541490528882349,0
3.5371951665918857,0
3.5328956037383534,0
3.5104963881117897,0
3.506171518439885,0
3.3539668709189527,0
3.3496153509117335,0
3.3404745144399612,0
3.3356850975258396,0
3.322141800351261,0
3.317760697015217,0
3.3138008377333676,0
3.3089858519790027,0
3.303740981784614,0
3.290108500225557,0
3.2852719993379083,0
3.2760119281399795,0
3.261876812496638,0
3.253000140519248,0
3.248129305994894,0
3.2396534381123843,0
3.2217986324995422,0
3.216897908646132,0
3.2124193555318925,0
3.20793656837904,0
3.1989582882205525,0
3.194036129920164,0
3.1891096362244298,0
3.1846055840588576,0
3.1796704740781365,0
3.1743041338918374,0
3.1697872390092527,0
3.165266101763251,0
3.1557840261961303,0
3.1508229886369747,0
3.1458576076634017,0
3.1367683921131686,0
3.132217411578864,0
3.113543499976686,0
2.5084378385069783,0
2.4991052294977862,0
2.4790403912037675,0
2.4739009857104293,0
2.4640588666865995,0
2.45890648109949,0
2.449038539181487,0
2.4438731656218238,0
2.4391534035300992,0
2.433979384925408,0
2.4245184884915716,0
2.420231757178925,0
2.400791653634883,0
2.3908207154666172,0
2.3808325409908093,0
2.376057231937665,0
2.370827123177662,0
2.36559265231935,0
2.3608044550076954,0
2.3411581402937145,0
2.2171067485538742,0
2.2074399019472537,0
2.1973008258902382,0
2.182742677353531,0
2.168145985943511,0
2.163271852916438,0
2.1579380106955455,0
2.1428213715659865,0
2.1379257271283905,0
2.127665892895436,0
2.1223016125461527,0
2.1169329503282768,0
2.107550078759232,0
2.091847949876012,0
1.4768335402106914,0
1.4618445864469152,0
1.4573176383093767,0
1.4518305256717952,0
1.4463390431052972,0
1.4413212617070883,0
1.4362991915548378,0
1.4216854268743475,0
1.4166462259458683,0
1.4005462067610495,0
1.395489762385182,0
1.3904290214532011,0
1.3752210106748919,0
1.370143074875159,0
1.3650608382003782,0
1.3590170529174088,0
1.3488309363676478,0
1.343731422086421,0
1.3330406648635176,0
1.3274493380159527,0
1.3172114186475312,0
1.3069562616430517,0
1.3018222168902867,0
1.296683860163455,0
1.2910620834807105,0
1.2751288699937788,0
1.2648045639899692,0
1.2596359345544954,0
1.2544629863647003,0
1.2492857185721675,0
1.2436246968922262,0
1.2374797728541296,0
1.2318098952552816,0
1.2261356131104435,0
1.2416110360308608,0
1.2364050972497864,0
1.2307159908707206,0
1.2255013647057922,0
1.2198034876182078,0
1.2141011993765574,0
1.2093525235298443,0
1.2036415088648482,0
1.1974469785796487,0
1.1917270868971457,0
1.1860027800860564,0
2.661044572339108,0
2.6507444696498794,0
2.6451631877007173,0
2.6400021402236007,0
2.6292420997543786,0
2.6240678579383143,0
2.618889229540855,0
2.613706213734332,0
2.608518809693493,0
2.6029020103649714,0
2.615436365005536,0
2.6098092353513493,0
2.6050262283117434,0
2.599814569631974,0
2.594598516301545,0
2.5893780674996947,0
2.584577661473901,0
2.57934845875306,0
2.573690340062541,0
2.568452301176535,0
2.5636344596589993,0
2.5531364596448327,0
2.5426208515185067,0
2.537356442375966,0
2.532087628761957,0
2.52681440986359,0
2.5215367848684593,0
2.51625475296467,0
2.505252435129421,0
2.499532052671185,0
2.494232306453199,0
2.48892814930295,0
2.483619580411812,0
2.4783065989735746,0
2.4663913338816315,0
2.4499735573104715,0
2.4442083676023003,0
2.4388642800008427,0
2.433515773480991,0
2.4281628472411114,0
2.4223797682790575,0
2.411225905146523,0
2.4004800989169155,0
2.3951005594693697,0
2.389716594737223,0
2.384328203925378,0
2.378935386238794,0
2.3672841404697635,0
2.36187795944673,0
2.350199681197438,0
2.5279200586061847,0
2.5162553996485713,0
2.510835601589065,0
2.5054113626131596,0
2.499563266979038,0
2.493710632970533,0
2.488272986845203,0
2.482830896684959,0
2.4559735075476397,0
2.450084987120192,0
2.445031595908546,0
2.4395539650268177,0
2.4285853492452816,0
2.417598922923787,0
2.4120990288686244,0
2.4057544497478034,0
2.400245565699123,0
2.3951524275610723,0
2.3892144273636404,0
2.3781654568933277,0
2.3717935126774137,0
2.3602971358697005,0
2.3547524596687595,0
2.349203320848204,0
2.3428084564957317,0
2.3372503111278036,0
2.331687700862801,0
2.326120624934589,0
2.320549082578225,0
2.3149730730282556,0
2.3038076492955497,0
2.2982182335861694,0
2.29262434763271,0
2.2866049409803963,0
2.2805809677143998,0
2.274973587732319,0
2.2693617344891948,0
2.26290291253801,0
2.256860721057791,0
2.2512353255489757,0
2.2403925336946315,0
2.2343322784719533,0
2.2282674501254007,0
2.258395091725845,0
2.2523258786322344,0
2.2466723970138105,0
2.2410144328682122,0
2.234931598504403,0
2.2235931720780684,0
2.2170761727647346,0
2.2109750742137066,0
2.2052900418532317,0
2.187787249705849,0
2.17066469590722,0
2.15880622238285,0
2.1530806952981436,0
2.1309759675604596,0
2.1252280394406853,0
2.1194756132146892,0
2.1137186881459797,0
2.1017699849502947,0
2.089381641476791,0
2.0836020939660216,0
2.0778180432425017,0
2.07202948857406,0
2.0604388644800053,0
0.6721299797002303,0
0.6662096317138548,0
0.648893398351305,0
0.6615181854177195,0
0.6317460116945881,0
0.612886762053364,0
0.5949292270850606,0
0.5829351296967786,0
0.5704517414810368,0
0.553342855680313,0
0.5463737336500287,0
0.5403430148914481,0
0.5157035913965728,0
0.5096503931449945,0
0.49705874986852905,0
0.4909920428272301,0
0.478373264650628,0
0.4474551321524416,0
0.4347730173884088,0
0.4277168646131315,0
0.4216005298014238,0
0.40322451379807944,0
0.38480796578906507,0
0.3720352423701456,0
0.38474034701278015,0
0.360056252350887,0
0.35387395074232586,0
0.34196773245693635,0
0.33529996782559124,0
0.29708575569191,0
0.29038601318495694,0
0.2841539420394952,0
0.2774450503264063,0
0.2707315593752355,0
0.2644858636789138,0
0.2515084479765619,0
0.24477664823166378,0
0.23804024605152563,0
0.23177183992939376,0
0.21780341859803798,0
0.21152134103400044,0
0.20476196437613225,0
0.19847080031669861,0
0.1921751075279019,0
0.18540200450081556,0
0.17815134933059085,0
0.1713689823468485,0
0.15873657382502415,0
0.13975396414852526,0
0.12612975550302963,0
0.1202572877986654,0
0.112960425107417,0
0.10660558210992122,0
0.09340885562488666,0
0.0870403659179999,0
0.07428976599604198,0
0.06152100099942004,0
0.0733421303663988,0
0.05959443203400383,0
0.05318659535842585,0
0.03346276392667846,0
0.027036706524626197,0
0.013697795876481678,0
0.007258058484580943,0
0.00034054481821499394,0
-0.006108325989600871,1
-0.012561749134874844,1
-0.01949305843379534,1
-0.03289614385218442,1
-0.03984130098103833,1
-0.058336747571075875,1
-0.06530020641153556,1
-0.07274192613027708,1
-0.09177919981871696,1
-0.11833142353387416,1
-0.12533634192871546,1
-0.14495691768004804,1
-0.15103223330265791,1
-0.17023342853474333,1
-0.17774920006013417,1
-0.19042390195042458,1
0.6020245044003332,0
0.5884815396042598,0
0.5819261165007674,0
0.5753660954586337,0
0.5626783731722469,0
0.5561045889108414,0
0.5495262042194042,0
0.5424969994601554,0
0.5350168239791913,0
0.5218276361370897,0
0.5147797340660247,0
0.5081735969223473,0
0.4953940138333621,0
0.4887740949658905,0
0.4750738285817988,0
0.4684400541083278,0
0.4618016712758788,0
0.45515867947517563,0
0.44851107809893165,0
0.44185886653929174,0
0.43520204419013453,0
0.42898745766609636,0
0.42232144598591503,0
0.4152039063471591,0
0.408528634786677,0
0.40140175032067305,0
0.3942701677321736,0
0.38713388646223734,0
0.3795457421543915,0
0.34511227208517425,0
0.3379431836138167,0
0.3312168559435804,0
0.3244859079721607,0
0.31730280742183936,0
0.30471292002292216,0
0.2912094941618477,0
0.2844508457211248,0
0.30139429755513447,0
0.29462819309534893,0
0.2810821047101797,0
0.27385509394196106,0
0.2670704469342411,0
0.2602811712980042,0
0.2530401236429327,0
0.2321832667469721,0
0.22537077165262076,0
0.2185536444525269,0
0.21128450786136455,0
0.20445808097358054,0
0.197627020251673,0
0.16936122283260602,0
0.1625069169558344,0
0.15520028081670034,0
0.14878439280883526,0
0.14191617339039908,0
0.13504331497728117,0
0.12861362885095673,0
0.12173152431293488,0
0.11439690004777958,0
0.10750547993751525,0
0.10060941797664213,0
0.07899723529268954,0
0.07163440642904106,0
0.06426685039443214,0
0.028254970420846348,0
0.014803991308497189,0
0.00043750286587851406,0
-0.006528488184926573,1
-0.014396356314364311,1
-0.021820385873411396,1
-0.028800430850168368,1
-0.0432232637439256,1
-0.05021730089532639,1
-0.05721599211466355,1
-0.06466823834975344,1
-0.07122733896980549,1
-0.08615532427558037,1
-0.6891526472280134,1
-0.7014155587415019,1
-0.708961764762023,1
-0.716512689291676,1
-0.7235989345979021,1
-0.7377853573192681,1
-0.7444160632066712,1
-0.7519903598243332,1
-0.7590998298570923,1
-0.7657443839490554,1
-0.7728631177405418,1
-0.787114528893369,1
-0.7942472073366389,1
-0.8013845350776592,1
-0.8089962546310119,1
-0.8156731406098743,1
-0.8232942211682825,1
-0.8313898911697208,1
-0.8390204710789249,1
-0.861470534613261,1
-0.8691199828596439,1
-0.8758339376223319,1
-0.8830226215300456,1
-0.9055570700994053,1
-0.9122941712307124,1
-0.9199764658955019,1
-0.927663493714391,1
-0.9353552551688153,1
-0.9435221994779681,1
-0.9647579877157,1
-0.9792521183763085,1
-0.9942355544515351,1
-1.0010282838276794,1
-1.0155690465085456,1
-1.02378798811543,1
-1.0383568603113815,1
-1.0211832456587615,1
-1.0357770525262708,1
-1.0430809588312115,1
-1.058173013262035,1
-1.0659612368917806,1
-1.0737542057553924,1
-1.0806111989407157,1
-1.0879431874027148,1
-1.0952798481692696,1
-1.1026211817477645,1
-1.1099671886461522,1
-1.117317869371277,1
-1.138927386921182,1
-1.1462967386615617,1
-1.1532001509281429,1
-1.1610494717321558,1
-1.168432854066026,1
-1.1758209142670069,1
-1.183213652835434,1
-1.1906110702716717,1
-1.1980131670732703,1
-1.2054199437387183,1
-1.2133022662689825,1
-1.2207184333701093,1
-1.2281392818127017,1
-1.2360357806580282,1
-1.2429950247018269,1
-1.2509009470413162,1
-1.2588116264439293,1
-1.266727063357422,1
-1.2751184343076147,1
-1.2830434321217865,1
-1.2909731887662872,1
-1.2993790297691419,1
-1.3073183498920855,1
-1.3152624301580147,1
-1.3236827449276518,1
-1.3306933699609829,1
-1.3381801569686615,1
-1.3606686511730857,1
-1.368174195247036,1
-1.3761561064968362,1
-1.383671060918573,1
-1.3911907067636378,1
-1.3812603023250176,1
-1.388792492020798,1
-1.396329375727987,1
-1.4033998907624152,1
-1.4114172270837742,1
-1.4340842211052802,1
-1.4416492788731716,1
-1.448747797263195,1
-1.4572647678534736,1
-1.5090033159078473,1
-1.5242320073828353,1
-1.531853406656893,1
-1.5404226584654452,1
-1.5485251481391913,1
-1.5566324144577948,1
-1.5723895200651157,1
-1.5800392875142961,1
-1.5876937606458341,1
-1.5958247845176743,1
-1.603016825789041,1
-1.610685418717452,1
-1.6337194444045622,1
-1.6712594560647744,1
-1.6789703759511667,1
-1.687158164192084,1
-1.6948785362445733,1
-1.693058653056653,1
-1.7090103297074961,1
-1.7167575030381386,1
-1.7482650497847487,1
-1.7569793191938174,1
-1.7652266728853192,1
-1.7730069801137631,1
-1.7807920062171547,1
-1.7963762168011215,1
-1.804647352808928,1
-1.8207319651830574,1
-1.8285453704057772,1
-1.8368355920721626,1
-1.8451306079439007,1
-1.8529582367796422,1
-1.868627664410468,1
-1.876469464067128,1
-1.892167237212135,1
-1.9004955627098639,1
-1.9078839116547215,1
-1.9162217454901054,1
-1.9240919265562866,1
-1.9319668346394963,1
-1.9393739780908845,1
-1.947258313336306,1
-1.9551473768834455,1
-1.963041169155133,1
-1.9718849149438427,1
-1.9807335634670267,1
-1.9891143783025313,1
5.347865194421473,0
5.341070532357634,0
5.33427052629753,0
5.32746517586375,0
5.320654480679764,0
5.313838440369551,0
5.307017054558486,0
5.300190322871714,0
5.29335824493586,0
5.286520820378001,0
5.279678048825929,0
5.272829929907942,0
5.265976463253736,0
5.259117648493458,0
5.252253485257256,0
5.245383973177383,0
5.238509111885634,0
5.231628901015455,0
5.2247433402001775,0
5.2178524290740995,0
5.210956167272911,0
5.204054554432446,0
5.197147590189218,0
5.190235274180708,0
5.1833176060454775,0
5.1763945854216615,0
5.169466211949697,0
5.162532485269452,0
5.155593405022046,0
5.148648970849479,0
5.141699182394461,0
5.134744039300131,0
5.127783541210476,0
5.120817687770597,0
5.113846478625732,0
5.106869913422543,0
5.099887991807748,0
5.092900713429259,0
5.085908077935443,0
5.078910084975632,0
5.0719067341997,0
5.064898025258401,0
5.057883957803483,0
5.050864531486866,0
5.043839745961662,0
5.036809600881327,0
5.029774095900223,0
5.022733230673822,0
5.015687004857881,0
5.008635418109122,0
5.001578470084866,0
4.994516160443027,0
4.987448488842659,0
4.980375454943442,0
4.973297058405478,0
4.966213298889755,0
4.959124176058538,0
4.952029689574175,0
4.9449298390999274,0
4.937824624299623,0
4.930714044838766,0
4.9235981003820655,0
4.916476790595851,0
4.9093501151476175,0
4.902218073704745,0
4.895080665936007,0
4.887937891510518,0
4.880789750098245,0
4.873636241369695,0
4.866477364996342,0
4.8593131206503415,0
4.852143508005128,0
4.84496852673368,0
4.837788176510969,0
4.830602457012134,0
4.8234113679126835,0
4.81621490888935,0
4.80901307961949,0
4.801805879781568,0
4.7945933090541075,0
4.787375367116823,0
4.7801520536500846,0
4.772923368334659,0
4.765689310853105,0
4.7584498808874685,0
4.751205078121103,0
4.743954902238187,0
4.736699352923296,0
4.72943842986237,0
4.7221721327413775,0
4.714900461247595,0
4.707623415068525,0
4.700340993892297,0
5.830397566746143,0
5.824304461767582,0
5.818205843065499,0
5.8121017102820645,0
5.80599206306033,0
5.79987690104366,0
5.7937562238765,0
5.787630031203946,0
5.781498322671808,0
5.775361097926549,0
5.769218356615539,0
5.7630700983868905,0
5.75691632288914,0
5.750757029771904,0
5.744592218685625,0
5.738421889281085,0
5.732246041209947,0
5.726064674124842,0
5.719877787678797,0
5.713685381525721,0
5.7074874553202335,0
5.701284008717721,0
5.695075041374594,0
5.688860552947233,0
5.6826405430937825,0
5.676415011472159,0
5.670183957741585,0
5.66394738156194,0
5.65770528259344,0
5.651457660497783,0
5.645204514937035,0
5.638945845573687,0
5.63268165207117,0
5.626411934093909,0
5.6201366913067545,0
5.613855923375638,0
5.607569629966775,0
5.60127781074732,0
5.594980465385447,0
5.588677593549676,0
5.582369194909205,0
5.576055269134713,0
5.569735815896365,0
5.563410834866403,0
5.557080325716981,0
5.550744288120654,0
5.54440272175205,0
5.53805562628537,0
5.5317030013957265,0
5.525344846759509,0
5.518981162053478,0
5.512611946955019,0
5.506237201142312,0
5.499856924294562,0
5.493471116091399,0
5.487079776213136,0
5.480682904341222,0
5.47428050015742,0
5.467872563344542,0
5.461459093586228,0
5.4550400905662855,0
5.448615553969631,0
5.442185483482092,0
5.435749878789977,0
5.429308739580563,0
5.422862065541381,0
5.416409856361213,0
5.409952111729552,0
5.403488831336347,0
5.3970200148722824,0
5.390545662029382,0
5.384065772499554,0
5.377580345975673,0
5.371089382151752,0
5.364592880722455,0
5.3580908413827615,0
5.35158326382907,0
5.345070147757781,0
5.338551492866401,0
5.332027298853234,0
5.325497565417322,0
5.318962292258163,0
5.3124214790761926,0
5.305875125573067,0
5.2993232314500744,0
5.292765796410009,0
5.286202820156859,0
5.279634302394186,0
5.273060242826972,0
5.26648064116111,0
5.259895497102605,0
5.253304810358657,0
5.24670858063709,0
5.240106807646924,0
5.23349949109695,0
5.226886630697635,0
5.220268226159192,0
5.213644277193964,0
5.207014783513756,0
5.200379744831679,0
5.193739160861526,0
5.187093031317886,0
5.180441355915974,0
5.173784134371829,0
5.16712136640237,0
5.160453051724659,0
5.153779190057207,0
5.147099781118868,0
5.140414824629488,0
5.133724320309625,0
5.127028267880149,0
5.120326667063324,0
5.113619517581498,0
5.106906819158382,0
5.100188571518004,0
5.093464774385211,0
5.086735427485678,0
5.0800005305458455,0
5.073260083292922,0
5.06651408545477,0
5.059762536759791,0
5.0530054369378945,0
5.046242785718761,0
5.039474582833009,0
5.032700828012679,0
5.025921520989897,0
5.019136661497555,0
5.012346249269825,0
5.005550284040993,0
4.998748765546964,0
4.991941693522875,0
4.985129067706026,0
4.978310887834084,0
4.971487153644887,0
4.964657864877722,0
4.957823021272446,0
4.950982622569228,0
4.9441366685097705,0
4.937285158835778,0
4.930428093289947,0
4.923565471615973,0
4.916697293557775,0
4.909823558860552,0
4.902944267270215,0
4.8960594185329,0
4.889169012395598,0
4.882273048606663,0
4.875371526914364,0
4.868464447068845,0
4.861551808819655,0
4.854633611917706,0
4.847709856115188,0
4.840780541163923,0
4.833845666817467,0
4.826905232829432,0
4.81995923895451,0
4.813007684948246,0
4.806050570566555,0
4.799087895566487,0
4.792119659705634,0
4.78514586274224,0
4.778166504435603,0
4.771181584545474,0
4.7641911028321715,0
4.757195059057494,0
4.750193452983098,0
4.743186284372143,0
4.736173552988106,0
4.729155258595,0
4.7221314009585456,0
4.7151019798440075,0
4.708066995017845,0
4.7010264462479086,0
4.693980333301823,0
4.686928655948407,0
4.679871413957471,0
4.672808607099,0
4.665740235143915,0
4.6586662978643005,0
4.651586795032387,0
4.644501726421794,0
4.637411091806143,0
4.630314890960193,0
4.623213123659866,0
4.616105789681143,0
4.608992888801026,0
4.601874420796918,0
4.59475038544781,0
4.587620782532582,0
4.580485611831307,0
4.573344873124853,0
4.566198566194487,0
4.559046690822015,0
4.5518892467911485,0
4.544726233885314,0
4.537557651888733,0
4.530383500586481,0
4.5232037797653675,0
4.516018489211234,0
4.508827628711657,0
4.5016311980550086,0
4.4944291970298025,0
4.48722162542623,0
4.480008483034339,0
4.472789769645601,0
4.465565485051258,0
4.4583356290448535,0
4.451100201419109,0
4.443859201968337,0
4.436612630487616,0
4.429360486772396,0
4.422102770619148,0
4.414839481824686,0
4.4075706201874425,0
4.400296185505653,0
4.393016177578971,0
4.3857305962070825,0
4.378439441191091,0
4.371142712332613,0
4.3638404094340615,0
4.356532532298672,0
4.349219080729796,0
4.341900054532459,0
4.33457545351169,0
4.327245277473821,0
4.319909526225615,0
4.312568199574628,0
4.3052212973290125,0
4.297868819298316,0
4.290510765292225,0
4.283147135120998,0
4.275777928595971,0
4.268403145529589,0
4.261022785734355,0
4.253636849023906,0
4.246245335212507,0
4.238848244115246,0
4.231445575547951,0
4.224037329327189,0
4.216623505270292,0
4.209204103195191,0
4.201779122920868,0
4.194348564266534,0
4.186912427052647,0
4.179470711100208,0
4.172023416231298,0
4.164570542267995,0
4.157112089033603,0
4.149648056352731,0
4.142178444049591,0
4.134703251949674,0
4.127222479879748,0
4.119736127666357,0
4.112244195137322,0
4.104746682121373,0
4.097243588447526,0
4.089734913946387,0
4.08222065844808,0
4.074700821783949,0
4.067175403786621,0
4.059644404289315,0
4.052107823125311,0
4.044565660129422,0
4.037017915136545,0
4.029464587983114,0
4.021905678505732,0
4.0143411865415715,0
4.006771111929311,0
3.9991954545078556,0
3.991614214116453,0
3.9840273905961965,0
3.9764349837882094,0
3.9688369935342678,0
3.961233419677143,0
3.9536242620604867,0
3.946009520528264,0
3.9383891949257475,0
3.9307632850984078,0
3.923131790892768,0
3.915494712156118,0
3.907852048736487,0
3.9002038004822737,0
3.8925499672432977,0
3.884890548869805,0
3.8772255452124114,0
3.8695549561230678,0
3.8618787814540383,0
3.854197021058752,0
3.846509674791122,0
3.838816742506225,0
3.831118224058713,0
3.8234141193052835,0
3.815704428103089,0
3.807989150309453,0
3.8002682857826073,0
3.7925418343824333,0
3.784809795968556,0
3.7770721704015955,0
3.7693289575430526,0
3.7615801572550254,0
3.7538257694009474,0
3.7460657938437976,0
3.7383002304484307,0
3.7305290790800143,0
3.722752339604682,0
3.714970011888738,0
3.7071820957996806,0
3.699388591205974,0
3.691589497976338,0
3.6837848159806583,0
3.6759745450891046,0
3.668158685173154,0
4.435970675009429,0
4.429465221331952,0
4.422954042216105,0
4.416437137470268,0
4.40991450690413,0
4.403386150327918,0
4.396852067552828,0
4.390312258390452,0
4.383766722653348,0
4.377215460154986,0
4.370658470708975,0
4.364095754130403,0
4.357527310234957,0
4.350953138838491,0
4.344373239758028,0
4.337787612811468,0
4.331196257817169,0
4.324599174594653,0
4.317996362963385,0
4.311387822744081,0
4.304773553758594,0
4.298153555829003,0
4.291527828778044,0
4.284896372429671,0
4.278259186607784,0
4.271616271137816,0
4.264967625845912,0
4.258313250558302,0
4.251653145102722,0
4.244987309307135,0
4.23831574300047,0
-0.09330011653713655,1
-0.0959504043844106,1
-0.08544175587243785,1
-0.07362276605556417,1
-0.06751966005430177,1
-0.05571429453638643,1
-0.04391595893642375,1
-0.03695611159366763,1
-0.02736802644253089,1
-0.015590257868893787,1
-0.006016119948043297,1
-0.0004042584555747908,0
0.011353030132283948,0
0.020026638329767366,0
0.03177007888865546,0
0.042627434358450955,0
0.052159150674924604,0
0.06300257197244719,0
0.07164096888075733,0
0.0824704565531249,0
0.09241365426640868,0
0.10278951736901831,0
0.11447741209508422,0
0.12439966322273222,0
0.09953117382153209,0
0.10943721012355923,0
0.11007293187049072,0
0.10716043946902687,0
0.4660623831954922,0
0.4600495321141125,0
0.47166036337407036,0
0.4832641266671658,0
0.494860820627963,0
0.5060202842548733,0
0.5176028701753808,0
0.5291783826780261,0
0.5394565639199129,0
0.5505879489023471,0
0.5621423719312588,0
0.5736897161221748,0
0.5852299801153151,0
0.5963332057052924,0
0.6069994507178365,0
0.6176586903770556,0
0.6283109233339133,0
0.6398160093613683,0
0.6513140070923384,0
0.6572156462398482,0
0.6553624731356251,0
0.6651188510435304,0
0.6757291908442937,0
0.6656516532731303,0
0.6771105613413511,0
0.6885623723066772,0
0.6948326900260042,0
0.699800189206286,0
0.7082111343259498,0
0.7174779386334365,0
0.7280324430284395,0
0.7394430599383099,0
0.7482571771950859,0
0.7557689887627532,0
0.7550659037839296,0
0.7655854076800495,0
0.7748015329344184,0
0.7827139079739709,0
0.7940767528249637,0
0.7859701893533213,0
-0.768270840103014,1
-0.7568249210510203,1
-0.7453860946451698,1
-0.73540956731253,1
-0.7239848521581393,1
-0.7125672336488549,1
-0.7011567131247318,1
-0.6897532919252001,1
-0.6783569713892064,1
-0.6669677528549016,1
-0.6555856376596978,1
-0.6442106271402679,1
-0.6328427226328301,1
-0.6214819254723523,1
-0.6101282369937167,1
-0.598781658530612,1
-0.5874421914164429,1
-0.5761098369835622,1
-0.564784596563868,1
-0.5539511535909014,1
-0.5445788985742297,1
-0.5332748773722642,1
-0.5219779754598335,1
-0.5106881941653398,1
-0.4994055348162192,1
-0.4910378503854247,1
-0.47976928175859257,1
-0.46899248313025055,1
-0.45773814137072577,1
-0.4464909281227847,1
-0.4352508447096284,1
-0.4249870178107926,1
-0.4137611455712431,1
-0.4025424071144812,1
-0.39181531113507617,1
-0.3806108179511227,1
-0.36941346250077345,1
-0.35967662556655,1
-0.34849347071113357,1
-0.3382863501557267,1
-0.32808632993265974,1
-0.3169244988331741,1
-0.30576981330582953,1
-0.29462227466461854,1
-0.2834818842228515,1
-0.27283298649362564,1
-0.2617068700574521,1
-0.25058790574777845,1
-0.23996037470200804,1
-0.22885569222202662,1
-0.21775816578920626,1
-0.20666779671228142,1
-0.19703720329758312,1
-0.18596107370035497,1
-0.1748921053536776,1
-0.16383029956310224,1
-0.15277565763329903,1
-0.14221228585915924,1
-0.13407674961163707,1
-0.12304342211120911,1
-0.11201726362281761,1
-0.10148238443352398,1
-0.09773366126177052,1
-0.08769722443193473,1
-0.07669927910052365,1
-0.06570850912328297,1
-0.05472491579797634,1
-0.0437485004216569,1
-0.03277926429049671,1
-0.02181720869992887,1
-0.010862334944931717,1
8.535568071010857e-05,0
0.011025861883410926,0
0.02195918237038086,0
0.03288531584999532,0
0.03605804219779429,0
0.04648597607072702,0
0.05739099145813498,0
0.06828881482545057,0
0.07917944488463036,0
0.09006288034788668,0
0.10093911992822768,0
0.11132405992404415,0
0.12121773147222825,0
0.13207245533243395,0
0.14098360383709974,0
0.15182403064648042,0
0.16265725392776176,0
0.17348327239915307,0
0.18430208477940369,0
0.19511368978814403,0
0.20543411264387146,0
0.21623132567415837,0
0.22702132750481496,0
0.23780411685825698,0
0.24712799676723307,0
0.2578964372357575,0
0.26865766142501,0
0.2794116680603622,0
0.29015845586778255,0
0.30089802357426265,0
0.3116303699072489,0
0.3218717500868422,0
0.33258967654771254,0
0.3433003778309285,0
0.354003852666807,0
0.3647000997867167,0
0.3753891179222535,0
1.802451734388086,0
1.8130326031123332,0
1.823606215160595,0
1.834172569271061,0
1.8447316641829161,0
1.8552834986360267,0
1.8300882012656814,0
1.8406282986912288,0
1.8511611324415753,0
1.8616867012594867,0
1.8722050038883538,0
1.8827160390723066,0
1.8932198055561287,0
1.9037163020853995,0
1.9137693049866868,0
1.924251291798413,0
1.9347260049034958,0
1.9451934430505844,0
1.955653604988811,0
1.966106489468359,0
1.9765520952396685,0
1.9869904210544007,0
1.9974214656646438,0
2.007845227823168,0
2.0182617062839086,0
2.028670899801142,0
2.0390728071299122,0
2.0494674270262294,0
2.0598547582465585,0
2.070234799548331,0
2.0801718557952427,0
2.090101672232038,0
2.100024247631154,0
2.110375219056351,0
2.119412035126402,0
2.129748515341788,0
2.1400776970014874,0
2.1499640302855028,0
2.1602786452160956,0
2.170585957889699,0
2.180885967071646,0
2.191178671527922,0
2.200593267258938,0
2.21087142681111,0
2.2198361618781632,0
2.2300998057727384,0
2.240356138817731,0
2.250605159783788,0
2.2608468674422397,0
2.2710812605651256,0
2.2813083379253953,0
2.291528098296453,0
2.30174054045267,0
2.3119456631692685,0
2.321708403643072,0
2.3318989180018264,0
2.3420821092571202,0
2.352257976187076,0
2.362426517570441,0
2.3725877321866164,0
2.382741618816027,0
2.3928881762394667,0
2.4025925997984245,0
2.4127245294016575,0
2.4228491261531815,0
2.4325316725457924,0
2.442641634210162,0
2.4523095960137766,0
2.4624049177575102,0
2.4724929005903675,0
2.479965852128288,0
2.4900393592240846,0
2.5001055238149092,0
2.4430568418363805,0
2.452676631054686,0
2.4627260503242496,0
2.472768123308782,0
2.482802848800816,0
2.4928302255938775,0
2.5028502524819487,0
2.5128629282600627,0
2.522868251723878,0
2.5328662216696785,0
2.5428568368948845,0
2.5528400961970874,0
2.562815998375129,0
2.5727845422283337,0
2.582745726556908,0
2.59269955016174,0
2.602646011844314,0
2.6125851104071387,0
2.6225168446535463,0
2.632441213387125,0
2.6423582154127416,0
2.651831572858697,0
2.6617338719650263,0
2.6711925765778517,0
2.6797715034403495,0
2.67612173662107,0
2.6838122238346216,0
2.684941710353371,0
2.692179597265209,0
2.689351490223771,0
2.6895698526388685,0
2.6976584953703764,0
2.691281318933534,0
2.698038934048384,0
2.692503360488786,0
2.6908983874147907,0
2.6958714653599714,0
2.6678183487844933,0
2.64804495013405,0
2.645015621091943,0
2.6512607624573548,0
2.658825348079148,0
2.6597438120815013,0
2.659763902208084,0
2.6606570283971394,0
2.665972742004982,0
2.673941121405278,0
2.6641502878366623,0
2.660994180493617,0
2.669382995787572,0
2.677319892755378,0
2.6612171749320055,0
2.665127507024721,0
2.639570266364558,0
2.6385323427275864,0
2.6441910286130224,0
2.647156742637492,0
2.6550365396391555,0
2.661118459003717,0
2.668983330794191,0
2.6763930789966253,0
2.6519631996663406,0
2.656660647939617,0
2.6591033266148543,0
2.659287900914933,0
2.61303811658658,0
2.6217470047022573,0
2.3797048806034695,0
2.302971241318801,0
2.2228839894766566,0
2.2310961626216965,0
2.2406999360852637,0
2.250296296453115,0
2.2598852425673215,0
2.2694667732706932,0
2.279040887406751,0
2.0932980072308567,0
2.069259433230485,0
1.966530626992892,0
1.9760961052939763,0
1.9856541672262438,0
1.9952048116372225,0
2.004748037374952,0
2.014283843288297,0
2.023812228226916,0
2.0333331910412085,0
2.0428467305823688,0
2.0523528457023588,0
2.0618515352540783,0
2.0713427980906545,0
2.0808266330664935,0
2.090303039036712,0
2.099294674838717,0
2.1087562477683264,0
2.1182103882703416,0
2.1276570952027214,0
2.137096367424192,0
2.146050989701223,0
2.1554754175237463,0
2.1648924072248974,0
2.174301957666671,0
2.1837040677115738,0
2.192621648243602,0
2.2020089025691334,0
2.211388713098927,0
2.2202840600015463,0
2.2282179403001123,0
2.237575526685447,0
2.2469256647763416,0
2.256268353441442,0
2.265603591550274,0
2.274931377973246,0
2.2832979277525283,0
2.2926108645286263,0
2.3000088125076275,0
2.250527115788003,0
2.2598212954735573,0
2.267671466601854,0
2.276950815385163,0
2.286222704594479,0
2.295487133106974,0
2.3047440998003594,0
2.3135148622898782,0
2.3227569303284383,0
2.3315128323838223,0
2.340739997320128,0
2.3494810345223414,0
2.3577359792342065,0
2.3664621714168277,0
2.3756595736066686,0
2.3848495039640625,0
2.3940319613744805,0
2.40320694472436,0
2.412374452900792,0
2.420577472179133,0
2.4297300835421254,0
2.423076985059737,0
2.416880054949104,0
2.425532597178943,0
2.434657161873247,0
2.4437742442067076,0
2.452883843072442,0
2.4610271843353075,0
2.4701218696523313,0
2.479209068203062,0
2.488288778883856,0
2.4968817030786568,0
2.5059464630945456,0
2.515003731942528,0
2.5240535085220017,0
2.533095791733359,0
2.5421305804773624,0
2.5506787302499276,0
2.5596985551974285,0
2.568710882393731,0
2.5777157107430355,0
2.586713039150027,0
2.5957028665203836,0
2.6046851917603817,0
2.613181053241476,0
2.62214839943303,0
2.631108240226581,0
2.640060574531873,0
2.649005401259018,0
2.657942719319152,0
2.666872527624065,0
2.675316047808451,0
2.6842308618889774,0
2.693138162963038,0
2.7020379499456055,0
2.706621518268207,0
2.715506530950904,0
2.72438402636854,0
2.733254003439015,0
2.7411590200363776,0
2.750014014355571,0
2.7583827992156955,0
2.7672227779204093,0
2.7746192426410516,0
2.7815294901591017,0
2.790347094838012,0
2.7991571726279005,0
2.807959722453944,0
2.816754743241802,0
2.8255422339182985,0
2.832886460428824,0
2.841658973656422,0
2.849945400462019,0
2.858702874693307,0
2.8674528134923207,0
2.8747597161627994,0
2.8830161629924476,0
2.8917436039057804,0
2.9004635051510093,0
2.908697431386969,0
2.9140529803143806,0
2.9213149122177526,0
2.9290478863553346,0
2.9377304468828527,0
2.9464054614718975,0
2.955072929061515,0
2.9637328485918317,0
3.130785136844395,0
3.138947335441742,0
3.14757493126163,0
3.156194971993642,0
3.1648074565822526,0
3.17341238397222,0
3.1777540468416987,0
3.18634412243739,0
3.1949266377492336,0
3.20350159172537,0
3.2120689833145946,0
3.220628811466895,0
3.2287083140490154,0
3.237253041747948,0
3.2457902028720866,0
3.254319796374432,0
3.2628418212084966,0
3.271356276329044,0
3.279863160691008,0
3.2883624732507712,0
3.2968542129649734,0
3.305338378791248,0
3.3133424882132942,0
3.321811532789127,0
3.329800561741962,0
3.3382544809383035,0
3.3467008210634503,0
3.3551395810796407,0
3.3635707599503064,0
3.371994356639277,0
3.3799380931299083,0
3.387874288323445,0
3.396275191695622,0
3.4046685087664343,0
3.4130542385037472,0
3.4214323798765065,0
3.4298029318539704,0
3.4381658934065342,0
3.446521263505332,0
3.454869041122265,0
3.463209225229889,0
3.4682375897299096,0
3.4751465378063813,0
3.4834642331957753,0
3.4908301980933913,0
3.499132757004162,0
3.5069556847319348,0
3.5152430733200504,0
3.5235228603166604,0
3.529907110974193,0
3.5376998161836184,0
3.539819893229918,0
3.546653251877615,0
3.5530067985275195,0
3.5612417006675514,0
3.569468994298404,0
3.5767443363598943,0
3.5849564696082155,0
3.5931609913224634,0
3.6013579004902283,0
3.6095471961002374,0
3.6177288771417864,0
3.725128706062918,0
3.7332888011817715,0
3.7414412769737453,0
3.7495861324319435,0
3.757723366549669,0
3.7658529783213623,0
3.7735066197229514,0
3.7816210141751014,0
3.789727783277243,0
3.7978269260272555,0
3.805918441423387,0
3.8140023284648805,0
3.822078586151548,0
3.8301472134843664,0
3.8377400892127866,0
3.8457934832921694,0
3.8538392440328266,0
3.8618773704389184,0
3.8699078615153155,0
3.8774627317818897,0
3.885477979703353,0
3.8934855893222675,0
3.9014855596468294,0
3.909477889685661,0
3.917462578448351,0
3.9254396249453976,0
3.9334090281878957,0
3.940435256739704,0
3.9474538959459835,0
3.9544649448421296,0
3.9624039485602793,0
3.969867569946331,0
3.9777913069746376,0
3.985707393906182,0
3.6712932756825296,0
3.67921440316411,0
3.687127883279203,0
3.695033715047316,0
3.7029318974882415,0
3.7108224296229366,0
3.718705310472984,0
3.7265805390609614,0
3.7344481144102133,0
3.7413505831481473,0
3.747766691553835,0
3.7556114475092386,0
3.7634485463698013,0
3.771277987162847,0
3.7790997689164385,0
3.786913890659605,0
3.7947203514219154,0
3.802519150233991,0
3.8103102861270486,0
3.817136724119507,0
3.8249125898814498,0
3.832680789840424,0
3.839962868906582,0
3.8477157636912693,0
3.8554609897877583,0
3.863198546232951,0
3.870928432064659,0
3.878650646321546,0
3.8863651880428733,0
3.894072056268982,0
3.9017712500408663,0
3.908984561805113,0
3.916668433197003,0
3.9243446272712106,0
3.9320131430719982,0
3.9396739796445104,0
3.946849059800428,0
3.9544945644973666,0
3.9621323871144796,0
3.9697625267003502,0
3.977384982304045,0
3.9849997529754546,0
3.99260683776518,0
3.999728349019989,0
4.006364324040106,0
4.013948434018118,0
4.021524854351384,0
4.028615765170429,0
4.036176832907444,0
4.043252431554009,0
4.0503203791111275,0
4.0569029068321925,0
4.063955562228983,0
4.07052280475699,0
4.077560164324012,0
4.085067601634222,0
4.092567339960993,0
4.10005937836732,0
4.107543715917018,0
4.115020351674588,0
4.122489284705495,0
4.129950514075887,0
4.137404038852765,0
4.144849858103953,0
4.152287970898129,0
4.159718376304596,0
4.166663665788093,0
4.174078683302469,0
4.18053124373688,0
4.187453530385625,0
4.19484550369998,0
4.2017524376991275,0
4.208651700455107,0
4.2155432910627155,0
4.222427208618484,0
4.229303452219199,0
4.2361720209623,0
4.243032913946507,0
4.249886130271051,0
4.255777172338156,0
4.2630923023344,0
4.269922496216481,0
4.277222210988782,0
4.284037030533938,0
4.291321326450884,0
4.2981207680567195,0
4.505700602509592,0
4.512948957413698,0
4.519719640996129,0
4.525542734882691,0
4.532768013997696,0
4.5381057994835885,0
4.543905827541948,0
4.551108114959533,0
4.558302665073455,0
4.565489476978058,0
4.567498959131427,0
4.574200596822635,0
4.5804245023429075,0
4.587580782648985,0
4.594729320345323,0
4.601400153938613,0
4.608533234457951,0
4.615658569676441,0
4.622306273518376,0
4.629416146207518,0
4.636518270912092,0
4.643612646736358,0
4.650699272785545,0
4.65777814816559,0
4.664849271983286,0
4.67191264334636,0
4.678968261363025,0
4.686016125142714,0
4.69305623379563,0
4.700088586432457,0
4.7071131821649885,0
4.71413002010604,0
4.721139099368656,0
4.728140419067273,0
4.735133978316867,0
4.742119776233238,0
4.749097811933211,0
4.756068084534178,0
4.763030593154554,0
4.76998533691355,0
4.776932314931031,0
4.7838715263279425,0
4.790802970225883,0
4.797726645747417,0
4.804642552015821,0
4.8115506881551084,0
4.818451053290261,0
4.8253436465471395,0
4.832228467052374,0
4.838636569401814,0
4.845505872804154,0
4.852367400847868,0
4.859221152662684,0
4.866067127379495,0
4.8729053241298175,0
4.879735742046137,0
4.886558380261533,0
4.893373237910225,0
4.895492732663996,0
4.902292337381283,0
4.908146563960742,0
4.913524237531902,0
4.919831834335241,0
4.926600488144885,0
4.929141849311463,0
4.93589520918934,0
4.942640780948011,0
4.9479720366912545,0
4.954702122969167,0
4.960955604573201,0
4.9676701397876855,0
4.97297052567103,0
4.97966956870232,0
4.9863608176852665,0
4.993044271768127,0
4.999251235116702,0
5.004981749490952,0
5.011641907278147,0
5.017356945104893,0
5.023532912744685,0
5.010472238451172,0
5.017102599983559,0
5.023725160222426,0
5.0303399183234205,0
5.036946873443014,0
5.043546024738276,0
5.050137371367271,0
5.056251776775866,0
5.061889282654704,0
5.066111512125303,0
5.071264295707664,0
5.077816949384413,0
5.083892626683138,0
5.0852680781079584,0
5.088512158700809,0
5.095034161394864,0
5.096384399864803,0
5.102891119000134,0
5.109390023766167,0
5.114003176536158,0
5.118608490450185,0
5.124614664140296,0
5.131082583840595,0
5.137542685097799,0
5.141647517322355,0
5.148092135219628,0
5.154528932236531,0
5.16095790754855,0
5.167379060332166,0
5.173323004795378,0
5.1797285412907,0
5.1861262527998235,0
5.191577504907912,0
5.19795962650025,0
5.20433392066451,0
5.210231138013,0
5.214712766494699,0
5.221063729889238,0
5.227406862630488,0
5.233742163904282,0
5.240069632896706,0
5.245920122728535,0
5.252231956039765,0
5.258535954642213,0
5.264832117725774,0
5.192082600438141,0
5.198368329238377,0
5.2046462214758265,0
5.2099726325907625,0
5.215763094901348,0
5.222017565764844,0
5.228264196866945,0
5.234502987403886,0
5.24073393657298,0
5.246485365332461,0
5.2527006604492215,0
5.257964828381006,0
5.264164497376555,0
5.270356321027236,0
5.276540298535025,0
5.282716429103118,0
5.288884711935367,0
5.295045146236333,0
5.300726281713935,0
5.306399612266546,0
5.312536558539932,0
5.318665653125947,0
5.2874967545053835,0
5.293612601102353,0
5.299720594295991,0
5.305820733297935,0
5.311913017320194,0
5.317997445575685,0
5.324074017278463,0
5.330142731643008,0
5.336203587884995,0
5.3422565852208095,0
5.348301722867831,0
5.3543390000438364,0
5.36036841596794,0
5.366389969859739,0
5.37240366094008,0
5.378409488430293,0
5.384407451552676,0
5.390397549530462,0
5.396379781587598,0
5.402354146948824,0
5.4083206448398755,0
5.41427927448737,0
5.420230035118578,0
5.426172925961822,0
5.4321079462461626,0
5.4380350952014,0
5.443954372058329,0
5.449865776048654,0
5.4557693064048465,0
5.461664962360146,0
5.467552743148815,0
5.473432648005456,0
5.479304676166294,0
5.485168826867977,0
5.491025099347979,0
5.49687349284477,0
5.502714006597358,0
5.508546639846088,0
5.514371391831872,0
5.52018826179625,0
5.525997248982009,0
5.531798352632762,0
5.537591571992635,0
5.543376906306889,0
5.549154354821411,0
5.554923916783366,0
5.560685591440176,0
5.566439378040769,0
5.5721852758343005,0
5.57792328407109,0
5.583653402002369,0
5.589375628879907,0
5.5950899639566956,0
5.600796406486381,0
5.606494955723292,0
5.612185610923149,0
5.617868371342013,0
5.623543236236941,0
5.629210204865899,0
5.634869276487791,0
5.640520450361976,0
5.646163725749062,0
5.649445066366695,0
5.655072700278907,0
5.660692433531921,0
5.666304265389471,0
5.671908195116316,0
5.677504221978097,0
5.683092345241221,0
5.688672564173004,0
5.694244878041616,0
5.699809286116107,0
5.705365787666153,0
5.710914381962709,0
5.716455068277071,0
5.721987845881927,0
5.727512714050249,0
5.733029672056489,0
5.738538719175352,0
5.74403985468274,0
5.749533077855574,0
5.75501838797112,0
5.75579274061721,0
5.761262539387758,0
5.766724423021088,0
5.772178390797933,0
5.777624442000416,0
5.863686694892408,0
5.86864419185892,0
5.874061035229488,0
5.8757319724215336,0
5.881133229915093,0
5.886526565214467,0
5.891911977607521,0
5.897289466383199,0
5.902659030831245,0
5.908020670242223,0
5.913374383907552,0
5.918720171119588,0
5.924058031171455,0
5.929387963356987,0
5.934709966971383,0
5.94002404131021,0
5.945330185670144,0
5.95062839934846,0
5.955918681643652,0
5.961201031854699,0
5.966475449281717,0
5.971741933225587,0
5.977000482988103,0
5.982251097871739,0
5.9874937771800205,0
5.992728520217298,0
5.997955326288604,0
6.00317419470008,0
6.008385124758547,0
6.013588115771853,0
6.0187831670484115,0
6.0239702778979165,0
6.02914944763063,0
6.034320675557581,0
6.039483960991106,0
6.044639303243883,0
6.049786701629785,0
6.054926155463221,0
6.060057664060025,0
6.065181226736257,0
6.07029684280937,0
6.075404511597185,0
6.080504232418889,0
6.085596004593924,0
6.090679827443353,0
6.095755700288549,0
6.100823622451799,0
6.105883593256294,0
6.1109356120263385,0
6.115979678086774,0
6.121015790763295,0
6.1260439493827334,0
6.131064153272661,0
6.1360764017615,0
6.141080694178498,0
6.146077029853814,0
6.151065408118228,0
6.156045828303945,0
6.161018289743396,0
6.1659827917704035,0
6.170939333719247,0
6.245508943095416,0
6.250444663974065,0
6.254446846190092,0
6.259366705504647,0
6.263815852089465,0
6.268719814429517,0
6.2731531109870105,0
6.277578489282547,0
6.281995948675927,0
6.286405488529056,0
6.2908071082040635,0
6.2952008070641625,0
6.299586584473445,0
6.301188523717542,0
6.3055585490872375,0
6.310383316417813,0
6.315200111440504,0
6.320008933505818,0
6.324809781964575,0
6.329602656168788,0
6.3343875554711815,0
6.3391644792255875,0
6.162730152093616,0
6.167503798207662,0
6.17226946996081,0
6.177027166709365,0
6.181307795656124,0
6.1860495727326565,0
6.19031432779488,0
6.195040182666958,0
6.199289061341375,0
6.203998991483331,0
6.208231991273038,0
6.212925994166369,0
6.217143112581624,0
6.221352296796056,0
6.226022420272955,0
6.230684561140919,0
6.23533871876765,0
6.239047320925522,0
6.242279183355322,0
6.2469095492917575,0
6.251531929507763,0
6.256146323375589,0
6.259815307385793,0
6.264413791456832,0
6.269004287317699,0
6.27171212725014,0
6.274880687497074,0
6.2771037754191354,0
6.281662701220682,0
6.286213635796827,0
6.2907565785273505,0
6.295291528793342,0
6.299349862256776,0
6.303868858186462,0
6.308379859807417,0
6.312414322622942,0
6.3169093662499165,0
6.321396413732003,0
6.325875464455805,0
6.330346517809289,0
6.334809573181076,0
6.338796263482038,0
6.3432433535769235,0
6.347682443869672,0
6.352113533752345,0
6.356536622617909,0
6.360483488499767,0
6.3648906060694515,0
6.369289720814606,0
6.373680832131754,0
6.378063939418126,0
6.381970966014933,0
6.38633809603013,0
6.390697220220034,0
6.3950483379857985,0
6.399391448728949,0
6.403258621283726,0
6.407585748823834,0
6.411436984697588,0
6.415748126682928,0
6.42005125868377,0
6.424346380107011,0
6.4286334903608235,0
6.432444851733635,0
6.436715970561664,0
6.440979076457012,0
6.445234168831064,0
6.448545981691183,0
6.452785110692901,0
6.457016224428571,0
6.461239322313276,0
6.465454403762607,0
6.601718476277739,0
6.605445680797118,0
6.609164913815903,0
6.612876174771941,0
6.615192091849195,0
6.61611233114499,0
6.619337247487749,0
6.623016771587686,0
6.626688320870159,0
6.6303518947786415,0
6.634007492757178,0
6.636730085821398,0
6.640832268995865,0
6.644463951571993,0
6.648550114280539,0
6.65262824925091,0
6.655773555070283,0
6.659835699531328,0
6.663889814565664,0
6.667473572810707,0
6.6705870209536045,0
6.674154831504836,0
6.677714659518614,0
6.6812665044497805,0
6.684810365754544,0
6.688808492732733,0
6.692336369383071,0
6.695856260776935,0
6.699368166374285,0
6.703334254729697,0
6.7059058470972275,0
6.709855962997295,0
6.713335920023923,0
6.716807888565711,0
6.720271868088162,0
6.723727858057316,0
6.727175857939244,0
6.731077909825359,0
6.734509912109843,0
6.737933922708891,0
6.741349941092949,0
6.744757966732948,0
6.746772055845383,0
6.748778087409477,0
6.752624246738208,0
6.756000375406217,0
6.759830479350711,0
6.7636525380429475,0
6.767466550942089,0
6.771272517507782,0
6.775070437201123,0
6.778860309483662,0
6.782642133817944,0
6.786415909667568,0
6.790181636496754,0
6.793477645065252,0
6.797227305836373,0
6.800968915993195,0
6.804702475003523,0
6.808427982336269,0
6.812145437460771,0
6.815854839847731,0
6.819556188968448,0
6.822788066816003,0
6.82647334146921,0
6.829689193419597,0
6.833358391530879,0
6.837019533761719,0
6.840672619588759,0
6.842933842809487,0
6.846109645067202,0
6.849738693335524,0
6.853359683146806,0
6.856972613982123,0
6.860116332178933,0
6.863713177232,0
6.867301961765435,0
6.87088268526378,0
6.874455347212489,0
6.878019947098011,0
6.881115516005394,0
6.884203071646482,0
6.886821659520933,0
6.88943224754621,0
6.892956732165942,0
6.8964731517060045,0
6.899981505658957,0
6.903481793518125,0
6.906052388251538,0
6.909536610046274,0
6.912091202093336,0
6.915559355863479,0
6.918558701044191,0
6.922010750993479,0
6.925454731366813,0
6.927969311547486,0
6.931397219002434,0
6.9343564314674495,0
6.86801544532878,0
6.871424269581837,0
6.87482502248281,0
6.878217703537388,0
6.881602312252056,0
6.8840525903863465,0
6.887421120283335,0
6.89078157638059,0
6.894133958188405,0
6.897478265217472,0
6.900814496979677,0
6.904142652987616,0
6.907462732754681,0
6.9107747357954,0
6.914078661625155,0
6.917374509760037,0
6.9206622797171065,0
6.923941971014585,0
6.927213583170925,0
6.930477115705969,0
6.933732568140499,0
6.93697993999595,0
6.940219230794696,0
6.943450440060076,0
6.946673567316196,0
6.948501116649851,0
6.950783161613714,0
6.9539822091431915,0
6.95717317280841,0
6.9237688681674,0
6.926946331586606,0
6.927796662621773,0
6.930958124916856,0
6.934111501662727,0
6.937256792392105,0
6.9399302685884265,0
6.943059419643674,0
6.945716804938627,0
6.9474387737631105,0
6.95054379631992,0
6.953177081767478,0
6.956265960129883,0
6.958883150217815,0
6.961492299939806,0
6.962238963796665,0
6.964832095347049,0
6.967880791319658,0
6.970921395395294,0
6.973953907119039,0
6.976978326037397,0
6.97999465169741,0
6.9830028836470035,0
6.986003021435096,0
6.988068308406952,0
6.990588953261209,0
6.993564907513985,0
6.9965327658333365,0
6.999492527772702,0
6.998737666286843,0
7.001218143056889,0
7.002763825971641,0
7.00198417687875,0
7.004440653607219,0
7.007352540381163,0
7.00932945983314,0
7.011761788487519,0
7.014186066942756,0
7.016138882111818,0
7.018547074970485,0
7.0214105969276375,0
7.022875923559752,0
7.025723343188361,0
7.0285626600884825,0
7.031393873827568,0
7.033753719591942,0
7.036105511413126,0
7.038912481071094,0
7.040784931583403,0
7.0435757590937556,0
7.1317363068421855,0
7.13450460109209,0
7.137264787338609,0
7.140016865157548,0
7.142760834125738,0
7.145496693820746,0
7.148224443821107,0
7.150944083706236,0
7.153655613056486,0
7.156359031453064,0
7.159054338478057,0
7.161741533714519,0
7.163501711654078,0
7.166172750886943,0
7.168835677101015,0
7.171490489882984,0
7.173677847097423,0
7.176316466217287,0
7.178946970677629,0
7.181110103770976,0
7.1837244121445,0
7.185871399352351,0
7.188469510035787,0
7.191059504035053,0
7.193641380944513,0
7.196215140359726,0
7.198780781877218,0
7.201338305094083,0
7.203887709608608,0
7.206428995019735,0
7.208962160927683,0
7.211487206933242,0
7.214004132638252,0
7.216512937645035,0
7.218096054702073,0
7.220129910502095,0
7.222614454777016,0
7.224632152248148,0
7.227100486210787,0
7.229560697141039,0
7.232012784647651,0
7.234456748340534,0
7.2368925878303685,0
7.239320302728771,0
7.241739892648155,0
7.244151357202014,0
7.246554696004637,0
7.248949908671278,0
7.251336994817848,0
7.253257627152436,0
7.2551701836005975,0
7.257532957270257,0
7.259887602908606,0
7.262234120136128,0
7.264572508574361,0
7.266902767845551,0
7.26693411820753,0
7.269248291661853,0
7.271554334860042,0
7.273852247427925,0
7.276142028992467,0
7.2784236791812305,0
7.353290705825856,0
7.354640309993471,0
7.356892084229486,0
7.35913572441811,0
7.361371230191736,0
7.363598601183838,0
7.3658178370285725,0
7.368028937361117,0
7.370231901817704,0
7.372426730035272,0
7.374613421651503,0
7.376791976305384,0
7.378962393636414,0
7.381124673285143,0
7.38327881489306,0
7.3845154945258855,0
7.386653429237384,0
7.388783224853057,0
7.390904881017661,0
7.393018397377318,0
7.395123773578632,0
7.397221009269657,0
7.399310104098788,0
7.397755293029093,0
7.3998283865308565,0
7.401893338182134,0
7.403950147635015,0
7.405998814542727,0
7.408039338559433,0
7.409163020393862,0
7.2224721655842075,0
7.224502710709174,0
7.226525114736859,0
7.228077708992544,0
7.229622212631938,0
7.231620260555928,0
7.233610166034822,0
7.235591928730287,0
7.237565548304474,0
7.239531024420529,0
7.241026894719823,0
7.242976117576518,0
7.244917195978019,0
7.246388753508768,0
7.248313576686627,0
7.250230254420188,0
7.2516774962981,0
7.253577916859911,0
7.255470190996647,0
7.256893114361986,0
7.258769129394892,0
7.2606369970297635,0
7.262496716941513,0
7.264348288805991,0
7.266191712299957,0
7.268026987100967,0
7.269854112887458,0
7.271673089338975,0
7.273023006862928,0
7.27436482591105,0
7.27569854618406,0
7.277485026542735,0
7.278802531657448,0
7.2801119371002585,0
7.2818740334734855,0
7.283627978018359,0
7.28537377042241,0
7.286650724009775,0
7.288380246058352,0
7.289640980292205,0
7.290893612785453,0
7.292598744475299,0
7.294295722191606,0
7.295984545628215,0
7.297204717936495,0
7.298877266808859,0
7.3000812156564905,0
7.301737488780162,0
7.302925213011491,0
7.30410483290737,0
7.305276348187249,0
7.3064397585706615,0
7.308055389624371,0
7.309202572549793,0
7.310801923787636,0
7.311932878124082,0
7.313515948393956,0
7.314630673018712,0
7.316197461175875,0
7.317295954972565,0
7.31838634137236,0
7.319468620103407,0
7.321002875655381,0
7.322528971086598,0
7.323586891421428,0
7.324636703002682,0
7.3261383864598315,0
7.327631908668167,0
7.329117269344124,0
7.330594468204964,0
7.332063504968744,0
7.3330645738329,0
7.334517320658961,0
7.335961904555916,0
7.336938606874469,0
7.338366899198917,0
7.339327361476791,0
7.3407393611525436,0
7.342143196532476,0
7.343538867342772,0
7.344926373310898,0
7.346305714164657,0
7.3472174160802695,0
7.348580461072174,0
7.3494759187775855,0
7.350822666860552,0
7.352161248498788,0
7.353491663425956,0
7.35481391137634,0
7.356127992085504,0
7.357433905289554,0
7.3587316507257015,0
7.360021228131956,0
7.361302637247462,0
7.362575877811821,0
7.363840949566054,0
7.510595728099844,0
7.511833131481865,0
7.512609219182849,0
7.513830314088381,0
7.513230766094011,0
7.514435658859469,0
7.515632378654203,0
7.515914795616993,0
7.5161891095375495,0
7.514642838096648,0
7.515807221529002,0
7.5169634308168725,0
7.518111465713162,0
7.518345262235641,0
7.519477019258943,0
7.52060060117023,0
7.521716007726184,0
7.522823238684509,0
7.5239222938036505,0
7.525013172843103,0
7.5256430673084935,0
7.526717629343466,0
7.5277840145897414,0
7.528842222810454,0
7.52989225376939,0
7.530934107231587,0
7.53196778296271,0
7.532993280729329,0
7.534010600299183,0
7.535019741440749,0
7.536020703923356,0
7.537013487517129,0
7.537998091993444,0
7.538069779801816,0
7.5376809625274745,0
7.538641208149301,0
7.539593273784533,0
7.540537159208611,0
7.54147286419834,0
7.542400388531348,0
7.54286753319937,0
7.5433265505581915,0
7.54332525894165,0
7.544220202540458,0
7.544654836762675,0
7.545533452728563,0
7.546403886542606,0
7.546814100225305,0
7.547216185195282,0
7.548062143392997,0
7.5488999185984085,0
7.549729510599775,0
7.550550919186179,0
7.550460410259262,0
7.5512655235826,0
7.552062452879284,0
7.5528511979424025,0
7.5531800086675105,0
7.553952420770457,0
7.554716648031416,0
7.555021030482038,0
7.555768923594911,0
7.556508631265501,0
7.557240153293293,0
7.557511956070215,0
7.558227142386983,0
7.558482663146037,0
7.559181512987948,0
7.559872176211712,0
7.560103263602514,0
7.560777589212478,0
7.561443727628728,0
7.562101678658593,0
7.562751442110795,0
7.561136703998386,0
7.560867691890849,0
7.561493145187086,0
7.562110410199409,0
7.562268277539971,0
7.562869201685743,0
7.563461936996276,0
7.564046483287342,0
7.564622840375392,0
7.565191008077846,0
7.565750986213146,0
7.566302774600501,0
7.566846373060201,0
7.567381781413303,0
7.567908999481773,0
7.568428027088572,0
7.568938864057543,0
7.56944151021338,0
7.569935965381603,0
7.570422229388839,0
7.570900302062739,0
7.5713701832314655,0
7.571831872724459,0
7.5722853703717306,0
7.572730676004568,0
7.573167789454743,0
7.573596710555449,0
7.5740174391402775,0
7.574429975044012,0
7.5748343181024325,0
7.575230468152057,0
7.575618425030314,0
7.575998188575539,0
7.5763697586271235,0
7.5767331350252505,0
7.577088317610986,0
7.57743530622642,0
7.577774100714294,0
7.578104700918658,0
7.578427106684103,0
7.578741317856355,0
7.57904733428208,0
7.57934515580871,0
7.579634782284558,0
7.579916213559017,0
7.5801894494821624,0
7.580454489905321,0
7.580711334680359,0
7.580959983660193,0
7.581200436698907,0
7.58143269365101,0
7.5816567543723465,0
7.581872618719444,0
7.582080286549797,0
7.582279757721864,0
7.582471032094816,0
7.58220477725456,0
7.582379694250022,0
7.582546414037125,0
7.582704936478876,0
7.5828552614389935,0
7.58299738878236,0
7.583131318374711,0
7.5832570500825796,0
7.5833745837734625,0
7.583034898678903,0
7.583136072644692,0
7.583229048208693,0
7.583313825242243,0
7.506362650206626,0
7.505985291619311,0
7.505599789986434,0
7.50520614520056,0
7.5052563023034224,0
7.505298261387566,0
7.504880150240524,0
7.504905749460249,0
7.504471332899783,0
7.504480571799519,0
7.504481612090387,0
7.504474453654012,0
7.504459096373267,0
7.504435540131624,0
7.5044037848136895,0
7.504363830304811,0
7.504315676491302,0
7.504259323260584,0
7.504194770500561,0
7.503670584777154,0
7.503589669260123,0
7.503500553891058,0
7.503403238562015,0
7.503297723165389,0
7.5031840075949106,0
7.503062091745193,0
7.502931975511586,0
7.502342500311045,0
7.50219601969016,0
7.502041338384629,0
7.456680522691329,0
7.45334260018538,0
7.453167237647563,0
7.452530745047596,0
7.4523390184109815,0
7.452139091290832,0
7.451930963591479,0
7.451261833418357,0
7.451037340898097,0
7.4508046475245635,0
7.450563753205756,0
7.450314657850441,0
7.450057361368664,0
7.449791863671095,0
7.449518164669371,0
7.449236264276038,0
7.448946162404667,0
7.448647858969537,0
7.447888936858675,0
7.447574266743658,0
7.447251394821109,0
7.446920321008832,0
7.446581045225912,0
7.446233567392255,0
7.445877887428537,0
7.445514005256342,0
7.445141920798449,0
7.4447616339783735,0
7.444373144720544,0
7.443976452950153,0
7.443571558593561,0
7.443158461578008,0
7.442737161831417,0
7.442307659283017,0
7.4418699538624935,0
7.440068558238494,0
7.43645136441873,0
7.432373525838784,0
7.4319036711533215,0
7.43097361727709,0
7.430035415427142,0
7.429089065557179,0
7.428586508712073,0
7.428075748559024,0
7.423941327980401,0
7.423414455901366,0
7.421975478557698,0
7.421432273295949,0
7.420880864503488,0
7.419417497512086,0
7.418849755263722,0
7.418273809332732,0
7.417689659665598,0
7.505284485164708,0
7.503780462661382,0
7.503164514724006,0
7.50209230526599,0
7.50056389027813,0
7.499475400405885,0
7.498826779569583,0
7.4981699532255845,0
7.4975049213286695,0
7.4968316838344435,0
7.496150240699734,0
7.495012759319593,0
7.493867128170876,0
7.493161142344803,0
7.492446950728294,0
7.491724553282637,0
7.490993949969976,0
7.490255140753391,0
7.489508125596814,0
7.488752904465144,0
7.48798947732422,0
7.487217844140702,0
7.486438004882245,0
7.48564995951736,0
7.484853708015436,0
7.484049250347027,0
7.483236586483287,0
7.482415716396446,0
7.479797586146276,0
7.478960452936548,0
7.478115113454237,0
7.477261567675242,0
7.476399815576258,0
7.475529857134944,0
7.474651692329843,0
7.473765321140576,0
7.472870743547446,0
7.47196795953181,0
7.471056969075903,0
7.4701377721629285,0
7.4692103687768565,0
7.468274758902794,0
7.467330942526502,0
7.466378919634877,0
7.463631733320938,0
7.462663447200242,0
7.461686954558473,0
7.460702255386025,0
7.458816059640981,0
7.457815022350246,0
7.456805778519822,0
7.455788328143967,0
7.45476267121748,0
7.453728807736297,0
7.452686737697405,0
7.4516364610983885,0
7.442093719616736,0
7.44013434818649,0
7.438613552406622,0
7.516742496932693,0
7.515645313220432,0
7.51453992186282,0
7.5134263228642055,0
7.512304516229989,0
7.511174501966565,0
7.51003628008101,0
7.508889850581568,0
7.507735213477048,0
7.506572368777427,0
7.504958330364786,0
7.503779108328359,0
7.5025916787391225,0
7.501396041610661,0
7.499306471610055,0
7.4980944951385595,0
7.496874311187952,0
7.495645919775399,0
7.493081047805788,0
7.49183635513495,0
7.490583455080099,0
7.489322347662096,0
7.488053032902656,0
7.486332905364037,0
7.485047213893154,0
7.48375331515868,0
7.482008698861392,0
7.480698423598767,0
7.479379941158555,0
7.47805325156898,0
7.476718354859173,0
7.4753752510592335,0
7.47358163890874,0
7.238367950103623,0
7.229785997521532,0
7.2266213129129255,0
7.222091303406586,0
7.219814943041428,0
7.218435221115868,0
7.216594959670999,0
7.213389485765418,0
7.211985342081391,0
7.210572995657998,0
7.2091524465351995,0
7.207723694753895,0
7.206286740355779,0
7.203937228179882,0
7.202483943476608,0
7.2005703255187825,0
7.199100673330804,0
7.197622818770412,0
7.196136761884816,0
7.193738484553165,0
7.192236098043054,0
7.1902735471733195,0
7.188754793840559,0
7.187227838454305,0
7.180721100865412,0
7.179178153680738,0
7.177627004684041,0
7.176067653930517,0
7.174500101476639,0
7.17247246089849,0
7.170888542714124,0
7.169296423011389,0
7.167696101849998,0
7.16608757929086,0
7.164019137793872,0
7.162394250158798,0
7.160761161321517,0
7.159119871346405,0
7.157470380299145,0
7.155812688246101,0
7.154146795254519,0
7.1524727013924405,0
7.149887516388986,0
7.148197096173959,0
7.146047077288927,0
7.144340293457077,0
7.142625309131432,0
7.301712528496466,0
7.299523004604339,0
7.297325335293664,0
7.295119520659625,0
7.29201650499499,0
7.2902389566203,0
7.288008725975942,0
7.280435368422104,0
7.276410233037041,0
7.274600598657742,0
7.267890227315291,0
7.241124230289074,0
7.225462232410507,0
7.223623517901842,0
7.221776602411865,0
7.219921486028312,0
7.218058168839974,0
7.2157404028722,0
7.21386072235785,0
7.211972841317504,0
7.210076759843645,0
7.208172478029411,0
7.206259995969049,0
7.203447217883536,0
7.201518411725857,0
7.1995814056244,0
7.196298258088348,0
7.185868149070984,0
7.183907381244154,0
7.181938414025268,0
7.168800101591671,0
7.166815687484814,0
7.164823074469382,0
7.1628222626495415,0
7.1581337497052,0
7.154776879271992,0
7.149178255685911,0
7.147145297110569,0
7.143763975337464,0
7.135011952297987,0
7.132955085118027,0
7.130890020246994,0
7.128816757797381,0
7.12673529788205,0
7.124198829040864,0
7.122101012646937,0
7.056368290514115,0
7.054259482268748,0
7.05214247815627,0
7.050017278295201,0
7.047883882804882,0
7.045742291805595,0
7.043592505418417,0
7.041434523765446,0
7.039268346969891,0
7.037093975155358,0
7.034911408446959,0
6.999894505970417,0
6.9954464891104635,0
6.990990188739488,0
6.986976121313916,0
6.982503310248944,0
6.979824540748382,0
6.975785977399539,0
6.973541545513655,0
6.971288920596095,0
6.969028102780726,0
6.966759092202096,0
6.96448188899592,0
6.962196493298592,0
6.959902905247674,0
6.957601124981323,0
6.955291152638921,0
6.952972988360671,0
6.950646632287572,0
6.948312084561451,0
6.945969345325352,0
6.943618414723119,0
6.941259292899474,0
6.938891979999909,0
6.936516476170965,0
6.93413278156018,0
6.9317408963160005,0
6.929340820587413,0
6.92693255452491,0
6.924516098279469,0
6.922091452003144,0
6.919658615848874,0
6.91721758997042,0
6.914768374522595,0
6.912310969660979,0
6.909845375542261,0
6.907371592323841,0
6.904889620164141,0
6.902399459222551,0
6.899901109659169,0
6.897394571635232,0
6.894879845312687,0
6.892356930854646,0
6.889825828424762,0
6.887286538188022,0
6.884739060310039,0
6.882183394957309,0
6.879619542297519,0
6.877047502499096,0
6.874467275731291,0
6.871878862164351,0
6.95646053450173,0
6.95340305490916,0
6.950782630933901,0
6.948154019479517,0
6.9455172207212,0
6.9428722348350504,0
6.940219061998135,0
6.937112709968915,0
6.9339982296302765,0
6.931320574126204,0
6.928634732402372,0
6.925940704640539,0
6.923238491023,0
6.92052809173336,0
6.917809506955763,0
6.9150827368754335,0
6.912347781678591,0
6.909604641552278,0
6.906853316684419,0
6.904093807263735,0
6.901326113480138,0
6.8985502355244535,0
6.8953217224961065,0
6.892529515424343,0
6.889729124764841,0
6.886476196765386,0
6.883659478186786,0
6.880834576613154,0
6.878001492241481,0
6.875160225269724,0
6.87231077589675,0
6.869453144322563,0
6.668004557912411,0
6.663790307661401,0
6.660925301660228,0
6.658052117438416,0
6.655170755199521,0
6.645947009394291,0
6.6430498278662355,0
6.6401444690391145,0
6.637230933120037,0
6.63430922031705,0
6.628212180948509,0
6.623464321153165,0
6.618255689616461,0
6.61484930415395,0
6.6114348007500325,0
6.608012179637001,0
6.604581441048026,0
6.601595087936403,0
6.598600559999625,0
6.5955978574548055,0
6.592134592888044,0
6.58911558015879,0
6.586088393485397,0
6.583053033088447,0
6.580009499189629,0
6.576957792011427,0
6.573897911777237,0
6.570829858711335,0
6.567301533725782,0
6.564217174107512,0
6.537593424518207,0
6.531776518973544,0
6.527763731285546,0
6.524648990460577,0
6.52152607884517,0
6.51386430881783,0
6.5107254405261585,0
6.5075784022146195,0
6.504423194117493,0
6.501259816469741,0
6.498088269507434,0
6.484486096059641,0
6.481299095500134,0
6.4781039265082825,0
6.474900589323539,0
6.471689084186522,0
6.448965361095986,0
6.445739174268283,0
6.442050898434985,0
6.438354513898531,0
6.435103903983304,0
6.647506060295768,0
6.644220542175987,0
6.627578046366068,0
6.623386910590767,0
6.6200781319822966,0
6.616761185249828,0
6.61343607064552,0
6.610102788422523,0
6.606761338834929,0
6.603411722137736,0
6.59960895898098,0
6.596243047804762,0
6.592868970295996,0
6.58948672671346,0
6.58609631731656,0
6.582697742365696,0
6.579291002122176,0
6.575431371270582,0
6.569784623632216,0
6.565908862163269,0
6.5620249956288035,0
6.558577745168748,0
6.555122331058442,0
6.551658753565562,0
6.54818701295855,0
6.544707109506902,0
6.5412190434809645,0
6.537722815152165,0
6.531551456211133,0
6.527150075788313,0
6.523629674920329,0
6.520101112898942,0
6.4791652002484454,0
6.475623598529552,0
6.472073837071662,0
6.468515916153024,0
6.464949836052909,0
6.4613755970515,0
6.457793199429773,0
6.454202643469927,0
6.450603929454644,0
6.446997057667829,0
6.443382028394211,0
6.439758841919314,0
6.436127498529743,0
6.432042473040838,0
6.42839485580447,0
6.424739082525264,0
6.42107515349349,0
6.41740306900013,0
6.4137228293372175,0
6.410034434797609,0
6.4063378856751285,0
6.40263318226431,0
6.398920324860825,0
6.395199313761168,0
6.391470149262744,0
6.387732831663897,0
6.383987361263706,0
6.380233738362421,0
6.376471963261054,0
6.3727020362616145,0
6.368923957666709,0
6.365137727780279,0
6.361343346906892,0
6.357540815352138,0
6.353730133422431,0
6.349911301425266,0
6.346084319668705,0
6.342249188462148,0
6.338405908115504,0
6.33455447893985,0
6.330694901247199,0
6.326827175350246,0
6.322951301562597,0
6.319067280199107,0
6.315175111575087,0
6.311274796007012,0
6.307366333812297,0
6.303449725309179,0
6.2995249708166625,0
6.295592070654891,0
6.291651025144915,0
6.2877018346083275,0
6.283744499368083,0
6.279779019747906,0
6.275805396072286,0
6.271823628666596,0
6.2678337178574,0
6.263835663971946,0
6.259829467338307,0
6.25581512828569,0
6.251792647144157,0
6.247762024244537,0
6.243723259918681,0
6.239676354499238,0
6.235621308319907,0
6.231558121715153,0
6.227486795020411,0
6.223407328571994,0
6.219319722707269,0
6.215223977764339,0
6.211120094082162,0
6.20700807200069,0
6.202887911860955,0
6.198759614004501,0
6.194623178774123,0
6.190478606513352,0
6.186325897566661,0
6.182165052279373,0
6.177553083668727,0
6.17337600630708,0
6.1691907936532004,0
6.164997446056191,0
6.160795963865894,0
6.02064783401363,0
6.016442121402719,0
6.012228277375897,0
6.00800630228602,0
6.003776196486825,0
5.999537960333072,0
5.995291594180287,0
5.990140407033806,0
5.968378689521728,0
5.964109549869022,0
5.956239757574821,0
5.951954676670056,0
5.944068354656878,0
5.939767334116539,0
5.935458186858682,0
5.93114091324702,0
5.9268155136458915,0
5.922481988420941,0
5.918140337938212,0
5.9137905625649125,0
5.909432662669218,0
5.905066638620099,0
5.900692490787435,0
5.896310219542073,0
5.8919198252558544,0
5.887521308301103,0
5.883114669051366,0
5.87869990788127,0
5.8742770251660374,0
5.869846021281859,0
5.865406896605805,0
5.860959651515884,0
5.825967189870482,0
5.821506390083272,0
5.817037471505046,0
5.812560434517394,0
5.808075279502589,0
5.8035820068440955,0
5.7990806169258065,0
5.7945711101330915,0
5.790053486851775,0
5.785527747468848,0
5.780993892372038,0
5.776451921949956,0
5.7719018365923205,0
5.767343636689532,0
5.762328142808798,0
5.7577537545468545,0
5.753171252923863,0
5.747682458808185,0
5.743083810798481,0
5.738028011392714,0
5.733413179044902,0
5.728790235336675,0
5.718321477693081,0
5.713682827322344,0
5.709036066881936,0
5.704381196773255,0
5.699269188130501,0
5.6919038006885785,0
5.687224881416,0
5.682537854138815,0
5.677842719262685,0
5.673139477194155,0
5.668428128340935,0
5.663708673111358,0
5.658981111914812,0
5.654245445161592,0
5.64950167326262,0
5.644301069934357,0
5.639541128681003,0
5.6347730835278185,0
5.6299969348895615,0
5.624315490154913,0
5.619523215248222,0
5.614722838120116,0
5.609914359188934,0
5.605097778873954,0
5.600273097595391,0
5.658917221055248,0
5.654070683961805,0
5.649216046176122,0
5.644353308122248,0
5.639482470224976,0
5.634603532910205,0
5.629716496604544,0
5.6248213617356555,0
5.61991812873211,0
5.6150067980230745,0
5.61008737003894,0
5.605159845210892,0
5.60022422397094,0
5.595280506752204,0
5.590328693988425,0
5.585368786114458,0
5.580400783565949,0
5.5754246867793995,0
5.570440496192333,0
5.565448212243041,0
5.557333311842598,0
5.552325122607385,0
5.5473088413789355,0
5.542284468598922,0
5.537252004710211,0
5.52331165136701,0
5.518263807416105,0
5.511427316415961,0
5.506363453820484,0
5.501291502509417,0
5.496211462930972,0
5.4911233355341835,0
5.486027120768853,0
5.480922819086118,0
5.4758104309374005,0
5.470689956775431,0
5.465561397053847,0
5.542381111581648,0
5.5372289481073835,0
5.532068699180542,0
5.526900365258598,0
5.52172394680008,0
5.516539444264254,0
5.510905851989179,0
5.505705222974399,0
5.500496511272274,0
5.49527971734571,0
5.490054841658292,0
5.484821884674773,0
5.479580846860699,0
5.474331728682586,0
5.4690745306076565,0
5.463809253104159,0
5.4585358966413935,0
5.453254461689198,0
5.44796494871855,0
5.44266735820122,0
5.437361690610004,0
5.432047946418464,0
5.426726126101187,0
5.421396230133496,0
5.416058258991541,0
5.4107122131527206,0
5.405358093094861,0
5.230454435464139,0
5.225099560439844,0
5.219736615247598,0
5.214365600368183,0
5.20898651628346,0
5.203599363475803,0
5.198204142428835,0
5.192800853627006,0
5.187389497555472,0
5.181970074700445,0
5.1765425855491,0
5.171107030589297,0
5.165663410309946,0
5.160211725200838,0
5.152070097413116,0
5.146602525606539,0
5.141126890486703,0
5.135643192546894,0
5.130151432281167,0
5.124651610184628,0
5.119143726753435,0
5.113627782484514,0
5.10765705319821,0
5.1021250290489775,0
5.0965849455649845,0
5.09103680324634,0
5.085480602594458,0
5.079916344111723,0
5.0743440283011125,0
5.068763655666544,0
5.063175226713071,0
5.057578741946401,0
5.0519742018732074,0
5.046361607000904,0
5.040740957838096,0
5.035112254894159,0
5.02947549867929,0
5.023830689704596,0
5.018177828482038,0
5.0125169155245715,0
5.0068479513459465,0
5.000724959507011,0
4.995039934863968,0
4.989346860553297,0
4.982753968231407,0
4.977044877043852,0
4.971327737757292,0
4.965602550891816,0
4.959869316968309,0
4.954128036508564,0
4.947933039621404,0
4.942175708151126,0
4.9359647230987775,0
4.929745755421493,0
4.918616312018031,0
4.912827371085569,0
4.907030387397867,0
4.900779686566182,0
4.894966659486528,0
4.889145591247853,0
4.883316482381588,0
4.87703380145831,0
4.871188653493164,0
4.865335466507304,0
4.966703419054369,0
4.960824315805695,0
4.954937173502316,0
4.949041992682282,0
4.943138773884726,0
4.937227517649887,0
4.931308224518489,0
4.92538089503239,0
4.919445529734361,0
4.913502129167995,0
4.906669926450633,0
4.900710538599185,0
4.894743117128712,0
4.888767662586332,0
4.882784175520072,0
4.876792656478926,0
4.870793106012627,0
4.864785524671845,0
4.858769913008217,0
4.852746271574176,0
4.84671460092278,0
4.840674901608594,0
4.834627174186636,0
4.828571419212807,0
4.82250763724403,0
4.816435828838024,0
4.810355994553618,0
4.804268134950036,0
4.79817225058801,0
4.792068342028614,0
4.785956409834284,0
4.779396900402531,0
4.772829431137183,0
4.766254002620599,0
4.760110104404049,0
4.753958185396414,0
4.747358839134193,0
4.741190921225893,0
4.735014984238262,0
4.728831028741354,0
4.7226390553063595,0
4.7164390645050105,0
4.710231056910203,0
4.704015033095601,0
4.697790993635721,0
4.691558939106017,0
4.685318870082796,0
4.679070787143246,0
4.672814690865607,0
4.666550581828659,0
4.657645060321386,0
4.651365173915053,0
4.645077276531225,0
4.638781368752404,0
4.632477451161833,0
4.626165524343861,0
4.619845588883521,0
4.61351764536704,0
4.607181694381097,0
4.600837736513597,0
4.594485772353238,0
4.588125802489515,0
4.581757827512774,0
4.575381848014501,0
4.568997864586805,0
4.5626058778228185,0
4.556205888316413,0
4.54979789666254,0
4.543381903456748,0
4.536957909295779,0
4.5305259147770585,0
4.524085920498976,0
4.517637927060747,0
4.5111819350624955,0
4.504717945105256,0
4.498245957790914,0
4.491765973722181,0
4.485277993502791,0
4.478782017737387,0
4.472278047030983,0
4.465766081990154,0
4.458808431953344,0
4.452280521334814,0
4.445744618212274,0
4.439200723195739,0
4.432648836895908,0
4.426088959924215,0
4.4195210928932624,0
4.412945236416334,0
4.402424276153312,0
4.395832814487761,0
4.389233365279836,0
4.3826259291465135,0
4.3760105067051995,0
4.369387098574748,0
4.36275570537444,0
4.355679063565674,0
4.349031743447881,0
4.342376440130522,0
4.335713154236345,0
4.329041886389177,0
4.322362637213843,0
4.315675407335959,0
4.308980197382056,0
4.302277007979313,0
4.295565839755994,0
4.28884669334127,0
4.2821195693650225,0
4.275384468458213,0
4.268641391252601,0
4.201003677162959,0
4.194250405275426,0
4.184413655215991,0
4.142432317484889,0
4.1356587257453725,0
4.128877162996076,0
4.122087629874386,0
4.11529012701871,0
4.108484655068082,0
4.101671214662446,0
4.0948498064426815,0
4.087139201518113,0
4.080301942380544,0
4.07345671737005,0
4.066603527130894,0
4.0597423723082215,0
4.05287325354837,0
4.045996171498331,0
4.039111126805835,0
4.032218120119637,0
4.025317152089343,0
4.018408223365469,0
4.01149133459927,0
4.004566486443196,0
3.997633679550148,0
3.9906929145743106,0
3.983304170038082,0
3.9763475323524347,0
3.9693829385577146,0
3.9624103893113443,0
3.9505901941288073,0
3.943602192606079,0
3.9366062376819286,0
3.929602330017417,0
3.9225904702742582,0
3.9155706591151613,0
3.908542897203688,0
3.9015071852042524,0
3.894463523782264,0
3.8874119136036427,0
3.8803523553357024,0
3.873284849646325,0
3.8662093972041873,0
3.8591259986789908,0
3.852034654741203,0
3.8449353660624013,0
3.83782813331473,0
3.8307129571714427,0
3.8235898383065035,0
3.816458777394814,0
3.8093197751120726,0
3.8021728321349144,0
3.7950179491410267,0
3.7878551268086653,0
3.7806843658169953,0
3.7735056668462903,0
3.7658800242740256,0
3.7586854930702884,0
3.7514830259395353,0
3.744272623565422,0
3.737054286632258,0
3.7298280158254897,0
3.7225938118313877,0
3.715351675336848,0
3.7081016070299597,0
3.700843607599495,0
3.6935776777350213,0
3.6863038181272714,0
3.6790220294675464,0
3.7320577276430242,0
3.7243185385500794,0
3.7156999215392545,0
3.707073454630631,0
3.699746552789975,0
3.6919759816505575,0
3.684633270912144,0
3.676411258234168,0
3.669052783295001,0
3.6612507514194306,0
3.65387647324107,0
3.6456231151288705,0
3.6382330784460066,0
3.6303995972926657,0
3.622993763056769,0
3.611660175737768,0
3.604238882183637,0
3.5968096714316857,0
3.5893725441902973,0
3.581927501168252,0
3.574474543075553,0
3.567013670622913,0
3.5595448845220403,0
3.5520681854852967,0
3.5445835742262375,0
3.537091051458873,0
3.529590617898492,0
3.522082274260754,0
3.5145660212627092,0
3.507041859622035,0
3.4995097900572603,0
3.4919698132878523,0
3.484421930033932,0
3.476866141016785,0
3.5200448525320382,0
3.5124683318820473,0
3.504883906902279,0
3.4972915783173733,0
3.4896913468532205,0
3.482083213236365,0
3.474467178194203,0
3.466410962453466,0
3.4587791688891514,0
3.451139476093374,0
3.442627519697538,0
3.434539945568929,0
3.426876685966846,0
3.4183413019953264,0
3.410230234052136,0
3.4025434143527775,0
3.3939846096154156,0
3.253177766176691,0
3.245480242257514,0
3.237774828444145,0
3.2300615254755485,0
3.222340334091342,0
3.2146112550319685,0
3.2068742890389785,0
3.1991294368544345,0
3.191376699221621,0
3.1836160768845616,0
3.1758475705881892,0
3.16807118107792,0
3.160286909100506,0
3.1524947554033247,0
3.144694720734634,0
3.1368868058437442,0
3.129071011480562,0
3.1212473383960173,0
3.113415787341836,0
3.105576359070568,0
3.097291945952577,0
3.0894368076941134,0
3.081573794488037,0
3.0737029070901656,0
3.065824146257569,0
3.057937512747941,0
3.0500430073198572,0
3.041703798423441,0
3.0337935936681504,0
3.0258755192816693,0
3.0179495760262682,0
3.010015764664672,0
3.002074085960828,0
2.9941245406792234,0
2.9861671295854535,0
2.978201853445597,0
2.970228713027069,0
2.9622477090977952,0
2.9542588424266683,0
2.9462621137835185,0
2.938257523939029,0
2.9298088137945797,0
2.9217885461820003,0
2.9137604196912434,0
2.9057244350965448,0
2.897680593172595,0
2.88962889469542,0
2.881569340441388,0
2.873501931188059,0
2.865426667713791,0
2.857343550797623,0
2.84925258121973,0
2.841153759760914,0
2.833047087202999,0
2.824932564328549,0
2.816374505730664,0
2.807372981295998,0
2.7992350394185905,0
2.7910892503826688,0
2.782935614975088,0
2.7747741339835557,0
2.7596346466108344,0
2.751458155890816,0
2.7428381071373735,0
2.830458588901678,0
2.822249220568409,0
2.8140320101214797,0
2.8058069583551344,0
2.7975740660644135,0
2.7893333340451534,0
2.781084763094043,0
2.7728283540086807,0
2.764564107587546,0
2.7562920246298575,0
2.748012105935743,0
2.739293410240606,0
2.7309978650930304,0
2.722694486620611,0
2.7143832756270285,0
2.706064232916617,0
2.697737359294649,0
2.689402655567193,0
2.681060122541055,0
2.6727097610241515,0
2.664351571825364,0
2.6559855557538867,0
2.6476117136201083,0
2.6392300462353546,0
2.630840554411577,0
2.6224432389616936,0
2.614038100699446,0
2.6056251404394573,0
2.5972043589972316,0
2.5887757571889836,0
2.5803393358318942,0
2.571895095743912,0
2.5630129725077495,0
2.554553140158788,0
2.5460854915441473,0
2.5376100274852718,0
2.5291267488044014,0
2.5206356563246004,0
2.5117069228019773,0
2.503200247976281,0
2.4946857618320735,0
2.486163465195858,0
2.4776333588950195,0
2.4690954437575954,0
2.4605497206127325,0
2.451996190290231,0
2.443434853620829,0
2.4348657114360606,0
2.426288764568369,0
2.417704013851136,0
2.409111460118339,0
2.4005111042048384,0
2.3919029469466295,0
2.3832869891803057,0
2.374663231743341,0
2.3660316754739483,0
2.357392321211506,0
2.348745169795933,0
2.339232221237694,0
2.330569563838907,0
2.321899111824223,0
2.313220866037028,0
2.3045348273216177,0
2.2958409965231112,0
2.2871393744874524,0
2.2784299620613524,0
2.269712760092432,0
2.260987769429221,0
2.252254990921074,0
2.243514425418198,0
2.234766073771482,0
2.226009936832753,0
2.21724601545489,0
2.208474310491198,0
2.199694822796232,0
2.190907553225145,0
2.18211250263397,0
2.173309671879707,0
2.1644990618200097,0
2.1556806733134977,0
2.1468545072197003,0
2.1380205643988006,0
2.129178845712005,0
2.1203293520210877,0
2.1114720841890744,0
2.1026070430795016,0
2.0937342295568726,0
2.0848536444866284,0
2.0759652887346647,0
2.067069163168213,0
2.057309941751498,0
2.048398365341427,0
2.0394790217348486,0
2.029696765869545,0
2.0207619766972584,0
2.011391907104638,0
2.002441632782194,0
1.9930561466328243,0
1.9840903906785456,0
1.9751168736617046,0
1.966135596458372,0
1.9567192640910775,0
1.9477225123011976,0
1.938718002964606,0
1.9297057369608694,0
1.9206857151703787,0
1.911230839042645,0
1.902195351506748,0
1.8931521108364961,0
1.884101117915577,0
1.875042373628503,0
1.8659758788608372,0
1.8569016344987403,0
1.8478196414295098,0
1.8387299005409545,0
1.8296324127220487,0
1.8205271788622497,0
1.8114141998521802,0
1.8022934765830882,0
1.7931650099471028,0
1.7840288008372056,0
1.6014443529992093,0
1.5923100757662212,0
1.5831680611873367,0
1.57401831015801,0
1.5648608235742358,0
1.5556956023332589,0
1.5465226473328642,0
1.5343035868594654,0
1.5251154693947626,0
1.5159196209129675,0
1.5067160423153894,0
1.497504734503849,0
1.488285698381361,0
1.479058934851622,0
1.46982444481921,0
1.4605822291893844,0
1.4513322888684854,0
1.4420746247634213,0
1.4328092377820667,0
1.4235361288332342,0
1.4142552988264185,0
1.4049667486719386,0
1.3956704792811365,0
1.5351699082957566,0
1.52584320743685,0
1.5165087879894372,0
1.5071666508689248,0
1.497816796991259,0
1.4880327276823664,0
1.4786674864604095,0
1.4692945312407346,0
1.4599138629430684,0
1.4496727724460357,0
1.4402767676355381,0
1.4304467552526887,0
1.4201828083027408,0
1.410763805726134,0
1.4013370956350855,0
1.3919026789549775,0
1.3824605566120454,0
1.3717323870141627,0
1.3622749865857031,0
1.3528098832951798,0
1.3433370780722669,0
1.3338565718470932,0
1.3239424300125222,0
1.1801874227962799,0
1.1706974720086691,0
1.1611998258264862,0
1.151694485183242,0
1.142181451013613,0
1.1326607242528723,0
1.1231323058371459,0
1.1135961967035257,0
1.1040523977896726,0
1.094500910034128,0
1.0849417343766277,0
1.0753748717572194,0
1.065800323117287,0
1.0562180893984419,0
1.046628171543631,0
1.0370305704963982,0
1.0274252872012823,0
1.017812322603362,0
1.008191677648881,0
0.9985633532845668,0
0.988496225765175,0
0.9754032398255674,0
0.9657522750271426,0
1.1036864824963857,0
1.094005118990708,0
1.0843160797858218,0
1.07461936583519,0
1.0649149780930998,0
1.0552029175147197,0
1.0454831850559003,0
1.0353316253650462,0
1.0255965957165074,0
1.01585389706608,0
1.0061035303729113,0
0.9963454965971437,0
0.986579796699715,0
0.9768064316421317,0
0.9670254023870655,0
0.9563890384958427,0
0.9465927712277562,0
0.9367888426661182,0
0.9269772537766414,0
0.9171580055260335,0
0.9069074528104579,0
0.8970729325146465,0
0.8872307557682575,0
0.8773809235411818,0
0.7323031625021486,0
0.7224518949511491,0
0.712592976690047,0
0.7027264086912339,0
0.6928521919281252,0
0.6829703273747043,0
0.8103336721175083,0
0.8004224119025309,0
0.7905035049444962,0
0.7797309351713579,0
0.7697968253598617,0
0.7594321217712832,0
0.7494827692104877,0
0.7395257748224253,0
0.7295611395893502,0
0.7191660705443894,0
0.709186200453388,0
0.699198692474539,0
0.6887808658659367,0
0.6787781289677639,0
0.6687677571462984,0
0.6587497513894505,0
0.6483015871470457,0
0.6382683604081194,0
0.6282275027080573,0
0.6181790150381232,0
0.6081228983902349,0
0.5980591537573616,0
0.5879877821331263,0
0.5779087845119761,0
0.5678221618890973,0
0.5577279152605286,0
0.5476260456232183,0
0.5375165539749673,0
0.527399441314202,0
0.5172747086403433,0
0.5071423569534943,0
0.49700238725469603,0
0.4868548005457001,0
0.4766995978290254,0
0.46653678010815725,0
0.45636634838734835,0
0.4461883036716472,0
0.4360026469668412,0
0.4258093792795705,0
0.4156085016173563,0
0.4054000149885155,0
0.39518392040221784,0
0.38496021886825815,0
0.374728911397483,0
0.3644899990013357,0
0.35424348269219763,0
0.34398936348327425,0
0.3337276423884816,0
0.3234583204225885,0
0.3131813986012162,0
0.3028968779408956,0
0.2926047594588397,0
0.28230504417291513,0
0.2719977331020118,0
0.2616828272658438,0
0.2509394998131711,0
0.2406094516490498,0
0.23027181178898104,0
0.21992658125600428,0
0.20957376107372738,0
0.19921335226658243,0
0.18884535585993945,0
0.1784697728799074,0
0.1680866043534195,0
0.15769585130834685,0
0.14729751477318587,0
0.13689159577722876,0
0.12647809535059196,0
0.11605701452432982,0
0.10562835433020723,0
0.0947719311674291,0
0.08432815955976025,0
0.07387681168995641,0
0.0634178885930794,0
0.05253136414586379,0
0.04205733794844946,0
0.03157573963946447,0
0.02108657025681282,0
0.010589830839762726,0
8.552242806558752e-05,0
-0.010426353937617705,1
-0.02094579721577361,1
-0.032312210806964003,1
-0.042846696203781676,1
-0.055067433372386176,1
-0.06561686806901434,1
-0.07617386442584007,1
-0.08715800911687666,1
-0.09773008133822714,1
-0.1095683260521696,1
-0.12015538127096193,1
-0.13074999288866707,1
-0.14135215985473337,1
-0.15196188111826814,1
-0.16257915562741232,1
-0.17320398232939738,1
-0.18383636017080107,1
-0.1944762880973201,1
-0.20512376505391217,1
-0.215778789984455,1
-0.22644136183245678,1
-0.2371114795403173,1
-0.2477891420498679,1
-0.25847434830205884,1
-0.2691670972367035,1
-0.2798673877932458,1
-0.2905752189102202,1
-0.3012905895253368,1
-0.313269758227392,1
-0.325256372838453,1
-0.33641285059195525,1
-0.347158057471745,1
-0.35832949070035625,1
-0.3690897203343013,1
-0.37985748196422264,1
-0.3906327745214355,1
-0.40141559693645945,1
-0.4126244374976409,1
-0.42384073627681573,1
-0.4346460528722673,1
-0.44545889502876435,1
-0.4562792616728757,1
-0.4675254575596455,1
-0.47836082544966985,1
-0.49004020660098035,1
-0.500890526895347,1
-0.5121665524360424,1
-0.5251228653496582,1
-0.5359954724907823,1
-0.5477119535553925,1
-0.5585995021750989,1
-0.5694945644443692,1
-0.5803971392809331,1
-0.5913072256018381,1
-0.6022248223233646,1
-0.6131499283606558,1
-0.6240825426285994,1
-0.6350226640407755,1
-0.6459702915104515,1
-0.6569254239497297,1
-0.6678880602700303,1
-0.6788581993821197,1
-0.6898358401956841,1
-0.70082098161987,1
-0.7118136225629144,1
-0.7228137619322013,1
-0.733821398634376,1
-0.7448365315755439,1
-0.7558591596606448,1
-0.766889281793965,1
-0.7779268968790518,1
-0.788972003818543,1
-0.8000246015144512,1
-0.8110846888677656,1
-0.8221522647790778,1
-0.8332273281476716,1
-0.8443098778723481,1
-0.8553999128511691,1
-0.8664974319812586,1
-0.8776024341589164,1
-0.88871491827976,1
-0.8998348832386398,1
-0.910962327929667,1
-0.9220972512457877,1
-0.9332396520795783,1
-0.9443895293227627,1
-0.95554688186607,1
-0.9667117085995471,1
-0.9778840084125022,1
-0.9890637801935611,1
-1.0002510228302413,1
-1.011445735209378,1
-1.0226479162172382,1
-1.0338575647391508,1
-1.0450746796596206,1
-1.056299259862385,1
-1.0675313042304708,1
-1.0787708116460806,1
-1.0900177809904505,1
-1.1012722111442201,1
-1.112534100987375,1
-1.1238034493988778,1
-1.1350802552568666,1
-1.146364517438883,1
-1.1576562348215873,1
-1.1689554062808725,1
-1.180262030691921,1
-1.1915761069289488,1
-1.2028976338654616,1
-1.2142266103744532,1
-1.2255630353276104,1
-1.2369069075961932,1
-1.248258226050666,1
-1.2596169895604987,1
-1.2709831969946777,1
-1.2823568472211946,1
-1.2937379391073023,1
-1.3051264715194009,1
-1.3165224433234073,1
-1.327925853383988,1
-1.3393367005654682,1
-1.350754983731008,1
-1.3621807017432843,1
-1.3736138534640645,1
-1.3850544377544907,1
-1.3965024534744543,1
-1.4079578994836766,1
-1.4194207746407415,1
-1.4308910778034942,1
-1.442368807829041,1
-1.4538539635736356,1
-1.4653465438929913,1
-1.4768465476417134,1
-1.4883539736737532,1
