DecisionScore,Anomaly
-10.820736407215719,1
-19.734282423840455,1
-13.674228190081081,1
-3.7583460840745886,1
-3.758316762482565,1
-3.6029325775586756,1
-10.99095558130206,1
-7.85603520690367,1
-10.793699816448324,1
-10.793672669768767,1
-10.791473960671652,1
-12.633523545221564,1
-12.633496146809037,1
-12.63346874844595,1
-12.633441350132102,1
-12.630537407870392,1
-12.630510014821041,1
-12.63048262182096,1
-12.630455228869977,1
-12.630427835968263,1
-10.788352920116466,1
-10.788325783636552,1
-1.536852949417792,1
4.104126258175967,0
4.104170647471705,0
4.104215036723829,0
-1.5366839268820058,1
-1.5366416713506794,1
-10.765034676267561,1
-13.40463891845421,1
-10.76498049244536,1
-10.764953400611972,1
-19.680068331082907,1
-3.7071772103569174,1
-13.628104315917312,1
-13.628078003136835,1
17.69572080225508,0
17.69368263697909,0
-6.012123134718763,1
3.503482685915671,0
24.02234738333776,0
24.022398287866963,0
24.022449192340645,0
24.022500096758435,0
24.022551001120533,0
18.50154915249591,0
18.50159801684798,0
18.50164688114728,0
18.501695745394287,0
18.501744609588485,0
18.50179347373019,0
24.02290733009623,0
24.022958234012748,0
24.023009137873572,0
24.02306004167869,0
24.023110945428016,0
18.502086657476198,0
18.502135521249826,0
18.502184384970917,0
18.50223324863927,0
18.50228211225516,0
18.502330975818467,0
24.02346727011495,0
24.023518173418836,0
24.023569076666945,0
24.023619979859504,0
24.023670882996342,0
24.02372178607726,0
24.027534226032486,0
23.75969067502305,0
23.75974152365484,0
23.759792372231075,0
23.759843220751947,0
24.02778874298741,0
22.68334577962338,0
22.68339610999334,0
24.029320784942797,0
5.503871036297156,0
5.503912389306834,0
5.5039537422672,0
22.700253691067246,0
14.207896756272234,0
14.222858628871208,0
14.178452712895677,0
14.178494163196703,0
14.178535613439763,0
14.178577063625013,0
14.1786185137519,0
14.223107238767142,0
14.223148673546618,0
23.866705409235138,0
7.36820409207526,0
7.368248807045134,0
7.368293521968269,0
7.368338236844792,0
3.5965798498917536,0
3.5966231634352255,0
3.596666476934004,0
5.583507826252685,0
17.807370632979328,0
17.807414743808323,0
17.807458854579906,0
17.80958315737567,0
17.80962726716183,0
-1.6754508518949933,1
-11.063196542055437,1
-16.062749247623856,1
-16.06271368763099,1
-16.062678127674175,1
-1.670345912864022,1
6.225111491782201,0
6.225156668799656,0
6.505848408763683,0
6.5058937469396625,0
6.5059390850706365,0
6.505984423156335,0
8.559495761366989,0
17.967611277126565,0
17.967656686073397,0
18.535870305385984,0
19.29303147005396,0
19.293076400891238,0
19.29312133167133,0
8.569211878963088,0
8.569254487784548,0
19.294963444375938,0
19.29500837275222,0
18.537925613335958,0
18.53797029260889,0
18.54181249752918,0
19.299006768992555,0
23.539677563891388,0
22.106084297346555,0
22.106130750732873,0
22.106177204061098,0
8.494502768460862,0
8.607411875242235,0
9.46107982515943,0
9.461122653426258,0
9.461165481642581,0
9.461208309808256,0
8.607624694293449,0
8.607667257953082,0
8.60770982156285,0
18.587752322796263,0
19.345202479871617,0
19.345247344160583,0
19.345292208392266,0
19.352066049687238,0
18.594667098489353,0
18.594711705508487,0
18.598057069811347,0
19.355564608147418,0
19.355609459196998,0
18.6268585557995,0
22.16953164456568,0
22.16957801823642,0
22.169624391848757,0
17.243725702870208,0
17.2437698148248,0
8.659387583546803,0
17.329557292159407,0
18.63069101773175,0
18.630735578765837,0
-12.206587400256907,1
-0.872440765249749,1
2.5752546717433233,0
2.5752897605392917,0
11.871630052185893,0
11.885886421952662,0
18.161951300933552,0
18.161989459706632,0
18.16202761841666,0
18.162065777063404,0
-9.469472629727917,1
22.817784095982404,0
22.817831402400245,0
22.817878708761242,0
22.817926015065368,0
22.81797332131292,0
22.818020627503216,0
5.513147457514691,0
5.5131886849170115,0
26.108405218516083,0
8.713835441111868,0
16.324345378686004,0
16.32438892426437,0
16.32443246978812,0
16.32447601525712,0
-0.08832053941848983,1
-0.08828275560998122,1
-0.061434400279992474,1
-0.06139673496385001,1
5.114985946625268,0
13.740479387315418,0
13.740521884154447,0
13.74056438094027,0
8.72470281979166,0
8.724745098898495,0
8.72478737795565,0
-10.99414529088881,1
-5.404658459485873,1
-5.404621776488298,1
-5.404585093534195,1
5.338402019345466,0
13.745791078721581,0
13.7458335688913,0
-8.366205502545554,1
13.745918549071234,0
-0.3355363848577184,1
-23.517358797126022,1
-23.51732968647218,1
-9.592988327552604,1
-9.592954418298874,1
5.123900178858989,0
5.123941443285133,0
6.161171295240123,0
-8.36302887100753,1
8.739497470179401,0
8.739539731881095,0
12.88021221760468,0
5.347588233027949,0
5.347627823092623,0
-0.038316731421289774,1
-5.389915404652342,1
-0.7347188992129645,1
-0.7346812363492745,1
-8.932610118327574,1
-8.932575999023001,1
-0.00012124925487455585,1
-14.558030414782337,1
-14.557996470858228,1
-14.55796252697263,1
2.9093780582911677e-05,0
6.667942213312017e-05,0
0.00010426501624749562,0
15.068095803096142,0
5.391345016494938,0
5.391384552561064,0
5.391424088578532,0
14.453733364179172,0
14.453776021516077,0
14.46145346598081,0
5.398658357206571,0
-8.313155550387293,1
5.398737411212693,0
8.799965234022508,0
5.404152145354544,0
5.404191665589735,0
5.4042311857756005,0
8.800133995374537,0
8.800176185588057,0
0.00034473580308258533,0
7.135304485123825,0
7.135344568536965,0
7.13538465190031,0
0.000495439154349242,0
0.0005331148776548389,0
14.48809772418916,0
5.423353218890497,0
5.423392715368038,0
7.142198099471898,0
7.142238174315068,0
7.142278249108372,0
14.488353407187006,0
-5.9666205985809455,1
-5.966582856726816,1
-0.6558339138890972,1
-0.6557947782413294,1
-0.6557556426381552,1
-5.966431889724319,1
-5.966394148076958,1
-5.966356406470794,1
-11.28172279434311,1
2.7774817234288633,0
2.777643265926514,0
2.777683651435936,0
0.05368750616996465,0
0.05372685622199924,0
-15.128996591148379,1
-9.252400699019546,1
-9.25236470667248,1
-9.25232871436502,1
-9.252292722097934,1
-9.252256729870751,1
-11.266419087274642,1
-11.266383833761495,1
0.0740255169434505,0
-0.00033026035167438295,1
-0.0002909596836104811,1
-0.0002516590601402413,1
-5.923621728373533,1
-5.923584033665847,1
-5.923546338999387,1
11.463707261776804,0
21.100207829838055,0
22.827552200068624,0
21.100292857069846,0
21.10033537059624,0
21.100377884062723,0
20.33338286172659,0
20.333425144094804,0
21.103778767895562,0
21.10382127652457,0
25.375085583221434,0
25.375129384801696,0
25.391200364145064,0
23.96571984112498,0
23.965763845675966,0
23.96580785016596,0
25.3913754785206,0
25.39141925695924,0
-4.904967499547354,1
10.431716604874936,0
21.2527004458278,0
21.252742744353924,0
21.252785042820506,0
20.484962532927128,0
20.485004601890793,0
19.08979304128067,0
24.11104136002072,0
24.11108516286346,0
24.11112896564532,0
24.11117276836623,0
10.43872852214676,0
10.438768815918792,0
10.283050678451417,0
10.283089628201239,0
19.096413013631363,0
19.09645464398281,0
19.096496274275268,0
19.981826591703282,0
10.452385096488712,0
10.452586475634178,0
4.339284468711185,0
17.151951109896885,0
26.934062004245362,0
24.710246083507684,0
24.710285240936116,0
24.71032439829898,0
17.576580882717366,0
17.578143252937394,0
18.967791847625676,0
17.580375022529964,0
17.580412216817294,0
-18.16671086669612,1
-7.133402261193865,1
-7.133366707358405,1
-18.166614770203793,1
-3.8664585359604473,1
-9.520870082301826,1
-9.52083676132726,1
-9.520803440395,1
17.67441158173385,0
10.526781389118582,0
16.805003935288582,0
18.66971630671958,0
18.669757753598887,0
18.669799200420755,0
16.210706588335015,0
6.876424387008399,0
13.57828486289965,0
15.561173635386353,0
15.56121372516266,0
15.561253814883344,0
10.53931372954915,0
10.539353760775015,0
7.527753730241699,0
7.527793015250623,0
16.81712203200452,0
16.81716255227869,0
10.54235595383858,0
7.034312087379988,0
7.034349489418062,0
7.034386891405333,0
10.542516062548032,0
10.542556089594669,0
10.542596116589223,0
16.29242190401348,0
16.292463101607538,0
16.29250429914589,0
16.87745771317536,0
16.877498201161217,0
1.5763466181746963,0
7.068513589061283,0
7.068550944345688,0
7.068588299579034,0
13.618936660486881,0
2.2920868947203132,0
5.241541548489238,0
5.241581543461791,0
5.24162153838688,0
5.241661533264491,0
2.2922819111937116,0
2.2923209143506966,0
12.820782473589745,0
24.506981080053336,0
8.800640484795593,0
11.455146907588556,0
16.348383349909838,0
8.803528226879479,0
8.803565247105766,0
0.5533333036203345,0
16.37449459157439,0
7.953399836722255,0
7.9534366098449425,0
7.953473382914723,0
8.815003649538411,0
24.534463010827793,0
1.6901073438316843,0
-13.659568413522535,1
-7.723243608668355,1
-7.723209405385532,1
-7.723175202144631,1
-7.723140998945922,1
0.19184847672251237,0
0.1918867376309663,0
0.19567434612494594,0
14.229133151392958,0
14.229175177555746,0
14.229217203666096,0
2.8822669600849338,0
-8.073336720511321,1
-6.882733364714298,1
2.8904076649657497,0
12.940795801483631,0
12.940837397480848,0
18.64100626859525,0
18.64104968687495,0
-0.7441037703783735,1
0.21051448353695434,0
0.21055272260962,0
20.23631673197714,0
21.667299582888035,0
21.66734027820644,0
21.66738097346486,0
23.04399099307186,0
23.044032539694953,0
6.205883249597079,0
6.205919230522085,0
20.265624921147932,0
20.26566510274941,0
1.3756234726399441,0
-13.007015740080064,1
17.168295663530458,0
19.671678897789874,0
28.909597905815872,0
28.90963695666339,0
27.628319173558552,0
27.628358183476678,0
23.092163974026377,0
23.092202096760474,0
23.092240219431417,0
19.71003961474632,0
19.710076291197225,0
29.255850746700645,0
29.02747866417056,0
29.027521290636344,0
29.02756391703835,0
29.027606543377217,0
29.256065305727347,0
29.256108217341904,0
29.25615112889301,0
29.256194040380464,0
24.369393416136717,0
24.36943475137079,0
29.111748547703385,0
29.11179140756829,0
29.111834267369787,0
5.991718024546898,0
5.991755225345628,0
29.27648404537183,0
29.276526926715036,0
22.181386919604904,0
3.662393684280275,0
21.49132229297635,0
24.450153779487707,0
24.450194984028897,0
24.450236188509024,0
24.450277392928484,0
24.450318597287236,0
24.450359801584924,0
29.36370135982753,0
29.363744111483328,0
29.36378686307556,0
24.46813485400493,0
24.468176043888704,0
6.491180917386956,0
6.491218113463873,0
24.46829961317509,0
24.468340802815803,0
24.468381992395464,0
24.468423181914446,0
6.081857281271056,0
20.508398142982585,0
20.50843826572644,0
20.50847838841203,0
21.50426310079949,0
21.504304173415647,0
21.50434524597277,0
21.504386318470964,0
19.37085745350022,0
31.32244314341048,0
31.322484410728038,0
11.939014615749556,0
-16.798381584405575,1
-18.33774335258488,1
-18.33771284776067,1
-18.337682342971675,1
-6.055225240973286,1
-6.055191689840385,1
-10.924741373607176,1
-5.61378545301514,1
-5.613751760685702,1
-16.796008408739823,1
-16.795977984894023,1
31.34629244505632,0
31.36577834475233,0
31.365819542061132,0
31.365860739303628,0
19.411968188239413,0
19.41200712459289,0
-5.5147669892698445,1
-10.232414452193709,1
-10.232381733323791,1
-10.232349014493948,1
-10.232316295704322,1
-10.900037422548266,1
-10.900005313460596,1
-9.059884824800065,1
3.9219563540734157,0
6.912565418244597,0
6.912603328704989,0
6.9126412391159135,0
5.814409933962153,0
5.814447499477893,0
5.814485064944336,0
-8.378411618641394,1
9.276700437975919,0
9.276739208675252,0
9.276777979323683,0
9.276816749921565,0
3.9347866846950694,0
3.934823651327463,0
-8.209253046193297,1
-8.365791076003234,1
5.866541036754143,0
7.221467455470247,0
7.22150590404307,0
7.221544352566966,0
5.866691025267798,0
5.866728522273078,0
12.799432770874276,0
-7.106457638578419,1
-2.601099080297786,1
12.090719692979334,0
12.09075861147312,0
12.090797529914582,0
22.01600871136668,0
7.775130534547685,0
7.775164147924258,0
7.775197761247455,0
22.01615851473896,0
22.0161959654277,0
24.93618014648672,0
31.64886598647692,0
31.64890591921801,0
31.648945851892194,0
5.251648178950148,0
29.92082948724388,0
29.920869122500577,0
5.299157278453421,0
5.299191469417721,0
5.299225660331288,0
23.702105916503825,0
23.702143730329283,0
22.278479431290634,0
26.286070214476126,0
26.286108571487347,0
26.286146928435485,0
26.286185285320244,0
26.287144186922447,0
26.28718254216578,0
8.138650832753186,0
8.138685680042954,0
8.138720527280341,0
8.138755374465418,0
26.287374317434896,0
26.287412672299354,0
26.28745102710036,0
26.287681154581833,0
14.26716631444394,0
14.267201692188763,0
22.167033538779393,0
22.16706915288323,0
15.984439396502921,0
15.984473199604011,0
33.22001929226562,0
33.22005731404164,0
33.22009533574911,0
33.193064205719764,0
33.20131548223168,0
13.686555453388479,0
13.686588518195293,0
29.80426473679671,0
-8.856698429902409,1
-8.85668391074664,1
1.3214932329344578,0
1.3215092402497532,0
12.79597669326823,0
6.758381846254977,0
6.7584136677738655,0
6.758445489240714,0
27.926252974993673,0
27.93812828729348,0
27.938164203960042,0
26.99549494031858,0
27.95948716979045,0
27.84143000094923,0
27.841465752313766,0
25.84246782436287,0
31.621938439006186,0
31.62197511344209,0
31.62201178781052,0
31.622048462111508,0
25.327306393427065,0
6.773612431331927,0
6.773644312704377,0
6.773676194024134,0
6.773708075291438,0
33.38871661014082,0
33.388753485602706,0
21.82578860495117,0
21.82581600889307,0
21.8258434127669,0
21.825870816572717,0
21.865107149507153,0
7.982570612271786,0
-2.522757613220591,1
-5.59845569769459,1
-5.5984429937878275,1
1.8676925237296302,0
1.9560441344254116,0
-8.595451641700407,1
1.8689799902563209,0
-5.589361989956686,1
-7.277733201578897,1
-7.2777196141451554,1
-7.277706026767177,1
-7.277692439445502,1
-7.277678852179534,1
-7.277665264969414,1
-7.277651677815371,1
-5.58926069539325,1
-5.5892480338356165,1
-7.275546344953014,1
-7.268858960168529,1
-5.579087046358779,1
-8.343958496183419,1
-5.579061817357655,1
-5.579049202944731,1
-5.578620347669471,1
-14.60501658785428,1
-14.60500337917972,1
1.8868099715954258,0
-8.579253171754857,1
-8.579240824506357,1
-8.342907191224228,1
-8.342894825362038,1
1.8874632377676335,0
1.8874768459361206,0
13.09040327336811,0
13.090433399525892,0
17.152391973577195,0
17.152422942200175,0
17.152453910763597,0
34.85469241137875,0
34.85472672080974,0
34.85476103017061,0
34.85479533946108,0
31.480110479464287,0
31.480144442107417,0
31.48017840468225,0
31.480212367189125,0
31.480246329627533,0
31.480280291997957,0
31.480314254300595,0
13.11340303188534,0
13.113433114459042,0
34.901160497545135,0
33.713276824464515,0
35.182373069104045,0
35.1824074228835,0
35.182441776592725,0
35.18247613023149,0
35.18633378958401,0
34.90974793588836,0
34.90978227682979,0
34.90981661770209,0
34.90985095850331,0
35.18650555613155,0
33.72708517724601,0
33.72711917384419,0
35.19185204152416,0
35.191886375879704,0
35.191920710164766,0
35.19195504437951,0
35.191989378524,0
35.19202371259783,0
29.254494842576406,0
29.254528042523418,0
29.254561242403682,0
29.254594442217368,0
29.254627641964447,0
29.25466084164465,0
35.19226404914494,0
35.19229838265599,0
35.1923327160967,0
35.19236704946644,0
35.19240138276638,0
29.254860038328403,0
29.25489323754266,0
29.254926436690084,0
29.254959635770902,0
29.254992834785185,0
35.1926073810871,0
35.19264171389412,0
34.91770310637813,0
34.91773728674087,0
26.50561189495548,0
26.505645055506918,0
26.505678215993044,0
26.505711376414155,0
26.505744536770138,0
34.954160611673046,0
17.223771058958505,0
17.223801890317446,0
13.159962499067205,0
13.159992493153894,0
13.160022487183639,0
-3.361116244811811,1
-8.26435140492616,1
-8.264326656485622,1
-8.264301908092207,1
6.869094774000004,0
6.869121257332566,0
17.622145551848675,0
27.54808093301388,0
27.548110486741024,0
27.548140040399915,0
17.62225871054656,0
17.622287000066706,0
27.894601534585732,0
28.700260347974222,0
28.70028906853021,0
28.700317789016935,0
17.624917655517606,0
17.624945939232987,0
31.847512188581135,0
31.847542124713385,0
31.84757206077495,0
17.172303313896563,0
17.64823072739108,0
18.552102711815806,0
18.552131073418124,0
18.552159434958085,0
18.552187796435916,0
17.64837189055892,0
17.64840012300708,0
17.648428355393293,0
27.91887816833544,0
28.724647834664808,0
28.724676496357517,0
28.724705157980637,0
27.91899229387255,0
27.91902082508483,0
17.664905514533913,0
26.811108219397966,0
27.93518694750479,0
27.93521543965025,0
27.937095769160678,0
31.884339791082823,0
31.884369639939962,0
31.884399488726473,0
26.4656490253101,0
26.465677274058365,0
17.669049698466495,0
28.745180487163182,0
28.745209099185345,0
28.74523771113803,0
27.939431518705945,0
14.324076354735695,0
29.080470613708343,0
16.77515713416004,0
16.77518650847678,0
16.77521588273335,0
29.100899648864853,0
29.100929709817095,0
32.10847477118912,0
27.274231432861484,0
27.27426115663978,0
32.41670986528314,0
32.41674107753212,0
32.41677228971156,0
29.089695536019903,0
29.089726482019913,0
29.10216129259993,0
32.42940748699439,0
32.42943867085029,0
32.42946985463598,0
29.10228496710728,0
29.10398538177465,0
29.12699705962045,0
18.036048116822244,0
18.03607762574923,0
18.03610713461562,0
-3.664395183447951,1
2.2135678110776382,0
2.2135923255047913,0
2.213616839877915,0
2.2136413541966817,0
7.700309115614289,0
7.700333754083573,0
7.436118680392909,0
-17.472681505940244,1
-17.472662041140467,1
-2.600746617000766,1
-2.600724347609429,1
-3.6573607826769745,1
-3.657337025309772,1
-3.657313267993544,1
2.221336179407274,0
7.708239737022879,0
2.2215811500367124,0
2.2216056468028853,0
7.033827693115228,0
7.033852460386896,0
-1.9023551612278453,1
-1.9023327744628205,1
7.728077258813954,0
7.728101827944201,0
-17.59657055522375,1
-7.856159403847059,1
-1.729082617141657,1
-1.7290577677060242,1
-1.7290329183203568,1
-1.7290080689844842,1
-7.8560380939760535,1
1.9688417985942976,0
1.9688679416633192,0
7.529155138753126,0
7.529181902701893,0
7.529208666595068,0
1.968972513420482,0
1.9689986562302693,0
1.9690247989881726,0
-3.8820515013595127,1
11.206828827542509,0
11.20685637364538,0
8.272848235766702,0
8.272875125148062,0
1.9865026790068754,0
1.9865287870088224,0
1.986554894959113,0
8.283921962873237,0
8.204338786125689,0
8.204365636741528,0
8.20439248730203,0
-7.8342454279695914,1
-1.7066391044012619,1
-1.7066143001014922,1
-1.7065894958518726,1
-1.7065646916522752,1
-1.706539887502629,1
-3.8702175989556764,1
-3.870193261232771,1
-2.867458748294098,1
-2.8674326899182034,1
-2.8674066315907822,1
18.27970031305891,0
18.279730257226802,0
14.769413445849665,0
14.769443080473735,0
-5.791525383062265,1
29.62006098990183,0
29.62008738300166,0
34.130377599144,0
34.13040463247063,0
34.135350502306636,0
32.80506047368701,0
32.8050880335052,0
32.80511559325137,0
34.13545858145028,0
34.13548560105346,0
19.780422921465075,0
29.62945249658054,0
31.452892427960137,0
29.62950523271614,0
29.629531600678632,0
28.819800386474782,0
28.81982664031905,0
3.4308428218983806,0
6.719066335871958,0
28.87506692838849,0
29.685090229298197,0
29.685116448754272,0
29.685142668139903,0
28.875171354363474,0
28.875197460682884,0
27.399780309428806,0
32.87201039366536,0
32.87203777828495,0
32.87206516283311,0
32.872092547308995,0
18.602872062329467,0
28.88440863129378,0
18.098880266032836,0
18.0989047635029,0
27.410699193804078,0
27.410725053368438,0
27.410750912863932,0
37.73774987405116,0
11.637886089603114,0
18.8847953744349,0
31.070841014712528,0
37.07741961940775,0
18.870924005372103,0
29.960158705772088,0
34.480405219349535,0
12.838968009539812,0
24.65954019926717,0
26.370933735263463,0
32.13660880188203,0
32.1366309360551,0
32.13665307015387,0
24.659646490283436,0
24.664236599399004,0
24.66425784234542,0
35.134173876725555,0
28.350123350280583,0
33.516865764376604,0
33.516894478928805,0
33.51692319341109,0
35.13432018724592,0
35.134349449135215,0
35.13437871095314,0
15.239920841965983,0
15.239945098465554,0
14.642925823834531,0
8.556843818117542,0
15.243097926604577,0
23.39099890902547,0
14.366074861288865,0
14.366098967675526,0
14.366123074001877,0
24.608031242814647,0
24.608057915986493,0
24.61224478210862,0
25.665443046240114,0
25.665469060636724,0
25.66549507496633,0
-0.3457631422995888,1
18.456956331358484,0
8.581267290099035,0
14.387385471559355,0
14.387409524680336,0
14.387433577741263,0
23.41370780127322,0
23.413733316391713,0
10.14885129885893,0
13.289616563995253,0
13.289643975491174,0
13.289671386929712,0
10.14895849803655,0
10.1489852976909,0
23.801310763828326,0
15.070609749140274,0
15.07063288671553,0
15.07065602422928,0
15.070679161681355,0
15.967110166827098,0
32.0128599784295,0
18.743861110878413,0
23.80889931597146,0
23.80892309379962,0
32.02474888752499,0
15.99064893074953,0
15.990672119711363,0
9.101292519922879,0
-0.02414176829410053,1
27.953821847260016,0
29.47196894716018,0
29.471994243406826,0
29.472019539583684,0
31.030393769656968,0
31.030419746461604,0
13.1440789791221,0
13.14410177999956,0
27.96067760516702,0
27.96070261672861,0
31.041012395474326,0
34.36067575484577,0
34.36070230410533,0
34.36072885329338,0
37.776931265539275,0
37.776958382531575,0
37.96342849858925,0
37.15623482357168,0
37.15626191828565,0
13.107830287868651,0
13.10785495914753,0
37.803010837838485,0
38.2112157357125,0
38.21124274910457,0
29.872356032844763,0
29.872381971952194,0
13.137368935220508,0
28.03394102963506,0
28.033966710014,0
28.03399239032511,0
29.229682886289282,0
29.22970935595454,0
29.229735825551344,0
29.229762295080107,0
36.04063904243546,0
36.04066597936779,0
36.04069291622727,0
34.40628784060664,0
34.406314266972146,0
34.40634069326586,0
36.040800662940626,0
29.89826087891167,0
38.01355575322765,0
38.01358262028117,0
38.01360948726136,0
38.238353874729285,0
38.238380813820925,0
38.23902732986684,0
38.014334867861606,0
14.95032966941423,0
38.014388597620126,0
36.048259298782796,0
36.04828621517967,0
36.04831313150325,0
36.04834004775503,0
37.371252327457796,0
37.37127928925841,0
29.900382033031278,0
38.01575860686111,0
38.01578546787101,0
32.18700384253603,0
37.37286990563368,0
37.37289686303211,0
37.37292382035696,0
29.253293052221892,0
32.19147215534903,0
32.191498279811924,0
32.191524404204756,0
32.1915505285273,0
32.19157665278004,0
10.989113043937834,0
14.148834172961799,0
14.148859696222587,0
12.987306560984976,0
12.987331873593888,0
12.987357186145076,0
-1.7083902877038923,1
-1.7083660764368886,1
-1.7035247950005186,1
16.681917757214222,0
16.681943895934793,0
16.681970034595736,0
10.998297062798486,0
10.998322008865912,0
13.013676074461742,0
14.17549944433867,0
14.175524906236518,0
14.175550368075648,0
-1.521749978260189,1
-1.521725782367355,1
13.017538966167692,0
14.58939643524468,0
14.589422631168716,0
14.589448827035028,0
13.017639938569658,0
13.017665181525004,0
13.01769042442217,0
-1.5165731619578082,1
14.023803916212316,0
14.023830077573379,0
28.791178975353944,0
13.902933483191902,0
13.90295418140498,0
13.902974879557362,0
28.791269369516144,0
28.79129196788294,0
38.71148300314326,0
38.71150743486609,0
38.71153186651392,0
14.516966436584227,0
14.51698903553958,0
14.517011634435278,0
14.51703423327048,0
14.517056832046038,0
14.517079430761385,0
38.71170288596525,0
33.048422179666005,0
33.04844590302599,0
33.04846962631569,0
39.1212226895739,0
39.121247072050636,0
14.521259160483652,0
33.05031982457899,0
33.05034354227041,0
33.050367259891686,0
33.050390977441026,0
33.05041469492022,0
33.0504384123285,0
37.95777869924254,0
38.751256388613484,0
38.75128069870016,0
35.31522939088808,0
35.31525321851527,0
35.31527704607035,0
38.751377938300465,0
38.75140224801467,0
38.29825800841749,0
38.298282299291515,0
38.00031741042295,0
38.00034147377437,0
38.00036553705115,0
38.00038960025478,0
38.298403752549774,0
38.29842804297846,0
38.29845233333296,0
38.29847662361294,0
20.545050416539965,0
20.545072510645724,0
28.37289694867097,0
28.37291816357032,0
21.87500957413934,0
39.77863838529541,0
39.77866052858897,0
12.088010382171674,0
39.71547115799834,0
37.70735070017673,0
37.70737263147754,0
37.707394562704394,0
37.70741649385721,0
29.86515794567154,0
12.190150674329772,0
12.190170930999813,0
31.160211998923785,0
12.192196300187916,0
12.192216550901492,0
12.192236801556021,0
12.192257052151604,0
39.49586353141342,0
39.495885427797305,0
33.81776339205089,0
29.86961951095509,0
29.869641161852428,0
37.715788768879634,0
12.195820238311782,0
12.195840478468028,0
12.195860718565129,0
31.164074485345054,0
31.164095585394932,0
39.51361862592921,0
38.93026222965375,0
37.178623545301775,0
29.885082176809178,0
37.178666565871396,0
23.20700785919462,0
11.910388822889331,0
23.20705021829866,0
31.741731440807712,0
32.562397726843955,0
32.562414325419496,0
32.56243092392231,0
-7.24216099237745,1
3.3443759024701905,0
3.3443769624775967,0
3.3578644978649663,0
-4.228702867740253,1
-5.684068692174591,1
-5.6840663434605005,1
-5.684063994801974,1
-5.684061646198941,1
-5.683927867779488,1
-5.683925522402674,1
-14.82051800461376,1
-5.683920831816238,1
-5.683918486606487,1
-7.004643764709698,1
-7.00464269992942,1
3.3450221844601487,0
3.345023205815238,0
-7.004429813740643,1
-4.228153365524008,1
-4.228152439831774,1
3.3453348216320933,0
-7.241150839805925,1
-7.241149781952814,1
40.56475354219529,0
40.564773316204025,0
40.56479309013713,0
34.47804446868136,0
34.478063873397076,0
34.4780832780408,0
34.478102682612445,0
34.47812208711193,0
34.47814149153962,0
40.564931505543285,0
40.56495127886859,0
40.564971052118494,0
40.5649908252926,0
40.5650105983907,0
34.47825791659346,0
34.47827732051729,0
34.4782967243693,0
34.47831612814872,0
34.478335531856686,0
34.47835493549226,0
40.5651490079525,0
40.5651687804434,0
40.565188552858274,0
40.565208325197915,0
40.56522809746053,0
40.565247869648374,0
40.56904227079704,0
40.29303843003561,0
40.29305821951158,0
40.29307800891209,0
40.29309779823683,0
40.56914112805444,0
21.90296418886912,0
31.955984168012805,0
31.95600011492965,0
31.956016061774164,0
21.903027760322033,0
21.903043653020504,0
32.1045335891678,0
32.92612021973244,0
32.92613513889276,0
32.926150057980095,0
32.104593128972255,0
32.10460801374225,0
32.92765651046503,0
32.9276714221202,0
32.92768633370238,0
21.905458577211164,0
21.905474459830728,0
21.90658607951042,0
31.171016283692865,0
32.10721173407413,0
32.10722660610773,0
21.90917331437514,0
32.10969436059435,0
32.93129279405261,0
32.93130768792798,0
32.93132258173054,0
32.10975379995273,0
22.827580949887846,0
22.827596836865084,0
22.827612723776042,0
22.827628610620692,0
21.90941131552701,0
21.909427181743354,0
21.909443047894015,0
32.110437269349944,0
21.91239300620181,0
32.934225480684006,0
32.93424036020414,0
32.93425523965149,0
32.11267975555572,0
32.11269460095744,0
11.125087197589437,0
37.21828204014412,0
37.21830035710198,0
37.21831867398561,0
-0.3109566837241431,1
15.212505040053571,0
15.212521854061805,0
15.212538668008563,0
12.187850253495853,0
12.18786671935328,0
5.816951971032623,0
5.816968308072148,0
11.43749567157289,0
11.437512057222037,0
11.437528442812024,0
5.817033655668581,0
5.817049992426874,0
5.817066329129204,0
12.191191597147736,0
12.10948540837363,0
12.10950185443815,0
12.109518300443284,0
5.817654412960977,0
5.817670747582682,0
5.817687082148296,0
-4.254609834391232,1
1.9212482076899704,0
1.9212636221994046,0
1.921279036654525,0
1.921294451055772,0
1.9213098654030887,0
-0.30666219938342465,1
-0.30664703201895804,1
33.19397521562843,0
33.193988762530864,0
33.19400230936003,0
32.37188934746894,0
32.37190286937326,0
32.37191639120468,0
30.882636391972,0
36.57003353069257,0
36.57004786779132,0
36.57006220481472,0
36.57007654176317,0
22.204705646523436,0
22.204720233365578,0
32.38506569726232,0
36.570836292852704,0
36.57085062575666,0
36.57086495858556,0
30.88344080937412,0
32.38782165806373,0
39.88232526105483,0
30.94981812994311,0
40.789762538748505,0
41.19151333314696,0
41.19153010886373,0
41.19154688450473,0
32.75548780598555,0
32.75550422685373,0
13.778820414277874,0
16.99687286971954,0
16.996890444226906,0
10.608799947115202,0
16.996925593057,0
13.778906651675456,0
13.778923898975833,0
12.420147075890512,0
-3.989282967706046,1
2.1852661284088697,0
2.1852805861563667,0
2.1852950438494645,0
2.1853095014887174,0
-3.9892101588974214,1
3.0820774561960746,0
41.24755355738256,0
37.603860557156935,0
37.60387580694274,0
37.603891056654504,0
41.080747050937845,0
41.08076251415406,0
41.08286480030171,0
41.08288025305845,0
37.60602528552212,0
37.60604052479425,0
37.606055763991804,0
41.0829420633213,0
41.08295751569659,0
24.03569746866863,0
31.172007150392773,0
31.172022215588726,0
31.172037280714676,0
13.313560086645325,0
31.172067410756398,0
39.30728735512176,0
40.25650579027584,0
40.25652128827309,0
40.25653678619457,0
40.25655228404034,0
40.256567781809906,0
40.256583279503786,0
39.307396175743634,0
39.30741172124587,0
33.05236582350312,0
41.26043877850731,0
41.260454067670224,0
41.26046935675632,0
41.49424794943343,0
41.49426328328485,0
41.263189597611614,0
41.50006930091939,0
41.26630420167268,0
18.04891096761419,0
41.26633472127605,0
41.74502430786393,0
41.82716905509838,0
41.827182288491315,0
41.82719552180751,0
29.571353233504382,0
29.571367124194225,0
17.295950027750393,0
17.295966519784855,0
17.29598301175797,0
17.295999503669137,0
16.109987605488598,0
16.110003981199384,0
16.11002035684926,0
14.073512955756811,0
14.075763053349036,0
14.075779236899933,0
16.11811879812693,0
17.304221260710307,0
17.30423772173262,0
17.304254182693185,0
1.5312295037735169,0
1.5312462085102396,0
16.11903404214094,0
17.830612410666504,0
17.83062967150724,0
17.830646932286697,0
16.119099409375934,0
16.11911575103194,0
16.119132092626757,0
1.5331168112306557,0
17.26395389164857,0
17.26397117362427,0
41.351988178755306,0
40.75196764026981,0
38.99210875045185,0
31.729517956114705,0
38.99213654720165,0
25.029094758890267,0
25.029109151464368,0
25.029123543971835,0
41.352100649995776,0
41.35211470855697,0
39.57998005026445,0
40.52822443636947,0
39.58000837381218,0
39.58002253547312,0
39.580036697058546,0
39.58005085856823,0
41.756454873331194,0
41.75646883592262,0
41.75648279843753,0
41.7574878980372,0
31.43985907429763,0
31.43987283468053,0
31.439886594993425,0
24.31397451665042,0
24.31398886961452,0
41.592997804668215,0
38.810587419010545,0
38.81060126588457,0
38.810615112683735,0
39.585115829625835,0
39.58512996404323,0
41.593808535834256,0
40.74058829454512,0
40.740602351794905,0
16.33278845572235,0
41.59386443883051,0
41.59387841438817,0
41.59389238986921,0
39.59041094413604,0
40.538612326027646,0
40.53862637367246,0
41.765973468455655,0
41.765987378686475,0
42.06046240243026,0
41.97537698337584,0
41.97538861350674,0
21.499894331487866,0
21.4999055759029,0
29.82474521997095,0
42.06665244862273,0
42.06666419635002,0
21.500040503798644,0
13.79699816219862,0
14.226412638186801,0
14.226425537295611,0
40.8242929164866,0
14.226451335330864,0
14.226464234257008,0
41.611497465531215,0
41.84406713538419,0
39.05946157999986,0
39.059474010286976,0
39.05948644049943,0
41.84411724947611,0
41.844129777807126,0
41.939196280570684,0
41.9392087886645,0
14.229609757641683,0
14.229622641693666,0
14.229635525684856,0
14.229648409615308,0
41.844743572111355,0
41.84475609660885,0
33.164860992762385,0
33.98748425364147,0
33.98749247921941,0
41.48517793549297,0
33.98750893015668,0
40.17008342895011,0
42.3560113010233,0
42.11964866569156,0
18.936457191926877,0
42.11966889381793,0
40.19155061068287,0
40.1915610100819,0
40.191571409405384,0
40.19158180865222,0
38.475955729706214,0
40.19326548835741,0
40.19327587527886,0
40.1932862621251,0
33.22857372224101,0
38.476179139629295,0
38.476189293771284,0
36.30271511936405,0
36.30272478192205,0
41.41717634385398,0
14.214362050468836,0
38.549055272809255,0
42.03549041833671,0
42.03550006299264,0
32.11241470404357,0
32.11242443394744,0
25.02650291532153,0
25.026513448077736,0
40.270248217386154,0
40.270258027881596,0
40.27026783830141,0
38.55125313693014,0
38.55126272604642,0
38.55127231508837,0
40.2703070792241,0
33.98716168479021,0
42.19664708498536,0
42.196656598253156,0
42.1966661114449,0
42.43329529486263,0
42.43330483860953,0
42.04023594570404,0
42.43530732480812,0
42.43531685235851,0
42.43532637983188,0
33.98927128507367,0
33.98928095430287,0
33.7152078786971,0
14.755240022365257,0
14.75525012328852,0
14.755260224151002,0
14.755270324952235,0
42.10773780453667,0
42.107746857386246,0
25.107354943913577,0
32.1868622539769,0
32.186871428919716,0
32.186880603791906,0
36.37720048384557,0
36.37720956675659,0
36.37721864959403,0
36.37722773235947,0
36.37750926189872,0
36.377518342329495,0
17.712216148092736,0
17.712226239683403,0
17.71223633121099,0
17.7122464226764,0
36.377563743390766,0
36.377572823384526,0
36.37758190330479,0
36.37759098315243,0
36.378289912397946,0
36.37829898655656,0
17.713083795834834,0
17.713093882036148,0
17.713103968174636,0
36.37833528246202,0
36.378344356256235,0
36.37835342997758,0
36.378362503625794,0
40.40451774313476,0
40.404526457668084,0
40.404535172125975,0
40.40454388650832,0
40.404892399818635,0
14.824848944488494,0
14.824858615929273,0
14.824868287309073,0
33.7779643934513,0
33.77797305002636,0
42.17047482903902,0
42.170483334777344,0
42.17049184043938,0
17.907051144543402,0
17.90706080093055,0
17.90707045725499,0
17.907080113516486,0
17.907089769715157,0
17.907099425851314,0
42.170551377929485,0
42.17095953395619,0
41.562291295080655,0
39.80365824078427,0
32.588457295916896,0
39.80367515593582,0
25.89711820550376,0
25.89712772168089,0
25.897137237790503,0
42.17102754281288,0
42.17103604357567,0
14.827091083936537,0
14.82710074122312,0
41.379360490062425,0
14.35206861535184,0
42.48893956934825,0
42.62738739381416,0
42.62739452637226,0
14.983084589025466,0
14.983093204830851,0
14.9831018205751,0
14.983110436258059,0
42.53418992837871,0
42.53419708032058,0
42.53426859552661,0
39.74730141247099,0
39.74730859440538,0
39.74731577626551,0
42.534297199464476,0
42.534304350257344,0
33.917354891635085,0
14.983403333164688,0
14.983411946711527,0
14.983420560196905,0
14.983429173621474,0
42.30574962140955,0
42.30575680884556,0
40.56009147088221,0
40.560098712890806,0
40.56010595482397,0
40.56011319668107,0
40.560229056130794,0
15.001620247555053,0
15.00162873100345,0
15.00163721439094,0
33.93303517867159,0
33.933042446923594,0
42.32105403212904,0
41.71053957032453,0
39.95320559199584,0
32.75403978314347,0
39.953219611856355,0
26.068539299100266,0
26.068547514323242,0
26.06855572947883,0
26.06856394456699,0
42.321117233811435,0
15.001934094489457,0
15.001942575678854,0
41.52723867677557,0
15.001959537874882,0
15.001968018881357,0
42.32121553522782,0
42.3212717007371,0
42.32127872108177,0
42.32128574134987,0
18.082769809195497,0
18.082778246830955,0
18.08278668440336,0
18.082795121913065,0
18.082803559360002,0
18.082811996744255,0
42.321334881084994,0
42.5499833220303,0
41.70608570097244,0
41.70609280424702,0
17.363041478008043,0
42.55001124467816,0
42.55001822514916,0
42.5501019848227,0
39.76320849607529,0
39.76321551048571,0
39.763222524821316,0
14.509141102701378,0
41.52786633266766,0
25.389318544610717,0
32.44091048538937,0
32.44091744362703,0
32.44092440179452,0
25.389350146319316,0
25.389358046578906,0
40.596651860904956,0
41.536777189418046,0
41.536783931330206,0
41.53679067316685,0
41.53679741492755,0
41.53680415661225,0
41.536810898220665,0
40.596699817824515,0
40.59670666851099,0
40.59671351912192,0
41.536837863894704,0
41.53684460512363,0
42.74808123285533,0
42.74808777657603,0
40.60199325070306,0
41.542032838226845,0
40.60200683484118,0
40.60201362679726,0
40.602020418677625,0
40.60202721048242,0
42.75314260997655,0
42.75314909417733,0
42.753155578302085,0
42.75316206235007,0
32.446440777077015,0
32.44644767915,0
32.44645458115207,0
25.395633278668527,0
25.395641125540934,0
25.39564897234615,0
32.44648218845674,0
32.44648909010732,0
32.44649599168724,0
36.632569304883475,0
36.632576035091404,0
36.63258276522612,0
14.552451970304716,0
32.80341724812794,0
15.055364338127433,0
36.64324581235249,0
32.80343950148213,0
32.80344691912475,0
39.80672836805573,0
40.60579851499898,0
40.60580526468297,0
42.75685838504404,0
36.63634689061573,0
36.63635357982321,0
36.63636026895739,0
36.636366958019096,0
36.63637364700776,0
36.63638033592389,0
41.57074725040923,0
38.894706941759495,0
42.77240683247635,0
42.53465101198569,0
19.41677876440366,0
42.53466347612161,0
40.62225021000472,0
40.62225677518856,0
40.622263340296854,0
40.622269905329716,0
40.622276470287574,0
33.655734698052925,0
38.89498223443587,0
38.89498863495999,0
38.89499503540989,0
40.62230929394207,0
40.6223158584468,0
40.622322422875754,0
42.53498120834621,0
38.89527018462422,0
38.89527658181177,0
38.89528297892596,0
42.38125400318759,0
42.38126034006723,0
42.38126667687115,0
42.3812730135983,0
38.895314963382276,0
38.895321360050986,0
42.38129202332075,0
42.3812983597422,0
40.622657108687605,0
40.622663669192036,0
40.62267022962112,0
38.89535973850715,0
38.895366134657166,0
38.89537253073294,0
40.62269647058352,0
34.337578701066604,0
42.5351057549839,0
42.53511198151395,0
42.53511820796734,0
42.772888220568774,0
42.772894469375586,0
42.38138706161868,0
42.77290696675965,0
42.77291321533659,0
42.7729194638369,0
34.33764481492952,0
34.33765142592296,0
20.215149038014047,0
39.2471317167946,0
39.24713852446675,0
39.247145332064036,0
39.24715213958763,0
39.24715894703621,0
39.24716575441025,0
20.217441355854533,0
20.217448554308376,0
42.673602875627694,0
41.422069010662426,0
42.94676738860957,0
42.676003486960326,0
42.67600990862229,0
42.676016330207716,0
42.676022751717085,0
42.94679928785453,0
42.94454055103162,0
42.94454691436883,0
42.9445532776285,0
42.94455964081186,0
41.42468279774974,0
41.42468920442337,0
42.94491585690275,0
42.94492221572244,0
42.94492857446622,0
42.94493493313246,0
42.94494129172281,0
42.944947650236315,0
36.8506618488191,0
36.850668514976064,0
36.850675181060325,0
36.85068184707151,0
36.85068851300997,0
36.8506951788755,0
42.94499215768755,0
42.94499851558834,0
42.94500487341307,0
42.94501123116086,0
42.94501758883226,0
36.85073517254125,0
36.85074183789746,0
36.85074850318071,0
36.85075516839112,0
36.85076183352962,0
36.85076849859445,0
42.945062090388944,0
42.94506844744802,0
27.215288392525665,0
27.215140195215312,0
27.21494125189058,0
27.194379558673802,0
27.1943778185005,0
27.194376078257378,0
27.194374337944794,0
27.194372597562293,0
27.214930473691197,0
42.68340756864234,0
24.438942715191786,0
24.438949752672215,0
24.43895679008699,0
20.22845199133579,0
20.22845909234576,0
20.22846619329269,0
1.9446665857437893,0
-2.4742501853699395,1
-2.474244634960243,1
-2.4742390846037523,1
12.687572256321687,0
12.687576257463789,0
23.775055345492873,0
33.74117101840787,0
33.7411738769172,0
33.7411767353546,0
23.775070912249248,0
23.77507480377359,0
33.69354449662126,0
34.51346094861634,0
34.513462662451445,0
34.5134643762149,0
23.77585566202052,0
23.775859540230172,0
33.693847653970124,0
34.51375466972274,0
34.51375637117755,0
34.513758072560506,0
33.693854678971036,0
33.69385643504228,0
39.08190001880905,0
37.99283640142971,0
37.99283859930472,0
37.992840797106055,0
22.744411363016923,0
33.69570118041514,0
34.51554868102025,0
34.515550304818845,0
34.51555192854542,0
33.69570789683229,0
33.695709575757604,0
33.69638366324543,0
23.782586814288848,0
24.695703460383214,0
24.6957071434813,0
24.69571082651379,0
24.695714509479288,0
23.782605624048358,0
23.7826093858026,0
23.782613147490736,0
23.78272972714207,0
32.96811830615502,0
33.69662215275278,0
33.69679717784746,0
37.99563320293743,0
37.99563530445704,0
37.99563740590213,0
32.19908494057725,0
32.19908667179507,0
23.7109594939253,0
27.996667737949736,0
19.032285876624073,0
19.03228894449441,0
12.778986862762281,0
7.462399092549504,0
12.183596427278388,0
12.183598918802787,0
2.746730148405703,0
2.7467323737946288,0
23.71175711793738,0
31.173368486721273,0
31.17337116530726,0
31.17337384382273,0
31.17337652226817,0
13.104732776594986,0
13.104736050374015,0
12.56211350233255,0
-13.281131366791087,1
-13.281128682731634,1
2.0343560345672103,0
2.034358274307806,0
19.90704836640812,0
28.245839670183486,0
28.245842342448526,0
28.2458450146449,0
23.712629286106434,0
23.712633554624702,0
1.5467037664734704,0
7.463718462186662,0
7.463721668089818,0
7.4637248739342965,0
12.77990289990663,0
12.77990509982611,0
19.03390907396799,0
28.24625571661896,0
28.24625837821435,0
3.9790098873245228,0
28.246263701199936,0
19.908474792326558,0
19.908479413627546,0
19.930052975870936,0
3.9795404250742905,0
12.780755385990744,0
-2.3302798256981276,1
-2.330275898653184,1
-2.330271971661361,1
12.78076392446981,0
12.780766058936337,0
12.780768193341117,0
28.970223272900114,0
19.03652508299612,0
3.982022548225217,0
19.03653104181143,0
29.6559260865306,0
19.03656976796158,0
19.03657274645478,0
19.03657572488484,0
28.970272336251057,0
28.970274917844606,0
13.109646319684089,0
20.915353534949475,0
20.915356415979105,0
20.915359296944374,0
13.109659050751759,0
13.109662233369434,0
23.718573496290574,0
19.03769705381322,0
19.03770000834062,0
19.037702962804858,0
23.718590195482193,0
23.718594370114033,0
28.971388833652995,0
19.037871263023973,0
19.037874213830534,0
20.91577348642491,0
20.915776358091207,0
20.915779229693186,0
28.971404142577327,0
-2.185517669056992,1
3.9228654943702708,0
3.922870517828798,0
3.92287554123223,0
3.9228805645802396,0
-2.185489219742678,1
-2.183058787826596,1
3.9250354861905947,0
3.925040485733831,0
3.9250454852215597,0
3.9250504846541503,0
3.925055484031617,0
1.671253850562323,0
1.671258838011454,0
1.6715380489668519,0
17.356830201164584,0
17.356835161306677,0
17.35684012138617,0
14.295336759361916,0
14.295341701965768,0
7.9608295595007945,0
7.960835025966233,0
13.536825135562353,0
13.536830079461225,0
13.536835023299389,0
7.9608568912502875,0
7.960862357427544,0
7.960867823547034,0
14.296550805485836,0
14.214173067945126,0
14.21417799664249,0
14.214182925278777,0
7.961419604927286,0
7.961425065171582,0
7.961430525358537,0
33.71474884063554,0
33.71474852335814,0
34.532843069465855,0
39.09032345897299,0
39.090322686491646,0
25.102097551309768,0
34.532805018407686,0
36.37450321076031,0
34.53280422677173,0
34.532803830846376,0
34.53280343484968,0
39.09020675857431,0
38.02548047191229,0
38.025480539427235,0
38.02548060686823,0
39.09020362373758,0
39.090202839842675,0
10.351899186489803,0
23.86554271437676,0
34.53176360060189,0
34.53176304785936,0
34.531762495045456,0
33.713812545318405,0
33.7138120619467,0
32.219364634346675,0
38.02543901747708,0
38.02543891418287,0
38.0254388108159,0
38.02543870737483,0
23.86587470660426,0
23.865876495057776,0
22.78650167612456,0
22.786501999312648,0
32.21928909565122,0
32.21928871090867,0
32.21928832609686,0
42.259178390914315,0
42.259180443723636,0
19.079939138931636,0
22.538345219852516,0
34.521030972306335,0
27.79656602076963,0
27.796561631719314,0
27.795418174697303,0
29.950372721284694,0
35.286291592379314,0
35.28628639768016,0
35.28628120290887,0
27.795396140156342,0
-6.428468845988746,1
5.599994952906883,0
5.599999884674773,0
-6.428453107710681,1
26.920654586816354,0
28.29471972213709,0
28.294720405556248,0
28.294721088907266,0
23.808805396863335,0
23.80880773074476,0
7.532221271873581,0
1.6318661880350191,0
1.631868302336926,0
1.6318704165835243,0
29.668475190890334,0
31.87034036013435,0
31.870341102943314,0
31.87034184568202,0
29.015986047644205,0
20.016272263890826,0
23.81054861209755,0
19.09630544164466,0
19.09630660335624,0
23.81055546342408,0
23.81055774706728,0
20.685656137712783,0
20.685658776761628,0
29.668719369755678,0
29.66871993805789,0
30.63661244214768,0
23.811465889140962,0
29.614198391789728,0
29.614199748886108,0
29.614201105912812,0
29.70155762847753,0
29.70155817265227,0
13.177202479546793,0
19.09706411554731,0
19.097065235499556,0
19.097066355389288,0
26.92330419181495,0
23.01135324803043,0
27.993230504383504,0
27.99322918292937,0
20.268759764249282,0
35.67872546893861,0
27.992049695558208,0
19.37871273220786,0
19.37871262193076,0
19.378712511590706,0
35.677918363218026,0
20.280277247237905,0
20.280277014487268,0
20.280276781673322,0
10.280987752562368,0
14.36329986265659,0
13.784178742350761,0
13.784183797408417,0
27.093062474789903,0
13.784305100805767,0
28.50650660022727,0
28.506510160892915,0
28.50651372149045,0
15.759724143268173,0
3.64543011010754,0
4.955345735662576,0
27.093759778529005,0
27.093763384968938,0
33.29514337055383,0
33.29514677452141,0
12.168021131592909,0
13.78532470260157,0
13.785329744050102,0
15.760360658929102,0
32.468939904375844,0
34.02171077780835,0
34.021709673316906,0
34.021708568754576,0
35.76239929348398,0
35.762398471627904,0
17.43662837507665,0
17.43662838107548,0
32.468628623024614,0
32.46862757829152,0
35.7620596868548,0
37.03076989263221,0
37.03076981063347,0
42.125744194105636,0
42.125743732186095,0
42.12574327019118,0
18.132507670949778,0
18.1325098891991,0
32.87012241843172,0
32.87012268774615,0
34.281830848699684,0
34.281831476983314,0
34.28183210519629,0
34.281832733338604,0
34.2821278480948,0
37.023484644841034,0
37.0234844809128,0
37.023484316913226,0
37.02348415284152,0
37.02348398869839,0
37.02348382448301,0
42.284885858645765,0
42.28488528095349,0
42.28488470318621,0
18.13537106465111,0
32.87028483475217,0
42.28477889117332,0
42.2847782997471,0
34.729673335674335,0
15.041583655954142,0
22.537407380797276,0
22.537406162295014,0
39.230536936684956,0
-6.290921971926437,1
-7.3894023631977035,1
-7.389397241695875,1
-7.389392120240828,1
5.233870631068655,0
5.233873874556124,0
-0.00017758130596234878,1
5.7252834814809574,0
5.72528674836029,0
-6.29061236864105,1
-6.290608594987873,1
42.86796858567749,0
42.982034944472645,0
42.98203186194425,0
42.98202877934088,0
31.023690723672672,0
31.023689777374926,0
5.810624856052883,0
1.1428055250324576,0
1.1428098968089273,0
1.1428142685337548,0
0.0003556960296577927,0
0.00035913251241481703,0
1.9637006016538976,0
32.406307892407085,0
17.409420487397227,0
17.4094186609007,0
17.409416834343006,0
32.4062953813812,0
32.40629225345086,0
42.6754861375633,0
42.67548319304527,0
42.6754802484522,0
15.058701007283005,0
32.84395233640325,0
36.99074615065493,0
36.99074375720926,0
36.99074136369242,0
36.99073897010433,0
18.606386633997175,0
18.606386812729596,0
18.606386991399987,0
36.99068868828644,0
36.99068629312987,0
36.99068389790193,0
36.99068150260305,0
36.990453624137615,0
36.99045122199547,0
18.606404717920242,0
36.98949680084891,0
36.98949437047915,0
18.60646812214381,0
18.6064682699557,0
18.60646841770553,0
36.98948464828953,0
36.98948221756373,0
36.98947978676679,0
36.98947735589854,0
42.22827715486082,0
41.87092171450897,0
41.87091865735201,0
41.87091560012067,0
41.8709125428158,0
42.228262328731404,0
42.22825936328201,0
42.22825639775843,0
24.94878610577892,0
24.948782570898302,0
42.846588464107185,0
42.846583005255525,0
42.84657754632889,0
42.72824697252025,0
42.72824138153558,0
30.952721014897037,0
42.83540392807808,0
42.83539831855413,0
40.832287094986356,0
40.83228216922137,0
40.83227724338329,0
40.832272317471876,0
34.26137940056799,0
15.655240333372504,0
15.655238911784679,0
15.655237490136528,0
15.65523606842848,0
42.54535068217126,0
42.54534538882737,0
40.828935601650215,0
40.82893062632954,0
15.654386795745182,0
15.654385338563344,0
15.654383881321735,0
34.258839821329445,0
34.25883554672413,0
26.119487048223007,0
26.11947490731859,0
26.11946276634886,0
26.119450625314144,0
26.131029479648788,0
26.13101727832722,0
33.14059178813258,0
33.946764258657765,0
33.94675521303017,0
33.94674616733431,0
41.37071998547566,0
41.37071306064368,0
42.866219976356035,0
42.86621282604983,0
42.86620567566959,0
42.86619852521605,0
42.86619137468898,0
36.8857928544565,0
36.88578665604041,0
36.88578045755426,0
36.885774258998,0
36.88576806037125,0
36.88576186167427,0
42.86614131893657,0
42.86613416782026,0
42.86612701663037,0
42.86611986536661,0
42.866112714029526,0
36.88572466801858,0
36.88571846883025,0
36.885712269571314,0
36.88570607024249,0
36.88569987084324,0
36.885693671373645,0
42.86606265260761,0
42.86605550068168,0
42.866048348682,0
42.86604119660856,0
42.8660340444614,0
20.49276329014033,0
39.27172770228296,0
39.27172124687215,0
39.271714791389,0
39.27170833583435,0
39.271701880207445,0
39.27169542450872,0
20.492148833449747,0
42.60467092338695,0
42.86007958593976,0
42.86359582581622,0
42.60225772985382,0
42.602250577768785,0
42.6022434256092,0
42.60223627337686,0
42.863559753767646,0
41.36453512112283,0
25.78512217416683,0
25.78210058708575,0
25.77210730907916,0
25.772093438169065,0
25.77207956719488,0
25.772065696156346,0
25.77205182505358,0
25.7820169978976,0
25.782003066141428,0
42.59373818804988,0
24.64705074318151,0
24.64704607120011,0
24.647041399155157,0
20.4858148940111,0
20.485810699053857,0
20.485806504035054,0
1.7465952476133424,0
-2.3433383406819956,1
-2.343342408923178,1
-2.3433464772164143,1
12.409881814254831,0
12.409245622477187,0
31.383045732673793,0
37.19071417093784,0
37.1907032649124,0
37.19069235881639,0
37.19068145265072,0
23.402431788066465,0
23.40242390472136,0
33.086709910217394,0
33.086700001717105,0
33.086690093148974,0
23.40054588405674,0
23.400537985715573,0
23.40026150424788,0
32.84619905808793,0
33.648503418759276,0
33.64849235412862,0
32.84616627409915,0
32.846155345968526,0
32.84529181138322,0
33.64758482443591,0
33.64757375419558,0
33.647562683887344,0
23.399558105164985,0
23.39955019898113,0
38.11269028928004,0
37.18318338591004,0
37.18317243182523,0
37.183161477670836,0
38.112642853192455,0
38.11263099399545,0
38.10895127145932,0
37.17972940037606,0
37.17971842432499,0
37.179707448203885,0
22.10543023711901,0
24.280955876960775,0
24.280947730986952,0
24.28093958494958,0
23.39046444027376,0
23.390456462269483,0
23.390185172813304,0
32.31997740140142,0
32.83227748203487,0
32.83226646888693,0
23.389770119308636,0
24.280214334652996,0
32.8275908459255,0
33.62966303154792,0
33.62965185245747,0
33.629640673299576,0
32.82754667881596,0
32.82753563687078,0
32.82115324311226,0
37.162588495099754,0
37.162577410727664,0
37.162566326285315,0
31.355511992518387,0
31.355501160504673,0
23.392168743715658,0
27.540590300403622,0
18.547766330386168,0
12.169007764203897,0
11.625118744310171,0
11.625110243320648,0
2.2373817797235063,0
2.237374072850912,0
30.499719621075073,0
30.499709701891646,0
30.499699782641812,0
30.499689863325187,0
12.71157107654463,0
12.711563593754462,0
18.54414743623326,0
27.601412998554252,0
27.601403398187486,0
3.7109772512054064,0
27.601384197258795,0
-13.55962946109068,1
1.5331237248498724,0
1.533116096176002,0
11.974808519182616,0
-13.560150911869215,1
23.387974551464723,0
1.3043136895483514,0
7.073258043783767,0
7.07325065273821,0
7.07324326163662,0
12.164065527049601,0
12.164056700945167,0
19.683035904238153,0
27.598770448950646,0
27.598760830710205,0
27.598751212404878,0
23.386629041019987,0
29.017300686733066,0
29.01729161364682,0
29.017282540493994,0
28.986036033305993,0
28.986026230940382,0
12.15585707279513,0
-2.5003158423096323,1
-2.500321572433023,1
-2.500327302608298,1
12.155821592803221,0
12.155812722659434,0
12.15580385245714,0
28.981323337541824,0
18.53740926071123,0
18.53740091758297,0
18.53739257439463,0
28.304675655230895,0
28.304665906681592,0
28.303076019381166,0
18.536006771421754,0
3.7047496700852918,0
18.53599006489563,0
12.70257328555084,0
20.381272453846393,0
20.381263828905134,0
20.38125520390291,0
12.702543080548523,0
12.702535529155227,0
23.379724422399164,0
18.534410212630533,0
18.534401847910246,0
18.534393483129975,0
23.37969324157733,0
23.379685446212605,0
28.300174642928866,0
18.533523217611858,0
18.53351484651685,0
20.379546249561642,0
20.379537612398977,0
20.379528975175134,0
28.30011596984815,0
13.86282081792092,0
28.266797200872375,0
28.266790539626584,0
28.266783878314598,0
15.54275561380517,0
3.5185387665511882,0
4.817748772996822,0
8.004113163773525,0
8.004108218087737,0
13.438914976216253,0
13.438909016501952,0
13.438903056728549,0
8.004088434784848,0
8.004083488819163,0
8.004078542797117,0
-2.0156997401252994,1
3.9201450916359164,0
3.920140084746862,0
3.920135077804318,0
3.920130070807744,0
3.92012506375751,0
1.6842943230622325,0
1.684289521895579,0
1.6823889508144276,0
17.221874594191902,0
17.221868224432768,0
17.22186185461301,0
14.18542504512564,0
14.18541896226678,0
14.184384019653294,0
14.10294065267702,0
14.102934568760148,0
7.999854153527195,0
7.999849159811433,0
7.999844166039821,0
24.338175533154384,0
33.282369702781864,0
35.07835379136958,0
33.28234350764106,0
33.282330409970854,0
33.282317312233886,0
32.484321365340804,0
32.48430841670603,0
33.28184574936637,0
33.281832649165864,0
37.72649789350976,0
37.726483956470105,0
23.110277010720083,0
33.253116002392915,0
33.25310275707341,0
32.455438675484544,0
32.45542558017712,0
21.77734023660166,0
21.777329024810157,0
30.994383590171196,0
30.99437074976123,0
30.994357909286094,0
41.387117648777775,0
37.60754174397857,0
33.195522160710226,0
6.923308859548769,0
23.229067812911453,0
18.373908835872086,0
27.40332615235728,0
20.138502444020986,0
42.30296473605989,0
33.101361409822005,0
33.1012075784804,0
22.99390957890823,0
25.87541030003588,0
25.87539396113499,0
25.87055493317439,0
28.196873069203406,0
33.14784683949645,0
33.147828962468026,0
25.8704895038709,0
-6.275079033170599,1
5.590293524525094,0
5.590288547565535,0
-6.275089643595038,1
26.124009938429808,0
27.272520402556722,0
27.272508799395553,0
23.118722212373783,0
23.118712524022953,0
19.435636812189415,0
19.43562788981201,0
19.131394897078692,0
3.486226851018003,0
29.56954706544873,0
23.112713063714367,0
28.61346752610379,0
30.81727500263051,0
30.81726302816844,0
30.817251053640035,0
27.971784865084544,0
19.43174084371023,0
23.109772530842235,0
18.248654176840517,0
18.248643972898392,0
18.24863376889651,0
23.109733544810098,0
23.109723798144557,0
20.077696907968544,0
20.077687803203318,0
28.609018794517596,0
28.60900691904166,0
6.8072893962029895,0
1.0743153249503337,0
1.074307303355198,0
1.0742992817071269,0
12.434521512412559,0
18.239990163278677,0
18.23997990904512,0
18.23996965475216,0
26.10544630420459,0
4.006957258447983,0
21.916748082379186,0
21.91674165672123,0
21.91673523100161,0
21.91672880522019,0
16.011566148731916,0
16.011560075050852,0
13.707115224439377,0
13.70710938323667,0
26.632591971972246,0
26.59598238809555,0
18.29606808255012,0
18.296056637612423,0
18.296045192616262,0
19.156678717598453,0
33.790316669507945,0
21.798583823554495,0
26.58962879342016,0
26.58961523153978,0
33.7820257997526,0
19.16198222320611,0
19.161970545805644,0
19.16195886834582,0
9.01833873769634,0
13.907964660948181,0
-2.16699183100161,1
3.7281646092420715,0
3.7281578576114356,0
3.7281511059274237,0
3.7281443541902206,0
-2.1670191404978567,1
15.308562841809632,0
26.616796969600117,0
26.616788302690566,0
32.72460648599019,0
32.724597020865644,0
11.908536192538918,0
13.696257050547274,0
13.696251102152857,0
31.115060646906983,0
32.63787119416335,0
32.63785741382597,0
32.637843633422364,0
34.40982586822986,0
34.40981214417755,0
16.409693722893223,0
16.409682685816378,0
31.109192363165874,0
31.10917879636125,0
8.73926924468563,0
13.728820915436984,0
27.713908651527433,0
37.01950204321156,0
35.99124959201865,0
35.99123185090778,0
31.670142797317652,0
31.670126369965118,0
31.670109942548294,0
27.703116510283806,0
27.70310013789205,0
35.805900355520606,0
35.80588733607706,0
40.77805561978042,0
40.77804166443181,0
40.77802770901275,0
17.493266611515466,0
17.493257576809015,0
33.197232358644555,0
35.78316822198383,0
35.783155122425995,0
35.783142022801,0
35.78312892310859,0
35.78311582334885,0
35.78310272352121,0
40.91412136151828,0
40.91334668707415,0
17.48004038484271,0
31.73917529211255,0
31.73916298140179,0
31.73915067062552,0
33.194085754283776,0
33.19407354950121,0
33.19406134465217,0
33.194049139736364,0
-6.408950164816076,1
-7.236452372097418,1
-7.236455808295332,1
-7.236459244538523,1
4.915791721704508,0
4.9157851168273226,0
-0.2361232070904009,1
5.407898327662878,0
5.407891706645074,0
-6.409329939757285,1
-6.409334938576933,1
41.0091258774647,0
41.14581062742246,0
41.14579406756499,0
41.145777507638684,0
29.68704945580248,0
29.687036115492717,0
15.797583785890367,0
19.002748976111306,0
19.002740725834812,0
19.002732475498917,0
15.797552317028249,0
15.797544449667313,0
4.059822120953598,0
3.8935691005188886,0
3.8935646432517217,0
17.808946915497387,0
19.84468371918709,0
19.844676171116234,0
19.844668622985253,0
17.80891411629304,0
17.808905916344273,0
15.784914081285592,0
18.98946382687579,0
18.989455481037638,0
18.98944713514021,0
17.80713334250933,0
17.807125129737457,0
17.80711691690678,0
30.635665783768644,0
16.02198390092721,0
16.021971005006193,0
16.021958109027963,0
30.63560311811841,0
30.635587451545206,0
33.90355824288588,0
32.78919387581166,0
14.724731404844718,0
14.724720888219366,0
14.724710371536887,0
14.724699854797649,0
40.8537565124378,0
40.853740087091296,0
31.306885694422334,0
35.327299167795616,0
35.32728388553679,0
35.32726860321185,0
35.32725332082023,0
35.32448611499365,0
35.324470820525534,0
17.57544315320382,0
17.57543204338937,0
17.57542093351654,0
17.57540982358522,0
35.324394347188615,0
35.32437905232226,0
35.32436375738939,0
35.32434846239056,0
35.31839367491216,0
35.31837835403837,0
17.571016828663844,0
17.571005695583793,0
17.570994562445065,0
35.31831706987927,0
35.31830174867346,0
35.31828642740129,0
35.318271106062866,0
40.40637848438004,0
40.406362079794604,0
33.09462103964546,0
13.963715377513012,0
40.404376614824855,0
40.40436020180772,0
40.037124758242925,0
40.03710833091131,0
40.037091903510884,0
40.037075476041935,0
40.40427813568468,0
40.404261722252556,0
40.404245308751825,0
40.40422889518152,0
23.17629996844586,0
23.176284749477077,0
40.54539138828724,0
40.5453724941035,0
40.54535359985178,0
40.405125923727695,0
40.40510692884055,0
5.228789760837913,0
0.8713697400498859,0
0.8713629878401861,0
0.8713562355813878,0
-0.4755632334679092,1
-0.47557088621378796,1
1.4383208558801073,0
29.172843348269268,0
40.51391409588888,0
40.51389508840691,0
20.73679230434277,0
20.735828291619185,0
20.735813458727634,0
36.85620890331674,0
38.61456596165928,0
38.61454766682854,0
38.6145293719305,0
38.614511076965215,0
38.597614458114805,0
38.59759610098416,0
14.316392624047822,0
14.316380100097291,0
14.316367576090542,0
32.22871079909976,0
32.22869384449032,0
40.212966737956776,0
40.21294782354235,0
40.21292890906025,0
13.541319661257063,0
22.66897081353879,0
22.668946991412994,0
22.668923169230467,0
22.66889934699094,0
22.668888530869182,0
22.668864647992876,0
30.235999868004527,0
31.01104631793305,0
31.0110248299801,0
31.011003341965846,0
40.21077282769372,0
34.46946523330365,0
34.469446193928974,0
34.46942715448972,0
34.46940811498607,0
34.469389075418036,0
34.46937003578569,0
40.21062873595383,0
40.210608151151035,0
40.21058756628028,0
40.21056698134336,0
40.21054639633823,0
40.21052581126628,0
40.21383348549176,0
39.96595474561525,0
39.96593423862083,0
39.9659137315588,0
39.96589322442978,0
40.21373055321118,0
38.770173122982044,0
38.7701529152252,0
40.20661342814998,0
40.206592830242016,0
40.20657223226689,0
40.20655163422461,0
40.206531036114825,0
40.206510437937965,0
34.46552270985086,0
34.46550365714768,0
34.46548460437967,0
34.465465551547794,0
34.46544649865123,0
34.46542744569044,0
40.20636624881885,0
40.20634565010408,0
40.20632505132281,0
40.20630445247423,0
18.627718029577977,0
18.62770263895146,0
22.661743007003977,0
22.661726752476568,0
22.661710497890382,0
39.89592525576839,0
39.895904724729576,0
39.895884193623914,0
39.89586366245183,0
36.77798302344624,0
36.77796343245629,0
36.777943841400656,0
36.7779242502788,0
36.77790465909152,0
36.77788506783821,0
36.77786547651911,0
18.62493139835108,0
18.62491599741574,0
39.95591881629693,0
38.763622334526445,0
39.93326384925979,0
22.64084005716768,0
22.64082372715555,0
22.64080739708514,0
18.607847706943915,0
18.607832242983733,0
18.607816778966892,0
32.01019470404839,0
39.86668309773279,0
39.86666247156438,0
32.009112044960204,0
32.00909369289516,0
32.0090753407664,0
32.0090569885738,0
-0.28720447107920677,1
-4.00810376405056,1
-4.008117292126585,1
-4.008130820250571,1
10.081174713008664,0
10.081157080889326,0
28.28560760898135,0
33.99123657084712,0
33.991213327020546,0
33.99119008313173,0
33.99116683918069,0
20.87896994023292,0
20.878950892424342,0
20.87822703360048,0
30.110475005859854,0
30.110453114492145,0
30.11043122306404,0
20.878150833161627,0
20.87813178291009,0
29.689412832701635,0
30.45939417088934,0
30.459371173573388,0
30.459348176197267,0
29.689321677493453,0
29.689298888541586,0
34.73943920498618,0
33.97979307388309,0
33.97976979936871,0
19.36048849197536,0
29.679813485196846,0
30.449706970316427,0
30.449683947618183,0
30.44966092485957,0
20.867740942656823,0
20.867721861386414,0
20.86333166040643,0
21.71520305096952,0
21.71518371123051,0
21.71516437143417,0
21.71514503158079,0
20.86323618788832,0
20.863217093214104,0
20.86319799848323,0
29.673331915847683,0
30.443166101678585,0
30.443143061862145,0
30.443120021985152,0
29.673240591622573,0
29.67321776041669,0
28.25607761336269,0
20.852151742344248,0
29.365316943567976,0
29.661040201548843,0
29.661017338352224,0
29.660079895724905,0
33.957374171341,0
33.95735083685531,0
33.957327502306896,0
28.252885109605145,0
31.97352590010496,0
-0.6695172550956414,1
4.863558554078239,0
4.8635414584988865,0
4.863524362867892,0
9.666675130860483,0
9.666656279817914,0
9.50058731688641,0
-15.278039019351823,1
-15.27805236690979,1
-0.6602922172885286,1
-0.6603088572726392,1
4.858016893575538,0
-0.6745917638078822,1
-0.6746073378196797,1
-0.6746229118806326,1
0.014089634541278429,0
0.014072823827248726,0
9.657865930101707,0
4.855500840348768,0
4.855483720533101,0
9.167563047068768,0
9.167544470405389,0
9.644848861430091,0
9.644829955195036,0
-15.425481158585242,1
-3.498157132467753,1
2.1813133556001674,0
2.1812990427331442,0
2.181284729816028,0
2.1812704168489034,0
2.1812561038320695,0
6.681976432787451e-05,0
5.290779766653486e-05,0
-0.0032456080503493467,1
15.136503570755181,0
15.136049419808927,0
15.13603259861955,0
12.175409051796947,0
12.175392785626599,0
6.22923430069406,0
6.229219604751762,0
11.443249105836315,0
11.443232979297505,0
11.443216852704353,0
6.229013856084421,0
6.2289991593597875,0
6.228984462583327,0
12.168849364148684,0
12.089659758465984,0
12.089643486300744,0
12.08962721408112,0
6.225205662820514,0
6.225190952595199,0
6.225176242318042,0
2.3130185739216813,0
2.313006351527605,0
2.3129941290841174,0
23.147438811825296,0
23.147422130489886,0
20.066883934611667,0
20.066868584119078,0
7.397768023054141e-05,0
29.948419418983775,0
34.21049845051874,0
34.210472949431846,0
34.206494030177026,0
33.466383465068105,0
33.46635886380835,0
33.46633426248789,0
34.20639198701741,0
34.20636647607458,0
21.59309690440304,0
29.93563481599203,0
31.657559645956354,0
29.935586174026923,0
29.935561852955345,0
29.935537531824494,0
29.17021139928829,0
29.17018729422182,0
20.411806498384166,0
29.901698269631396,0
29.901673866137486,0
29.901649462584615,0
29.136624287132733,0
29.136600100117363,0
18.87804765533491,0
18.878026254465837,0
27.737471882530187,0
27.73744808723147,0
27.737424291874916,0
16.201312482039384,0
13.283443978383843,0
29.671891829778005,0
33.17651346305982,0
22.11320400479603,0
22.113177549970302,0
22.10706504678363,0
24.55079102415924,0
29.065627499044695,0
29.06559892446853,0
29.065570349835994,0
22.10693270984963,0
24.36566576256827,0
15.666956139663498,0
15.66693623191,0
15.666916324102345,0
26.081356278030697,0
26.081334330065488,0
16.50138039616897,0
16.5013602445687,0
16.50134009291415,0
17.02076506029894,0
10.04475766319537,0
10.043532276397684,0
15.653865098268213,0
15.653845155007204,0
15.653825211692194,0
24.351034671421942,0
24.35101251741567,0
26.063998797560643,0
26.578471831529995,0
26.57844913835082,0
26.578426445112427,0
1.3637218719618431,0
20.53728560005362,0
2.7698748066823384,0
19.940646436780284,0
19.940629830870407,0
19.940613224903075,0
19.940596618878587,0
14.137352841646504,0
14.137337072570404,0
30.05845735660786,0
16.349422205250804,0
16.34940094240224,0
18.85782672282167,0
23.40505999341171,0
23.405036292269685,0
15.51288789830653,0
15.512866890800836,0
15.512845883242235,0
15.512824875630827,0
16.333635879934747,0
30.051874934817604,0
11.730509510440527,0
-3.8114571928776684,1
1.8283157691788858,0
1.8283002806157782,0
1.8282847920033873,0
1.8282693033415,0
-3.811526124857977,1
2.6962644172441657,0
31.14479811337992,0
27.90830564601889,0
29.37875339848192,0
29.37872893294255,0
29.378704467343567,0
31.142755377186916,0
13.734206373419127,0
13.73418597898413,0
27.902159982459125,0
27.902135874295524,0
5.737840997008377,0
9.156529577520672,0
23.043870188000525,0
13.730693325138404,0
16.85196450624308,0
16.85194676601523,0
16.85192902573212,0
15.698855935706561,0
15.69883841921326,0
15.698820902665517,0
13.729409988780475,0
16.850633835932996,0
16.85061609156368,0
16.850598347139552,0
13.729341535675061,0
13.729324422264312,0
2.4626123073492465,0
2.462599468365781,0
15.684456488143027,0
17.81248681331091,0
17.81246971764905,0
17.812452621931712,0
15.684228185888799,0
15.6842106237943,0
15.684193061645104,0
15.682787912601086,0
16.835620157718623,0
16.835602366703142,0
16.835584575632595,0
2.6173766815236235,0
2.6173637813237036,0
2.613853094486174,0
17.30368267959203,0
17.303665753966015,0
27.271311973272276,0
13.199619270901081,0
13.199597559280832,0
13.199575847609154,0
27.271209630625123,0
27.271184044819094,0
29.68687998681004,0
12.372043656520106,0
12.372024477412438,0
12.372005298252432,0
12.371986119040045,0
20.011974600797515,0
20.011951868878512,0
26.296716789789414,0
26.296690968474607,0
20.11319855326414,0
36.81197731373237,0
36.81194835623137,0
36.81191939866957,0
10.901081559367853,0
36.65829500560784,0
36.71349700741558,0
36.7134685523919,0
29.025209020138774,0
29.02518299218532,0
36.68016265475805,0
36.68013412793209,0
36.68010560104503,0
14.695916964018124,0
14.695895584851925,0
14.695874205632961,0
14.695852826361445,0
14.695831447037122,0
36.67993443843318,0
36.67822269086312,0
36.08556093210393,0
34.490389825218244,0
28.13316646066535,0
34.490334140197916,0
22.048437493995465,0
11.001984879359611,0
22.048390376057668,0
26.54450680162398,0
27.28712799793084,0
27.2870981196821,0
27.28706824137872,0
35.198776569941856,0
36.562301887270365,0
31.071509248354488,0
31.071481341717288,0
31.07145343502205,0
31.07142552826818,0
31.0713976214563,0
31.071369714585956,0
36.56209313880163,0
36.56206331734978,0
36.56203349583686,0
35.18845559825297,0
35.18842626672728,0
36.56104935192627,0
36.56101952835331,0
36.56098970472004,0
36.56095988102618,0
36.560930057271776,0
36.56090023345638,0
31.070197573394722,0
31.070169664017754,0
31.070141754582494,0
31.07011384508911,0
31.07008593553732,0
31.070058025927295,0
36.560691465054305,0
36.56066164075489,0
36.56063181639445,0
36.560601991973215,0
36.56057216749173,0
36.563701881524906,0
36.328043515434075,0
36.32801377920998,0
36.32798404292518,0
36.327954306580125,0
36.56355275181389,0
36.24537007708591,0
36.2453403157827,0
28.744669739427223,0
28.744642670639536,0
28.744615601794052,0
28.744588532890702,0
28.74456146392994,0
36.30477130997389,0
19.707680798446944,0
19.707656386195865,0
19.707631973890983,0
15.81767324645611,0
15.817649953928026,0
15.817626661347802,0
-3.0042737524761236,1
-6.43725280086413,1
-6.437272946535799,1
-6.437293092251053,1
7.007563268478194,0
7.00753829077307,0
35.49003821863752,0
15.225952689908624,0
15.225928124113992,0
19.08765143835066,0
19.08762571281717,0
19.087599987231073,0
35.487413772978016,0
35.4873825270644,0
35.48735128109172,0
32.521566898549935,0
32.52153672345037,0
32.52150654829231,0
32.52147637307678,0
32.521446197802334,0
32.52141602247019,0
32.52138584707956,0
15.202961402185423,0
15.202936788709707,0
35.5205362815816,0
6.419333839417263,0
1.8833159798935526,0
1.8832918405410908,0
5.971732053024596,0
5.971706264950328,0
-2.8815148291559183,1
-2.8815381800805255,1
6.26510925183743,0
-17.61645921589819,1
-17.616478166837837,1
-3.542215908889588,1
-3.5422390731885116,1
-3.4174496051928998,1
1.8704190042726339,0
1.8703948403015431,0
1.8703706762846508,0
6.405294761527102,0
6.405268653867935,0
6.3836303831081835,0
6.383604241856759,0
-17.762478836572654,1
0.04680605395977011,0
0.04678698369635015,0
0.046767913387668614,0
20.142581234871486,0
20.14255642226341,0
17.26722214877975,0
17.267198836615407,0
-2.024718375878791,1
13.15947340066306,0
22.975784522171566,0
35.14241759511941,0
35.142385067882344,0
17.74077623018131,0
17.740742540326195,0
17.735857024105073,0
20.238154051522187,0
24.3595651633769,0
24.359528965798546,0
24.35949276817179,0
17.73568854076774,0
34.64734526594057,0
14.223420323233057,0
34.647279760642704,0
33.03928717699472,0
33.03925511962291,0
33.039223062194,0
33.039191004707135,0
34.543608662140315,0
34.86625545727986,0
34.86622262639145,0
34.86618979544548,0
27.355683098599584,0
27.35565298955187,0
33.021903674444076,0
26.732564438728986,0
31.40076322341048,0
31.400731638471,0
31.40070005347522,0
33.0217432316268,0
33.02171114289132,0
33.02167905409857,0
1.2691694494972978,0
-3.973364688400494,1
-3.973388072883182,1
-3.9734114574090853,1
20.53802986376958,0
12.202551206161075,0
12.202523816760433,0
12.2024964273118,0
22.261845853628856,0
22.26181566047157,0
12.998198206637852,0
12.998170525782385,0
12.998142844878416,0
13.661476898179188,0
6.803070682235713,0
6.798701377761105,0
12.182187591581481,0
12.182160166362692,0
12.182132741095643,0
20.515501707207505,0
20.515471529746478,0
22.234983199443263,0
22.65245915725677,0
22.652428289944083,0
-1.5478610382093905,1
17.00384807767996,0
0.5555713426805085,0
16.91935529140592,0
16.919330674566666,0
16.9193060576752,0
16.919281440731766,0
11.266956897326267,0
11.266933503534005,0
15.070826018935449,0
19.366368987747208,0
19.366337587049813,0
25.502636613603187,0
12.690305297572678,0
12.690276690939868,0
19.361281434165562,0
11.897801077240402,0
11.897772777295955,0
11.897744477304485,0
12.676531587884568,0
25.498084931034242,0
26.93059010530382,0
23.786141241100395,0
25.19505433935055,0
25.19502169202687,0
25.19498904465108,0
26.92528443682579,0
26.92525147803444,0
10.215038657178269,0
10.215011031490064,0
23.775680005894756,0
23.775647809038688,0
6.624671382073302,0
2.0508637178691913,0
11.411301675865516,0
13.86128398897975,0
33.118811933455646,0
33.118777925173106,0
11.876242940346557,0
11.876216802425589,0
33.73258497523014,0
30.536399971445675,0
30.53636689598882,0
30.53633382047687,0
33.63370757534341,0
33.63367333926402,0
33.63131091369442,0
33.63127667367027,0
30.53391915935144,0
30.5338860797644,0
30.53385300012185,0
33.63113971301095,0
33.63110547270506,0
32.112996509780004,0
32.11296285633375,0
32.112929202831396,0
30.50607977935975,0
30.506046653476233,0
30.506013527537263,0
32.11279458826343,0
26.48214352322725,0
33.69457172951661,0
33.694537359380405,0
33.694502989187896,0
33.914313014222216,0
33.91427856756388,0
33.680716010572354,0
26.234618788752627,0
28.505787836137245,0
28.50575541885692,0
28.505723001522625,0
28.505690584134143,0
28.505658166691006,0
28.505625749193968,0
33.199371708003326,0
33.199337548121946,0
33.19930338818435,0
11.83092526904278,0
24.8065961605608,0
24.806565084771123,0
24.806534008928566,0
26.231797130358643,0
26.231765776144982,0
26.231734421877178,0
33.19602377265517,0
33.19598960726938,0
26.463908393376585,0
33.674765221437724,0
26.231201391076354,0
33.885702907894796,0
10.587495134317109,0
13.599052527561255,0
13.59902691827618,0
13.599001308941425,0
10.587396021938403,0
10.58737124372226,0
3.314897926998128e-05,0
1.320676587113212e-05,0
12.465779824363665,0
13.579395584497206,0
13.57936993703997,0
0.1517525000633242,0
0.15173250384691528,0
12.465323541649838,0
12.461926268432848,0
14.644847285125948,0
14.64482219193276,0
14.644797098688898,0
12.461824843690053,0
12.461799487381441,0
10.559663681066652,0
13.57028761126766,0
13.57026194615068,0
13.570236280983877,0
12.456676502670447,0
12.456651136358545,0
12.456625769997487,0
14.16603474796716,0
14.166009856973744,0
0.1410880790671456,0
22.825291900293664,0
9.398645069303129,0
9.39861612096206,0
9.398587172575589,0
22.82515722230397,0
22.825123552680907,0
32.79102717323701,0
32.79099159263083,0
32.7909560119696,0
11.731899493630436,0
11.731872014708884,0
11.73184453573947,0
11.731817056722306,0
11.731789577657224,0
32.790742526845946,0
8.97374579323899,0
32.78341166903809,0
32.78337607665344,0
32.35311653812806,0
32.353081029699126,0
31.99895671473334,0
31.99892130006262,0
31.998885885336733,0
31.998850470556732,0
32.352903486731236,0
32.352867977973034,0
32.352832469160006,0
32.35279696029218,0
16.038187902083564,0
16.038157381012084,0
21.850770067813613,0
21.85073630533185,0
15.966823603478133,0
31.85928717876166,0
31.85924974132311,0
31.859212303831868,0
7.17188935549062,0
31.697126469400786,0
23.773516607494997,0
8.268901348921744,0
8.268873596636098,0
30.38336998338744,0
30.383333634732352,0
30.38329728602426,0
30.383260937262918,0
24.5612353810412,0
8.266431216187172,0
8.266403459826321,0
8.266375703419754,0
26.863924582555967,0
26.863889571450557,0
26.863854560293575,0
26.863819549084738,0
26.863784537824145,0
31.11226086470117,0
26.866532512714144,0
23.765493094955445,0
23.765459517629836,0
26.853874270832648,0
26.853839244871367,0
26.853804218858343,0
32.13655153868868,0
32.13651436287748,0
10.984316635689439,0
26.85366411428845,0
30.365370893349905,0
8.255075044778792,0
8.255047269694586,0
8.255019494564436,0
24.54714500453524,0
24.547110876851917,0
31.80216771237241,0
31.236218080351165,0
29.727343614028086,0
23.73800974230177,0
29.72727115628865,0
17.96611458622229,0
7.361877948436302,0
17.966051878946814,0
31.532811959419604,0
31.53277377177392,0
26.347282780195513,0
26.347246804269616,0
26.347210828292518,0
26.347174852264544,0
26.344944238983913,0
26.344908259744685,0
31.530176888220666,0
31.53013869693831,0
31.530100505603258,0
31.53006231421554,0
31.53002412277516,0
26.344692383239718,0
26.344656403643597,0
26.344620423996716,0
26.344584444298803,0
26.344548464549973,0
26.344512484750254,0
31.52975678121618,0
31.529718589353934,0
31.529680397439307,0
31.529642205471674,0
31.529604013451547,0
31.52956582137861,0
31.53250097706305,0
31.31069605530854,0
31.310657959702894,0
31.31061986404424,0
31.31058176833332,0
31.532310009128565,0
13.295300558308213,0
21.57787253107867,0
21.577835258305285,0
21.577797985485176,0
13.295166434184381,0
13.29513290304287,0
20.942366902050097,0
21.64034047106955,0
21.64030229742329,0
21.6402641237312,0
13.293456289623975,0
13.293422756228765,0
20.940055949818685,0
21.638011795078754,0
21.637973618646797,0
21.637935442169464,0
20.93990440606032,0
20.939866520007158,0
13.285977248717927,0
14.054796864815359,0
14.054762990162942,0
14.05472911546589,0
14.054695240724655,0
13.285809532033298,0
13.285775988563685,0
13.285742445050317,0
20.92713423395608,0
21.624990985161745,0
21.624952793162493,0
21.624914601117297,0
20.926982628232807,0
20.926944726688248,0
13.277858494355499,0
20.921133382922065,0
20.924518933376405,0
20.924481028879896,0
27.944855548126398,0
27.944817996229233,0
27.944780444281065,0
-5.62618438129725,1
8.46335437654372,0
8.463323467600304,0
8.463292558611514,0
5.7051883223513045,0
5.705158304638985,0
0.2799596511207625,0
0.27993178273733577,0
5.025994806164817,0
5.025965013739281,0
5.025935221269734,0
0.2798203087787243,0
0.2797924401829732,0
0.27976457154447587,0
5.701405742707109,0
5.6279076425146854,0
5.627877643967722,0
5.627847645376846,0
0.2780645042886647,0
0.27803663301703807,0
0.27800876170284994,0
-8.742107571982814,1
-3.597742651842438,1
-3.597769610444928,1
-3.5977965690882456,1
-3.5978235277720074,1
-3.597850486496526,1
-5.631339455719726,1
-5.631365761051498,1
21.174571046836036,0
21.17453232409494,0
21.174493601308896,0
20.4799797284181,0
20.47994129872272,0
20.479902868982734,0
19.19224582998197,0
24.520645413886015,0
24.520605845079373,0
24.52056627622619,0
24.52052670732634,0
12.868194283679358,0
12.868160198363114,0
12.866080911686367,0
21.154041688788894,0
21.154002942212088,0
21.153964195589822,0
20.45960571521151,0
20.459567261796025,0
20.45779835631741,0
24.51597597263718,0
24.51593639832528,0
24.515896823966543,0
19.187619662479406,0
19.187581740346758,0
30.33721425785245,0
30.659332973102266,0
29.482778908118064,0
8.128995637933116,0
8.128966596884169,0
5.306291804644545,0
-9.029357249358142,1
-3.9101184137466305,1
-3.910145837280922,1
-3.9101732608552595,1
-3.9102006844699844,1
-9.029483387811041,1
-3.1035592496153583,1
15.436706324460957,0
21.144934369397376,0
21.144897859317183,0
21.144861349189256,0
5.64847194155189,0
21.14478832879135,0
5.632273888510156,0
4.650145881887482,0
7.7369348272142275,0
10.654911569469405,0
10.654880977978394,0
6.063046232193656,0
10.654819794860572,0
7.736786645323093,0
7.736757008812106,0
9.563909738211848,0
10.643926308602005,0
10.643895700823705,0
10.64386509299996,0
-2.17304133757672,1
-2.1730658952842106,1
9.562396549705454,0
11.764686357747152,0
11.764656200361458,0
11.764626042929308,0
9.562275489771523,0
9.562245224675763,0
9.56221495953514,0
7.720657847650898,0
10.638110016318038,0
10.638079399921807,0
10.638048783480343,0
9.55803793913114,0
9.558007667744363,0
9.55797739631275,0
-2.1790100965909147,1
11.310044587276181,0
11.310014649550482,0
29.32629549067144,0
29.326254691429767,0
6.180643895387149,0
6.180612992778322,0
6.180582090126649,0
6.180551187432073,0
29.254601079362345,0
29.25456031632558,0
29.25231827293881,0
26.899931339326386,0
26.899891617257694,0
26.89985189514033,0
29.2521552093869,0
29.249953773794658,0
26.897627378689833,0
26.897587653791135,0
26.897547928843807,0
27.660534458056176,0
27.66049445709608,0
27.655613970640246,0
28.412501924698233,0
27.655533956562365,0
27.65549394944945,0
27.655453942287238,0
27.65541393507597,0
29.364405279478945,0
29.36436443790329,0
29.364323596278183,0
29.36170962914936,0
20.704781170615078,0
20.704744096130938,0
20.704707021600058,0
15.02773281286251,0
15.027698363687563,0
27.647691621964924,0
28.404507964026322,0
28.404467585573386,0
28.404427207070924,0
28.404386828519137,0
28.404346449917952,0
27.64745152067627,0
27.64741150362262,0
29.231398900313863,0
28.56308142755212,0
28.563040963668243,0
8.199463048916328,0
29.231235735049523,0
29.231194943609665,0
29.231154152119956,0
27.631200552020616,0
28.387867860684167,0
28.387827461888975,0
28.38778706304403,0
29.34091319412842,0
29.340872324056306,0
4.868582482487753,0
5.744440094054212,0
5.744408598560412,0
27.802591087136193,0
5.744345607446064,0
5.744314111826043,0
18.484691535380833,0
19.16406096090931,0
19.164020039245955,0
19.163979117540435,0
28.559783369390615,0
28.55974143027663,0
28.559699491114188,0
23.542746989517468,0
23.542707380218346,0
23.542667770872484,0
23.542628161479414,0
23.542588552039405,0
23.542548942552173,0
28.559405915620857,0
28.559363976071026,0
28.559322036472835,0
28.559280096825958,0
28.55923815713072,0
23.54231128464339,0
23.542271674827603,0
23.542232064964693,0
23.54219245505496,0
23.542152845098045,0
28.55898651794226,0
28.558944577907994,0
28.55890263782534,0
28.558860697694143,0
28.5588187575145,0
28.561652222248426,0
28.347229003906122,0
28.347187163570254,0
28.3471453231857,0
28.347103482753297,0
28.561442513682948,0
10.662098505632628,0
18.658074683108822,0
18.658034078519094,0
18.657993473887146,0
10.661951695485172,0
10.661914992847457,0
17.98117447016277,0
18.656787919292896,0
18.656746482799576,0
18.65670504626479,0
10.66118093159821,0
10.661144228111183,0
17.97866543798051,0
18.654260217372013,0
18.654218778351165,0
18.654177339288808,0
17.97850090591818,0
17.978459772799667,0
10.653141902934962,0
10.653105190595,0
10.65306847821455,0
10.651049235052497,0
11.39441272340595,0
11.394375661423112,0
11.394338599399887,0
11.394301537335693,0
17.966570573446205,0
18.64207536088618,0
18.64203390968639,0
18.641992458445017,0
17.96640599289171,0
17.966364847650098,0
10.642713974319292,0
18.02248302069289,0
17.96015144307806,0
17.960110291570786,0
17.958176124229666,0
21.94244658904205,0
21.942404200889214,0
21.942361812693647,0
16.722233628520726,0
16.722193031968175,0
24.995561341555117,0
24.995520121825436,0
-1.9197709359075787,1
-1.919801862900016,1
2.6784821392131875,0
2.6784491859328767,0
2.6784162326118945,0
-1.9199255712630787,1
-1.9199564984520237,1
-1.9199874256805458,1
-10.699397461733739,1
-5.721853911951783,1
-5.721883797871172,1
-5.7219136838282765,1
-5.7219435698230825,1
-5.721973455855277,1
-7.704538482504574,1
-7.70456765919775,1
3.336174308481688,0
3.2645973064156095,0
3.2645641319322323,0
3.2645309574077004,0
-1.921688483753897,1
-1.9217194131826005,1
-1.921750342650796,1
-7.706872734719354,1
6.0226359532795755,0
6.022601785697503,0
6.0225676180738645,0
3.3340493555884763,0
3.334016151873996,0
18.153857704852086,0
18.15381577257564,0
18.153773840258467,0
17.481784046149855,0
17.481742422031445,0
17.481700797872648,0
16.227136616922067,0
21.425304882932167,0
21.42526197779675,0
21.425219072619043,0
21.42517616739896,0
10.192324834209629,0
10.192064347477071,0
18.127348383591766,0
18.12730642557412,0
18.127264467515715,0
17.455469517755034,0
17.455427868012265,0
24.955847986835906,0
27.25741698296109,0
24.64159139913002,0
22.616286521100776,0
27.579006674780885,0
10.048277576403123,0
27.28131717458575,0
27.075960907567875,0
8.254401137756204,0
27.07587464224666,0
5.806917283657626,0
5.806884975027259,0
2.87363783868075,0
-11.048084012866966,1
-6.099297149107997,1
-6.099327503643153,1
-6.0993578582152,1
-6.0993882128243655,1
-11.048224270069724,1
-5.313360340241999,1
26.47255690713243,0
26.472513133378712,0
26.676479062015957,0
26.676435193784968,0
2.1401856984124805,0
5.3937569152333396,0
8.237070516049158,0
8.237036648972193,0
8.237002781853661,0
5.39362558792368,0
5.393592755993893,0
7.170575359954171,0
8.223554220196291,0
8.223520336376012,0
8.223486452513512,0
-4.130923055213543,1
-4.130950666823239,1
7.165783224557572,0
9.371771381293101,0
9.371737857296736,0
9.371704333257213,0
7.1656491665921465,0
7.165615651996987,0
7.16558213736019,0
5.3722104802391755,0
8.214844698370882,0
8.214810803769907,0
8.21477690912674,0
7.16182823504046,0
7.1617947157074155,0
7.161761196332719,0
-4.138876824759507,1
8.935512049404835,0
8.935478754441476,0
26.05612160594123,0
23.784181678452498,0
23.78413845318937,0
23.78409522788141,0
26.055944314718005,0
26.05589999179955,0
26.054836228208444,0
23.78292812775257,0
23.7828849011988,0
24.522358443048603,0
24.522314909113575,0
24.521270081213018,0
25.250563802323413,0
24.521183011054987,0
24.52113947590874,0
24.5210959407179,0
24.52105240548194,0
26.16653748843929,0
26.16649309459578,0
26.166448700707335,0
12.320430341905606,0
17.79711803827999,0
17.797077598258383,0
17.797037158193646,0
2.8377144728362538,0
17.79695627793575,0
17.794853331025493,0
17.794812888602394,0
17.794772446136392,0
12.318166647523284,0
12.318128918008298,0
26.15970030477726,0
24.50912206124373,0
25.238311467231014,0
25.23826754575329,0
25.2382236242306,0
25.238179702662734,0
25.23813578105006,0
25.238091859392554,0
24.508817227326276,0
24.508773679444403,0
24.49453111800375,0
25.223595256053443,0
25.223551319510136,0
25.223507382921724,0
26.140825901464012,0
26.140781481493775,0
2.4188493659591046,0
3.300410972593056,0
3.300376485466188,0
3.300341998300752,0
3.300307511096719,0
3.300273023853606,0
25.478737961875723,0
24.839550738509374,0
24.839506174507846,0
5.263023457977724,0
25.478558353742443,0
25.478513451598175,0
25.478468549409584,0
25.544422504678764,0
25.544377562999088,0
3.296203257525832,0
3.296168765678445,0
3.2961342737923616,0
3.29609978186771,0
25.475953956039973,0
15.342300517977463,0
15.998504504044035,0
15.998460598329558,0
15.998416692576797,0
24.36498572509076,0
24.335852884371647,0
24.619079027991134,0
24.619033122498863,0
24.61898721696349,0
17.89539180977694,0
17.895349221774097,0
24.617105052931677,0
24.417455501260505,0
6.120484141977585,0
24.417363881750063,0
22.999534489850376,0
22.999489448863514,0
22.99944440783382,0
22.999399366761324,0
22.99480495251794,0
17.34087243350396,0
21.52890374340471,0
21.528859381265164,0
21.52881501908324,0
22.994579724683675,0
22.994534678988458,0
22.994489633250353,0
24.1632877764837,0
21.28761830061309,0
21.287573709838213,0
21.28752911902164,0
24.07977184336309,0
24.07972585581568,0
19.505480387756947,0
19.505436673377204,0
23.616567969285313,0
1.4511278488960642,0
19.5039940755414,0
19.503950359749055,0
4.7772214709508205,0
4.777184869533357,0
4.777148268077852,0
4.777111666583679,0
19.503731780164003,0
19.5036880641225,0
19.50364434803926,0
19.503600631914622,0
16.149941844978727,0
16.14989973713206,0
10.78222268183248,0
10.782183327655986,0
22.740250756250546,0
22.740205470495738,0
22.740160184699135,0
21.278164117398376,0
21.278119517724022,0
21.278074918007377,0
22.739979041086826,0
17.645117149703097,0
24.150116657240247,0
24.150070598254345,0
24.150024539226152,0
24.349012378228593,0
24.348966221081525,0
24.145786926170885,0
23.875628942117004,0
23.875582765982728,0
23.875536589806075,0
4.720684838222667,0
4.720648024653187,0
4.720611211045494,0
4.7205743974000285,0
4.720537583716535,0
4.720500769995041,0
23.875213355380907,0
10.60757371961705,0
15.962963268846849,0
15.962920981177191,0
15.962878693467005,0
19.308389807077475,0
19.308345906325144,0
19.308302005531374,0
19.308258104696336,0
23.86750128903168,0
23.345267769087286,0
21.96319842625107,0
16.493956482377413,0
21.963107971413464,0
11.183025684057839,0
11.182985878416147,0
11.182946072735135,0
23.867131819027946,0
23.866161947349184,0
23.86611576251704,0
21.08026620236552,0
21.080221417403862,0
21.080176632400537,0
23.86593102276349,0
23.865884837719236,0
19.302506738281096,0
19.302462831995356,0
4.608489458077457,0
4.608452681933599,0
4.608415905751656,0
19.302287206439857,0
19.30224329994803,0
19.30219939341454,0
19.30215548683988,0
22.349914260748747,0
22.3498686126633,0
22.349822964535306,0
22.349777316365632,0
17.00534848300093,0
2.0369933334864783,0
2.0369574867482356,0
2.0369216399725474,0
2.0368857931603515,0
23.672600474939316,0
23.67255411318341,0
22.342610033501373,0
2.0320461338896507,0
2.032010282046315,0
2.0319744301660307,0
16.999235477864815,0
16.99919242563506,0
2.028353199742284,0
2.0283173440893876,0
22.99650713527575,0
1.129154970570056,0
18.434866637309767,0
18.15149361768063,0
18.15144866108504,0
22.200217336588977,0
0.34883152555336494,0
14.847133243741439,0
14.847089920152484,0
9.563838962367157,0
9.563798420983872,0
18.1493356561933,0
18.149290697687263,0
3.6414919277750926,0
3.6414541851404607,0
3.6414164424691506,0
3.641378699761063,0
18.149065904560544,0
18.14902094581565,0
18.148975987031008,0
22.43601385353135,0
22.435966401345397,0
22.435918949118886,0
3.5710460117142446,0
3.571008055439563,0
3.5709700991284876,0
3.570932142780933,0
3.5708941863970693,0
3.570856229976897,0
22.435586782397536,0
9.37340380240687,0
14.6435175411262,0
14.643474035156231,0
14.643430529147636,0
17.938946562632935,0
17.938901418913986,0
17.9388562751555,0
17.938811131357355,0
17.93596699240112,0
17.935921846073654,0
3.462333336200473,0
3.46229542079557,0
3.4622575053543727,0
17.93574126036846,0
17.93569611384318,0
17.935650967278733,0
17.935605820674567,0
0.9118591416891206,0
0.9118221746177682,0
22.22021164532937,0
22.220164009689327,0
20.918273473788403,0
20.918226557093817,0
20.918179640358943,0
20.918132723584222,0
15.654787126717494,0
0.9107870822038109,0
0.9107501141023846,0
20.91339392290351,0
0.9077925509801474,0
0.9077555800032826,0
0.9077186089909475,0
15.651023750742482,0
15.650979474062893,0
22.207443852889043,0
21.69421909912461,0
20.337273511272528,0
14.969510498970862,0
20.337180164238575,0
9.75031068131969,0
9.75026950638943,0
9.750228331421212,0
22.207062680302016,0
22.207015033547563,0
0.8995841232743658,0
0.899547144417113,0
21.549602653481287,0
0.00019595426495300217,0
21.809417880529693,0
20.51376060346746,0
21.359178831190192,0
21.784292870080563,0
19.616063251367507,0
19.616016171657904,0
19.61596909190945,0
21.784099955535837,0
21.78405172680094,0
21.84870060547749,0
21.848652338494617,0
0.44535797490830475,0
0.44532056616965576,0
0.44528315739613333,0
0.4452457485876806,0
21.78318360281237,0
21.783135373326473,0
21.7827495360157,0
19.61455668128886,0
19.614509600329768,0
19.614462519331283,0
-0.45441291271644957,1
21.618434106071774,0
21.618385969071227,0
21.618337832031045,0
2.9165107074553447,0
2.9164721358150274,0
2.9164335641392256,0
2.9163949924284793,0
2.916356420681467,0
2.9163178488991406,0
15.036806099321481,0
0.39448731634705325,0
0.3944498602260609,0
0.3944124040704651,0
0.394374947879939,0
21.55394329900581,0
21.55389510916362,0
20.262070417179686,0
20.262022949029003,0
20.261975480838842,0
20.261310922058897,0
0.3936258167551898,0
0.39358835983348683,0
0.3935509028764983,0
15.035596318039154,0
15.035551510792814,0
21.55230482225828,0
21.042616189735327,0
19.695477044732982,0
14.367236820615574,0
19.695382620014158,0
9.183887973697878,0
9.183846287578504,0
9.183804601421926,0
9.183762915228598,0
21.551871100197232,0
21.55182290866003,0
0.3924271779761739,0
0.3923897199398283,0
20.901149558492207,0
0.39231480376214733,0
0.39227734562118144,0
21.714561370098906,0
21.102977529083404,0
2.286672529636647,0
21.71441651309675,0
21.714368227350562,0
21.714319941564924,0
20.789107299935736,0
21.297326726729793,0
21.278225482346414,0
19.122025890925116,0
19.121978406362146,0
19.121930921760736,0
21.278030929076024,0
21.277982290661285,0
21.27739862665169,0
19.12121864812849,0
19.121171162912304,0
19.12112367765762,0
-0.8463880550408618,1
21.113956076313883,0
21.113907530357693,0
21.113858984362665,0
2.5120789971524573,0
2.51204005727908,0
2.5120011173703887,0
2.5119621774268097,0
2.5119232374483573,0
2.511884297434875,0
21.113519161309796,0
14.569520376996692,0
0.003702462825359021,0
0.0036646475973753923,0
0.0036268323349588627,0
0.00358901703823733,0
21.0514452937378,0
21.051396697819058,0
19.76707771116044,0
19.767029838859727,0
19.766981966520476,0
19.766934094142712,0
19.765880892063564,0
0.002492358502223624,0
0.0024545421757551367,0
0.002416725814981646,0
14.567893230755743,0
14.56784803155682,0
21.04872386255714,0
19.202151856534883,0
13.904098399931286,0
19.202056626656102,0
8.748176329570029,0
8.748134261165731,0
8.748092192725636,0
8.748050124248593,0
21.048335076746753,0
0.0008662254714266737,0
0.0008284076688767072,0
20.40115591210565,0
0.0007527719615438855,0
0.0007149540561073309,0
21.210093871603817,0
20.602109229430013,0
20.602060883081734,0
1.885779115326443,0
21.209899100843586,0
21.209850408056397,0
21.209801715230583,0
21.273948645610545,0
21.27389991444261,0
-0.0003817801266308152,1
-0.0004195990614590528,1
-0.00045741803089072164,1
-0.0004952370345137069,1
21.208876544168433,0
21.208827850566678,0
21.200839832033452,0
8.057396267747336,0
13.238289146709306,0
13.238244434337787,0
13.238199721929533,0
8.05722867233979,0
8.057186773397234,0
19.616492841192596,0
20.30501488117025,0
20.304966500801484,0
20.304918120394106,0
21.1700551249736,0
21.170006248174232,0
21.1471276699814,0
13.216867689156473,0
13.216822959081426,0
13.216778228969673,0
8.037154940182972,0
8.037113023925485,0
8.037071107631945,0
13.216599308152382,0
13.216554577855774,0
13.216509847522218,0
16.458669367282994,0
16.45862297551416,0
16.458576583707867,0
-1.032706218265929,1
20.281497484641903,0
19.59306753776157,0
19.59301952570452,0
21.146296451435234,0
21.146247555879256,0
13.727360257912338,0
-0.1481839762688253,1
21.128055733164928,0
16.44099137888624,0
16.440944972779377,0
16.440898566634715,0
16.440852160452607,0
16.440805754232684,0
16.440759347975117,0
20.2106761843484,0
16.446196245737596,0
13.72686682114066,0
13.726821963028499,0
-0.21686790811595813,1
7.909168452100687,0
13.080110412197953,0
13.08006556950913,0
13.080020726783474,0
7.909000346846781,0
7.9089583204434035,0
19.446713154659378,0
20.133866543493852,0
20.13381802741715,0
20.13376951130192,0
20.99715119582858,0
20.99710218297014,0
13.05539651995413,0
13.055351657011087,0
13.055306794031523,0
7.885838349635165,0
7.885796303420236,0
20.97033543121195,0
7.885712210882545,0
13.055082478581767,0
13.055037615381508,0
13.054992752144614,0
16.291155796179225,0
16.291109269001595,0
16.291062741785964,0
-1.1696052068513723,1
20.106740086485118,0
19.419706970224567,0
19.41965882013298,0
20.969747022501707,0
20.969697988193303,0
20.969648953846445,0
13.561335288327001,0
20.94699098445163,0
16.269190808251707,0
16.269144263411505,0
16.269097718533914,0
16.269051173619175,0
16.269004628666693,0
16.268958083677006,0
20.031448751636503,0
16.27373236693083,0
13.560165398328976,0
13.560120402058715,0
-4.049812130958458,1
-4.049849836106404,1
0.7100741036358471,0
0.71003324283501,0
0.7099923820021132,0
0.7099515211368299,0
-26.856640268454996,1
-9.705579690437617,1
1.8959799479181925,0
1.895938735299751,0
1.03848334391283,0
1.0384418417165335,0
1.0384003394883905,0
1.0383588372286283,0
1.8957326717084726,0
1.8956914588903828,0
1.8956502460386844,0
-4.401675927541248,1
-4.401713932044984,1
-4.401751936580823,1
0.32884931233877523,0
0.32880815474963754,0
0.3287669971289944,0
8.126785423607373,0
0.32777920472553035,0
0.327738046312561,0
0.3276968878681572,0
1.805178267889616,0
1.8051363786652814,0
8.126515058607211,0
0.32646211979808015,0
0.32642096037146473,0
8.666743713829035,0
8.666698379306496,0
0.32448643157653123,0
0.3244452706291696,0
0.3244041096499899,0
0.3243629486391342,0
0.32432178759655983,0
0.3242806265223095,0
0.32423946541639737,0
8.122819949318696,0
8.12277488561908,0
0.323992498116084,0
0.3239513367884115,0
0.32391017542902034,0
-3.691847058462372e-05,0
-7.715690168197398e-05,1
-0.00011739536577692888,1
-0.0001576338623152651,1
-0.00019787239233437504,1
4.755709378739539,0
4.755666625179913,0
8.12079204965606,0
0.3223048577060297,0
0.32226369507962715,0
0.3222225324215202,0
0.32053483616410006,0
0.32049367217551605,0
0.3204525081551708,0
0.32041134410346217,0
0.3203701800196228,0
-25.460318824258266,1
7.884779779716126,0
7.884010701582625,0
-14.413868082553734,1
-14.496102008071219,1
8.294208140649303,0
8.29416256411119,0
10.14591124430325,0
10.145864824909623,0
7.7784657320381285,0
7.778420414571556,0
1.5716460488575308,0
2.0761320848912845,0
8.2911088603948,0
2.0760485981603694,0
2.0760068547452306,0
8.29097212390539,0
8.290926545009214,0
0.0036723191988414783,0
0.003630913627844734,0
0.0035895080254846334,0
0.003548102392016972,0
0.003506696727271219,0
0.003465291031233164,0
8.828630611248869,0
8.828585082717453,0
8.828539554152357,0
1.563475357100927,0
0.7037388520187591,0
0.7036970953283088,0
0.7036553386063531,0
0.7036135818530482,0
1.5632679625269361,0
-4.6712203350084,1
0.0003183666182167144,0
0.0002769585138793218,0
0.00023555037836331394,0
0.00019414221162605827,0
0.00015273401339754855,0
7.2011516437229375,0
7.201106605435058,0
-4.674740819906106,1
-4.674779937776293,1
-0.002663096819247812,1
8.821300080693561,0
9.052604859112463,0
9.05255888935875,0
2.0656534693807913,0
2.065611717752901,0
8.651622004252019,0
8.651576571615792,0
8.651531138945955,0
8.651485706241914,0
8.651440273504164,0
8.304545967539482,0
8.304500366721058,0
8.304454765869409,0
8.304409164984847,0
8.304363564066875,0
4.484199216757062,0
4.470912170783706,0
0.01801166984058966,0
-1.219155804468386,1
2.6939475750447173,0
2.6939079051973494,0
2.693868235315321,0
2.69382856539913,0
2.693788895447838,0
2.693749225462028,0
0.01770370268808108,0
0.017665206641979125,0
-8.6977014402556,1
-8.834815849158986,1
-8.834848899762505,1
1.6863617953975165,0
3.871908060363495,0
3.8718685523342344,0
-13.99633024826683,1
0.0003385552955279536,0
2.6757751621613295,0
2.6757354764609573,0
2.6756957907260386,0
2.6756561049561753,0
2.675616419152121,0
1.6834568151355143,0
1.6834175573595616,0
1.6833782995492044,0
-4.655913953399704e-05,0
-8.50707685344787e-05,1
-8.846782342824412,1
5.061702023918613,0
5.061661498545135,0
5.061620973135945,0
8.885903691313075,0
10.012612862943996,0
9.99679009563684,0
22.759550289484878,0
22.759629851821103,0
22.75954798370195,0
5.657667275474154,0
5.6575961648973845,0
5.657665252288368,0
5.657594141668909,0
5.657663228783306,0
5.657592118120903,0
3.9478118851044144,0
3.9477419553446538,0
3.9478099038838366,0
3.947739974081742,0
3.9478079223490994,0
3.9477379925045,0
5.657655131567751,0
5.657584020734035,0
5.657653106465119,0
5.6575819955884725,0
5.657651081043028,0
5.657579970123479,0
3.947799993066326,0
3.947730063052191,0
3.9477980099598255,0
3.947728079903314,0
3.947727088210968,0
16.20163549155413,0
16.201566839072214,0
16.201566632420324,0
19.011810684084608,0
22.22131803439089,0
22.22122911202291,0
27.426591138593324,0
27.426497039780287,0
27.42658618678705,0
27.42649208794178,0
27.42658123459948,0
27.42648713572204,0
27.42657628203058,0
27.426482183120868,0
37.38151157171035,0
37.38140407559112,0
37.38150446999964,0
37.381396973856056,0
37.381497367880115,0
37.381389871712315,0
37.07830196867192,0
37.07819546302915,0
37.07829511553592,0
37.07818860986794,0
37.0782882619921,0
37.07828483506697,0
37.38146895531733,0
37.381361459052016,0
37.381461851155024,0
37.38135435486558,0
37.381454746584325,0
37.38134725027035,0
35.85789004652253,0
35.857781397974065,0
18.991647377094125,0
35.85787834649031,0
35.85776969790925,0
35.85787054596443,0
35.857761897361655,0
35.636967675222394,0
34.369624479944264,0
34.3697246044309,0
34.3696165483035,0
34.15025467265903,0
34.36971270625341,0
34.36960465009443,0
34.15024331515701,0
34.36970080717845,0
34.36959275098752,0
34.150231956756926,0
35.408569353478896,0
35.40846084663653,0
35.18803855430954,0
35.408557571116035,0
35.40844906424138,0
35.18802731645195,0
35.40854578784851,0
35.40843728094143,0
35.18801607768961,0
34.36954911324881,0
34.36964923414624,0
34.15018651417887,0
34.36964129833743,0
34.369533241987654,0
4.438707295659228,0
17.882167061587552,0
17.882073714464468,0
17.882155308112658,0
17.882061960985624,0
6.696461392764945,0
6.696532663044337,0
6.791058445614468,0
6.790979140667986,0
6.791050489537355,0
6.790971184574744,0
0.6458299219616919,0
0.6457505047107333,0
0.6458176639184927,0
0.6457382466606703,0
-4.3274728251750645,1
-4.327477975303452,1
-4.327483125500777,1
-4.206477346498616,1
-4.206724070451315,1
-4.206809822527376,1
-4.206976075196167,1
-4.204647903833063,1
-4.206101251946123,1
-4.206186984598773,1
-4.206353197552559,1
-12.510400158399307,1
2.8504071288072055,0
2.832107774052062,0
13.289527142392927,0
13.289522280974722,0
13.289423832223662,0
-1.549124343509746,1
-1.549210349886124,1
-1.4987267550590104,1
-1.5491379631798736,1
-1.549223969564494,1
19.277403244459066,0
7.207087029249152,0
7.187679787893657,0
26.413258938155607,0
26.413359792861627,0
26.413249059095506,0
26.41334991343541,0
26.413239179663478,0
15.5771092630591,0
15.577007196078739,0
15.577099818760217,0
15.57699775177366,0
15.577090374121354,0
15.576988307128559,0
14.024566584409698,0
14.024465848005605,0
14.024461169518304,0
14.024552548705984,0
14.02445181229237,0
14.024543191150983,0
6.480660547674276,0
6.463461150286989,0
23.456071464636494,0
23.45598053678991,0
23.455800940157204,0
23.455975998459124,0
23.455796401943232,0
23.45579413269745,0
24.66248204113832,0
24.662479745085065,0
24.662477448938418,0
17.46377162142491,0
17.463769396335834,0
17.463592755427115,0
17.463764945893473,0
17.46358830509837,0
17.463760495099095,0
17.46358385441731,0
17.463756043952515,0
17.46357940338416,0
23.28132954282934,0
23.28115031965976,0
23.28132500752669,0
23.281145784473665,0
16.711288867854776,0
16.69065732682381,0
24.90417961128125,0
24.815265016492205,0
10.114320304172637,0
10.114314436033979,0
24.904153758956,0
24.90414729564627,0
24.815335929956106,0
24.904134368752423,0
24.815323160008717,0
10.114279225508312,0
34.187476592034045,0
21.076146431480495,0
21.076139256949688,0
21.076132082330304,0
34.43334345109639,0
34.433336413093656,0
34.43332937499267,0
3.2708989968026145,0
13.544386216981465,0
13.544379525760377,0
13.152829390151837,0
14.014601751284772,0
3.7228459824244595,0
7.491649003337642,0
7.491432943915967,0
7.4913572486006075,0
7.491211353830238,0
3.977086521747381,0
3.8748265311211725,0
3.722798672356447,0
7.493223827782813,0
7.491955826192353,0
7.491880153891842,0
7.491734306286773,0
7.2274042755146155,0
7.493196292182446,0
7.491928296827638,0
7.491852624504645,0
7.491706777245355,0
7.385132326510899,0
7.49316875462948,0
7.49190076551011,0
7.491825093164621,0
7.491679246251181,0
7.491533387736098,0
7.491317331312132,0
7.4912416359024405,0
7.491095742583681,0
7.385083741146417,0
7.22732552247885,0
10.926292829907027,0
10.926063017868955,0
10.925981462889382,0
10.925825761479175,0
10.927967266744076,0
10.926626335531296,0
10.926544804259464,0
10.92638915122022,0
10.813902987307273,0
10.64766141488694,0
10.647654273184543,0
10.9279153262829,0
10.926574404529546,0
10.926492873255285,0
10.926337220770037,0
10.926181556350244,0
10.925951746691851,0
10.925870191706935,0
10.925714491483788,0
10.813822663976481,0
13.663196114659684,0
13.954327203117188,0
13.952933698656693,0
13.952849660254628,0
13.952688554029251,0
13.952527435571398,0
13.952289224660134,0
13.952205161957991,0
13.952044006802751,0
13.835752749419129,0
13.217260820574566,0
13.215884365943396,0
13.215801590025535,0
13.215642675183616,0
13.215483748177448,0
13.215248657757897,0
13.215165857672176,0
13.215006894173229,0
13.100096547156568,0
13.100090019571738,0
13.217194341765023,0
13.215817900893995,0
13.215735124969484,0
13.215576210930635,0
13.215417284727408,0
13.215182195920761,0
13.215099395828247,0
13.214940433132313,0
13.100031267631508,0
13.215384049940582,0
13.215148961940287,0
13.215066161844135,0
13.214907199549728,0
13.217107907105458,0
13.215731484122841,0
13.215648708189605,0
13.2154897951946,0
13.099972509073552,0
13.954068845102725,0
13.952675392398945,0
13.952591354005591,0
13.95243025083252,0
13.952269135427215,0
13.952030930612167,0
13.95194686791855,0
13.951785715815689,0
13.835498899873102,0
13.662881452748678,0
13.952227238335098,0
13.95198903450877,0
13.951904971816603,0
13.951743820208677,0
13.953971058731199,0
13.95257762561073,0
13.952493587220658,0
13.952332485202703,0
13.835430272598416,0
13.662814479995646,0
13.953929145364455,0
13.952535720636803,0
13.952451682248139,0
13.952290580725176,0
13.952129466969737,0
13.951891265449873,0
13.951807202760975,0
13.951646052307808,0
13.835361637115582,0
5.406913867845404,0
5.406700122614282,0
5.406624122717133,0
5.406479233084852,0
5.408468655420393,0
5.4072225906016484,0
5.407146613300569,0
5.407001769755013,0
5.302412958834196,0
5.147593194138835,0
5.408425929107594,0
5.407179871800324,0
5.407103894485289,0
5.406959051368034,0
5.406814196872034,0
5.406600453673832,0
5.4065244537435575,0
5.406379565111138,0
5.302342842668892,0
5.408361834500084,0
5.407115788459691,0
5.407039811123255,0
5.4068949686489844,0
5.406750114795884,0
5.406536372904142,0
5.406460372953006,0
5.406315484963088,0
5.1474696528478034,0
13.2691110933892,0
3.254472587883143,0
13.55920971182374,0
13.557820727054818,0
13.557736569228922,0
13.557575616600104,0
13.557414651779453,0
13.557176867606017,0
13.557092685562296,0
13.556931684165903,0
13.269040238071781,0
13.269033152090131,0
13.55737041843031,0
13.557132635248578,0
13.557048453208793,0
13.556887452309965,0
13.559106474172609,0
13.557717509002444,0
13.557633351185856,0
13.557472399718463,0
13.26896937457802,0
13.268962287778976,0
13.559062224565992,0
13.557673267795437,0
13.557589109982615,0
13.557428159012971,0
13.55726719585138,0
13.557029414983262,0
13.55694523295243,0
13.556784233215126,0
13.214745546175209,0
13.214510473656915,0
13.214427673495777,0
13.21426871890931,0
13.216469193182533,0
13.215092902295225,0
13.21501012629696,0
13.21485122101086,0
13.214692303560312,0
13.214457232332151,0
13.21437443216557,0
13.214215478221462,0
13.216415933054833,0
13.21503965317531,0
13.214956877171659,0
13.214797972527762,0
12.928678593550046,0
13.216382642821216,0
13.21500636982151,0
13.214923593814305,0
13.214764689572036,0
13.214605773165275,0
13.214370704033698,0
13.214287903858079,0
13.2141289509577,0
12.92862121800762,0
13.216322715256723,0
13.214946454640526,0
13.214863678627367,0
13.214704775107762,0
13.214545859423438,0
13.214310791743372,0
13.2142279915615,0
13.2140690393839,0
0.30756567739598495,0
0.3073696387445466,0
0.307301165984299,0
0.30716889398810565,0
0.3090131881039184,0
0.3078611390779997,0
0.30779268786332636,0
0.3076604597809478,0
0.06695252692877318,0
0.06694807457465402,0
0.30751885596642126,0
0.3073228185679113,0
0.3072543457368937,0
0.30712207433157346,0
0.30896634851907834,0
0.30781431067518383,0
0.307745859389712,0
0.3076136318986755,0
0.06690800008703945,0
0.10007697973816221,0
0.09892812051663213,0
0.0988598649256005,0
0.09872800866803288,0
0.09859614157197427,0
0.09840065201474602,0
0.09833237486481039,0
0.09820047525353459,0
-0.14134493631479472,1
0.10003499943049121,0
0.09888615024171088,0
0.09881789458664514,0
0.09868603885858818,0
0.09855417229231023,0
0.09835868385860635,0
0.09829040664439503,0
0.098158507562772,0
-0.14138484409899377,1
0.09999301319955123,0
0.0988441740434638,0
0.09877591832413657,0
0.09864406312581764,0
0.09851219708917824,0
0.09831670977908402,0
0.09824843250052595,0
0.09811653394865516,0
-0.14142475781272879,1
0.3088164126097297,0
0.3076644105487816,0
0.3075959590367745,0
0.3074637334371886,0
0.30733149697709905,0
0.307135464590516,0
0.3070669914761055,0
0.30693472243514464,0
0.06674764272725042,0
0.30877422961691536,0
0.3076222376198672,0
0.3075537860441244,0
0.3074215609764508,0
0.30728932504838724,0
0.3070932937894213,0
0.30702482061117564,0
0.3068925521020418,0
0.06670753853497047,0
0.3087320406891365,0
0.30758005875584615,0
0.3075116071163819,0
0.3073793825806064,0
0.06668525586106,0
0.30724246038909087,0
0.3070464303828402,0
0.30697795713379605,0
0.3068456892157485,0
14.05894719887931,0
14.057550800719696,0
14.05746645913247,0
14.057304897305542,0
14.057143323236787,0
14.056904504278506,0
14.05682013837351,0
14.056658527579032,0
13.767200568751278,0
14.058883008343827,0
14.057486622820136,0
14.057402281237316,0
14.057240720158006,0
14.057079146836571,0
14.056840329368512,0
14.056755963468134,0
14.056594353421076,0
13.767138974029095,0
14.058818811161444,0
14.057422438273875,0
14.057338096695489,0
14.057176536363727,0
14.057014963789698,0
14.056776147812116,0
14.056691781916058,0
14.056530172616462,0
13.767077372651073,0
14.058754607332261,0
14.057358247080472,0
14.057273905506833,0
14.05711234592242,0
13.705357514705696,0
13.705119335859067,0
13.705035031294315,0
13.704873771278542,0
13.707096766717513,0
13.705705358343835,0
13.705621078031513,0
13.7054598675074,0
13.416454527463344,0
13.707059962509277,0
13.705668561146624,0
13.705584280837613,0
13.70542307072914,0
13.705261848413798,0
13.70502367171936,0
13.704939367163306,0
13.704778108228055,0
13.416390873895878,0
13.416383800867806,0
0.003407293905141273,0
0.002247117489559969,0
0.00217626944281335,0
0.0020413075466763075,0
-0.23980478901894742,1
0.0018995926254063988,0
0.0017004844234094207,0
0.0016296148621535167,0
0.0014946097501393751,0
0.0033465998633772642,0
0.0021864339056634208,0
0.002115585824583377,0
0.0019806245113898058,0
-0.23986332309375769,1
0.0018389095214956797,0
0.0016398025194490629,0
0.0015689329236892036,0
0.0014339283946327441,0
0.003285899958569871,0
0.0021257444587234886,0
0.002054896343281598,0
0.0019199356129888656,0
0.0017849640625087204,0
0.0015858581272567562,0
0.001514988500971981,0
0.0013799844900432845,0
-0.23994788267702916,1
13.557644685144055,0
13.556255997142316,0
13.556171839454578,0
13.556010904411636,0
13.555849957176235,0
13.55561220803537,0
13.555528026128826,0
13.555367042317016,0
13.267536181282722,0
13.555813009705716,0
13.555575261391084,0
13.555491079487794,0
13.555330096090586,0
13.557548597113112,0
13.556159927308471,0
13.556075769628933,0
13.55591483566424,0
13.555753889507244,0
13.555516142514477,0
13.555431960616346,0
13.555270977882486,0
13.267443831805949,0
13.267436727427764,0
13.55747467385342,0
13.556086018046443,0
13.556001860373428,0
13.555840927238037,0
13.555679981910345,0
13.555442236569846,0
13.55535805467838,0
13.555197072773964,0
0.003016051667785291,0
0.0018559426465714068,0
0.0017850943786186235,0
0.0016501362386520668,0
0.0015151672784980974,0
0.001316066676182004,0
0.0012451968972584382,0
0.0011101954765706523,0
-0.2402081428355558,1
0.0029553198416181203,0
0.001795221277888004,0
0.0017243729757154824,0
0.0015894154184650233,0
0.00145444704116926,0
0.0012553476390024798,0
0.0011844778256318023,0
0.0010494769876174814,0
-0.24026671735241223,1
-0.240273225994585,1
2.11700455029883,0
2.115811637230152,0
2.1157388153475836,0
2.1156000693071633,0
2.115461312226188,0
2.115256608772441,0
2.115183764943623,0
2.1150449747419486,0
1.8670286977150994,0
2.116942382663453,0
2.1157494803612593,0
2.115676658449132,0
2.1155379130140517,0
2.1153991565384445,0
2.1151944543249783,0
2.1151216104666872,0
2.11498282087031,0
1.8669687499624814,0
2.0153444838720134,0
2.1168733004967066,0
2.115680410157495,0
2.1156075882121996,0
2.1154688434497473,0
2.1153300876469103,0
2.115125386811741,0
2.1150525429203526,0
2.1149137539964613,0
2.0152832502460285,0
1.866895472352482,0
10.8473396823766,0
10.846000694565006,0
10.845919243087607,0
10.845763779490042,0
10.845608303965193,0
10.845378792307812,0
10.845297317133472,0
10.845141805826415,0
10.73341177832718,0
10.567403315870877,0
10.84556361377524,0
10.845334103068154,0
10.845252627891355,0
10.84509711705833,0
10.847235379695576,0
10.845896410778778,0
10.845814959295637,0
10.84565949680426,0
10.733338454411566,0
10.84549657310248,0
10.84526706382104,0
10.845185588640746,0
10.84503007851849,0
2.11664527694532,0
2.1154524260832517,0
2.1153796040293003,0
2.115240861486484,0
2.1151021079032404,0
2.1148974116157575,0
2.1148245676155852,0
2.1146857809113015,0
2.015058675737535,0
1.8666755858329651,0
2.1165761630203406,0
2.1153833241208986,0
2.1153105020340917,0
2.115171760163733,0
2.116548515382462,0
2.1153556812679852,0
2.115282859167962,0
2.115144117566743,0
2.115005364925267,0
2.114800670567277,0
2.1147278265208627,0
2.114589040758105,0
2.0149633773902877,0
1.8665822763127977,0
2.1164793911177924,0
2.1152865689659137,0
2.1152137468329073,0
2.115075005904245,0
2.1149362539352126,0
2.114731560955491,0
2.114658716876164,0
2.114519931785864,0
2.014895298274226,0
1.8665156177812179,0
2.1164102594675,0
2.1152174492780915,0
2.1151446271118886,0
2.1150058868561104,0
2.114867135559493,0
2.1146624439579256,0
2.1145895998455586,0
2.114450815427986,0
2.0148272117679937,0
10.566994372636984,0
10.566987195876337,0
13.980312371433143,0
13.97891666791854,0
13.978832222907045,0
13.978670604626245,0
13.978508974111733,0
13.978270145693799,0
13.978185676380832,0
13.978024009164614,0
13.98025411038644,0
13.978858418115038,0
13.978773973108659,0
13.978612355494334,0
13.861548535618681,0
13.688707060464665,0
13.688700066419742,0
13.980203127667295,0
13.978807445233741,0
13.978723000232051,0
13.978561383200855,0
13.978399753935491,0
13.978160928006162,0
13.978076458703129,0
13.977914792736115,0
13.861469768115597,0
13.688630121456839,0
13.688623126508958,0
13.688616131479193,0
13.980115719376144,0
13.978720053807265,0
13.978635608813633,0
13.978473992781659,0
13.978312364515944,0
13.97807354057744,0
13.977989071282352,0
13.977827406314702,0
13.861383828611636,0
13.688546176666733,0
0.001982813244069348,0
0.0008228819952194044,0
0.0007520331434989203,0
0.0006170849108855236,0
0.0004821258575873344,0
0.00028304565320524944,0
0.0002121752902581875,0
7.718377588616931e-05,0
-0.09682052531640295,1
-0.24121122710371878,1
0.0019152223281224678,0
0.0007553026978825983,0
0.0006844538081338669,0
0.0005495062228391134,0
0.0004145478171722061,0
0.0002154689459388237,0
0.00014459854459403232,0
9.607677711187534e-06,0
-0.09688710062771122,1
-0.24127642187667675,1
0.0018476241738483168,0
0.0006877161621616779,0
0.0006168672342283799,0
0.00048192029646543233,0
0.00034696253837296354,0
0.00014788500000406657,0
7.701456068787138e-05,0
-5.797565886211942e-05,1
-0.0969536831814537,1
-0.24134162389725589,1
13.978050125436852,0
13.977811307471015,0
13.977726838199587,0
13.977565176230001,0
13.68830127018488,0
13.979787833161538,0
13.978392230834785,0
13.978307785870726,0
13.978146173586637,0
13.861090112859756,0
13.979751391114021,0
13.978355795814068,0
13.978271350853333,0
13.978109738985722,0
13.688231278436646,0
13.97794082780139,0
13.977702012324187,0
13.977617543062436,0
13.977455882342113,0
13.979685790264739,0
13.978290207613071,0
13.978205762658163,0
13.97804415154016,0
13.688168278845154,0
13.977875240367553,0
13.977636426383398,0
13.977551957127702,0
13.977390297156674,0
13.688133276199437,0
13.688126275424068,0
13.97783151172311,0
13.977592698734426,0
13.977508229482595,0
13.97734657001115,0
13.979576440761761,0
13.978180879190404,0
13.978096434245444,0
13.977934824376547,0
13.86088227944451,0
13.68805626315573,0
0.09827586257401322,0
0.09712743250227618,0
0.09705917416185628,0
0.0969273405589064,0
0.09679549611712446,0
0.0966000546172836,0
0.09653177471680863,0
0.09639989775833158,0
0.00027003225372368433,0
-0.14306186300227353,1
0.0982289358845918,0
0.09708051695849917,0
0.09701225854666973,0
0.09688042553212028,0
0.09674858167873879,0
0.09655314142695204,0
0.09648486145493962,0
0.09635298508466406,0
0.00022408193893852513,0
-0.14310648790657865,1
0.09818200188254878,0
0.09703359410211476,0
0.09696533561881893,0
0.09683350319271256,0
0.09670165992740465,0
0.09650622092391359,0
0.09643794088042057,0
0.09630606509831807,0
0.00017812430775165922,0
-0.1431511201312361,1
13.265572563315118,0
13.555534975073982,0
13.554146685980612,0
13.55406252847584,0
13.553901617068519,0
13.553740693468782,0
13.553502991415684,0
13.553418809690953,0
13.553257849513088,0
13.43743670729954,0
13.265501300814236,0
13.553696216635132,0
13.553458515573354,0
13.553374333852474,0
13.553213374172188,0
13.555431169298387,0
13.554042899799256,0
13.553958742303251,0
13.553797832056958,0
13.437363780947564,0
13.265430030136812,0
0.09803646000331412,0
0.09688808677452698,0
0.09681982806979761,0
0.09668799746731338,0
0.09655615602581236,0
0.09636072089134018,0
0.09629244062610098,0
0.09616056666769168,0
3.560915615707927e-05,0
-0.1432895265467522,1
0.09798949601882612,0
0.09684113393588234,0
0.09677287515951605,0
0.09664104514538963,0
0.09650920429227483,0
0.09631377040561517,0
0.09624549006875327,0
0.09611361669871599,0
-1.0378471657190858e-05,0
-0.14333418878396742,1
0.09794252472187281,0
0.09679417378443134,0
0.09672591493655602,0
0.0965940855106453,0
0.09646224524581726,0
0.09626681260718328,0
0.09619853219891183,0
0.09606665941706183,0
-5.6373415930011106e-05,1
-0.14337885834136443,1
13.555164166675738,0
13.553775947560737,0
13.553691790087527,0
13.553530882826323,0
13.553369963372546,0
13.553132269579393,0
13.553048087886395,0
13.552887131854206,0
13.437071993836966,0
13.265144865663089,0
13.555089980500881,0
13.55370177538147,0
13.55361761791464,0
13.55345671148254,0
13.553295792857767,0
13.553058100716726,0
13.552973919030052,0
13.552812963827009,0
13.436999026633416,0
13.265073554103765,0
13.553251286629717,0
13.553013595479811,0
13.552929413796903,0
13.552768459091254,0
13.554986106138784,0
13.55359792061276,0
13.553513763154712,0
13.553352857883752,0
13.26500936670952,0
0.023239773617191872,0
0.023044535970186075,0
0.02297632363753621,0
0.022844582400765034,0
0.024681030255493397,0
0.023533834572376122,0
0.023465643727831775,0
0.023333946286470564,0
-0.0732017429403129,1
-0.21638464515143596,1
0.023192853381999612,0
0.02299761698154157,0
0.02292940457716952,0
0.02279766392756244,0
0.02463409193798327,0
0.023486907387919587,0
0.023418716471766743,0
0.02328701961776858,0
-0.07324770303419825,1
-0.21642928128235894,1
0.02460592543968687,0
0.023458747569549132,0
0.023390556610280555,0
0.02325886010892475,0
0.023127152775941795,0
0.022931918120292494,0
0.02286370561556339,0
0.022731965788210573,0
-0.07329367043932677,1
-0.21647392472854676,1
13.859863616581578,0
13.97673003590154,0
13.97649124796287,0
13.976406778809263,0
13.976245131911767,0
13.97847462847605,0
13.977079279103975,0
13.976994834257951,0
13.976833236963586,0
13.687005094173216,0
13.85987355963475,0
13.859866379185988,0
13.976649722907894,0
13.976410936793656,0
13.976326467647368,0
13.97616482166572,0
13.686955994517845,0
13.978386987071119,0
13.976991654562,0
13.976907209723663,0
13.976745613428662,0
13.859794570186963,0
13.686913905897725,0
13.686906890840476,0
13.859773025888018,0
13.686892860479674,0
13.686885845176079,0
13.976540189205366,0
13.976301405579392,0
13.976216936442825,0
13.976055291710082,0
-0.16279479951889186,1
-0.30710119091250476,1
-0.06570666422449278,1
-0.06590554336737853,1
-0.06597635497497834,1
-0.06611121657078911,1
-0.16283481664228816,1
-0.06574051435261197,1
-0.0659393928296339,1
-0.06601020445637573,1
-0.06614506572927326,1
-0.16286816623568257,1
-0.30717303974290644,1
13.859629378362968,0
13.976408724417993,0
13.97616994377789,0
13.976085474652919,0
13.975923831418939,0
13.859593461355658,0
13.686717453267647,0
13.686710435911934,0
13.686703418474366,0
13.686696400954602,0
13.976342982064963,0
13.976104202917938,0
13.97601973379885,0
13.975858091314208,0
13.85952880557494,0
13.859521621189359,0
13.976299150141315,0
13.976060371989533,0
13.97597590287424,0
13.975814260889294,0
13.859485698030412,0
13.68661218431619,0
13.686605165729475,0
7.208494934632597,0
7.208276183326177,0
7.208198399175302,0
7.208050114101027,0
7.101674986806529,0
6.943260309498598,0
7.208451181058692,0
7.208232430648337,0
7.208154646486818,0
7.2080063618552686,0
7.101631895936748,0
6.9432181319220945,0
7.2084074246998995,0
7.208188675185724,0
7.208110891013376,0
7.207962606824481,0
7.101588802280247,0
6.943175951557137,0
2.485188644464344,0
2.4849868848135372,0
2.484916323767962,0
2.484780146786491,0
2.385693114202681,0
2.491774832123653,0
2.491704557429969,0
2.491568960556222,0
2.4851490137683783,0
2.484947255158673,0
2.4848766940613416,0
2.484740517574778,0
2.385654281510213,0
2.23782052899368,0
-0.42249951132535557,1
-0.4225697102993138,1
-0.4227033623820091,1
-0.6691901315834343,1
-0.6691966415977788,1
-0.6692031516839876,1
2.4917004115284414,0
2.491630136738465,0
2.491494540793198,0
2.4850746933159655,0
2.484872936658647,0
2.4848023754641844,0
2.4846661999051065,0
2.3855814573078646,0
2.2377497642581687,0
10.493066983794535,0
10.492988138985439,0
10.492836507245457,0
10.485682905893924,0
10.48545758529886,0
10.485378433083753,0
10.48522617882513,0
10.374952663057442,0
10.210811685051425,0
10.493012379480902,0
10.492933534646525,0
10.492781903575889,0
10.485628369583381,0
10.485403050351863,0
10.48532389811092,0
10.485171644521088,0
10.374899141322842,0
10.210759560107178,0
10.492957768685045,0
10.492878923825188,0
10.492727293424139,0
10.4855738267906,0
10.485348508922286,0
10.485269356655579,0
10.48511710373451,0
10.374845613102238,0
10.21070742867279,0
5.296910922383944,0
5.296837846667842,0
5.296696976302982,0
5.290034042778601,0
5.289824516041861,0
5.289751146438064,0
5.289609681199963,0
5.186811908639584,0
5.0335505347215275,0
5.033545499148701,0
5.29685802272256,0
5.296784946952016,0
5.296644077244906,0
5.2899812127352135,0
5.289771687367633,0
5.289698317709025,0
5.2895568531280475,0
5.186760118302914,0
5.296815697474145,0
5.29674262166003,0
5.296601752479148,0
5.289938943180985,0
5.289729418908621,0
5.289656049206286,0
5.289514585150812,0
5.186718680511291,0
5.033459882669575,0
5.296768075704833,0
5.296694999842089,0
5.296554131253245,0
10.374655238010362,0
10.21052201989825,0
10.492708904142674,0
10.492630059167169,0
10.492478431815655,0
10.48532527203659,0
10.485099960378761,0
10.485020807994687,0
10.484868558120084,0
10.210475654884291,0
10.492660329522323,0
10.492581484524294,0
10.492429857767746,0
10.492351003896303,0
10.485270693229978,0
10.485045382935397,0
10.484966230525686,0
10.484813981319718,0
10.374548115987395,0
10.210417691405496,0
10.374536211939002,0
10.210406097748006,0
10.492587457988407,0
10.492508612956428,0
10.492356987092549,0
10.492278133187199,0
10.4851979114041,0
10.48497260292713,0
10.484893450482986,0
10.48474120216865,0
5.296593409427047,0
5.296520333384748,0
5.2963794669668545,0
5.296306382436299,0
5.289711660267045,0
5.289502141881357,0
5.289428771943506,0
5.289287310713661,0
5.18649586827847,0
5.033243224338307,0
5.296540463770398,0
5.296467387673644,0
5.296326521913457,0
5.296253437328616,0
5.289658783460183,0
5.289449266443299,0
5.289375896450736,0
5.2892344358778445,0
5.18644403115448,0
5.033192818342457,0
5.289627053696165,0
5.289417537500768,0
5.289344167475434,0
5.289202707296894,0
2.281813247985596,0
2.2643329520131914,0
14.911511862459605,0
-2.117923554091817,1
-2.1179297134592616,1
14.947023829951661,0
14.946550689429372,0
14.755930763576359,0
14.91146872500434,0
14.911367198014318,0
14.71305207138326,0
14.713045057619425,0
14.946973269922466,0
14.946500131869868,0
14.755881408214236,0
14.91132405759933,0
14.94694437665403,0
14.946471240012443,0
14.911302486273001,0
14.755846151896492,0
14.712981930012376,0
1.3170498034802591,0
1.1423797690238473,0
1.3483237255033629,0
1.3479079638262448,0
1.3170277365278764,0
1.1800857991733267,0
1.1423529403212882,0
1.3482959994176866,0
1.3478802392420874,0
1.3170001511857947,0
1.1800588104372736,0
1.1423261097828572,0
15.691348639053984,0
15.690870994790913,0
15.498419432825159,0
15.455148842289262,0
15.655441537202321,0
15.455134878573318,0
15.455127896590113,0
15.691298288209211,0
15.691008835061268,0
15.690813453484893,0
15.521822785037813,0
15.514745863293555,0
15.498349238378239,0
15.455079020371755,0
15.691247933278277,0
15.690958481393082,0
15.690763100463812,0
15.655348453746726,0
15.521766460932582,0
15.514689588051255,0
15.498293076813155,0
15.455023156829455,0
15.45501617351141,0
3.914028675433869,0
3.913770166775123,0
3.913595900406918,0
3.881882107210714,0
3.762257331965259,0
3.7559205313047954,0
3.741237781075071,0
3.702489256745494,0
15.454953319891956,0
15.655241032244348,0
15.691111235009146,0
15.69082178655114,0
15.690626407378446,0
15.65521238334071,0
15.521632669781795,0
15.514555912949291,0
15.498159671694367,0
15.454890459513535,0
15.454883474609773,0
15.69104647268918,0
15.690757025854623,0
15.690561647514059,0
15.655147918428625,0
15.521569284513447,0
15.514492582651485,0
15.498096469282785,0
15.454827592375963,0
12.703532969635717,0
12.703250646183335,0
12.703060237107252,0
12.668458977945079,0
12.5379601934482,0
12.531047812802754,0
12.515032024265963,0
12.472767679841454,0
3.9138276834860335,0
3.913569180274905,0
3.9133949166606357,0
3.7620666359881056,0
3.7557300169360275,0
3.7410476893006432,0
3.8816649818843416,0
3.91378747403715,0
3.9135289719153405,0
3.9133547088519975,0
3.762027364251807,0
3.755690782589781,0
3.7410085419587915,0
3.881624973263442,0
3.9137472609015163,0
3.9134887598692956,0
3.913314497356808,0
3.8816021095390596,0
3.7619824777520137,0
3.755645938821246,0
3.7409637976237207,0
3.7022168700326716,0
14.946243308889393,0
14.945956563994386,0
14.945762975255803,0
14.91069174052852,0
14.778391171015116,0
14.771381493389484,0
14.755140590199233,0
14.712280060190906,0
14.712273037304854,0
14.946178221829499,0
14.945891478541299,0
14.945697890625055,0
14.910626948179996,0
14.778327448578537,0
14.771317825427502,0
14.755077048973149,0
14.94612759391947,0
14.945840851880646,0
14.945647264604062,0
14.778284963223001,0
14.771275376388104,0
14.755034684424245,0
14.910554948806833,0
14.712167684061015,0
-2.1187495429672794,1
9.711521745564312,0
9.711252178050117,0
9.711070098610293,0
9.678128584823824,0
9.553799030154295,0
9.547208778731175,0
9.531939025050761,0
9.491635422371672,0
9.711465260546248,0
9.711195694359688,0
9.711013615593671,0
9.67807234554914,0
9.553743683228646,0
9.54715347723186,0
9.531883829253886,0
9.491580503724833,0
9.711408770454753,0
9.711139205595941,0
9.710957127503576,0
9.678016101200683,0
9.553688331227676,0
9.547098170656966,0
9.531828628381064,0
9.491525580001678,0
9.711352275290025,0
9.711082711758834,0
9.71090063434022,0
9.67795985177844,0
9.553632974151242,0
9.54704285900658,0
9.531773422432678,0
1.3475133682610192,0
1.3472617233050528,0
1.347092094929451,0
1.3162159612948159,0
1.1997464705555814,0
1.1935766664463188,0
1.179280747085258,0
1.1415526024787965,0
1.3474689199079393,0
1.347217276158048,0
1.3470476483907703,0
1.316171737537104,0
1.1997030621411113,0
1.193533299518478,0
1.179237476698333,0
1.1415095852029395,0
9.711189823431226,0
9.710920263717327,0
9.71073818823551,0
9.677798106426494,0
9.553473794284727,0
9.54688380973981,0
9.531614677058087,0
9.491312702630381,0
9.711133308607344,0
9.710863750221108,0
9.710681675413241,0
9.67774183734305,0
9.553418417540911,0
9.546828478421858,0
9.531559451441495,0
9.491257754161552,0
9.71107678871006,0
9.710807231651629,0
9.710625157517399,0
9.677685563185847,0
9.553363035721787,0
9.5467731420284,0
9.531504220749184,0
9.491202800616804,0
10.867753465011631,0
10.867480238470478,0
10.867295698486913,0
10.833903718377385,0
10.707886262764646,0
10.701207086898222,0
10.685731439823925,0
10.644885583460663,0
10.644878658537039,0
10.867689350668371,0
10.867416125644922,0
10.867231586433022,0
10.833839884424151,0
10.707823446927662,0
10.701144322892134,0
10.685668796418966,0
10.64482325626399,0
10.8676323546959,0
10.867359131021558,0
10.867174592495587,0
10.833783137686979,0
10.707767605181346,0
10.701088527217294,0
10.685613107944633,0
10.867582479016264,0
10.867309256522432,0
10.867124718596642,0
10.833733480087588,0
10.707718739447316,0
10.701039701796176,0
10.685564376324137,0
10.644719363181608,0
10.86752547343535,0
10.86725225229064,0
10.867067715050567,0
10.707669869788361,0
10.700990872449836,0
10.685515640778021,0
9.710751700846714,0
9.71048215142261,0
9.710300081162202,0
9.67736188831816,0
9.553044491766727,0
9.546454859270128,0
9.531186545769373,0
9.490886719226495,0
9.490879846027909,0
9.710688077080164,0
9.710418529149493,0
9.710236459647177,0
9.677298541005243,0
9.552982148321718,0
9.546392566928645,0
9.531124372340457,0
9.49082485758511,0
9.710631517230553,0
9.710361970627503,0
9.71017990179891,0
9.552933654534897,0
9.54634411288869,0
9.531076010787785,0
9.677221107791112,0
9.490769864066138,0
22.856888293619434,0
22.83563352932758,0
30.96016922791742,0
30.868931556189466,0
30.8688187152797,0
33.98933713093206,0
33.895887335653015,0
33.895771858307086,0
33.989315185681534,0
33.89586564045891,0
33.89575016310329,0
33.989293239546214,0
33.89584394437978,0
33.89572846701412,0
30.96008237027857,0
30.868845672114844,0
30.868732831161367,0
30.868831356755976,0
30.868718515795393,0
30.960046175509234,0
30.96003893626687,0
30.868802724884347,0
30.868689883909042,0
37.61216116037696,0
37.51841463638951,0
37.518299762619165,0
37.61214219750465,0
37.51839592612927,0
37.51828105234301,0
37.61212323372109,0
37.5183772149571,0
37.518262341155264,0
36.72364401362677,0
36.62828730865118,0
36.628169604618165,0
36.723622011587736,0
36.62826556258324,0
36.62814785854093,0
-2.079732460342072,1
16.24237011001408,0
16.24219277783591,0
16.242102118479707,0
16.24192476774249,0
16.2071684429104,0
16.207076549797037,0
16.206456889878552,0
16.206189019524857,0
16.20609709255008,0
16.20582918495988,0
16.242330332527715,0
16.24215300103468,0
16.242062341591264,0
16.241884991539465,0
16.20642531819179,0
16.206157449000145,0
16.206065521954187,0
16.205797615526038,0
16.207113182621356,0
16.207021289383206,0
16.242290546442362,0
16.242113215634703,0
16.24202255610406,0
16.24184520673758,0
16.20708949448074,0
16.206997601189215,0
16.20637795034277,0
16.2061100828943,0
16.20601815574139,0
16.205750251056102,0
13.782618220779469,0
13.78244106205922,0
13.782350245668653,0
13.782173068870435,0
13.747554323295915,0
13.747462305068154,0
13.746844699745779,0
13.74657743226146,0
13.746485381051627,0
13.74621807729136,0
-2.0963036885660102,1
18.556266477850443,0
18.556082089536844,0
18.555958619340075,0
18.55577418059258,0
18.55571163866516,0
18.555588128186713,0
7.2793728842421075,0
7.265132511953908,0
22.801122466737326,0
22.800919799765495,0
22.800850915493314,0
22.800715119174313,0
19.196370070361084,0
19.190146457255253,0
19.189809081739924,0
19.189605793047164,0
19.189536651445877,0
19.189400416326436,0
19.196357683644905,0
19.190134105387884,0
19.189796731230643,0
19.18959344313491,0
19.189524301369673,0
19.189388066466933,0
18.56188010780798,0
18.561817902000882,0
18.556225272774824,0
18.556040886786732,0
18.555917417355104,0
18.555732980932916,0
18.555670438209873,0
18.555546928496454,0
18.561867373785674,0
18.561805167734363,0
18.55621258196787,0
18.556028196695053,0
18.561861004600075,0
18.561798798426395,0
18.55620623438982,0
18.55602184947486,0
18.55589838039637,0
18.55571394504743,0
18.555651401957377,0
18.555527892596885,0
18.561848261879945,0
18.561786055461866,0
18.556193534884684,0
18.556009150685355,0
18.555885681842156,0
18.55570124720876,0
18.55563870387384,0
18.555515194748793,0
10.308200197188754,0
10.308036991189468,0
10.307981758688896,0
10.302999322542746,0
10.30283520907409,0
10.302725373919301,0
10.302561213329383,0
10.302505665966024,0
10.302395793167648,0
10.308189066209124,0
10.308025860899363,0
10.307970628121566,0
10.30298823567567,0
10.302824122895771,0
10.3027142879465,0
10.302550128045112,0
10.3024945804044,0
10.302384707811512,0
10.308177928383373,0
10.30801472376308,0
10.307959490708072,0
10.302977141962629,0
10.302813029871302,0
10.302703195127677,0
10.302539035915018,0
10.302483487996582,0
10.30237361560927,0
18.561974257318724,0
18.561790847880914,0
18.56172864036293,0
18.55613631535263,0
18.5559519343731,0
18.555828466589205,0
18.55564403517519,0
18.555581490739087,0
18.55545798267299,0
18.561959884665924,0
18.561776476033955,0
18.561714268241005,0
18.555817327765013,0
18.55563289697716,0
18.555570352326797,0
18.555446844466573,0
18.55611562388613,0
18.555931244069214,0
18.561945504674085,0
18.561762096848085,0
18.561699888780126,0
18.556107661552517,0
18.55592328218279,0
18.555799814928577,0
18.555615385124327,0
18.55555284013751,0
18.55542933260091,0
22.69947313756029,0
22.69927037887787,0
22.699201432683694,0
22.693028178466093,0
22.692824422722055,0
22.69268789377155,0
22.6924840862863,0
22.692414794554892,0
22.692278224288472,0
8.198463148554637,0
22.652113195781197,0
22.69301198554355,0
22.69280823061088,0
22.699446743585696,0
22.69924398622355,0
22.69917503965989,0
22.692665628478906,0
22.692461822109365,0
22.69239253006488,0
22.69225596019986,0
22.699432524906854,0
22.699229768255677,0
22.699160821492995,0
22.692651453771433,0
22.692447648111852,0
22.69237835586803,0
22.692241786258407,0
22.652079427718064,0
12.515976002555973,0
12.549779052402329,0
12.549609867933597,0
12.54955258659001,0
12.549439334494934,0
12.555408207110162,0
12.555239996673336,0
12.55518303605308,0
12.515965700735606,0
12.555402901720825,0
12.555234691603005,0
12.555177730859256,0
12.549764524496297,0
12.549595340903693,0
12.549538059220097,0
12.549424807393109,0
12.515955393398428,0
12.555392286804931,0
12.55522407732532,0
12.55516711633453,0
12.549753952195559,0
12.549584769240099,0
12.549527487309149,0
12.549414235677247,0
8.937384969712852,0
8.975002997769806,0
8.974842663876387,0
8.974788413068325,0
8.969626399720639,0
8.969465122258654,0
8.969410560314259,0
8.969302622008385,0
8.93737566040744,0
8.93737449636832,0
8.969619228587405,0
8.969457951573943,0
8.969403389444906,0
8.969295451270952,0
8.969614446161557,0
8.969453169446908,0
8.969398607194705,0
8.969290669108801,0
12.515921856448884,0
12.555357750229547,0
12.555189542823484,0
12.555132581030009,0
12.549719554118568,0
12.54955037323424,0
12.54949309049951,0
12.549379839500844,0
12.555348441965194,0
12.555180235117533,0
12.555123273107853,0
12.54971028314209,0
12.54954110281517,0
12.549483819864022,0
12.549370569036014,0
12.515902481700735,0
12.51590118936133,0
12.555336467990486,0
12.555168261860786,0
12.555111299573198,0
18.736163211665755,0
18.783233900087097,0
18.78303211659754,0
18.782963464752385,0
18.7764875905154,0
18.77628479650194,0
18.77621581188926,0
18.776079902677594,0
18.736146950948836,0
18.783217287995924,0
18.783015505299986,0
18.782946853237135,0
18.77647102730552,0
18.776268234084682,0
18.776199249253963,0
18.7760633403297,0
18.736130684445342,0
18.783200670118603,0
18.782998888216213,0
18.782930235935638,0
18.776454458309573,0
18.776251665881205,0
18.77618268083259,0
18.7760467721955,0
22.435463029013818,0
22.43526547895111,0
22.43519834865603,0
22.42885350322625,0
22.428654902867095,0
22.428587426594262,0
22.42845436759096,0
22.389287901541394,0
22.389286035077205,0
22.43544583395267,0
22.435248284777913,0
22.43518115421884,0
22.428836363796435,0
22.428637764323952,0
22.42857028778691,0
22.428437229094982,0
22.389271100004052,0
22.43543054310848,0
22.43523299472308,0
22.435165863929356,0
22.428821122401942,0
22.42862252371792,0
22.428555046945874,0
22.42842198853063,0
18.736065560562352,0
18.783134140746526,0
18.782932362018357,0
18.782863708867026,0
18.77638812446179,0
18.776185335203763,0
18.776116349283,0
18.775980441795056,0
18.736049265124663,0
18.783117493937866,0
18.78291571600319,0
18.782847062634247,0
18.77637152653402,0
18.77616873806862,0
18.77609975192982,0
18.775963844729134,0
18.783102923233784,0
18.78290114599345,0
18.782832492434025,0
18.776356998600576,0
18.77615421082848,0
18.776085224499,0
18.775949317549717,0
22.38921317017855,0
22.43537123467665,0
22.43517368934951,0
22.435106557646634,0
22.428762005587473,0
22.42856340995779,0
22.428495932275325,0
22.428362874931963,0
22.3891982059868,0
22.43535591471725,0
22.435158370179522,0
22.43509123824215,0
22.428746735077567,0
22.428548140236188,0
22.428480662318748,0
22.428347605252057,0
22.435342504853963,0
22.435144961006657,0
22.43507782886384,0
22.389177620470647,0
22.428731458595138,0
22.428532864542035,0
22.428465386389703,0
22.428332329599826,0
8.969471557730614,0
8.969310289909231,0
8.969255723995317,0
8.96914778852478,0
8.96946673421148,0
8.96930546668915,0
8.969250900652142,0
8.969142965269427,0
8.937220109983016,0
8.93721893483442,0
8.9748317532124,0
8.974671429946014,0
8.97461717477347,0
8.969455876407437,0
8.969294609557679,0
8.969240043243573,0
8.969132108058773,0
17.037713915282865,0
17.03751439814951,0
17.037446512985753,0
17.03104365357835,0
17.03084314168332,0
17.03077492893769,0
17.03064054702891,0
17.037699496887285,0
17.037499980435214,0
17.03743209508272,0
17.031029277233017,0
17.030828766018416,0
17.03076055308368,0
17.030626171420593,0
16.99114672724498,0
17.037683013374973,0
17.03748349770133,0
17.037415612133188,0
17.03101284177781,0
17.03081233134091,0
17.030744118190285,0
17.030609736807946,0
16.991130583518,0
17.037666524160088,0
17.037467009265015,0
17.03739912348125,0
17.03099640062021,0
17.030795890961002,0
17.030727677594314,0
17.030593296492754,0
17.037652091419233,0
17.037452577205713,0
17.037384691233214,0
17.030982009929346,0
17.03078150095061,0
17.03071328739499,0
17.030578906539333,0
16.991100298658665,0
18.73585736025973,0
18.7829214605069,0
18.782719691895863,0
18.782651035968883,0
18.776176067446045,0
18.775973288293144,0
18.775904299592654,0
18.77576839576726,0
18.73584099103948,0
18.782904739922884,0
18.782702972105525,0
18.78263431596079,0
18.776159395741928,0
18.775956617381482,0
18.775887628462954,0
18.775751724924746,0
18.78289010466537,0
18.782688337542197,0
18.78261968120708,0
18.776144803253914,0
18.775942025587014,0
18.775873036477734,0
18.77573713319073,0
8.937137647852595,0
8.974747934833175,0
8.974587616730332,0
8.97453335943699,0
8.969372408481647,0
8.969211146787998,0
8.969156578350649,0
8.969048644682061,0
8.937128197547395,0
8.937127015883334,0
22.051844357653763,0
22.05164043523284,0
22.051571057373025,0
22.045026116659642,0
22.044821152579416,0
22.044751431683537,0
22.044614068683444,0
22.00424137042576,0
22.004239319342503,0
22.051825495279672,0
22.05162157377508,0
22.05155219566332,0
22.04500731076112,0
22.044802347596317,0
22.044732626448223,0
22.04459526377987,0
22.0042229073331,0
19.195770873397265,0
19.195568637337033,0
19.195499819238307,0
19.18900997190275,0
19.18880672151535,0
19.188737569396977,0
19.188601348170835,0
19.19575617672102,0
19.195553941358,0
19.19548512306811,0
19.18899531816149,0
19.188792068470562,0
19.188722916160998,0
19.188586695187453,0
19.195741475599306,0
19.195539240933456,0
19.195470422452686,0
22.05177306031709,0
22.05156914135847,0
22.05149976254708,0
3.147006463641702,0
1.4128158904458132,0
1.5340437867568824,0
1.5325312039619803,0
1.5323661717873165,0
1.4127073165931705,0
1.5340180457921804,0
1.532505468239549,0
1.5323404363513475,0
1.4127652750051993,0
1.4126756813782748,0
20.59169193238506,0
20.58990788408721,0
20.589714019743184,0
20.591671801635442,0
20.58998133093054,0
20.589881049212238,0
20.58968718521622,0
20.591644959402686,0
20.58995449464838,0
20.589854212927904,0
20.589660349279853,0
20.448511018988242,0
20.448406118170666,0
3.12864472852921,0
20.591597982103934,0
20.58990752776326,0
20.589807246039044,0
20.589613382999786,0
20.44846495033464,0
20.448360049508835,0
18.477518875788178,0
18.475894303839382,0
18.47579874968777,0
18.475613212119384,0
18.477496549115457,0
18.475871982877408,0
18.475776428714966,0
18.475590891472308,0
18.477474221052915,0
18.475849660525853,0
18.475754106352483,0
18.475568569435154,0
17.411804735366914,0
17.41015224154731,0
17.410053933207337,0
17.40986416160706,0
17.41177731180788,0
17.41012482378315,0
17.410026515441388,0
17.40983674418017,0
17.408915119377284,0
17.408816771396573,0
17.40862692000647,0
17.408528562877706,0
17.40833869310744,0
17.40888084949802,0
17.408782501514636,0
17.40859265054857,0
17.40849429341729,0
17.408304424070863,0
17.408846577475543,0
17.408748229489788,0
17.40855837894732,0
17.408460021813553,0
17.408270152890765,0
18.47453465684913,0
18.474439062353696,0
18.474253445957515,0
18.474157842168125,0
18.47397220710525,0
18.474506746130615,0
18.474411151621553,0
18.474225535632428,0
18.474129931829296,0
18.47394429717339,0
18.474478833240482,0
18.47438323871779,0
18.474197623135495,0
18.474102019318806,0
18.4739163850697,0
4.064897404448203,0
4.064809538116066,0
4.064640348235358,0
4.064552473825714,0
4.06438326771746,0
7.462184720368626,0
7.4621802487449855,0
3.943016372457933,0
-0.3939436638479208,1
-0.4096285604044141,1
6.1696032146602136,0
6.169381885445432,0
6.169305991574731,0
6.1691573629041585,0
6.059490430194657,0
12.214192373592823,0
12.213960323812032,0
12.213880762193867,0
12.213724938332703,0
12.098702677315728,0
5.521969241818098,0
12.215925276123642,0
12.215845792579458,0
12.214547073887076,0
12.214467536203998,0
12.21431176134864,0
12.215908721915895,0
12.21582923829152,0
12.21453052497958,0
12.214450987216196,0
12.214295212622076,0
12.214139425919925,0
12.213907378066622,0
12.21382781619208,0
12.213671993166344,0
12.098651323907475,0
-0.00017699315938557447,1
-0.0003764848758436301,1
-0.0004450998998635214,1
-0.0005791695268158037,1
-0.09942141819949768,1
0.00131147810466814,0
0.0012429329798777644,0
0.00012797281803500482,0
5.937922942678142e-05,0
-7.46465977670141e-05,1
-0.00020868326278389304,1
-0.00040817393174563676,1
-0.0004767891065711183,1
-0.0006108582851709343,1
-0.00022136140333373078,1
-0.0004208516532884232,1
-0.0004894668882684527,1
-0.0006235358876267583,1
-0.00023404074310917622,1
-0.0004335305743410345,1
-0.0005021458695608771,1
-0.0006362146895071419,1
12.215802725092274,0
12.215723240955214,0
12.214424562077241,0
12.214345023801016,0
12.214189250877936,0
12.215786155292662,0
12.21570667107558,0
12.214407997577808,0
12.214328459221491,0
12.214172686559507,0
12.215769583386077,0
12.215690099088832,0
12.214391430971446,0
12.214311892535022,0
12.214156120134035,0
18.050208451690068,0
18.050126363460336,0
18.048786192755387,0
18.0487040472659,0
18.048543234634835,0
18.050191005372326,0
18.0501089170575,0
18.048768751997855,0
18.04868660642306,0
18.04852579406483,0
8.726167897974705,0
8.726093251810212,0
8.724877805189792,0
8.724803106233594,0
8.724657073153722,0
8.726151023550912,0
8.726076377305361,0
8.724860935837427,0
8.724786236800355,0
8.724640203966416,0
8.72613414708664,0
8.726059500760172,0
8.72484406444461,0
8.724769365326395,0
8.72462333273863,0
0.0011306441967917635,0
0.0010620982135236545,0
-5.280817376274172e-05,1
-0.00012140262116133727,1
-0.0002554258927318642,1
8.726100388036457,0
8.726025741547986,0
8.724810315537539,0
8.724735616257277,0
8.724589584161535,0
8.726083505450688,0
8.726008858881215,0
8.724793438023113,0
8.724718738661892,0
8.72457270681224,0
6.95322260669883,0
6.934494219595152,0
11.276527934666433,0
11.276703370058513,0
25.17407822362655,0
25.173870903517468,0
25.174066059956374,0
25.173858740009223,0
11.094862305064083,0
11.079180297518803,0
18.588066634841056,0
20.09734746775088,0
20.09734520614927,0
20.09734294445606,0
18.347046033326663,0
18.183626162943852,0
18.347039760161863,0
18.18362015791196,0
18.347033486638395,0
18.18361415252153,0
20.097327110038478,0
19.947303962441026,0
20.09732258509483,0
19.947299691527277,0
7.867805435636313,0
7.850267311047929,0
23.69600741392827,0
23.695903335411188,0
23.498628314319717,0
23.49841721777915,0
25.034032335220616,0
25.033927041711507,0
24.83441157439863,0
24.834198051637642,0
8.121090711342433,0
8.120999503821778,0
7.949091798724467,0
7.948907336509336,0
8.121051851385232,0
8.120960643835986,0
7.949053529258265,0
7.948869067302397,0
8.121012990149083,0
8.120921782571372,0
7.9490152585129294,0
7.9488307968160115,0
24.274748203580387,0
24.274643605882744,0
24.27472695164292,0
24.27462235393132,0
24.076388933486257,0
24.076176798957576,0
24.274684446664835,0
24.2745798489254,0
25.678383490111784,0
25.67827739980669,0
25.47746836730292,0
25.67835081538969,0
25.678244725064374,0
25.477231928514342,0
25.678318139831262,0
25.67821204948565,0
25.47740406488191,0
24.274567550391097,0
24.274462952575433,0
24.07623211662026,0
24.07612082402001,0
24.076211206141565,0
24.27451441204434,0
24.274409814193945,0
24.274493156062064,0
24.274388558197913,0
24.07615892833573,0
24.076047635682954,0
25.678165642834827,0
25.67805955239423,0
25.477254012886576,0
25.477141153435014,0
25.477130434730896,0
25.678111175207903,0
25.678005084733485,0
25.47720041847319,0
25.678078493516907,0
25.677972403022082,0
25.477168260709803,0
15.341550781613748,0
15.341453904822657,0
24.027922547887812,0
24.027645684071317,0
24.027546247601876,0
24.027358077592154,0
24.029919169862723,0
24.02831249717157,0
24.02821308698202,0
24.028024970578755,0
25.991617037341882,0
25.989982054870936,0
25.98988079216366,0
25.98968926624258,0
25.989497726868223,0
25.9892158972131,0
25.989114607759888,0
25.98892302802595,0
25.991528946149728,0
25.989893975413352,0
25.989792712655174,0
25.98960118737635,0
25.98940964864424,0
25.989127820324597,0
25.98902653082044,0
25.988834951728748,0
25.85287717607062,0
25.651848072610107,0
25.651735108278743,0
25.65162214061482,0
24.02966197563704,0
24.028055337505137,0
24.027955927158715,0
24.027767812640633,0
24.027579684878035,0
24.02730282629767,0
24.02720338961919,0
24.027015222122913,0
23.893398554516466,0
24.02956551419696,0
24.02795888902493,0
24.027859478619575,0
24.02767136480847,0
24.027483237752918,0
24.027206380645325,0
24.027106943908038,0
24.026918777118638,0
23.893303227957304,0
23.69571722921323,0
23.695606298716626,0
23.69549536493915,0
24.02943688740001,0
24.02783027950757,0
24.027730869023785,0
24.027542756155356,0
24.027354630042296,0
24.027077774898174,0
24.026978338082486,0
24.026790172235835,0
23.89317611433104,0
25.991066369715227,0
25.9894314605843,0
25.989330197558544,0
25.989138675651546,0
25.98894714029136,0
25.988665318982683,0
25.988564029210877,0
25.98837245349084,0
25.85241999364048,0
25.65139823542627,0
25.65128527078498,0
25.651172302811176,0
25.990934174879484,0
25.989299283349965,0
25.98919802024774,0
25.989006499304153,0
25.98881496490715,0
25.98853314560185,0
25.988431855753547,0
25.988240280996777,0
25.85228933993946,0
25.65126968035746,0
25.651156715627664,0
25.651043747565396,0
24.02908309568221,0
24.027476535308253,0
24.027377124608947,0
24.02718901433279,0
24.02700089081175,0
24.026724041067652,0
24.0266246040362,0
24.02643644078158,0
23.892826483811916,0
24.028986589716453,0
24.0273800423019,0
24.027280631543732,0
24.02709252197451,0
24.026904399160472,0
24.02662755088903,0
24.026528113798747,0
24.026339951250975,0
23.89273111271295,0
23.695154385943766,0
23.69504345504056,0
23.694932520856398,0
24.028857903551454,0
24.027251373416192,0
24.02715196257978,0
24.02696385395309,0
24.026775732081532,0
24.02649888577372,0
24.02639944860499,0
24.026211286999853,0
23.89260393970042,0
25.85153309577545,0
25.84990114053575,0
25.849800097437836,0
25.849608956323152,0
25.84941780176831,0
25.849136522156073,0
25.84903545233766,0
25.848844257461977,0
25.51236237123281,0
25.51224963446596,0
25.512443143466555,0
25.713098675639102,0
25.85140160984885,0
25.84976967218185,0
25.849668629006914,0
25.84947748885338,0
25.849286335259734,0
25.849005057646835,0
25.84890398775127,0
25.848712793836796,0
25.512336600075614,0
25.51222386654129,0
25.512111129677677,0
24.028514675946667,0
24.02690819188915,0
24.026808780843723,0
24.026620674730523,0
24.02643255537278,0
24.02615571430097,0
24.026056276923,0
24.025868117831322,0
23.89226474714839,0
23.694695575262642,0
23.694584644028083,0
23.694473709512792,0
24.028385941407876,0
24.026779474629762,0
24.02668006350585,0
24.026491958335157,0
24.02630383991999,0
24.026027000811652,0
24.02592756335548,0
24.025739405206338,0
23.892137525747273,0
24.02828938184635,0
24.026682928027356,0
24.02658351684468,0
24.02639541238105,0
24.026207294672716,0
24.025930457037077,0
24.02583101952206,0
24.025642862079494,0
23.8920421010358,0
25.85095226529259,0
25.849320387665145,0
25.84921934422691,0
25.849028207357264,0
25.848837057047362,0
25.848555786265152,0
25.848454716106318,0
25.84826352547543,0
25.712557126411212,0
25.511889016284755,0
25.51177628243839,0
25.51166354526282,0
25.850820720259293,0
25.849188860204364,0
25.849087816689007,0
25.848896680780598,0
25.848705531431577,0
25.84842426264869,0
25.84832319241275,0
25.848132002742787,0
25.511771764851062,0
25.511659030922957,0
25.511546293665702,0
25.848628801975494,0
25.84834753435885,0
25.848246464078002,0
25.84805527496863,0
24.027903069390362,0
24.026296667408232,0
24.02619725599014,0
24.02600915435434,0
24.0258210394736,0
24.025544207728515,0
24.025444769978137,0
24.025256615363432,0
23.89166032795805,0
24.02780647272401,0
24.026200083701,0
24.02610067222416,0
24.025912571295365,0
24.025724457121555,0
24.025447626849058,0
24.025348189039747,0
24.025160035132004,0
23.891564866130466,0
23.6940070264705,0
23.693896094738875,0
23.693785159726374,0
24.027677665625347,0
24.026071293881117,0
24.02597188232599,0
24.025783782339488,0
24.025595669108412,0
24.025318840799358,0
24.025219402911688,0
24.02503124994628,0
23.891437572146756,0
19.11682390404927,0
19.115278071013805,0
19.1151820701334,0
19.115000743091827,0
19.114819403349685,0
19.114552711895413,0
19.114456685763557,0
19.11427530791957,0
18.985757755393706,0
18.795746339437756,0
18.795639291774023,0
18.79553224096398,0
19.11669567051672,0
19.115149854010028,0
19.11505385305118,0
19.114872526908215,0
19.11469118806454,0
19.114424498485263,0
19.11432847227499,0
19.114147095329415,0
18.98563096976315,0
18.795621526027574,0
19.116588799565534,0
19.115042996833083,0
19.11494699580895,0
19.114765670414442,0
19.114584332319396,0
19.114317644303043,0
19.114221618027244,0
19.114040241830168,0
18.985525305394304,0
24.85973050094954,0
24.858112835497735,0
24.858012704079812,0
24.857823261942386,0
24.722577861407913,0
24.857622975899545,0
24.857344183045058,0
24.85724402510975,0
24.857054529712755,0
24.52359658511091,0
24.52348485518901,0
24.859611341969924,0
24.85799369247755,0
24.857893560988018,0
24.857704119722243,0
24.857514665121542,0
24.85723587391645,0
24.8571357159161,0
24.856946221311418,0
24.52349125969728,0
24.523379529700392,0
24.722490172184607,0
25.010912808689568,0
25.009293083144,0
25.009192818089616,0
25.009003128940662,0
25.00881342644074,0
25.008534272985585,0
25.008433981387896,0
25.008244238834934,0
24.87363771274771,0
24.67435299634512,0
24.674241118589592,0
25.01079342667049,0
25.00917371710659,0
25.009073451980782,0
25.00888376370483,0
25.008694062077694,0
25.008414910439683,0
25.008314618770527,0
25.00812487709048,0
24.873519729231504,0
24.67423691939348,0
24.674125041555513,0
25.01067403347939,0
25.009054339897077,0
25.008954074699957,0
25.008764387296807,0
24.87344464299329,0
25.008563833667253,0
25.008284684011556,0
25.008184392264454,0
25.007994651536563,0
17.437892179402454,0
17.43636904695782,0
17.436274413855756,0
17.436095710065672,0
17.435916993756933,0
17.43565418157621,0
17.435559523583834,0
17.435380769719757,0
17.30884172560151,0
17.121531738967505,0
17.121426217449425,0
17.43777586965176,0
17.436252752116246,0
17.436158118941563,0
17.43597941596026,0
17.435800700460433,0
17.43553788996944,0
17.43544323190467,0
17.435264478849007,0
17.308726721151686,0
17.121418514662764,0
17.121312993062475,0
17.121397927297707,0
17.121292405682482,0
17.43763839914739,0
17.436115299231915,0
17.436020665971597,0
17.435841963945933,0
14.180095430423009,0
14.48814417433131,0
14.486661028619139,0
14.486568824414817,0
14.486394759863828,0
14.48622068311387,0
14.485964721477146,0
14.48587249301741,0
14.485698379670751,0
14.362483809556977,0
14.180087351159585,0
14.488040627080366,0
14.48655749453657,0
14.4864652902655,0
14.486291226426218,0
14.486117150388083,0
14.485861190241494,0
14.485768961714868,0
14.485594849079988,0
14.36238141544699,0
14.179986529803415,0
14.179883715185738,0
14.487926715341132,0
14.486443597282559,0
14.486351392938062,0
14.48617732988157,0
14.48600325462644,0
14.485747296118959,0
14.485655067519005,0
14.48548095566683,0
14.36226877215988,0
17.437268213418434,0
17.435745160940613,0
17.435650527449567,0
17.43547182799709,0
17.435293116026173,0
17.43503031290942,0
17.434935654528104,0
17.43475690500118,0
17.3082247607408,0
17.12092432212303,0
17.120818800164045,0
17.437151847395498,0
17.435628809826923,0
17.43553417626326,0
17.43535547761965,0
17.435176766457204,0
17.434913965030333,0
17.434819306576586,0
17.43464055785826,0
17.308109700002404,0
17.120811041513846,0
17.120705519472523,0
17.437035470881426,0
17.435512448221715,0
17.43541781458555,0
17.435239116750665,0
17.43506040639697,0
17.434797606659927,0
17.43470294813349,0
17.434524200223933,0
17.307994628769492,0
17.12069775040709,0
17.120592228283854,0
17.120486703058987,0
14.487481325858312,0
14.485998264423344,0
14.485906059791589,0
14.48573199979569,0
14.485557927600567,0
14.485301975501088,0
14.485209746613862,0
14.485035637822051,0
14.361828341143706,0
14.179441948331032,0
14.179339133306925,0
14.179236315260496,0
14.48735700322419,0
14.485873957591139,0
14.485781752879276,0
14.485607693737435,0
14.485433622396343,0
14.4851776720852,0
14.48508544311764,0
14.484911335179845,0
14.361705402259787,0
14.179320896733714,0
14.179218081619524,0
14.179115263482842,0
14.48723266841813,0
14.48574963858664,0
14.485657433794728,0
14.485483375506973,0
14.361623436239597,0
14.17924018890264,0
14.179137373728281,0
14.179034555531445,0
-4.1299643592436865,1
-0.6916708317826021,1
4.673645073827828,0
4.673640695087471,0
4.673636316265899,0
4.673631937363652,0
4.562347135682131,0
9.704450531804582,0
9.818103697908569,0
9.70444171247891,0
10.006261653598642,0
9.893149761403492,0
9.893145374975461,0
9.893140988462235,0
-4.140425582513771,1
1.0645787126547361,0
1.0520053026543508,0
10.382632187335233,0
15.08644846529441,0
15.086442819223905,0
15.086437173064851,0
15.694902808641814,0
-3.02740969321367,1
-3.0274144367941034,1
10.943747323294403,0
10.9437418807872,0
10.943736438194719,0
11.94634752510504,0
11.81926718752095,0
11.946336668942664,0
11.946331240732292,0
11.81925123197773,0
12.035242478513254,0
12.03518289477367,0
12.035069231413601,0
12.035009638093214,0
11.81922463768288,0
15.182985668536304,0
15.182920997991644,0
15.18279738521133,0
15.182732704893866,0
15.086318583301846,0
14.948983163560754,0
15.182951238557067,0
15.182886567828163,0
15.182762955209853,0
15.182698274708073,0
15.086284693350535,0
14.948949970585247,0
15.182916805395394,0
15.18285213448219,0
15.182728522025855,0
15.18266384133993,0
15.086250800216177,0
14.948916774425996,0
1.956192334353645,0
1.9561337434867312,0
1.9560216230652827,0
1.9559630236074952,0
1.868521205355421,0
1.744304866349978,0
1.9561619136213153,0
1.956103322588575,0
1.9559912023053698,0
1.9559326026818837,0
1.7442804204777644,0
15.182819227489091,0
15.182754556054036,0
15.182630944056555,0
15.182566262848724,0
15.086154752383564,0
14.94882270135382,0
15.182784782128593,0
15.182720110509209,0
15.182596498673817,0
15.182531817281713,0
15.086120847047667,0
14.94878949299111,0
15.182750333585844,0
15.182685661782386,0
15.182562050108785,0
15.182497368532381,0
15.086086938528766,0
14.948756281445057,0
13.127976202138413,0
13.127915698910314,0
13.127800265935193,0
13.127739753038654,0
13.037659847355869,0
12.908692411262223,0
13.127942701796798,0
13.12788219837843,0
13.127766765544152,0
13.127706252457358,0
12.908665480958518,0
13.127914782454894,0
13.127854278878019,0
13.127738846161094,0
13.127678332915707,0
12.908638548480496,0
15.182623995035783,0
15.182559322556855,0
15.182435711477083,0
15.18237102922538,0
14.948640015963207,0
15.18259527576221,0
15.182530603129706,0
15.182406992184951,0
15.18234230977977,0
14.948612327957647,0
15.182566554278594,0
15.182501881492641,0
15.182378270682861,0
15.182313588124074,0
14.948584637741277,0
13.127803083355687,0
13.127742579144325,0
13.12762714689731,0
13.127566633017508,0
12.908530796827733,0
13.127775153148065,0
13.127714648778024,0
13.12759921664842,0
13.127538702610039,0
12.908503853479203,0
13.127747220767091,0
13.127686716238486,0
13.127571284226292,0
13.127510770029389,0
12.908476907956441,0
16.18225360834691,0
16.182189194226623,0
16.182066145021125,0
16.182001721021123,0
15.949133148470068,0
16.18222466274773,0
16.18216024847129,0
16.182037199399545,0
16.181972775243565,0
15.949105239012198,0
16.18219571491919,0
16.182131300486688,0
16.18200825154861,0
16.18194382723658,0
15.94907732732409,0
13.08103156252676,0
13.080971097779283,0
13.0808557442774,0
13.080795269865106,0
12.861909123215042,0
16.18213781257336,0
16.18207339782886,0
16.181950349158555,0
16.181885924534257,0
15.94902149725661,0
16.18210885805655,0
16.18204444315596,0
16.181921394619295,0
16.181856969839046,0
15.948993578877335,0
16.182079901310132,0
16.182015486253547,0
16.18189243785072,0
16.181828012914437,0
15.948965658267781,0
13.12752368348606,0
13.12746317768871,0
13.127347746616053,0
13.127287231150191,0
12.908261265505871,0
13.127495731546631,0
13.127435225590673,0
13.127319794635568,0
13.127259279011028,0
12.908234300415913,0
13.127467777434163,0
13.127407271319612,0
13.127291840481817,0
13.127231324698755,0
12.908207333151807,0
12.84050007195728,0
13.059522809654865,0
13.05946236220042,0
13.059347045136988,0
13.059286588019376,0
12.840473121570426,0
13.05949487112602,0
13.059434423512926,0
13.059319106566747,0
13.059258649290555,0
13.059472518739312,0
13.059412070999372,0
13.059296754146771,0
13.05923629674379,0
13.0594501649624,0
13.059389717095598,0
13.059274400336747,0
13.059213942806863,0
12.840403040395884,0
13.127333567443358,0
13.127273060567632,0
13.127157630293453,0
13.127097113749187,0
12.908077860020171,0
13.127305600726373,0
13.127245093692082,0
13.127129663535413,0
13.127069146832525,0
13.127283225788403,0
13.127222718627138,0
13.127107288564417,0
13.127046771734555,0
12.908029294681555,0
13.059343965540137,0
13.059283517070583,0
13.059168200757355,0
13.059107742624633,0
12.840300587641934,0
13.059316013111228,0
13.059255564483209,0
13.059140248287022,0
13.059079789995792,0
12.840273621176038,0
13.059288058510461,0
13.059227609723877,0
13.059112293644858,0
13.059051835195149,0
12.840246652537374,0
5.679885183926814,0
5.8993739151703295,0
5.899313204127736,0
5.899197057811051,0
5.899136337832232,0
5.899352775765664,0
5.899292064609085,0
5.899175918389744,0
5.899115198296954,0
5.6798393204736755,0
5.899326349681161,0
5.8992656383821185,0
5.899149492284337,0
5.899088772049041,0
14.077041696873039,0
14.076977271102294,0
14.076854111860044,0
14.076789676421313,0
13.844026517287546,0
14.077013186026662,0
14.076948760104216,0
14.076825600995932,0
14.076761165405415,0
13.84399902846026,0
14.076984672991756,0
14.076920246917226,0
14.076797087943135,0
14.076732652200661,0
14.076961860987936,0
14.076897434791903,0
14.076774275924947,0
14.076709840061028,0
13.843949543053341,0
11.036991105734344,0
11.036927864743717,0
11.036806923113389,0
11.036743672731504,0
10.80830747606494,0
11.036963356042165,0
11.03690011490346,0
11.036779173402905,0
11.036715922872915,0
10.808280720012064,0
11.036935604219565,0
11.036872362932684,0
11.036751421561817,0
11.036688170883664,0
10.808253961828129,0
12.748967846423739,0
12.980571449344652,0
12.980507398029474,0
12.980384935735714,0
12.980320874853462,0
12.748940610132664,0
12.980543198826282,0
12.980479147360654,0
12.980356685199467,0
12.980292624166907,0
12.74891337167304,0
12.98051494614026,0
12.980450894524068,0
12.980328432495668,0
12.9802643713125,0
12.748886131044998,0
11.036819023299245,0
11.036755781390042,0
11.036634840564275,0
11.036571589263872,0
10.808141554182313,0
11.036791260397877,0
11.036728018340597,0
11.03660707764466,0
11.036543826196066,0
10.808114784916057,0
11.03676349536606,0
11.036700253160461,0
11.036579312594426,0
11.036516060997599,0
10.808088013518542,0
8.192858837312457,0
8.192796949954499,0
8.192678574433074,0
8.192616677936769,0
7.969103321579766,0
-3.3676651189459363,1
-3.3677207490554792,1
-3.367827198656755,1
-3.3678828368940117,1
-3.5687566128552675,1
-3.367689213520663,1
-3.3677448437621678,1
-3.367851293256848,1
-3.367906931625967,1
-3.5687798543291933,1
15.85390971842169,0
16.084618533839816,0
16.0845547809476,0
16.08443305711289,0
16.08436929433401,0
16.084595365854668,0
16.08453161283643,0
16.084409889106425,0
16.08434612620175,0
16.084572196443403,0
16.084508443299427,0
16.084386719674185,0
16.084322956643476,0
15.853837102372566,0
15.948003831287167,0
16.181053396119964,0
16.180988975539023,0
16.18086593187155,0
16.180801501410684,0
16.181030165980673,0
16.180965745274776,0
16.180842701714383,0
16.18077827112863,0
15.94795343046674,0
16.18100112630006,0
16.180936705438228,0
16.180813662011445,0
16.1807492312697,0
15.947925426888531,0
16.180972084390078,0
16.18090766337221,0
16.18078462007898,0
16.180720189181258,0
8.531217460847998,0
8.5311605355744,0
8.531052013411411,0
8.530995078843631,0
8.324789259656441,0
8.324784108205975,0
5.246710414277786,0
5.234034508215117,0
21.174791948058,0
21.174723550506513,0
21.151500662366885,0
21.17477356842994,0
21.17470517077605,0
21.15148234768826,0
21.174755187963072,0
21.174686790206906,0
21.15146403217075,0
21.03236096008176,0
13.578388304086673,0
13.578328696193907,0
13.558049560436203,0
13.578372475278627,0
13.578312867278115,0
13.558033788671324,0
13.578356645680373,0
13.578297037572256,0
13.558018016116165,0
19.20900659003925,0
19.208937027134652,0
19.18533245747014,0
19.208987857540606,0
19.208918294539018,0
19.18531379003194,0
13.578309152144215,0
13.578249543713056,0
13.578298597059273,0
13.578238988556137,0
13.557960176653054,0
13.557954917993243,0
13.57827748583584,0
13.578217877189076,0
13.57826692969708,0
13.578207320978606,0
13.55792862337691,0
19.20890042832127,0
19.208830864866144,0
19.185226664426878,0
19.208881691154488,0
19.208812127602044,0
19.185207992320073,0
19.185266348802386,0
19.208856706983525,0
19.20878714330175,0
17.563856649674108,0
17.56372225247425,0
1.5693520187710561,0
8.294273036243538,0
8.395378844941462,0
8.395233672375042,0
8.3971556962303,0
8.395944004680487,0
8.39586558194496,0
8.395720457273967,0
8.397108772067767,0
8.395897085396697,0
8.395818662633843,0
8.395673538224116,0
8.395328269931966,0
8.395249823619665,0
8.395104651771348,0
8.397026651742252,0
8.395814973608907,0
8.39573655079792,0
8.3955914268453,0
8.395246160525218,0
8.395167714164998,0
8.395022542773873,0
1.8577173090952925,0
1.8566061738344928,0
1.8565339635512856,0
1.8564006032355564,0
1.8560837561477541,0
1.8560115236661119,0
1.8558781186485902,0
1.857639819247268,0
1.8565286917881423,0
1.8564564814461875,0
1.856323121534487,0
1.8560062762375509,0
1.8559340436971894,0
1.855800639083398,0
1.8575623257531362,0
1.8564512060955138,0
1.8563789956952377,0
1.8562456361872108,0
1.8559287926811692,0
1.8558565600822021,0
1.8557231558722123,0
1.5547447672011714,0
1.8622299747865725,0
1.8621580304206446,0
1.8620252098431678,0
3.26208444952627,0
3.2620115252171757,0
3.261875452224828,0
3.257121569503127,0
3.255970810671556,0
3.2558976177923,0
3.255761001542268,0
3.2554340781657913,0
3.2553608628831228,0
3.2552242015184163,0
3.261986605176645,0
3.2619136807784344,0
3.2617776083661596,0
3.2553754110236355,0
3.255302195687534,0
3.2551655346703967,0
3.256994435246554,0
3.255843691081239,0
3.2557704980862496,0
3.255633882589777,0
3.2618887532466516,0
3.2618158287595236,0
3.261679756927137,0
3.256925973032679,0
3.255775236764819,0
3.25570204370716,0
3.2555654286164497,0
3.2552385104123402,0
3.2551652949513254,0
3.255028634745912,0
1.8618644095328136,0
1.8617924648914368,0
1.8616596462182429,0
1.8554859595551392,0
1.8554137266219186,0
1.8552803247193594,0
1.8570419178665247,0
1.855930850589914,0
1.8558586397964802,0
1.855725282999657,0
1.8617536161855526,0
1.8616816714606443,0
1.861548853364539,0
1.8569643962453313,0
1.8558533367700107,0
1.8557811259179573,0
1.855647769525234,0
1.855330939833891,0
1.8552587067834025,0
1.8551253056885457,0
1.8616428153974738,0
1.861570870589162,0
1.8614380530702874,0
1.8568536447474315,0
1.8557425964168885,0
1.855670385481261,0
1.8555370296652427,0
1.8552202025321947,0
1.855147969398061,0
1.855014568880037,0
10.918257724969493,0
10.918177436037809,0
10.918027940056078,0
10.912817790653506,0
10.911556359714083,0
10.911475782795918,0
10.911325704031114,0
10.910967080004411,0
10.910886479070612,0
10.910736351923376,0
10.918146811707814,0
10.918066522709566,0
10.917917027404428,0
10.912706932932394,0
10.911445514559134,0
10.911364937573978,0
10.911214859485526,0
10.910856238364303,0
10.910775637363741,0
10.910625510892686,0
10.918035890347284,0
10.917955601282344,0
10.91780610665397,0
10.912596067111679,0
10.911334661304622,0
10.911254084252718,0
10.911104006840489,0
10.910745388624761,0
10.910664787557437,0
10.910514661762605,0
10.56721104991739,0
10.567131130521801,0
10.56698229854915,0
10.56179433615101,0
10.560538295108543,0
10.560458088605174,0
10.560308675641735,0
10.559951603698892,0
10.559871373252733,0
10.559721912054854,0
10.55991857721915,0
10.559838346752429,0
10.55968888575579,0
10.561684229066174,0
10.560428200524186,0
10.56034799395239,0
10.560198581659748,0
0.8232648569443626,0
0.8074301643012802,0
19.541094866324784,0
19.541004838321925,0
19.540834308674732,0
19.543157891228276,0
19.541700536894524,0
19.541610534500748,0
19.419341205756908,0
19.419417089734438,0
19.570076935761364,0
19.568619870125858,0
19.568529896302223,0
19.568359462712735,0
19.570038834876016,0
19.568581774519117,0
19.56849180065339,0
19.56791903687474,0
19.56782903732889,0
19.56765855220131,0
19.56998168088525,0
19.568524628446298,0
19.568434654517574,0
19.568264221605375,0
19.44626382585514,0
19.44616912474251,0
11.739891130354053,0
11.738506810761137,0
11.73842075643509,0
11.738258293950565,0
11.737866567507766,0
11.737780489297947,0
11.737617978706012,0
11.622440976178396,0
11.622350526932664,0
11.739804219442405,0
11.738419911014745,0
11.738333856605564,0
11.738171394699577,0
11.73777967082033,0
11.737693592527435,0
11.73753108251401,0
11.622355045810494,0
11.622264596478516,0
11.739717301828009,0
11.738333004565618,0
11.738246950073489,0
11.738084488746026,0
11.737692767430232,0
11.737606689054147,0
11.737444179619217,0
11.62226910873774,0
11.622178659319815,0
11.739630377510721,0
11.738246091413714,0
11.738160036838352,0
11.737997576089583,0
11.737605857337115,0
11.737519778878081,0
11.737357270021619,0
11.622102265105312,0
11.622173615237799,0
11.73954344649077,0
11.738159171559076,0
11.738073116900637,0
11.737528598294233,0
11.73744251976116,0
11.73728001141906,0
11.622106764862721,0
11.622016315281797,0
16.553087188347234,0
16.551696251723968,0
16.551610766118387,0
16.551448447614916,0
16.55105558890365,0
16.55097007815924,0
16.550807709041067,0
16.43483995875988,0
16.434749848391107,0
16.553009214031817,0
16.551618288727383,0
16.551532803012833,0
16.55137048507258,0
16.550977628941,0
16.550892118087546,0
16.550729749532465,0
16.434762980066253,0
16.43467286958486,0
16.550934314812764,0
16.550848803898646,0
16.550686435656544,0
16.552905237341733,0
16.551514327128587,0
16.55142884126863,0
16.551266524079324,0
16.434685994339986,0
16.434595883745757,0
11.739205317696403,0
11.737821086184852,0
11.737735031203286,0
11.737572573282932,0
11.737180867063088,0
11.737094788197439,0
11.736932282169363,0
11.621762898866152,0
11.621672448940615,0
11.739118353907742,0
11.73773413356156,0
11.737648078496818,0
11.737485621154946,0
11.737093917498342,0
11.737007838549815,0
11.736845333100192,0
11.621676915605406,0
11.621586465593651,0
11.73903138341646,0
11.73764717423522,0
11.737561119087545,0
11.737398662324182,0
11.737006961230989,0
11.736920882199243,0
11.736758377328158,0
11.621590925639595,0
11.62150047554178,0
19.56899050403065,0
19.567533588832447,0
19.567443613810113,0
19.56727318794131,0
19.568952362672817,0
19.567495452752965,0
19.56740547768858,0
19.567235052090524,0
19.445247055530018,0
19.445152353238413,0
19.56680416458073,0
19.566714163804292,0
19.566543686600426,0
19.568866539425414,0
19.56740964138197,0
19.567319666223014,0
19.567149241234546,0
19.56673742429936,0
19.56664742344941,0
19.56647694671939,0
19.445134017125227,0
19.445039314702683,0
11.738731767086378,0
11.737347596362781,0
11.737261540928685,0
11.737099086157983,0
11.736707393894378,0
11.736621314576269,0
11.736458811697716,0
11.621294686660264,0
11.621204236265626,0
11.62127557173649,0
11.738635099693738,0
11.737250941375748,0
11.737164885849339,0
11.73700243172145,0
11.736610742305942,0
11.736524662895519,0
11.736362160659837,0
11.621118216415127,0
11.736572079353806,0
11.736485999906321,0
11.736323497927756,0
11.738528756004357,0
11.737144611332539,0
11.737058555704493,0
11.73689610228368,0
11.621041748697067,0
19.5685327140108,0
19.56707586215309,0
19.566985886626085,0
19.566815464007945,0
19.566403657658228,0
19.56631365644006,0
19.566143182079955,0
19.444718969423263,0
19.566365505976336,0
19.566275504715975,0
19.56610503062697,0
19.444681274995844,0
19.568418234554173,0
19.56696139853159,0
19.566871422878265,0
19.5667010010728,0
19.264119001897896,0
19.56837053100854,0
19.56691370158366,0
19.56682372587788,0
19.566653304410806,0
19.568332366574424,0
19.566875542427823,0
19.566785566679982,0
19.56661514548395,0
19.566203345485206,0
19.56611334404613,0
19.56594287110819,0
19.26400780167691,0
19.462959012693915,0
19.461512837857015,0
19.461423674976075,0
19.461254645247635,0
19.46084597250737,0
19.460756783923046,0
19.460587702432363,0
19.160673767880752,0
19.462884553736586,0
19.461438389382963,0
19.461349226413773,0
19.46118019721898,0
19.46077152687755,0
19.46068233820499,0
19.460513257247527,0
19.160601486872878,0
19.462810089098326,0
19.46136393522775,0
19.46127477217027,0
19.461105743509037,0
19.460697075566543,0
19.46060788680552,0
19.46043880638166,0
19.160529200180264,0
19.568026999978628,0
19.566570218058388,0
19.56648024197405,0
19.566309822945,0
19.565898032624048,0
19.56580803084836,0
19.56563756007735,0
19.263711205232042,0
19.26370193512787,0
19.567941099248472,0
19.566484329204428,0
19.56639435302523,0
19.566223934605787,0
19.56581214700671,0
19.565722145136235,0
19.565551674974785,0
19.56787428259925,0
19.56641752179202,0
19.566327545539394,0
19.56615712759381,0
19.565745342111654,0
19.56565534016768,0
19.56548487048012,0
19.263562872906704,0
8.105494794370884,0
8.10423035857437,0
8.10415285655371,0
8.104005496193793,0
8.103648522254531,0
8.103570996864619,0
8.10342358946751,0
7.840421483167077,0
8.105433562933683,0
8.104169136229089,0
8.104091634103824,0
8.103944274180122,0
8.103587302299985,0
8.103509776805396,0
8.103362369844263,0
8.105379981189188,0
8.104115562440043,0
8.104038060223075,0
8.103890700681205,0
8.103533730602635,0
8.103456205016514,0
8.103308798437297,0
19.46230730419407,0
19.46086122108376,0
19.46077205743022,0
19.46060303237003,0
19.460194380620393,0
19.460105191263125,0
19.459936114440268,0
19.460406058599773,0
19.4601571336607,0
19.46006794425935,0
19.45989886770306,0
19.462204853312798,0
19.460758784616715,0
19.46066962084167,0
19.46050059651509,0
19.462167595783882,0
19.460721532329302,0
19.460632368510005,0
19.46046334445012,0
19.46029430746607,0
19.460045384260084,0
19.45995619472609,0
19.459787118969984,0
19.460257054247876,0
19.460008131619304,0
19.459918942041185,0
19.459749866551817,0
9.420931617346824,0
9.419648564676606,0
9.419569893572984,0
9.419420337323118,0
9.419270769186326,0
9.419050292018795,0
9.418971597253218,0
9.418821993456703,0
9.420869246684774,0
9.41958620324867,0
9.419507532041123,0
9.41935797623637,0
9.420838059393645,0
9.419555020574776,0
9.41947634931509,0
9.419326793732992,0
9.419177226264225,0
9.418956750588293,0
9.418878055666639,0
9.418728452537948,0
9.420775680891808,0
9.419492651307038,0
9.419413979943386,0
9.419264424806414,0
9.41911485778293,0
9.418894383101602,0
9.418815688075796,0
9.418666085392346,0
19.46179494238038,0
19.460348931339922,0
19.460259767079208,0
19.460090745686742,0
19.459921711370114,0
19.45967279394044,0
19.459583603964717,0
19.45941453087589,0
19.461720394656524,0
19.460274394098874,0
19.460185229749584,0
19.460016208890863,0
19.45984717510767,0
19.459598258833125,0
19.459509068769165,0
19.459339996213927,0
19.159462311166692,0
19.03666979095219,0
19.035213305977265,0
19.03512321434944,0
19.03495270426953,0
19.034782181341185,0
19.034531214127597,0
19.034441096938522,0
19.034270535464458,0
18.732537834911454,0
19.036582630401895,0
19.035126157289966,0
19.03503606557082,0
19.034865556102417,0
19.034695033785525,0
19.034444067886838,0
19.034353950606246,0
19.034183389743816,0
18.73245313711503,0
19.036495462699335,0
19.0350390014503,0
19.034948909639525,0
19.034778400782756,0
19.03460787907764,0
19.034356914493685,0
19.034266797121518,0
19.03409623687061,0
18.732368432161564,0
19.459548973247422,0
19.45930006159385,0
19.459210871176495,0
19.45904180075486,0
19.46134757082197,0
19.459901622677805,0
19.459812457887182,0
19.459643439695498,0
19.46131028062723,0
19.459864337724298,0
19.459775172889323,0
19.459606154964632,0
19.45943712411544,0
19.459188214194754,0
19.459099023644896,0
19.45892995402353,0
19.461235695976754,0
19.4597897635565,0
19.459700598633276,0
19.459531581241777,0
19.4593625509263,0
19.459113642160787,0
19.459024451522623,0
19.458855382434493,0
11.73633197369307,0
11.73494811061775,0
11.734862052893504,0
11.734699614063473,0
11.734537163222285,0
11.734298307124632,0
11.734212225506624,0
11.734049738632123,0
11.734498420611814,0
11.73425956506533,0
11.73417348341033,0
11.734010996792833,0
11.736215725572379,0
11.734831877382575,0
11.734745819547598,0
11.73458338148889,0
11.736176973550812,0
11.734793130323098,0
11.734707072451002,0
11.734544634649382,0
11.734382184836548,0
11.734143330943496,0
11.73405724917751,0
11.73389476333135,0
11.736099465536057,0
11.734715632232195,0
11.734629574286146,0
11.734467136998731,0
11.73430468770016,0
11.734065834909117,0
11.73397975306925,0
11.733817267737294,0
11.736021952225556,0
11.734638128845447,0
11.73455207082543,0
11.734389634052022,0
11.734227185267684,0
11.733988333579134,0
11.733902251665242,0
11.733739766847393,0
16.36993890577068,0
16.369700275894132,0
16.369614949133208,0
16.369452951884455,0
11.734149677539605,0
11.733910826953093,0
11.733824744965517,0
11.733662260661816,0
11.735866909717302,0
11.734483106184527,0
11.734397048016845,0
11.734234612271806,0
11.735828145780431,0
11.734444347209362,0
11.734358289004788,0
11.734195853516752,0
11.7340334060179,0
11.733794557084721,0
11.733708474986273,0
11.733545991453695,0
11.61841416589506,0
19.63309479474043,0
19.632844462674854,0
19.63275469435972,0
19.63258462476982,0
19.634902453926713,0
19.633448767231172,0
19.63335902456184,0
19.63318900724316,0
19.511456166448056,0
19.331270056912004,0
19.634845578235556,0
19.633391899443822,0
19.633302156710158,0
19.633132139795933,0
19.632962109948565,0
19.632711779920214,0
19.632622011454885,0
19.63245194280853,0
19.51136253182716,0
19.331177999627826,0
19.63475077830998,0
19.633297112691167,0
19.63320736985017,0
19.633037353610064,0
19.632867324436646,0
19.63261699586316,0
19.632527227290794,0
19.632357159318218,0
19.51126888831965,0
19.33108593345422,0
9.419472336342224,0
9.418189499516174,0
9.418110825980719,0
9.41796128013786,0
9.417811722408317,0
9.417591268486532,0
9.417512571288583,0
9.417362977898492,0
9.310330773432781,0
9.150662034188173,0
9.419394219485653,0
9.418111394201887,0
9.418032720536317,0
9.417883175250068,0
9.310284513851983,0
9.150616605869558,0
9.419347345451868,0
9.418064527093392,0
9.417985853349748,0
9.417836308397412,0
9.417686751558179,0
9.417466299625303,0
9.417387602219222,0
9.417238009719512,0
7.832366621637348,0
7.831106300065386,0
7.831029033314749,0
7.830882136493869,0
7.830735227956183,0
7.8305186658060535,0
7.830441375730189,0
7.830294432042038,0
7.725128043889981,0
7.568209946305046,0
7.568202535418706,0
7.8306817085159395,0
7.830465147217623,0
7.830387857050084,0
7.830240913742017,0
-2.2169521248719803,1
-2.2181679775983554,1
-2.218243876740857,1
-2.218386866479406,1
-2.320032574073764,1
18.591171108006023,0
26.543234631089945,0
26.541678825966514,0
26.54158090600221,0
26.541397183017068,0
26.411230392922704,0
26.41121838849189,0
26.21900924966151,0
26.411194379349112,0
26.411182374637065,0
14.170050566936311,0
14.168654514327542,0
14.168566394887634,0
14.16840129760054,0
14.051608870687204,0
14.169994805585063,0
14.16859875923727,0
14.168510639745719,0
14.168345542778553,0
14.051553661460787,0
14.169939042119523,0
14.168543002032877,0
14.168454882489769,0
14.168289785842248,0
14.05149845011934,0
13.87899662442807,0
20.161549443748143,0
20.16016456389788,0
20.16007869685619,0
20.15991637407093,0
20.043677215629046,0
19.871221318459163,0
20.161492907922522,0
20.16010803559034,0
20.160022168457175,0
20.159859846027757,0
20.043621344891847,0
20.043612032787635,0
19.87115718945141,0
14.169727121669325,0
14.168331105373937,0
14.16824298563516,0
14.168077890202753,0
14.051288627734294,0
13.87878965511183,0
14.169660193079139,0
14.168264184297072,0
14.168176064496194,0
14.168010969447593,0
14.051222361689057,0
13.878724290033645,0
14.05120027233049,0
14.169582105876032,0
14.168186105859164,0
14.168097985986265,0
14.16793289138532,0
14.169537482756752,0
14.168141487748542,0
14.168053367834503,0
14.16788827348934,0
14.051100866029714,0
13.87860444614492,0
15.277417151662306,0
15.276006757232295,0
15.275917744894315,0
15.275750963196415,0
15.157759081095747,0
14.983488721348166,0
15.277349628836077,0
15.275939242002693,0
15.275850229602852,0
15.275683448293435,0
15.157692228118407,0
14.983422779250844,0
15.277282102935771,0
15.275871723698756,0
15.275782711237113,0
15.27561593031649,0
15.157625372066278,0
14.983356834077597,0
34.51747605003024,0
34.51582696598808,0
34.515723598194796,0
34.5155292579185,0
34.17364212535949,0
34.51741401024785,0
34.51576493374628,0
34.51566156590141,0
34.515467226020235,0
18.57179018504148,0
34.173569557240796,0
34.5173395592214,0
34.51569049176851,0
34.51558712386176,0
34.51539278445438,0
34.37736770686689,0
34.37735543079657,0
34.17348488989907,0
15.277011968594238,0
15.27560161974371,0
15.275512607034543,0
15.275345827668332,0
15.157357917107618,0
14.983093022624203,0
15.27694442732384,0
15.275534086069896,0
15.275445073298997,0
15.275278294321339,0
15.157291045680381,0
14.983027062070903,0
15.276876882979565,0
15.275466549322061,0
15.27537753648916,0
15.275210757900311,0
15.157224171178271,0
14.982961098441663,0
34.51702930800252,0
34.51538027825265,0
34.51527691008812,0
34.51508257265604,0
34.377060775206104,0
34.173194564779266,0
34.377036217982265,0
34.51694242650257,0
34.51529340730946,0
34.51519003907268,0
34.51499570219329,0
34.17312197452583,0
29.971198723855892,0
29.96960046043371,0
29.969499987529105,0
29.969311362983248,0
29.638116605276565,0
29.97113705653176,0
29.96953880037762,0
29.96943832742258,0
29.969249703256395,0
29.638056448508507,0
29.9710753868017,0
29.969477137915703,0
29.969376664909944,0
29.96918804112356,0
29.637996289333017,0
14.168566595148505,0
14.167170709078263,0
14.167082588267306,0
14.166917499486132,0
13.877667131873608,0
13.877656229189583,0
14.168499613788242,0
14.167103735230711,0
14.167015614357922,0
14.166850525960498,0
14.168454957856468,0
14.167059084307596,0
14.166970963393524,0
14.166805875251953,0
13.877558101223755,0
29.637803763791666,0
29.97081634766306,0
29.969218129302817,0
29.969117656084237,0
29.968929033893033,0
29.970767002062928,0
29.96916878951697,0
29.96906831625786,0
29.968879694370628,0
29.637695457340243,0
22.935420390936997,0
13.877427253273822,0
13.87741634872799,0
13.87740544409742,0
26.283453166446137,0
35.88740639088644,0
35.88729039785807,0
35.88738296701624,0
35.887266973963335,0
36.230569348042366,0
26.591389011867903,0
24.11081424381578,0
23.79466674488617,0
23.79446303013583,0
24.11077831202209,0
23.79463166959097,0
24.1107543570335,0
23.794608285601242,0
19.638217794577628,0
19.637963514603996,0
19.334020433319353,0
19.449385833903932,0
19.449148808016332,0
19.45663673226302,0
19.456551798983554,0
19.456391288173165,0
19.45630634514677,0
19.456599269510676,0
19.456514336170116,0
19.45635382559462,0
19.456268882507146,0
19.162473978897523,0
19.162464878262043,0
19.45654307270145,0
19.45645813926916,0
19.456297629046404,0
19.456212685867015,0
19.456505606375046,0
19.456420672881563,0
19.45626016289367,0
19.45617521965316,0
19.64569920908609,0
19.64560700532887,0
19.64543422950868,0
19.645342016113304,0
19.33373645282603,0
19.645641001198484,0
19.645548797389907,0
19.645376021910153,0
19.645283808463446,0
30.12261989341748,0
30.122524976948043,0
30.12234581449357,0
30.122250887437588,0
29.795342864298576,0
30.122566486745598,0
30.122471570206358,0
30.122292408097536,0
30.122197480971636,0
29.795290945547166,0
30.12251307764832,0
30.122418161039178,0
30.122238999275936,0
30.122144072080218,0
29.79523902436884,0
23.371289118874145,0
23.371200688364112,0
23.37103362729576,0
23.37094518672687,0
23.065453433968344,0
23.065443900504647,0
23.06543436694892,0
15.281462734336941,0
15.281374016561372,0
15.28120784630859,0
15.28111911924971,0
14.981542136418355,0
15.281406360249122,0
15.281317642422053,0
15.281151472493434,0
15.28106274538304,0
14.981487109267064,0
15.281349984026846,0
15.281261266148121,0
15.28109509654351,0
15.2810063693816,0
14.98143207997984,0
20.074707196748875,0
20.074621718848945,0
20.074460192048463,0
20.07437470435231,0
20.074669440791325,0
20.074583962830516,0
20.074422436267113,0
20.074336948509725,0
19.778733361357638,0
20.07462224382361,0
20.074536765786704,0
20.07437523951957,0
20.074289751686095,0
20.07458448463308,0
20.074499006534978,0
20.074337480505235,0
20.07425199261067,0
19.778650808506143,0
20.074537283624352,0
20.074451805450096,0
20.074290279716593,0
20.074204791745856,0
19.778604942665766,0
20.122877919426344,0
31.22434832239722,0
31.022540280567625,0
34.971638123753706,0
34.76798490263374,0
34.971614826552496,0
34.76796196369037,0
34.97159152894949,0
34.76793902434497,0
29.960604243454526,0
29.960592132558716,0
29.760775675662913,0
20.103951993505774,0
37.2941775192607,0
29.960543688011043,0
29.760727928645537,0
29.960519465158143,0
29.760704054557934,0
24.305253701796545,0
24.114547105457248,0
24.305230321822705,0
24.11452405671919,0
24.305206941479426,0
24.11450100761175,0
24.114489482919538,0
29.960410457543603,0
29.76059661638449,0
29.960386232567586,0
29.76057274017323,0
29.96036200720583,0
29.760548863575735,0
17.016996507157316,0
23.879371884214052,0
23.71007800478739,0
23.992642828659285,0
23.99241079350604,0
23.992327790326712,0
23.99217025059926,0
23.994321821671292,0
23.992972968387875,0
23.99288999234237,0
23.99273250782423,0
17.000551336184913,0
34.743778789306475,0
34.74236513177351,0
34.742278199445195,0
34.74211317505382,0
34.741948135646595,0
34.74170497404381,0
34.74161801178488,0
34.741452927330215,0
34.44474571974715,0
34.7436991101921,0
34.742285464116975,0
34.742198531556,0
34.74203350761991,0
34.74186846866755,0
34.741625308207574,0
34.74153834571618,0
34.74137326171655,0
23.994135260717286,0
23.99278643337425,0
23.992703456816457,0
23.992545973342388,0
23.99238847616064,0
23.992156444552535,0
23.992073440674744,0
23.991915902370636,0
23.709789883393427,0
23.994058927213246,0
23.99271011048218,0
23.992627133715004,0
23.99246965066783,0
23.99231215391319,0
23.992080123368595,0
23.991997119281265,0
23.991839581404022,0
23.70971577641467,0
23.99398258609496,0
23.992633779975904,0
23.992550802999062,0
23.992393320378966,0
23.99223582405135,0
23.992003794570238,0
23.991920790273383,0
23.991763252823105,0
23.709641661818566,0
25.11728918776049,0
25.115929402800063,0
25.11584575114692,0
25.115686987297295,0
25.11552820961083,0
25.11529429195835,0
25.11521061272758,0
25.115051793530952,0
24.83060562484995,0
25.117212224905316,0
25.11585245066361,0
25.115768798799635,0
25.11561003538216,0
25.11545125812779,0
25.115217341550206,0
25.11513366210859,0
25.11497484334393,0
24.83053091070839,0
25.117135254367085,0
25.11577549084393,0
25.11569183876928,0
25.11553307578376,0
25.1153742989614,0
25.115140383458737,0
25.115056703806488,0
25.114897885473866,0
24.83045618888042,0
28.043308514781927,0
28.041921629332307,0
28.041836312544106,0
28.04167438624475,0
28.041512445769484,0
28.041273867332094,0
28.04118852229071,0
28.041026539287373,0
34.638175016547535,0
34.6367577083594,0
34.63667054119753,0
34.63650508110828,0
34.63633960602348,0
34.63609580791896,0
34.6360086108682,0
34.63584309079769,0
34.33846377788751,0
34.63809503183947,0
34.636677735124266,0
34.636590567731474,0
34.63642510809973,0
34.63625963347258,0
34.63601583651405,0
34.635928639232304,0
34.63576311961947,0
34.33838620066243,0
34.63801503885779,0
34.63659775361543,0
34.63651058599183,0
34.63634512681773,0
34.63617965264808,0
34.6359358568356,0
34.635848659322846,0
34.63568314016743,0
34.33830861515949,0
28.043003286604886,0
28.041616443905326,0
28.041531126283502,0
28.041369201714446,0
28.041207262969152,0
28.04096868882546,0
28.04088334295028,0
28.040721361676944,0
34.63786391843033,0
34.636446654858844,0
34.636359486799165,0
34.636194028489115,0
34.33819653259707,0
34.55097437134998,0
34.55088324346315,0
34.5507921118307,0
34.55070097645262,0
34.550527502737566,0
34.63777501027201,0
34.63635775944772,0
34.63627059113159,0
34.636105133329835,0
34.33811030348909,0
34.637730552362314,0
34.63631330791179,0
34.636226139467595,0
34.636060681919986,0
34.55085104654407,0
34.55075991829392,0
34.55066878629816,0
34.5505776505569,0
34.550404177545545,0
34.33802406416157,0
12.580297001326329,0
12.57906829609557,0
12.578992686145625,0
12.578849206233556,0
12.50506385761497,0
12.504984971158308,0
12.504906081601746,0
12.504827188945342,0
12.5046770764488,0
12.580227244887269,0
12.578998549180739,0
12.578922939034484,0
12.578779459497795,0
12.321367106900652,0
-0.8312742635894779,1
-0.8470632493221899,1
17.443514524925163,0
14.542375734988752,0
14.369380506051229,0
14.369371939331785,0
6.888442992076634,0
6.7222459655913696,0
6.888423790903957,0
6.722227053456336,0
13.009954579807868,0
12.834803630296065,0
13.490369668920806,0
13.319380835818762,0
14.940426548348256,0
14.922411665189173,0
18.071767930991058,0
29.95995917829906,0
29.959948803841613,0
33.113514486192486,0
32.911514637350535,0
33.113491517113516,0
33.113480032426025,0
0.590733225199358,0
5.001903221734352,0
4.889370271006314,0
4.889361510264365,0
10.37842028562656,0
10.67215066200447,0
10.670738136818159,0
10.670650860830861,0
10.670485589976593,0
10.552409794970572,0
10.672104204891582,0
10.670691685923387,0
10.670604409893798,0
10.670439139365584,0
10.552363884760638,0
10.37832092153161,0
10.378311887939446,0
10.672039161486026,0
10.670626651223117,0
10.670539375134453,0
10.670374105062649,0
10.552299607017972,0
0.5743612560655009,0
1.003677295472869,0
1.002386892895629,0
1.002307023707715,0
1.0021559111813048,0
0.8943147384542556,0
0.7354007561090583,0
1.0036254839902057,0
1.002335088141109,0
1.0022552189024765,0
1.0021041067243317,0
0.894263519209801,0
1.0035823056951614,0
1.0022919154528012,0
1.0022120461721613,0
1.0020609342840316,0
0.8942208344460738,0
0.7353083285075002,0
0.8942037600162394,0
10.671816124987146,0
10.670403644570598,0
10.670316368279359,0
10.67015109977251,0
10.378049878037316,0
10.552070010808137,0
10.552060825892369,0
10.67175106376844,0
10.670338592057178,0
10.670251315706878,0
10.670086047656326,0
10.377986623919739,0
10.67170458900668,0
10.67029212351342,0
10.670204847120857,0
10.670039579396487,0
10.551968972218305,0
10.671658112192759,0
10.670245652917487,0
10.670158376482831,0
10.669993109084373,0
10.551923042302164,0
12.654253863138123,0
12.652818189002758,0
12.652729443779023,0
12.652561427702238,0
12.53254822391601,0
1.0032886436343063,0
1.001998291518177,0
1.001918421950478,0
1.001767312035085,0
0.8939305283873153,0
0.8939219886628962,0
1.0087806278004336,0
1.0087010146552444,0
1.0085504243388215,0
0.8938878290162222,0
0.8938792889170912,0
1.0087374067320383,0
1.0086577935447139,0
1.008507203518576,0
0.7349469336236609,0
10.627329341040777,0
10.627242382930135,0
10.627077757505404,0
10.327641534947887,0
10.62729214179835,0
10.627205183654098,0
10.627040558490165,0
10.327605391168191,0
1.5175154763060874,0
1.5174354685840967,0
1.51728412888896,0
1.242351445640125,0
1.517480740331706,0
1.5174007325759789,0
1.5172493931143123,0
1.2423176677473293,0
6.087839162444737,0
6.071572202075174,0
20.10109587435234,0
5.722849856160408,0
5.722757680564769,0
5.722830415986266,0
7.007402319206122,0
7.006103317979097,0
7.006020614770307,0
20.228019615082474,0
20.226519851438354,0
20.226425016277275,0
20.100975509786537,0
19.91597140912775,0
19.91586534215338,0
19.915947672044595,0
19.91584160505907,0
20.227922326157326,0
20.226422573802637,0
20.226327738603686,0
20.10087921179236,0
20.227873679581705,0
20.226373932871923,0
20.226279097654,0
20.10083106068147,0
19.915828981341917,0
19.915722914300787,0
5.48966249426185,0
15.924502068300072,0
15.923070096586528,0
15.922979240644594,0
15.803189350520782,0
15.62641199752305,0
15.626310298440316,0
15.924430448877786,0
15.92299848523109,0
15.92290762925596,0
15.803118439743287,0
5.767542799494748,0
5.767460974110605,0
5.767307268395669,0
5.7672254345533815,0
5.48951703433471,0
5.489425076143775,0
5.761868435929799,0
5.76056030862982,0
5.760478212960294,0
5.650985950036073,0
5.761828641534294,0
5.760520519055632,0
5.760438423360114,0
5.650946579579312,0
5.489420051319939,0
5.489328093056713,0
15.930333142483121,0
15.930242583514826,0
15.930073400969306,0
15.929982832704553,0
15.802870227928636,0
15.626097212624018,0
15.625995513372004,0
15.930249527369085,0
15.93015896836198,0
15.92998978633399,0
15.929899218030627,0
15.626027252006764,0
15.625925552717092,0
16.751456778879827,0
10.238363913757013,0
10.238277210093983,0
32.0723750420577,0
32.072272291357706,0
16.733988393175537,0
32.07233924151481,0
32.072236490779375,0
11.139415700195059,0
23.652543291685163,0
27.148738980111702,0
27.148813282232112,0
27.14872057922406,0
23.826356232049733,0
23.82634709842216,0
23.6524893879713,0
23.82632883088712,0
23.652471419319966,0
29.622059250877527,0
29.444922220109603,0
11.123277226786442,0
29.6220323896968,0
29.444895821023707,0
29.622014481753524,0
29.4448782211433,0
23.82624662236077,0
23.82623748761364,0
23.652381570464982,0
23.65237258506616,0
3.332331607638352,0
10.654229591238604,0
10.654223659934544,0
20.383306006394704,0
20.532271594869243,0
20.532264495738204,0
20.532257396515206,0
20.38327812989101,0
1.1718098533596049,0
3.3185593015219297,0
-3.156193614594912,1
-3.1664957795126725,1
10.0010231911848,0
10.000968033539749,0
9.891531810751474,0
9.891470200108657,0
9.89140858626098,0
9.891518123828916,0
9.89145651307156,0
9.891394899109258,0
10.000985920830885,0
10.000930762883712,0
9.891495310584403,0
9.891433699636124,0
9.891372085483013,0
-1.5028516030381383,1
-1.5028965093622446,1
-1.592521823057666,1
-1.5925725592342133,1
-1.5926232983101585,1
-1.5028707115414761,1
-1.5029156180536631,1
-1.592540535912221,1
-1.592591272278824,1
-1.5926420115447257,1
-3.6491225793682673,1
-3.6491732552883747,1
-4.053427038081651,1
-4.0533911580634765,1
-4.139795597420161,1
-4.139844515665388,1
-4.139893436736813,1
-4.0534058708270635,1
-4.053449107001285,1
-4.1398136074367216,1
-4.139862525869432,1
-4.139820811967084,1
-3.6491716725607546,1
-3.649222348880386,1
-3.7498044019802848,1
-3.7498606714109286,1
-3.6492346239594156,1
-3.649192131232965,1
-3.6491962231914954,1
-3.649246899710832,1
-3.74982844964957,1
-3.74988471928215,1
21.355338269126435,0
26.342298975453446,0
39.03503632477137,0
39.03502514216899,0
39.035013959462134,0
32.80302479404756,0
22.202499311513122,0
21.336575991866695,0
19.594062578789874,0
33.60228930835049,0
33.602011184927136,0
33.60190977645456,0
33.36180742014841,0
33.36170978278395,0
33.36152630241838,0
33.36142865419248,0
33.02805172368255,0
21.98544390801122,0
21.985351389677746,0
21.985178662101447,0
21.985086133892068,0
21.674177007421036,0
19.775649566155565,0
19.775558835615485,0
19.775389491977023,0
19.77529875174008,0
19.77560105680294,0
19.77551032621851,0
19.775340982846316,0
19.77525024256532,0
31.351033294372627,0
19.048322631755326,0
19.048238754404665,0
19.048080834498364,0
19.04799694740808,0
18.759666294621923,0
19.04827340790294,0
19.048189530474147,0
19.04803161085647,0
19.04794772368797,0
18.75961838568145,0
19.048224181825674,0
19.048140304318707,0
19.047982384989666,0
19.047898497742906,0
18.92780159467405,0
18.759560892014036,0
32.35338701870484,0
32.353290519753244,0
32.353109134353645,0
32.35301262461647,0
32.215476715858614,0
32.02324357528704,0
32.35331727706492,0
32.35322077803153,0
32.353039393059504,0
32.35294288324042,0
32.21540777002264,0
32.02317565857567,0
32.02316433877877,0
15.266736235030095,0
15.266655583960286,0
15.266503704064519,0
15.266423043559584,0
15.150862914223907,0
14.988902626828732,0
15.266679643335749,0
15.26659899217124,0
15.26644711260306,0
15.266366452003297,0
15.150806982808305,0
15.266632481219048,0
15.266551829975455,0
15.266399950680437,0
15.266319290001519,0
15.150760370923138,0
14.988801648866541,0
25.75946625724758,0
25.7593763591843,0
25.75920720789773,0
25.759117299560245,0
25.63062731901873,0
25.450802252038343,0
25.630606255054175,0
25.759391669029853,0
25.759301770861555,0
25.759132620022186,0
25.759042711579767,0
25.7593490451263,0
25.759259146898074,0
25.759089996314174,0
25.75900008781187,0
25.63051146256626,0
25.450688148632324,0
19.125139230867703,0
19.125049026365332,0
19.124880683246943,0
19.124790469100574,0
18.82185966162436,0
19.57486740883695,0
20.222194927404573,0
20.222110026094512,0
20.221950198116474,0
20.22186528697236,0
20.22215498872636,0
20.222070087354027,0
20.22191025961085,0
20.22182534840462,0
20.22211504861035,0
20.22203014717593,0
20.22187031966763,0
20.221785408399214,0
-4.6654505029697475,1
11.091105368090098,0
11.090913080081947,0
11.090844107967811,0
11.090713459297959,0
11.092493407349025,0
11.091377083328496,0
11.091308135765075,0
11.091177537021267,0
10.99702014170991,0
10.997012925515975,0
9.531185453632759,0
10.06844283575333,0
10.067331474508123,0
10.067262795204215,0
10.06713274128532,0
10.067002675087664,0
10.066811209642538,0
10.066742505857079,0
10.066612402824148,0
-4.678185791383683,1
10.068376998423048,0
10.067265646240159,0
10.067196966731075,0
10.067066913152175,0
9.973352113422237,0
10.066929532678742,0
10.066738068216878,0
10.066669364203605,0
10.066539261548229,0
10.068311154340677,0
10.067199811220092,0
10.06713113150596,0
10.067001078267111,0
8.053521637311846,0
8.052424082148761,0
8.052356201158005,0
8.052227711512884,0
8.052099209832292,0
8.051910075351387,0
8.051842170364111,0
8.051713632576636,0
7.959677283005675,0
8.053456093006176,0
8.052358546753211,0
8.052290665562197,0
8.05216217625265,0
8.052033674907591,0
8.05184454129818,0
8.051776636110574,0
8.051648098658703,0
7.95961253101369,0
8.05339054207515,0
8.052293004731993,0
8.052225123340804,0
8.052096634367004,0
8.051968133357434,0
8.051779000619561,0
8.051711095231667,0
8.051582558115243,0
7.959547772394444,0
10.06667346860148,0
10.066482007581826,0
10.066413302770854,0
10.06628320143777,0
9.973063016674644,0
10.068047710489864,0
10.066936403618598,0
10.066867723084172,0
10.066737671205303,0
10.068018432282031,0
10.066907129438775,0
10.066838448813058,0
10.06670839708535,0
10.06657833307898,0
10.066386873337805,0
10.066318168230481,0
10.066188067388353,0
9.972969031506707,0
10.06795255143821,0
10.066841257657103,0
10.06677257682641,0
10.06664252543868,0
10.066512461772234,0
10.066321002916325,0
10.066252297603825,0
10.066122197101791,0
9.972903956597136,0
8.05312827209653,0
8.052030770393188,0
8.05196288820089,0
8.051834400569362,0
8.051705900902249,0
8.051516771649986,0
8.05144886546087,0
8.051320329686817,0
7.95928867164551,0
8.053062688038167,0
8.051965195244847,0
8.051897312852248,0
8.051768825556252,0
8.051640326224671,0
8.051451197844045,0
8.051383291454542,0
8.051254756016064,0
7.959223879890345,0
8.052997097354549,0
8.051899613471022,0
8.051831730878092,0
8.0517032439178,0
8.051574744921709,0
8.051385617412436,0
8.051317710822616,0
8.051189175719784,0
7.95915908150792,0
9.532055918873013,0
9.53102277820355,0
9.530959263227714,0
9.530838670848595,0
9.530718066116421,0
9.530540359213987,0
9.530476819593574,0
9.530356177802716,0
9.443407587437264,0
1.7263433425459311,0
1.725302041296743,0
1.7252375412884078,0
1.7251155452291869,0
1.7249935378730754,0
1.7248140118030477,0
1.7247494892709199,0
1.7246274480248474,0
1.7262872333704706,0
1.7252459395499216,0
1.7251814393728324,0
1.725059443591718,0
1.7249374365137413,0
1.7247579111686662,0
1.7246933884678697,0
1.72457134749979,0
1.7262311192698832,0
1.7251898328778879,0
1.7251253325321585,0
1.7250033370289657,0
1.7248813302292518,0
1.724701805609186,0
1.7246372827392946,0
1.7245152420494492,0
1.7248532752398091,0
1.7246737509822623,0
1.7246092280282284,0
1.7244871874773082,0
9.53181729459736,0
9.530784188846795,0
9.530720672892997,0
9.53060008164725,0
9.530479478048633,0
9.530301774390963,0
9.530238233792616,0
9.530117593135202,0
1.7260908124703604,0
1.7250495446496075,0
1.7249850438818441,0
1.72486304907396,0
1.7260627474165346,0
1.7250214833099449,0
1.7249569824578117,0
1.724834987789066,0
0.002074361751425613,0
0.0011706748789208632,0
0.0011152246399035448,0
0.001009840936021078,0
0.0020522568718206458,0
0.0011485732797780202,0
0.0010931229342077131,0
0.0009877393227810671,0
0.0020301507686468767,0
0.0011264704571090078,0
0.001071020004815182,0
0.0009656364859438327,0
12.763320941248196,0
12.762211459738396,0
12.762143053011812,0
12.76201336502487,0
12.76188366439672,0
12.761692657152565,0
12.761624225215968,0
12.761494486663565,0
12.763263850988878,0
12.762154377587905,0
12.7620859706647,0
12.761956282970033,0
12.761826582634015,0
12.761635576170704,0
12.76156714403777,0
12.761437405777471,0
12.763206755250835,0
12.762097289958419,0
12.762028882839132,0
12.761899195436655,0
12.761769495392826,0
12.761578489709976,0
12.761510057380832,0
12.761380319412751,0
10.067036841590692,0
10.06592567367207,0
10.065856989992469,0
10.06572694332678,0
10.0655968843825,0
10.065405437819095,0
10.065336729657645,0
10.065206633877253,0
9.971999440092176,0
10.065560234195218,0
10.06536878812372,0
10.065300079848257,0
10.065169984256613,0
10.06694153299415,0
10.065830378165032,0
10.065761694189035,0
10.065631648014545,0
10.066912204438012,0
10.06580105363642,0
10.065732369569204,0
10.065602323545676,0
10.065472265243542,0
10.065280820351873,0
10.065212111802964,0
10.065082016664576,0
9.971876325206779,0
10.066846210310118,0
10.065735068570348,0
10.065666384298197,0
10.065536338614692,0
10.065406280652525,0
10.065214836645865,0
10.065146127891737,0
10.065016033093386,0
12.762906912742665,0
12.761797490020555,0
12.761729081870513,0
12.761599396002097,0
12.761469697492018,0
12.76127869590779,0
12.761210262547905,0
12.761080526113673,0
12.667900243398407,0
12.762842641130547,0
12.761733227530698,0
12.761664819159662,0
12.761535133620015,0
12.761405435438803,0
12.761214434732835,0
12.761146001151886,0
12.761016265046294,0
12.667836784105432,0
12.762778362584612,0
12.761668958106782,0
12.761600549514938,0
12.761470864304002,0
12.761341166451516,0
12.761150166623693,0
12.76108173282185,0
12.760951997045012,0
10.066596838225962,0
10.065485730719558,0
10.065417045672532,0
10.065287001273205,0
10.065156944595287,0
10.0649655039321,0
10.064896794402955,0
10.064766700888782,0
9.971564809406274,0
10.066530811838533,0
10.065419713394107,0
10.06535102814172,0
10.065220984082444,0
10.065090927744436,0
10.0648994879664,0
10.064830778232164,0
10.064700685057844,0
9.971499588913673,0
10.066464778699299,0
10.065353689316524,0
10.065285003859202,0
10.065154960139765,0
10.065024904141737,0
10.064833465248668,0
10.06476475530927,0
10.064634662474944,0
9.971434361667377,0
12.774270243393147,0
12.773163347152973,0
12.773095102934192,0
12.772965719951245,0
12.772836324320807,0
12.772645764557808,0
12.772577495116309,0
12.772448061542775,0
12.67946966741296,0
12.774206196551475,0
12.7730993094155,0
12.773031064974774,0
12.77290168231832,0
12.772772287014277,0
12.772581728126383,0
12.772513458462768,0
12.772384025215615,0
12.679406431431076,0
0.0012944261072789232,0
0.0003908548696927028,0
0.0003354008706963896,0
0.00023002042945563517,0
0.00012462866564533215,0
-3.071223265749268e-05,0
-8.618883101974006e-05,1
-0.00019161456360450302,1
-0.07638574982232171,1
0.0012445913603329473,0
0.0003410275035093946,0
0.0002855732645627995,0
0.00018019303158212097,0
7.48014759039961e-05,0
-8.053876580049746e-05,1
-0.00013601560428355697,1
-0.0002414411285371898,1
-0.07643492255878925,1
0.0011947504188469793,0
0.00029119394281451605,0
0.00023573946380395228,0
0.00013035943912598214,0
2.496809156582458e-05,0
-0.000130371493611392,1
-0.00018584857204473337,1
-0.0002912738881803989,1
-0.07648410149148788,1
-2.719798544603691e-06,0
-0.00015805901905707742,1
-0.00021353623100139885,1
-0.00031896143134702015,1
12.762178095123815,0
12.761068775784423,0
12.761000365131167,0
12.7608706829879,0
12.760740988202826,0
12.760549996571953,0
12.76048156070864,0
12.76035182799906,0
12.667180631947517,0
12.762113744928115,0
12.76100443471067,0
12.760936023836521,0
12.760806342021993,0
12.760676647565731,0
12.760485656812762,0
12.760417220728556,0
12.760287488347629,0
12.667117094049104,0
12.762049387798598,0
12.760940086703059,0
12.760871675607973,0
12.760741994122057,0
12.76061229999452,0
12.760421310119767,0
12.760352873814696,0
12.760223141762467,0
12.667053549214828,0
0.0009731601778781851,0
6.963650497482377e-05,0
1.418095921223994e-05,0
-9.11981399127626e-05,1
-0.00019658856204785025,1
-0.00035192522949500926,1
-0.00040740337475142496,1
-0.0005128277654904423,1
-0.07670274948844735,1
0.0009232855108933791,0
1.97692186105769e-05,0
-3.568656718755392e-05,0
-0.00014106545800984804,1
-0.00024645567185643813,1
-0.00040179168296106127,1
-0.00045727006819618055,1
-0.0005626942507461763,1
-0.07675196215443236,1
-0.07675743061084006,1
0.0008678619490467554,0
-3.564614233653174e-05,0
-9.110219484398385e-05,1
-0.0001964808544414609,1
-0.07678477404063244,1
12.74092810616682,0
12.739817451273836,0
12.739748945801225,0
12.739619095871149,0
12.739489233304795,0
12.73929800093498,0
12.739229470263169,0
12.739099569788237,0
12.64582290365486,0
12.740863559331899,0
12.739752913570186,0
12.73968440787749,0
12.739554558277248,0
12.739424696040771,0
12.739233464551134,0
12.739164933659254,0
12.739035033514028,0
12.645759169879511,0
12.740799005565492,0
12.739688368934935,0
12.739619863022128,0
12.739490013751904,0
12.739360151845332,0
12.739168921235617,0
12.739100390123568,0
12.738970490308333,0
12.6456954291707,0
9.92798817530209,0
9.926948792011459,0
9.926884858031329,0
9.926763503945608,0
9.926642137465777,0
9.926463326030046,0
9.926399367323924,0
9.926277963662045,0
9.83881614253528,0
9.927929455018472,0
9.92689008027682,0
9.926826146059426,0
9.926704792253261,0
9.926583426053057,0
9.926404615413603,0
9.926340656470373,0
9.926219253087979,0
9.838758185849102,0
9.927870727948616,0
9.926831361755688,0
9.926767427301158,0
9.926646073774648,0
9.926524707853815,0
9.926345898010936,0
9.926281938830343,0
9.926160535727504,0
9.838700222374896,0
1.7240880958393063,0
1.7230470926486277,0
1.7229825858678538,0
1.7228606009665697,0
1.7227386047683808,0
1.7225591077861964,0
1.7224945784809904,0
1.7223725483919736,0
1.6351220515569196,0
1.7240247503431902,0
1.7229837555088636,0
1.7229192485382043,0
1.7227972639497722,0
1.7226752680643784,0
1.7224957718975702,0
1.7224312424026351,0
1.7223092126263566,0
1.7239684380025864,0
1.7229274505962167,0
1.7228629434566614,0
1.722740959146293,0
1.7226189635389773,0
1.722439468097079,0
1.7223749384332194,0
1.7222529089350473,0
1.635003797754507,0
1.7225837707093632,0
1.722404275720578,0
1.7223397459513876,0
1.7222177166268438,0
1.7238769199447006,0
1.7228359446085335,0
1.7227714371948224,0
1.722649453336217,0
1.722527458180636,0
1.7223479639166044,0
1.7222834339785322,0
1.7221614049321374,0
1.6349133533663007,0
6.5637946373639835,0
6.562806174675288,0
6.562745427555129,0
6.562630069368737,0
6.562514699142142,0
6.562344693713371,0
6.562283922568554,0
6.562168516221391,0
6.4789176013632925,0
9.927498632248401,0
9.926459320197452,0
9.926395384240521,0
9.926274032484528,0
9.838358744227705,0
9.927465979288826,0
9.926426671986974,0
9.926362735898294,0
9.926241384297612,0
9.926120020302719,0
9.92594121594567,0
9.925877255130871,0
9.925755853953575,0
9.838300733991602,0
1.723651589317143,0
1.7226106436924198,0
1.7225461356035225,0
1.7224241528569735,0
1.7223021588136334,0
1.7221226674491703,0
1.7220581368358552,0
1.7219361089013887,0
1.7235952443475782,0
1.722554306150542,0
1.7224897978927771,0
1.7223678154244908,0
1.7222458216590013,0
1.7220663310193771,0
1.7220018002371944,0
1.7218797725808486,0
1.6346349813479861,0
9.529411801132767,0
9.528379046435745,0
9.528315520648263,0
9.528194940796581,0
9.528074348591673,0
9.527896677554779,0
9.52783312712198,0
9.527712497857308,0
9.440797953178219,0
9.533732163890491,0
8.482954567324725,0
8.482892365586693,0
8.482774314131277,0
8.39139296948585,0
8.482929121930212,0
8.482866920086039,0
8.482748868748956,0
8.48268665773017,0
8.478538846792503,0
8.477522546819586,0
8.477460052966777,0
8.47734141263571,0
8.477222760061025,0
8.477047936461346,0
8.476985418180263,0
8.476866728874214,0
8.482852777803828,0
8.482790575640678,0
8.482672524658497,0
8.482610313320976,0
8.477171905380317,0
8.47699708246634,0
8.476934563972435,0
8.476815874902854,0
9.533626704359847,0
9.533563472186273,0
9.533443487795992,0
9.533380246366718,0
9.529165428230698,0
9.528132709391627,0
9.528069182599495,0
9.527948603911568,0
9.527828012870359,0
9.527650345165227,0
9.52758679372782,0
9.527466165626691,0
12.765294410793231,0
12.765226295879984,0
12.76509723068132,0
12.765029106301213,0
12.76050273655521,0
12.759393654375387,0
12.75932523797907,0
12.759195564380434,0
12.759065878140007,0
12.758874909340562,0
12.758806467733677,0
12.758676743568088,0
-16.120532390507094,1
2.582524247474595,0
2.582448231915734,0
2.5825100406393346,0
2.5824340250464957,0
1.9763519802682339,0
1.976344807472529,0
1.9762689846445625,0
1.9762618117552933,0
1.9763232886242719,0
1.9763161155213567,0
1.9762402926268976,0
2.1907665425023453,0
2.1906908265556524,0
2.0450194296143422,0
2.1907453947391673,0
2.1906696787413864,0
-16.133075293379562,1
4.157053344814656,0
4.145071311997867,0
19.009844788333922,0
19.009838536325958,0
19.009832284226093,0
19.009826032034482,0
13.575981784577095,0
13.575975726168153,0
13.5759696676717,0
16.991038227730996,0
16.991032007546437,0
16.991025787271838,0
16.991019566906928,0
15.356489813409155,0
0.36707180132566464,0
18.37072837788196,0
15.433656523010441,0
15.433500723365938,0
15.433444912136949,0
15.433339086658435,0
15.434782225806998,0
15.433877405823083,0
15.433821620989278,0
15.433715849073977,0
6.637252341731099,0
6.6370922818563685,0
6.637035093411029,0
6.636926451027577,0
6.638411536556788,0
6.6374807536401335,0
6.637423589200324,0
6.6373149955581425,0
6.558230435928351,0
6.6383828097799835,0
6.63745203096957,0
6.637394866369604,0
6.637286272818301,0
6.637177667118138,0
6.637017608132169,0
6.636960419270636,0
6.636851777123695,0
6.638336842663506,0
6.637406070422543,0
6.637348905566682,0
6.637240312160856,0
6.63713170660597,0
6.636971648166934,0
6.6369144590495495,0
6.6368058170479,0
6.558134022334642,0
6.637102978614706,0
6.636942920517498,0
6.636885731240042,0
6.6367770893293425,0
18.395671775583097,0
18.39471357810318,0
18.394654530283532,0
18.394542546484985,0
18.394430549028712,0
18.394265588241737,0
18.39420651314225,0
18.394094474712276,0
18.312802607487868,0
18.39561666528175,0
18.39465847584593,0
18.394599427695795,0
18.39448744405975,0
18.39437544676565,0
18.394210486633654,0
18.394151411203893,0
18.394039372935936,0
18.312748224617962,0
18.395561547574644,0
18.394603366182636,0
18.394544317702255,0
18.394432334228483,0
18.394320337096616,0
18.3941553776194,0
18.394096301859264,0
18.39398426375385,0
18.31269383434018,0
16.887316826382886,0
16.88715698485349,0
16.88709972901411,0
16.88699116006231,0
16.888471803599103,0
16.88754347244189,0
16.887486243297175,0
16.8873777285215,0
16.808133950260057,0
16.888442030002352,0
16.8875137031862,0
16.88745647385592,0
16.887347959161033,0
16.88723943095438,0
16.887079590327033,0
16.887022334005337,0
16.886913765263145,0
16.808081067091862,0
16.888388431834997,0
16.88746011283297,0
16.887402883168647,0
16.887294368618996,0
16.88718584055762,0
16.887026000554712,0
16.886968743899004,0
16.88686017530202,0
16.808028176602008,0
18.395341002686806,0
18.394382853470503,0
18.394323803668982,0
18.39421182084422,0
18.394099824361504,0
18.39393486750366,0
18.3938757904223,0
18.393763752965867,0
18.31247619915058,0
18.39528584795019,0
18.39432770677763,0
18.394268656645906,0
18.39415667398339,0
18.39404467766292,0
18.393879721459882,0
18.393820644048233,0
18.39370860675382,0
18.3124217718335,0
12.276022564140533,0
12.27504616803887,0
12.274986157153151,0
12.274872199186532,0
12.274758228405219,0
12.27459028487415,0
12.2745302483996,0
12.27441623917504,0
12.191871974342334,0
12.27596789223243,0
12.274991503987394,0
12.274931492802637,0
12.274817535016666,0
12.274703564416171,0
12.274535621545553,0
12.27447558477202,0
12.274361575728307,0
12.19181801107348,0
12.274673192505276,0
12.274505250001582,0
12.274445213061895,0
12.27433120411851,0
12.275888909326497,0
12.274912532429639,0
12.274852520813099,0
12.274738563288281,0
12.191764040795178,0
6.636510724848392,0
6.636350673792663,0
6.636293481218431,0
6.636184841179968,0
6.637669728357508,0
6.6367390513742635,0
6.63668188280586,0
6.636573291508981,0
6.557498233030131,0
6.637640948567864,0
6.636710275690547,0
6.636653106962157,0
6.636544515756,0
6.636435912400984,0
6.636275862233987,0
6.6362186692437035,0
6.636110029441596,0
6.637594896630702,0
6.636664230322566,0
6.6366070613380685,0
6.636498470277488,0
6.636389867067848,0
6.636229817447742,0
6.6361726242014925,0
6.636063984544677,0
13.821654968494883,0
13.821485104035773,0
13.821424368479853,0
13.821309048972822,0
13.822884393457997,0
13.821896931980334,0
13.821836222113731,0
13.82172095476983,0
13.822859740740881,0
13.821872282810773,0
13.821811572810134,0
13.821696305548556,0
13.821581025287529,0
13.82141116172528,0
13.821350425766425,0
13.821235106506606,0
13.822810431096826,0
13.821822980262283,0
13.821762269993187,0
13.821647002896228,0
13.821531722799875,0
13.821361859835434,0
13.821301123608194,0
13.821185804513021,0
6.637410636279796,0
6.636479996249008,0
6.636422826240221,0
6.636314235761375,0
6.636205633133471,0
6.636045585700899,0
6.6359883914303595,0
6.635879752355265,0
6.636182597974042,0
6.636022550814872,0
6.635965356416264,0
6.635856717413802,0
6.637341516949959,0
6.636410886773234,0
6.636353716380455,0
6.636245126119604,0
6.637318474543221,0
6.636387847651122,0
6.636330677130317,0
6.636222086942354,0
6.636113484605104,0
6.63595343826637,0
6.635896243483813,0
6.635787604699331,0
18.629646331215156,0
18.62868249002163,0
18.628623083422724,0
18.628510429896792,0
18.628397762691975,0
18.628231821165713,0
18.628172387246096,0
18.628059679004863,0
18.629596961832505,0
18.62863312782663,0
18.62857372093488,0
18.62846106755609,0
18.628348400498496,0
18.628182459559497,0
18.62812302534718,0
18.628010317253228,0
18.629547586588274,0
18.62858375976971,0
18.62852435258523,0
18.628411699353663,0
18.628299032443337,0
18.628133092091588,0
18.62807365758634,0
18.627960949639828,0
9.807501412011973,0
9.806544410618514,0
9.806485598961615,0
9.806373911507393,0
9.80626221153112,0
9.806097610674797,0
9.806038774012237,0
9.805927036469825,0
9.807453840661935,0
9.806496846070559,0
9.806438034152109,0
9.80632634685189,0
9.806214647029577,0
9.80605004674284,0
9.805991209818728,0
9.805879472430277,0
9.807406263895729,0
9.80644927610659,0
9.806390463926675,0
9.806278776780402,0
9.806167077112065,0
9.806002477394685,0
9.805943640209122,0
9.805831902974631,0
18.629350026993023,0
18.628386228923887,0
18.628326820568418,0
18.62821416792599,0
18.62810150160452,0
18.62793556360171,0
18.627876127925546,0
18.627763420567845,0
18.629300622439786,0
18.62833683155796,0
18.628277422909804,0
18.62816477041443,0
18.62805210424034,0
18.627886166824624,0
18.62782673085576,0
18.627714023645154,0
18.62925121202484,0
18.628287428329998,0
18.62822801938934,0
18.628115367041147,0
18.628002701014182,0
18.627836764185673,0
18.627777327924022,0
18.627664620860614,0
18.394175052769228,0
18.393217073361114,0
18.393158016586355,0
18.39304603718672,0
18.392934044128978,0
18.39276910109426,0
18.392710017039335,0
18.392597983007292,0
18.394125887728578,0
18.393167915469988,0
18.393108858401675,0
18.392996879146196,0
18.39288488623265,0
18.392719943779838,0
18.39266085943116,0
18.392548825543415,0
18.392860305090167,0
18.39269536292828,0
18.39263627843279,0
18.392524244616965,0
18.62907822941051,0
18.628114470871168,0
18.62805506090575,0
18.627942409072958,0
18.629053511746633,0
18.62808975680099,0
18.6280303466891,0
18.627917694930034,0
9.807049265514593,0
9.806092328740732,0
9.806033514599306,0
9.805921828607879,0
9.807025454790434,0
9.806068521417544,0
9.806009707145463,0
9.805898021231002,0
2.1695814554961714,0
2.1686897327166434,0
2.16863496159921,0
2.1685309198687435,0
2.169559414925814,0
2.1686676952683825,0
2.1686129240269025,0
2.1685088823633833,0
2.1695373730954657,0
2.168645656560301,0
2.168590885194803,0
2.168486843598174,0
15.365351075490494,0
15.364447556615985,0
15.364391822417161,0
15.364286174717108,0
9.621767842568559,0
9.620939881710385,0
9.620888786148072,0
9.620791950879138,0
9.621746377261488,0
9.620918419505287,0
9.620867323794002,0
9.620770488567729,0
9.621724910594665,0
9.620896955940452,0
9.620845860080593,0
9.620749024896668,0
17.9036813657697,0
17.902734169749905,0
17.90267576392297,0
17.90256503164946,0
17.903657003234642,0
17.902709810753493,0
17.90265140477905,0
17.902540672574787,0
17.697865629826723,0
17.903626548016035,0
17.90267935995857,0
17.90262095379981,0
17.902510221682107,0
9.806757490844987,0
9.80580059573289,0
9.805741779989788,0
9.805630094941364,0
9.600730877847212,0
9.80672770649511,0
9.80577081563412,0
9.805711999727635,0
9.805600314775404,0
9.60070200260202,0
9.806697920029748,0
9.805741033419949,0
9.805682217349954,0
9.805570532494016,0
18.93612216560136,0
10.103552804309658,0
10.102593528457504,0
10.102534563158187,0
10.102422597192046,0
19.152407867792036,0
19.151407199195177,0
19.15134556039989,0
19.151228639644586,0
18.936066633925833,0
9.896979034068906,0
10.103493051245223,0
10.102533783922738,0
10.102474818295903,0
10.102362852523228,0
9.896950068453393,0
5.935510290136563,0
5.934585808112246,0
5.9345290031509705,0
5.9344211187515015,0
5.736508818758267,0
11.665598903933258,0
11.664627365985538,0
11.664567633978933,0
11.664454224497774,0
11.456377495461581,0
11.456371615900338,0
17.903352348575382,0
17.902405200329326,0
17.902346792510798,0
17.902236061172914,0
17.697570462354747,0
17.90332187058482,0
17.902374726762247,0
17.902316318759404,0
17.902205587508277,0
17.697540933076738,0
17.903291390317094,0
17.902344250917935,0
17.902285842730677,0
17.902175111566123,0
2.1690521340707676,0
2.168160486224963,0
2.1681057121308243,0
2.168001672006511,0
1.9771361759438406,0
2.1690245453634844,0
2.168132901420634,0
2.168078127171384,0
2.1679740871307303,0
1.9771094228826485,0
2.1689969546877848,0
2.1681053146475477,0
2.1680505402433567,0
2.1679465002863054,0
1.9770826678523008,0
17.90317554453152,0
17.902228421941317,0
17.90217001305342,0
17.902059282217976,0
17.903151151755097,0
17.902204032703523,0
17.90214562366802,0
17.90203489290191,0
17.69737552701514,0
17.903120658735062,0
17.902173544106702,0
17.902115134886913,0
17.90200440420729,0
2.168897611955174,0
2.168005985964882,0
2.1679512110025456,0
2.1678471713466365,0
1.9769863334378215,0
2.168870012223806,0
2.167978390136426,0
2.167923615019049,0
2.1678195754467566,0
1.9769595693490345,0
2.1688424105240927,0
2.167950792339255,0
2.1678960170669086,0
2.1677919775782044,0
1.9769328032911346,0
15.364609750461582,0
15.363706339034465,0
15.363650600098651,0
15.363544954260064,0
15.167763897264933,0
15.167758236207732,0
15.167752575061186,0
2.1687761584125838,0
2.167884549594291,0
2.167829773949677,0
2.167725734661772,0
2.168754071855531,0
2.1678624661593773,0
2.1678076903909727,0
2.167703651169873,0
1.976847138672312,0
2.168726461887516,0
2.167834860094203,0
2.1677800841706443,0
2.1676760450332466,0
17.902882735024832,0
17.901935654898992,0
17.901877244240666,0
17.90176651423681,0
17.697115458847847,0
17.90285222196536,0
17.901905146262777,0
17.901846735420136,0
17.901736005502826,0
17.902827809878247,0
17.90188073771428,0
17.901822326724,0
17.901711596876197,0
2.1686325732715375,0
2.1677409847471694,0
2.1676862082965016,0
2.1675821694435484,0
2.1686104785251956,0
2.167718893123009,0
2.1676641165483517,0
2.167560077762232,0
1.976707890659469,0
2.168582858320562,0
2.1676912768211736,0
2.1676365000913336,0
2.1675324613888733,0
14.074689828260418,0
14.073805185915134,0
14.073750593692353,0
14.073647131630906,0
13.88171971476774,0
14.074661161636868,0
14.073776523435654,0
14.073721931026085,0
14.073618469032482,0
14.074638226748462,0
14.073753591862598,0
14.07369899930346,0
14.073595537364227,0
13.881669718181016,0
14.074609556151046,0
14.073724925409081,0
14.073670332663156,0
14.073566870791922,0
6.210758911216033,0
6.209832171824559,0
6.209775215999585,0
6.2096670567176915,0
4.4411757430194285,0
4.440264274693334,0
4.440208265018427,0
4.440101895210191,0
4.2449848609882395,0
4.44114744580483,0
4.440235981484193,0
4.440179971651588,0
4.440073601930706,0
4.441124806584199,0
4.440213345467811,0
4.440157335509269,0
4.4400509658579494,0
4.244935467724986,0
12.273408742287373,0
12.272432720654024,0
12.272372695517788,0
12.272258746165576,0
12.063203641706792,0
12.27337818429396,0
12.272402167024708,0
12.272342141722476,0
12.272228192470578,0
12.273353736342031,0
12.272377722564116,0
12.272317697128898,0
12.272203747957363,0
12.063150315014681,0
12.273323174455399,0
12.272347165041651,0
12.272287139440351,0
12.272173190369188,0
12.063120686045394,0
9.805570440211682,0
9.804613714291676,0
9.804554892043143,0
9.804443210823834,0
9.599580008974257,0
9.59957421724802,0
9.805534597696337,0
9.80457787687753,0
9.804519054432802,0
9.8044073733289,0
9.805510700993693,0
9.804553983575502,0
9.804495161000048,0
9.80438347997314,0
9.59952208790233,0
12.273200905280433,0
12.272224913323114,0
12.272164887057542,0
12.272050938387764,0
12.0630021485308,0
12.27317033257944,0
12.27219434498636,0
12.272134318554649,0
12.27202036998517,0
12.062972508742874,0
12.062966580525739,0
12.273133642483373,0
12.272157660127093,0
12.27209763349606,0
12.271983685047175,0
19.09247721463467,0
19.091475540434388,0
19.091413823797666,0
19.091296770658317,0
19.09245164874517,0
19.09144997823907,0
19.091388261460907,0
19.091271208405573,0
18.87593344638566,0
19.092419689318206,0
19.091418023429682,0
19.09135630647448,0
19.09123925352435,0
12.27302967029766,0
12.272053702779274,0
12.271993675583502,0
12.271879727475678,0
12.0628361378499,0
12.272999085484642,0
12.272023122330381,0
12.271963094968498,0
12.271849146961173,0
12.062806485945117,0
12.272968498508874,0
12.27199253971878,0
12.27193251219066,0
12.271818564283578,0
12.062776831876718,0
10.496367945496289,0
10.495405725235955,0
10.495346555590558,0
10.495234223944237,0
11.664226031167246,0
11.663254689223407,0
11.663194949738767,0
11.663081544748621,0
11.45504652595534,0
7.53463522649956,0
7.517847681797747,0
24.376818880459382,0
24.40967215319195,0
24.40940330809697,0
24.409220513325508,0
24.231961360055166,0
21.845483004471802,0
21.8452120533273,0
21.84502753692057,0
21.812445185479177,0
21.667169279854846,0
21.84542501489328,0
21.845154064505962,0
21.844969548453477,0
21.81238734715963,0
21.68889262135815,0
21.66710064761098,0
21.84535542441982,0
21.845084474941103,0
21.844899959313878,0
21.812317938196543,0
21.68882387333845,0
21.667032012115996,0
17.457081352600852,0
17.45683219691449,0
17.456662879717328,0
17.42655667411705,0
17.312256704284678,0
17.29205969841466,0
13.387057721768045,0
13.386819026807473,0
13.386656844775644,0
13.248238184069521,0
13.228872040547884,0
17.456975831307176,0
17.456726677109714,0
17.45655736058356,0
17.426451459680607,0
17.31215260721511,0
17.29195579145771,0
10.927623779328002,0
17.456908675869613,0
17.456659522619518,0
17.45649020652037,0
17.426384499515436,0
17.312086358100316,0
17.2918896633236,0
18.621264385164665,0
18.620999900371146,0
18.620819733084545,0
18.589036060599298,0
18.468580501393944,0
18.447326519992785,0
18.62119547725817,0
18.620930993347898,0
18.62075082647422,0
18.588967329200628,0
18.468512412776107,0
18.447258540814815,0
18.621126566188792,0
18.62086208316181,0
18.620681916701017,0
18.58889859463872,0
18.46844432099421,0
18.44719055847274,0
18.62105765195632,0
18.620793169812472,0
18.62061300376486,0
18.468387575425638,0
18.44713390410412,0
18.588806943635745,0
0.027075760931566606,0
0.026852258567316767,0
0.02669988202248419,0
-0.10168911736487019,1
-0.11961174306222233,1
-0.00013058882225891466,1
14.013848639437953,0
14.013593964527502,0
14.01342042729597,0
13.866945228365111,0
13.8464960215439,0
13.98281342487968,0
14.013781342480527,0
14.013526668415238,0
14.013353131578214,0
13.982768672679128,0
13.866867631679867,0
13.846418547245975,0
14.013714042484196,0
14.013459369264027,0
14.013285832821552,0
13.982701541845387,0
13.8668011169421,0
13.846352137411671,0
14.013646739448646,0
14.013392067073681,0
14.013218531025728,0
13.98263440797254,0
13.866734599164232,0
13.846285724537196,0
14.013579433374105,0
14.013324761844217,0
14.013151226190928,0
13.866679165360551,0
13.846230378152868,0
25.954722425062386,0
25.954447897936134,0
25.954261173121992,0
25.795612357814107,0
25.773443585208526,0
25.921136518857324,0
25.954656009034238,0
25.95438148282686,0
25.95419475843829,0
25.921092364648104,0
25.79553587591367,0
25.77336723724804,0
25.954589589635873,0
25.954315064347526,0
25.954128340384187,0
25.92102613052552,0
25.79547031634675,0
25.77330179248662,0
17.456112076791797,0
17.455862934775553,0
17.45569362373982,0
17.42559021578768,0
17.311300505328504,0
17.29110524502738,0
17.456054467907578,0
17.455805326703356,0
17.455636016033637,0
17.42553277427635,0
17.311243673279122,0
17.291048516674195,0
17.455996855867028,0
17.455747715474942,0
17.455578405171224,0
17.311196310826062,0
17.291001240634856,0
25.95433495072163,0
25.954060428955856,0
25.95387370662334,0
25.795229902424992,0
25.773061799517478,0
25.95427958788278,0
25.9540050668829,0
25.953818344904974,0
25.795175256576286,0
25.7730072493395,0
25.954224222703516,0
25.9539497024696,0
25.95376298084598,0
25.795120608386497,0
25.77295269682044,0
17.455804792937016,0
17.4555556552518,0
17.455386346168154,0
17.311006839089913,0
17.290812114552196,0
18.247931029057867,0
18.229919667784856,0
20.092461730765095,0
13.709321635129186,0
13.145318379231611,0
13.145386150702066,0
13.709366285194989,0
13.709274658916598,0
35.72670281587841,0
35.72659495550471,0
35.72667701705521,0
35.72656915665644,0
35.726651217828476,0
35.72654335740444,0
1.715247088042645,0
1.7034442262830396,0
3.4094406337906946,0
3.409434426083706,0
8.88090563444429,0
8.880899906629551,0
8.880894178730074,0
3.097146625333437,0
3.0816709937263624,0
7.981058752536953,0
5.616040474838471,0
5.616031404718129,0
7.981023917080066,0
19.454376293767538,0
7.981000693045118,0
16.799763192699857,0
16.843927633390024,0
16.73110854289665,0
16.731097849290876,0
16.843895221098037,0
16.843734487292252,0
16.731065767954362,0
16.799687872288146,0
16.799677111883454,0
16.84384119888317,0
16.84368046540409,0
16.731012297331404,0
16.983330964666592,0
17.027591927207652,0
17.027430825615582,0
16.91451686889239,0
16.983287770932364,0
16.983276972282397,0
17.02761283755872,0
17.027526870179983,0
17.02736576898141,0
16.914452475373707,0
19.125504545042745,0
19.171080448104462,0
19.17099180677016,0
19.17082591978354,0
19.054775799025265,0
19.125447745934665,0
19.054835253489387,0
19.05474192455472,0
19.12541366541447,0
19.17098920231801,0
19.17090056090774,0
19.1707346744722,0
19.05476750223228,0
16.983082581783336,0
17.02741764797294,0
17.02733168040558,0
17.027170580387235,0
16.91433911903792,0
16.914248542004458,0
16.91423780780356,0
16.98300697790505,0
16.98299617700488,0
16.982985376018092,0
4.876099025857741,0
4.9388409373570425,0
4.8761491121106815,0
4.876064927929804,0
4.938806657757752,0
4.8760421955921345,0
4.876103647159766,0
16.98289896500799,0
16.91410899064003,0
16.914178097096112,0
16.982866559451068,0
3.989479421866875,0
3.9273233065805755,0
3.927384133905221,0
3.92730073582608,0
18.12275203374159,0
1.5260278867761201,0
8.920103983008957,0
8.920091777785856,0
7.118002924902754,0
10.141273968469179,0
9.174734461753332,0
9.174660265760593,0
9.270873679515418,0
9.270804237676586,0
9.270676004786992,0
9.270606553833602,0
9.174671120620403,0
9.174596924535976,0
1.5128950810781845,0
10.071940619772732,0
10.07187025790681,0
10.071740369347793,0
10.071669998307001,0
9.974555492931387,0
9.97448034485916,0
10.071875552154523,0
10.071805190200976,0
10.071675301954244,0
10.071604930825728,0
9.974491050868437,0
9.974415902707221,0
10.071810481610157,0
10.071740119569,0
10.07161023163468,0
10.071539860418525,0
9.97442660587761,0
9.974351457627222,0
9.270607156449117,0
9.270537714234791,0
9.270409482613388,0
9.27034003128422,0
9.174407167914381,0
9.174332971448322,0
9.270543183401259,0
9.27047374109678,0
9.270345509779702,0
9.270276058360395,0
9.174343811748585,0
9.174269615190696,0
9.270479207445746,0
9.270409765051099,0
9.27028153403829,0
9.270212082528914,0
9.174280452673116,0
9.174206256023666,0
10.071550170171776,0
10.071479807779752,0
10.071349921094807,0
10.071279549528029,0
9.974168796635439,0
9.974093648028372,0
10.07148508499668,0
10.071414722517162,0
10.071284836144628,0
10.071214464490012,0
9.974104337005159,0
9.97402918830906,0
10.071419996895727,0
10.071349634328385,0
10.071219748268149,0
10.071149376525838,0
9.974039874446987,0
9.973964725661645,0
7.213909978619498,0
7.213838663191126,0
7.213708207133905,0
7.2136368827997615,0
7.117233547675383,0
7.117157584004545,0
7.875504951212804,0
7.875437014802472,0
7.875311509420683,0
7.8752435640019485,0
7.781269387880528,0
7.781196753615717,0
7.647831592562909,0
7.21375158360965,0
7.213680268030501,0
7.213549812692122,0
7.213478488207343,0
7.11707651356852,0
7.117000549744446,0
6.980586356328359,0
10.071137914644723,0
10.071067551697652,0
10.070937666990957,0
10.070867294868648,0
9.973760502861367,0
9.973685353689604,0
9.836032957329053,0
10.071061960035436,0
10.070991596986076,0
10.070861712643776,0
10.070791340419177,0
9.973685278040833,0
9.973610128765074,0
9.835958677720583,0
10.070986001443487,0
10.070915638291723,0
10.070785754313619,0
10.070715381986915,0
9.973610049235191,0
9.973534899855366,0
9.835884394124193,0
13.040302267356893,0
13.040227480739716,0
13.040089831555989,0
13.040015035555882,0
12.9375796242619,0
12.937499940024793,0
12.937555979300186,0
12.792633589433748,0
13.040206797096474,0
13.0401320103839,0
13.039994361672484,0
13.039919565577051,0
12.792575195335885,0
13.040147125488488,0
13.040072338716143,0
13.039934690300086,0
13.03985989414511,0
12.792516799161788,0
0.007676585389347679,0
0.007615953565533573,0
0.007503784612381992,0
0.00744314440493099,0
-0.19679624966316567,1
0.00763106905807831,0
0.007570437146583231,0
0.0074582683904509395,0
0.007397628095375808,0
-0.19684074390349338,1
0.0075855508653432935,0
0.007524918866195662,0
0.007412750307082661,0
0.007352109924283923,0
-0.1968852400073473,1
13.065926417526967,0
13.065851529685162,0
13.06571371787524,0
13.065638820649497,0
12.818067932614909,0
13.06586655011266,0
13.065791662211524,0
13.065653850697828,0
13.065578953412881,0
12.81800934226797,0
12.963035393646905,0
13.06579470647894,0
13.06571981850665,0
13.06558200734844,0
13.06550710999251,0
7.21282531652993,0
7.212754000069296,0
7.212623548933678,0
7.212552223567258,0
7.11615820235815,0
6.979690310992211,0
7.212752170871013,0
7.212680854340746,0
7.212550403536909,0
7.2124790781009125,0
7.116085684781055,0
6.979618608263266,0
7.212679022386126,0
7.212607705786112,0
7.212477255314099,0
7.212405929808455,0
7.116013164376369,0
6.979546902704357,0
13.06553125427935,0
13.065456366046547,0
13.065318556191542,0
13.065243658575028,0
12.962715073747589,0
12.817669477313999,0
13.065459396713393,0
13.065384508409522,0
13.065246698909888,0
13.065171801222178,0
13.065411490010831,0
13.065336601659524,0
13.06519879239697,0
13.065123894661767,0
12.962596421395745,0
13.065351604766846,0
13.065276716356294,0
13.065138907389766,0
13.065064009595375,0
12.962537092107866,0
12.817493657691614,0
7.212349819233111,0
7.212278502319904,0
7.21214805334094,0
7.212076727522174,0
7.115686787560065,0
6.979224192669136,0
7.212276655205699,0
7.212205338222887,0
7.212074889575561,0
7.21200356368719,0
7.115614251602068,0
6.97915247154576,0
7.21220348835223,0
7.212132171299743,0
7.212001722984411,0
7.211930397026279,0
7.115541712816324,0
6.9790807475924765,0
12.504444520305327,0
12.504369250175188,0
12.504231044114633,0
12.504155764655508,0
12.401626000901231,0
12.256643631780804,0
12.50437045753553,0
12.504295187338798,0
12.504156981639554,0
12.504081702113822,0
12.401552607085065,0
7.2119961669212955,0
7.211924849671831,0
7.2117944022963485,0
7.211723076141027,0
7.115336170900221,0
6.978877514356867,0
7.211922989235347,0
7.211851671916179,0
7.21172122487242,0
7.211649898647551,0
7.115263621274707,0
6.978805779555799,0
7.115239437437708,0
-0.06523206659483094,1
-0.06529263941597208,1
-0.0654046922112883,1
-0.06546527341045305,1
-0.26948566968630416,1
-0.06527757365843456,1
-0.06533814656734194,1
-0.06545019916617889,1
-0.06551078045295355,1
-0.2695301557928076,1
-0.149682308238269,1
-0.06533218459040313,1
-0.0653927576043003,1
-0.06550480996750707,1
-0.06556539135945627,1
-0.14972737302851158,1
7.157748271773869,0
7.157676998481534,0
7.157546636774185,0
7.157475354580541,0
7.061155632863958,0
6.92478978755166,0
7.157675107593519,0
7.1576038342315655,0
7.157473472855671,0
7.157402190592279,0
7.061083096300038,0
6.924718065240583,0
7.157601940588663,0
7.157530667157147,0
7.157400306112535,0
7.157329023779468,0
7.061010556909352,0
13.038367960126664,0
13.038293171575887,0
13.038155531959205,0
13.038080734025598,0
12.935663306899045,0
12.790763948548573,0
13.038296277322303,0
13.03822148869989,0
13.038083849437356,0
13.03800905143217,0
12.935592290358215,0
12.790693795659507,0
13.038224591532511,0
13.03814980283859,0
13.038012163930404,0
13.037937365853395,0
12.935521270830122,0
12.79062363978089,0
0.0062009093466315335,0
0.00614027468273548,0
0.006028112111664541,0
0.0059674690639752725,0
-0.198238810986183,1
0.006155332702789451,0
0.006094697951240846,0
0.005982535577231829,0
0.005921892441790533,0
-0.19828336560418336,1
0.006109754197623829,0
0.006049119358422672,0
0.0059369571812624145,0
0.005876313958168566,0
-0.19832792208588046,1
13.037973667758337,0
13.03789887881355,0
13.037761241145546,0
13.037686442817801,0
12.790389765261153,0
13.037913918612304,0
13.03783912960779,0
13.037701492234945,0
13.037626693847528,0
12.790331291441063,0
13.037854167393036,0
13.037779378328878,0
13.037641741251235,0
13.037566942804148,0
12.790272815544824,0
-0.16030400273987766,1
-0.1603692980229141,1
-0.16048844162638431,1
-0.16055374522126442,1
-0.16034982447017398,1
-0.16041511980311896,1
-0.1605342632136484,1
-0.16059956685838017,1
-0.1603956473720416,1
-0.16046094275495193,1
-0.16058008597235585,1
-0.16064538966709563,1
13.037650997740343,0
13.037576208473169,0
13.037438572399395,0
13.037363773749348,0
13.037603189633273,0
13.037528400318436,0
13.037390764480818,0
13.03731596578298,0
13.030687381901245,0
13.03048587381025,0
13.030410735047411,0
13.030272392779708,0
12.7899804049231,0
0.005699463884283773,0
0.005638828255968065,0
0.005526667851412981,0
0.005466023839431955,0
3.100765168539965e-05,0
-0.00013359119925837604,1
-0.00019453858814699743,1
-0.0003073285159018724,1
-0.19876467422196242,1
0.005617387728065637,0
0.005556751942123128,0
0.00544459189197255,0
0.005383947722023663,0
-5.1015348105920566e-05,1
-0.00021561333271336025,1
-0.0002765608795840535,1
-0.000389350453005477,1
-0.19884491345678157,1
0.005535305540774971,0
0.005474669597035131,0
0.0053625099015022215,0
0.005301865573784426,0
-0.00013304437922556644,1
-0.000297641497411405,1
-0.0003585892021504833,1
-0.00047137842143740727,1
-0.19892515872935235,1
9.014405794051825,0
9.014333003389737,0
9.014199755214065,0
9.014126955502576,0
9.007749457676042,0
9.00755476267581,0
9.007481634973047,0
9.0073477054502,0
9.014307053779063,0
9.014234263026353,0
9.01410101530746,0
9.014028215505377,0
9.007650774533232,0
9.00745608053731,0
9.007382952743896,0
9.007249023677588,0
9.014208308400214,0
9.014135517556895,0
9.014002270294924,0
9.013929470402218,0
9.00755208628442,0
9.007357393292807,0
9.0072842654086,0
9.007150336799214,0
10.174577002900776,0
10.174506509057025,0
10.174376413345513,0
10.174305910318509,0
10.168019469713144,0
10.16782876942331,0
10.167757933771455,0
10.167627147372102,0
10.174489790931887,0
10.174419296971678,0
10.174289201678008,0
10.174218698534403,0
10.167932313371097,0
10.167741614032948,0
10.167670778264537,0
10.167539992282755,0
10.17440257375705,0
10.174332079680354,0
10.174201984804284,0
10.17413148154445,0
10.167845151823116,0
10.167654453436512,0
10.16758361755143,0
10.16745283198722,0
9.013813275825399,0
9.013740484619518,0
9.013607239185248,0
9.013534438929767,0
9.007157282226785,0
9.006962593252084,0
9.006889465004832,0
9.00675553822218,0
9.007107925975177,0
9.006913237502616,0
9.00684010920996,0
9.006706182655691,0
9.013665117547845,0
9.013592326205881,0
9.013459081457071,0
9.013386281065536,0
9.013615728902323,0
9.013542937514998,0
9.013409692994642,0
9.013336892557916,0
9.006959849560943,0
9.006765162594647,0
9.00669203416578,0
9.006558108296602,0
1.6147126456918954,0
1.6146506226239268,0
1.6145359267050026,0
1.6144738951231687,0
1.6089178420058659,0
1.6087495451824196,0
1.6086872054830934,0
1.6085718701512377,0
10.067193873841063,0
10.067123505588128,0
10.06699363977377,0
10.066923262345568,0
10.06064781086134,0
10.060457445672483,0
10.060386735912147,0
10.060256180025519,0
10.067106832215174,0
10.067036463845255,0
10.066906598447147,0
10.066836220902118,0
10.060560824752443,0
10.060370460513155,0
10.06029975063555,0
10.06016919516479,0
2.2906089279648825,0
2.2905416452810385,0
2.290418806203377,0
2.290351515008979,0
2.284490276014708,0
2.284310950806457,0
2.2842433512552702,0
2.2841198717920577,0
2.2844433623135245,0
2.284264037558046,0
2.2841964379577746,0
2.2840729586964983,0
8.298538816251266,0
8.298466603739556,0
8.298334471610474,0
8.298262250106475,0
8.29194138085765,0
8.291748346088724,0
8.29167579866457,0
8.291542989511342,0
13.174781583028377,0
13.189962478568702,0
23.9798822119446,0
23.979796916221957,0
29.868855060821062,0
29.868770803346166,0
29.868837220108063,0
29.868752962574078,0
29.868819378998808,0
29.868735121405948,0
8.622452640008873,0
8.622377405675607,0
8.622436329729226,0
8.622361095349504,0
19.933884327594555,0
34.08440152501123,0
30.427528506821915,0
30.42751535176417,0
30.42750219660941,0
34.08435319366728,0
34.08434111058085,0
19.915639051917495,0
-16.01108949570724,1
-16.02427131609761,1
0.11213970288540054,0
0.37319435308113214,0
0.37187146517217684,0
0.371724259069353,0
0.3718538117235113,0
0.3718449848874599,0
0.3731502130721793,0
0.3718273309916924,0
0.3716801251690498,0
0.11206231376444009,0
0.3731148997235749,0
0.3717920223059821,0
0.37164481670730254,0
0.11202791666117662,0
0.2580664614431356,0
0.25676251567895747,0
0.2566174893838138,0
0.0004465744995627574,0
2.9283704761191274,0
2.9296931477864234,0
2.928422831563026,0
2.9283438491543734,0
2.9281947518207687,0
2.6648688177009348,0
2.8219250926275947,0
2.664851528646352,0
-2.100693158656483,1
-2.1019233382103977,1
-2.1019999132091414,1
-2.102144381821205,1
-2.2049735905593337,1
-2.3567651227537567,1
-2.3567735887979353,1
-2.356782054914646,1
-2.1007626833528263,1
-2.101992854278194,1
-2.102069429346102,1
-2.102213897515668,1
-2.2050423552599483,1
0.25785093860471875,0
0.256615219604015,0
0.25653840080650525,0
0.2563933759183499,0
0.15302398387198934,0
0.00021990394915860634,0
0.00021150769903499622,0
0.001492233062322157,0
0.00024198570969247157,0
0.00016418056397071723,0
1.7372910221524762e-05,0
-0.10451068328090685,1
-0.2588721558381053,1
0.0014393612308083448,0
0.0001891204618118536,0
0.00011131526107988066,0
-3.5492057122610277e-05,0
-0.10456297507646184,1
-0.2589236582492731,1
0.0013864867269717251,0
0.00013625254142368703,0
5.844728575254976e-05,0
-8.835969686060707e-05,1
11.749239252483562,0
11.73400785957547,0
24.473504021591594,0
24.47341137215166,0
23.54434895074779,0
23.544257652097542,0
23.544323587421943,0
23.544232288745263,0
23.544298223730536,0
23.544206925027424,0
15.158882278339746,0
15.158942389344034,0
5.345151199683542,0
11.54250836293015,0
11.542499413598321,0
11.64924756584358,0
11.649027455683466,0
11.648948046052297,0
11.648798267861395,0
11.749645864343819,0
11.863048309079318,0
11.862812575197026,0
11.862726637274704,0
11.862565783260536,0
11.749591240799091,0
5.328828747857585,0
20.70213760955575,0
20.684150671730862,0
38.528266177391714,0
21.646822205875097,0
21.60866174329628,0
21.694473926789428,0
21.646789131546925,0
21.694451787845153,0
21.60861778295819,0
21.646756056396555,0
21.69441857874341,0
21.60858481174523,0
38.52814824184256,0
38.5803924586761,0
38.48626321866553,0
38.5281128591449,0
38.58035692442891,0
38.486227953536115,0
38.52807747550895,0
38.58032138924381,0
38.48619268746856,0
21.694296805003702,0
21.646612721243727,0
21.60845291867119,0
21.64659066831146,0
21.694252520903206,0
21.608419943347073,0
21.694309090345115,0
21.694219306868803,0
21.646535534382053,0
21.694197163722535,0
21.608364982646165,0
38.90113426317271,0
38.94367700952188,0
38.996805891553606,0
30.47088944085469,0
30.423211711237826,0
30.384984010657448,0
30.470857185748258,0
37.15992299459802,0
13.673690824341037,0
13.593551303358737,0
13.673743542076153,0
13.67365966062539,0
13.593520360315182,0
36.42093250756332,0
36.47388760319248,0
36.47378819860754,0
36.378566147791844,0
36.47385126367476,0
36.47375185903553,0
36.37853007729311,0
36.420848068040414,0
36.473802809550534,0
36.473703404838886,0
36.42081187813673,0
36.37846995774615,0
36.47375435378689,0
36.473654949002935,0
36.34085367092379,0
29.819184710852326,0
29.81908923673366,0
29.727741718890286,0
29.691690870178817,0
29.72771846312635,0
29.691667679342146,0
29.72769520697277,0
29.691644488115813,0
36.420655044563745,0
36.37831363493436,0
36.34072177285756,0
36.42061884974163,0
36.378277557979885,0
36.340685798505746,0
36.37825350616464,0
36.34066181509212,0
36.42055852298893,0
24.661576517873357,0
24.59336703661276,0
24.62553292744296,0
24.625444901020728,0
24.661536102181728,0
24.625502716843187,0
24.625414690355896,0
24.59330679287362,0
24.625472505395848,0
24.62538447884313,0
24.59327666973215,0
36.420413728331,0
36.37816443532131,0
36.37806107688658,0
36.340469933025844,0
36.42036546016638,0
36.378116323976144,0
36.37801296546834,0
36.340421958410104,0
36.42031719036231,0
36.37806821099181,0
36.37796485241037,0
36.3403739821546,0
39.0507765613485,0
39.00844839059366,0
39.00834491759875,0
38.970669357971076,0
39.05072859062187,0
39.00840057840631,0
39.00829710533321,0
38.970621684002566,0
39.05068061822229,0
39.00835276454586,0
39.008249291394776,0
38.97057400836127,0
34.43952205611498,0
34.39976965176791,0
34.39967252542331,0
34.364267575171255,0
34.43947732030361,0
34.39972506537697,0
34.399627938947475,0
34.36422311903377,0
34.399691624519335,0
34.39959449802603,0
34.439410213545415,0
34.39965818274908,0
34.39956105619197,0
34.364156431785574,0
39.050464721723245,0
39.05045272647993,0
39.00812562586205,0
39.00802215234006,0
38.970347526215875,0
39.0504047444615,0
39.102992785461424,0
39.102631109439244,0
39.10244422530363,0
39.008041933673894,0
39.0079384600152,0
38.97026407590934,0
39.05032077190407,0
39.10290845786264,0
39.102546783496365,0
39.10235989982297,0
39.0079582363619,0
39.00785476256675,0
38.970180620479,0
39.085036939480545,0
39.084674612520416,0
39.08448738802002,0
38.98992223064002,0
38.98981857384803,0
38.95208171266401,0
39.03227281817172,0
39.03226079191478,0
39.08494032614894,0
39.08457800108465,0
39.08439077711415,0
38.98982633842655,0
38.989722681479435,0
38.95198609719216,0
39.0848678617609,0
39.084505538118464,0
39.08431831454516,0
38.98975441487619,0
38.98965075781257,0
34.409701740579976,0
34.534328978831695,0
34.533989631641646,0
34.53381431445584,0
34.445152658753756,0
34.445055483237894,0
34.48488901188571,0
34.44511918503494,0
34.44502200945519,0
34.44509686871504,0
34.444999693092996,0
39.07836362588171,0
39.07800270347073,0
39.07781620932363,0
39.025835580873235,0
38.98359352071208,0
38.98349025451492,0
38.94588983038892,0
39.07827948289693,0
39.07791856213865,0
39.07773206845178,0
39.025751789495274,0
38.983510006376605,0
38.983406740041914,0
38.94580655758554,0
39.07819533478994,0
39.07783441568418,0
39.07764792245797,0
39.025667992994045,0
38.98342648691752,0
38.983323220445385,0
38.945723279658466,0
30.12506338239085,0
30.124715811165373,0
30.12453613026895,0
30.03392843384988,0
30.03382899376976,0
29.99770372670531,0
30.07449116770225,0
30.0744794667238,0
39.07801500016902,0
39.07765408460435,0
39.07746759236454,0
38.983259432629154,0
38.983156165882065,0
38.945556708432605,0
39.02545249275332,0
39.07793083596334,0
39.07756992205114,0
39.07738343027171,0
39.0254045992107,0
38.983163963834386,0
38.983060696930266,0
38.94546151567326,0
39.08663550377972,0
39.086536646575865,0
39.08643778555566,0
39.086338920718646,0
39.086240052065364,0
39.086575336686764,0
39.08647647938605,0
39.08637761826907,0
39.08627875333528,0
39.086179884585135,0
39.077726415852055,0
39.07736550595328,0
39.07717901529193,0
39.0252010329921,0
38.98296107042651,0
38.982857803188665,0
38.94525920883831,0
13.678776536654624,0
13.678692946898906,0
13.678609354056093,0
13.6785257581259,0
13.678442159108684,0
13.671317612367261,0
13.671013207340167,0
13.670855784015046,0
13.559859918043784,0
13.678682833111324,0
13.678599243210684,0
13.678515650222693,0
13.67843205414745,0
13.678348454985212,0
13.67122396786263,0
13.67091956455782,0
13.67076214170973,0
13.559767184736842,0
13.559756880609356,0
13.67857870995988,0
13.678495119897988,0
13.678411526748803,0
13.678327930512282,0
13.678244331188807,0
13.671119910309343,0
13.670815508918025,0
13.670658086600298,0
13.626880395465221,0
37.21872846225577,0
37.218629108194364,0
37.218529750381975,0
37.218430388818575,0
37.21833102350405,0
37.209842533251475,0
37.20948006399988,0
37.20929272717041,0
37.15711639562343,0
37.0769444684106,0
37.218606783027184,0
37.21850742878351,0
37.21840807078891,0
37.21830870904316,0
37.21820934354659,0
37.209720934490264,0
37.209358467599145,0
37.2091711314346,0
37.07683614557615,0
39.04859219973673,0
39.109978854058284,0
39.10987978653165,0
39.109780715189146,0
39.109681640031084,0
39.10958256105724,0
39.10111226972978,0
39.100750630610634,0
39.10056375677257,0
38.9684268728123,0
39.048472079497884,0
39.109858140501046,0
39.10975907278194,0
39.109660001246965,0
39.10956092589632,0
39.109461846729886,0
39.10099163708219,0
39.100630000328664,0
39.10044312715061,0
38.96830748816319,0
39.048351948803656,0
39.10093131683837,0
39.10056968126747,0
39.100382808419454,0
39.10970119724814,0
39.10960212927887,0
39.109503057493896,0
39.10940398189308,0
39.10930490247654,0
38.96818809305685,0
37.15661982526018,0
36.238982824457935,0
36.23862190649743,0
36.2384353597927,0
36.24773320528024,0
36.247634257393,0
36.24753530578397,0
36.247436350452915,0
36.24733739139981,0
36.18642764129001,0
36.10661612838385,0
36.24764822583356,0
36.24754927782007,0
36.247450326084675,0
36.24735137062737,0
36.2472524114481,0
36.23880085169375,0
36.23843993725146,0
36.238253391538734,0
36.186306820288564,0
36.247538959181696,0
36.24744001100572,0
36.247341059107924,0
36.24724210348816,0
36.24714314414635,0
36.24747825190667,0
36.247379303640486,0
36.24728035165259,0
36.247181395942505,0
36.247082436510595,0
36.23863098968633,0
36.23827007852742,0
36.238083533740564,0
36.1861376537029,0
24.658855204814913,0
24.71102935524847,0
24.710945305077743,0
24.710861251456762,0
24.71077719438553,0
24.710693133863856,0
24.70349988478418,0
24.70319279596272,0
24.703034144476973,0
24.658764039313382,0
24.590572181023774,0
24.71092755411685,0
24.710843503730956,0
24.710759449894923,0
24.71067539260862,0
24.71059133187198,0
24.703398152347248,0
24.70309106549027,0
24.702932414516184,0
24.59048157840104,0
38.52396660682922,0
38.58453583822205,0
38.584438125238734,0
38.584340408446934,0
38.58424268784623,0
38.58414496343721,0
38.57578871530029,0
38.575431954346186,0
38.57524761017095,0
38.44483940297329,0
38.5238482918154,0
38.58441693625363,0
38.58431922307162,0
38.584221506081064,0
38.58412378528206,0
38.584026060674546,0
38.57566989333253,0
38.57531313471034,0
38.57512879117979,0
38.444721815564264,0
38.44471005624982,0
38.58429802386178,0
38.58420031048141,0
38.58410259329244,0
38.58400487229494,0
38.583907147488816,0
38.575551060941365,0
38.57519430465098,0
38.57500996176549,0
38.44460421772888,0
38.52361163051407,0
38.85018956145706,0
38.850091355467356,0
38.849993145663916,0
38.84989493204702,0
38.84979671461613,0
38.841399335528166,0
38.84104081023813,0
38.840855548885,0
38.78921792588906,0
38.70980920052327,0
38.850069959570476,0
38.849971753384125,0
38.84987354338415,0
38.84977532957035,0
38.84967711194287,0
38.84127981399439,0
38.84092129104897,0
38.84073603034602,0
38.709702746492326,0
38.523374927514396,0
38.583941224148646,0
38.58384351017287,0
38.58374579238807,0
38.58364807079511,0
38.58355034539346,0
38.57519450122828,0
38.574837751933956,0
38.57465341098262,0
38.4442513616647,0
38.52325656037769,0
38.57513506548895,0
38.574778317360796,0
38.57459397673179,0
38.58378658180726,0
38.5836888675733,0
38.58359114953058,0
38.583493427679315,0
38.58339570201963,0
38.444133722124036,0
38.52313818281647,0
38.583703305558146,0
38.583605591185204,0
38.58350787300367,0
38.58341015101354,0
38.5833124252147,0
38.57495674263683,0
38.574599998006306,0
38.57441565834455,0
38.44401607215707,0
23.696021285967547,0
23.752200669398974,0
23.752109721907715,0
23.75201877104908,0
23.75192781682317,0
23.751836859229854,0
23.744081197081442,0
23.74374987038422,0
23.743578547230925,0
23.622740486525913,0
23.744036079634768,0
23.743784770485235,0
23.743693474398114,0
23.743522151539878,0
24.657699877977265,0
24.70986826397575,0
24.70978421135335,0
24.709700155280657,0
24.70961609575764,0
24.709532032784352,0
24.70233957661857,0
24.70210673616299,0
24.702022326833387,0
24.701863681228474,0
24.657598475110646,0
24.70228865788691,0
24.70205581805024,0
24.701971408612962,0
24.701812763263817,0
24.709725589423556,0
24.709641536500115,0
24.70955748012635,0
24.709473420302174,0
24.70938935702766,0
35.66858830871914,0
35.72696783148302,0
35.72687369607118,0
35.72677955691847,0
35.72668541402521,0
35.72659126739114,0
35.71853909708912,0
35.71827841383194,0
35.71818389143559,0
35.71800626613765,0
35.66847448480718,0
35.72685344072306,0
35.72675930510354,0
35.72666516574333,0
35.72657102264242,0
35.726476875800756,0
35.7184247835082,0
35.718164101672585,0
35.71806957906861,0
35.717891954377365,0
35.668360650669314,0
35.726739039738476,0
35.726644903911506,0
35.7265507643439,0
35.726456621035254,0
35.72636247398597,0
35.71831045970271,0
35.718049779288464,0
35.71795525647656,0
35.71777763239237,0
34.55017728889217,0
34.55008437948692,0
34.54999146637056,0
34.5498985495434,0
34.54980562900536,0
34.54185800851906,0
34.54160070998256,0
34.54150741671481,0
34.54133209852293,0
34.75842994662645,0
34.55006441162385,0
34.5499715020089,0
34.549878588683015,0
34.54978567164619,0
34.54969275089863,0
34.75835774409731,0
34.75834570998825,0
35.66805324741796,0
35.726430106009246,0
35.72633596962166,0
35.726241829493546,0
35.72614768562457,0
35.726053538014895,0
35.718001734355255,0
35.71774105777905,0
35.71764653440587,0
35.71746891196011,0
35.66793937544375,0
35.71794455481489,0
35.7176838789494,0
35.717589355472484,0
35.71741173332998,0
35.726269888805405,0
35.726175752127375,0
35.72608161170848,0
35.72598746754875,0
35.72589331964832,0
35.66782549324381,0
35.7262012181549,0
35.72610708135221,0
35.72601294080866,0
35.72591879652444,0
35.72582464849967,0
35.71777300085682,0
35.71751232712347,0
35.71741780333474,0
35.717240182102444,0
35.71772724924918,0
35.71746657608446,0
35.71737205221251,0
35.717194431222964,0
32.22432084572196,0
32.22405350712344,0
32.22395643398991,0
32.22377420644696,0
32.17305832865273,0
32.232840654599755,0
32.232743954565365,0
32.23264725092497,0
32.23255054367863,0
32.23245383282645,0
32.232780961222886,0
32.23268426110059,0
32.2325875573722,0
32.232490850038175,0
32.232394139098005,0
32.17292762486926,0
38.84803513017616,0
38.84793692064676,0
38.847838707303595,0
38.84774049014658,0
38.84764226917588,0
32.172856326834136,0
32.23263768699536,0
32.2325409866622,0
32.232444282722895,0
32.23234757517784,0
32.23225086402681,0
35.66735846931138,0
35.72573187019677,0
35.72563773254305,0
35.72554359114855,0
35.72544944601327,0
35.72535529713713,0
35.66729010992714,0
35.72566317071346,0
35.725569032935084,0
35.725474891415985,0
35.72538074615602,0
35.725286597155446,0
35.66722174686166,0
35.725594467549115,0
35.72550032964617,0
35.72540618800261,0
35.725312042618214,0
35.725217893493095,0
35.725537212100534,0
35.72544307409402,0
35.725348932346606,0
35.72525478685827,0
35.7251606376293,0
35.40475113760584,0
35.40465259874611,0
35.40455405618894,0
35.40445550993448,0
35.40435695998289,0
35.40469048038952,0
35.40459194144012,0
35.40449339879345,0
35.40439485244926,0
35.40429630240797,0
35.34366973259287,0
35.404617688375964,0
35.40451914931916,0
35.40442060656497,0
35.404322060113316,0
35.40422350996428,0
39.04358941416248,0
39.1049406141274,0
39.10484156539172,0
39.10474251283998,0
39.104643456472445,0
39.10454439628859,0
38.18304169227207,0
39.043505105250745,0
39.104855889998674,0
39.10475684112822,0
39.1046577884417,0
39.10455873193922,0
39.10445967162056,0
28.488596756519556,0
28.48850948180214,0
28.488422203532977,0
28.488334921711825,0
28.488247636338627,0
28.434386819455113,0
28.434376269632452,0
28.48852254201323,0
28.48843526714576,0
28.48834798872629,0
28.48826070675473,0
28.48817342123141,0
28.434312968659796,0
28.488458925796806,0
28.488371650800588,0
28.488284372252267,0
28.488197090152084,0
28.48810980450007,0
39.026162098832685,0
39.08763477562525,0
39.08753551589214,0
39.087436252344986,0
39.08733698498375,0
39.087237713809,0
39.02608962177217,0
39.08756194222045,0
39.08746268237243,0
39.08736341871065,0
39.087264151234876,0
39.08716487994528,0
39.02601714094911,0
39.08748910505349,0
39.087389845090655,0
39.08729058131408,0
39.087191313723565,0
39.087092042319284,0
37.1855584704048,0
37.24704518119509,0
37.24694580751506,0
37.246846430082826,0
37.24674704889844,0
37.24664766396188,0
37.185485556963954,0
37.24697191386801,0
37.24687254007836,0
37.246773162536726,0
37.24667378124295,0
37.246574396196934,0
37.246910854928586,0
37.246811481047814,0
37.24671210341492,0
37.24661272202994,0
37.24651333689272,0
37.28976975377705,0
37.289670364512915,0
37.28957097149552,0
37.2894715747247,0
37.289372174200196,0
37.228200855651636,0
37.28969647013656,0
37.289597080763144,0
37.28949768763624,0
37.289398290755685,0
37.28929889012173,0
37.2281279222822,0
37.2896231827861,0
37.28952379330312,0
37.28942440006654,0
37.289325003076584,0
37.28922560233306,0
37.228054985202306,0
34.47881744273835,0
34.53642428941902,0
34.53633138740969,0
34.53623848168962,0
34.536145572259045,0
34.53605265911747,0
34.47874993914445,0
34.536356450128665,0
34.536263547993514,0
34.536170642147596,0
34.536077732591195,0
34.53598481932397,0
31.242964065652018,0
22.724234002159804,0
22.77540498214043,0
22.775322516034322,0
22.775240046530087,0
22.775157573627823,0
22.77507509732746,0
22.72417417433293,0
22.775344856838984,0
22.775262390603913,0
22.7751799209708,0
22.775097447939572,0
22.7750149715104,0
22.77529474987051,0
22.77521228352792,0
22.77512981378733,0
22.775047340648726,0
22.774964864112093,0
32.23074991015025,0
32.23065320703978,0
32.230556500323246,0
32.23045979000079,0
32.23036307607231,0
32.17090613022259,0
32.230678173594185,0
32.23058147037818,0
32.230484763556234,0
32.23038805312822,0
32.23029133909435,0
32.17083473094513,0
32.230606433465425,0
32.23050973014398,0
32.230413023216556,0
32.23031631268313,0
32.2302195985437,0
32.170763328094324,0
32.17075142727174,0
32.23052273213301,0
32.23042602868844,0
32.23032932163801,0
32.2302326109816,0
32.23013589671905,0
32.17068002025215,0
38.79840928657768,0
38.86004559047777,0
38.85994602889434,0
38.85984646350684,0
38.859746894315094,0
38.85964732131919,0
35.66526044028035,0
35.72362341170739,0
35.72352927023368,0
35.723435125019336,0
35.72334097606404,0
35.723246823368044,0
38.798263572365414,0
20.125613578577983,0
20.175483566141864,0
20.17540319834508,0
20.175322827220995,0
20.17524245276968,0
20.175162074991164,0
20.12555525011753,0
20.175424947987523,0
20.175344580062358,0
20.17526420880968,0
20.17518383423004,0
20.1751034563231,0
20.125496918387498,0
20.175366326564045,0
20.175285958510372,0
20.175205587129412,0
20.17512521242125,0
20.1750448343857,0
20.12543858338779,0
34.761879558856435,0
34.761786424421445,0
34.761693286269775,0
34.76160014440168,0
34.761506998817225,0
34.70406821816533,0
34.761811493477666,0
34.76171835891685,0
34.76162522063973,0
34.76153207864604,0
34.7614389329359,0
34.7040004856415,0
34.76174342444281,0
34.76165028975663,0
34.76155715135383,0
34.76146400923463,0
34.76137086339898,0
34.70393274946096,0
24.654084134138486,0
24.706234520019464,0
24.70615045974006,0
24.706066396010428,0
24.705982328830203,0
24.705898258199895,0
24.654023092332324,0
24.706173174854683,0
24.70608911444637,0
24.706005050587606,0
24.705920983278432,0
24.705836912518848,0
24.65396204713481,0
24.70611182629932,0
24.706027765761945,0
24.705943701774046,0
24.705859634335766,0
24.705775563447162,0
24.706060699912896,0
24.705976639267845,0
24.705892575172527,0
24.70580850762677,0
24.70572443663066,0
34.43136467907982,0
34.48893573869847,0
34.48884288062851,0
34.48875001884889,0
34.48865715335984,0
34.48856428416124,0
34.431297132547826,0
34.4888678566482,0
34.48877499845233,0
34.48868213654703,0
34.48858927093195,0
34.48849640160759,0
34.48881128548561,0
34.488718427184835,0
34.488625565174516,0
34.488532699454765,0
34.488439830025555,0
34.43117328776083,0
20.124855053560395,0
20.17472127513865,0
20.174640905672007,0
20.174560532877976,0
20.17448015675683,0
20.17439977730824,0
20.17467239148749,0
20.17459202191381,0
20.174511649012757,0
20.17443127278449,0
20.17435089322899,0
20.12474803762585,0
20.174613728109406,0
20.174533358407288,0
20.174452985377798,0
20.17437260902109,0
20.174292229337013,0
20.124689660665766,0
34.4885397086326,0
34.48844684982839,0
34.48835398731495,0
34.488261121091796,0
34.488168251159124,0
34.43090303837624,0
34.43089177671803,0
34.48846048771975,0
34.488367628769,0
34.488274766108646,0
34.48818189973869,0
34.48808902965911,0
34.48840389831287,0
34.48831103925701,0
34.48821817649187,0
34.48812531001698,0
34.48803243983269,0
34.43076789178755,0
24.107264399421254,0
24.163605151178743,0
24.163513900020803,0
24.163422645483678,0
24.163331387567624,0
24.1632401262725,0
24.107196544538397,0
24.163536978077573,0
24.163445726817812,0
24.16335447217901,0
24.163263214161205,0
24.163171952764543,0
24.163480164597132,0
24.16338891325279,0
24.163297658529302,0
24.16320640042683,0
24.16311513894513,0
24.10707213520584,0
35.663673220660286,0
35.72202831365354,0
35.721934169294144,0
35.721840021193884,0
35.721745869352645,0
35.721651713770655,0
35.72197089921923,0
35.72187675475601,0
35.721782606551955,0
35.721688454606976,0
35.72159429892102,0
35.66354752899147,0
35.72190199852406,0
35.72180785393624,0
35.72171370560744,0
35.721619553538005,0
35.72152539772759,0
35.7218445784664,0
35.72175043377467,0
35.721656285342334,0
35.7215621331691,0
35.721467977254804,0
35.66342182494972,0
24.106800657516644,0
24.163139234790336,0
24.1630479829372,0
24.162956727705165,0
24.1628654690941,0
24.162774207103993,0
24.106732779706277,0
24.163071038764244,0
24.1629797868096,0
24.162888531475843,0
24.162797272763072,0
24.162706010671116,0
24.106664898540657,0
24.16300283938361,0
24.162911587327173,0
24.162820331891723,0
24.162729073077116,0
24.162637810883496,0
35.721568926610985,0
35.72147478142085,0
35.721380632490025,0
35.72128647981833,0
35.72119232340583,0
35.66314751863894,0
35.66313608793109,0
35.72148851705998,0
35.72139437172464,0
35.72130022264858,0
35.721206069831595,0
35.721111913273546,0
35.66306750153686,0
35.72141959060036,0
35.72132544514051,0
35.721231295939816,0
35.721137142998316,0
35.72104298631584,0
35.721362149072576,0
35.72126800350898,0
35.721173854204466,0
35.72107970115897,0
35.72098554437284,0
35.400328652029714,0
35.400230106645694,0
35.400131557564066,0
35.40003300478526,0
35.39993444830898,0
35.33932858866777,0
35.40025564110965,0
35.400157095617885,0
35.400058546428966,0
35.39995999354235,0
35.399861436958616,0
35.339255923432745,0
35.40018262653098,0
35.40008408093192,0
35.399985531635394,0
35.39988697864109,0
35.39978842194975,0
34.42964110253277,0
34.487203606602634,0
34.48711074532383,0
34.48701788033546,0
34.48692501163765,0
34.486832139230046,0
34.42957346294142,0
34.48713563150676,0
34.487042770102164,0
34.486949904987966,0
34.48685703616414,0
34.486764163630795,0
34.429505819700694,0
34.48706765276208,0
34.48697479123143,0
34.48688192599141,0
34.48678905704182,0
34.486696184382765,0
35.33896522590234,0
35.39989053163163,0
35.39979198560218,0
35.39969343587552,0
35.3995948824512,0
35.399496325329636,0
28.430466177832244,0
28.48459301111791,0
28.484505728309998,0
28.484418441950098,0
28.484331152038195,0
28.484243858574402,0
35.338819855183004,0
35.399744462231155,0
35.39964591598664,0
35.39954736604457,0
35.39944881240524,0
35.39935025506844,0
34.81302793540996,0
34.81292970199297,0
34.81283146489557,0
34.81273322411778,0
34.81263497965986,0
34.75223138421427,0
34.75221929869548,0
34.8129429331251,0
34.81284469958325,0
34.81274646236096,0
34.812648221458375,0
34.81254997687523,0
35.39953750552948,0
35.399438958980255,0
35.39934040873342,0
35.39924185478941,0
35.39914329714796,0
35.399476630322056,0
35.39937808368316,0
35.399279533347,0
35.39918097931309,0
35.39908242158205,0
35.39941575257387,0
35.399317205845335,0
35.39921865541956,0
35.39912010129618,0
35.39902154347547,0
35.72038525203595,0
35.7202911047074,0
35.72019695363787,0
35.720102798827554,0
35.72000864027643,0
35.72032776450081,0
35.72023361706832,0
35.720139465895016,0
35.720045310980936,0
35.719951152325905,0
35.7202702744097,0
35.72017612687338,0
35.720081975596315,0
35.71998782057827,0
35.719893661819384,0
38.57615164108401,0
38.576053914142676,0
38.57595618339255,0
38.57585844883363,0
38.5757607104662,0
9.9545756162276,0
9.939167369278636,0
5.37924625441741,0
24.884925966641944,0
5.379230003619853,0
24.884907230719634,0
24.88489786261593,0
24.88488849441731,0
24.88495555146949,0
26.64518867686712,0
26.64509904722682,0
26.645169479129308,0
26.645079849440066,0
26.64515028100675,0
26.64506065126848,0
24.809219809187013,0
24.80913408402442,0
24.809201083160602,0
24.809115357946865,0
-17.018086107608923,1
-10.552640006699747,1
-10.5527066907881,1
-10.552713846366913,1
1.533393729015117,0
1.5333198944134097,0
1.5333122642945796,0
1.5333708384831937,0
1.5332970038264762,0
-17.030114503297213,1
0.00369050308630392,0
0.003617362530562218,0
0.0036751488480604166,0
0.003602008257189482,0
1.5333174245571257,0
1.5332435897717858,0
1.6275668360833748,0
1.6273729633053762,0
1.6273031888820668,0
1.6271713485474208,0
1.6275359676346,0
1.6273420952531694,0
1.627272320757541,0
1.6271404805849272,0
1.533241112427305,0
1.5331672774583893,0
1.627489662660409,0
1.627295790873717,0
1.6272260162695176,0
1.6270941763400941,0
1.5331953214670904,0
1.5331214863879836,0
0.0967447959385197,0
0.09655290256465321,0
0.0964837567493646,0
0.09635322068963603,0
0.0034908744451342955,0
0.0034177334308651552,0
1.5913631876101988,0
1.5912892805456522,0
13.098665388774961,0
10.839819415096628,0
27.265805520230714,0
15.676243664940685,0
15.676232082501812,0
13.082004189568963,0
28.11058947477109,0
-8.04035664472643,1
5.104834391168211,0
5.104163992451433,0
5.104118802709536,0
5.1040367953096535,0
5.046411469853965,0
5.046403147887673,0
-9.832905770103864,1
-9.780761853485757,1
-9.781361617137563,1
-9.78140173848331,1
-9.78147481456773,1
-9.832904522681133,1
-9.780797729652932,1
-9.781397490576694,1
-9.781437612102863,1
-9.781510688196391,1
-9.832940144715096,1
-9.832984136655512,1
-9.78084078337315,1
-9.781440541023514,1
-9.781480662766057,1
-9.781553738870826,1
-9.8329828934761,1
-9.833026885633146,1
0.14592960826234957,0
0.14526588558372566,0
0.1452213955325874,0
0.14514044148660332,0
0.08821219277632508,0
0.08816339181191779,0
-8.048936356790804,1
0.14587335798374568,0
0.14520963964750422,0
0.1451651493216417,0
0.14508419527251704,0
0.08815634594860455,0
0.08810754470914617,0
0.00044300659331497627,0
-0.00029014802083793256,1
-0.00033889287041688476,1
-0.0004279352243372614,1
0.0008373314842486934,0
0.00022305612492345972,0
0.00018134235750721928,0
0.00010590972242141561,0
0.0008053134495469294,0
0.00019104046171491973,0
0.00014932653084542835,0
7.389388156298082e-05,0
0.0007732941650999692,0
0.00015902354861907497,0
0.00011730945435317608,0
4.1876790888295545e-05,0
6.617707143969881,0
6.617028250855071,0
6.616982317345119,0
6.616899109637302,0
6.6176724657129,0
6.616993575222779,0
6.6169476415443995,0
6.616864433832333,0
6.617637786124831,0
6.6169588982594405,0
6.616912964412535,0
6.616829756696362,0
6.616746536379594,0
6.616626016994601,0
6.616580057944603,0
6.6164967998262085,0
6.617568422955486,0
6.616889540339443,0
6.616843606155584,0
6.616760398431126,0
0.0005811522126037971,0
-3.3104175685139126e-05,0
-7.481924997421174e-05,1
-0.00015025199901685937,1
-0.00022569658663940118,1
-0.0003348825194677829,1
-0.00037662127833471004,1
-0.00045210138226536856,1
-0.04949958900849083,1
6.896973227333888,0
6.8969606373104995,0
6.896948047206649,0
6.896935457022664,0
8.023875420831288,0
8.023864338651777,0
27.522136845433593,0
17.763469978908162,0
28.62885278560705,0
28.628756582856553,0
28.62881866507267,0
28.62872246228804,0
28.628784544156446,0
28.62868834133758,0
23.136817268649054,0
23.136801640673383,0
23.13671167875455,0
15.419350389973971,0
15.41926738605413,0
14.065025486769883,0
12.077977384870906,0
12.063042169403388,0
30.395077647429787,0
28.418049100404247,0
28.41803532256945,0
28.418021544637213,0
22.268098306555288,0
22.2680849306078,0
22.268071554567555,0
29.887744809495587,0
18.41936324256318,0
29.996508221269224,0
29.996423171320814,0
29.8876889461242,0
29.996466007671714,0
29.996380957641307,0
29.8876470475592,0
22.3739862359173,0
22.373903469186402,0
22.267924412002813,0
22.37394580382839,0
22.373863037023114,0
22.26788428026458,0
22.37390537090471,0
22.373822604025364,0
22.267844147691562,0
28.525846081048385,0
28.524578236373074,0
28.524494653548217,0
28.524341360704938,0
28.417677064608043,0
28.52577665585889,0
28.524508817010002,0
28.52442523404804,0
28.52427194141852,0
28.41760816128192,0
28.525707228230047,0
28.524439395207565,0
28.524355812108524,0
28.524202519692793,0
28.417539255515635,0
9.632283174039259,0
9.631144985345372,0
9.631070229034876,0
9.630932877805023,0
9.632234487312601,0
9.63109630265042,0
9.631021546250551,0
9.630884195173692,0
9.53532634850444,0
12.154223205639141,0
12.154152232891477,0
12.154022309937886,0
12.153951327730397,0
13.816940174682586,0
13.815844430750218,0
13.815771992102071,0
13.8156393168845,0
13.723383504253235,0
12.149507978655379,0
12.148430051411736,0
12.148358777333144,0
12.148228246845036,0
12.057468460381898,0
12.154054749392003,0
12.15398377628695,0
12.15385385381073,0
12.15378287124581,0
12.149399722233042,0
12.148321803883022,0
12.14825052957454,0
12.14811999939326,0
12.057361002326715,0
12.153946447276226,0
12.153875473941667,0
12.153745551772445,0
12.153674568977834,0
12.149291458912856,0
12.148213549456315,0
12.148142274918158,0
12.148011745043917,0
12.057253537371665,0
13.011131092819397,0
13.011054434699815,0
13.01091364369222,0
13.010836976161528,0
13.006069777917233,0
13.00489807266483,0
13.004821114759096,0
13.004679718600613,0
12.906299373846153,0
13.011018277598794,0
13.01094161927223,0
13.01080082862103,0
13.010724160883498,0
12.906237187771396,0
13.005944472631256,0
13.004772777786599,0
13.004695819651076,0
13.004554423888536,0
12.906174999557052,0
9.444251910179446,0
9.43073656100269,0
22.505683858754708,0
22.505527715828862,0
21.27936029260188,0
21.279203655702915,0
16.32754425589303,0
16.311795639396678,0
34.75172943720446,0
34.751487471138006,0
34.751396671966575,0
34.751230266708774,0
34.63635357540352,0
34.63617607063409,0
32.346896890079535,0
32.34666288521092,0
32.34657501590638,0
32.34641405653605,0
32.2352890961956,0
32.23511721270833,0
32.346808145415025,0
32.346574141273294,0
32.34648627181002,0
32.34632531272388,0
32.23520100001883,0
32.235029116814616,0
32.34671939714269,0
32.346485393727846,0
32.34639752410601,0
32.34623656530388,0
32.23511290023316,0
32.23494101731211,0
34.75136449972061,0
34.7511225366826,0
34.75103173688984,0
34.75086533283576,0
34.63599131115677,0
34.635813807586715,0
34.751273256177,0
34.75103129389612,0
34.75094049394798,0
34.75077409019477,0
34.75121242510966,0
34.75097046333343,0
34.75087966328181,0
34.75071325972925,0
34.63584035038943,0
34.635662847319026,0
27.836739660130704,0
27.836503652631606,0
27.836415143519417,0
27.83625286386227,0
27.724297733457135,0
27.72428309075225,0
27.83665116234799,0
27.83641515558037,0
27.836326646325844,0
27.836164366963345,0
27.724209875779565,0
30.262610939672967,0
30.262382124203796,0
30.262296174202802,0
30.262138769518742,0
30.153471008558654,0
27.836503658320183,0
27.836267652771696,0
27.83617914327978,0
27.836016864408293,0
27.7240634385916,0
27.836429902685893,0
27.83619389774691,0
27.836105388136502,0
27.835943109510396,0
27.723990216376265,0
27.836356144638117,0
27.836120140308594,0
27.83603163057947,0
27.835869352198813,0
27.723916991746606,0
27.723902346531048,0
27.836267631794797,0
27.836031628196793,0
27.83594311832536,0
27.835780840239153,0
27.723829119004336,0
34.575947138973504,0
34.57570335850855,0
34.5756119009603,0
34.5754442593784,0
34.4597317982886,0
34.57587071317937,0
34.57562693335083,0
34.57553547567554,0
34.5753678343483,0
34.45965593159235,0
34.57579428484209,0
34.57555050564994,0
34.57545904784763,0
34.575291406775165,0
34.45958006235233,0
34.82412421096964,0
34.82388129592431,0
34.82379014539748,0
34.82362308997318,0
34.70838994341511,0
34.708293298852425,0
34.82403266683676,0
34.82378975255199,0
34.82369860187097,0
34.82353154674962,0
34.70829906894744,0
34.708202424229825,0
34.82394111903369,0
34.82369820550957,0
34.8236070546742,0
34.82343999985619,0
34.708208190808705,0
34.70811154593622,0
34.82384956756056,0
34.82360665479703,0
34.823515503807386,0
34.82334844929244,0
34.70811730899851,0
34.7080206639711,0
34.82375801241719,0
34.82351510041428,0
34.823423949270506,0
34.82325689505876,0
34.708026423517026,0
34.70792977833483,0
34.823666453603806,0
34.823423542361496,0
34.823332391063474,0
34.82316533715479,0
34.707935534364594,0
34.70783888902744,0
34.82357489112013,0
34.82333198063856,0
34.823240829186204,0
34.82307377558075,0
34.70784464154059,0
34.70774799604868,0
34.5230177419098,0
34.523002666400856,0
24.66973274894687,0
22.11375079504036,0
22.113737394852876,0
22.113723994572553,0
20.62005393261775,0
20.62004000325831,0
20.620026073807395,0
20.62001214426543,0
20.460272513461533,0
34.45884227064445,0
34.28448426886874,0
34.45881191109402,0
34.28445421939779,0
34.4587815511365,0
34.284424169519724,0
12.884358446533128,0
12.734643503691942,0
12.734630540561568,0
12.734464072729082,0
19.69259052756408,0
35.76255524297494,0
35.76253830411014,0
36.38773670770544,0
36.38771975418092,0
36.387702800554024,0
36.3875996822745,0
20.002167055757454,0
20.00207528365604,0
19.675917293583566,0
20.110685585403473,0
20.110455776450138,0
20.110368833782132,0
20.110210438056114,0
20.11005202905301,0
20.109822140334245,0
20.109735171216315,0
20.109576722382485,0
20.00199770272583,0
20.00190593041529,0
17.850577612184594,0
17.85048750889409,0
17.850472367415307,0
20.00184434472122,0
21.065791871397863,0
20.001813551334877,0
30.394856361252778,0
10.095547229085085,0
10.080058504367543,0
15.232520869446915,0
15.23258060871943,0
15.232566263539312,0
15.23247783411611,0
27.390427654117516,0
27.390328775134066,0
27.39039532261856,0
27.390296443602168,0
12.42698878625339,0
12.426769102111294,0
12.426685968592295,0
12.426534541227781,0
12.323253204306766,0
12.323165576366364,0
12.433779296596413,0
12.433696482094518,0
12.433545700291987,0
12.433462876554572,0
22.805554893416897,0
22.80546560886158,0
22.805302520240915,0
22.805213225564216,0
22.798022409960126,0
22.797784493819393,0
22.797694859468308,0
22.797531063910327,0
17.028457543786374,0
16.402815089471247,0
20.29720996297756,0
21.80911818355949,0
21.782977451151112,0
21.809091297636556,0
21.782950614733124,0
21.80906441134387,0
21.7829237779454,0
21.809037524681514,0
21.78289694078805,0
16.42976822237891,0
16.402654717585534,0
17.01239217381074,0
16.40262555792424,0
7.124132156752367,0
7.11075919906969,0
10.416792777605664,0
10.416713249472366,0
10.416761000713478,0
10.416681472547296,0
10.416729223495196,0
10.416649695295789,0
5.068185861110223,0
5.06811260994948,0
5.068158964826708,0
5.068085713628804,0
5.068132068229772,0
5.06805881699492,0
13.69257492033418,0
13.692494111277384,0
13.692545053233871,0
13.69246424414132,0
13.692515185795955,0
13.692434376667578,0
7.620818035590091,0
7.62074262844186,0
18.567669372930382,0
18.551630976938284,0
16.35541012100522,0
16.35539428061432,0
34.78389294517385,0
34.783875872182364,0
35.09513547005747,0
35.09511805469154,0
-8.398197079491027,1
-8.410093075000773,1
7.798024757776886,0
7.745564276671104,0
7.833530380025394,0
7.832499014597403,0
7.832430891780277,0
7.832306067747226,0
-6.782576322302205,1
0.0007277824861375848,0
0.00015421820130256947,0
0.00011468064927555588,0
4.369076698651497e-05,0
-2.7311025149856505e-05,0
-0.00012978895340154395,1
-0.00016935034020093553,1
-0.0002403878628598477,1
-0.04960625276463304,1
0.0006549270440956434,0
8.136781430323481e-05,0
4.182987731837784e-05,0
-2.9160069601630312e-05,0
-0.00010016192676687297,1
-0.00020263959974897716,1
-0.00024220137134989272,1
-0.00031323895888135667,1
-0.04967863536651862,1
-6.791169223481319,1
0.0005739691133186398,0
4.1550012497282296e-07,0
-3.9122864308183125e-05,0
-0.00011011288329143554,1
-0.00018111481256255502,1
-0.00028359220193863166,1
-0.00032315440122943073,1
-0.00039419206075308466,1
0.0005091971302420006,0
-6.435198960730304e-05,1
-0.00010389069618099711,1
-0.00017488077280347625,1
-0.00024588275958592476,1
-0.00034835992231307955,1
-0.00038792246351704307,1
-0.000458960180651502,1
-0.049823419605360186,1
4.023131466811989,0
4.022449916643822,0
4.022403741645235,0
4.022320151507444,0
4.022236549121104,0
4.0221155070992864,0
4.02206930760282,0
4.021985668470904,0
3.963781571654863,0
4.02305253649827,0
4.022370992130632,0
4.022324816765121,0
4.02224122662318,0
4.022157624232634,0
4.022036582569669,0
4.021990382706136,0
4.021906743570042,0
3.211560101415799,0
3.210950473097867,0
3.21090859351051,0
3.210833276756759,0
3.2107579477317785,0
3.210649157009513,0
3.210607252869039,0
3.2105318870311947,0
3.211492481227154,0
3.2108828576811135,0
3.2108409777488447,0
3.2107656609511537,0
3.211458669195167,0
3.210849048035101,0
3.2108071679303407,0
3.2107318511106797,0
13.428057172185916,0
13.414669053067868,0
27.957343882605358,0
27.861992823146537,0
27.861843728303356,0
22.134934725397883,0
22.042612257795298,0
26.811917982665136,0
26.723664648204362,0
26.72352579818606,0
26.811878564570364,0
26.723625494677336,0
26.72348664472787,0
26.811839145598043,0
26.723586340272675,0
26.723447490391834,0
26.811799725748372,0
21.327509148187602,0
21.3273790717881,0
21.32748444549651,0
21.327354369135577,0
21.32745974243136,0
21.32732966610878,0
21.200269951268567,0
30.047795985186823,0
30.047649770949818,0
29.90493667815467,0
29.90492322717583,0
30.047741666328122,0
30.04759545219754,0
29.90488287363965,0
7.141563270645335,0
7.869071419109687,0
7.129714603790319,0
16.020875984288054,0
16.020864913727124,0
-15.744214083451297,1
-15.756388889691124,1
-6.655186617885732,1
-6.655197768964115,1
-1.9704634634620106,1
-2.8597458531731235,1
-2.8598211305953924,1
-2.8597693967470548,1
-2.859844674190569,1
-2.8597929406081306,1
-2.859868218073032,1
-6.1150926458661985,1
-6.115165052450564,1
-6.115115116831618,1
-6.115187523437228,1
-6.1151375880747025,1
-6.115209994701701,1
-6.1151600595953965,1
-6.115232466243839,1
-2.8599106642223546,1
-2.859985941794079,1
-2.8599342098071077,1
-2.860009487400063,1
-2.8812703224972296,1
-2.8814041841506395,1
-2.9727281394835643,1
0.0944972189418678,0
0.09435992609020616,0
0.0005007432644674736,0
0.00042155079172800924,0
0.09444460550956535,0
0.09430731287461924,0
0.00044850380031391524,0
0.00036931128835249183,0
0.09439199089948147,0
0.09425469848132195,0
0.00039626315792418154,0
0.0003170706068971185,0
-6.115396027331272,1
-6.115468434203976,1
-6.115418502045955,1
-6.115490908940046,1
-6.115440977038318,1
-6.115513383953697,1
0.0002917783383367123,0
0.0002125857090362615,0
0.0002656563971328296,0
0.00018646374817876676,0
0.00023953416116739845,0
0.00016034149273025378,0
8.735927607932325,0
8.722602192785345,0
10.35308913495976,0
10.353072789926827,0
10.352994343908591,0
3.363376260295553,0
3.362409163682713,0
3.362340843348946,0
3.3622196155460244,0
3.36331456951892,0
3.3623474767869936,0
3.3622791563802537,0
3.362157928736792,0
3.2810158186942715,0
3.280943236062072,0
3.3632220310610705,0
3.362254944150564,0
3.3621866236339315,0
3.362065396229653,0
3.280923800222098,0
3.280851217480759,0
21.64874143381259,0
21.647554284584217,0
21.64747190928152,0
21.64732450233744,0
21.547763634255972,0
21.54767625809309,0
18.37958487210919,0
18.363864480612776,0
27.480434906688046,0
27.4065916011472,0
27.406354169971678,0
27.40626409436929,0
27.21337235780493,0
32.69455421899539,0
32.616517088634964,0
32.616266190278054,0
32.616170952373324,0
32.412592485118324,0
32.695206250703734,0
32.69659261715,0
32.69524521680978,0
32.69515381925973,0
32.694988490322004,0
32.412489244265004,0
32.69650522310059,0
32.69515782919416,0
32.69506643153218,0
32.694901102867846,0
32.69429207183512,0
32.616256127561854,0
32.61600523118031,0
32.615909992940146,0
32.696365387455444,0
32.695018003842904,0
32.69492660600213,0
32.694761277774944,0
32.6941522508757,0
32.61611693917959,0
32.61586604385158,0
32.61577080543256,0
32.41219670907452,0
31.00407358888208,0
31.002751401857836,0
31.00266174408216,0
31.002499536310523,0
31.002119630484373,0
31.00188479536368,0
30.925293639557424,0
30.92504738694248,0
30.924953934948093,0
30.725045121774144,0
31.00390238378901,0
31.002580209372837,0
31.002490551370215,0
31.002328344126767,0
31.001948441093646,0
31.001713607255965,0
30.925123226684434,0
30.924876975353072,0
30.92478352313171,0
30.72487657310998,0
31.00373116887809,0
31.002409007069616,0
31.002319348840075,0
31.00215714212473,0
31.00177724188478,0
31.0015424093302,0
30.92495280399075,0
30.924706553942713,0
30.924613101494316,0
30.724708014619523,0
32.69568359762789,0
32.69433626419749,0
32.69424486548516,0
32.694079539389634,0
32.69369238248291,0
32.693453050699304,0
32.61542090186191,0
32.61517001180127,0
32.61507477248796,0
32.41150827762192,0
32.41149106479725,0
32.69549127061106,0
32.69414395133441,0
32.694052552376235,0
32.69388722688191,0
32.69350007311763,0
32.693260742782115,0
32.615229463722926,0
32.614978575111024,0
32.61488333555161,0
32.69533390320106,0
32.69398659550484,0
32.69389519634544,0
32.693729871343066,0
32.69334272014959,0
32.693103390999255,0
32.615072823574025,0
32.61482193614711,0
32.614726696386555,0
32.411164002234784,0
31.00304621105289,0
31.001724099674874,0
31.001634440537913,0
31.00147223593524,0
31.001092346867352,0
31.00085751944502,0
30.924271015005985,0
30.924024770091364,0
30.923931316735434,0
30.72403368239725,0
31.00287494705148,0
31.001552848280994,0
31.001463188917285,0
31.001300984842487,0
30.924134638352882,0
30.923888394464996,0
30.923794940927337,0
30.723898797086775,0
31.000852596498817,0
31.000617770872935,0
31.002703673232077,0
31.001381587068835,0
31.001291927478377,0
31.00112972393177,0
31.00074984044997,0
31.000515015594004,0
30.923930061588237,0
30.923683819240324,0
30.923590365430357,0
30.72369645732951,0
24.085608112775304,0
24.085389470906847,0
24.014034457905126,0
24.0138049885702,0
24.013717937027607,0
24.087284311641255,0
24.086053160421102,0
24.085969707905946,0
24.085818697920843,0
23.82714725073744,0
23.82713159092839,0
23.827115931025972,0
24.087172962975487,0
24.085941819926816,0
24.085858367249415,0
24.0857073575921,0
24.08555633401909,0
24.085337725541194,0
24.08511908565957,0
24.08550861547758,0
24.085290007350352,0
24.085071367819225,0
24.087013885529245,0
24.085782754154053,0
24.085699301244716,0
24.085548292055776,0
24.01365445554785,0
24.01342498901832,0
24.0133379369192,0
23.826834036828302,0
21.7748018622826,0
21.877180953015554,0
21.875976858669304,0
21.875895240761068,0
21.87574754985313,0
21.87559984527401,0
21.87538604026244,0
21.875172204399902,0
21.805377700930038,0
21.80515322864116,0
21.805068074710277,0
21.877025385647002,0
21.87582130269888,0
21.875739684558653,0
21.875591994102933,0
21.87544428997586,0
21.875230486100477,0
21.875016651374324,0
21.80522285035957,0
21.80499837920742,0
21.8049132250446,0
21.774477307471813,0
26.154095522533026,0
26.152782512398787,0
26.15269271072465,0
26.152530909362255,0
26.15236909395044,0
26.15213525064314,0
26.15190137561946,0
26.0759585676371,0
26.075713754152744,0
26.07562031876968,0
26.042567533223476,0
25.87792281326756,0
23.82628582269335,0
25.87788770802871,0
26.153846120940102,0
26.15253312819536,0
26.152443326244494,0
26.152281525644455,0
26.152119710995066,0
26.151885869489533,0
26.151651996267518,0
26.075710255662926,0
26.075465443981955,0
26.075372008322333,0
26.15366796566508,0
26.15235498534176,0
26.152265183193123,0
26.15210338313787,0
26.15194156903307,0
26.151707728814202,0
26.151473856879278,0
25.877571743946092,0
26.075515140469022,0
26.075270330204944,0
26.075176894328195,0
26.042124908781688,0
31.694970277553352,0
31.693598471482687,0
31.693504893699185,0
31.693336077698063,0
31.693167247020227,0
31.69292314865578,0
31.69267901715733,0
31.61332095439309,0
31.613065395002252,0
31.612968021229534,0
31.578429168919484,0
31.406382541160696,0
31.694750048230617,0
31.69337825782904,0
31.69328467980384,0
31.693115864496747,0
31.692947034512883,0
31.69270293777862,0
31.692458807910413,0
31.613101706383503,0
31.61284614862396,0
31.612748774609543,0
31.578210325708994,0
31.406165604632406,0
31.694529804774533,0
31.69315803004227,0
31.693064451774944,0
31.69289563716208,0
31.69272680787242,0
31.692482712767998,0
31.69223858452969,0
31.612882444236277,0
31.612626888107883,0
31.612529513851882,0
31.5779914683593,0
31.40594865395849,0
26.152812689501516,0
26.151499768799184,0
26.151409965701816,0
26.151248168260594,0
25.876781700387355,0
26.151068537544916,0
26.150834703631688,0
26.150600838002475,0
26.07466359557384,0
26.074418791493187,0
26.074325354668574,0
26.04127490510382,0
26.152598836621863,0
26.151285930824727,0
26.151196127489968,0
26.151034330702345,0
26.150872519865175,0
26.150638687367618,0
26.150404823154005,0
26.074468419357927,0
26.074223616694155,0
26.074130179652443,0
26.041080082079972,0
25.876448069242926,0
26.15238497020674,0
26.151072079314645,0
26.15098227574279,0
26.150820479608527,0
26.150658669424942,0
26.150424838471665,0
26.15019097580219,0
26.07425548687435,0
26.07401068575642,0
26.073917248477755,0
26.040867534895654,0
25.87623733733814,0
34.94986954119224,0
34.94847745695975,0
34.948382827530054,0
34.948211827623794,0
34.94804081264854,0
34.94779339694233,0
34.947545947218174,0
34.947986001792486,0
34.947738586500066,0
34.9474911371899,0
34.866916382675726,0
34.866657201004614,0
34.866558674040874,0
34.831477201033806,0
34.656624487115124,0
34.949595456431496,0
34.94820339217611,0
34.94810876242866,0
34.947937763398556,0
34.94776674929952,0
34.9475193356632,0
34.94727188800917,0
34.86669811423059,0
34.86643893421612,0
34.86634040699806,0
34.83125934552203,0
34.94939444653218,0
34.94800239692623,0
34.947907766945946,0
34.94773676855863,0
34.947565755102005,0
34.94731834298372,0
34.94707089684755,0
34.866498022072875,0
34.866238843576895,0
34.866140316126035,0
34.83105963188538,0
34.65621064519044,0
32.69116948929255,0
32.68982248781725,0
32.6897310833389,0
32.689565771343325,0
32.68940044449866,0
32.689161180329734,0
32.688921882643825,0
32.61091021221094,0
32.610659356255866,0
32.610564111151774,0
32.57657827892214,0
32.40702959530137,0
32.690959369822764,0
32.68961238378654,0
32.689520979039884,0
32.689355667700084,0
32.68919034151136,0
32.688951078921946,0
32.68871178281563,0
32.61070106114269,0
32.610450206767894,0
32.61035496139553,0
32.57636952724508,0
32.40682272461669,0
32.40680548474677,0
32.690731724253624,0
32.68938475494289,0
32.68929334990574,0
32.68912803927634,0
32.68896271379788,0
32.6887234529199,0
32.688484158524886,0
32.6104744646708,0
32.610223612007616,0
32.61012836634467,0
32.57614336344483,0
27.896878529629774,0
27.895546629592516,0
27.895455581975597,0
27.895291496141255,0
27.89512739606093,0
27.894890229160055,0
27.894653030098468,0
27.817615580489985,0
27.817367289436675,0
27.817272557215517,0
27.78374378750358,0
27.616731016718802,0
27.896662266894168,0
27.895330382005255,0
27.895239334149878,0
27.895075248982366,0
27.61664223597147,0
27.894893128408114,0
27.89465596320987,0
27.89441876585113,0
27.817382323335565,0
27.81713403398659,0
27.817039301507336,0
27.783510954484072,0
27.896445990436064,0
27.895114120695254,0
27.895023072601433,0
27.89485898810048,0
27.894694889353488,0
27.894457725596112,0
27.894220529678094,0
27.817184939314444,0
27.816936651407346,0
27.816841918709784,0
27.78331392934487,0
27.61630484738565,0
12.073458655462758,0
12.072303749059898,0
12.07222441488831,0
12.07208177073052,0
12.07193911410576,0
12.071733122468856,0
12.071527102691249,0
12.004734752027147,0
12.004519028117414,0
12.00443646945196,0
11.975357534822734,0
12.073282269860627,0
12.072127375343754,0
12.072048040965115,0
12.071905397311639,0
12.071762741191193,0
12.071556750769943,0
12.071350732208074,0
12.00455911226021,0
12.004343389568163,0
12.004260830696069,0
11.975182202813315,0
12.073105874156639,0
12.071950991525455,0
12.071871656939834,0
12.071729013790986,0
12.071586358174784,0
12.071380368969315,0
12.071174351622972,0
12.004383462388887,0
12.004167740914141,0
12.004085181835421,0
11.975006860697832,0
31.691022360387535,0
31.689650835044773,0
31.689557252928324,0
31.689388449362554,0
31.68921963112004,0
31.688975561959296,0
31.68873145966495,0
31.609390618438994,0
31.60913508827298,0
31.6090377101701,0
31.574506085373997,0
31.402493618051608,0
31.690801877849907,0
31.689430368174925,0
31.68933678581658,0
31.689167982944838,0
31.68899916539624,0
31.68875509786554,0
31.68851099720095,0
31.609171117137834,0
31.608915588602883,0
31.608818210258278,0
31.5742869888432,0
31.402276428090403,0
31.69058138117984,0
31.68920988717258,0
31.689116304572508,0
31.688947502394626,0
31.6887786855402,0
31.688534619639285,0
31.68829052060474,0
31.60895160169997,0
31.608696074796057,0
31.608598696209754,0
31.574067878174162,0
31.40205922398465,0
20.403955155623564,0
20.4027066212942,0
20.402621034472077,0
20.40246699485418,0
20.402312941832918,0
20.402090409107274,0
20.401867846125256,0
20.329659978615638,0
20.329426981164332,0
20.329337927688414,0
20.297907137604682,0
20.141316394790223,0
20.403749406381877,0
20.402500886156076,0
20.402415299100866,0
20.402261260093198,0
20.329506331083323,0
20.32927333472317,0
20.3291842810728,0
20.29775376369993,0
20.141164310327653,0
31.68997494246679,0
31.68860349154548,0
31.688509908280366,0
31.688341108011173,0
31.688172293065293,0
31.68792823164648,0
31.687684137094095,0
31.608347861353593,0
31.608092338934995,0
31.607994959684106,0
31.573465250933765,0
31.401461839761254,0
31.68975439280058,0
31.68838295754668,0
31.688289374039726,0
31.688120574464335,0
31.687951760212485,0
31.687707700423488,0
31.68746360750086,0
31.6081282929035,0
31.607872772115883,0
31.607775392623267,0
31.57324608724636,0
31.401244582613487,0
31.68953382900179,0
31.68816240941547,0
31.688068825666534,0
31.6879000267854,0
31.68773121322741,0
31.687487155068425,0
31.687243063775412,0
31.607908710316735,0
31.60765319116021,0
31.60755581142587,0
31.60737933998729,0
31.573008643963846,0
31.401009204742223,0
20.40296058128594,0
20.401712115123686,0
20.401626527174642,0
20.401472490506123,0
20.401318440434025,0
20.4010959147338,0
20.40087335877722,0
20.328669678118104,0
20.3284366877008,0
20.32834763310015,0
20.296918600472665,0
20.14033616734355,0
20.402754769608478,0
20.401506317549405,0
20.401420729367175,0
20.401266693308827,0
20.140251650837328,0
20.401095493548155,0
20.400872969422736,0
20.400650415040772,0
20.328447672801985,0
20.328214683961235,0
20.328125629108257,0
20.14013332395767,0
26.147515852698632,0
26.146203300878454,0
26.146113491909702,0
26.145951710641725,0
25.87156263525881,0
26.145772068183447,0
26.14553827248794,0
26.14530444507659,0
26.0693898445827,0
26.069145078758226,0
26.069051636069915,0
26.06933653206248,0
26.069091766624524,0
26.068998323877125,0
25.87138676476465,0
26.147248115750813,0
26.1459355825599,0
26.14584577329464,0
26.145683992843388,0
26.145522198342817,0
26.14528840444879,0
26.14505457883881,0
25.871246061596594,0
26.1471053140652,0
26.145720830703894,0
26.145559050633707,0
26.069069956769695,0
26.06897652420173,0
26.0688074209541,0
26.068713977890766,0
20.402034327010185,0
20.400785924312387,0
20.40070033531417,0
20.400546301391373,0
20.40039225406501,0
20.40016973490573,0
20.399947185490007,0
20.13949090128085,0
20.40189708190772,0
20.400648688611838,0
20.400563099458267,0
20.400409065942185,0
20.40182845720362,0
20.40058006860876,0
20.400494479377343,0
20.400340446064646,0
20.401759831064112,0
20.40051144717026,0
20.400425857861194,0
20.400271824751897,0
20.40169120348949,0
20.400442824296647,0
20.40035723490979,0
20.400203202003908,0
20.40004915569449,0
20.39982663895765,0
20.39960409196425,0
20.40157110177995,0
20.40032273081391,0
20.400237141291186,0
20.400083108741185,0
20.39992906278769,0
20.399706546898628,0
20.399484000753304,0
20.327286167106436,0
20.327197120929412,0
20.32703610257198,0
20.326947046380738,0
20.138966723606643,0
20.327200745900114,0
20.326967765912542,0
20.326878709643765,0
20.401313726173143,0
20.400065372835627,0
20.399979783021337,0
20.39982575123406,0
29.071200666644742,0
29.070961313387443,0
29.070721927668046,0
28.992966688565744,0
28.992716106801524,0
28.992620514953344,0
28.99244740659944,0
28.79020931149499,0
29.0727500205209,0
29.071405751110206,0
29.071313878126546,0
29.071148287426894,0
29.07267735053682,0
29.071333086229814,0
29.071241213166473,0
29.071075622691836,0
29.070910017837605,0
29.070670666700437,0
29.070431283101172,0
28.99267729665273,0
28.992426717010446,0
28.992331124843446,0
29.07080101818761,0
29.07056166784551,0
29.070322285041343,0
28.992568768336,0
28.99231818948965,0
28.992222597202897,0
29.072386655213435,0
29.07104241132089,0
29.0709505379384,0
29.070784948364306,0
32.68536844921297,0
32.68402187356898,0
32.68393046169285,0
32.68376516778352,0
32.68359985902535,0
32.68336063842682,0
32.68312138431122,0
32.60513588233289,0
32.60488506995955,0
32.60478981745493,0
32.40133543466462,0
32.685175478547194,0
32.683828917053916,0
32.683737504931884,0
32.683572211623584,0
32.68340690346628,0
32.68316768431552,0
32.68292843164795,0
32.60494379926223,0
32.60469298833726,0
32.60459773558679,0
32.40114544284461,0
32.683284107306974,0
32.68304488907759,0
32.682805637331256,0
32.68492986213437,0
32.68358331865062,0
32.68349190621589,0
32.68332661367239,0
32.60475170416851,0
32.604500894691654,0
32.60440564169551,0
32.40095543899517,0
29.071714327983756,0
29.070370131298873,0
29.070278257178472,0
29.070112669686736,0
29.069947067815463,0
29.06970772370134,0
29.06946834712498,0
28.991718510040158,0
28.99146793742723,0
28.99137234420425,0
28.9916642310192,0
28.991568648458028,0
28.991395565737463,0
28.99129997243476,0
28.788920411305938,0
29.069747176411823,0
29.06950783375524,0
29.069268458636387,0
29.0713872022682,0
29.07004302854898,0
29.069951154069685,0
29.06978556759094,0
28.99144710627742,0
28.991196535653827,0
28.991100942132107,0
29.071259978297263,0
29.069915813509198,0
29.069823938890252,0
29.069658352805646,0
29.069492752341247,0
29.069253411539805,0
29.069014038276066,0
28.99126615841101,0
28.9910155891138,0
28.990919995392574,0
28.788544388095005,0
32.68415779808575,0
32.68281131120315,0
32.682719897784835,0
32.682554607645415,0
32.4002471368492,0
32.68237175488511,0
32.682132543500074,0
32.68189329859791,0
32.68401740214247,0
32.68267092555109,0
32.68257951195403,0
32.68241422225168,0
32.60384345551245,0
32.60359265288193,0
32.603497398722965,0
32.400057076132754,0
16.795023077157566,0
16.794807725713113,0
16.79459234492714,0
16.72474821655348,0
16.724522717109224,0
16.724436457898307,0
32.683771693944664,0
32.682425235362416,0
32.6823338214524,0
32.68216853251499,0
16.542484707719353,0
16.796361376968022,0
16.795153695723954,0
16.795070798181513,0
16.794921694108055,0
16.79629456878132,0
16.795086892072533,0
16.79500399445338,0
16.794854890574655,0
16.794705773697288,0
16.79449042446572,0
16.794407500946633,0
16.794258345073246,0
16.542192946162942,0
16.794622267565984,0
16.794406918916607,0
16.794323995301667,0
16.79417483967164,0
16.796077432559656,0
16.794869770591163,0
16.794786872722625,0
16.79463776947611,0
32.60321451058999,0
32.60296371269874,0
32.60286845773496,0
32.68326266502916,0
32.681916243751175,0
32.68182482919309,0
32.681659541839934,0
32.39936584485011,0
32.399261506199,0
32.683157338271656,0
32.68181092471204,0
32.68171951001975,0
32.681554222994464,0
32.399175090992514,0
32.399157807652955,0
32.68305200793836,0
32.68170560209677,0
32.6816141872705,0
32.68144890057292,0
16.723949902680076,0
16.723724408834443,0
16.723638148704282,0
16.795643116001315,0
16.794435483513425,0
16.794352585146086,0
16.794203483164353,0
16.54161668323171,0
16.795559586843012,0
16.794351960024244,0
16.794269061560897,0
16.794119959822595,0
16.72375029287906,0
16.72352480043277,0
16.723438540072962,0
16.54148495101265,0
16.693019099329916,0
16.795409228876196,0
16.794201612262285,0
16.794118713626403,0
16.79396961232554,0
16.79382049802625,0
16.793605154967466,0
16.793522230431606,0
16.79337307713658,0
16.69286964706376,0
16.541303810111614,0
26.06471289935166,0
26.064468167400605,0
26.064374719520274,0
26.064205608551717,0
25.86679321826884,0
26.142586107711622,0
26.141273898653324,0
26.141184084228428,0
26.14102231798772,0
26.140860537697947,0
26.140626777385037,0
26.14053693497054,0
26.140375112533164,0
26.031164550077122,0
26.06446375420191,0
26.064219024054054,0
26.06412557589728,0
25.866564253411852,0
26.142353733032536,0
26.141041540117783,0
26.14095172543614,0
26.140789959903145,0
26.1406281803211,0
26.140394421680696,0
26.14030457900914,0
26.140142757279506,0
26.030933606732418,0
26.06423238863634,0
26.06398766016264,0
26.063894211749087,0
25.866335272658958,0
26.142121342470816,0
26.140809165699693,0
26.140719350760847,0
26.140557585935937,0
26.14039580706158,0
26.140162050093778,0
26.140072207165232,0
26.139910386143285,0
26.030702647498444,0
23.815800860554276,0
24.075679586603215,0
24.074449285100087,0
24.074365815702535,0
24.074214839811617,0
24.074063850004862,0
24.073845325779814,0
24.073761828644493,0
24.073610797090794,0
24.00230891845061,0
24.002079535495326,0
24.00199246681086,0
23.970902820418914,0
24.07548788607818,0
24.07425759857935,0
24.074174128903564,0
24.07402315357463,0
24.073872164329714,0
24.073653641506525,0
24.07357014409304,0
24.073419113101252,0
24.00211809715273,0
24.00188871559996,0
24.001801646637176,0
23.970712362198782,0
23.815407651237237,0
23.81539192165205,0
23.81537619197347,0
24.00200677852935,0
24.00177739779457,0
24.001690328669554,0
24.075200310125766,0
24.07397004363341,0
24.07388657354015,0
24.07373559905389,0
24.07358461065192,0
24.073366089931838,0
24.073282592100867,0
24.073131561951783,0
26.14126314742802,0
26.139951030263305,0
26.1398612143755,0
26.139699452163583,0
26.063235555347717,0
26.062990834086193,0
26.06289738456725,0
26.139484035515864,0
26.139250285109313,0
26.139160441172677,0
26.13899862292729,0
26.029796423222678,0
25.86526061222419,0
25.865242991924347,0
26.141012799754108,0
26.139700699974327,0
26.139610883809937,0
26.139449122360304,0
26.139287346861366,0
26.139053597869946,0
26.1389637537159,0
26.138801936069342,0
26.06291508203998,0
26.0626703630966,0
26.062576913222287,0
26.029547612997163,0
25.86501391946618,0
26.062826056271433,0
26.062581337972034,0
26.06248788799894,0
26.140726665572217,0
26.13941458566096,0
26.139324769180206,0
26.1391630086017,0
26.02938765383591,0
26.138983351119492,0
26.13874960431515,0
26.13865975982499,0
26.138497943103914,0
25.736629522674917,0
25.73532191193776,0
25.7352323865248,0
25.7350711629347,0
25.734909925340915,0
25.734676961454568,0
25.734587408142488,0
25.73442612853755,0
25.658799546636857,0
25.658555648389907,0
25.658462501029987,0
25.62554626718456,0
25.461574305380523,0
25.461556726469055,0
25.736379768156482,0
25.735072174738264,0
25.73498264904866,0
25.734821426217223,0
25.734660189382055,0
25.734427227289288,0
25.73433767370058,0
25.734176394854416,0
25.658550876049645,0
25.658306979598322,0
25.6582138319623,0
25.625298044334002,0
25.461328192087777,0
25.73614783680641,0
25.734840259469863,0
25.734750733523555,0
25.73458951139648,0
25.734428275265998,0
25.73419531483873,0
25.7341057609934,0
25.7339444828515,0
25.658319951202444,0
25.65807605641818,0
25.657982908525938,0
25.625067535240646,0
25.461099641862475,0
25.864079844173474,0
26.138178525410765,0
26.137944784395714,0
26.13785493901605,0
26.137693124744658,0
26.06181099640483,0
26.061566285446276,0
26.06147283434801,0
26.06130373226671,0
26.139689227489754,0
26.13837721960067,0
26.13828740197333,0
26.13812564455239,0
26.02835662323791,0
25.863833063192345,0
26.137928096378033,0
26.137694357164065,0
26.137604511507632,0
26.137442697998566,0
26.06156163673566,0
26.061316927579895,0
26.061223476205228,0
26.139456654894445,0
26.138144663148026,0
26.138054845263824,0
26.13789308855037,0
26.02812548678564,0
25.863603892917567,0
26.137695538640756,0
26.13746180109912,0
26.137371955185742,0
26.137210142384404,0
26.0613300719737,0
26.06108536449223,0
26.060991912861,0
26.139224066417754,0
26.137912090813984,0
26.137822272672665,0
26.137660516667026,0
26.027894334445122,0
34.541358349267824,0
34.541110432698645,0
34.541015457155,0
34.54084398857992,0
34.460181325743065,0
34.45992168625807,0
34.45982285771666,0
34.54298664698976,0
34.54159268709574,0
34.541497741231524,0
34.54132633335453,0
34.4246352268695,0
34.24966519698074,0
34.54287566667216,0
34.54148171477547,0
34.541386768786936,0
34.541215361263255,0
34.54104393872683,0
34.54079602451253,0
34.54070104861668,0
34.54052958104256,0
34.45986830834369,0
34.459608671214795,0
34.459509842321154,0
34.42439630564738,0
34.249428383973,0
34.24932037192076,0
34.54261669854819,0
34.54122276531214,0
34.54112781903342,0
34.54095641233414,0
34.540784990622484,0
34.54053707834734,0
34.54044210216128,0
34.540270635411986,0
34.45961050752592,0
34.45935087233735,0
34.4592520431535,0
34.24919155399101,0
34.24908354166928,0
34.45951843103694,0
34.459258796541434,0
34.459159967253896,0
34.45898071286575,0
25.922682801489927,0
25.921373265153818,0
25.921283601394933,0
25.92112213425675,0
25.920960653093545,0
25.920727340392773,0
25.920637648692647,0
25.920476125454798,0
25.811489575033804,0
25.92087129799019,0
25.92063798593108,0
25.920548294132104,0
25.920386771165795,0
25.84464950229534,0
25.844405239307847,0
25.844311948025137,0
25.84414314987383,0
25.647134777610447,0
25.647032907573447,0
25.922343214387055,0
25.921033701595647,0
25.920944037461382,0
25.920782571354792,0
25.920621091223296,0
25.92038778096145,0
25.92029808888566,0
25.920136566679844,0
25.646958652407392,0
25.844382566330523,0
25.84413830527059,0
25.844045013691925,0
25.843876216356293,0
25.64678632938515,0
31.678801083771333,0
31.67743042527104,0
31.6773368297724,0
31.677168064602455,0
31.676999284756164,0
31.67675530576983,0
31.676661681033465,0
31.67649285715723,0
31.597205274060173,0
31.59694983427164,0
31.596852442776083,0
31.59667600514115,0
31.39043634854434,0
31.67856137997137,0
31.67719073844026,0
31.677097142679486,0
31.676928378261294,0
31.676759599166388,0
31.676515621945185,0
31.6764219969468,0
31.676253173822175,0
31.596966631733693,0
31.596711193711712,0
31.59661380195442,0
31.59643736507178,0
31.390200209695564,0
31.678321659588875,0
31.676951035026633,0
31.67685743900384,0
31.676688675337346,0
31.676519896994137,0
31.676275921538064,0
31.676182296277716,0
31.676013473904817,0
31.596727972819508,0
31.596472536564136,0
31.596375144544993,0
31.596198708414676,0
31.38996405424996,0
25.843599432364854,0
25.843355176958568,0
25.843261884511847,0
25.843093089569024,0
34.540895910999666,0
34.53950210172033,0
34.53940715351385,0
34.539235752291916,0
34.53906433605752,0
34.5388164366648,0
34.538721458551066,0
34.53854999727898,0
34.45789747407119,0
34.45763785177206,0
34.45753902066096,0
34.457359771459124,0
34.24747858593756,0
34.24737057166871,0
34.5406367925508,0
34.53924300193097,0
34.539148053434246,0
34.53897665303708,0
34.53880523762717,0
34.538557340173526,0
34.538462361769604,0
34.53829090132217,0
34.45763952288223,0
34.4573799025232,0
34.457281071122,0
34.457101822745216,0
34.5386571725503,0
34.53840927620493,0
34.538314297635225,0
34.538142837658796,0
34.54034063309675,0
34.53894686380218,0
34.53885191497395,0
34.53868051551888,0
34.45741840620394,0
34.45715878750789,0
34.45705995585803,0
34.456880708188265,0
34.24700462958074,0
34.246896614773476,0
31.677270382158554,0
31.675899831997754,0
31.675806234826155,0
31.675637474455016,0
31.675468699407133,0
31.67522473169086,0
31.67513110528145,0
31.67496228620385,0
31.595681349460648,0
31.595425920950788,0
31.595328527783778,0
31.595152094952283,0
31.388928407528255,0
31.388822036882942,0
31.388803864774076,0
31.38887389096749,0
31.676975229437033,0
31.675604700160505,0
31.67551110266635,0
31.675342343220308,0
31.67517356909738,0
31.674929603553494,0
31.674835976821754,0
31.674667158669138,0
31.59538750312734,0
31.59513207679194,0
31.595034683302657,0
31.594858251397113,0
31.388637642324483,0
34.2464394390357,0
34.2463314235863,0
34.53958160723951,0
34.53818789259029,0
34.538092942912186,0
34.53792154587168,0
34.53775013381869,0
34.53750224426051,0
34.537407264675096,0
34.537235807584466,0
34.45658908992422,0
34.45632947746472,0
34.45623064488217,0
34.45605139986452,0
34.539359421419476,0
34.537965722764,0
34.53787077283707,0
34.5376993765033,0
34.537527965157096,0
34.53728007726093,0
34.537185097426686,0
34.53701364104293,0
34.456367904586955,0
34.45610829379049,0
34.456009460959194,0
34.45583021664882,0
34.53737984468799,0
34.53713195790013,0
34.53703697790016,0
34.53686552198732,0
34.53906315118178,0
34.53766947385097,0
34.53757452359238,0
34.53740312820102,0
34.456146704795316,0
34.455887095661836,0
34.455788262582104,0
34.45560901897869,0
34.24574649314883,0
34.245638476912376,0
18.61325166992171,0
18.870446908882073,0
18.870227479386514,0
18.87014298458338,0
18.869991002584996,0
18.798826560547283,0
18.798596800058775,0
18.79850890910319,0
18.79835006355178,0
18.613179906504968,0
18.871844554630187,0
18.870614010975245,0
18.870529542286434,0
18.870377613867504,0
18.871776473847092,0
18.870545934822104,0
18.87046146605607,0
18.87030953783676,0
18.870157596384544,0
18.869938168914402,0
18.86985367378263,0
18.869701692632574,0
18.798538459424975,0
18.798308700964668,0
18.79822080968104,0
18.79806196497961,0
18.87157222299686,0
18.87034169786169,0
18.870257228863778,0
18.87010530124323,0
18.869953360389985,0
18.869733934348986,0
18.86964943898532,0
18.869497458434097,0
18.79833507851474,0
18.798105321485522,0
18.798017429970315,0
18.797858585868966,0
18.612614178356438,0
18.612676608313677,0
18.871333914221864,0
18.870103405291303,0
18.870018936022888,0
18.869867009100815,0
18.869715068946093,0
18.86949564457288,0
18.869411148938582,0
18.86925916908602,0
18.79809778466459,0
18.797868029305377,0
18.79778013752008,0
18.797621294118812,0
33.897092307857434,0
33.89698602831814,0
34.18592202580547,0
34.184550723452475,0
34.18445750264246,0
34.18428905117918,0
34.18412058471168,0
34.183876857469784,0
34.18378360676482,0
34.18361509528549,0
33.89691504866511,0
33.896808768907135,0
34.18574199381928,0
34.184370704588275,0
34.1842774835597,0
34.18410903266289,0
34.183940566761606,0
34.18369684087071,0
34.183603589947296,0
34.183435079034325,0
34.10404219432715,0
34.10378675437778,0
34.10368965261253,0
34.103513359271005,0
33.896666868927355,0
27.59980202039425,0
27.87947981280047,0
27.87814912819563,0
27.878058061443795,0
27.87789402909678,0
27.87772998250381,0
27.877492941712745,0
27.87740184657993,0
27.877237757249205,0
27.80027497478278,0
27.800026810091808,0
27.79993205873879,0
27.799760579369092,0
27.59957000653023,0
27.877566973109126,0
27.877329933496398,0
27.87723883818481,0
27.877074749353852,0
27.800112663866145,0
27.799864500354715,0
27.799769748823067,0
27.79959826995386,0
27.879099417127478,0
27.877768759022516,0
27.877677691853407,0
27.877513660672633,0
27.799968381015745,0
27.799720218552977,0
27.799625466862395,0
27.799453988438046,0
27.59926657947122,0
27.878936377549522,0
27.877605730801463,0
27.877514663453567,0
27.877350632772547,0
27.8771865878453,0
27.87694955098216,0
27.8768584552532,0
27.8766943675883,0
27.878791447001987,0
27.877460810349007,0
27.87736974284229,0
27.87720571260526,0
27.877041668122402,0
27.87680463230663,0
27.876713536418677,0
27.87654944919801,0
27.799589609515948,0
27.799341449804984,0
27.799246697697924,0
27.799075220441168,0
27.598891719766527,0
26.132723067538905,0
26.131411542653737,0
26.13132171733679,0
26.131159981090462,0
26.130998230794958,0
26.130764541363177,0
26.130674688056487,0
26.130512895613577,0
26.05466132930566,0
26.054416669985585,0
26.054323210971646,0
26.054154130751726,0
25.856845051903846,0
25.856742999301787,0
26.130818977974542,0
26.13058528982893,0
26.13049543632465,0
26.13033364442606,0
26.054482840208138,0
26.05423818217561,0
26.054144722964082,0
26.053975643289476,0
26.132328669656374,0
26.13101717208545,0
26.13092734633345,0
26.130765611284644,0
25.856597731088442,0
26.132239027431567,0
26.130927536068327,0
26.13083771021752,0
26.130675975440866,0
26.13051422661492,0
26.130280540655974,0
26.13019068681571,0
26.130028895842443,0
26.054179387171104,0
26.05393473132753,0
26.0538412717806,0
26.05367219303257,0
25.856368059541154,0
31.67287739334401,0
31.67150715382354,0
31.671413551855295,0
31.67124480524248,0
31.67107604395335,0
31.670832108550684,0
31.670738477344713,0
31.670569672025636,0
31.591307792391092,0
31.591052396220647,0
31.59095499826074,0
31.59077857920255,0
31.384600680807353,0
31.672637280097717,0
31.671267057544327,0
31.671173455313948,0
31.67100470945269,0
31.67083594891497,0
31.670592015277208,0
31.670498383809246,0
31.670329579241667,0
31.591068740494137,0
31.590813346090158,0
31.590715947868375,0
31.590539529562506,0
31.38436413215919,0
31.6723971502702,0
31.671026944683746,0
31.670933342191404,0
31.670764597081586,0
31.670595837295224,0
31.670351905422393,0
31.670258273692582,0
31.670089469876416,0
31.590829672011125,0
31.590574279373357,0
31.59047688088981,0
31.590300463336263,0
31.38412756691565,0
31.38393300931739,0
26.129635673699,0
26.129401994042595,0
26.12931213923369,0
26.129150350927304,0
26.131216940035827,0
26.12990551944023,0
26.129815692462714,0
26.129653960788218,0
26.053233153350504,0
26.052988504331182,0
26.05289504373816,0
26.052725967879482,0
25.8554315418329,0
25.85524510261608,0
26.13103759498034,0
26.12972618679997,0
26.129636359624882,0
26.129474628494805,0
26.12931288331535,0
26.129079205974207,0
26.128989350809533,0
26.128827563482872,0
26.052983160712955,0
26.05273851349662,0
26.052645052627213,0
26.05247597753143,0
25.855184115691827,0
25.854997677240945,0
26.130786496117494,0
26.12947510531822,0
26.12938527786602,0
26.12922354749807,0
26.129061803080745,0
26.128828127540174,0
26.1287382720987,0
26.12857648553404,0
26.052733149653903,0
26.05248850423999,0
26.052395043094407,0
26.052225968761647,0
25.854936671119233,0
25.854750233433975,0
30.489246700509725,0
30.489013318960403,0
30.48892407478911,0
30.48876274000287,0
30.49083459101415,0
30.489521162038727,0
30.48943194681523,0
30.48927067091647,0
30.412612950549388,0
30.412368160237236,0
30.412275164366406,0
30.41210624936967,0
30.213631960563376,0
30.213530022655675,0
30.213428081108603,0
30.49064575096172,0
30.48933233576841,0
30.489243120294446,0
30.489081844970897,0
30.488920555029722,0
30.48868717589967,0
30.488597931295743,0
30.48843659750281,0
30.412356622536166,0
30.412111834134365,0
30.41201883792219,0
30.411849923710022,0
26.12839814523717,0
26.128164474455545,0
26.128074618282653,0
26.127912833731827,0
26.05207231746259,0
26.05182767681292,0
26.05173421493653,0
26.051565142620973,0
25.854282621737198,0
25.854096186075765,0
26.12987162309163,0
26.12856029560882,0
26.128470467148716,0
26.128308739556175,0
26.128146997914698,0
26.12791332893373,0
26.12782347248411,0
26.127661688695127,0
26.129728091423146,0
26.128416773872118,0
26.12832694525389,0
26.128165218096782,0
26.051750785007712,0
26.05150614667579,0
26.0514126844443,0
26.05124361310999,0
25.85396438900274,0
25.853777954325864,0
25.853929027929,0
25.853742593361474,0
26.12785994985306,0
26.127626282929867,0
26.127536426163957,0
26.12737464324576,0
26.051536413120402,0
26.051291776333414,0
26.051198313865058,0
26.05102924318477,0
26.129369235942917,0
26.12805794322159,0
26.127968114207945,0
26.12780638813929,0
16.78121649993203,0
16.781001244560812,0
16.780918305580002,0
16.780769188906362,0
16.782670136786138,0
16.78146338291019,0
16.781380469675568,0
16.781231405384787,0
16.710915795755497,0
16.71069039310356,0
16.710604118002507,0
16.710448259647734,0
16.528840802154335,0
16.52874657614727,0
16.528652346905474,0
34.53266857556923,0
34.53127535801849,0
34.531180400608804,0
34.531009025532796,0
34.53083763544416,0
34.53058979754664,0
34.53049481022933,0
34.530323375103364,0
34.44970715452092,0
34.44944759375065,0
34.449348753438585,0
34.44916953040061,0
34.23937554998281,0
34.23926752651849,0
34.239159499319584,0
34.532390279626185,0
34.530997082064545,0
34.530902124343896,0
34.53073075015104,0
34.530559360945716,0
34.530311525125285,0
34.530216537497324,0
34.53004510325434,0
34.449430109008546,0
34.44917055031655,0
34.44907170969367,0
34.448892487539666,0
34.23910145304464,0
34.238993429269755,0
34.23888540175997,0
32.66857031420861,0
32.66722496685966,0
32.667133533638264,0
32.66696829189229,0
32.66680303529722,0
32.66656394037028,0
32.66647247756015,0
32.6663071764182,0
32.58839723703761,0
32.58814655050651,0
32.588051276629045,0
32.587878274172624,0
32.384761147318954,0
32.384656789810066,0
32.38455242860505,0
32.668305746615914,0
32.666960418556016,0
32.666868984999326,0
32.66670374407235,0
32.666538488296396,0
32.66629939534303,0
32.66620793219761,0
32.66604263187472,0
32.58813387789121,0
32.58788319333425,0
32.587787919121524,0
32.58761491748439,0
32.384500637615986,0
32.38439627977178,0
32.3842919182313,0
32.66804115667878,0
32.66669584790773,0
32.66660441401558,0
32.66643917390783,0
32.66627391895091,0
32.66603482797092,0
32.66594336449026,0
32.66577806498648,0
32.58787049639369,0
32.5876198138109,0
32.58752453926266,0
32.58735153844506,0
32.384240105549935,0
32.38413574737015,0
32.384031385494154,0
32.6660798872297,0
32.66584079769686,0
32.66574933397018,0
32.6655840350671,0
34.53120262995492,0
34.52980951767839,0
34.52971455863127,0
34.5295431882065,0
34.529371802769276,0
34.52912397581204,0
34.529028986857384,0
34.528857556382604,0
34.448247794430046,0
34.44798824460625,0
34.4478894026571,0
34.447710184273944,0
34.2379317189056,0
34.237823693805296,0
34.237715664970324,0
34.52916764981961,0
34.528919824385525,0
34.5288248352029,0
34.52865340537579,0
34.53084996734509,0
34.529456880387215,0
34.529361920946116,0
34.529190551640056,0
34.447970629984354,0
34.44771108223901,0
34.44761223997915,0
34.44743302247974,0
34.23765750296667,0
34.2375494775558,0
34.23744144841021,0
34.5306457777003,0
34.52925270540041,0
34.52915774573137,0
34.528986377072954,0
34.52881499340205,0
34.52856717059922,0
34.52847218102269,0
34.52830075231441,0
34.44769344295679,0
34.4474338972899,0
34.44733505471896,0
34.44715583810361,0
34.23738326443302,0
34.237275238711504,0
34.23716720925529,0
32.66691198856239,0
32.665566762088645,0
32.66547532676617,0
32.66531009015307,0
32.665144838690765,0
32.66490575613068,0
32.664814291219386,0
32.66464899521009,0
32.58674648421217,0
32.58649581005224,0
32.58640053407322,0
32.586227536751466,0
32.38312825080675,0
32.383023891195506,0
32.38291952788808,0
32.38307612262676,0
32.382971762948614,0
32.382867399574195,0
32.66489779816163,0
32.66465871744333,0
32.664567252219115,0
32.66440195697433,0
32.586500552309474,0
32.58624987999204,0
32.58615460370012,0
32.58598160714334,0
32.66645314782551,0
32.665107954784446,0
32.665016518880776,0
32.66485128368731,0
32.66638255098448,0
32.66503736308721,0
32.66494592709395,0
32.66478069211877,0
32.664615442294746,0
32.66437636368133,0
32.66428489809934,0
32.66411960372835,0
32.58621946343743,0
32.58596879322562,0
32.58587351657607,0
32.585700520893084,0
32.382606928755365,0
32.38250256847337,0
32.38239820449513,0
32.6644213078892,0
32.66418223072287,0
32.66409076489501,0
32.66392547112466,0
32.666047194291565,0
32.664702030825396,0
32.664610594407606,0
32.66444536046993,0
31.6665365451596,0
31.6651667532756,0
31.665073144394228,0
31.664904417606948,0
31.66473567614304,0
31.66449178730423,0
31.664398149185445,0
31.66422936369193,0
31.584994945816675,0
31.58473959624797,0
31.58464219138105,0
31.584465792170136,0
31.378353878382427,0
31.37815933917011,0
31.37831742000236,0
31.378122880906318,0
31.666240480391707,0
31.664870709387372,0
31.6647771001837,0
31.664608374320977,0
31.664439633781853,0
31.664195747115087,0
31.66410210867369,0
31.66393332410479,0
31.584700187160962,0
31.584444839765894,0
31.58434743457687,0
31.584171036291764,0
31.378062200345653,0
31.37786766206139,0
32.663750569306785,0
32.663511497139496,0
32.663420030462476,0
32.66325473876671,0
32.665376373357674,0
32.664031258753965,0
32.66393982148671,0
32.6637745896239,0
32.58528817491427,0
32.5850375116772,0
32.58494223384287,0
32.584769241054914,0
32.38168570785882,0
32.38149436538313,0
32.381650939339806,0
32.38145959697337,0
32.66516450537651,0
32.66381940620278,0
32.66372796866733,0
32.663562737459756,0
32.66339749140312,0
32.66315842186691,0
32.6630669547427,0
32.662901664139184,0
32.58500697637649,0
32.584756315245414,0
32.584661037052996,0
32.584488045139096,0
32.66325624911951,0
32.66301718063565,0
32.662925713332555,0
32.66276042316585,0
32.58486636757178,0
32.584615707493185,0
32.58452042912211,0
32.58434743764528,0
32.66481136029748,0
32.66346628684033,0
32.66337484885781,0
32.663209618742115,0
32.3811989124151,0
32.38100757146981,0
30.20820118985023,0
32.381146751138914,0
32.664670091143705,0
32.66332502797323,0
32.66323358981191,0
32.66306836013314,0
32.66290311560522,0
32.66266404975241,0
32.66257258200238,0
32.662407292927526,0
32.58451481774628,0
32.58426416029977,0
32.5841688814815,0
32.5839958910972,0
32.664458175496975,0
32.66311312775622,0
32.66302168932668,0
32.662856460302834,0
32.66269121643012,0
32.66245215215599,0
32.662360684137724,0
32.6621953957181,0
32.58430386877902,0
32.58405321291178,0
32.58395793382533,0
32.58378494409635,0
32.3807120390519,0
32.66253228266464,0
32.66229321957451,0
32.662201751355155,0
32.66203646342689,0
32.5841456476667,0
32.58389499298377,0
32.58379971369624,0
32.58362672445881,0
32.66408728870647,0
32.66274226796739,0
32.66265082906855,0
32.662485601191406,0
32.380485964218366,0
30.48283749310518,0
30.482604159043035,0
30.482514906382093,0
30.482353591094537,0
30.406300892193144,0
30.406056148874782,0
30.4059631446041,0
30.405794248904314,0
30.48435578032162,0
30.483042823664732,0
30.482953599860934,0
30.48279234366973,0
30.484286965106335,0
30.482974013460577,0
30.48288478956549,0
30.48272353358344,0
30.482562262983947,0
30.4823289309586,0
30.482239677933464,0
30.482078363482344,0
30.406026897315698,0
30.40578215603479,0
30.405689151399756,0
30.405520256536775,0
20.379380312654675,0
20.37813345621204,0
20.378047841647046,0
20.37789387461828,0
20.377739894186533,0
20.377517534383003,0
20.377431893113254,0
20.377277872471836,0
20.3051731357576,0
20.304940311573432,0
20.304851230386404,0
20.304690257616116,0
20.117077685470093,0
20.379155752098328,0
20.37790891092652,0
20.377823296108815,0
20.377669329740897,0
20.37751534996964,0
20.377292991739935,0
20.37720735021749,0
20.37705333023689,0
20.304949531496277,0
20.304716708887867,0
20.304627627448838,0
20.304466655340477,0
20.11685633810987,0
20.304863525821062,0
20.304630703819015,0
20.304541622282883,0
20.304380650428982,0
20.378862073121212,0
20.37761525191847,0
20.37752963677073,0
20.37737567126655,0
20.377221692359242,0
20.376999336187524,0
20.37691369433493,0
20.37675967521804,0
20.304657103051866,0
20.304424282504513,0
20.304335200735807,0
20.304174229492943,0
20.11656686098594,0
31.663222889418307,0
31.661853331116646,0
31.661759718627792,0
31.661591002185048,0
31.66142227106593,0
31.6611784065245,0
31.661084764797863,0
31.66091598964917,0
31.581695901770047,0
31.581440576518673,0
31.581343168047283,0
31.581166779193182,0
31.375089297957516,0
31.662982110427578,0
31.66161256908947,0
31.66151895633851,0
31.661350240647096,0
31.661181510279278,0
31.660937647502323,0
31.66084400551378,0
31.6606752311163,0
31.58145618392666,0
31.581200860441584,0
31.581103451708344,0
31.58092706360634,0
31.37485208299043,0
31.662741314858636,0
31.661371790483685,0
31.66127817747062,0
31.661109462530675,0
31.660940732913843,0
31.660696871901536,0
31.660603229651002,0
31.660434456004708,0
31.581216449499976,0
31.580961127780796,0
31.580863718785878,0
31.580687331435826,0
31.374614851430294,0
20.37796360009375,0
20.376716839973042,0
20.376631223815068,0
20.37647726095331,0
20.376323284688226,0
20.37610093481146,0
20.376015291948576,0
20.37586127547405,0
20.303762455138425,0
20.303529640894183,0
20.303440558117344,0
20.30327958952236,0
20.115681240556526,0
16.77563459776769,0
16.774428318803785,0
16.774345397532073,0
16.774196353612908,0
16.7740472966957,0
16.773832091037107,0
16.773749143865828,0
16.773600047953337,0
16.703843200332685,0
16.703617846999848,0
16.703531563802372,0
16.70337572605885,0
16.52183910072206,0
20.37751427265927,0
20.376267543078924,0
20.37618192641594,0
20.376027964875234,0
20.37587398993145,0
20.375651643201977,0
20.37556599983418,0
20.375411984680696,0
20.303315040234608,0
20.303082229142333,0
20.302993145861393,0
20.302832178589895,0
20.115238339347428,0
29.267587812570923,0
29.266291761835646,0
29.26620368410842,0
29.266044501477595,0
29.265885304360765,0
29.26565497326547,0
29.265566866667854,0
29.265407626092184,0
29.190327502842223,0
29.19008586546893,0
29.189994040892657,0
29.18982728820906,0
28.993898795536694,0
29.2673670006819,0
29.266070966007106,0
29.265982887982048,0
29.26582370601571,0
29.26566450956308,0
29.2654341800946,0
29.265346073199268,0
29.2651868332879,0
29.19010769813667,0
29.189866062390664,0
29.189774237516588,0
29.189607485497703,0
28.993681366020112,0
29.157016772492412,0
29.26549465626445,0
29.26526432804728,0
29.26517622092267,0
29.265016981522635,0
29.189938606444187,0
29.18969697194987,0
29.189605146846716,0
29.18943839533908,0
29.156864876606733,0
28.993497374393826,0
26.118913554068385,0
26.11867995118915,0
26.11859008457921,0
26.118428328761013,0
26.042628045065925,0
26.042383472394462,0
26.04229000009701,0
26.042120956560183,0
26.009279157151354,0
25.844917405854645,0
26.118733668935093,0
26.118500067341927,0
26.1184102005342,0
26.11824844526018,0
26.04244892347282,0
26.04220435208869,0
26.042110879593878,0
26.041941836601865,0
26.009100355516424,0
25.844740116233325,0
26.118553774407516,0
26.118320174099907,0
26.118230307094763,0
26.11806855236476,0
26.042269792482287,0
26.042025222385817,0
26.041931749693617,0
26.04176270724649,0
26.0089215444834,0
25.84456281720962,0
29.189329796072897,0
29.189088166084858,0
29.18899634015689,0
29.188829590490144,0
28.992911868403283,0
29.264730196473423,0
29.264499873886976,0
29.264411765731552,0
29.264252528631346,0
29.156172807072025,0
29.264645244380816,0
29.264414922420073,0
29.26432681415001,0
29.264167577305344,0
29.189093002550223,0
29.188851374314694,0
29.18875954806593,0
29.188592799115,0
29.15602086755247,0
29.264492324507884,0
29.26426200367311,0
29.264173895196976,0
29.264014658812258,0
29.18894076810824,0
29.188699140999077,0
29.188607314544242,0
29.18844056605346,0
29.155868920178733,0
28.99251030990243,0
31.6324588648975,0
31.63221506729306,0
31.632121438001008,0
31.631952702542634,0
31.552761019285413,0
31.552505763301326,0
31.552408368026107,0
31.552232020408013,0
31.517921170167142,0
31.346207708771544,0
31.632273517573452,0
31.63202972132609,0
31.631936091832472,0
31.631767356951684,0
31.552576474003132,0
31.552321219376978,0
31.55222382390042,0
31.552047476860793,0
31.51773696095256,0
31.34602508729097,0
30.478344675223894,0
30.478111374384923,0
30.47802211578346,0
30.477860814137387,0
30.40182822333827,0
30.401583513255616,0
30.40149050304349,0
30.40132162099087,0
30.368338234830617,0
20.36148660817254,0
20.34641402897634,0
20.332317141730996,0
20.317966824236308,0
20.303431186619264,0
20.288641799380372,0
20.273666748997385,0
20.186778995087465,0
20.17143955225933,0
20.156057437729245,0
20.109279915498533,0
19.93770528594129,0
6.23251492499891,0
11.911367101961275,0
11.911292201958872,0
11.911338122134381,0
11.911263222085879,0
6.219475163143159,0
17.693529961222723,0
17.693446122979793,0
17.69349574468805,0
17.693411906407448,0
17.693461527804857,0
17.693377689486354,0
6.745542368126664,0
6.745471953603527,0
-10.885003882625753,1
-10.896351886487238,1
5.892741877311181,0
5.8925624819827505,0
5.89249466804948,0
5.892371045539576,0
5.893976167566308,0
5.892904935959436,0
5.892781361342159,0
5.807331500494342,0
5.807259344294252,0
5.807367853796549,0
5.807355920329883,0
7.742905195411083,0
7.741871713091001,0
7.7418028504062875,0
7.7416772055201335,0
7.741551548503438,0
7.741369084962727,0
7.7413001980787755,0
7.741174504670596,0
7.742808468839584,0
7.7417749939853024,0
7.741706131096549,0
7.741580486457622,0
7.741454829688166,0
7.741272366845479,0
7.7412034797576865,0
7.741077786596762,0
7.654616872190033,0
7.654482270511707,0
7.654531561372707,0
7.742675461245611,0
7.741641996656881,0
7.741573133487734,0
7.741447489188644,0
7.7413218327589846,0
7.741139370876482,0
7.7410704835082385,0
7.740944790687166,0
7.654484783461328,0
7.654411480045212,0
7.654338173595448,0
0.002117051325058128,0
0.001142848532026619,0
0.0010781346040005246,0
0.000959884504155184,0
0.0008416232006851487,0
0.0006698032597256542,0
0.0006050669825441446,0
0.0004867720680721277,0
-0.08108383466505131,1
0.0020163651633424706,0
0.0010421701980618536,0
0.0009774560596156334,0
0.0008592062224579422,0
0.0007409451814623935,0
0.0005691259758009437,0
0.0005043894884408928,0
0.00038609483645757336,0
-0.08118381953043752,1
0.0006850102918320999,0
0.0005131914947753557,0
0.00044845489048839227,0
0.0003301603843652856,0
0.0018709187421990237,0
0.000896735083571798,0
0.0008320206416101428,0
0.0007137711835554228,0
-0.08128381054538636,1
0.0005843227088320191,0
0.000412504647030687,0
0.0003477678325225497,0
0.00022947358893077308,0
0.0017702175516518537,0
0.0007960417208181525,0
0.0007313270684221607,0
0.0006130778728419273,0
-0.08138380771003995,1
0.001714269789161449,0
0.0007400983069771883,0
0.0006753835378248141,0
0.0005571344880337392,0
0.00043887423470323483,0
0.0002670572349501299,0
0.0002023201165854971,0
8.402625211090253e-05,0
-0.08148381102418512,1
7.741998178042252,0
7.7409647657138265,0
7.740895901116772,0
7.740770258547855,0
7.740644603848409,0
7.740575724114052,0
7.740450051234248,0
7.74038116241239,0
7.740255471352384,0
7.653677578466784,0
7.740572028375453,0
7.740503148488173,0
7.740377475793821,0
7.740308586818983,0
7.740182895944287,0
7.7418167192900285,0
7.74078332095975,0
7.740714455980097,0
7.7405888138746235,0
7.653557443639372,0
7.741756228944567,0
7.740722835280451,0
7.74065397017327,0
7.7405283282222825,0
7.740402674140768,0
7.7403337938962835,0
7.74020812163441,0
7.740139232302681,0
7.740013541860506,0
7.653437300620581,0
7.741635242111684,0
7.740601857779623,0
7.740532992417542,0
7.740407350775499,0
7.740281697002899,0
7.7402128165034725,0
7.740087144550628,0
7.7400182549637435,0
7.739892564830626,0
-5.350809142612434e-05,1
-0.00011823786874742837,1
-0.0002365136296731407,1
-0.00030125179956996817,1
-0.0004195443515158104,1
0.0011211068441951966,0
0.000146981458115647,0
8.226545041623012e-05,0
-3.5982053461225405e-05,0
-0.08202838139497715,1
0.0010651370698866458,0
9.10160325418019e-05,0
2.6299908043370124e-05,0
-9.194744995966175e-05,1
-0.00021020601168686426,1
-0.00027493611601414614,1
-0.0003932114687899002,1
-0.00045794996572112723,1
-0.00057624210933227,1
-0.08213954060174444,1
-0.0002773668173858823,1
-0.00034209706190324596,1
-0.0004603722396154808,1
-0.0005251108768362656,1
-0.0006434028454265217,1
0.0008972163618921059,0
-7.689162958968154e-05,1
-0.00014160810461305573,1
-0.0002598550251349252,1
-0.0003781131492530676,1
-0.0004428436041621353,1
-0.000561118519357251,1
-0.0006258573668702638,1
-0.0007441490729434008,1
-0.08230629364689435,1
5.301183690794318,0
5.300167287577608,0
5.30009967088759,0
5.299976204328075,0
5.299852725934443,0
5.299785094477116,0
5.299661598347285,0
5.299593958024616,0
5.29947044415853,0
5.214334650844549,0
5.30106592089939,0
5.300049526813666,0
5.299981909875257,0
5.299858443619044,0
5.2997349655286,0
5.299667333822882,0
5.299543837996197,0
5.299476197425008,0
5.299352683862338,0
5.214217698460573,0
0.007242719948891363,0
0.006268582617479979,0
0.0062038616875241814,0
0.0060856088456944235,0
5.299617197120995,0
5.299549565166743,0
5.2994260696433315,0
5.299358428823595,0
5.299234915564071,0
5.300842136054129,0
5.299825759317116,0
5.299758141906565,0
5.299634676226461,0
5.214053951676448,0
5.299499420711271,0
5.2994317885085565,0
5.299308293288476,0
5.299240652220348,0
5.299117139264084,0
-4.399864386887273,1
-4.400789576375544,1
-4.400851460537737,1
-4.400964162589432,1
-4.47882280306824,1
-4.478833802995524,1
-4.399930838955655,1
-4.4008560234218095,1
-4.400917907714657,1
-4.401030609593974,1
-4.4788888037168135,1
5.108904505366752,0
5.107896097586263,0
5.107828741988811,0
5.107705991502712,0
5.022794955789337,0
5.108844652001068,0
5.107836248787876,0
5.1077688930672736,0
5.107646142734154,0
5.022735513270476,0
5.1087847966406486,0
5.107776397994783,0
5.107709042151228,0
5.107586291970819,0
5.022676068756212,0
7.495604373915256,0
7.494574544829561,0
7.4945058423679995,0
7.4943805632584315,0
7.407651523581478,0
7.495543693874055,0
7.494513869446948,0
7.494445166858412,0
7.4943198879036,0
7.407591262702709,0
7.4954830117909665,0
7.4944531920223625,0
7.494384489306981,0
7.494259210506627,0
7.407530999781557,0
5.300241307583548,0
5.299224977413687,0
5.299157358735954,0
5.299033894602658,0
5.213457312871284,0
5.300182391629036,0
5.2991660660245685,0
5.29909844722269,0
5.298974983240882,0
5.213398807665612,0
